journal_key,container_title,publication_year,records
african_american_history,The Journal of African American History,2002,39
african_american_history,The Journal of African American History,2003,50
african_american_history,The Journal of African American History,2004,67
african_american_history,The Journal of African American History,2005,68
african_american_history,The Journal of African American History,2006,102
african_american_history,The Journal of African American History,2007,100
african_american_history,The Journal of African American History,2008,104
african_american_history,The Journal of African American History,2009,109
african_american_history,The Journal of African American History,2010,77
african_american_history,The Journal of African American History,2011,99
african_american_history,The Journal of African American History,2012,87
african_american_history,The Journal of African American History,2013,106
african_american_history,The Journal of African American History,2014,91
african_american_history,The Journal of African American History,2015,120
african_american_history,The Journal of African American History,2016,78
african_american_history,The Journal of African American History,2017,104
african_american_history,The Journal of African American History,2018,90
african_american_history,The Journal of African American History,2019,133
african_american_history,The Journal of African American History,2020,139
african_american_history,The Journal of African American History,2021,125
african_american_history,The Journal of African American History,2022,118
african_american_history,The Journal of African American History,2023,118
african_american_history,The Journal of African American History,2024,133
african_american_history,The Journal of African American History,2025,105
african_american_history,The Journal of African American History,2026,50
african_history,The Journal of African History,1960,65
african_history,The Journal of African History,1961,60
african_history,The Journal of African History,1962,95
african_history,The Journal of African History,1963,79
african_history,The Journal of African History,1964,80
african_history,The Journal of African History,1965,73
african_history,The Journal of African History,1966,74
african_history,The Journal of African History,1967,93
african_history,The Journal of African History,1968,92
african_history,The Journal of African History,1969,95
african_history,The Journal of African History,1970,92
african_history,The Journal of African History,1971,99
african_history,The Journal of African History,1972,95
african_history,The Journal of African History,1973,106
african_history,The Journal of African History,1974,114
african_history,The Journal of African History,1975,84
african_history,The Journal of African History,1976,97
african_history,The Journal of African History,1977,98
african_history,The Journal of African History,1978,119
african_history,The Journal of African History,1979,117
african_history,The Journal of African History,1980,115
african_history,The Journal of African History,1981,123
african_history,The Journal of African History,1982,125
african_history,The Journal of African History,1983,120
african_history,The Journal of African History,1984,111
african_history,The Journal of African History,1985,111
african_history,The Journal of African History,1986,86
african_history,The Journal of African History,1987,113
african_history,The Journal of African History,1988,120
african_history,The Journal of African History,1989,95
african_history,The Journal of African History,1990,97
african_history,The Journal of African History,1991,94
african_history,The Journal of African History,1992,115
african_history,The Journal of African History,1993,112
african_history,The Journal of African History,1994,101
african_history,The Journal of African History,1995,101
african_history,The Journal of African History,1996,117
african_history,The Journal of African History,1997,132
african_history,The Journal of African History,1998,79
african_history,The Journal of African History,1999,134
african_history,The Journal of African History,2000,107
african_history,The Journal of African History,2001,124
african_history,The Journal of African History,2002,125
african_history,The Journal of African History,2003,114
african_history,The Journal of African History,2004,122
african_history,The Journal of African History,2005,113
african_history,The Journal of African History,2006,97
african_history,The Journal of African History,2007,73
african_history,The Journal of African History,2008,77
african_history,The Journal of African History,2009,80
african_history,The Journal of African History,2010,69
african_history,The Journal of African History,2011,60
african_history,The Journal of African History,2012,66
african_history,The Journal of African History,2013,78
african_history,The Journal of African History,2014,81
african_history,The Journal of African History,2015,76
african_history,The Journal of African History,2016,86
african_history,The Journal of African History,2017,103
african_history,The Journal of African History,2018,112
african_history,The Journal of African History,2019,97
african_history,The Journal of African History,2020,77
african_history,The Journal of African History,2021,73
african_history,The Journal of African History,2022,75
african_history,The Journal of African History,2023,70
african_history,The Journal of African History,2024,57
african_history,The Journal of African History,2025,29
african_history,The Journal of African History,2026,25
ahr,American Historical Review,2019,41
ahr,American Historical Review,2020,131
ahr,American Historical Review,2021,2
ahr,The American Historical Review,1895,71
ahr,The American Historical Review,1896,255
ahr,The American Historical Review,1897,249
ahr,The American Historical Review,1898,260
ahr,The American Historical Review,1899,321
ahr,The American Historical Review,1900,199
ahr,The American Historical Review,1901,339
ahr,The American Historical Review,1902,314
ahr,The American Historical Review,1903,306
ahr,The American Historical Review,1904,320
ahr,The American Historical Review,1905,326
ahr,The American Historical Review,1906,351
ahr,The American Historical Review,1907,337
ahr,The American Historical Review,1908,343
ahr,The American Historical Review,1909,291
ahr,The American Historical Review,1910,335
ahr,The American Historical Review,1911,328
ahr,The American Historical Review,1912,286
ahr,The American Historical Review,1913,256
ahr,The American Historical Review,1914,359
ahr,The American Historical Review,1915,272
ahr,The American Historical Review,1916,306
ahr,The American Historical Review,1917,367
ahr,The American Historical Review,1918,318
ahr,The American Historical Review,1919,269
ahr,The American Historical Review,1920,276
ahr,The American Historical Review,1921,335
ahr,The American Historical Review,1922,326
ahr,The American Historical Review,1923,301
ahr,The American Historical Review,1924,342
ahr,The American Historical Review,1925,318
ahr,The American Historical Review,1926,339
ahr,The American Historical Review,1927,422
ahr,The American Historical Review,1928,371
ahr,The American Historical Review,1929,400
ahr,The American Historical Review,1930,428
ahr,The American Historical Review,1931,405
ahr,The American Historical Review,1932,364
ahr,The American Historical Review,1933,363
ahr,The American Historical Review,1934,347
ahr,The American Historical Review,1935,327
ahr,The American Historical Review,1936,347
ahr,The American Historical Review,1937,570
ahr,The American Historical Review,1938,591
ahr,The American Historical Review,1939,607
ahr,The American Historical Review,1940,624
ahr,The American Historical Review,1941,655
ahr,The American Historical Review,1942,677
ahr,The American Historical Review,1943,596
ahr,The American Historical Review,1944,499
ahr,The American Historical Review,1945,436
ahr,The American Historical Review,1946,381
ahr,The American Historical Review,1947,364
ahr,The American Historical Review,1948,459
ahr,The American Historical Review,1949,495
ahr,The American Historical Review,1950,539
ahr,The American Historical Review,1951,523
ahr,The American Historical Review,1952,502
ahr,The American Historical Review,1953,556
ahr,The American Historical Review,1954,519
ahr,The American Historical Review,1955,496
ahr,The American Historical Review,1956,537
ahr,The American Historical Review,1957,504
ahr,The American Historical Review,1958,553
ahr,The American Historical Review,1959,519
ahr,The American Historical Review,1960,561
ahr,The American Historical Review,1961,593
ahr,The American Historical Review,1962,603
ahr,The American Historical Review,1963,639
ahr,The American Historical Review,1964,694
ahr,The American Historical Review,1965,870
ahr,The American Historical Review,1966,1995
ahr,The American Historical Review,1967,2383
ahr,The American Historical Review,1968,2420
ahr,The American Historical Review,1969,1819
ahr,The American Historical Review,1970,1531
ahr,The American Historical Review,1971,1530
ahr,The American Historical Review,1972,1645
ahr,The American Historical Review,1973,1542
ahr,The American Historical Review,1974,1955
ahr,The American Historical Review,1975,2094
ahr,The American Historical Review,1976,2732
ahr,The American Historical Review,1977,2792
ahr,The American Historical Review,1978,2392
ahr,The American Historical Review,1979,2688
ahr,The American Historical Review,1980,2231
ahr,The American Historical Review,1981,1974
ahr,The American Historical Review,1982,2213
ahr,The American Historical Review,1983,2014
ahr,The American Historical Review,1984,2114
ahr,The American Historical Review,1985,2113
ahr,The American Historical Review,1986,2096
ahr,The American Historical Review,1987,2094
ahr,The American Historical Review,1988,2111
ahr,The American Historical Review,1989,2313
ahr,The American Historical Review,1990,2672
ahr,The American Historical Review,1991,2601
ahr,The American Historical Review,1992,2298
ahr,The American Historical Review,1993,2264
ahr,The American Historical Review,1994,2306
ahr,The American Historical Review,1995,2232
ahr,The American Historical Review,1996,2210
ahr,The American Historical Review,1997,2209
ahr,The American Historical Review,1998,2105
ahr,The American Historical Review,1999,2055
ahr,The American Historical Review,2000,2018
ahr,The American Historical Review,2001,2140
ahr,The American Historical Review,2002,1933
ahr,The American Historical Review,2003,1881
ahr,The American Historical Review,2004,1966
ahr,The American Historical Review,2005,1632
ahr,The American Historical Review,2006,1290
ahr,The American Historical Review,2007,1186
ahr,The American Historical Review,2008,1268
ahr,The American Historical Review,2009,1079
ahr,The American Historical Review,2010,994
ahr,The American Historical Review,2011,1041
ahr,The American Historical Review,2012,1101
ahr,The American Historical Review,2013,995
ahr,The American Historical Review,2014,1143
ahr,The American Historical Review,2015,1137
ahr,The American Historical Review,2016,1034
ahr,The American Historical Review,2017,989
ahr,The American Historical Review,2018,930
ahr,The American Historical Review,2019,899
ahr,The American Historical Review,2020,963
ahr,The American Historical Review,2021,615
ahr,The American Historical Review,2022,494
ahr,The American Historical Review,2023,496
ahr,The American Historical Review,2024,576
ahr,The American Historical Review,2025,777
ahr,The American Historical Review,2026,531
american_history,Journal of American History,1914,3
american_history,Journal of American History,1915,5
american_history,Journal of American History,1916,7
american_history,Journal of American History,1917,8
american_history,Journal of American History,1918,5
american_history,Journal of American History,1919,6
american_history,Journal of American History,1920,5
american_history,Journal of American History,1921,5
american_history,Journal of American History,1922,5
american_history,Journal of American History,1923,6
american_history,Journal of American History,1924,8
american_history,Journal of American History,1925,8
american_history,Journal of American History,1926,8
american_history,Journal of American History,1927,12
american_history,Journal of American History,1928,9
american_history,Journal of American History,1929,13
american_history,Journal of American History,1930,7
american_history,Journal of American History,1931,33
american_history,Journal of American History,1932,8
american_history,Journal of American History,1933,10
american_history,Journal of American History,1934,14
american_history,Journal of American History,1935,10
american_history,Journal of American History,1936,8
american_history,Journal of American History,1937,5
american_history,Journal of American History,1938,13
american_history,Journal of American History,1939,15
american_history,Journal of American History,1940,16
american_history,Journal of American History,1941,67
american_history,Journal of American History,1942,79
american_history,Journal of American History,1943,161
american_history,Journal of American History,1944,30
american_history,Journal of American History,1945,60
american_history,Journal of American History,1946,65
american_history,Journal of American History,1947,8
american_history,Journal of American History,1948,10
american_history,Journal of American History,1949,7
american_history,Journal of American History,1950,7
american_history,Journal of American History,1951,8
american_history,Journal of American History,1952,8
american_history,Journal of American History,1953,9
american_history,Journal of American History,1954,10
american_history,Journal of American History,1955,8
american_history,Journal of American History,1956,8
american_history,Journal of American History,1957,8
american_history,Journal of American History,1958,9
american_history,Journal of American History,1959,10
american_history,Journal of American History,1960,10
american_history,Journal of American History,1961,11
american_history,Journal of American History,1962,42
american_history,Journal of American History,1963,8
american_history,Journal of American History,1964,13
american_history,Journal of American History,1965,13
american_history,Journal of American History,1966,9
american_history,Journal of American History,1967,13
american_history,Journal of American History,1968,9
american_history,Journal of American History,1969,16
american_history,Journal of American History,1970,16
american_history,Journal of American History,1971,22
american_history,Journal of American History,1972,18
american_history,Journal of American History,1973,22
american_history,Journal of American History,1974,10
american_history,Journal of American History,1975,16
american_history,Journal of American History,1976,15
american_history,Journal of American History,1977,18
american_history,Journal of American History,1978,23
american_history,Journal of American History,1979,16
american_history,Journal of American History,1980,17
american_history,Journal of American History,1981,15
american_history,Journal of American History,1982,16
american_history,Journal of American History,1983,17
american_history,Journal of American History,1984,17
american_history,Journal of American History,1985,17
american_history,Journal of American History,1986,17
american_history,Journal of American History,1987,19
american_history,Journal of American History,1988,13
american_history,Journal of American History,1989,23
american_history,Journal of American History,1990,17
american_history,Journal of American History,1991,15
american_history,Journal of American History,1992,15
american_history,Journal of American History,1993,15
american_history,Journal of American History,1994,15
american_history,Journal of American History,1995,17
american_history,Journal of American History,1996,26
american_history,Journal of American History,1997,19
american_history,Journal of American History,1998,16
american_history,Journal of American History,1999,19
american_history,Journal of American History,2000,16
american_history,Journal of American History,2001,22
american_history,Journal of American History,2002,14
american_history,Journal of American History,2003,710
american_history,Journal of American History,2004,725
american_history,Journal of American History,2005,715
american_history,Journal of American History,2006,723
american_history,Journal of American History,2007,722
american_history,Journal of American History,2008,642
american_history,Journal of American History,2009,523
american_history,Journal of American History,2010,676
american_history,Journal of American History,2011,654
american_history,Journal of American History,2012,623
american_history,Journal of American History,2013,706
american_history,Journal of American History,2014,683
american_history,Journal of American History,2015,657
american_history,Journal of American History,2016,664
american_history,Journal of American History,2017,556
american_history,Journal of American History,2018,573
american_history,Journal of American History,2019,674
american_history,Journal of American History,2020,613
american_history,Journal of American History,2021,456
american_history,Journal of American History,2022,345
american_history,Journal of American History,2023,338
american_history,Journal of American History,2024,352
american_history,Journal of American History,2025,343
american_history,Journal of American History,2026,178
american_history,The Journal of American History,1964,128
american_history,The Journal of American History,1965,259
american_history,The Journal of American History,1966,228
american_history,The Journal of American History,1967,411
american_history,The Journal of American History,1968,321
american_history,The Journal of American History,1969,324
american_history,The Journal of American History,1970,366
american_history,The Journal of American History,1971,323
american_history,The Journal of American History,1972,388
american_history,The Journal of American History,1973,355
american_history,The Journal of American History,1974,408
american_history,The Journal of American History,1975,413
american_history,The Journal of American History,1976,435
american_history,The Journal of American History,1977,422
american_history,The Journal of American History,1978,444
american_history,The Journal of American History,1979,474
american_history,The Journal of American History,1980,411
american_history,The Journal of American History,1981,406
american_history,The Journal of American History,1982,421
american_history,The Journal of American History,1983,439
american_history,The Journal of American History,1984,320
american_history,The Journal of American History,1985,386
american_history,The Journal of American History,1986,478
american_history,The Journal of American History,1987,500
american_history,The Journal of American History,1988,649
american_history,The Journal of American History,1989,622
american_history,The Journal of American History,1990,676
american_history,The Journal of American History,1991,722
american_history,The Journal of American History,1992,716
american_history,The Journal of American History,1993,706
american_history,The Journal of American History,1994,820
american_history,The Journal of American History,1995,953
american_history,The Journal of American History,1996,677
american_history,The Journal of American History,1997,689
american_history,The Journal of American History,1998,670
american_history,The Journal of American History,1999,653
american_history,The Journal of American History,2000,675
american_history,The Journal of American History,2001,730
american_history,The Journal of American History,2002,710
american_history,The Journal of American History,2009,179
annales_1929,Annales d'histoire économique et sociale,1929,1
annales_1929,Annales d’histoire économique et sociale,1929,38
annales_1929,Annales d’histoire économique et sociale,1930,55
annales_1929,Annales d’histoire économique et sociale,1931,59
annales_1929,Annales d’histoire économique et sociale,1932,54
annales_1939,Annales d'histoire sociale,1939,18
annales_1939,Annales d'histoire sociale,1940,18
annales_1939,Annales d'histoire sociale,1941,15
annales_1942,Mélanges d’histoire sociale,1943,28
annales_1942,Mélanges d’histoire sociale,1944,26
annales_1945,Annales d'histoire sociale,1945,24
annales_english,Annales (English ed.),2012,35
annales_english,Annales (English ed.),2013,36
annales_english,Annales (English ed.),2014,18
annales_english,Annales (English ed.),2015,31
annales_english,"Annales. Histoire, Sciences Sociales",2016,18
annales_english,"Annales. Histoire, Sciences Sociales",2017,39
annales_english,"Annales. Histoire, Sciences Sociales",2018,41
annales_english,"Annales. Histoire, Sciences Sociales",2019,19
annales_english,"Annales. Histoire, Sciences Sociales",2023,2
annales_english,"Annales. Histoire, Sciences Sociales",2024,4
annales_english,"Annales. Histoire, Sciences Sociales",2025,6
annales_english,"Annales. Histoire, Sciences Sociales (English edition)",2016,18
annales_french,"Annales. Economies, sociétés, civilisations",1962,1
annales_french,"Annales. Economies, sociétés, civilisations",1993,1
annales_french,"Annales. Histoire, Sciences Sociales",1946,91
annales_french,"Annales. Histoire, Sciences Sociales",1947,123
annales_french,"Annales. Histoire, Sciences Sociales",1948,154
annales_french,"Annales. Histoire, Sciences Sociales",1949,185
annales_french,"Annales. Histoire, Sciences Sociales",1950,235
annales_french,"Annales. Histoire, Sciences Sociales",1951,253
annales_french,"Annales. Histoire, Sciences Sociales",1952,207
annales_french,"Annales. Histoire, Sciences Sociales",1953,200
annales_french,"Annales. Histoire, Sciences Sociales",1954,156
annales_french,"Annales. Histoire, Sciences Sociales",1955,222
annales_french,"Annales. Histoire, Sciences Sociales",1956,167
annales_french,"Annales. Histoire, Sciences Sociales",1957,134
annales_french,"Annales. Histoire, Sciences Sociales",1958,199
annales_french,"Annales. Histoire, Sciences Sociales",1959,185
annales_french,"Annales. Histoire, Sciences Sociales",1960,229
annales_french,"Annales. Histoire, Sciences Sociales",1961,225
annales_french,"Annales. Histoire, Sciences Sociales",1962,272
annales_french,"Annales. Histoire, Sciences Sociales",1963,190
annales_french,"Annales. Histoire, Sciences Sociales",1964,222
annales_french,"Annales. Histoire, Sciences Sociales",1965,216
annales_french,"Annales. Histoire, Sciences Sociales",1966,230
annales_french,"Annales. Histoire, Sciences Sociales",1967,189
annales_french,"Annales. Histoire, Sciences Sociales",1968,277
annales_french,"Annales. Histoire, Sciences Sociales",1969,236
annales_french,"Annales. Histoire, Sciences Sociales",1970,327
annales_french,"Annales. Histoire, Sciences Sociales",1971,194
annales_french,"Annales. Histoire, Sciences Sociales",1972,225
annales_french,"Annales. Histoire, Sciences Sociales",1973,311
annales_french,"Annales. Histoire, Sciences Sociales",1974,328
annales_french,"Annales. Histoire, Sciences Sociales",1975,208
annales_french,"Annales. Histoire, Sciences Sociales",1976,183
annales_french,"Annales. Histoire, Sciences Sociales",1977,219
annales_french,"Annales. Histoire, Sciences Sociales",1978,192
annales_french,"Annales. Histoire, Sciences Sociales",1979,211
annales_french,"Annales. Histoire, Sciences Sociales",1980,237
annales_french,"Annales. Histoire, Sciences Sociales",1981,199
annales_french,"Annales. Histoire, Sciences Sociales",1982,188
annales_french,"Annales. Histoire, Sciences Sociales",1983,246
annales_french,"Annales. Histoire, Sciences Sociales",1984,232
annales_french,"Annales. Histoire, Sciences Sociales",1985,255
annales_french,"Annales. Histoire, Sciences Sociales",1986,219
annales_french,"Annales. Histoire, Sciences Sociales",1987,243
annales_french,"Annales. Histoire, Sciences Sociales",1988,267
annales_french,"Annales. Histoire, Sciences Sociales",1989,324
annales_french,"Annales. Histoire, Sciences Sociales",1990,294
annales_french,"Annales. Histoire, Sciences Sociales",1991,317
annales_french,"Annales. Histoire, Sciences Sociales",1992,251
annales_french,"Annales. Histoire, Sciences Sociales",1993,261
annales_french,"Annales. Histoire, Sciences Sociales",1994,251
annales_french,"Annales. Histoire, Sciences Sociales",1995,246
annales_french,"Annales. Histoire, Sciences Sociales",1996,249
annales_french,"Annales. Histoire, Sciences Sociales",1997,237
annales_french,"Annales. Histoire, Sciences Sociales",1998,238
annales_french,"Annales. Histoire, Sciences Sociales",1999,309
annales_french,"Annales. Histoire, Sciences Sociales",2000,249
annales_french,"Annales. Histoire, Sciences Sociales",2001,308
annales_french,"Annales. Histoire, Sciences Sociales",2002,337
annales_french,"Annales. Histoire, Sciences Sociales",2003,286
annales_french,"Annales. Histoire, Sciences Sociales",2004,223
annales_french,"Annales. Histoire, Sciences Sociales",2005,266
annales_french,"Annales. Histoire, Sciences Sociales",2006,245
annales_french,"Annales. Histoire, Sciences Sociales",2007,304
annales_french,"Annales. Histoire, Sciences Sociales",2008,302
annales_french,"Annales. Histoire, Sciences Sociales",2009,274
annales_french,"Annales. Histoire, Sciences Sociales",2010,265
annales_french,"Annales. Histoire, Sciences Sociales",2011,206
annales_french,"Annales. Histoire, Sciences Sociales",2012,240
annales_french,"Annales. Histoire, Sciences Sociales",2013,223
annales_french,"Annales. Histoire, Sciences Sociales",2014,261
annales_french,"Annales. Histoire, Sciences Sociales",2015,214
annales_french,"Annales. Histoire, Sciences Sociales",2016,217
annales_french,"Annales. Histoire, Sciences Sociales",2017,225
annales_french,"Annales. Histoire, Sciences Sociales",2018,182
annales_french,"Annales. Histoire, Sciences Sociales",2019,152
annales_french,"Annales. Histoire, Sciences Sociales",2020,98
annales_french,"Annales. Histoire, Sciences Sociales",2021,147
annales_french,"Annales. Histoire, Sciences Sociales",2022,153
annales_french,"Annales. Histoire, Sciences Sociales",2023,123
annales_french,"Annales. Histoire, Sciences Sociales",2024,72
annales_french,"Annales. Histoire, Sciences Sociales",2025,72
annales_french,"Annales. Histoire, Sciences Sociales",2026,47
annales_french,"Annales. Histoire, Sciences sociales (French Edition)",2014,7
annales_french,"Annales. Histoire, Sciences sociales (French Edition)",2015,8
annales_french,"Annales. Histoire, Sciences sociales (French Edition)",2016,44
british_studies,Journal of British Studies,1961,14
british_studies,Journal of British Studies,1962,26
british_studies,Journal of British Studies,1963,28
british_studies,Journal of British Studies,1964,25
british_studies,Journal of British Studies,1965,25
british_studies,Journal of British Studies,1966,22
british_studies,Journal of British Studies,1967,25
british_studies,Journal of British Studies,1968,27
british_studies,Journal of British Studies,1969,29
british_studies,Journal of British Studies,1970,26
british_studies,Journal of British Studies,1971,22
british_studies,Journal of British Studies,1972,22
british_studies,Journal of British Studies,1973,22
british_studies,Journal of British Studies,1974,20
british_studies,Journal of British Studies,1975,21
british_studies,Journal of British Studies,1976,23
british_studies,Journal of British Studies,1977,24
british_studies,Journal of British Studies,1978,21
british_studies,Journal of British Studies,1979,24
british_studies,Journal of British Studies,1980,24
british_studies,Journal of British Studies,1981,13
british_studies,Journal of British Studies,1982,11
british_studies,Journal of British Studies,1983,11
british_studies,Journal of British Studies,1984,10
british_studies,Journal of British Studies,1985,31
british_studies,Journal of British Studies,1986,29
british_studies,Journal of British Studies,1987,29
british_studies,Journal of British Studies,1988,25
british_studies,Journal of British Studies,1989,28
british_studies,Journal of British Studies,1990,26
british_studies,Journal of British Studies,1991,28
british_studies,Journal of British Studies,1992,27
british_studies,Journal of British Studies,1993,28
british_studies,Journal of British Studies,1994,28
british_studies,Journal of British Studies,1995,32
british_studies,Journal of British Studies,1996,33
british_studies,Journal of British Studies,1997,27
british_studies,Journal of British Studies,1998,33
british_studies,Journal of British Studies,1999,32
british_studies,Journal of British Studies,2000,29
british_studies,Journal of British Studies,2001,26
british_studies,Journal of British Studies,2002,28
british_studies,Journal of British Studies,2003,31
british_studies,Journal of British Studies,2004,29
british_studies,Journal of British Studies,2005,131
british_studies,Journal of British Studies,2006,212
british_studies,Journal of British Studies,2007,202
british_studies,Journal of British Studies,2008,206
british_studies,Journal of British Studies,2009,200
british_studies,Journal of British Studies,2010,160
british_studies,Journal of British Studies,2011,165
british_studies,Journal of British Studies,2012,174
british_studies,Journal of British Studies,2013,243
british_studies,Journal of British Studies,2014,220
british_studies,Journal of British Studies,2015,219
british_studies,Journal of British Studies,2016,171
british_studies,Journal of British Studies,2017,238
british_studies,Journal of British Studies,2018,231
british_studies,Journal of British Studies,2019,222
british_studies,Journal of British Studies,2020,221
british_studies,Journal of British Studies,2021,247
british_studies,Journal of British Studies,2022,226
british_studies,Journal of British Studies,2023,235
british_studies,Journal of British Studies,2024,235
british_studies,Journal of British Studies,2025,158
british_studies,Journal of British Studies,2026,92
british_studies,The Journal of British Studies,1977,1
british_studies,The Journal of British Studies,1981,10
british_studies,The Journal of British Studies,1982,10
british_studies,The Journal of British Studies,1983,8
british_studies,The Journal of British Studies,1985,11
british_studies,The Journal of British Studies,1986,9
british_studies,The Journal of British Studies,1987,9
british_studies,The Journal of British Studies,1988,9
british_studies,The Journal of British Studies,1989,10
british_studies,The Journal of British Studies,1990,11
british_studies,The Journal of British Studies,1991,10
british_studies,The Journal of British Studies,1992,9
british_studies,The Journal of British Studies,1993,8
british_studies,The Journal of British Studies,1994,8
british_studies,The Journal of British Studies,1995,11
british_studies,The Journal of British Studies,1996,11
british_studies,The Journal of British Studies,1997,10
british_studies,The Journal of British Studies,1998,10
british_studies,The Journal of British Studies,1999,9
british_studies,The Journal of British Studies,2000,10
british_studies,The Journal of British Studies,2001,10
british_studies,The Journal of British Studies,2002,11
british_studies,The Journal of British Studies,2003,9
british_studies,The Journal of British Studies,2004,10
british_studies,The Journal of British Studies,2005,80
british_studies,The Journal of British Studies,2006,59
british_studies,The Journal of British Studies,2007,72
british_studies,The Journal of British Studies,2008,67
british_studies,The Journal of British Studies,2009,54
british_studies,The Journal of British Studies,2010,41
british_studies,The Journal of British Studies,2011,54
british_studies,The Journal of British Studies,2012,56
cambridge_historical_journal,Cambridge Historical Journal,1923,12
cambridge_historical_journal,Cambridge Historical Journal,1924,15
cambridge_historical_journal,Cambridge Historical Journal,1925,14
cambridge_historical_journal,Cambridge Historical Journal,1926,12
cambridge_historical_journal,Cambridge Historical Journal,1927,11
cambridge_historical_journal,Cambridge Historical Journal,1928,13
cambridge_historical_journal,Cambridge Historical Journal,1929,13
cambridge_historical_journal,Cambridge Historical Journal,1930,10
cambridge_historical_journal,Cambridge Historical Journal,1931,11
cambridge_historical_journal,Cambridge Historical Journal,1932,9
cambridge_historical_journal,Cambridge Historical Journal,1933,9
cambridge_historical_journal,Cambridge Historical Journal,1934,11
cambridge_historical_journal,Cambridge Historical Journal,1935,10
cambridge_historical_journal,Cambridge Historical Journal,1936,10
cambridge_historical_journal,Cambridge Historical Journal,1937,10
cambridge_historical_journal,Cambridge Historical Journal,1938,9
cambridge_historical_journal,Cambridge Historical Journal,1939,7
cambridge_historical_journal,Cambridge Historical Journal,1940,6
cambridge_historical_journal,Cambridge Historical Journal,1941,6
cambridge_historical_journal,Cambridge Historical Journal,1942,6
cambridge_historical_journal,Cambridge Historical Journal,1943,6
cambridge_historical_journal,Cambridge Historical Journal,1944,6
cambridge_historical_journal,Cambridge Historical Journal,1945,6
cambridge_historical_journal,Cambridge Historical Journal,1946,12
cambridge_historical_journal,Cambridge Historical Journal,1947,12
cambridge_historical_journal,Cambridge Historical Journal,1948,10
cambridge_historical_journal,Cambridge Historical Journal,1949,10
cambridge_historical_journal,Cambridge Historical Journal,1950,9
cambridge_historical_journal,Cambridge Historical Journal,1951,9
cambridge_historical_journal,Cambridge Historical Journal,1952,11
cambridge_historical_journal,Cambridge Historical Journal,1953,9
cambridge_historical_journal,Cambridge Historical Journal,1954,11
cambridge_historical_journal,Cambridge Historical Journal,1955,11
cambridge_historical_journal,Cambridge Historical Journal,1956,31
cambridge_historical_journal,Cambridge Historical Journal,1957,27
canadian_historical_review,Canadian Historical Review,1920,79
canadian_historical_review,Canadian Historical Review,1921,74
canadian_historical_review,Canadian Historical Review,1922,102
canadian_historical_review,Canadian Historical Review,1923,88
canadian_historical_review,Canadian Historical Review,1924,126
canadian_historical_review,Canadian Historical Review,1925,148
canadian_historical_review,Canadian Historical Review,1926,180
canadian_historical_review,Canadian Historical Review,1927,62
canadian_historical_review,Canadian Historical Review,1928,172
canadian_historical_review,Canadian Historical Review,1929,154
canadian_historical_review,Canadian Historical Review,1930,165
canadian_historical_review,Canadian Historical Review,1931,228
canadian_historical_review,Canadian Historical Review,1932,241
canadian_historical_review,Canadian Historical Review,1933,182
canadian_historical_review,Canadian Historical Review,1934,173
canadian_historical_review,Canadian Historical Review,1935,173
canadian_historical_review,Canadian Historical Review,1936,169
canadian_historical_review,Canadian Historical Review,1937,126
canadian_historical_review,Canadian Historical Review,1938,169
canadian_historical_review,Canadian Historical Review,1939,49
canadian_historical_review,Canadian Historical Review,1940,163
canadian_historical_review,Canadian Historical Review,1941,58
canadian_historical_review,Canadian Historical Review,1942,122
canadian_historical_review,Canadian Historical Review,1943,129
canadian_historical_review,Canadian Historical Review,1944,140
canadian_historical_review,Canadian Historical Review,1945,129
canadian_historical_review,Canadian Historical Review,1946,124
canadian_historical_review,Canadian Historical Review,1947,151
canadian_historical_review,Canadian Historical Review,1948,67
canadian_historical_review,Canadian Historical Review,1949,93
canadian_historical_review,Canadian Historical Review,1950,151
canadian_historical_review,Canadian Historical Review,1951,145
canadian_historical_review,Canadian Historical Review,1952,131
canadian_historical_review,Canadian Historical Review,1953,40
canadian_historical_review,Canadian Historical Review,1954,125
canadian_historical_review,Canadian Historical Review,1955,125
canadian_historical_review,Canadian Historical Review,1956,134
canadian_historical_review,Canadian Historical Review,1957,171
canadian_historical_review,Canadian Historical Review,1958,153
canadian_historical_review,Canadian Historical Review,1959,190
canadian_historical_review,Canadian Historical Review,1960,183
canadian_historical_review,Canadian Historical Review,1961,212
canadian_historical_review,Canadian Historical Review,1962,181
canadian_historical_review,Canadian Historical Review,1963,222
canadian_historical_review,Canadian Historical Review,1964,223
canadian_historical_review,Canadian Historical Review,1965,223
canadian_historical_review,Canadian Historical Review,1966,203
canadian_historical_review,Canadian Historical Review,1967,190
canadian_historical_review,Canadian Historical Review,1968,216
canadian_historical_review,Canadian Historical Review,1969,18
canadian_historical_review,Canadian Historical Review,1970,19
canadian_historical_review,Canadian Historical Review,1971,18
canadian_historical_review,Canadian Historical Review,1972,15
canadian_historical_review,Canadian Historical Review,1973,15
canadian_historical_review,Canadian Historical Review,1974,15
canadian_historical_review,Canadian Historical Review,1975,14
canadian_historical_review,Canadian Historical Review,1976,12
canadian_historical_review,Canadian Historical Review,1977,19
canadian_historical_review,Canadian Historical Review,1978,16
canadian_historical_review,Canadian Historical Review,1979,16
canadian_historical_review,Canadian Historical Review,1980,16
canadian_historical_review,Canadian Historical Review,1981,18
canadian_historical_review,Canadian Historical Review,1982,18
canadian_historical_review,Canadian Historical Review,1983,16
canadian_historical_review,Canadian Historical Review,1984,16
canadian_historical_review,Canadian Historical Review,1985,16
canadian_historical_review,Canadian Historical Review,1986,16
canadian_historical_review,Canadian Historical Review,1987,16
canadian_historical_review,Canadian Historical Review,1988,13
canadian_historical_review,Canadian Historical Review,1989,15
canadian_historical_review,Canadian Historical Review,1990,14
canadian_historical_review,Canadian Historical Review,1991,15
canadian_historical_review,Canadian Historical Review,1992,14
canadian_historical_review,Canadian Historical Review,1993,14
canadian_historical_review,Canadian Historical Review,1994,13
canadian_historical_review,Canadian Historical Review,1995,18
canadian_historical_review,Canadian Historical Review,1996,15
canadian_historical_review,Canadian Historical Review,1997,17
canadian_historical_review,Canadian Historical Review,1998,18
canadian_historical_review,Canadian Historical Review,1999,19
canadian_historical_review,Canadian Historical Review,2000,23
canadian_historical_review,Canadian Historical Review,2001,23
canadian_historical_review,Canadian Historical Review,2002,17
canadian_historical_review,Canadian Historical Review,2003,20
canadian_historical_review,Canadian Historical Review,2004,21
canadian_historical_review,Canadian Historical Review,2005,24
canadian_historical_review,Canadian Historical Review,2006,24
canadian_historical_review,Canadian Historical Review,2007,29
canadian_historical_review,Canadian Historical Review,2008,29
canadian_historical_review,Canadian Historical Review,2009,25
canadian_historical_review,Canadian Historical Review,2010,27
canadian_historical_review,Canadian Historical Review,2011,33
canadian_historical_review,Canadian Historical Review,2012,28
canadian_historical_review,Canadian Historical Review,2013,26
canadian_historical_review,Canadian Historical Review,2014,37
canadian_historical_review,Canadian Historical Review,2015,76
canadian_historical_review,Canadian Historical Review,2016,75
canadian_historical_review,Canadian Historical Review,2017,104
canadian_historical_review,Canadian Historical Review,2018,100
canadian_historical_review,Canadian Historical Review,2019,109
canadian_historical_review,Canadian Historical Review,2020,109
canadian_historical_review,Canadian Historical Review,2021,173
canadian_historical_review,Canadian Historical Review,2022,109
canadian_historical_review,Canadian Historical Review,2023,102
canadian_historical_review,Canadian Historical Review,2024,103
canadian_historical_review,Canadian Historical Review,2025,100
canadian_historical_review,Canadian Historical Review,2026,49
canadian_historical_review,The Canadian Historical Review,1930,1
canadian_historical_review,The Canadian Historical Review,1984,1
canadian_historical_review,The Canadian Historical Review,1985,1
canadian_historical_review,The Canadian Historical Review,1990,1
canadian_historical_review,The Canadian Historical Review,1991,1
canadian_historical_review,The Canadian Historical Review,1992,1
canadian_historical_review,The Canadian Historical Review,1997,3
canadian_historical_review,The Canadian Historical Review,1999,1
canadian_historical_review,The Canadian Historical Review,2004,196
canadian_historical_review,The Canadian Historical Review,2005,109
canadian_historical_review,The Canadian Historical Review,2006,112
canadian_historical_review,The Canadian Historical Review,2007,74
canadian_historical_review,The Canadian Historical Review,2008,109
canadian_historical_review,The Canadian Historical Review,2009,119
canadian_historical_review,The Canadian Historical Review,2010,111
canadian_historical_review,The Canadian Historical Review,2011,74
canadian_historical_review,The Canadian Historical Review,2012,89
canadian_historical_review,The Canadian Historical Review,2013,22
canadian_journal_history,Canadian Journal of History,1966,71
canadian_journal_history,Canadian Journal of History,1967,51
canadian_journal_history,Canadian Journal of History,1968,98
canadian_journal_history,Canadian Journal of History,1969,66
canadian_journal_history,Canadian Journal of History,1970,72
canadian_journal_history,Canadian Journal of History,1971,105
canadian_journal_history,Canadian Journal of History,1972,96
canadian_journal_history,Canadian Journal of History,1973,63
canadian_journal_history,Canadian Journal of History,1974,103
canadian_journal_history,Canadian Journal of History,1975,135
canadian_journal_history,Canadian Journal of History,1976,146
canadian_journal_history,Canadian Journal of History,1977,117
canadian_journal_history,Canadian Journal of History,1978,181
canadian_journal_history,Canadian Journal of History,1979,151
canadian_journal_history,Canadian Journal of History,1980,143
canadian_journal_history,Canadian Journal of History,1981,160
canadian_journal_history,Canadian Journal of History,1982,153
canadian_journal_history,Canadian Journal of History,1983,129
canadian_journal_history,Canadian Journal of History,1984,178
canadian_journal_history,Canadian Journal of History,1985,142
canadian_journal_history,Canadian Journal of History,1986,138
canadian_journal_history,Canadian Journal of History,1987,137
canadian_journal_history,Canadian Journal of History,1988,139
canadian_journal_history,Canadian Journal of History,1989,146
canadian_journal_history,Canadian Journal of History,1990,141
canadian_journal_history,Canadian Journal of History,1991,140
canadian_journal_history,Canadian Journal of History,1992,128
canadian_journal_history,Canadian Journal of History,1993,140
canadian_journal_history,Canadian Journal of History,1994,132
canadian_journal_history,Canadian Journal of History,1995,138
canadian_journal_history,Canadian Journal of History,1996,139
canadian_journal_history,Canadian Journal of History,1997,135
canadian_journal_history,Canadian Journal of History,1998,136
canadian_journal_history,Canadian Journal of History,1999,149
canadian_journal_history,Canadian Journal of History,2000,197
canadian_journal_history,Canadian Journal of History,2001,205
canadian_journal_history,Canadian Journal of History,2002,195
canadian_journal_history,Canadian Journal of History,2003,119
canadian_journal_history,Canadian Journal of History,2004,196
canadian_journal_history,Canadian Journal of History,2005,197
canadian_journal_history,Canadian Journal of History,2006,193
canadian_journal_history,Canadian Journal of History,2007,187
canadian_journal_history,Canadian Journal of History,2008,169
canadian_journal_history,Canadian Journal of History,2009,165
canadian_journal_history,Canadian Journal of History,2010,166
canadian_journal_history,Canadian Journal of History,2011,192
canadian_journal_history,Canadian Journal of History,2012,168
canadian_journal_history,Canadian Journal of History,2013,166
canadian_journal_history,Canadian Journal of History,2014,165
canadian_journal_history,Canadian Journal of History,2015,175
canadian_journal_history,Canadian Journal of History,2016,189
canadian_journal_history,Canadian Journal of History,2017,153
canadian_journal_history,Canadian Journal of History,2018,166
canadian_journal_history,Canadian Journal of History,2019,111
canadian_journal_history,Canadian Journal of History,2020,48
canadian_journal_history,Canadian Journal of History,2021,63
canadian_journal_history,Canadian Journal of History,2022,48
canadian_journal_history,Canadian Journal of History / Annales canadienne d'histoire,2014,2
canadian_journal_history,Canadian Journal of History / Annales canadiennes d'histoire,2015,4
canadian_journal_history,Journal of History,2022,48
canadian_journal_history,Journal of History,2023,33
canadian_journal_history,Journal of History,2024,22
canadian_journal_history,Journal of History,2025,18
canadian_journal_history,Journal of History,2026,12
comparative,Comparative Studies in Society and History,1958,12
comparative,Comparative Studies in Society and History,1959,48
comparative,Comparative Studies in Society and History,1960,43
comparative,Comparative Studies in Society and History,1961,48
comparative,Comparative Studies in Society and History,1962,40
comparative,Comparative Studies in Society and History,1963,46
comparative,Comparative Studies in Society and History,1964,44
comparative,Comparative Studies in Society and History,1965,44
comparative,Comparative Studies in Society and History,1966,45
comparative,Comparative Studies in Society and History,1967,35
comparative,Comparative Studies in Society and History,1968,34
comparative,Comparative Studies in Society and History,1969,46
comparative,Comparative Studies in Society and History,1970,51
comparative,Comparative Studies in Society and History,1971,39
comparative,Comparative Studies in Society and History,1972,42
comparative,Comparative Studies in Society and History,1973,44
comparative,Comparative Studies in Society and History,1974,38
comparative,Comparative Studies in Society and History,1975,43
comparative,Comparative Studies in Society and History,1976,42
comparative,Comparative Studies in Society and History,1977,42
comparative,Comparative Studies in Society and History,1978,43
comparative,Comparative Studies in Society and History,1979,63
comparative,Comparative Studies in Society and History,1980,53
comparative,Comparative Studies in Society and History,1981,49
comparative,Comparative Studies in Society and History,1982,51
comparative,Comparative Studies in Society and History,1983,47
comparative,Comparative Studies in Society and History,1984,58
comparative,Comparative Studies in Society and History,1985,67
comparative,Comparative Studies in Society and History,1986,68
comparative,Comparative Studies in Society and History,1987,70
comparative,Comparative Studies in Society and History,1988,62
comparative,Comparative Studies in Society and History,1989,67
comparative,Comparative Studies in Society and History,1990,53
comparative,Comparative Studies in Society and History,1991,57
comparative,Comparative Studies in Society and History,1992,83
comparative,Comparative Studies in Society and History,1993,63
comparative,Comparative Studies in Society and History,1994,64
comparative,Comparative Studies in Society and History,1995,49
comparative,Comparative Studies in Society and History,1996,57
comparative,Comparative Studies in Society and History,1997,39
comparative,Comparative Studies in Society and History,1998,35
comparative,Comparative Studies in Society and History,1999,47
comparative,Comparative Studies in Society and History,2000,37
comparative,Comparative Studies in Society and History,2001,25
comparative,Comparative Studies in Society and History,2002,56
comparative,Comparative Studies in Society and History,2003,52
comparative,Comparative Studies in Society and History,2004,50
comparative,Comparative Studies in Society and History,2005,49
comparative,Comparative Studies in Society and History,2006,53
comparative,Comparative Studies in Society and History,2007,41
comparative,Comparative Studies in Society and History,2008,79
comparative,Comparative Studies in Society and History,2009,69
comparative,Comparative Studies in Society and History,2010,49
comparative,Comparative Studies in Society and History,2011,68
comparative,Comparative Studies in Society and History,2012,68
comparative,Comparative Studies in Society and History,2013,91
comparative,Comparative Studies in Society and History,2014,53
comparative,Comparative Studies in Society and History,2015,66
comparative,Comparative Studies in Society and History,2016,70
comparative,Comparative Studies in Society and History,2017,47
comparative,Comparative Studies in Society and History,2018,65
comparative,Comparative Studies in Society and History,2019,35
comparative,Comparative Studies in Society and History,2020,42
comparative,Comparative Studies in Society and History,2021,51
comparative,Comparative Studies in Society and History,2022,52
comparative,Comparative Studies in Society and History,2023,45
comparative,Comparative Studies in Society and History,2024,38
comparative,Comparative Studies in Society and History,2025,47
comparative,Comparative Studies in Society and History,2026,29
contemporary_history,Journal of Contemporary History,1966,41
contemporary_history,Journal of Contemporary History,1967,59
contemporary_history,Journal of Contemporary History,1968,56
contemporary_history,Journal of Contemporary History,1969,48
contemporary_history,Journal of Contemporary History,1970,44
contemporary_history,Journal of Contemporary History,1971,40
contemporary_history,Journal of Contemporary History,1972,32
contemporary_history,Journal of Contemporary History,1973,32
contemporary_history,Journal of Contemporary History,1974,38
contemporary_history,Journal of Contemporary History,1975,31
contemporary_history,Journal of Contemporary History,1976,38
contemporary_history,Journal of Contemporary History,1977,36
contemporary_history,Journal of Contemporary History,1978,41
contemporary_history,Journal of Contemporary History,1979,35
contemporary_history,Journal of Contemporary History,1980,40
contemporary_history,Journal of Contemporary History,1981,39
contemporary_history,Journal of Contemporary History,1982,34
contemporary_history,Journal of Contemporary History,1983,33
contemporary_history,Journal of Contemporary History,1984,34
contemporary_history,Journal of Contemporary History,1985,38
contemporary_history,Journal of Contemporary History,1986,27
contemporary_history,Journal of Contemporary History,1987,34
contemporary_history,Journal of Contemporary History,1988,33
contemporary_history,Journal of Contemporary History,1989,30
contemporary_history,Journal of Contemporary History,1990,26
contemporary_history,Journal of Contemporary History,1991,30
contemporary_history,Journal of Contemporary History,1992,32
contemporary_history,Journal of Contemporary History,1993,33
contemporary_history,Journal of Contemporary History,1994,27
contemporary_history,Journal of Contemporary History,1995,31
contemporary_history,Journal of Contemporary History,1996,33
contemporary_history,Journal of Contemporary History,1997,32
contemporary_history,Journal of Contemporary History,1998,25
contemporary_history,Journal of Contemporary History,1999,26
contemporary_history,Journal of Contemporary History,2000,47
contemporary_history,Journal of Contemporary History,2001,43
contemporary_history,Journal of Contemporary History,2002,45
contemporary_history,Journal of Contemporary History,2003,40
contemporary_history,Journal of Contemporary History,2004,44
contemporary_history,Journal of Contemporary History,2005,49
contemporary_history,Journal of Contemporary History,2006,45
contemporary_history,Journal of Contemporary History,2007,49
contemporary_history,Journal of Contemporary History,2008,46
contemporary_history,Journal of Contemporary History,2009,116
contemporary_history,Journal of Contemporary History,2010,98
contemporary_history,Journal of Contemporary History,2011,87
contemporary_history,Journal of Contemporary History,2012,87
contemporary_history,Journal of Contemporary History,2013,63
contemporary_history,Journal of Contemporary History,2014,93
contemporary_history,Journal of Contemporary History,2015,36
contemporary_history,Journal of Contemporary History,2016,100
contemporary_history,Journal of Contemporary History,2017,101
contemporary_history,Journal of Contemporary History,2018,82
contemporary_history,Journal of Contemporary History,2019,75
contemporary_history,Journal of Contemporary History,2020,117
contemporary_history,Journal of Contemporary History,2021,84
contemporary_history,Journal of Contemporary History,2022,88
contemporary_history,Journal of Contemporary History,2023,71
contemporary_history,Journal of Contemporary History,2024,38
contemporary_history,Journal of Contemporary History,2025,84
contemporary_history,Journal of Contemporary History,2026,47
diplomatic_history,Diplomatic History,1977,27
diplomatic_history,Diplomatic History,1978,32
diplomatic_history,Diplomatic History,1979,37
diplomatic_history,Diplomatic History,1980,33
diplomatic_history,Diplomatic History,1981,26
diplomatic_history,Diplomatic History,1982,44
diplomatic_history,Diplomatic History,1983,23
diplomatic_history,Diplomatic History,1984,25
diplomatic_history,Diplomatic History,1985,31
diplomatic_history,Diplomatic History,1986,24
diplomatic_history,Diplomatic History,1987,29
diplomatic_history,Diplomatic History,1988,32
diplomatic_history,Diplomatic History,1989,37
diplomatic_history,Diplomatic History,1990,47
diplomatic_history,Diplomatic History,1991,44
diplomatic_history,Diplomatic History,1992,53
diplomatic_history,Diplomatic History,1993,53
diplomatic_history,Diplomatic History,1994,55
diplomatic_history,Diplomatic History,1995,43
diplomatic_history,Diplomatic History,1996,52
diplomatic_history,Diplomatic History,1997,51
diplomatic_history,Diplomatic History,1998,51
diplomatic_history,Diplomatic History,1999,47
diplomatic_history,Diplomatic History,2000,51
diplomatic_history,Diplomatic History,2001,51
diplomatic_history,Diplomatic History,2002,38
diplomatic_history,Diplomatic History,2003,60
diplomatic_history,Diplomatic History,2004,62
diplomatic_history,Diplomatic History,2005,70
diplomatic_history,Diplomatic History,2006,57
diplomatic_history,Diplomatic History,2007,83
diplomatic_history,Diplomatic History,2008,83
diplomatic_history,Diplomatic History,2009,77
diplomatic_history,Diplomatic History,2010,120
diplomatic_history,Diplomatic History,2011,64
diplomatic_history,Diplomatic History,2012,82
diplomatic_history,Diplomatic History,2013,157
diplomatic_history,Diplomatic History,2014,125
diplomatic_history,Diplomatic History,2015,97
diplomatic_history,Diplomatic History,2016,83
diplomatic_history,Diplomatic History,2017,127
diplomatic_history,Diplomatic History,2018,103
diplomatic_history,Diplomatic History,2019,68
diplomatic_history,Diplomatic History,2020,102
diplomatic_history,Diplomatic History,2021,105
diplomatic_history,Diplomatic History,2022,101
diplomatic_history,Diplomatic History,2023,103
diplomatic_history,Diplomatic History,2024,93
diplomatic_history,Diplomatic History,2025,80
diplomatic_history,Diplomatic History,2026,47
economic_history,The Journal of Economic History,1941,80
economic_history,The Journal of Economic History,1942,75
economic_history,The Journal of Economic History,1943,68
economic_history,The Journal of Economic History,1944,91
economic_history,The Journal of Economic History,1945,107
economic_history,The Journal of Economic History,1946,80
economic_history,The Journal of Economic History,1947,104
economic_history,The Journal of Economic History,1948,108
economic_history,The Journal of Economic History,1949,120
economic_history,The Journal of Economic History,1950,119
economic_history,The Journal of Economic History,1951,113
economic_history,The Journal of Economic History,1952,108
economic_history,The Journal of Economic History,1953,103
economic_history,The Journal of Economic History,1954,121
economic_history,The Journal of Economic History,1955,139
economic_history,The Journal of Economic History,1956,159
economic_history,The Journal of Economic History,1957,177
economic_history,The Journal of Economic History,1958,157
economic_history,The Journal of Economic History,1959,158
economic_history,The Journal of Economic History,1960,143
economic_history,The Journal of Economic History,1961,138
economic_history,The Journal of Economic History,1962,145
economic_history,The Journal of Economic History,1963,131
economic_history,The Journal of Economic History,1964,126
economic_history,The Journal of Economic History,1965,132
economic_history,The Journal of Economic History,1966,102
economic_history,The Journal of Economic History,1967,137
economic_history,The Journal of Economic History,1968,219
economic_history,The Journal of Economic History,1969,209
economic_history,The Journal of Economic History,1970,160
economic_history,The Journal of Economic History,1971,174
economic_history,The Journal of Economic History,1972,166
economic_history,The Journal of Economic History,1973,130
economic_history,The Journal of Economic History,1974,132
economic_history,The Journal of Economic History,1975,158
economic_history,The Journal of Economic History,1976,238
economic_history,The Journal of Economic History,1977,296
economic_history,The Journal of Economic History,1978,324
economic_history,The Journal of Economic History,1979,363
economic_history,The Journal of Economic History,1980,313
economic_history,The Journal of Economic History,1981,280
economic_history,The Journal of Economic History,1982,214
economic_history,The Journal of Economic History,1983,239
economic_history,The Journal of Economic History,1984,222
economic_history,The Journal of Economic History,1985,213
economic_history,The Journal of Economic History,1986,259
economic_history,The Journal of Economic History,1987,323
economic_history,The Journal of Economic History,1988,320
economic_history,The Journal of Economic History,1989,292
economic_history,The Journal of Economic History,1990,264
economic_history,The Journal of Economic History,1991,222
economic_history,The Journal of Economic History,1992,212
economic_history,The Journal of Economic History,1993,215
economic_history,The Journal of Economic History,1994,202
economic_history,The Journal of Economic History,1995,212
economic_history,The Journal of Economic History,1996,191
economic_history,The Journal of Economic History,1997,196
economic_history,The Journal of Economic History,1998,240
economic_history,The Journal of Economic History,1999,237
economic_history,The Journal of Economic History,2000,426
economic_history,The Journal of Economic History,2001,198
economic_history,The Journal of Economic History,2002,162
economic_history,The Journal of Economic History,2003,219
economic_history,The Journal of Economic History,2004,141
economic_history,The Journal of Economic History,2005,119
economic_history,The Journal of Economic History,2006,99
economic_history,The Journal of Economic History,2007,85
economic_history,The Journal of Economic History,2008,91
economic_history,The Journal of Economic History,2009,102
economic_history,The Journal of Economic History,2010,90
economic_history,The Journal of Economic History,2011,119
economic_history,The Journal of Economic History,2012,115
economic_history,The Journal of Economic History,2013,112
economic_history,The Journal of Economic History,2014,109
economic_history,The Journal of Economic History,2015,109
economic_history,The Journal of Economic History,2016,120
economic_history,The Journal of Economic History,2017,107
economic_history,The Journal of Economic History,2018,65
economic_history,The Journal of Economic History,2019,91
economic_history,The Journal of Economic History,2020,62
economic_history,The Journal of Economic History,2021,64
economic_history,The Journal of Economic History,2022,49
economic_history,The Journal of Economic History,2023,56
economic_history,The Journal of Economic History,2024,57
economic_history,The Journal of Economic History,2025,59
economic_history,The Journal of Economic History,2026,37
economic_history_review,The Economic History Review,1927,30
economic_history_review,The Economic History Review,1928,32
economic_history_review,The Economic History Review,1929,34
economic_history_review,The Economic History Review,1930,36
economic_history_review,The Economic History Review,1931,58
economic_history_review,The Economic History Review,1932,52
economic_history_review,The Economic History Review,1933,47
economic_history_review,The Economic History Review,1934,60
economic_history_review,The Economic History Review,1935,108
economic_history_review,The Economic History Review,1936,85
economic_history_review,The Economic History Review,1937,89
economic_history_review,The Economic History Review,1938,88
economic_history_review,The Economic History Review,1939,48
economic_history_review,The Economic History Review,1940,75
economic_history_review,The Economic History Review,1941,29
economic_history_review,The Economic History Review,1942,44
economic_history_review,The Economic History Review,1943,51
economic_history_review,The Economic History Review,1944,65
economic_history_review,The Economic History Review,1945,36
economic_history_review,The Economic History Review,1946,59
economic_history_review,The Economic History Review,1947,58
economic_history_review,The Economic History Review,1948,76
economic_history_review,The Economic History Review,1949,91
economic_history_review,The Economic History Review,1950,100
economic_history_review,The Economic History Review,1951,107
economic_history_review,The Economic History Review,1952,142
economic_history_review,The Economic History Review,1953,119
economic_history_review,The Economic History Review,1954,133
economic_history_review,The Economic History Review,1955,125
economic_history_review,The Economic History Review,1956,207
economic_history_review,The Economic History Review,1957,101
economic_history_review,The Economic History Review,1958,247
economic_history_review,The Economic History Review,1959,228
economic_history_review,The Economic History Review,1960,184
economic_history_review,The Economic History Review,1961,201
economic_history_review,The Economic History Review,1962,186
economic_history_review,The Economic History Review,1963,216
economic_history_review,The Economic History Review,1964,214
economic_history_review,The Economic History Review,1965,239
economic_history_review,The Economic History Review,1966,211
economic_history_review,The Economic History Review,1967,223
economic_history_review,The Economic History Review,1968,206
economic_history_review,The Economic History Review,1969,253
economic_history_review,The Economic History Review,1970,228
economic_history_review,The Economic History Review,1971,322
economic_history_review,The Economic History Review,1972,308
economic_history_review,The Economic History Review,1973,249
economic_history_review,The Economic History Review,1974,234
economic_history_review,The Economic History Review,1975,271
economic_history_review,The Economic History Review,1976,247
economic_history_review,The Economic History Review,1977,212
economic_history_review,The Economic History Review,1978,238
economic_history_review,The Economic History Review,1979,203
economic_history_review,The Economic History Review,1980,205
economic_history_review,The Economic History Review,1981,237
economic_history_review,The Economic History Review,1982,207
economic_history_review,The Economic History Review,1983,206
economic_history_review,The Economic History Review,1984,225
economic_history_review,The Economic History Review,1985,223
economic_history_review,The Economic History Review,1986,195
economic_history_review,The Economic History Review,1987,214
economic_history_review,The Economic History Review,1988,186
economic_history_review,The Economic History Review,1989,210
economic_history_review,The Economic History Review,1990,210
economic_history_review,The Economic History Review,1991,236
economic_history_review,The Economic History Review,1992,216
economic_history_review,The Economic History Review,1993,172
economic_history_review,The Economic History Review,1994,192
economic_history_review,The Economic History Review,1995,218
economic_history_review,The Economic History Review,1996,201
economic_history_review,The Economic History Review,1997,42
economic_history_review,The Economic History Review,1998,39
economic_history_review,The Economic History Review,1999,38
economic_history_review,The Economic History Review,2000,35
economic_history_review,The Economic History Review,2001,35
economic_history_review,The Economic History Review,2002,32
economic_history_review,The Economic History Review,2003,35
economic_history_review,The Economic History Review,2004,79
economic_history_review,The Economic History Review,2005,87
economic_history_review,The Economic History Review,2006,115
economic_history_review,The Economic History Review,2007,173
economic_history_review,The Economic History Review,2008,170
economic_history_review,The Economic History Review,2009,230
economic_history_review,The Economic History Review,2010,150
economic_history_review,The Economic History Review,2011,235
economic_history_review,The Economic History Review,2012,208
economic_history_review,The Economic History Review,2013,135
economic_history_review,The Economic History Review,2014,176
economic_history_review,The Economic History Review,2015,188
economic_history_review,The Economic History Review,2016,182
economic_history_review,The Economic History Review,2017,183
economic_history_review,The Economic History Review,2018,171
economic_history_review,The Economic History Review,2019,122
economic_history_review,The Economic History Review,2020,111
economic_history_review,The Economic History Review,2021,94
economic_history_review,The Economic History Review,2022,100
economic_history_review,The Economic History Review,2023,78
economic_history_review,The Economic History Review,2024,105
economic_history_review,The Economic History Review,2025,98
economic_history_review,The Economic History Review,2026,72
ehr,The English Historical Review,1886,109
ehr,The English Historical Review,1887,112
ehr,The English Historical Review,1888,117
ehr,The English Historical Review,1889,109
ehr,The English Historical Review,1890,119
ehr,The English Historical Review,1891,109
ehr,The English Historical Review,1892,181
ehr,The English Historical Review,1893,189
ehr,The English Historical Review,1894,180
ehr,The English Historical Review,1895,186
ehr,The English Historical Review,1896,185
ehr,The English Historical Review,1897,199
ehr,The English Historical Review,1898,229
ehr,The English Historical Review,1899,235
ehr,The English Historical Review,1900,234
ehr,The English Historical Review,1901,232
ehr,The English Historical Review,1902,237
ehr,The English Historical Review,1903,263
ehr,The English Historical Review,1904,276
ehr,The English Historical Review,1905,269
ehr,The English Historical Review,1906,307
ehr,The English Historical Review,1907,292
ehr,The English Historical Review,1908,316
ehr,The English Historical Review,1909,334
ehr,The English Historical Review,1910,349
ehr,The English Historical Review,1911,348
ehr,The English Historical Review,1912,370
ehr,The English Historical Review,1913,366
ehr,The English Historical Review,1914,361
ehr,The English Historical Review,1915,268
ehr,The English Historical Review,1916,235
ehr,The English Historical Review,1917,213
ehr,The English Historical Review,1918,184
ehr,The English Historical Review,1919,185
ehr,The English Historical Review,1920,231
ehr,The English Historical Review,1921,253
ehr,The English Historical Review,1922,283
ehr,The English Historical Review,1923,258
ehr,The English Historical Review,1924,262
ehr,The English Historical Review,1925,246
ehr,The English Historical Review,1926,248
ehr,The English Historical Review,1927,253
ehr,The English Historical Review,1928,316
ehr,The English Historical Review,1929,275
ehr,The English Historical Review,1930,278
ehr,The English Historical Review,1931,354
ehr,The English Historical Review,1932,297
ehr,The English Historical Review,1933,317
ehr,The English Historical Review,1934,312
ehr,The English Historical Review,1935,294
ehr,The English Historical Review,1936,295
ehr,The English Historical Review,1937,283
ehr,The English Historical Review,1938,366
ehr,The English Historical Review,1939,301
ehr,The English Historical Review,1940,243
ehr,The English Historical Review,1941,179
ehr,The English Historical Review,1942,133
ehr,The English Historical Review,1943,117
ehr,The English Historical Review,1944,87
ehr,The English Historical Review,1945,104
ehr,The English Historical Review,1946,91
ehr,The English Historical Review,1947,193
ehr,The English Historical Review,1948,178
ehr,The English Historical Review,1949,219
ehr,The English Historical Review,1950,188
ehr,The English Historical Review,1951,236
ehr,The English Historical Review,1952,274
ehr,The English Historical Review,1953,293
ehr,The English Historical Review,1954,272
ehr,The English Historical Review,1955,283
ehr,The English Historical Review,1956,275
ehr,The English Historical Review,1957,368
ehr,The English Historical Review,1958,360
ehr,The English Historical Review,1959,333
ehr,The English Historical Review,1960,353
ehr,The English Historical Review,1961,364
ehr,The English Historical Review,1962,447
ehr,The English Historical Review,1963,353
ehr,The English Historical Review,1964,448
ehr,The English Historical Review,1965,480
ehr,The English Historical Review,1966,477
ehr,The English Historical Review,1967,492
ehr,The English Historical Review,1968,505
ehr,The English Historical Review,1969,491
ehr,The English Historical Review,1970,456
ehr,The English Historical Review,1971,478
ehr,The English Historical Review,1972,488
ehr,The English Historical Review,1973,506
ehr,The English Historical Review,1974,467
ehr,The English Historical Review,1975,520
ehr,The English Historical Review,1976,455
ehr,The English Historical Review,1977,402
ehr,The English Historical Review,1978,381
ehr,The English Historical Review,1979,395
ehr,The English Historical Review,1980,374
ehr,The English Historical Review,1981,363
ehr,The English Historical Review,1982,461
ehr,The English Historical Review,1983,421
ehr,The English Historical Review,1984,493
ehr,The English Historical Review,1985,474
ehr,The English Historical Review,1986,473
ehr,The English Historical Review,1987,543
ehr,The English Historical Review,1988,514
ehr,The English Historical Review,1989,530
ehr,The English Historical Review,1990,554
ehr,The English Historical Review,1991,588
ehr,The English Historical Review,1992,625
ehr,The English Historical Review,1993,580
ehr,The English Historical Review,1994,808
ehr,The English Historical Review,1995,761
ehr,The English Historical Review,1996,820
ehr,The English Historical Review,1997,707
ehr,The English Historical Review,1998,602
ehr,The English Historical Review,1999,916
ehr,The English Historical Review,2000,679
ehr,The English Historical Review,2001,716
ehr,The English Historical Review,2002,585
ehr,The English Historical Review,2003,558
ehr,The English Historical Review,2004,587
ehr,The English Historical Review,2005,472
ehr,The English Historical Review,2006,486
ehr,The English Historical Review,2007,413
ehr,The English Historical Review,2008,410
ehr,The English Historical Review,2009,449
ehr,The English Historical Review,2010,405
ehr,The English Historical Review,2011,457
ehr,The English Historical Review,2012,355
ehr,The English Historical Review,2013,391
ehr,The English Historical Review,2014,388
ehr,The English Historical Review,2015,399
ehr,The English Historical Review,2016,450
ehr,The English Historical Review,2017,470
ehr,The English Historical Review,2018,389
ehr,The English Historical Review,2019,426
ehr,The English Historical Review,2020,304
ehr,The English Historical Review,2021,411
ehr,The English Historical Review,2022,258
ehr,The English Historical Review,2023,203
ehr,The English Historical Review,2024,257
ehr,The English Historical Review,2025,237
ehr,The English Historical Review,2026,226
ehr,the english historical review,2017,1
environmental_history,Environmental History,1996,91
environmental_history,Environmental History,1997,95
environmental_history,Environmental History,1998,89
environmental_history,Environmental History,1999,90
environmental_history,Environmental History,2000,96
environmental_history,Environmental History,2001,84
environmental_history,Environmental History,2002,105
environmental_history,Environmental History,2003,121
environmental_history,Environmental History,2004,128
environmental_history,Environmental History,2005,103
environmental_history,Environmental History,2006,123
environmental_history,Environmental History,2007,122
environmental_history,Environmental History,2008,131
environmental_history,Environmental History,2009,124
environmental_history,Environmental History,2010,119
environmental_history,Environmental History,2011,139
environmental_history,Environmental History,2012,143
environmental_history,Environmental History,2013,148
environmental_history,Environmental History,2014,147
environmental_history,Environmental History,2015,145
environmental_history,Environmental History,2016,137
environmental_history,Environmental History,2017,142
environmental_history,Environmental History,2018,165
environmental_history,Environmental History,2019,137
environmental_history,Environmental History,2020,117
environmental_history,Environmental History,2021,110
environmental_history,Environmental History,2022,101
environmental_history,Environmental History,2023,95
environmental_history,Environmental History,2024,94
environmental_history,Environmental History,2025,87
environmental_history,Environmental History,2026,94
environmental_history_review,Environmental History Review,1990,53
environmental_history_review,Environmental History Review,1991,83
environmental_history_review,Environmental History Review,1992,79
environmental_history_review,Environmental History Review,1993,76
environmental_history_review,Environmental History Review,1994,56
environmental_history_review,Environmental History Review,1995,64
environmental_review,Environmental Review,1976,11
environmental_review,Environmental Review,1977,22
environmental_review,Environmental Review,1978,30
environmental_review,Environmental Review,1979,11
environmental_review,Environmental Review,1980,15
environmental_review,Environmental Review,1981,12
environmental_review,Environmental Review,1982,50
environmental_review,Environmental Review,1983,75
environmental_review,Environmental Review,1984,46
environmental_review,Environmental Review,1985,60
environmental_review,Environmental Review,1986,56
environmental_review,Environmental Review,1987,59
environmental_review,Environmental Review,1988,38
environmental_review,Environmental Review,1989,27
environmental_review,Environmental Review: ER,1988,1
ethnohistory,Ethnohistory,1954,4
ethnohistory,Ethnohistory,1955,35
ethnohistory,Ethnohistory,1956,40
ethnohistory,Ethnohistory,1957,35
ethnohistory,Ethnohistory,1958,33
ethnohistory,Ethnohistory,1959,25
ethnohistory,Ethnohistory,1960,36
ethnohistory,Ethnohistory,1961,54
ethnohistory,Ethnohistory,1962,47
ethnohistory,Ethnohistory,1963,48
ethnohistory,Ethnohistory,1964,47
ethnohistory,Ethnohistory,1965,39
ethnohistory,Ethnohistory,1966,11
ethnohistory,Ethnohistory,1967,1
ethnohistory,Ethnohistory,1968,45
ethnohistory,Ethnohistory,1969,20
ethnohistory,Ethnohistory,1970,16
ethnohistory,Ethnohistory,1971,105
ethnohistory,Ethnohistory,1972,81
ethnohistory,Ethnohistory,1973,64
ethnohistory,Ethnohistory,1974,51
ethnohistory,Ethnohistory,1975,40
ethnohistory,Ethnohistory,1976,57
ethnohistory,Ethnohistory,1977,76
ethnohistory,Ethnohistory,1978,31
ethnohistory,Ethnohistory,1979,45
ethnohistory,Ethnohistory,1980,43
ethnohistory,Ethnohistory,1981,41
ethnohistory,Ethnohistory,1982,52
ethnohistory,Ethnohistory,1983,44
ethnohistory,Ethnohistory,1984,101
ethnohistory,Ethnohistory,1985,87
ethnohistory,Ethnohistory,1986,88
ethnohistory,Ethnohistory,1987,49
ethnohistory,Ethnohistory,1988,51
ethnohistory,Ethnohistory,1989,91
ethnohistory,Ethnohistory,1990,96
ethnohistory,Ethnohistory,1991,103
ethnohistory,Ethnohistory,1992,128
ethnohistory,Ethnohistory,1993,162
ethnohistory,Ethnohistory,1994,74
ethnohistory,Ethnohistory,1995,111
ethnohistory,Ethnohistory,1996,113
ethnohistory,Ethnohistory,1997,96
ethnohistory,Ethnohistory,1998,91
ethnohistory,Ethnohistory,2000,72
ethnohistory,Ethnohistory,2001,79
ethnohistory,Ethnohistory,2002,73
ethnohistory,Ethnohistory,2003,64
ethnohistory,Ethnohistory,2004,81
ethnohistory,Ethnohistory,2005,82
ethnohistory,Ethnohistory,2006,67
ethnohistory,Ethnohistory,2007,84
ethnohistory,Ethnohistory,2008,68
ethnohistory,Ethnohistory,2009,100
ethnohistory,Ethnohistory,2010,92
ethnohistory,Ethnohistory,2011,98
ethnohistory,Ethnohistory,2012,81
ethnohistory,Ethnohistory,2013,102
ethnohistory,Ethnohistory,2014,83
ethnohistory,Ethnohistory,2015,62
ethnohistory,Ethnohistory,2016,98
ethnohistory,Ethnohistory,2017,75
ethnohistory,Ethnohistory,2018,73
ethnohistory,Ethnohistory,2019,79
ethnohistory,Ethnohistory,2020,65
ethnohistory,Ethnohistory,2021,48
ethnohistory,Ethnohistory,2022,42
ethnohistory,Ethnohistory,2023,51
ethnohistory,Ethnohistory,2024,32
ethnohistory,Ethnohistory,2025,32
ethnohistory,Ethnohistory,2026,29
forest_conservation_history,Forest &amp; Conservation History,1981,1
forest_conservation_history,Forest &amp; Conservation History,1994,1
forest_conservation_history,Forest and Conservation History,1990,69
forest_conservation_history,Forest and Conservation History,1991,74
forest_conservation_history,Forest and Conservation History,1992,95
forest_conservation_history,Forest and Conservation History,1993,88
forest_conservation_history,Forest and Conservation History,1994,74
forest_conservation_history,Forest and Conservation History,1995,67
forest_history,Journal of Forest History,1974,35
forest_history,Journal of Forest History,1975,62
forest_history,Journal of Forest History,1976,63
forest_history,Journal of Forest History,1977,61
forest_history,Journal of Forest History,1978,53
forest_history,Journal of Forest History,1979,60
forest_history,Journal of Forest History,1980,44
forest_history,Journal of Forest History,1981,66
forest_history,Journal of Forest History,1982,56
forest_history,Journal of Forest History,1983,68
forest_history,Journal of Forest History,1984,60
forest_history,Journal of Forest History,1985,59
forest_history,Journal of Forest History,1986,80
forest_history,Journal of Forest History,1987,70
forest_history,Journal of Forest History,1988,68
forest_history,Journal of Forest History,1989,55
french_historical_studies,French Historical Studies,1958,7
french_historical_studies,French Historical Studies,1959,7
french_historical_studies,French Historical Studies,1960,16
french_historical_studies,French Historical Studies,1961,15
french_historical_studies,French Historical Studies,1962,13
french_historical_studies,French Historical Studies,1963,14
french_historical_studies,French Historical Studies,1964,15
french_historical_studies,French Historical Studies,1965,16
french_historical_studies,French Historical Studies,1966,13
french_historical_studies,French Historical Studies,1967,12
french_historical_studies,French Historical Studies,1968,14
french_historical_studies,French Historical Studies,1969,13
french_historical_studies,French Historical Studies,1970,14
french_historical_studies,French Historical Studies,1971,16
french_historical_studies,French Historical Studies,1972,17
french_historical_studies,French Historical Studies,1973,17
french_historical_studies,French Historical Studies,1974,17
french_historical_studies,French Historical Studies,1975,19
french_historical_studies,French Historical Studies,1976,18
french_historical_studies,French Historical Studies,1977,15
french_historical_studies,French Historical Studies,1978,13
french_historical_studies,French Historical Studies,1979,14
french_historical_studies,French Historical Studies,1980,12
french_historical_studies,French Historical Studies,1981,12
french_historical_studies,French Historical Studies,1982,10
french_historical_studies,French Historical Studies,1983,10
french_historical_studies,French Historical Studies,1984,10
french_historical_studies,French Historical Studies,1985,11
french_historical_studies,French Historical Studies,1986,13
french_historical_studies,French Historical Studies,1987,16
french_historical_studies,French Historical Studies,1988,19
french_historical_studies,French Historical Studies,1989,21
french_historical_studies,French Historical Studies,1990,24
french_historical_studies,French Historical Studies,1991,27
french_historical_studies,French Historical Studies,1992,21
french_historical_studies,French Historical Studies,1993,29
french_historical_studies,French Historical Studies,1994,17
french_historical_studies,French Historical Studies,1995,30
french_historical_studies,French Historical Studies,1996,26
french_historical_studies,French Historical Studies,1997,24
french_historical_studies,French Historical Studies,1998,26
french_historical_studies,French Historical Studies,1999,20
french_historical_studies,French Historical Studies,2000,38
french_historical_studies,French Historical Studies,2001,44
french_historical_studies,French Historical Studies,2002,37
french_historical_studies,French Historical Studies,2003,35
french_historical_studies,French Historical Studies,2004,45
french_historical_studies,French Historical Studies,2005,33
french_historical_studies,French Historical Studies,2006,36
french_historical_studies,French Historical Studies,2007,35
french_historical_studies,French Historical Studies,2008,33
french_historical_studies,French Historical Studies,2009,37
french_historical_studies,French Historical Studies,2010,32
french_historical_studies,French Historical Studies,2011,32
french_historical_studies,French Historical Studies,2012,35
french_historical_studies,French Historical Studies,2013,30
french_historical_studies,French Historical Studies,2014,28
french_historical_studies,French Historical Studies,2015,35
french_historical_studies,French Historical Studies,2016,31
french_historical_studies,French Historical Studies,2017,34
french_historical_studies,French Historical Studies,2018,30
french_historical_studies,French Historical Studies,2019,28
french_historical_studies,French Historical Studies,2020,31
french_historical_studies,French Historical Studies,2021,29
french_historical_studies,French Historical Studies,2022,29
french_historical_studies,French Historical Studies,2023,25
french_historical_studies,French Historical Studies,2024,27
french_historical_studies,French Historical Studies,2025,25
french_historical_studies,French Historical Studies,2026,18
gender_history,Gender &amp; History,1989,39
gender_history,Gender &amp; History,1990,39
gender_history,Gender &amp; History,1991,36
gender_history,Gender &amp; History,1992,29
gender_history,Gender &amp; History,1993,35
gender_history,Gender &amp; History,1994,41
gender_history,Gender &amp; History,1995,34
gender_history,Gender &amp; History,1996,37
gender_history,Gender &amp; History,1997,49
gender_history,Gender &amp; History,1998,43
gender_history,Gender &amp; History,1999,46
gender_history,Gender &amp; History,2000,48
gender_history,Gender &amp; History,2001,38
gender_history,Gender &amp; History,2002,41
gender_history,Gender &amp; History,2003,40
gender_history,Gender &amp; History,2004,47
gender_history,Gender &amp; History,2005,28
gender_history,Gender &amp; History,2006,79
gender_history,Gender &amp; History,2007,72
gender_history,Gender &amp; History,2008,77
gender_history,Gender &amp; History,2009,76
gender_history,Gender &amp; History,2010,124
gender_history,Gender &amp; History,2011,91
gender_history,Gender &amp; History,2012,57
gender_history,Gender &amp; History,2013,65
gender_history,Gender &amp; History,2014,55
gender_history,Gender &amp; History,2015,76
gender_history,Gender &amp; History,2016,90
gender_history,Gender &amp; History,2017,71
gender_history,Gender &amp; History,2018,81
gender_history,Gender &amp; History,2019,50
gender_history,Gender &amp; History,2020,57
gender_history,Gender &amp; History,2021,79
gender_history,Gender &amp; History,2022,93
gender_history,Gender &amp; History,2023,89
gender_history,Gender &amp; History,2024,66
gender_history,Gender &amp; History,2025,65
gender_history,Gender &amp; History,2026,54
gender_history,"Gender &lt;html_ent glyph=""@amp;"" ascii=""&amp;amp;""/&gt; History",2005,15
german_history,German History,1984,19
german_history,German History,1985,34
german_history,German History,1986,42
german_history,German History,1987,91
german_history,German History,1988,194
german_history,German History,1989,172
german_history,German History,1990,221
german_history,German History,1991,207
german_history,German History,1992,212
german_history,German History,1993,227
german_history,German History,1994,179
german_history,German History,1995,234
german_history,German History,1996,221
german_history,German History,1997,229
german_history,German History,1998,155
german_history,German History,1999,196
german_history,German History,2000,116
german_history,German History,2001,139
german_history,German History,2002,134
german_history,German History,2003,137
german_history,German History,2004,114
german_history,German History,2005,107
german_history,German History,2006,86
german_history,German History,2007,86
german_history,German History,2008,94
german_history,German History,2009,114
german_history,German History,2010,177
german_history,German History,2011,129
german_history,German History,2012,134
german_history,German History,2013,116
german_history,German History,2014,120
german_history,German History,2015,143
german_history,German History,2016,153
german_history,German History,2017,137
german_history,German History,2018,128
german_history,German History,2019,112
german_history,German History,2020,95
german_history,German History,2021,87
german_history,German History,2022,95
german_history,German History,2023,79
german_history,German History,2024,57
german_history,German History,2025,51
german_history,German History,2026,28
geschichte_gesellschaft,Geschichte und Gesellschaft,2007,24
geschichte_gesellschaft,Geschichte und Gesellschaft,2008,24
geschichte_gesellschaft,Geschichte und Gesellschaft,2009,24
geschichte_gesellschaft,Geschichte und Gesellschaft,2010,28
geschichte_gesellschaft,Geschichte und Gesellschaft,2011,31
geschichte_gesellschaft,Geschichte und Gesellschaft,2012,33
geschichte_gesellschaft,Geschichte und Gesellschaft,2013,33
geschichte_gesellschaft,Geschichte und Gesellschaft,2014,34
geschichte_gesellschaft,Geschichte und Gesellschaft,2015,32
geschichte_gesellschaft,Geschichte und Gesellschaft,2016,33
geschichte_gesellschaft,Geschichte und Gesellschaft,2017,32
geschichte_gesellschaft,Geschichte und Gesellschaft,2018,34
geschichte_gesellschaft,Geschichte und Gesellschaft,2019,34
geschichte_gesellschaft,Geschichte und Gesellschaft,2020,51
geschichte_gesellschaft,Geschichte und Gesellschaft,2021,38
geschichte_gesellschaft,Geschichte und Gesellschaft,2022,37
geschichte_gesellschaft,Geschichte und Gesellschaft,2023,39
geschichte_gesellschaft,Geschichte und Gesellschaft,2024,33
geschichte_gesellschaft,Geschichte und Gesellschaft,2025,28
global_history,Journal of Global History,2006,34
global_history,Journal of Global History,2007,38
global_history,Journal of Global History,2008,51
global_history,Journal of Global History,2009,53
global_history,Journal of Global History,2010,45
global_history,Journal of Global History,2011,53
global_history,Journal of Global History,2012,52
global_history,Journal of Global History,2013,45
global_history,Journal of Global History,2014,42
global_history,Journal of Global History,2015,43
global_history,Journal of Global History,2016,41
global_history,Journal of Global History,2017,38
global_history,Journal of Global History,2018,42
global_history,Journal of Global History,2019,43
global_history,Journal of Global History,2020,52
global_history,Journal of Global History,2021,46
global_history,Journal of Global History,2022,31
global_history,Journal of Global History,2023,31
global_history,Journal of Global History,2024,16
global_history,Journal of Global History,2025,33
global_history,Journal of Global History,2026,36
hispanic_american,Hispanic American Historical Review,1918,54
hispanic_american,Hispanic American Historical Review,1919,64
hispanic_american,Hispanic American Historical Review,1920,70
hispanic_american,Hispanic American Historical Review,1921,79
hispanic_american,Hispanic American Historical Review,1922,72
hispanic_american,Hispanic American Historical Review,1926,35
hispanic_american,Hispanic American Historical Review,1927,65
hispanic_american,Hispanic American Historical Review,1928,82
hispanic_american,Hispanic American Historical Review,1929,67
hispanic_american,Hispanic American Historical Review,1930,74
hispanic_american,Hispanic American Historical Review,1931,83
hispanic_american,Hispanic American Historical Review,1932,80
hispanic_american,Hispanic American Historical Review,1933,86
hispanic_american,Hispanic American Historical Review,1934,91
hispanic_american,Hispanic American Historical Review,1935,88
hispanic_american,Hispanic American Historical Review,1936,101
hispanic_american,Hispanic American Historical Review,1937,88
hispanic_american,Hispanic American Historical Review,1938,98
hispanic_american,Hispanic American Historical Review,1939,169
hispanic_american,Hispanic American Historical Review,1940,211
hispanic_american,Hispanic American Historical Review,1941,270
hispanic_american,Hispanic American Historical Review,1942,309
hispanic_american,Hispanic American Historical Review,1943,327
hispanic_american,Hispanic American Historical Review,1944,235
hispanic_american,Hispanic American Historical Review,1945,199
hispanic_american,Hispanic American Historical Review,1946,264
hispanic_american,Hispanic American Historical Review,1947,267
hispanic_american,Hispanic American Historical Review,1948,230
hispanic_american,Hispanic American Historical Review,1949,186
hispanic_american,Hispanic American Historical Review,1950,168
hispanic_american,Hispanic American Historical Review,1951,168
hispanic_american,Hispanic American Historical Review,1952,154
hispanic_american,Hispanic American Historical Review,1953,125
hispanic_american,Hispanic American Historical Review,1954,273
hispanic_american,Hispanic American Historical Review,1955,414
hispanic_american,Hispanic American Historical Review,1956,435
hispanic_american,Hispanic American Historical Review,1957,377
hispanic_american,Hispanic American Historical Review,1958,389
hispanic_american,Hispanic American Historical Review,1959,396
hispanic_american,Hispanic American Historical Review,1960,430
hispanic_american,Hispanic American Historical Review,1961,353
hispanic_american,Hispanic American Historical Review,1962,311
hispanic_american,Hispanic American Historical Review,1963,359
hispanic_american,Hispanic American Historical Review,1964,351
hispanic_american,Hispanic American Historical Review,1965,271
hispanic_american,Hispanic American Historical Review,1966,222
hispanic_american,Hispanic American Historical Review,1967,364
hispanic_american,Hispanic American Historical Review,1968,441
hispanic_american,Hispanic American Historical Review,1969,409
hispanic_american,Hispanic American Historical Review,1970,365
hispanic_american,Hispanic American Historical Review,1971,268
hispanic_american,Hispanic American Historical Review,1972,292
hispanic_american,Hispanic American Historical Review,1973,252
hispanic_american,Hispanic American Historical Review,1974,235
hispanic_american,Hispanic American Historical Review,1975,253
hispanic_american,Hispanic American Historical Review,1976,271
hispanic_american,Hispanic American Historical Review,1977,303
hispanic_american,Hispanic American Historical Review,1978,323
hispanic_american,Hispanic American Historical Review,1979,336
hispanic_american,Hispanic American Historical Review,1980,311
hispanic_american,Hispanic American Historical Review,1981,372
hispanic_american,Hispanic American Historical Review,1982,228
hispanic_american,Hispanic American Historical Review,1983,242
hispanic_american,Hispanic American Historical Review,1984,264
hispanic_american,Hispanic American Historical Review,1985,169
hispanic_american,Hispanic American Historical Review,1986,198
hispanic_american,Hispanic American Historical Review,1987,204
hispanic_american,Hispanic American Historical Review,1988,260
hispanic_american,Hispanic American Historical Review,1989,237
hispanic_american,Hispanic American Historical Review,1990,170
hispanic_american,Hispanic American Historical Review,1991,225
hispanic_american,Hispanic American Historical Review,1992,173
hispanic_american,Hispanic American Historical Review,1993,245
hispanic_american,Hispanic American Historical Review,1994,248
hispanic_american,Hispanic American Historical Review,1995,281
hispanic_american,Hispanic American Historical Review,1996,256
hispanic_american,Hispanic American Historical Review,1997,306
hispanic_american,Hispanic American Historical Review,1998,148
hispanic_american,Hispanic American Historical Review,1999,173
hispanic_american,Hispanic American Historical Review,2000,177
hispanic_american,Hispanic American Historical Review,2001,160
hispanic_american,Hispanic American Historical Review,2002,155
hispanic_american,Hispanic American Historical Review,2003,172
hispanic_american,Hispanic American Historical Review,2004,184
hispanic_american,Hispanic American Historical Review,2005,177
hispanic_american,Hispanic American Historical Review,2006,188
hispanic_american,Hispanic American Historical Review,2007,163
hispanic_american,Hispanic American Historical Review,2008,181
hispanic_american,Hispanic American Historical Review,2009,183
hispanic_american,Hispanic American Historical Review,2010,177
hispanic_american,Hispanic American Historical Review,2011,152
hispanic_american,Hispanic American Historical Review,2012,136
hispanic_american,Hispanic American Historical Review,2013,167
hispanic_american,Hispanic American Historical Review,2014,144
hispanic_american,Hispanic American Historical Review,2015,154
hispanic_american,Hispanic American Historical Review,2016,157
hispanic_american,Hispanic American Historical Review,2017,144
hispanic_american,Hispanic American Historical Review,2018,192
hispanic_american,Hispanic American Historical Review,2019,166
hispanic_american,Hispanic American Historical Review,2020,181
hispanic_american,Hispanic American Historical Review,2021,183
hispanic_american,Hispanic American Historical Review,2022,170
hispanic_american,Hispanic American Historical Review,2023,256
hispanic_american,Hispanic American Historical Review,2024,89
hispanic_american,Hispanic American Historical Review,2025,168
hispanic_american,Hispanic American Historical Review,2026,182
hispanic_american,The Hispanic American Historical Review,1918,31
hispanic_american,The Hispanic American Historical Review,1919,45
hispanic_american,The Hispanic American Historical Review,1920,46
hispanic_american,The Hispanic American Historical Review,1921,58
hispanic_american,The Hispanic American Historical Review,1922,50
hispanic_american,The Hispanic American Historical Review,1926,20
hispanic_american,The Hispanic American Historical Review,1927,44
hispanic_american,The Hispanic American Historical Review,1928,59
hispanic_american,The Hispanic American Historical Review,1929,48
hispanic_american,The Hispanic American Historical Review,1930,58
hispanic_american,The Hispanic American Historical Review,1931,61
hispanic_american,The Hispanic American Historical Review,1932,58
hispanic_american,The Hispanic American Historical Review,1933,64
hispanic_american,The Hispanic American Historical Review,1934,67
hispanic_american,The Hispanic American Historical Review,1935,66
hispanic_american,The Hispanic American Historical Review,1936,73
hispanic_american,The Hispanic American Historical Review,1937,62
hispanic_american,The Hispanic American Historical Review,1938,69
hispanic_american,The Hispanic American Historical Review,1939,88
hispanic_american,The Hispanic American Historical Review,1940,103
hispanic_american,The Hispanic American Historical Review,1941,103
hispanic_american,The Hispanic American Historical Review,1942,119
hispanic_american,The Hispanic American Historical Review,1943,150
hispanic_american,The Hispanic American Historical Review,1944,114
hispanic_american,The Hispanic American Historical Review,1945,73
hispanic_american,The Hispanic American Historical Review,1946,112
hispanic_american,The Hispanic American Historical Review,1947,121
hispanic_american,The Hispanic American Historical Review,1948,138
hispanic_american,The Hispanic American Historical Review,1949,117
hispanic_american,The Hispanic American Historical Review,1950,131
hispanic_american,The Hispanic American Historical Review,1951,152
hispanic_american,The Hispanic American Historical Review,1952,143
hispanic_american,The Hispanic American Historical Review,1953,113
hispanic_american,The Hispanic American Historical Review,1954,128
hispanic_american,The Hispanic American Historical Review,1955,122
hispanic_american,The Hispanic American Historical Review,1956,104
hispanic_american,The Hispanic American Historical Review,1957,79
hispanic_american,The Hispanic American Historical Review,1958,80
hispanic_american,The Hispanic American Historical Review,1959,69
hispanic_american,The Hispanic American Historical Review,1960,85
hispanic_american,The Hispanic American Historical Review,1961,86
hispanic_american,The Hispanic American Historical Review,1962,103
hispanic_american,The Hispanic American Historical Review,1963,127
hispanic_american,The Hispanic American Historical Review,1964,133
hispanic_american,The Hispanic American Historical Review,1965,102
hispanic_american,The Hispanic American Historical Review,1966,131
hispanic_american,The Hispanic American Historical Review,1967,242
hispanic_american,The Hispanic American Historical Review,1968,290
hispanic_american,The Hispanic American Historical Review,1969,295
hispanic_american,The Hispanic American Historical Review,1970,242
hispanic_american,The Hispanic American Historical Review,1971,182
hispanic_american,The Hispanic American Historical Review,1972,179
hispanic_american,The Hispanic American Historical Review,1973,176
hispanic_american,The Hispanic American Historical Review,1974,149
hispanic_american,The Hispanic American Historical Review,1975,169
hispanic_american,The Hispanic American Historical Review,1976,162
hispanic_american,The Hispanic American Historical Review,1977,191
hispanic_american,The Hispanic American Historical Review,1978,221
hispanic_american,The Hispanic American Historical Review,1979,222
hispanic_american,The Hispanic American Historical Review,1980,223
hispanic_american,The Hispanic American Historical Review,1981,260
hispanic_american,The Hispanic American Historical Review,1982,171
hispanic_american,The Hispanic American Historical Review,1983,147
hispanic_american,The Hispanic American Historical Review,1984,150
hispanic_american,The Hispanic American Historical Review,1985,117
hispanic_american,The Hispanic American Historical Review,1986,159
hispanic_american,The Hispanic American Historical Review,1987,189
hispanic_american,The Hispanic American Historical Review,1988,240
hispanic_american,The Hispanic American Historical Review,1989,216
hispanic_american,The Hispanic American Historical Review,1990,156
hispanic_american,The Hispanic American Historical Review,1991,203
hispanic_american,The Hispanic American Historical Review,1992,154
hispanic_american,The Hispanic American Historical Review,1993,234
hispanic_american,The Hispanic American Historical Review,1994,230
hispanic_american,The Hispanic American Historical Review,1995,265
hispanic_american,The Hispanic American Historical Review,1996,233
hispanic_american,The Hispanic American Historical Review,1997,292
hispanic_american,The Hispanic American Historical Review,1998,134
historical_journal,The Historical Journal,1958,30
historical_journal,The Historical Journal,1959,27
historical_journal,The Historical Journal,1960,28
historical_journal,The Historical Journal,1961,29
historical_journal,The Historical Journal,1962,31
historical_journal,The Historical Journal,1963,34
historical_journal,The Historical Journal,1964,34
historical_journal,The Historical Journal,1965,42
historical_journal,The Historical Journal,1966,46
historical_journal,The Historical Journal,1967,61
historical_journal,The Historical Journal,1968,60
historical_journal,The Historical Journal,1969,73
historical_journal,The Historical Journal,1970,73
historical_journal,The Historical Journal,1971,73
historical_journal,The Historical Journal,1972,77
historical_journal,The Historical Journal,1973,77
historical_journal,The Historical Journal,1974,72
historical_journal,The Historical Journal,1975,88
historical_journal,The Historical Journal,1976,84
historical_journal,The Historical Journal,1977,64
historical_journal,The Historical Journal,1978,75
historical_journal,The Historical Journal,1979,64
historical_journal,The Historical Journal,1980,70
historical_journal,The Historical Journal,1981,77
historical_journal,The Historical Journal,1982,80
historical_journal,The Historical Journal,1983,74
historical_journal,The Historical Journal,1984,62
historical_journal,The Historical Journal,1985,69
historical_journal,The Historical Journal,1986,62
historical_journal,The Historical Journal,1987,70
historical_journal,The Historical Journal,1988,80
historical_journal,The Historical Journal,1989,97
historical_journal,The Historical Journal,1990,83
historical_journal,The Historical Journal,1991,74
historical_journal,The Historical Journal,1992,76
historical_journal,The Historical Journal,1993,77
historical_journal,The Historical Journal,1994,80
historical_journal,The Historical Journal,1995,86
historical_journal,The Historical Journal,1996,86
historical_journal,The Historical Journal,1997,67
historical_journal,The Historical Journal,1998,63
historical_journal,The Historical Journal,1999,68
historical_journal,The Historical Journal,2000,70
historical_journal,The Historical Journal,2001,62
historical_journal,The Historical Journal,2002,56
historical_journal,The Historical Journal,2003,62
historical_journal,The Historical Journal,2004,59
historical_journal,The Historical Journal,2005,69
historical_journal,The Historical Journal,2006,64
historical_journal,The Historical Journal,2007,54
historical_journal,The Historical Journal,2008,67
historical_journal,The Historical Journal,2009,79
historical_journal,The Historical Journal,2010,70
historical_journal,The Historical Journal,2011,60
historical_journal,The Historical Journal,2012,60
historical_journal,The Historical Journal,2013,53
historical_journal,The Historical Journal,2014,55
historical_journal,The Historical Journal,2015,71
historical_journal,The Historical Journal,2016,65
historical_journal,The Historical Journal,2017,63
historical_journal,The Historical Journal,2018,59
historical_journal,The Historical Journal,2019,57
historical_journal,The Historical Journal,2020,79
historical_journal,The Historical Journal,2021,89
historical_journal,The Historical Journal,2022,43
historical_journal,The Historical Journal,2023,58
historical_journal,The Historical Journal,2024,74
historical_journal,The Historical Journal,2025,73
historical_journal,The Historical Journal,2026,57
historische_zeitschrift,Historische Zeitschrift,1859,51
historische_zeitschrift,Historische Zeitschrift,1860,27
historische_zeitschrift,Historische Zeitschrift,1861,29
historische_zeitschrift,Historische Zeitschrift,1862,30
historische_zeitschrift,Historische Zeitschrift,1863,26
historische_zeitschrift,Historische Zeitschrift,1864,31
historische_zeitschrift,Historische Zeitschrift,1865,28
historische_zeitschrift,Historische Zeitschrift,1866,28
historische_zeitschrift,Historische Zeitschrift,1867,25
historische_zeitschrift,Historische Zeitschrift,1868,26
historische_zeitschrift,Historische Zeitschrift,1869,28
historische_zeitschrift,Historische Zeitschrift,1870,33
historische_zeitschrift,Historische Zeitschrift,1871,27
historische_zeitschrift,Historische Zeitschrift,1872,28
historische_zeitschrift,Historische Zeitschrift,1873,32
historische_zeitschrift,Historische Zeitschrift,1874,31
historische_zeitschrift,Historische Zeitschrift,1875,22
historische_zeitschrift,Historische Zeitschrift,1876,27
historische_zeitschrift,Historische Zeitschrift,1877,29
historische_zeitschrift,Historische Zeitschrift,1878,34
historische_zeitschrift,Historische Zeitschrift,1879,32
historische_zeitschrift,Historische Zeitschrift,1880,29
historische_zeitschrift,Historische Zeitschrift,1881,29
historische_zeitschrift,Historische Zeitschrift,1882,27
historische_zeitschrift,Historische Zeitschrift,1883,44
historische_zeitschrift,Historische Zeitschrift,1884,13
historische_zeitschrift,Historische Zeitschrift,1885,30
historische_zeitschrift,Historische Zeitschrift,1886,28
historische_zeitschrift,Historische Zeitschrift,1887,36
historische_zeitschrift,Historische Zeitschrift,1888,43
historische_zeitschrift,Historische Zeitschrift,1889,59
historische_zeitschrift,Historische Zeitschrift,1890,36
historische_zeitschrift,Historische Zeitschrift,1891,35
historische_zeitschrift,Historische Zeitschrift,1892,38
historische_zeitschrift,Historische Zeitschrift,1893,45
historische_zeitschrift,Historische Zeitschrift,1894,36
historische_zeitschrift,Historische Zeitschrift,1895,37
historische_zeitschrift,Historische Zeitschrift,1896,36
historische_zeitschrift,Historische Zeitschrift,1897,44
historische_zeitschrift,Historische Zeitschrift,1898,35
historische_zeitschrift,Historische Zeitschrift,1899,37
historische_zeitschrift,Historische Zeitschrift,1900,36
historische_zeitschrift,Historische Zeitschrift,1901,39
historische_zeitschrift,Historische Zeitschrift,1902,34
historische_zeitschrift,Historische Zeitschrift,1903,33
historische_zeitschrift,Historische Zeitschrift,1904,43
historische_zeitschrift,Historische Zeitschrift,1905,35
historische_zeitschrift,Historische Zeitschrift,1906,36
historische_zeitschrift,Historische Zeitschrift,1907,155
historische_zeitschrift,Historische Zeitschrift,1908,41
historische_zeitschrift,Historische Zeitschrift,1909,46
historische_zeitschrift,Historische Zeitschrift,1910,42
historische_zeitschrift,Historische Zeitschrift,1911,45
historische_zeitschrift,Historische Zeitschrift,1912,43
historische_zeitschrift,Historische Zeitschrift,1913,39
historische_zeitschrift,Historische Zeitschrift,1914,40
historische_zeitschrift,Historische Zeitschrift,1915,16
historische_zeitschrift,Historische Zeitschrift,1916,41
historische_zeitschrift,Historische Zeitschrift,1917,39
historische_zeitschrift,Historische Zeitschrift,1919,52
historische_zeitschrift,Historische Zeitschrift,1920,19
historische_zeitschrift,Historische Zeitschrift,1921,35
historische_zeitschrift,Historische Zeitschrift,1922,37
historische_zeitschrift,Historische Zeitschrift,1923,39
historische_zeitschrift,Historische Zeitschrift,1924,37
historische_zeitschrift,Historische Zeitschrift,1925,42
historische_zeitschrift,Historische Zeitschrift,1926,44
historische_zeitschrift,Historische Zeitschrift,1927,36
historische_zeitschrift,Historische Zeitschrift,1928,136
historische_zeitschrift,Historische Zeitschrift,1929,43
historische_zeitschrift,Historische Zeitschrift,1930,43
historische_zeitschrift,Historische Zeitschrift,1931,40
historische_zeitschrift,Historische Zeitschrift,1932,39
historische_zeitschrift,Historische Zeitschrift,1933,52
historische_zeitschrift,Historische Zeitschrift,1934,44
historische_zeitschrift,Historische Zeitschrift,1935,45
historische_zeitschrift,Historische Zeitschrift,1936,48
historische_zeitschrift,Historische Zeitschrift,1937,39
historische_zeitschrift,Historische Zeitschrift,1938,107
historische_zeitschrift,Historische Zeitschrift,1939,50
historische_zeitschrift,Historische Zeitschrift,1940,53
historische_zeitschrift,Historische Zeitschrift,1941,51
historische_zeitschrift,Historische Zeitschrift,1942,45
historische_zeitschrift,Historische Zeitschrift,1943,130
historische_zeitschrift,Historische Zeitschrift,1949,124
historische_zeitschrift,Historische Zeitschrift,1950,15
historische_zeitschrift,Historische Zeitschrift,1951,36
historische_zeitschrift,Historische Zeitschrift,1952,42
historische_zeitschrift,Historische Zeitschrift,1953,45
historische_zeitschrift,Historische Zeitschrift,1954,37
historische_zeitschrift,Historische Zeitschrift,1955,34
historische_zeitschrift,Historische Zeitschrift,1956,33
historische_zeitschrift,Historische Zeitschrift,1957,35
historische_zeitschrift,Historische Zeitschrift,1958,50
historische_zeitschrift,Historische Zeitschrift,1959,45
historische_zeitschrift,Historische Zeitschrift,1960,42
historische_zeitschrift,Historische Zeitschrift,1961,38
historische_zeitschrift,Historische Zeitschrift,1962,61
historische_zeitschrift,Historische Zeitschrift,1963,45
historische_zeitschrift,Historische Zeitschrift,1964,39
historische_zeitschrift,Historische Zeitschrift,1965,52
historische_zeitschrift,Historische Zeitschrift,1966,37
historische_zeitschrift,Historische Zeitschrift,1967,31
historische_zeitschrift,Historische Zeitschrift,1968,35
historische_zeitschrift,Historische Zeitschrift,1969,71
historische_zeitschrift,Historische Zeitschrift,1970,101
historische_zeitschrift,Historische Zeitschrift,1971,48
historische_zeitschrift,Historische Zeitschrift,1972,47
historische_zeitschrift,Historische Zeitschrift,1973,58
historische_zeitschrift,Historische Zeitschrift,1974,44
historische_zeitschrift,Historische Zeitschrift,1975,50
historische_zeitschrift,Historische Zeitschrift,1976,40
historische_zeitschrift,Historische Zeitschrift,1977,46
historische_zeitschrift,Historische Zeitschrift,1978,83
historische_zeitschrift,Historische Zeitschrift,1979,48
historische_zeitschrift,Historische Zeitschrift,1980,46
historische_zeitschrift,Historische Zeitschrift,1981,44
historische_zeitschrift,Historische Zeitschrift,1982,46
historische_zeitschrift,Historische Zeitschrift,1983,49
historische_zeitschrift,Historische Zeitschrift,1984,52
historische_zeitschrift,Historische Zeitschrift,1985,55
historische_zeitschrift,Historische Zeitschrift,1986,45
historische_zeitschrift,Historische Zeitschrift,1987,47
historische_zeitschrift,Historische Zeitschrift,1988,47
historische_zeitschrift,Historische Zeitschrift,1989,40
historische_zeitschrift,Historische Zeitschrift,1990,47
historische_zeitschrift,Historische Zeitschrift,1991,46
historische_zeitschrift,Historische Zeitschrift,1992,43
historische_zeitschrift,Historische Zeitschrift,1993,46
historische_zeitschrift,Historische Zeitschrift,1994,40
historische_zeitschrift,Historische Zeitschrift,1995,47
historische_zeitschrift,Historische Zeitschrift,1996,44
historische_zeitschrift,Historische Zeitschrift,1997,39
historische_zeitschrift,Historische Zeitschrift,1998,42
historische_zeitschrift,Historische Zeitschrift,1999,44
historische_zeitschrift,Historische Zeitschrift,2000,40
historische_zeitschrift,Historische Zeitschrift,2001,35
historische_zeitschrift,Historische Zeitschrift,2002,36
historische_zeitschrift,Historische Zeitschrift,2003,40
historische_zeitschrift,Historische Zeitschrift,2004,48
historische_zeitschrift,Historische Zeitschrift,2005,43
historische_zeitschrift,Historische Zeitschrift,2006,42
historische_zeitschrift,Historische Zeitschrift,2007,91
historische_zeitschrift,Historische Zeitschrift,2008,56
historische_zeitschrift,Historische Zeitschrift,2009,20
historische_zeitschrift,Historische Zeitschrift,2010,64
historische_zeitschrift,Historische Zeitschrift,2011,65
historische_zeitschrift,Historische Zeitschrift,2012,338
historische_zeitschrift,Historische Zeitschrift,2013,696
historische_zeitschrift,Historische Zeitschrift,2014,643
historische_zeitschrift,Historische Zeitschrift,2015,553
historische_zeitschrift,Historische Zeitschrift,2016,535
historische_zeitschrift,Historische Zeitschrift,2017,581
historische_zeitschrift,Historische Zeitschrift,2018,638
historische_zeitschrift,Historische Zeitschrift,2019,582
historische_zeitschrift,Historische Zeitschrift,2020,556
historische_zeitschrift,Historische Zeitschrift,2021,492
historische_zeitschrift,Historische Zeitschrift,2022,535
historische_zeitschrift,Historische Zeitschrift,2023,428
historische_zeitschrift,Historische Zeitschrift,2024,425
historische_zeitschrift,Historische Zeitschrift,2025,394
historische_zeitschrift,Historische Zeitschrift,2026,306
history_ideas,Journal of the History of Ideas,1940,31
history_ideas,Journal of the History of Ideas,1941,29
history_ideas,Journal of the History of Ideas,1942,26
history_ideas,Journal of the History of Ideas,1943,25
history_ideas,Journal of the History of Ideas,1944,27
history_ideas,Journal of the History of Ideas,1945,34
history_ideas,Journal of the History of Ideas,1946,27
history_ideas,Journal of the History of Ideas,1947,27
history_ideas,Journal of the History of Ideas,1948,25
history_ideas,Journal of the History of Ideas,1949,39
history_ideas,Journal of the History of Ideas,1950,30
history_ideas,Journal of the History of Ideas,1951,34
history_ideas,Journal of the History of Ideas,1952,34
history_ideas,Journal of the History of Ideas,1953,40
history_ideas,Journal of the History of Ideas,1954,38
history_ideas,Journal of the History of Ideas,1955,39
history_ideas,Journal of the History of Ideas,1956,40
history_ideas,Journal of the History of Ideas,1957,39
history_ideas,Journal of the History of Ideas,1958,47
history_ideas,Journal of the History of Ideas,1959,42
history_ideas,Journal of the History of Ideas,1960,43
history_ideas,Journal of the History of Ideas,1961,45
history_ideas,Journal of the History of Ideas,1962,39
history_ideas,Journal of the History of Ideas,1963,45
history_ideas,Journal of the History of Ideas,1964,42
history_ideas,Journal of the History of Ideas,1965,43
history_ideas,Journal of the History of Ideas,1966,46
history_ideas,Journal of the History of Ideas,1967,49
history_ideas,Journal of the History of Ideas,1968,43
history_ideas,Journal of the History of Ideas,1969,44
history_ideas,Journal of the History of Ideas,1970,50
history_ideas,Journal of the History of Ideas,1971,47
history_ideas,Journal of the History of Ideas,1972,44
history_ideas,Journal of the History of Ideas,1973,54
history_ideas,Journal of the History of Ideas,1974,51
history_ideas,Journal of the History of Ideas,1975,51
history_ideas,Journal of the History of Ideas,1976,48
history_ideas,Journal of the History of Ideas,1977,55
history_ideas,Journal of the History of Ideas,1978,49
history_ideas,Journal of the History of Ideas,1979,45
history_ideas,Journal of the History of Ideas,1980,42
history_ideas,Journal of the History of Ideas,1981,41
history_ideas,Journal of the History of Ideas,1982,40
history_ideas,Journal of the History of Ideas,1983,42
history_ideas,Journal of the History of Ideas,1984,40
history_ideas,Journal of the History of Ideas,1985,38
history_ideas,Journal of the History of Ideas,1986,42
history_ideas,Journal of the History of Ideas,1987,39
history_ideas,Journal of the History of Ideas,1988,39
history_ideas,Journal of the History of Ideas,1989,35
history_ideas,Journal of the History of Ideas,1990,34
history_ideas,Journal of the History of Ideas,1991,35
history_ideas,Journal of the History of Ideas,1992,37
history_ideas,Journal of the History of Ideas,1993,33
history_ideas,Journal of the History of Ideas,1994,34
history_ideas,Journal of the History of Ideas,1995,33
history_ideas,Journal of the History of Ideas,1996,74
history_ideas,Journal of the History of Ideas,1997,70
history_ideas,Journal of the History of Ideas,1998,82
history_ideas,Journal of the History of Ideas,1999,75
history_ideas,Journal of the History of Ideas,2000,79
history_ideas,Journal of the History of Ideas,2001,78
history_ideas,Journal of the History of Ideas,2002,76
history_ideas,Journal of the History of Ideas,2003,68
history_ideas,Journal of the History of Ideas,2004,44
history_ideas,Journal of the History of Ideas,2005,38
history_ideas,Journal of the History of Ideas,2006,40
history_ideas,Journal of the History of Ideas,2007,43
history_ideas,Journal of the History of Ideas,2008,43
history_ideas,Journal of the History of Ideas,2009,39
history_ideas,Journal of the History of Ideas,2010,36
history_ideas,Journal of the History of Ideas,2011,34
history_ideas,Journal of the History of Ideas,2012,44
history_ideas,Journal of the History of Ideas,2013,39
history_ideas,Journal of the History of Ideas,2014,40
history_ideas,Journal of the History of Ideas,2015,37
history_ideas,Journal of the History of Ideas,2016,40
history_ideas,Journal of the History of Ideas,2017,39
history_ideas,Journal of the History of Ideas,2018,41
history_ideas,Journal of the History of Ideas,2019,38
history_ideas,Journal of the History of Ideas,2020,37
history_ideas,Journal of the History of Ideas,2021,39
history_ideas,Journal of the History of Ideas,2022,39
history_ideas,Journal of the History of Ideas,2023,40
history_ideas,Journal of the History of Ideas,2024,35
history_ideas,Journal of the History of Ideas,2025,49
history_ideas,Journal of the History of Ideas,2026,44
history_theory,History and Theory,1960,7
history_theory,History and Theory,1961,16
history_theory,History and Theory,1962,19
history_theory,History and Theory,1963,45
history_theory,History and Theory,1964,19
history_theory,History and Theory,1965,25
history_theory,History and Theory,1966,35
history_theory,History and Theory,1967,37
history_theory,History and Theory,1968,32
history_theory,History and Theory,1969,29
history_theory,History and Theory,1970,26
history_theory,History and Theory,1971,29
history_theory,History and Theory,1972,23
history_theory,History and Theory,1973,24
history_theory,History and Theory,1974,24
history_theory,History and Theory,1975,26
history_theory,History and Theory,1976,32
history_theory,History and Theory,1977,26
history_theory,History and Theory,1978,29
history_theory,History and Theory,1979,24
history_theory,History and Theory,1980,29
history_theory,History and Theory,1981,29
history_theory,History and Theory,1982,30
history_theory,History and Theory,1983,29
history_theory,History and Theory,1984,26
history_theory,History and Theory,1985,23
history_theory,History and Theory,1986,31
history_theory,History and Theory,1987,31
history_theory,History and Theory,1988,33
history_theory,History and Theory,1989,22
history_theory,History and Theory,1990,31
history_theory,History and Theory,1991,32
history_theory,History and Theory,1992,32
history_theory,History and Theory,1993,31
history_theory,History and Theory,1994,30
history_theory,History and Theory,1995,31
history_theory,History and Theory,1996,26
history_theory,History and Theory,1997,38
history_theory,History and Theory,1998,42
history_theory,History and Theory,1999,40
history_theory,History and Theory,2000,43
history_theory,History and Theory,2001,43
history_theory,History and Theory,2002,42
history_theory,History and Theory,2003,40
history_theory,History and Theory,2004,46
history_theory,History and Theory,2005,45
history_theory,History and Theory,2006,47
history_theory,History and Theory,2007,48
history_theory,History and Theory,2008,54
history_theory,History and Theory,2009,47
history_theory,History and Theory,2010,44
history_theory,History and Theory,2011,48
history_theory,History and Theory,2012,46
history_theory,History and Theory,2013,45
history_theory,History and Theory,2014,50
history_theory,History and Theory,2015,50
history_theory,History and Theory,2016,52
history_theory,History and Theory,2017,55
history_theory,History and Theory,2018,53
history_theory,History and Theory,2019,55
history_theory,History and Theory,2020,51
history_theory,History and Theory,2021,57
history_theory,History and Theory,2022,50
history_theory,History and Theory,2023,48
history_theory,History and Theory,2024,45
history_theory,History and Theory,2025,51
history_theory,History and Theory,2026,23
history_workshop,History Workshop Journal,1976,60
history_workshop,History Workshop Journal,1977,63
history_workshop,History Workshop Journal,1978,65
history_workshop,History Workshop Journal,1979,70
history_workshop,History Workshop Journal,1980,67
history_workshop,History Workshop Journal,1981,67
history_workshop,History Workshop Journal,1982,62
history_workshop,History Workshop Journal,1983,117
history_workshop,History Workshop Journal,1984,83
history_workshop,History Workshop Journal,1985,52
history_workshop,History Workshop Journal,1986,74
history_workshop,History Workshop Journal,1987,73
history_workshop,History Workshop Journal,1988,67
history_workshop,History Workshop Journal,1989,76
history_workshop,History Workshop Journal,1990,98
history_workshop,History Workshop Journal,1991,91
history_workshop,History Workshop Journal,1992,69
history_workshop,History Workshop Journal,1993,66
history_workshop,History Workshop Journal,1994,80
history_workshop,History Workshop Journal,1995,85
history_workshop,History Workshop Journal,1996,49
history_workshop,History Workshop Journal,1997,50
history_workshop,History Workshop Journal,1998,32
history_workshop,History Workshop Journal,1999,39
history_workshop,History Workshop Journal,2000,47
history_workshop,History Workshop Journal,2001,54
history_workshop,History Workshop Journal,2002,60
history_workshop,History Workshop Journal,2003,58
history_workshop,History Workshop Journal,2004,55
history_workshop,History Workshop Journal,2005,47
history_workshop,History Workshop Journal,2006,59
history_workshop,History Workshop Journal,2007,65
history_workshop,History Workshop Journal,2008,54
history_workshop,History Workshop Journal,2009,57
history_workshop,History Workshop Journal,2010,58
history_workshop,History Workshop Journal,2011,61
history_workshop,History Workshop Journal,2012,59
history_workshop,History Workshop Journal,2013,53
history_workshop,History Workshop Journal,2014,48
history_workshop,History Workshop Journal,2015,43
history_workshop,History Workshop Journal,2016,43
history_workshop,History Workshop Journal,2017,48
history_workshop,History Workshop Journal,2018,45
history_workshop,History Workshop Journal,2019,48
history_workshop,History Workshop Journal,2020,37
history_workshop,History Workshop Journal,2021,34
history_workshop,History Workshop Journal,2022,34
history_workshop,History Workshop Journal,2023,27
history_workshop,History Workshop Journal,2024,31
history_workshop,History Workshop Journal,2025,35
history_workshop,History Workshop Journal,2026,22
interdisciplinary_history,Journal of Interdisciplinary History,1970,10
interdisciplinary_history,Journal of Interdisciplinary History,1971,70
interdisciplinary_history,Journal of Interdisciplinary History,1972,80
interdisciplinary_history,Journal of Interdisciplinary History,1973,74
interdisciplinary_history,Journal of Interdisciplinary History,1974,79
interdisciplinary_history,Journal of Interdisciplinary History,1975,83
interdisciplinary_history,Journal of Interdisciplinary History,1976,102
interdisciplinary_history,Journal of Interdisciplinary History,1977,96
interdisciplinary_history,Journal of Interdisciplinary History,1978,120
interdisciplinary_history,Journal of Interdisciplinary History,1979,153
interdisciplinary_history,Journal of Interdisciplinary History,1980,141
interdisciplinary_history,Journal of Interdisciplinary History,1981,117
interdisciplinary_history,Journal of Interdisciplinary History,1982,150
interdisciplinary_history,Journal of Interdisciplinary History,1983,97
interdisciplinary_history,Journal of Interdisciplinary History,1984,158
interdisciplinary_history,Journal of Interdisciplinary History,1985,128
interdisciplinary_history,Journal of Interdisciplinary History,1986,116
interdisciplinary_history,Journal of Interdisciplinary History,1987,124
interdisciplinary_history,Journal of Interdisciplinary History,1988,179
interdisciplinary_history,Journal of Interdisciplinary History,1989,162
interdisciplinary_history,Journal of Interdisciplinary History,1990,162
interdisciplinary_history,Journal of Interdisciplinary History,1991,161
interdisciplinary_history,Journal of Interdisciplinary History,1992,234
interdisciplinary_history,Journal of Interdisciplinary History,1993,182
interdisciplinary_history,Journal of Interdisciplinary History,1994,212
interdisciplinary_history,Journal of Interdisciplinary History,1995,316
interdisciplinary_history,Journal of Interdisciplinary History,1996,263
interdisciplinary_history,Journal of Interdisciplinary History,1997,262
interdisciplinary_history,Journal of Interdisciplinary History,1998,4
interdisciplinary_history,Journal of Interdisciplinary History,1999,63
interdisciplinary_history,Journal of Interdisciplinary History,2000,42
interdisciplinary_history,Journal of Interdisciplinary History,2001,3
interdisciplinary_history,Journal of Interdisciplinary History,2002,4
interdisciplinary_history,Journal of Interdisciplinary History,2003,4
interdisciplinary_history,Journal of Interdisciplinary History,2004,4
interdisciplinary_history,Journal of Interdisciplinary History,2005,4
interdisciplinary_history,Journal of Interdisciplinary History,2006,4
interdisciplinary_history,Journal of Interdisciplinary History,2007,4
interdisciplinary_history,Journal of Interdisciplinary History,2008,3
interdisciplinary_history,Journal of Interdisciplinary History,2009,1
interdisciplinary_history,The Journal of Interdisciplinary History,1998,97
interdisciplinary_history,The Journal of Interdisciplinary History,1999,123
interdisciplinary_history,The Journal of Interdisciplinary History,2000,242
interdisciplinary_history,The Journal of Interdisciplinary History,2001,194
interdisciplinary_history,The Journal of Interdisciplinary History,2002,174
interdisciplinary_history,The Journal of Interdisciplinary History,2003,181
interdisciplinary_history,The Journal of Interdisciplinary History,2004,199
interdisciplinary_history,The Journal of Interdisciplinary History,2005,174
interdisciplinary_history,The Journal of Interdisciplinary History,2006,148
interdisciplinary_history,The Journal of Interdisciplinary History,2007,250
interdisciplinary_history,The Journal of Interdisciplinary History,2008,214
interdisciplinary_history,The Journal of Interdisciplinary History,2009,165
interdisciplinary_history,The Journal of Interdisciplinary History,2010,234
interdisciplinary_history,The Journal of Interdisciplinary History,2011,139
interdisciplinary_history,The Journal of Interdisciplinary History,2012,145
interdisciplinary_history,The Journal of Interdisciplinary History,2013,140
interdisciplinary_history,The Journal of Interdisciplinary History,2014,142
interdisciplinary_history,The Journal of Interdisciplinary History,2015,141
interdisciplinary_history,The Journal of Interdisciplinary History,2016,140
interdisciplinary_history,The Journal of Interdisciplinary History,2017,141
interdisciplinary_history,The Journal of Interdisciplinary History,2018,141
interdisciplinary_history,The Journal of Interdisciplinary History,2019,145
interdisciplinary_history,The Journal of Interdisciplinary History,2020,145
interdisciplinary_history,The Journal of Interdisciplinary History,2021,138
interdisciplinary_history,The Journal of Interdisciplinary History,2022,142
interdisciplinary_history,The Journal of Interdisciplinary History,2023,90
interdisciplinary_history,The Journal of Interdisciplinary History,2024,63
interdisciplinary_history,The Journal of Interdisciplinary History,2025,37
interdisciplinary_history,The Journal of Interdisciplinary History,2026,22
international_social_history,International Review of Social History,1956,25
international_social_history,International Review of Social History,1957,22
international_social_history,International Review of Social History,1958,23
international_social_history,International Review of Social History,1959,27
international_social_history,International Review of Social History,1960,22
international_social_history,International Review of Social History,1961,24
international_social_history,International Review of Social History,1962,23
international_social_history,International Review of Social History,1963,25
international_social_history,International Review of Social History,1964,24
international_social_history,International Review of Social History,1965,27
international_social_history,International Review of Social History,1966,27
international_social_history,International Review of Social History,1967,24
international_social_history,International Review of Social History,1968,26
international_social_history,International Review of Social History,1969,24
international_social_history,International Review of Social History,1970,23
international_social_history,International Review of Social History,1971,19
international_social_history,International Review of Social History,1972,47
international_social_history,International Review of Social History,1973,31
international_social_history,International Review of Social History,1974,33
international_social_history,International Review of Social History,1975,31
international_social_history,International Review of Social History,1976,28
international_social_history,International Review of Social History,1977,30
international_social_history,International Review of Social History,1978,25
international_social_history,International Review of Social History,1979,25
international_social_history,International Review of Social History,1980,25
international_social_history,International Review of Social History,1981,25
international_social_history,International Review of Social History,1982,25
international_social_history,International Review of Social History,1983,26
international_social_history,International Review of Social History,1984,24
international_social_history,International Review of Social History,1985,25
international_social_history,International Review of Social History,1986,27
international_social_history,International Review of Social History,1987,31
international_social_history,International Review of Social History,1988,42
international_social_history,International Review of Social History,1989,67
international_social_history,International Review of Social History,1990,53
international_social_history,International Review of Social History,1991,59
international_social_history,International Review of Social History,1992,59
international_social_history,International Review of Social History,1993,64
international_social_history,International Review of Social History,1994,61
international_social_history,International Review of Social History,1995,68
international_social_history,International Review of Social History,1996,67
international_social_history,International Review of Social History,1997,70
international_social_history,International Review of Social History,1998,71
international_social_history,International Review of Social History,1999,74
international_social_history,International Review of Social History,2000,68
international_social_history,International Review of Social History,2001,75
international_social_history,International Review of Social History,2002,72
international_social_history,International Review of Social History,2003,69
international_social_history,International Review of Social History,2004,71
international_social_history,International Review of Social History,2005,69
international_social_history,International Review of Social History,2006,69
international_social_history,International Review of Social History,2007,76
international_social_history,International Review of Social History,2008,66
international_social_history,International Review of Social History,2009,71
international_social_history,International Review of Social History,2010,71
international_social_history,International Review of Social History,2011,78
international_social_history,International Review of Social History,2012,78
international_social_history,International Review of Social History,2013,70
international_social_history,International Review of Social History,2014,64
international_social_history,International Review of Social History,2015,67
international_social_history,International Review of Social History,2016,60
international_social_history,International Review of Social History,2017,68
international_social_history,International Review of Social History,2018,69
international_social_history,International Review of Social History,2019,74
international_social_history,International Review of Social History,2020,72
international_social_history,International Review of Social History,2021,64
international_social_history,International Review of Social History,2022,85
international_social_history,International Review of Social History,2023,72
international_social_history,International Review of Social History,2024,90
international_social_history,International Review of Social History,2025,87
international_social_history,International Review of Social History,2026,47
isis,Isis,1913,106
isis,Isis,1914,42
isis,Isis,1919,28
isis,Isis,1920,66
isis,Isis,1921,134
isis,Isis,1922,49
isis,Isis,1923,92
isis,Isis,1924,104
isis,Isis,1925,72
isis,Isis,1926,112
isis,Isis,1927,79
isis,Isis,1928,100
isis,Isis,1929,79
isis,Isis,1930,93
isis,Isis,1931,112
isis,Isis,1932,90
isis,Isis,1933,98
isis,Isis,1934,144
isis,Isis,1935,128
isis,Isis,1936,160
isis,Isis,1937,138
isis,Isis,1938,200
isis,Isis,1939,121
isis,Isis,1940,157
isis,Isis,1941,111
isis,Isis,1942,94
isis,Isis,1943,120
isis,Isis,1944,92
isis,Isis,1945,24
isis,Isis,1946,49
isis,Isis,1947,118
isis,Isis,1948,105
isis,Isis,1949,124
isis,Isis,1950,141
isis,Isis,1951,144
isis,Isis,1952,140
isis,Isis,1953,109
isis,Isis,1954,110
isis,Isis,1955,85
isis,Isis,1956,97
isis,Isis,1957,113
isis,Isis,1958,100
isis,Isis,1959,125
isis,Isis,1960,148
isis,Isis,1961,95
isis,Isis,1962,149
isis,Isis,1963,143
isis,Isis,1964,145
isis,Isis,1965,166
isis,Isis,1966,118
isis,Isis,1967,167
isis,Isis,1968,132
isis,Isis,1969,145
isis,Isis,1970,144
isis,Isis,1971,149
isis,Isis,1972,219
isis,Isis,1973,191
isis,Isis,1974,173
isis,Isis,1975,183
isis,Isis,1976,186
isis,Isis,1977,234
isis,Isis,1978,235
isis,Isis,1979,271
isis,Isis,1980,258
isis,Isis,1981,274
isis,Isis,1982,287
isis,Isis,1983,265
isis,Isis,1984,328
isis,Isis,1985,318
isis,Isis,1986,308
isis,Isis,1987,320
isis,Isis,1988,300
isis,Isis,1989,346
isis,Isis,1990,405
isis,Isis,1991,403
isis,Isis,1992,365
isis,Isis,1993,370
isis,Isis,1994,364
isis,Isis,1995,343
isis,Isis,1996,344
isis,Isis,1997,310
isis,Isis,1998,336
isis,Isis,1999,405
isis,Isis,2000,431
isis,Isis,2001,408
isis,Isis,2002,508
isis,Isis,2003,463
isis,Isis,2004,442
isis,Isis,2005,290
isis,Isis,2006,284
isis,Isis,2007,326
isis,Isis,2008,336
isis,Isis,2009,348
isis,Isis,2010,335
isis,Isis,2011,283
isis,Isis,2012,291
isis,Isis,2013,258
isis,Isis,2014,282
isis,Isis,2015,317
isis,Isis,2016,307
isis,Isis,2017,314
isis,Isis,2018,297
isis,Isis,2019,298
isis,Isis,2020,260
isis,Isis,2021,201
isis,Isis,2022,198
isis,Isis,2023,201
isis,Isis,2024,189
isis,Isis,2025,158
isis,Isis,2026,170
labor_history,Labor History,1960,22
labor_history,Labor History,1961,25
labor_history,Labor History,1962,27
labor_history,Labor History,1963,19
labor_history,Labor History,1964,22
labor_history,Labor History,1965,21
labor_history,Labor History,1966,28
labor_history,Labor History,1967,25
labor_history,Labor History,1968,39
labor_history,Labor History,1969,38
labor_history,Labor History,1970,44
labor_history,Labor History,1971,40
labor_history,Labor History,1972,45
labor_history,Labor History,1973,42
labor_history,Labor History,1974,43
labor_history,Labor History,1975,46
labor_history,Labor History,1976,50
labor_history,Labor History,1977,51
labor_history,Labor History,1978,51
labor_history,Labor History,1979,54
labor_history,Labor History,1980,31
labor_history,Labor History,1981,39
labor_history,Labor History,1982,50
labor_history,Labor History,1983,47
labor_history,Labor History,1984,44
labor_history,Labor History,1985,49
labor_history,Labor History,1986,31
labor_history,Labor History,1987,32
labor_history,Labor History,1988,38
labor_history,Labor History,1989,40
labor_history,Labor History,1990,54
labor_history,Labor History,1991,44
labor_history,Labor History,1992,32
labor_history,Labor History,1993,36
labor_history,Labor History,1994,37
labor_history,Labor History,1995,38
labor_history,Labor History,1996,28
labor_history,Labor History,1997,15
labor_history,Labor History,1998,26
labor_history,Labor History,1999,26
labor_history,Labor History,2000,30
labor_history,Labor History,2001,38
labor_history,Labor History,2002,34
labor_history,Labor History,2003,36
labor_history,Labor History,2004,25
labor_history,Labor History,2005,29
labor_history,Labor History,2006,29
labor_history,Labor History,2007,26
labor_history,Labor History,2008,24
labor_history,Labor History,2009,51
labor_history,Labor History,2010,33
labor_history,Labor History,2011,61
labor_history,Labor History,2012,75
labor_history,Labor History,2013,58
labor_history,Labor History,2014,41
labor_history,Labor History,2015,55
labor_history,Labor History,2016,59
labor_history,Labor History,2017,33
labor_history,Labor History,2018,60
labor_history,Labor History,2019,47
labor_history,Labor History,2020,37
labor_history,Labor History,2021,42
labor_history,Labor History,2022,59
labor_history,Labor History,2023,68
labor_history,Labor History,2024,72
labor_history,Labor History,2025,74
labor_history,Labor History,2026,41
labour_le_travail,Labour / Le Travail,1976,7
labour_le_travail,Labour / Le Travail,1977,8
labour_le_travail,Labour / Le Travail,1978,8
labour_le_travail,Labour / Le Travail,1979,18
labour_le_travail,Labour / Le Travail,1980,62
labour_le_travail,Labour / Le Travail,1981,102
labour_le_travail,Labour / Le Travail,1982,53
labour_le_travail,Labour / Le Travail,1983,184
labour_le_travail,Labour / Le Travail,1984,138
labour_le_travail,Labour / Le Travail,1985,144
labour_le_travail,Labour / Le Travail,1986,152
labour_le_travail,Labour / Le Travail,1987,156
labour_le_travail,Labour / Le Travail,1988,169
labour_le_travail,Labour / Le Travail,1989,185
labour_le_travail,Labour / Le Travail,1990,149
labour_le_travail,Labour / Le Travail,1991,106
labour_le_travail,Labour / Le Travail,1992,84
labour_le_travail,Labour / Le Travail,1993,103
labour_le_travail,Labour / Le Travail,1994,105
labour_le_travail,Labour / Le Travail,1995,108
labour_le_travail,Labour / Le Travail,1996,59
labour_le_travail,Labour / Le Travail,1997,104
labour_le_travail,Labour / Le Travail,1998,93
labour_le_travail,Labour / Le Travail,1999,86
labour_le_travail,Labour / Le Travail,2000,51
labour_le_travail,Labour / Le Travail,2001,82
labour_le_travail,Labour / Le Travail,2002,105
labour_le_travail,Labour / Le Travail,2003,102
labour_le_travail,Labour / Le Travail,2004,101
labour_le_travail,Labour / Le Travail,2016,97
labour_le_travail,Labour / Le Travail,2017,82
labour_le_travail,Labour / Le Travail,2018,74
labour_le_travail,Labour / Le Travail,2019,65
labour_le_travail,Labour / Le Travail,2020,64
labour_le_travail,Labour / Le Travail,2021,50
labour_le_travail,Labour / Le Travail,2022,76
labour_le_travail,Labour / Le Travail,2023,60
labour_le_travail,Labour / Le Travail,2024,55
labour_le_travail,Labour / Le Travail,2025,42
labour_le_travail,Labour / Le Travail,2026,31
latin_american,Journal of Latin American Studies,1969,33
latin_american,Journal of Latin American Studies,1970,40
latin_american,Journal of Latin American Studies,1971,54
latin_american,Journal of Latin American Studies,1972,54
latin_american,Journal of Latin American Studies,1973,66
latin_american,Journal of Latin American Studies,1974,48
latin_american,Journal of Latin American Studies,1975,71
latin_american,Journal of Latin American Studies,1976,65
latin_american,Journal of Latin American Studies,1977,75
latin_american,Journal of Latin American Studies,1978,78
latin_american,Journal of Latin American Studies,1979,49
latin_american,Journal of Latin American Studies,1980,64
latin_american,Journal of Latin American Studies,1981,76
latin_american,Journal of Latin American Studies,1982,69
latin_american,Journal of Latin American Studies,1983,101
latin_american,Journal of Latin American Studies,1984,84
latin_american,Journal of Latin American Studies,1985,74
latin_american,Journal of Latin American Studies,1986,104
latin_american,Journal of Latin American Studies,1987,92
latin_american,Journal of Latin American Studies,1988,110
latin_american,Journal of Latin American Studies,1989,103
latin_american,Journal of Latin American Studies,1990,102
latin_american,Journal of Latin American Studies,1991,121
latin_american,Journal of Latin American Studies,1992,143
latin_american,Journal of Latin American Studies,1993,129
latin_american,Journal of Latin American Studies,1994,131
latin_american,Journal of Latin American Studies,1995,142
latin_american,Journal of Latin American Studies,1996,110
latin_american,Journal of Latin American Studies,1997,126
latin_american,Journal of Latin American Studies,1998,111
latin_american,Journal of Latin American Studies,1999,124
latin_american,Journal of Latin American Studies,2000,101
latin_american,Journal of Latin American Studies,2001,144
latin_american,Journal of Latin American Studies,2002,138
latin_american,Journal of Latin American Studies,2003,146
latin_american,Journal of Latin American Studies,2004,139
latin_american,Journal of Latin American Studies,2005,141
latin_american,Journal of Latin American Studies,2006,141
latin_american,Journal of Latin American Studies,2007,154
latin_american,Journal of Latin American Studies,2008,142
latin_american,Journal of Latin American Studies,2009,157
latin_american,Journal of Latin American Studies,2010,172
latin_american,Journal of Latin American Studies,2011,141
latin_american,Journal of Latin American Studies,2012,159
latin_american,Journal of Latin American Studies,2013,157
latin_american,Journal of Latin American Studies,2014,139
latin_american,Journal of Latin American Studies,2015,142
latin_american,Journal of Latin American Studies,2016,144
latin_american,Journal of Latin American Studies,2017,146
latin_american,Journal of Latin American Studies,2018,132
latin_american,Journal of Latin American Studies,2019,128
latin_american,Journal of Latin American Studies,2020,115
latin_american,Journal of Latin American Studies,2021,93
latin_american,Journal of Latin American Studies,2022,85
latin_american,Journal of Latin American Studies,2023,90
latin_american,Journal of Latin American Studies,2024,83
latin_american,Journal of Latin American Studies,2025,52
latin_american,Journal of Latin American Studies,2026,25
mississippi_valley,The Mississippi Valley Historical Review,1914,130
mississippi_valley,The Mississippi Valley Historical Review,1915,112
mississippi_valley,The Mississippi Valley Historical Review,1916,130
mississippi_valley,The Mississippi Valley Historical Review,1917,130
mississippi_valley,The Mississippi Valley Historical Review,1918,121
mississippi_valley,The Mississippi Valley Historical Review,1919,141
mississippi_valley,The Mississippi Valley Historical Review,1920,113
mississippi_valley,The Mississippi Valley Historical Review,1921,86
mississippi_valley,The Mississippi Valley Historical Review,1922,77
mississippi_valley,The Mississippi Valley Historical Review,1923,81
mississippi_valley,The Mississippi Valley Historical Review,1924,119
mississippi_valley,The Mississippi Valley Historical Review,1925,114
mississippi_valley,The Mississippi Valley Historical Review,1926,122
mississippi_valley,The Mississippi Valley Historical Review,1927,131
mississippi_valley,The Mississippi Valley Historical Review,1928,116
mississippi_valley,The Mississippi Valley Historical Review,1929,106
mississippi_valley,The Mississippi Valley Historical Review,1930,102
mississippi_valley,The Mississippi Valley Historical Review,1931,209
mississippi_valley,The Mississippi Valley Historical Review,1932,287
mississippi_valley,The Mississippi Valley Historical Review,1933,261
mississippi_valley,The Mississippi Valley Historical Review,1934,212
mississippi_valley,The Mississippi Valley Historical Review,1935,211
mississippi_valley,The Mississippi Valley Historical Review,1936,205
mississippi_valley,The Mississippi Valley Historical Review,1937,203
mississippi_valley,The Mississippi Valley Historical Review,1938,213
mississippi_valley,The Mississippi Valley Historical Review,1939,244
mississippi_valley,The Mississippi Valley Historical Review,1940,293
mississippi_valley,The Mississippi Valley Historical Review,1941,267
mississippi_valley,The Mississippi Valley Historical Review,1942,167
mississippi_valley,The Mississippi Valley Historical Review,1943,163
mississippi_valley,The Mississippi Valley Historical Review,1944,177
mississippi_valley,The Mississippi Valley Historical Review,1945,163
mississippi_valley,The Mississippi Valley Historical Review,1946,145
mississippi_valley,The Mississippi Valley Historical Review,1947,168
mississippi_valley,The Mississippi Valley Historical Review,1948,191
mississippi_valley,The Mississippi Valley Historical Review,1949,191
mississippi_valley,The Mississippi Valley Historical Review,1950,223
mississippi_valley,The Mississippi Valley Historical Review,1951,215
mississippi_valley,The Mississippi Valley Historical Review,1952,203
mississippi_valley,The Mississippi Valley Historical Review,1953,217
mississippi_valley,The Mississippi Valley Historical Review,1954,199
mississippi_valley,The Mississippi Valley Historical Review,1955,171
mississippi_valley,The Mississippi Valley Historical Review,1956,174
mississippi_valley,The Mississippi Valley Historical Review,1957,173
mississippi_valley,The Mississippi Valley Historical Review,1958,178
mississippi_valley,The Mississippi Valley Historical Review,1959,199
mississippi_valley,The Mississippi Valley Historical Review,1960,212
mississippi_valley,The Mississippi Valley Historical Review,1961,197
mississippi_valley,The Mississippi Valley Historical Review,1962,196
mississippi_valley,The Mississippi Valley Historical Review,1963,178
mississippi_valley,The Mississippi Valley Historical Review,1964,36
modern_asian,Modern Asian Studies,1967,55
modern_asian,Modern Asian Studies,1968,62
modern_asian,Modern Asian Studies,1969,50
modern_asian,Modern Asian Studies,1970,49
modern_asian,Modern Asian Studies,1971,45
modern_asian,Modern Asian Studies,1972,59
modern_asian,Modern Asian Studies,1973,66
modern_asian,Modern Asian Studies,1974,56
modern_asian,Modern Asian Studies,1975,52
modern_asian,Modern Asian Studies,1976,64
modern_asian,Modern Asian Studies,1977,57
modern_asian,Modern Asian Studies,1978,53
modern_asian,Modern Asian Studies,1979,65
modern_asian,Modern Asian Studies,1980,60
modern_asian,Modern Asian Studies,1981,49
modern_asian,Modern Asian Studies,1982,49
modern_asian,Modern Asian Studies,1983,49
modern_asian,Modern Asian Studies,1984,67
modern_asian,Modern Asian Studies,1985,52
modern_asian,Modern Asian Studies,1986,52
modern_asian,Modern Asian Studies,1987,48
modern_asian,Modern Asian Studies,1988,48
modern_asian,Modern Asian Studies,1989,45
modern_asian,Modern Asian Studies,1990,46
modern_asian,Modern Asian Studies,1991,41
modern_asian,Modern Asian Studies,1992,52
modern_asian,Modern Asian Studies,1993,54
modern_asian,Modern Asian Studies,1994,46
modern_asian,Modern Asian Studies,1995,42
modern_asian,Modern Asian Studies,1996,56
modern_asian,Modern Asian Studies,1997,46
modern_asian,Modern Asian Studies,1998,33
modern_asian,Modern Asian Studies,1999,36
modern_asian,Modern Asian Studies,2000,30
modern_asian,Modern Asian Studies,2001,39
modern_asian,Modern Asian Studies,2002,34
modern_asian,Modern Asian Studies,2003,37
modern_asian,Modern Asian Studies,2004,40
modern_asian,Modern Asian Studies,2005,35
modern_asian,Modern Asian Studies,2006,42
modern_asian,Modern Asian Studies,2007,33
modern_asian,Modern Asian Studies,2008,48
modern_asian,Modern Asian Studies,2009,91
modern_asian,Modern Asian Studies,2010,50
modern_asian,Modern Asian Studies,2011,70
modern_asian,Modern Asian Studies,2012,75
modern_asian,Modern Asian Studies,2013,73
modern_asian,Modern Asian Studies,2014,69
modern_asian,Modern Asian Studies,2015,69
modern_asian,Modern Asian Studies,2016,52
modern_asian,Modern Asian Studies,2017,74
modern_asian,Modern Asian Studies,2018,90
modern_asian,Modern Asian Studies,2019,104
modern_asian,Modern Asian Studies,2020,68
modern_asian,Modern Asian Studies,2021,54
modern_asian,Modern Asian Studies,2022,74
modern_asian,Modern Asian Studies,2023,66
modern_asian,Modern Asian Studies,2024,79
modern_asian,Modern Asian Studies,2025,76
modern_asian,Modern Asian Studies,2026,14
modern_history,The Journal of Modern History,1929,135
modern_history,The Journal of Modern History,1930,151
modern_history,The Journal of Modern History,1931,152
modern_history,The Journal of Modern History,1932,145
modern_history,The Journal of Modern History,1933,136
modern_history,The Journal of Modern History,1934,114
modern_history,The Journal of Modern History,1935,103
modern_history,The Journal of Modern History,1936,98
modern_history,The Journal of Modern History,1937,122
modern_history,The Journal of Modern History,1938,108
modern_history,The Journal of Modern History,1939,145
modern_history,The Journal of Modern History,1940,121
modern_history,The Journal of Modern History,1941,132
modern_history,The Journal of Modern History,1942,113
modern_history,The Journal of Modern History,1943,110
modern_history,The Journal of Modern History,1944,95
modern_history,The Journal of Modern History,1945,119
modern_history,The Journal of Modern History,1946,111
modern_history,The Journal of Modern History,1947,106
modern_history,The Journal of Modern History,1948,75
modern_history,The Journal of Modern History,1949,87
modern_history,The Journal of Modern History,1950,79
modern_history,The Journal of Modern History,1951,97
modern_history,The Journal of Modern History,1952,98
modern_history,The Journal of Modern History,1953,110
modern_history,The Journal of Modern History,1954,108
modern_history,The Journal of Modern History,1955,100
modern_history,The Journal of Modern History,1956,125
modern_history,The Journal of Modern History,1957,206
modern_history,The Journal of Modern History,1958,149
modern_history,The Journal of Modern History,1959,89
modern_history,The Journal of Modern History,1960,349
modern_history,The Journal of Modern History,1961,297
modern_history,The Journal of Modern History,1962,250
modern_history,The Journal of Modern History,1963,335
modern_history,The Journal of Modern History,1964,344
modern_history,The Journal of Modern History,1965,304
modern_history,The Journal of Modern History,1966,232
modern_history,The Journal of Modern History,1967,183
modern_history,The Journal of Modern History,1968,194
modern_history,The Journal of Modern History,1969,182
modern_history,The Journal of Modern History,1970,168
modern_history,The Journal of Modern History,1971,134
modern_history,The Journal of Modern History,1972,199
modern_history,The Journal of Modern History,1973,290
modern_history,The Journal of Modern History,1974,144
modern_history,The Journal of Modern History,1975,117
modern_history,The Journal of Modern History,1976,169
modern_history,The Journal of Modern History,1977,149
modern_history,The Journal of Modern History,1978,207
modern_history,The Journal of Modern History,1979,224
modern_history,The Journal of Modern History,1980,208
modern_history,The Journal of Modern History,1981,194
modern_history,The Journal of Modern History,1982,194
modern_history,The Journal of Modern History,1983,216
modern_history,The Journal of Modern History,1984,169
modern_history,The Journal of Modern History,1985,179
modern_history,The Journal of Modern History,1986,236
modern_history,The Journal of Modern History,1987,188
modern_history,The Journal of Modern History,1988,181
modern_history,The Journal of Modern History,1989,231
modern_history,The Journal of Modern History,1990,211
modern_history,The Journal of Modern History,1991,181
modern_history,The Journal of Modern History,1992,198
modern_history,The Journal of Modern History,1993,183
modern_history,The Journal of Modern History,1994,243
modern_history,The Journal of Modern History,1995,294
modern_history,The Journal of Modern History,1996,213
modern_history,The Journal of Modern History,1997,220
modern_history,The Journal of Modern History,1998,194
modern_history,The Journal of Modern History,1999,230
modern_history,The Journal of Modern History,2000,226
modern_history,The Journal of Modern History,2001,177
modern_history,The Journal of Modern History,2002,188
modern_history,The Journal of Modern History,2003,207
modern_history,The Journal of Modern History,2004,196
modern_history,The Journal of Modern History,2005,287
modern_history,The Journal of Modern History,2006,234
modern_history,The Journal of Modern History,2007,199
modern_history,The Journal of Modern History,2008,238
modern_history,The Journal of Modern History,2009,249
modern_history,The Journal of Modern History,2010,227
modern_history,The Journal of Modern History,2011,231
modern_history,The Journal of Modern History,2012,233
modern_history,The Journal of Modern History,2013,190
modern_history,The Journal of Modern History,2014,226
modern_history,The Journal of Modern History,2015,230
modern_history,The Journal of Modern History,2016,230
modern_history,The Journal of Modern History,2017,239
modern_history,The Journal of Modern History,2018,227
modern_history,The Journal of Modern History,2019,200
modern_history,The Journal of Modern History,2020,212
modern_history,The Journal of Modern History,2021,179
modern_history,The Journal of Modern History,2022,187
modern_history,The Journal of Modern History,2023,229
modern_history,The Journal of Modern History,2024,210
modern_history,The Journal of Modern History,2025,229
modern_history,The Journal of Modern History,2026,162
modern_intellectual,Modern Intellectual History,2004,24
modern_intellectual,Modern Intellectual History,2005,21
modern_intellectual,Modern Intellectual History,2006,33
modern_intellectual,Modern Intellectual History,2007,38
modern_intellectual,Modern Intellectual History,2008,31
modern_intellectual,Modern Intellectual History,2009,34
modern_intellectual,Modern Intellectual History,2010,37
modern_intellectual,Modern Intellectual History,2011,43
modern_intellectual,Modern Intellectual History,2012,46
modern_intellectual,Modern Intellectual History,2013,45
modern_intellectual,Modern Intellectual History,2014,86
modern_intellectual,Modern Intellectual History,2015,58
modern_intellectual,Modern Intellectual History,2016,36
modern_intellectual,Modern Intellectual History,2017,63
modern_intellectual,Modern Intellectual History,2018,55
modern_intellectual,Modern Intellectual History,2019,41
modern_intellectual,Modern Intellectual History,2020,50
modern_intellectual,Modern Intellectual History,2021,73
modern_intellectual,Modern Intellectual History,2022,61
modern_intellectual,Modern Intellectual History,2023,22
modern_intellectual,Modern Intellectual History,2024,53
modern_intellectual,Modern Intellectual History,2025,47
modern_intellectual,Modern Intellectual History,2026,44
mouvement_social,Le Mouvement Social,1990,14
mouvement_social,Le Mouvement Social,1991,15
mouvement_social,Le Mouvement Social,1992,19
mouvement_social,Le Mouvement Social,1993,28
mouvement_social,Le Mouvement Social,1994,25
mouvement_social,Le Mouvement Social,1995,36
mouvement_social,Le Mouvement Social,1996,30
mouvement_social,Le Mouvement Social,1997,36
mouvement_social,Le Mouvement Social,1998,32
mouvement_social,Le Mouvement Social,1999,29
mouvement_social,Le Mouvement Social,2000,19
mouvement_social,Le Mouvement Social,2001,28
mouvement_social,Le Mouvement Social,2002,43
mouvement_social,Le Mouvement Social,2003,46
mouvement_social,Le Mouvement Social,2004,41
mouvement_social,Le Mouvement Social,2005,36
mouvement_social,Le Mouvement Social,2006,30
mouvement_social,Le Mouvement Social,2007,62
mouvement_social,Le Mouvement Social,2008,103
mouvement_social,Le Mouvement Social,2009,96
mouvement_social,Le Mouvement Social,2010,96
mouvement_social,Le Mouvement Social,2011,86
mouvement_social,Le Mouvement Social,2012,86
mouvement_social,Le Mouvement Social,2013,95
mouvement_social,Le Mouvement Social,2014,71
mouvement_social,Le Mouvement Social,2015,73
mouvement_social,Le Mouvement Social,2016,62
mouvement_social,Le Mouvement Social,2017,105
mouvement_social,Le Mouvement Social,2018,99
mouvement_social,Le Mouvement Social,2019,77
mouvement_social,Le Mouvement Social,2020,103
mouvement_social,Le Mouvement Social,2021,96
mouvement_social,Le Mouvement Social,2022,96
mouvement_social,Le Mouvement Social,2023,82
mouvement_social,Le Mouvement Social,2024,48
mouvement_social,Le Mouvement Social,2025,154
mouvement_social,Le Mouvement Social,2026,52
mouvement_social,Le Mouvement social,1960,5
mouvement_social,Le Mouvement social,1961,14
mouvement_social,Le Mouvement social,1962,37
mouvement_social,Le Mouvement social,1963,68
mouvement_social,Le Mouvement social,1964,63
mouvement_social,Le Mouvement social,1965,49
mouvement_social,Le Mouvement social,1966,55
mouvement_social,Le Mouvement social,1967,58
mouvement_social,Le Mouvement social,1968,44
mouvement_social,Le Mouvement social,1969,57
mouvement_social,Le Mouvement social,1970,53
mouvement_social,Le Mouvement social,1971,42
mouvement_social,Le Mouvement social,1972,63
mouvement_social,Le Mouvement social,1973,40
mouvement_social,Le Mouvement social,1974,62
mouvement_social,Le Mouvement social,1975,61
mouvement_social,Le Mouvement social,1976,45
mouvement_social,Le Mouvement social,1977,65
mouvement_social,Le Mouvement social,1978,62
mouvement_social,Le Mouvement social,1979,58
mouvement_social,Le Mouvement social,1980,77
mouvement_social,Le Mouvement social,1981,66
mouvement_social,Le Mouvement social,1982,63
mouvement_social,Le Mouvement social,1983,53
mouvement_social,Le Mouvement social,1984,51
mouvement_social,Le Mouvement social,1985,69
mouvement_social,Le Mouvement social,1986,61
mouvement_social,Le Mouvement social,1987,72
mouvement_social,Le Mouvement social,1988,66
mouvement_social,Le Mouvement social,1989,102
mouvement_social,Le Mouvement social,1990,76
mouvement_social,Le Mouvement social,1991,66
mouvement_social,Le Mouvement social,1992,66
mouvement_social,Le Mouvement social,1993,70
mouvement_social,Le Mouvement social,1994,63
mouvement_social,Le Mouvement social,1995,66
mouvement_social,Le Mouvement social,1996,65
mouvement_social,Le Mouvement social,1997,106
mouvement_social,Le Mouvement social,1998,74
mouvement_social,Le Mouvement social,1999,69
mouvement_social,Le Mouvement social,2000,72
mouvement_social,Le Mouvement social,2001,77
mouvement_social,Le Mouvement social,2002,89
mouvement_social,Le Mouvement social,2003,69
mouvement_social,Le Mouvement social,2004,76
mouvement_social,Le mouvement social,2009,6
mouvement_social,Le mouvement social,2010,58
mouvement_social,Le mouvement social,2011,21
negro_history,The Journal of Negro History,1916,47
negro_history,The Journal of Negro History,1917,51
negro_history,The Journal of Negro History,1918,48
negro_history,The Journal of Negro History,1919,49
negro_history,The Journal of Negro History,1920,54
negro_history,The Journal of Negro History,1921,53
negro_history,The Journal of Negro History,1922,49
negro_history,The Journal of Negro History,1923,63
negro_history,The Journal of Negro History,1924,56
negro_history,The Journal of Negro History,1925,62
negro_history,The Journal of Negro History,1926,62
negro_history,The Journal of Negro History,1927,59
negro_history,The Journal of Negro History,1928,50
negro_history,The Journal of Negro History,1929,53
negro_history,The Journal of Negro History,1930,42
negro_history,The Journal of Negro History,1931,57
negro_history,The Journal of Negro History,1932,53
negro_history,The Journal of Negro History,1933,49
negro_history,The Journal of Negro History,1934,46
negro_history,The Journal of Negro History,1935,58
negro_history,The Journal of Negro History,1936,54
negro_history,The Journal of Negro History,1937,70
negro_history,The Journal of Negro History,1938,69
negro_history,The Journal of Negro History,1939,72
negro_history,The Journal of Negro History,1940,96
negro_history,The Journal of Negro History,1941,72
negro_history,The Journal of Negro History,1942,76
negro_history,The Journal of Negro History,1943,74
negro_history,The Journal of Negro History,1944,72
negro_history,The Journal of Negro History,1945,80
negro_history,The Journal of Negro History,1946,66
negro_history,The Journal of Negro History,1947,76
negro_history,The Journal of Negro History,1948,76
negro_history,The Journal of Negro History,1949,60
negro_history,The Journal of Negro History,1950,65
negro_history,The Journal of Negro History,1951,65
negro_history,The Journal of Negro History,1952,65
negro_history,The Journal of Negro History,1953,71
negro_history,The Journal of Negro History,1954,65
negro_history,The Journal of Negro History,1955,63
negro_history,The Journal of Negro History,1956,62
negro_history,The Journal of Negro History,1957,59
negro_history,The Journal of Negro History,1958,55
negro_history,The Journal of Negro History,1959,55
negro_history,The Journal of Negro History,1960,54
negro_history,The Journal of Negro History,1961,57
negro_history,The Journal of Negro History,1962,52
negro_history,The Journal of Negro History,1963,52
negro_history,The Journal of Negro History,1964,54
negro_history,The Journal of Negro History,1965,55
negro_history,The Journal of Negro History,1966,53
negro_history,The Journal of Negro History,1967,61
negro_history,The Journal of Negro History,1968,67
negro_history,The Journal of Negro History,1969,79
negro_history,The Journal of Negro History,1970,60
negro_history,The Journal of Negro History,1971,50
negro_history,The Journal of Negro History,1972,88
negro_history,The Journal of Negro History,1973,75
negro_history,The Journal of Negro History,1974,54
negro_history,The Journal of Negro History,1975,55
negro_history,The Journal of Negro History,1976,59
negro_history,The Journal of Negro History,1977,57
negro_history,The Journal of Negro History,1978,60
negro_history,The Journal of Negro History,1979,58
negro_history,The Journal of Negro History,1980,63
negro_history,The Journal of Negro History,1981,91
negro_history,The Journal of Negro History,1982,78
negro_history,The Journal of Negro History,1983,71
negro_history,The Journal of Negro History,1984,23
negro_history,The Journal of Negro History,1985,16
negro_history,The Journal of Negro History,1986,6
negro_history,The Journal of Negro History,1987,17
negro_history,The Journal of Negro History,1988,5
negro_history,The Journal of Negro History,1989,6
negro_history,The Journal of Negro History,1990,18
negro_history,The Journal of Negro History,1991,11
negro_history,The Journal of Negro History,1992,26
negro_history,The Journal of Negro History,1993,37
negro_history,The Journal of Negro History,1994,37
negro_history,The Journal of Negro History,1995,26
negro_history,The Journal of Negro History,1996,12
negro_history,The Journal of Negro History,1997,54
negro_history,The Journal of Negro History,1998,45
negro_history,The Journal of Negro History,1999,43
negro_history,The Journal of Negro History,2000,49
negro_history,The Journal of Negro History,2001,48
pacific_historical_review,PACIFIC HISTORICAL REVIEW,2006,2
pacific_historical_review,Pacific Historical Review,1932,73
pacific_historical_review,Pacific Historical Review,1933,66
pacific_historical_review,Pacific Historical Review,1934,67
pacific_historical_review,Pacific Historical Review,1935,61
pacific_historical_review,Pacific Historical Review,1936,68
pacific_historical_review,Pacific Historical Review,1937,82
pacific_historical_review,Pacific Historical Review,1938,99
pacific_historical_review,Pacific Historical Review,1939,102
pacific_historical_review,Pacific Historical Review,1940,136
pacific_historical_review,Pacific Historical Review,1941,227
pacific_historical_review,Pacific Historical Review,1942,194
pacific_historical_review,Pacific Historical Review,1943,161
pacific_historical_review,Pacific Historical Review,1944,198
pacific_historical_review,Pacific Historical Review,1945,224
pacific_historical_review,Pacific Historical Review,1946,156
pacific_historical_review,Pacific Historical Review,1947,158
pacific_historical_review,Pacific Historical Review,1948,167
pacific_historical_review,Pacific Historical Review,1949,171
pacific_historical_review,Pacific Historical Review,1950,159
pacific_historical_review,Pacific Historical Review,1951,149
pacific_historical_review,Pacific Historical Review,1952,136
pacific_historical_review,Pacific Historical Review,1953,143
pacific_historical_review,Pacific Historical Review,1954,120
pacific_historical_review,Pacific Historical Review,1955,122
pacific_historical_review,Pacific Historical Review,1956,107
pacific_historical_review,Pacific Historical Review,1957,99
pacific_historical_review,Pacific Historical Review,1958,116
pacific_historical_review,Pacific Historical Review,1959,114
pacific_historical_review,Pacific Historical Review,1960,98
pacific_historical_review,Pacific Historical Review,1961,89
pacific_historical_review,Pacific Historical Review,1962,96
pacific_historical_review,Pacific Historical Review,1963,137
pacific_historical_review,Pacific Historical Review,1964,135
pacific_historical_review,Pacific Historical Review,1965,98
pacific_historical_review,Pacific Historical Review,1966,76
pacific_historical_review,Pacific Historical Review,1967,71
pacific_historical_review,Pacific Historical Review,1968,83
pacific_historical_review,Pacific Historical Review,1969,134
pacific_historical_review,Pacific Historical Review,1970,139
pacific_historical_review,Pacific Historical Review,1971,137
pacific_historical_review,Pacific Historical Review,1972,141
pacific_historical_review,Pacific Historical Review,1973,121
pacific_historical_review,Pacific Historical Review,1974,143
pacific_historical_review,Pacific Historical Review,1975,134
pacific_historical_review,Pacific Historical Review,1976,138
pacific_historical_review,Pacific Historical Review,1977,153
pacific_historical_review,Pacific Historical Review,1978,123
pacific_historical_review,Pacific Historical Review,1979,127
pacific_historical_review,Pacific Historical Review,1980,135
pacific_historical_review,Pacific Historical Review,1981,130
pacific_historical_review,Pacific Historical Review,1982,141
pacific_historical_review,Pacific Historical Review,1983,146
pacific_historical_review,Pacific Historical Review,1984,164
pacific_historical_review,Pacific Historical Review,1985,143
pacific_historical_review,Pacific Historical Review,1986,164
pacific_historical_review,Pacific Historical Review,1987,138
pacific_historical_review,Pacific Historical Review,1988,153
pacific_historical_review,Pacific Historical Review,1989,110
pacific_historical_review,Pacific Historical Review,1990,137
pacific_historical_review,Pacific Historical Review,1991,141
pacific_historical_review,Pacific Historical Review,1992,151
pacific_historical_review,Pacific Historical Review,1993,143
pacific_historical_review,Pacific Historical Review,1994,146
pacific_historical_review,Pacific Historical Review,1995,153
pacific_historical_review,Pacific Historical Review,1996,150
pacific_historical_review,Pacific Historical Review,1997,164
pacific_historical_review,Pacific Historical Review,1998,169
pacific_historical_review,Pacific Historical Review,1999,150
pacific_historical_review,Pacific Historical Review,2000,154
pacific_historical_review,Pacific Historical Review,2001,38
pacific_historical_review,Pacific Historical Review,2002,31
pacific_historical_review,Pacific Historical Review,2003,63
pacific_historical_review,Pacific Historical Review,2004,157
pacific_historical_review,Pacific Historical Review,2005,132
pacific_historical_review,Pacific Historical Review,2006,141
pacific_historical_review,Pacific Historical Review,2007,167
pacific_historical_review,Pacific Historical Review,2008,173
pacific_historical_review,Pacific Historical Review,2009,175
pacific_historical_review,Pacific Historical Review,2010,164
pacific_historical_review,Pacific Historical Review,2011,144
pacific_historical_review,Pacific Historical Review,2012,361
pacific_historical_review,Pacific Historical Review,2013,15
pacific_historical_review,Pacific Historical Review,2014,124
pacific_historical_review,Pacific Historical Review,2015,111
pacific_historical_review,Pacific Historical Review,2016,128
pacific_historical_review,Pacific Historical Review,2017,139
pacific_historical_review,Pacific Historical Review,2018,150
pacific_historical_review,Pacific Historical Review,2019,136
pacific_historical_review,Pacific Historical Review,2020,87
pacific_historical_review,Pacific Historical Review,2021,68
pacific_historical_review,Pacific Historical Review,2022,56
pacific_historical_review,Pacific Historical Review,2023,77
pacific_historical_review,Pacific Historical Review,2024,93
pacific_historical_review,Pacific Historical Review,2025,78
pacific_historical_review,Pacific Historical Review,2026,58
past_present,Past &amp; Present,1990,10
past_present,Past &amp; Present,1992,8
past_present,Past &amp; Present,1996,25
past_present,Past &amp; Present,1997,32
past_present,Past &amp; Present,1998,50
past_present,Past &amp; Present,1999,28
past_present,Past &amp; Present,2000,34
past_present,Past &amp; Present,2001,31
past_present,Past &amp; Present,2002,34
past_present,Past &amp; Present,2003,31
past_present,Past &amp; Present,2004,27
past_present,Past &amp; Present,2005,26
past_present,Past &amp; Present,2006,37
past_present,Past &amp; Present,2007,54
past_present,Past &amp; Present,2008,41
past_present,Past &amp; Present,2009,46
past_present,Past &amp; Present,2010,43
past_present,Past &amp; Present,2011,50
past_present,Past &amp; Present,2012,50
past_present,Past &amp; Present,2013,49
past_present,Past &amp; Present,2014,52
past_present,Past &amp; Present,2015,50
past_present,Past &amp; Present,2016,56
past_present,Past &amp; Present,2017,60
past_present,Past &amp; Present,2018,51
past_present,Past &amp; Present,2019,55
past_present,Past &amp; Present,2020,56
past_present,Past &amp; Present,2021,49
past_present,Past &amp; Present,2022,45
past_present,Past &amp; Present,2023,23
past_present,Past &amp; Present,2024,63
past_present,Past &amp; Present,2025,36
past_present,Past &amp; Present,2026,30
past_present,Past and Present,1952,14
past_present,Past and Present,1953,30
past_present,Past and Present,1954,15
past_present,Past and Present,1955,15
past_present,Past and Present,1956,13
past_present,Past and Present,1957,12
past_present,Past and Present,1958,16
past_present,Past and Present,1959,15
past_present,Past and Present,1960,19
past_present,Past and Present,1961,17
past_present,Past and Present,1962,22
past_present,Past and Present,1963,32
past_present,Past and Present,1964,39
past_present,Past and Present,1965,17
past_present,Past and Present,1966,27
past_present,Past and Present,1967,32
past_present,Past and Present,1968,35
past_present,Past and Present,1969,31
past_present,Past and Present,1970,32
past_present,Past and Present,1971,24
past_present,Past and Present,1972,33
past_present,Past and Present,1973,22
past_present,Past and Present,1974,29
past_present,Past and Present,1975,30
past_present,Past and Present,1976,27
past_present,Past and Present,1977,22
past_present,Past and Present,1978,24
past_present,Past and Present,1979,28
past_present,Past and Present,1980,34
past_present,Past and Present,1981,31
past_present,Past and Present,1982,27
past_present,Past and Present,1983,34
past_present,Past and Present,1984,22
past_present,Past and Present,1985,32
past_present,Past and Present,1986,29
past_present,Past and Present,1987,36
past_present,Past and Present,1988,37
past_present,Past and Present,1989,29
past_present,Past and Present,1990,25
past_present,Past and Present,1991,35
past_present,Past and Present,1992,25
past_present,Past and Present,1993,28
past_present,Past and Present,1994,26
past_present,Past and Present,1995,27
past_present,Past and Present,2022,8
public_historian,The Public Historian,1978,21
public_historian,The Public Historian,1979,66
public_historian,The Public Historian,1980,62
public_historian,The Public Historian,1981,121
public_historian,The Public Historian,1982,95
public_historian,The Public Historian,1983,116
public_historian,The Public Historian,1984,128
public_historian,The Public Historian,1985,139
public_historian,The Public Historian,1986,115
public_historian,The Public Historian,1987,104
public_historian,The Public Historian,1988,89
public_historian,The Public Historian,1989,99
public_historian,The Public Historian,1990,106
public_historian,The Public Historian,1991,107
public_historian,The Public Historian,1992,125
public_historian,The Public Historian,1993,174
public_historian,The Public Historian,1994,121
public_historian,The Public Historian,1995,139
public_historian,The Public Historian,1996,132
public_historian,The Public Historian,1997,132
public_historian,The Public Historian,1998,102
public_historian,The Public Historian,1999,109
public_historian,The Public Historian,2000,115
public_historian,The Public Historian,2001,147
public_historian,The Public Historian,2002,158
public_historian,The Public Historian,2003,169
public_historian,The Public Historian,2004,225
public_historian,The Public Historian,2005,87
public_historian,The Public Historian,2006,102
public_historian,The Public Historian,2007,84
public_historian,The Public Historian,2008,105
public_historian,The Public Historian,2009,95
public_historian,The Public Historian,2010,88
public_historian,The Public Historian,2011,114
public_historian,The Public Historian,2012,91
public_historian,The Public Historian,2013,88
public_historian,The Public Historian,2014,91
public_historian,The Public Historian,2015,90
public_historian,The Public Historian,2016,103
public_historian,The Public Historian,2017,97
public_historian,The Public Historian,2018,123
public_historian,The Public Historian,2019,83
public_historian,The Public Historian,2020,77
public_historian,The Public Historian,2021,97
public_historian,The Public Historian,2022,52
public_historian,The Public Historian,2023,58
public_historian,The Public Historian,2024,97
public_historian,The Public Historian,2025,71
public_historian,The Public Historian,2026,67
revue_historique,Revue historique,1992,21
revue_historique,Revue historique,1993,23
revue_historique,Revue historique,1994,24
revue_historique,Revue historique,1995,20
revue_historique,Revue historique,1996,15
revue_historique,Revue historique,1997,18
revue_historique,Revue historique,1998,22
revue_historique,Revue historique,1999,23
revue_historique,Revue historique,2000,6
revue_historique,Revue historique,2001,161
revue_historique,Revue historique,2002,170
revue_historique,Revue historique,2003,182
revue_historique,Revue historique,2004,150
revue_historique,Revue historique,2005,156
revue_historique,Revue historique,2006,188
revue_historique,Revue historique,2007,202
revue_historique,Revue historique,2008,132
revue_historique,Revue historique,2009,280
revue_historique,Revue historique,2010,84
revue_historique,Revue historique,2011,234
revue_historique,Revue historique,2012,128
revue_historique,Revue historique,2013,204
revue_historique,Revue historique,2014,179
revue_historique,Revue historique,2015,139
revue_historique,Revue historique,2016,183
revue_historique,Revue historique,2017,133
revue_historique,Revue historique,2018,217
revue_historique,Revue historique,2019,156
revue_historique,Revue historique,2020,72
revue_historique,Revue historique,2021,91
revue_historique,Revue historique,2022,134
revue_historique,Revue historique,2023,84
revue_historique,Revue historique,2024,72
revue_historique,Revue historique,2025,46
revue_historique,Revue historique,2026,32
social_history,Journal of Social History,1967,12
social_history,Journal of Social History,1968,30
social_history,Journal of Social History,1969,38
social_history,Journal of Social History,1970,39
social_history,Journal of Social History,1971,35
social_history,Journal of Social History,1972,39
social_history,Journal of Social History,1973,37
social_history,Journal of Social History,1974,62
social_history,Journal of Social History,1975,65
social_history,Journal of Social History,1976,56
social_history,Journal of Social History,1977,62
social_history,Journal of Social History,1978,59
social_history,Journal of Social History,1979,68
social_history,Journal of Social History,1980,85
social_history,Journal of Social History,1981,101
social_history,Journal of Social History,1982,93
social_history,Journal of Social History,1983,108
social_history,Journal of Social History,1984,102
social_history,Journal of Social History,1985,111
social_history,Journal of Social History,1986,109
social_history,Journal of Social History,1987,134
social_history,Journal of Social History,1988,123
social_history,Journal of Social History,1989,111
social_history,Journal of Social History,1990,153
social_history,Journal of Social History,1991,149
social_history,Journal of Social History,1992,149
social_history,Journal of Social History,1993,143
social_history,Journal of Social History,1994,172
social_history,Journal of Social History,1995,170
social_history,Journal of Social History,1996,147
social_history,Journal of Social History,1997,147
social_history,Journal of Social History,1998,151
social_history,Journal of Social History,1999,172
social_history,Journal of Social History,2000,172
social_history,Journal of Social History,2001,159
social_history,Journal of Social History,2002,160
social_history,Journal of Social History,2003,166
social_history,Journal of Social History,2004,150
social_history,Journal of Social History,2005,169
social_history,Journal of Social History,2006,147
social_history,Journal of Social History,2007,161
social_history,Journal of Social History,2008,144
social_history,Journal of Social History,2009,216
social_history,Journal of Social History,2010,170
social_history,Journal of Social History,2011,202
social_history,Journal of Social History,2012,144
social_history,Journal of Social History,2013,108
social_history,Journal of Social History,2014,131
social_history,Journal of Social History,2015,168
social_history,Journal of Social History,2016,144
social_history,Journal of Social History,2017,167
social_history,Journal of Social History,2018,130
social_history,Journal of Social History,2019,108
social_history,Journal of Social History,2020,92
social_history,Journal of Social History,2021,86
social_history,Journal of Social History,2022,67
social_history,Journal of Social History,2023,84
social_history,Journal of Social History,2024,80
social_history,Journal of Social History,2025,127
social_history,Journal of Social History,2026,47
social_history_medicine,Social History Of Medicine,2018,1
social_history_medicine,Social History Of Medicine,2020,1
social_history_medicine,Social History Of Medicine,2022,3
social_history_medicine,Social History Of Medicine,2023,14
social_history_medicine,Social History Of Medicine,2025,1
social_history_medicine,Social History Of Medicine,2026,4
social_history_medicine,Social History of Medicine,1988,84
social_history_medicine,Social History of Medicine,1989,81
social_history_medicine,Social History of Medicine,1990,128
social_history_medicine,Social History of Medicine,1991,97
social_history_medicine,Social History of Medicine,1992,112
social_history_medicine,Social History of Medicine,1993,123
social_history_medicine,Social History of Medicine,1994,100
social_history_medicine,Social History of Medicine,1995,109
social_history_medicine,Social History of Medicine,1996,107
social_history_medicine,Social History of Medicine,1997,115
social_history_medicine,Social History of Medicine,1998,109
social_history_medicine,Social History of Medicine,1999,93
social_history_medicine,Social History of Medicine,2000,101
social_history_medicine,Social History of Medicine,2001,103
social_history_medicine,Social History of Medicine,2002,96
social_history_medicine,Social History of Medicine,2003,88
social_history_medicine,Social History of Medicine,2004,85
social_history_medicine,Social History of Medicine,2005,73
social_history_medicine,Social History of Medicine,2006,109
social_history_medicine,Social History of Medicine,2007,114
social_history_medicine,Social History of Medicine,2008,134
social_history_medicine,Social History of Medicine,2009,100
social_history_medicine,Social History of Medicine,2010,123
social_history_medicine,Social History of Medicine,2011,195
social_history_medicine,Social History of Medicine,2012,137
social_history_medicine,Social History of Medicine,2013,106
social_history_medicine,Social History of Medicine,2014,133
social_history_medicine,Social History of Medicine,2015,131
social_history_medicine,Social History of Medicine,2016,133
social_history_medicine,Social History of Medicine,2017,138
social_history_medicine,Social History of Medicine,2018,122
social_history_medicine,Social History of Medicine,2019,126
social_history_medicine,Social History of Medicine,2020,122
social_history_medicine,Social History of Medicine,2021,139
social_history_medicine,Social History of Medicine,2022,71
social_history_medicine,Social History of Medicine,2023,92
social_history_medicine,Social History of Medicine,2024,98
social_history_medicine,Social History of Medicine,2025,107
social_history_medicine,Social History of Medicine,2026,95
social_science_history,Social Science History,1976,8
social_science_history,Social Science History,1977,41
social_science_history,Social Science History,1978,48
social_science_history,Social Science History,1979,50
social_science_history,Social Science History,1980,57
social_science_history,Social Science History,1981,70
social_science_history,Social Science History,1982,51
social_science_history,Social Science History,1983,66
social_science_history,Social Science History,1984,45
social_science_history,Social Science History,1985,54
social_science_history,Social Science History,1986,56
social_science_history,Social Science History,1987,41
social_science_history,Social Science History,1988,50
social_science_history,Social Science History,1989,39
social_science_history,Social Science History,1990,43
social_science_history,Social Science History,1991,46
social_science_history,Social Science History,1992,41
social_science_history,Social Science History,1993,39
social_science_history,Social Science History,1994,41
social_science_history,Social Science History,1995,47
social_science_history,Social Science History,1996,39
social_science_history,Social Science History,1997,30
social_science_history,Social Science History,1998,43
social_science_history,Social Science History,1999,29
social_science_history,Social Science History,2000,69
social_science_history,Social Science History,2001,56
social_science_history,Social Science History,2002,52
social_science_history,Social Science History,2003,50
social_science_history,Social Science History,2004,55
social_science_history,Social Science History,2005,47
social_science_history,Social Science History,2006,52
social_science_history,Social Science History,2007,52
social_science_history,Social Science History,2008,51
social_science_history,Social Science History,2009,45
social_science_history,Social Science History,2010,60
social_science_history,Social Science History,2011,46
social_science_history,Social Science History,2012,60
social_science_history,Social Science History,2013,51
social_science_history,Social Science History,2014,32
social_science_history,Social Science History,2015,36
social_science_history,Social Science History,2016,40
social_science_history,Social Science History,2017,49
social_science_history,Social Science History,2018,42
social_science_history,Social Science History,2019,43
social_science_history,Social Science History,2020,51
social_science_history,Social Science History,2021,46
social_science_history,Social Science History,2022,49
social_science_history,Social Science History,2023,46
social_science_history,Social Science History,2024,46
social_science_history,Social Science History,2025,50
social_science_history,Social Science History,2026,28
technology_culture,Technology and Culture,1959,13
technology_culture,Technology and Culture,1960,56
technology_culture,Technology and Culture,1961,113
technology_culture,Technology and Culture,1962,111
technology_culture,Technology and Culture,1963,102
technology_culture,Technology and Culture,1964,135
technology_culture,Technology and Culture,1965,169
technology_culture,Technology and Culture,1966,149
technology_culture,Technology and Culture,1967,127
technology_culture,Technology and Culture,1968,147
technology_culture,Technology and Culture,1969,254
technology_culture,Technology and Culture,1970,283
technology_culture,Technology and Culture,1971,245
technology_culture,Technology and Culture,1972,150
technology_culture,Technology and Culture,1973,179
technology_culture,Technology and Culture,1974,160
technology_culture,Technology and Culture,1975,158
technology_culture,Technology and Culture,1976,207
technology_culture,Technology and Culture,1977,180
technology_culture,Technology and Culture,1978,192
technology_culture,Technology and Culture,1979,161
technology_culture,Technology and Culture,1980,180
technology_culture,Technology and Culture,1981,196
technology_culture,Technology and Culture,1982,163
technology_culture,Technology and Culture,1983,160
technology_culture,Technology and Culture,1984,179
technology_culture,Technology and Culture,1985,175
technology_culture,Technology and Culture,1986,191
technology_culture,Technology and Culture,1987,199
technology_culture,Technology and Culture,1988,362
technology_culture,Technology and Culture,1989,354
technology_culture,Technology and Culture,1990,353
technology_culture,Technology and Culture,1991,352
technology_culture,Technology and Culture,1992,375
technology_culture,Technology and Culture,1993,330
technology_culture,Technology and Culture,1994,282
technology_culture,Technology and Culture,1995,306
technology_culture,Technology and Culture,1996,269
technology_culture,Technology and Culture,1997,322
technology_culture,Technology and Culture,1998,347
technology_culture,Technology and Culture,1999,197
technology_culture,Technology and Culture,2000,186
technology_culture,Technology and Culture,2001,197
technology_culture,Technology and Culture,2002,196
technology_culture,Technology and Culture,2003,187
technology_culture,Technology and Culture,2004,210
technology_culture,Technology and Culture,2005,207
technology_culture,Technology and Culture,2006,211
technology_culture,Technology and Culture,2007,193
technology_culture,Technology and Culture,2008,189
technology_culture,Technology and Culture,2009,193
technology_culture,Technology and Culture,2010,172
technology_culture,Technology and Culture,2011,167
technology_culture,Technology and Culture,2012,161
technology_culture,Technology and Culture,2013,146
technology_culture,Technology and Culture,2014,134
technology_culture,Technology and Culture,2015,142
technology_culture,Technology and Culture,2016,145
technology_culture,Technology and Culture,2017,140
technology_culture,Technology and Culture,2018,123
technology_culture,Technology and Culture,2019,124
technology_culture,Technology and Culture,2020,156
technology_culture,Technology and Culture,2021,198
technology_culture,Technology and Culture,2022,206
technology_culture,Technology and Culture,2023,221
technology_culture,Technology and Culture,2024,211
technology_culture,Technology and Culture,2025,200
technology_culture,Technology and Culture,2026,149
urban_history,Urban History,1974,65
urban_history,Urban History,1975,68
urban_history,Urban History,1976,68
urban_history,Urban History,1977,68
urban_history,Urban History,1978,70
urban_history,Urban History,1979,58
urban_history,Urban History,1980,79
urban_history,Urban History,1981,82
urban_history,Urban History,1982,79
urban_history,Urban History,1983,70
urban_history,Urban History,1984,57
urban_history,Urban History,1985,50
urban_history,Urban History,1986,57
urban_history,Urban History,1987,61
urban_history,Urban History,1988,44
urban_history,Urban History,1989,45
urban_history,Urban History,1990,54
urban_history,Urban History,1991,38
urban_history,Urban History,1992,75
urban_history,Urban History,1993,69
urban_history,Urban History,1994,67
urban_history,Urban History,1995,90
urban_history,Urban History,1996,74
urban_history,Urban History,1997,73
urban_history,Urban History,1998,85
urban_history,Urban History,1999,83
urban_history,Urban History,2000,80
urban_history,Urban History,2001,74
urban_history,Urban History,2002,78
urban_history,Urban History,2003,76
urban_history,Urban History,2004,77
urban_history,Urban History,2005,73
urban_history,Urban History,2006,69
urban_history,Urban History,2007,72
urban_history,Urban History,2008,68
urban_history,Urban History,2009,58
urban_history,Urban History,2010,70
urban_history,Urban History,2011,61
urban_history,Urban History,2012,90
urban_history,Urban History,2013,73
urban_history,Urban History,2014,74
urban_history,Urban History,2015,93
urban_history,Urban History,2016,73
urban_history,Urban History,2017,63
urban_history,Urban History,2018,74
urban_history,Urban History,2019,88
urban_history,Urban History,2020,102
urban_history,Urban History,2021,106
urban_history,Urban History,2022,85
urban_history,Urban History,2023,87
urban_history,Urban History,2024,84
urban_history,Urban History,2025,83
urban_history,Urban History,2026,40
william_mary,The William and Mary Quarterly,1892,16
william_mary,The William and Mary Quarterly,1893,51
william_mary,The William and Mary Quarterly,1894,75
william_mary,The William and Mary Quarterly,1895,89
william_mary,The William and Mary Quarterly,1896,102
william_mary,The William and Mary Quarterly,1897,107
william_mary,The William and Mary Quarterly,1898,84
william_mary,The William and Mary Quarterly,1899,116
william_mary,The William and Mary Quarterly,1900,77
william_mary,The William and Mary Quarterly,1901,77
william_mary,The William and Mary Quarterly,1902,70
william_mary,The William and Mary Quarterly,1903,60
william_mary,The William and Mary Quarterly,1904,63
william_mary,The William and Mary Quarterly,1905,89
william_mary,The William and Mary Quarterly,1906,71
william_mary,The William and Mary Quarterly,1907,55
william_mary,The William and Mary Quarterly,1908,49
william_mary,The William and Mary Quarterly,1909,44
william_mary,The William and Mary Quarterly,1910,69
william_mary,The William and Mary Quarterly,1911,50
william_mary,The William and Mary Quarterly,1912,74
william_mary,The William and Mary Quarterly,1913,49
william_mary,The William and Mary Quarterly,1914,61
william_mary,The William and Mary Quarterly,1915,64
william_mary,The William and Mary Quarterly,1916,55
william_mary,The William and Mary Quarterly,1917,67
william_mary,The William and Mary Quarterly,1918,38
william_mary,The William and Mary Quarterly,1919,29
william_mary,The William and Mary Quarterly,1921,49
william_mary,The William and Mary Quarterly,1922,53
william_mary,The William and Mary Quarterly,1923,53
william_mary,The William and Mary Quarterly,1924,49
william_mary,The William and Mary Quarterly,1925,62
william_mary,The William and Mary Quarterly,1926,66
william_mary,The William and Mary Quarterly,1927,53
william_mary,The William and Mary Quarterly,1928,54
william_mary,The William and Mary Quarterly,1929,54
william_mary,The William and Mary Quarterly,1930,67
william_mary,The William and Mary Quarterly,1931,71
william_mary,The William and Mary Quarterly,1932,52
william_mary,The William and Mary Quarterly,1933,44
william_mary,The William and Mary Quarterly,1934,63
william_mary,The William and Mary Quarterly,1935,63
william_mary,The William and Mary Quarterly,1936,79
william_mary,The William and Mary Quarterly,1937,68
william_mary,The William and Mary Quarterly,1938,86
william_mary,The William and Mary Quarterly,1939,100
william_mary,The William and Mary Quarterly,1940,88
william_mary,The William and Mary Quarterly,1941,71
william_mary,The William and Mary Quarterly,1942,82
william_mary,The William and Mary Quarterly,1943,72
william_mary,The William and Mary Quarterly,1944,42
william_mary,The William and Mary Quarterly,1945,37
william_mary,The William and Mary Quarterly,1946,66
william_mary,The William and Mary Quarterly,1947,99
william_mary,The William and Mary Quarterly,1948,100
william_mary,The William and Mary Quarterly,1949,133
william_mary,The William and Mary Quarterly,1950,157
william_mary,The William and Mary Quarterly,1951,129
william_mary,The William and Mary Quarterly,1952,111
william_mary,The William and Mary Quarterly,1953,132
william_mary,The William and Mary Quarterly,1954,111
william_mary,The William and Mary Quarterly,1955,99
william_mary,The William and Mary Quarterly,1956,103
william_mary,The William and Mary Quarterly,1957,88
william_mary,The William and Mary Quarterly,1958,102
william_mary,The William and Mary Quarterly,1959,113
william_mary,The William and Mary Quarterly,1960,117
william_mary,The William and Mary Quarterly,1961,94
william_mary,The William and Mary Quarterly,1962,121
william_mary,The William and Mary Quarterly,1963,114
william_mary,The William and Mary Quarterly,1964,107
william_mary,The William and Mary Quarterly,1965,109
william_mary,The William and Mary Quarterly,1966,102
william_mary,The William and Mary Quarterly,1967,117
william_mary,The William and Mary Quarterly,1968,110
william_mary,The William and Mary Quarterly,1969,98
william_mary,The William and Mary Quarterly,1970,105
william_mary,The William and Mary Quarterly,1971,99
william_mary,The William and Mary Quarterly,1972,88
william_mary,The William and Mary Quarterly,1973,109
william_mary,The William and Mary Quarterly,1974,93
william_mary,The William and Mary Quarterly,1975,103
william_mary,The William and Mary Quarterly,1976,90
william_mary,The William and Mary Quarterly,1977,124
william_mary,The William and Mary Quarterly,1978,98
william_mary,The William and Mary Quarterly,1979,100
william_mary,The William and Mary Quarterly,1980,92
william_mary,The William and Mary Quarterly,1981,82
william_mary,The William and Mary Quarterly,1982,77
william_mary,The William and Mary Quarterly,1983,93
william_mary,The William and Mary Quarterly,1984,100
william_mary,The William and Mary Quarterly,1985,82
william_mary,The William and Mary Quarterly,1986,84
william_mary,The William and Mary Quarterly,1987,90
william_mary,The William and Mary Quarterly,1988,109
william_mary,The William and Mary Quarterly,1989,99
william_mary,The William and Mary Quarterly,1990,81
william_mary,The William and Mary Quarterly,1991,79
william_mary,The William and Mary Quarterly,1992,97
william_mary,The William and Mary Quarterly,1993,127
william_mary,The William and Mary Quarterly,1994,138
william_mary,The William and Mary Quarterly,1995,123
william_mary,The William and Mary Quarterly,1996,117
william_mary,The William and Mary Quarterly,1997,118
william_mary,The William and Mary Quarterly,1998,123
william_mary,The William and Mary Quarterly,1999,123
william_mary,The William and Mary Quarterly,2000,106
william_mary,The William and Mary Quarterly,2001,112
william_mary,The William and Mary Quarterly,2002,103
william_mary,The William and Mary Quarterly,2007,32
william_mary,The William and Mary Quarterly,2008,50
william_mary,The William and Mary Quarterly,2010,52
william_mary,The William and Mary Quarterly,2011,85
william_mary,The William and Mary Quarterly,2012,83
william_mary,The William and Mary Quarterly,2013,61
william_mary,The William and Mary Quarterly,2014,61
william_mary,The William and Mary Quarterly,2015,60
william_mary,The William and Mary Quarterly,2016,65
william_mary,The William and Mary Quarterly,2017,82
william_mary,The William and Mary Quarterly,2018,69
william_mary,The William and Mary Quarterly,2019,75
william_mary,The William and Mary Quarterly,2020,32
william_mary,The William and Mary Quarterly,2021,42
william_mary,The William and Mary Quarterly,2022,52
william_mary,The William and Mary Quarterly,2023,68
william_mary,The William and Mary Quarterly,2024,68
william_mary,The William and Mary Quarterly,2025,58
william_mary,The William and Mary Quarterly,2026,49
william_mary,William and Mary Quarterly,2003,94
william_mary,William and Mary Quarterly,2004,69
william_mary,William and Mary Quarterly,2005,71
william_mary,William and Mary Quarterly,2006,17
william_mary,William and Mary Quarterly,2018,2
womens_history,Journal of Women's History,1989,32
womens_history,Journal of Women's History,1990,47
womens_history,Journal of Women's History,1991,45
womens_history,Journal of Women's History,1992,48
womens_history,Journal of Women's History,1993,67
womens_history,Journal of Women's History,1994,66
womens_history,Journal of Women's History,1995,64
womens_history,Journal of Women's History,1996,58
womens_history,Journal of Women's History,1997,71
womens_history,Journal of Women's History,1998,65
womens_history,Journal of Women's History,1999,70
womens_history,Journal of Women's History,2000,67
womens_history,Journal of Women's History,2001,78
womens_history,Journal of Women's History,2002,77
womens_history,Journal of Women's History,2003,87
womens_history,Journal of Women's History,2004,93
womens_history,Journal of Women's History,2005,57
womens_history,Journal of Women's History,2006,68
womens_history,Journal of Women's History,2007,74
womens_history,Journal of Women's History,2008,74
womens_history,Journal of Women's History,2009,70
womens_history,Journal of Women's History,2010,79
womens_history,Journal of Women's History,2011,56
womens_history,Journal of Women's History,2012,55
womens_history,Journal of Women's History,2013,65
womens_history,Journal of Women's History,2014,70
womens_history,Journal of Women's History,2015,49
womens_history,Journal of Women's History,2016,50
womens_history,Journal of Women's History,2017,64
womens_history,Journal of Women's History,2018,51
womens_history,Journal of Women's History,2019,46
womens_history,Journal of Women's History,2020,44
womens_history,Journal of Women's History,2021,50
womens_history,Journal of Women's History,2022,46
womens_history,Journal of Women's History,2023,47
womens_history,Journal of Women's History,2024,50
womens_history,Journal of Women's History,2025,41
womens_history,Journal of Women's History,2026,28
world_history,Journal of World History,1996,31
world_history,Journal of World History,1997,30
world_history,Journal of World History,1998,32
world_history,Journal of World History,1999,60
world_history,Journal of World History,2000,53
world_history,Journal of World History,2001,58
world_history,Journal of World History,2002,58
world_history,Journal of World History,2003,61
world_history,Journal of World History,2004,49
world_history,Journal of World History,2005,44
world_history,Journal of World History,2006,37
world_history,Journal of World History,2007,38
world_history,Journal of World History,2008,33
world_history,Journal of World History,2009,61
world_history,Journal of World History,2010,85
world_history,Journal of World History,2011,129
world_history,Journal of World History,2012,131
world_history,Journal of World History,2013,116
world_history,Journal of World History,2014,24
world_history,Journal of World History,2015,42
world_history,Journal of World History,2016,144
world_history,Journal of World History,2017,60
world_history,Journal of World History,2018,65
world_history,Journal of World History,2019,77
world_history,Journal of World History,2020,65
world_history,Journal of World History,2021,54
world_history,Journal of World History,2022,40
world_history,Journal of World History,2023,35
world_history,Journal of World History,2024,40
world_history,Journal of World History,2025,42
world_history,Journal of World History,2026,23
