id,title,aliases,publication_role,identity_status,publication_start,publication_end,publication_status,checked_subject_classifications,provisional_subject_classifications,source_ids,issns,languages,date_basis,date_start_kind,bibliographic_record_count,library_subject_heading_count
journal_1d3e57485ef758f2,20 & 21. Revue d'histoire,20 et 21-Revue d'Histoire,periodical_candidate,bibliographic_metadata_checked,,,unknown,Modern and contemporary,,journal_source_ooir | journal_source_library_b2ce5d7d715d867c,2649-664X,fre,,,1,7
journal_f3b93d29814cb6c3,a/b: Auto/Biography Studies,a/b: Auto/Biography Studies,periodical_candidate,title_matched_candidate,,,unknown,,Biography and life writing,journal_source_sheet_1389,,,,,0,0
journal_dfcb3573c7c0f19f,Ab Imperio,Ab Imperio - Studies of New Imperial History and Nationalism in the Post-Soviet Space | Ab Imperio,periodical_candidate,bibliographic_metadata_checked,2000,,unknown,Russia and Eurasia,Colonialism and empire | Politics and public policy,journal_source_sheet_271 | journal_source_sheet_1389 | journal_source_library_a06ad5cd86697a21 | journal_source_library_c6bb521fc8e2d2fc,2166-4072,eng | rus,bibliographic_record,catalogued_title_start,2,16
journal_ff89e341923af2a2,Aboriginal History,Aboriginal History,periodical_candidate,title_matched_candidate,,,unknown,Australasia and Oceania,,journal_source_wikipedia,,,,,0,0
journal_60f292179e503c1f,Abriu,Abriu,periodical_candidate,bibliographic_metadata_checked,2012,,unknown,Latin America and Caribbean | Iberia | Literature,,journal_source_sheet_1389 | journal_source_library_12baa1fcf86447a6,2014-8534,eng | glg | por | spa,bibliographic_record,catalogued_title_start,1,14
journal_91f1c756cb33896f,Acadiensis,Acadiensis,periodical_candidate,bibliographic_metadata_checked,1971,,unknown,Canada,,journal_source_wikipedia | journal_source_sheet_271 | journal_source_sheet_1389 | journal_source_library_deafef19c2245b2c | journal_source_library_2611d8b73c13ca1a,0044-5851,eng | fre,bibliographic_record,catalogued_title_start,2,5
journal_1b7d985df897c9a3,Accounting History,Accounting History,periodical_candidate,title_matched_candidate,,,unknown,,"Business, labor and economics",journal_source_sheet_1389,,,,,0,0
journal_d63c3d93c03ef931,Accounting History Review,Accounting History Review,periodical_candidate,bibliographic_metadata_checked,,,unknown,"Business, labor and economics",,journal_source_sheet_1389 | journal_source_library_c802a2e680442652 | journal_source_library_20dfd713fb15da68 | journal_source_library_df39d11f6cdf852d,2155-2851 | 2155-286X,eng,,,3,6
journal_7b7546e057193394,Acta Academiae Artium Vilnensis,Acta Academiae Artium Vilnensis,periodical_candidate,bibliographic_metadata_checked,1993,,unknown,Art,,journal_source_sheet_1389 | journal_source_library_28458db9df69989a,1392-0316,lit,bibliographic_record,catalogued_title_start,1,3
journal_9643af836a3cff70,Acta Antiqua Academiae Scientiarum Hungaricae,Acta Antiqua Academiae Scientiarum Hungaricae,periodical_candidate,bibliographic_metadata_checked,1951,,unknown,Classical studies | Archaeology,Ancient,journal_source_sheet_1389 | journal_source_library_d53985e06f735439,0044-5975,eng,bibliographic_record,catalogued_title_start,1,11
journal_4b6db92d6f35258a,Acta Archaeologica Lodziensia,Acta Archaeologica Lodziensia,periodical_candidate,title_matched_candidate,,,unknown,,Archaeology,journal_source_sheet_1389,,,,,0,0
journal_7e3614bef0a9d197,Acta Asiatica Varsoviensia,Acta Asiatica Varsoviensia,periodical_candidate,bibliographic_metadata_checked,1988,,unknown,Asia,,journal_source_sheet_1389 | journal_source_library_c223e680a143ca50,0860-6102,eng | ger | pol,bibliographic_record,catalogued_title_start,1,5
journal_d374e610cfd52bac,Acta Baltica Historiae et Philosophiae Scientiarum,Acta Baltica Historiae et Philosophiae Scientiarum,periodical_candidate,bibliographic_metadata_checked,2013,,unknown,General history | Philosophy | Science and technology,Baltic,journal_source_sheet_1389 | journal_source_library_3dd9cff2a9b22650 | journal_source_library_baa919980bb7c036,2228-2009 | 2228-2017,eng,bibliographic_record,catalogued_title_start,2,8
journal_69cd6d42b6bae5ff,Acta Borealia,Acta Borealia,periodical_candidate,bibliographic_metadata_checked,,,unknown,Nordic Europe,,journal_source_sheet_1389 | journal_source_library_2d6f1448c232cc18 | journal_source_library_8c6057e623cc2beb,0800-3831 | 1503-111X,eng,,,2,26
journal_0c9ce4e18f54002f,Acta Comeniana,Acta Comeniana,periodical_candidate,title_matched_candidate,,,unknown,,,journal_source_sheet_1389,,,,,0,0
journal_d73bba16eb647404,Acta Historiae Artis Slovenica,Acta Historiae Artis Slovenica,periodical_candidate,bibliographic_metadata_checked,1996,,unknown,Art history | Art,Eastern Europe and Balkans,journal_source_sheet_1389 | journal_source_library_9b5b146c1a7bd581,1408-0419,slv,bibliographic_record,catalogued_title_start,1,9
journal_301d620d70ac04c6,Acta Historica Tallinnensia,Acta Historica Tallinnensia,periodical_candidate,bibliographic_metadata_checked,1997,,unknown,,,journal_source_sheet_271 | journal_source_sheet_1389 | journal_source_library_b7efe7129d79f4c8,1406-2925,est,bibliographic_record,catalogued_title_start,1,1
journal_f2c2e6a2d4fad8ee,Acta Orientalia,Acta Orientalia,periodical_candidate,title_matched_candidate,,,unknown,,,journal_source_sheet_1389,,,,,0,0
journal_acc2bcdaaaf2daf2,Acta Orientalia Academiae Scientiarum Hungaricae,Acta Orientalia Academiae Scientiarum Hungaricae,periodical_candidate,title_matched_candidate,,,unknown,Asia | Language and linguistics | Literature,,journal_source_sheet_271 | journal_source_ooir,,,,,0,0
journal_90cf8ded2289c4e2,Acta Poloniae Historica,Acta Poloniae Historica,periodical_candidate,bibliographic_metadata_checked,1958,,unknown,Poland,Eastern Europe and Balkans,journal_source_sheet_271 | journal_source_sheet_1389 | journal_source_library_b14c5c6873ea5b4d,0001-6829,eng,bibliographic_record,catalogued_title_start,1,7
journal_0b37448b57fc3015,Actual Problems of Theory and History of Art,Actual Problems of Theory and History of Art,periodical_candidate,title_matched_candidate,,,unknown,,Art history,journal_source_sheet_1389,,,,,0,0
journal_0bc86b3b70daac6a,Ad Limina,Ad Limina,periodical_candidate,bibliographic_metadata_checked,2010,,unknown,Humanities,,journal_source_sheet_1389 | journal_source_library_ea372c98883c0a16,2659-5885,eng | fre | ger | glg | ita | por | spa,bibliographic_record,catalogued_title_start,1,7
journal_8b7b28851d49744e,Adalya,Adalya,periodical_candidate,bibliographic_metadata_checked,1996,,unknown,,,journal_source_sheet_1389 | journal_source_library_274c35fbb78ba0c0,1301-2746,tur,bibliographic_record,catalogued_title_start,1,10
journal_6a14b6e4efa7f70c,Aegyptus,Aegyptus,periodical_candidate,title_matched_candidate,,,unknown,,Egypt,journal_source_sheet_1389,,,,,0,0
journal_098c5601d80ef233,Aethiopica,Aethiopica,periodical_candidate,bibliographic_metadata_checked,1998,,unknown,Africa | Horn of Africa | Language and linguistics | Archaeology | Anthropology and ethnography | Religion | Philosophy | Literature | Manuscript studies,,journal_source_sheet_1389 | journal_source_library_739bb684fbae335f,2194-4024,eng | fre | ger | ita,bibliographic_record,catalogued_title_start,1,9
journal_d6082a6c337b8b23,Aevum - Rassegna di Scienze Storiche Linguistiche e Filologiche,Aevum - Rassegna di Scienze Storiche Linguistiche e Filologiche,periodical_candidate,title_matched_candidate,,,unknown,,Language and linguistics,journal_source_sheet_1389,,,,,0,0
journal_f04ad4d28e19a211,Afghanistan,Afghanistan,periodical_candidate,title_matched_candidate,,,unknown,Central Asia | South Asia | Middle East,,journal_source_sheet_1389,,,,,0,0
journal_38ecdf7c75977dec,Africa Review,Africa Review,periodical_candidate,bibliographic_metadata_checked,2009,,unknown,Africa | General history,,journal_source_sheet_1389 | journal_source_library_1db5bcf9cd6f690b | journal_source_library_77011202952bca0d | journal_source_library_bf17adaeb4f8c42c,0974-4053 | 0974-4061,eng,bibliographic_record,catalogued_title_start,3,12
journal_923835d8437c75d6,African and Asian Studies,African and Asian Studies,periodical_candidate,bibliographic_metadata_checked,2002,,unknown,Africa | Asia | Women and gender studies,,journal_source_sheet_1389 | journal_source_library_410c7238d14aaa65 | journal_source_library_da1a7397ee288c4e | journal_source_library_96a7f9c8ece24110,1569-2094 | 1569-2108,eng,bibliographic_record,catalogued_title_start,3,31
journal_d972a540a617fa2f,African Archaeological Review,African Archaeological Review,periodical_candidate,bibliographic_metadata_checked,1983,,unknown,Africa | Archaeology | Prehistory,,journal_source_wikipedia | journal_source_library_b9b0f00e8e39e968 | journal_source_library_e9996db627db035f,0263-0338,eng,bibliographic_record,catalogued_title_start,2,19
journal_bbcb45648f11880b,African Economic History,African Economic History,periodical_candidate,bibliographic_metadata_checked,,,unknown,"Africa | Business, labor and economics",,journal_source_wikipedia | journal_source_sheet_271 | journal_source_sheet_1389 | journal_source_library_df4ba0e369bf55b0,0145-2258,eng,,,1,12
journal_f94d1b95f9753857,African Historical Review,African Historical Review,periodical_candidate,bibliographic_metadata_checked,,,unknown,Africa,,journal_source_wikipedia | journal_source_sheet_1389 | journal_source_library_0cdc059269adf3a3 | journal_source_library_c4426f1c4447e888 | journal_source_library_e82bec961afedb00,1753-2523 | 1753-2531,eng,,,3,18
journal_ee0884300a63c172,African Studies,African Studies,periodical_candidate,title_matched_candidate,,,unknown,Africa | Anthropology and ethnography,,journal_source_sheet_1389,,,,,0,0
journal_af321c83d77f929c,Afrique & Histoire,Afrique & Histoire,periodical_candidate,bibliographic_metadata_checked,2003,,unknown,Africa,,journal_source_wikipedia | journal_source_library_b1d187517db6c505,1764-1977,fre,bibliographic_record,catalogued_title_start,1,3
journal_2dfeedfb997d608a,Afriques,Afriques,periodical_candidate,bibliographic_metadata_checked,2010,,unknown,Africa | Anthropology and ethnography,,journal_source_sheet_1389 | journal_source_library_6d265ceecf719610,2108-6796,eng | fre,bibliographic_record,catalogued_title_start,1,16
journal_4d7fa7f3dd0dba0e,Agricultural History,Agricultural History,periodical_candidate,bibliographic_metadata_checked,,,unknown,"Business, labor and economics | Rural and agricultural",,journal_source_wikipedia | journal_source_sheet_271 | journal_source_sheet_1389 | journal_source_ooir | journal_source_library_c306083cda9c2714,0002-1482,eng,,,1,8
journal_9f9dff6d3ffacccd,Agricultural History Review,Agricultural History Review,periodical_candidate,bibliographic_metadata_checked,1953,,unknown,"Business, labor and economics | Rural and agricultural",,journal_source_wikipedia | journal_source_sheet_271 | journal_source_library_8952eabb3a0b5f9d,0002-1490,eng,bibliographic_record,catalogued_title_start,1,6
journal_59d8ac57ca964e88,Agypten und Levante,Agypten und Levante,periodical_candidate,title_matched_candidate,,,unknown,,Middle East,journal_source_sheet_1389,,,,,0,0
journal_c48146e4fa9a6c3c,Ajalooline Ajakiri,Ajalooline Ajakiri,periodical_candidate,title_matched_candidate,,,unknown,,,journal_source_sheet_1389,,,,,0,0
journal_994dc8e5a81961bb,AJS Review,AJS Review - The Journal of the Association for Jewish Studies | AJS Review | AJS Review-The Journal of the Association for Jewish Studies,periodical_candidate,bibliographic_metadata_checked,1976,,unknown,Jewish studies,,journal_source_sheet_271 | journal_source_sheet_1389 | journal_source_ooir | journal_source_library_15b6babf325eac5e | journal_source_library_cfbe662d7330ca95,0364-0094 | 1475-4541,eng,bibliographic_record,catalogued_title_start,2,19
journal_388d7ab2e7191e76,Akkadica,Akkadica,periodical_candidate,bibliographic_metadata_checked,1977,,unknown,Western Asia | Archaeology | General history | Language and linguistics,,journal_source_sheet_1389 | journal_source_library_9ca7debcd4ab57ea | journal_source_library_a681c7ca327bd9e1,1378-5087,dut | fre,bibliographic_record,catalogued_title_start,2,7
journal_f26e14594dcc3134,Al-Masaq: Islam and the Medieval Mediterranean,Al-Masaq: Islam and the Medieval Mediterranean,periodical_candidate,title_matched_candidate,,,unknown,"Mediterranean | Middle Ages | Religion | Archaeology | Art history | Architectural | Business, labor and economics",,journal_source_sheet_1389,,,,,0,0
journal_fc6f608062c81b24,Al-Qantara,Al-Qantara,periodical_candidate,title_matched_candidate,,,unknown,Islamic studies | Islamic West,,journal_source_sheet_271 | journal_source_sheet_1389 | journal_source_ooir,,,,,0,0
journal_b51dfc6d70ae1818,Al-Shajarah,Al-Shajarah,periodical_candidate,title_matched_candidate,,,unknown,Religion | Science and technology | Southeast Asia,,journal_source_sheet_1389,,,,,0,0
journal_76e4aa1b6d2ca68b,Albion,Albion,periodical_candidate,title_matched_candidate,,,unknown,Britain,,journal_source_wikipedia,,,,,0,0
journal_c0d93ea09e20eb4c,Aleph,Aleph,periodical_candidate,bibliographic_metadata_checked,2001,,unknown,,,journal_source_sheet_1389 | journal_source_library_9845e0d9d5b9c54b | journal_source_library_c8b1b245b9f019d4,1553-3956 | 1565-1525,eng,bibliographic_record,catalogued_title_start,2,39
journal_27747689baf9903c,AlterNative,AlterNative,periodical_candidate,title_matched_candidate,,,unknown,,,journal_source_sheet_1389,,,,,0,0
journal_d0d6da384f579019,Altorientalische Forschungen,Altorientalische Forschungen,periodical_candidate,bibliographic_metadata_checked,1974,,unknown,Middle East | Ancient | Archaeology | Art history | Language and linguistics | Asia,,journal_source_sheet_1389 | journal_source_library_7738f5d08c8745ce | journal_source_library_74f90a63150b6153 | journal_source_library_6fa10ff7521c8d11,0232-8461 | 2196-6761,eng | ger | ita | rus,bibliographic_record,catalogued_title_start,3,38
journal_8c92d015d9ca95a2,Ambix,Ambix,periodical_candidate,bibliographic_metadata_checked,1937,,unknown,Science and technology,,journal_source_wikipedia | journal_source_library_1742c2879f8c8f07 | journal_source_library_168caf6ef6c213ec | journal_source_library_88a45633b0e4f9f2,0002-6980 | 1745-8234,eng,bibliographic_record,catalogued_title_start,3,25
journal_78720e4a3a7881e7,Amerasia Journal,Amerasia Journal,periodical_candidate,bibliographic_metadata_checked,1971,,unknown,Ethnic and racial studies,,journal_source_wikipedia | journal_source_sheet_1389 | journal_source_library_a0b324369936b8cb | journal_source_library_d716a9858f3ebae3 | journal_source_library_d8095c0b7cba85aa,0044-7471 | 2642-0228,eng,bibliographic_record,catalogued_title_start,3,14
journal_490a5b56a3ccba68,America Latina en la Historia Economica,America Latina en la Historia Economica,periodical_candidate,title_matched_candidate,,,unknown,,"Americas | Business, labor and economics",journal_source_sheet_1389,,,,,0,0
journal_c1a7cb8d0b8dd825,America Latina Hoy,America Latina Hoy,periodical_candidate,title_matched_candidate,,,unknown,,Americas,journal_source_sheet_1389,,,,,0,0
journal_e27750ccb34e167a,American Antiquity,American Antiquity,periodical_candidate,bibliographic_metadata_checked,,,unknown,Anthropology and ethnography | Archaeology | Americas,Ancient,journal_source_sheet_1389 | journal_source_library_1c8e1d94dab4ba2f | journal_source_library_ee26a7fa7744c017 | journal_source_library_00e8b00d0b99ccc4,0002-7316 | 2325-5064,eng,,,3,30
journal_fc7e84e99f425935,American Archivist,American Archivist,periodical_candidate,title_matched_candidate,,,unknown,Archives,,journal_source_wikipedia,,,,,0,0
journal_e58627135946a4e7,American Communist History,American Communist History,periodical_candidate,bibliographic_metadata_checked,2002,,unknown,"Business, labor and economics | Politics and public policy | Socialism and related political traditions",,journal_source_wikipedia | journal_source_sheet_1389 | journal_source_library_401370495202d597 | journal_source_library_d615fe2b83cf7eba,1474-3892 | 1474-3906,eng,bibliographic_record,catalogued_title_start,2,9
journal_c2decf545335ea0c,American Educational History Journal,American Educational History Journal,periodical_candidate,bibliographic_metadata_checked,,,unknown,Teaching and methods | Education,,journal_source_wikipedia | journal_source_library_6778a075f02dddf7,1535-0584,eng,,,1,10
journal_3d02e492c5fe1cb4,American History,American History,periodical_candidate,title_matched_candidate,,,unknown,,United States,journal_source_sheet_1389,,,,,0,0
journal_eb96f815dd5c3f68,American Indian and Alaska Native Mental Health Research,American Indian and Alaska Native Mental Health Research,periodical_candidate,title_matched_candidate,,,unknown,,Indigenous studies | Medicine and health,journal_source_sheet_1389,,,,,0,0
journal_59f9468d9cf294be,American Indian Culture and Research Journal,American Indian Culture and Research Journal,periodical_candidate,bibliographic_metadata_checked,,,unknown,Regional or local history | Social | Indigenous studies,,journal_source_ooir | journal_source_library_4268c05fe65f2367,0161-6463,eng,,,1,4
journal_cc21c94c66fe3843,American Jewish History,American Jewish History,periodical_candidate,bibliographic_metadata_checked,,,unknown,Ethnic and racial studies | Religion | Jewish studies | United States,,journal_source_wikipedia | journal_source_sheet_271 | journal_source_sheet_1389 | journal_source_library_63b23d97be6e478d | journal_source_library_f8db173c79ca2dae,0164-0178 | 1086-3141,eng,,,2,16
journal_31e5d822b53d053f,American Journal of Legal History,American Journal of Legal History,periodical_candidate,bibliographic_metadata_checked,1957,,unknown,Legal,,journal_source_wikipedia | journal_source_sheet_1389 | journal_source_library_6539813c0b075d6d,0002-9319,eng,bibliographic_record,catalogued_title_start,1,11
journal_18f23b520a1e3c8d,American Literary History,American Literary History,periodical_candidate,bibliographic_metadata_checked,1989,,unknown,Media and books,,journal_source_wikipedia | journal_source_sheet_1389 | journal_source_library_74b027abcce646d1 | journal_source_library_15786c32966fafd8,0896-7148 | 1468-4365,eng,bibliographic_record,catalogued_title_start,2,18
journal_cd21339dc12185c3,American Neptune,American Neptune,periodical_candidate,title_matched_candidate,,,unknown,Maritime,,journal_source_wikipedia,,,,,0,0
journal_16c2606d6dc20ebf,American Nineteenth Century History,American Nineteenth Century History,periodical_candidate,bibliographic_metadata_checked,2000,,unknown,United States,Nineteenth century,journal_source_sheet_271 | journal_source_sheet_1389 | journal_source_ooir | journal_source_library_4c6203750f371b91 | journal_source_library_699e5c522649ba8b,1466-4658 | 1743-7903,eng,bibliographic_record,catalogued_title_start,2,5
journal_d1dcb7930f377399,American Quarterly,American Quarterly,periodical_candidate,bibliographic_metadata_checked,1949,,unknown,United States,,journal_source_wikipedia | journal_source_sheet_1389 | journal_source_library_6abf13b08e87ac0f | journal_source_library_61412880198177b0,0003-0678 | 1080-6490,eng,bibliographic_record,catalogued_title_start,2,15
journal_cb64c08699ad46cf,American Scholar,American Scholar,periodical_candidate,title_matched_candidate,,,unknown,,,journal_source_sheet_1389,,,,,0,0
journal_ce0b1688463d3515,American Studies in Scandinavia,American Studies in Scandinavia,periodical_candidate,bibliographic_metadata_checked,1968,,unknown,Americas,United States,journal_source_sheet_1389 | journal_source_library_9ca7676fa60b647d | journal_source_library_98fb9e66de2ee28b,0044-8060,eng | swe,bibliographic_record,catalogued_title_start,2,3
journal_4fe870e3f57a15e0,Americas,Americas,periodical_candidate,title_matched_candidate,,,unknown,,Americas,journal_source_sheet_271 | journal_source_sheet_1389 | journal_source_ooir,,,,,0,0
journal_840ac223f1c8db9d,Anais de Historia de Alem-Mar,Anais de Historia de Alem-Mar,periodical_candidate,title_matched_candidate,,,unknown,,,journal_source_sheet_1389,,,,,0,0
journal_fd43dbc3fb2de149,Analecta Hibernica,Analecta Hibernica,periodical_candidate,bibliographic_metadata_checked,1930,,unknown,Ireland | Manuscript studies,,journal_source_wikipedia | journal_source_library_a66d18740e8101fc,0791-6167,eng,bibliographic_record,catalogued_title_start,1,6
journal_3c2962d3c81593cf,Analele Universitatii din Craiova - Seria Istorie,Analele Universitatii din Craiova - Seria Istorie,periodical_candidate,title_matched_candidate,,,unknown,,,journal_source_sheet_1389,,,,,0,0
journal_c293897f8b6f4bd9,Anali Zavoda za Povijesne Znanosti Hrvatske Akademije Znanosti i Umjetnosti u Dubrovniku,Anali Zavoda za Povijesne Znanosti Hrvatske Akademije Znanosti i Umjetnosti u Dubrovniku,periodical_candidate,bibliographic_metadata_checked,,,unknown,General history,,journal_source_sheet_1389 | journal_source_library_be4014c0f3b35baa | journal_source_library_5d20bd6390bd29c7,1330-0598,eng | fre | hrv,,,2,5
journal_0f96531d928e494c,Analisis Politico,Analisis Politico,periodical_candidate,title_matched_candidate,,,unknown,,Politics and public policy,journal_source_sheet_1389,,,,,0,0
journal_30a89afd7338cb3a,Anastasis,Anastasis,periodical_candidate,title_matched_candidate,,,unknown,,,journal_source_sheet_1389,,,,,0,0
journal_8bd27880639a07cf,Anatolian Studies,Anatolian Studies,periodical_candidate,bibliographic_metadata_checked,1951,,unknown,Turkey | Black Sea | Archaeology | Heritage and public history,,journal_source_sheet_271 | journal_source_sheet_1389 | journal_source_library_176df926eb43f757,0066-1546,eng,bibliographic_record,catalogued_title_start,1,7
journal_c1f7ca4a05c31650,Anatolica,Anatolica,periodical_candidate,bibliographic_metadata_checked,1967,,unknown,Anatolia | Archaeology | General history | Turkey,,journal_source_sheet_1389 | journal_source_library_f980f6a138b0bdbb | journal_source_library_66c21ad0b0cf7c55,0066-1554 | 1875-6654,eng | fre | ger,bibliographic_record,catalogued_title_start,2,11
journal_87e91dcf6666eb85,Ancient Asia,Ancient Asia,periodical_candidate,title_matched_candidate,,,unknown,Asia | Archaeology | Anthropology and ethnography | Architectural,,journal_source_sheet_1389,,,,,0,0
journal_02ba7a555bbe4a75,Ancient Civilizations from Scythia to Siberia,Ancient Civilizations from Scythia to Siberia,periodical_candidate,bibliographic_metadata_checked,1994,,unknown,Archaeology | Russia and Eurasia,Ancient,journal_source_sheet_1389 | journal_source_library_193e218503bd464d | journal_source_library_38c603c16a2561ba | journal_source_library_5496ed3efd418f7a,0929-077X | 1570-0577,eng,bibliographic_record,catalogued_title_start,3,41
journal_9d8ae5712aced526,Ancient History Bulletin,Ancient History Bulletin,periodical_candidate,title_matched_candidate,,,unknown,,Ancient,journal_source_sheet_1389,,,,,0,0
journal_6879b6064503d789,Ancient Iranian Studies,Ancient Iranian Studies,periodical_candidate,title_matched_candidate,,,unknown,Middle East,,journal_source_wikipedia,,,,,0,0
journal_3d0a293d513fac04,Ancient Near Eastern Studies,Ancient Near Eastern Studies,periodical_candidate,title_matched_candidate,,,unknown,,Middle East | Ancient,journal_source_sheet_1389,,,,,0,0
journal_5e0a17306de38521,Ancient Society,Ancient Society,periodical_candidate,bibliographic_metadata_checked,1970,,unknown,Classical studies | Archaeology | Ancient | Anthropology and ethnography,,journal_source_sheet_1389 | journal_source_library_477f0b7e65497593,0066-1619,eng,bibliographic_record,catalogued_title_start,1,12
journal_6e1402e9f589d210,Angles,Angles,periodical_candidate,title_matched_candidate,,,unknown,,,journal_source_sheet_1389,,,,,0,0
journal_3d920cc86259262a,Anglican & Episcopal History,Anglican & Episcopal History,periodical_candidate,bibliographic_metadata_checked,,,unknown,Religion,,journal_source_wikipedia | journal_source_library_95346c300d182d3d,0896-8039,eng,,,1,2
journal_cc0168d51244497a,Anglo-Saxon England,Anglo-Saxon England,periodical_candidate,bibliographic_metadata_checked,,,unknown,Britain,,journal_source_wikipedia | journal_source_sheet_1389 | journal_source_library_5ce849d4608e7da4 | journal_source_library_80aef7abcbc4b18b,0263-6751,eng,,,2,23
journal_d790f11e393d4654,Annales,Annales,periodical_candidate,title_matched_candidate,,,unknown,,,journal_source_sheet_1389,,,,,0,0
journal_23dadb23c165f5ce,"Annales d'Universite 'Valahia' Targoviste, Section d'Archeologie et d'Histoire","Annales d'Universite 'Valahia' Targoviste, Section d'Archeologie et d'Histoire",periodical_candidate,title_matched_candidate,,,unknown,,Archaeology,journal_source_sheet_1389,,,,,0,0
journal_18b9b876e4599c56,Annales de Bourgogne,Annales de Bourgogne,periodical_candidate,bibliographic_metadata_checked,1929,,unknown,,France,journal_source_sheet_1389 | journal_source_library_5f0451806f1e40ac,0003-3901,fre,bibliographic_record,catalogued_title_start,1,6
journal_353cd50682fb0ca1,Annales de Bretagne et des Pays de l’Ouest,Annales de Bretagne et des Pays de l’Ouest | Annales de Bretagne et des pays de l'Ouest | Annales de Bretagne et des Pays de l'Ouest,periodical_candidate,title_matched_candidate,,,unknown,,France,journal_source_sheet_271 | journal_source_sheet_1389 | journal_source_ooir,,,,,0,0
journal_dc31870ec1f950f5,Annales d’histoire économique et sociale,Annales d’histoire économique et sociale,research_journal,title_matched_candidate,1929,,unknown,,"Business, labor and economics",journal_source_annales_manifesto | journal_source_venue_116_burke_annales_context | journal_source_venue_116_annales_chronology,,,source_check,publication_start,0,0
journal_8613771a4fdd4a20,Annales Historiques de la Revolution Francaise,Annales Historiques de la Revolution Francaise,periodical_candidate,title_matched_candidate,,,unknown,,France,journal_source_sheet_271,,,,,0,0
journal_2efc1fb9d2992673,Annales Universitatis Apulensis. Series Historica,Annales Universitatis Apulensis. Series Historica,periodical_candidate,title_matched_candidate,,,unknown,,,journal_source_sheet_1389,,,,,0,0
journal_b9b9b952c41c40c5,Annales-Anali za Istrske in Mediteranske Studije - Series Historia et Sociologia,Annales-Anali za Istrske in Mediteranske Studije - Series Historia et Sociologia,periodical_candidate,title_matched_candidate,,,unknown,,Eastern Europe and Balkans,journal_source_sheet_1389,,,,,0,0
journal_65dd21715536a35f,"Annales. Histoire, Sciences sociales","Annales. Histoire, Sciences sociales",research_journal,bibliographic_metadata_checked,,,unknown,"General history | Social sciences | Business, labor and economics",,journal_source_wikipedia | journal_source_library_92ffab1744e9d493 | journal_source_venue_116_annales_conrad | journal_source_venue_116_annales_chronology,0395-2649,fre,,,1,14
journal_4b0311ce3584ff40,Annali dell'Istituto Storico Itali-Germanico in Trento,Annali dell'Istituto Storico Itali-Germanico in Trento,periodical_candidate,title_matched_candidate,,,unknown,,,journal_source_sheet_1389,,,,,0,0
journal_10df79e1739b89b5,"Annali della Scuola Normale Superiore di Pisa, Classe di Lettere e Filosofia","Annali della Scuola Normale Superiore di Pisa, Classe di Lettere e Filosofia",periodical_candidate,title_matched_candidate,,,unknown,General history | Language and literature,,journal_source_sheet_1389,,,,,0,0
journal_7e620e1d826de5ee,Annali di Scienze Religiose,Annali di Scienze Religiose,periodical_candidate,bibliographic_metadata_checked,1996,,unknown,,Religion,journal_source_sheet_1389 | journal_source_library_e8f576f41b83eb72 | journal_source_library_6c40038f31708f00,2031-5929,eng | fre | ita,bibliographic_record,catalogued_title_start,2,4
journal_2532017f445cc340,Annali di Storia dell'Esegesi,Annali di Storia dell'Esegesi,periodical_candidate,title_matched_candidate,,,unknown,,,journal_source_sheet_1389,,,,,0,0
journal_b8e0f1e8f1f141e3,Annali di Storia delle Universita Italiane,Annali di Storia delle Universita Italiane,periodical_candidate,title_matched_candidate,,,unknown,,Italy,journal_source_sheet_1389,,,,,0,0
journal_68eaa7de63de8a35,Annals of Science,Annals of Science,periodical_candidate,title_matched_candidate,,,unknown,Science and technology,,journal_source_wikipedia,,,,,0,0
journal_d62f6a8d9fcd5148,Annals of the Fondazione Luigi Einaudi,Annals of the Fondazione Luigi Einaudi,periodical_candidate,title_matched_candidate,,,unknown,,,journal_source_sheet_1389,,,,,0,0
journal_3993e0a06830460e,Annals of the Naprstek Museum,Annals of the Naprstek Museum,periodical_candidate,title_matched_candidate,,,unknown,,,journal_source_sheet_1389,,,,,0,0
journal_15b7012be6fe2204,Annual of the British School at Athens,Annual of the British School at Athens,periodical_candidate,title_matched_candidate,,,unknown,Classical studies | Archaeology,,journal_source_sheet_1389,,,,,0,0
journal_1027f385e0315a09,Anos 90,Anos 90,periodical_candidate,title_matched_candidate,,,unknown,General history,,journal_source_sheet_1389,,,,,0,0
journal_7998da131fff6b98,ANQ - Quarterly Journal of Short Articles Notes and Reviews,ANQ - Quarterly Journal of Short Articles Notes and Reviews,periodical_candidate,title_matched_candidate,,,unknown,,,journal_source_sheet_1389,,,,,0,0
journal_f1f84936492363e6,Anthropology and Archeology of Eurasia,Anthropology and Archeology of Eurasia,periodical_candidate,bibliographic_metadata_checked,,,unknown,Anthropology and ethnography | Russia and Eurasia,Archaeology,journal_source_sheet_1389 | journal_source_library_bc066bcad1850e61 | journal_source_library_9c2d46268308dde9 | journal_source_library_aa05c9dfa16eecf9,1061-1959 | 1558-092X,eng | rus,,,3,35
journal_f9db737fd70a6563,Antiguo Oriente,Antiguo Oriente,periodical_candidate,bibliographic_metadata_checked,2003,,unknown,Classical | Middle East,,journal_source_wikipedia | journal_source_sheet_1389 | journal_source_library_13f6809678b854ab | journal_source_library_8c1be499cacdb810,1667-9202,spa,bibliographic_record,catalogued_title_start,2,13
journal_0f717df30b304d5f,Antik Tanulmanyok,Antik Tanulmanyok,periodical_candidate,title_matched_candidate,,,unknown,,,journal_source_sheet_1389,,,,,0,0
journal_124390f4234bafa7,Antike und Abendland,Antike und Abendland,periodical_candidate,bibliographic_metadata_checked,1945,,unknown,Classical studies | Greece,Ancient,journal_source_sheet_1389 | journal_source_library_4f51a4ea7a13cad9 | journal_source_library_bf55aaaec3b0b362 | journal_source_library_05f92db404e33586,0003-5696 | 1613-0421,eng | ger | ita,bibliographic_record,catalogued_title_start,3,76
journal_ca43077c181b5a69,Antiquaries Journal,Antiquaries Journal,periodical_candidate,title_matched_candidate,,,unknown,,Archaeology,journal_source_sheet_1389,,,,,0,0
journal_e192509c502601f2,Antiquite Tardive,Antiquite Tardive,periodical_candidate,title_matched_candidate,,,unknown,,Ancient | Late Antiquity,journal_source_sheet_1389,,,,,0,0
journal_016ce76060061eb0,Anuario Colombiano de Historia Social y de la Cultura,Anuario Colombiano de Historia Social y de la Cultura,periodical_candidate,bibliographic_metadata_checked,1963,,unknown,Iberoamerica | Social | Colombia,,journal_source_wikipedia | journal_source_sheet_1389 | journal_source_library_b09aa2368d65ec0d | journal_source_library_db18e00ce21b213f,0120-2456,spa,bibliographic_record,catalogued_title_start,2,8
journal_06d93b627ca5596b,Anuario de Estudios Americanos,Anuario de Estudios Americanos,periodical_candidate,bibliographic_metadata_checked,,,unknown,Americas | Latin America and Caribbean | Iberia,,journal_source_sheet_271 | journal_source_ooir | journal_source_library_64449cf3f976c25f | journal_source_library_65cba66aa0b4632c,0210-5810,spa,,,2,16
journal_2e04fa56f6705ec2,Anuario de Estudios Medievales,Anuario de Estudios Medievales,periodical_candidate,bibliographic_metadata_checked,,,unknown,Middle Ages | Iberia,,journal_source_sheet_1389 | journal_source_library_bcfca1f9445b41bb | journal_source_library_5d4f33719f209b0c,0066-5061 | 1988-4230,spa,,,2,10
journal_f13d6292fe84a3b8,Anuario de Historia de la Iglesia,Anuario de Historia de la Iglesia,periodical_candidate,bibliographic_metadata_checked,1992,,unknown,Religion,,journal_source_wikipedia | journal_source_sheet_271 | journal_source_sheet_1389 | journal_source_ooir | journal_source_library_3957713f096c48a7 | journal_source_library_444aa95db06be7bf,1133-0104 | 2174-0887,fre | ita | por | spa,bibliographic_record,catalogued_title_start,2,13
journal_d7b2481ceab90d37,Aportes,Aportes,periodical_candidate,title_matched_candidate,,,unknown,,,journal_source_sheet_1389,,,,,0,0
journal_feaf505a39d5e0be,Appalachian Journal,Appalachian Journal,periodical_candidate,bibliographic_metadata_checked,1972,,unknown,,Regional or local history,journal_source_sheet_271 | journal_source_sheet_1389 | journal_source_library_57ee9eb2c7bf7e9f | journal_source_library_4c8938c84f963d32,0090-3779 | 2330-2291,eng,bibliographic_record,catalogued_title_start,2,6
journal_8f403103b95bd962,Approaching Religion,Approaching Religion,periodical_candidate,title_matched_candidate,,,unknown,,Religion,journal_source_sheet_1389,,,,,0,0
journal_ed36aa87373eecae,Arabic Sciences and Philosophy,Arabic Sciences and Philosophy,periodical_candidate,bibliographic_metadata_checked,1991,,unknown,Middle East | Science and technology | Philosophy,,journal_source_wikipedia | journal_source_sheet_1389 | journal_source_library_7302b22a2a194552 | journal_source_library_c2fc59c27bde6d72,0957-4239,eng | fre,bibliographic_record,catalogued_title_start,2,18
journal_8acaf33f4270e550,Arabica,Arabica,periodical_candidate,bibliographic_metadata_checked,1954,,unknown,Arab world | Islamic studies | Language and linguistics | Literature,,journal_source_sheet_271 | journal_source_ooir | journal_source_library_9955ede814cdc365 | journal_source_library_a631457b77a4078d,0570-5398 | 1570-0585,eng | fre,bibliographic_record,catalogued_title_start,2,18
journal_8ace63409371c1e4,Araucaria,Araucaria,periodical_candidate,bibliographic_metadata_checked,1999,,unknown,Politics and public policy | Latin America and Caribbean | Iberia,,journal_source_sheet_1389 | journal_source_library_b4b248b9e45add1e | journal_source_library_a9938e7171fb25ee,1575-6823,eng | spa,bibliographic_record,catalogued_title_start,2,14
journal_074a5b70dab9caaf,Arbeiderhistorie,Arbeiderhistorie,periodical_candidate,bibliographic_metadata_checked,1987,,unknown,"Socialism and related political traditions | Business, labor and economics",,journal_source_sheet_1389 | journal_source_library_86cfff95f2a8ce46,0801-7778,nor,bibliographic_record,catalogued_title_start,1,3
journal_b8f2fe53e0236dd6,Archaeologia Historica,Archaeologia Historica,periodical_candidate,bibliographic_metadata_checked,1976,,unknown,Archaeology,,journal_source_sheet_1389 | journal_source_library_17bf9a8d52dd0519 | journal_source_library_897305dec6f28dbd,0231-5823 | 2336-4386,cze | ger | slo,bibliographic_record,catalogued_title_start,2,4
journal_e6180f07092db2e9,Archaeologiai Ertesito,Archaeologiai Ertesito,periodical_candidate,title_matched_candidate,,,unknown,,Archaeology,journal_source_sheet_1389,,,,,0,0
journal_7a867a2039a5d1cc,Archaeological Prospection,Archaeological Prospection,periodical_candidate,bibliographic_metadata_checked,1994,,unknown,Archaeology,,journal_source_sheet_1389 | journal_source_library_b9c4c094a3f9d3a8 | journal_source_library_bf0e7ff815da017c,1075-2196,eng,bibliographic_record,catalogued_title_start,2,13
journal_535eb538f9cf8d74,Archaeometry,Archaeometry,periodical_candidate,bibliographic_metadata_checked,1958,,unknown,Archaeology,,journal_source_sheet_1389 | journal_source_library_ce4eca96958e9a57,0003-813X,eng,bibliographic_record,catalogued_title_start,1,10
journal_e831ae94ba35b0eb,Archipel,Archipel,periodical_candidate,bibliographic_metadata_checked,1971,,unknown,Southeast Asia,,journal_source_sheet_1389 | journal_source_library_732b81e19dffcb9a | journal_source_library_20656498a23d7a3e,0044-8613,eng | fre | ind,bibliographic_record,catalogued_title_start,2,19
journal_75de5b2b9ccbe3da,ArcHistoR,ArcHistoR,periodical_candidate,title_matched_candidate,,,unknown,,,journal_source_sheet_1389,,,,,0,0
journal_c7ff2e25f5d3a263,Architectural Histories,Architectural Histories,periodical_candidate,title_matched_candidate,,,unknown,,Architectural,journal_source_sheet_1389,,,,,0,0
journal_b3ca8061d47a3438,Architectural History,Architectural History,periodical_candidate,bibliographic_metadata_checked,1958,,unknown,Architectural,,journal_source_sheet_271 | journal_source_ooir | journal_source_library_645b94539ce9387d | journal_source_library_d0133d872fb24c4a,0066-622X | 2059-5670,eng,bibliographic_record,catalogued_title_start,2,19
journal_2d7f1ac6370d2e23,Architecture and Urban Planning,Architecture and Urban Planning,periodical_candidate,title_matched_candidate,,,unknown,,Architectural,journal_source_sheet_1389,,,,,0,0
journal_30dc2945ef14d2dc,"Archiv fur Diplomatik, Schriftgeschichte, Siegel- und Wappenkunde","Archiv fur Diplomatik, Schriftgeschichte, Siegel- und Wappenkunde",periodical_candidate,title_matched_candidate,,,unknown,,Archives,journal_source_sheet_1389,,,,,0,0
journal_e91f3fc65327a107,Archiv fur Papyrusforschung und Verwandte Gebiete,Archiv fur Papyrusforschung und Verwandte Gebiete,periodical_candidate,title_matched_candidate,,,unknown,,Papyrology,journal_source_sheet_1389,,,,,0,0
journal_3e187ae31b9bd5c4,Archiv fur Reformationsgeschichte - Archive for Reformation History,Archiv fur Reformationsgeschichte - Archive for Reformation History,periodical_candidate,title_matched_candidate,,,unknown,,Early modern | Religion,journal_source_sheet_271,,,,,0,0
journal_a0dc5a5837c160d6,Archiv Orientalni,Archiv Orientalni,periodical_candidate,title_matched_candidate,,,unknown,Asia | Africa | Religion | Language and linguistics | Literature | Politics and public policy | General history,,journal_source_sheet_1389,,,,,0,0
journal_b8e0193eff375137,Archival Science,Archival Science,periodical_candidate,bibliographic_metadata_checked,,,unknown,Archives,,journal_source_sheet_1389 | journal_source_library_1c851bf27e8a280d,1573-7500,eng,,,1,4
journal_50555d07febbd77e,Archivaria,Archivaria,periodical_candidate,bibliographic_metadata_checked,,,unknown,Archives | Canada,,journal_source_wikipedia | journal_source_library_69e6852dd23b43b3 | journal_source_library_1ce505635263ec42,0318-6954,eng,,,2,17
journal_de848a69262a7100,Archives,Archives,periodical_candidate,title_matched_candidate,,,unknown,Archives,,journal_source_wikipedia | journal_source_sheet_1389,,,,,0,0
journal_2ac1462c9693f873,Archives and Records,Archives and Records,periodical_candidate,bibliographic_metadata_checked,,,unknown,Archives,,journal_source_sheet_1389 | journal_source_library_377ee95454e94e0b | journal_source_library_0985610708680174,2325-7962 | 2325-7989,eng,,,2,8
journal_b43fdf40584be57d,Archives Juives,Archives Juives,periodical_candidate,bibliographic_metadata_checked,,,unknown,Jewish studies,,journal_source_sheet_1389 | journal_source_library_6c43f206ded73d7e,0003-9837,fre,,,1,4
journal_f6eda6c777ce6ed8,Archives of Natural History,Archives of Natural History,periodical_candidate,bibliographic_metadata_checked,,,unknown,Science and technology,,journal_source_sheet_1389 | journal_source_library_0c4c044598874788 | journal_source_library_3863e8df8f7890e6,0260-9541,eng,,,2,13
journal_5f366901b0f2ce47,Archivio Storico Italiano,Archivio Storico Italiano,periodical_candidate,bibliographic_metadata_checked,1842,,unknown,Italy,,journal_source_sheet_271 | journal_source_sheet_1389 | journal_source_library_e1d222e2662a7b8d | journal_source_library_2a07c3985405ebe9,0391-7770,ita,bibliographic_record,catalogued_title_start,2,10
journal_f79eaa7c902e07c9,Archivium Hibernicum,Archivium Hibernicum,periodical_candidate,bibliographic_metadata_checked,1912,,unknown,Ireland | Archives,,journal_source_wikipedia | journal_source_sheet_1389 | journal_source_library_c406459a471b5cd7,0044-8745,eng | gle | ita | lat | spa,bibliographic_record,catalogued_title_start,1,3
journal_1780ec912491c04c,Archivo Espanol de Arqueologia,Archivo Espanol de Arqueologia,periodical_candidate,title_matched_candidate,,,unknown,,,journal_source_sheet_1389,,,,,0,0
journal_ec7cbde01f926330,Archivos de Historia del Movimiento Obrero y la Izquierda,Archivos de Historia del Movimiento Obrero y la Izquierda,periodical_candidate,bibliographic_metadata_checked,2012,,unknown,Socialism and related political traditions,"Business, labor and economics",journal_source_sheet_1389 | journal_source_library_29808bad83009e26 | journal_source_library_ded6782d2bf5a9c8,2313-9749 | 2683-9601,spa,bibliographic_record,catalogued_title_start,2,17
journal_2c28262684832c72,Arenal,Arenal,periodical_candidate,title_matched_candidate,,,unknown,,,journal_source_sheet_1389,,,,,0,0
journal_d66a93cd9ae701f7,Aries,Aries,periodical_candidate,bibliographic_metadata_checked,,,unknown,,,journal_source_sheet_1389 | journal_source_library_d59f6075e8399518 | journal_source_library_5e92990f10a168a9,1567-9896 | 1570-0593,eng,,,2,11
journal_b5b4c2020777fc7f,Arkansas Historical Quarterly,Arkansas Historical Quarterly,periodical_candidate,title_matched_candidate,,,unknown,United States,,journal_source_wikipedia | journal_source_sheet_271 | journal_source_sheet_1389,,,,,0,0
journal_93b3b533bbf8de5b,Arms and Armour,Arms and Armour,periodical_candidate,bibliographic_metadata_checked,,,unknown,,Military,journal_source_sheet_1389 | journal_source_library_bf9b3a9572040016 | journal_source_library_48dba7a3e814181d,1741-6124 | 1749-6268,eng,,,2,9
journal_137d24576962fec5,Ars Judaica,Ars Judaica,periodical_candidate,bibliographic_metadata_checked,2005,,unknown,,Art history | Jewish studies,journal_source_sheet_1389 | journal_source_library_ef6e55a1914070c2 | journal_source_library_9539923bd0ffe9c2,1565-6721 | 2516-4252,eng,bibliographic_record,catalogued_title_start,2,17
journal_a91acae2caf7033f,Art and Perception,Art and Perception,periodical_candidate,bibliographic_metadata_checked,2013,,unknown,Art,Art history,journal_source_sheet_1389 | journal_source_library_c48053ea7629c6bb,2213-4905,eng,bibliographic_record,catalogued_title_start,1,6
journal_2121c26606d91d6c,Art Bulletin,Art Bulletin,periodical_candidate,title_matched_candidate,,,unknown,,Art history,journal_source_sheet_1389,,,,,0,0
journal_c5ddfe74fa29a47f,Art History and Criticism,Art History and Criticism,periodical_candidate,title_matched_candidate,,,unknown,,Art history,journal_source_sheet_1389,,,,,0,0
journal_6cf732f1a6b422f5,Arthuriana,Arthuriana,periodical_candidate,bibliographic_metadata_checked,,,unknown,Britain,,journal_source_wikipedia | journal_source_sheet_1389 | journal_source_library_95fd12e328e886ab | journal_source_library_da02cb59db3e48e4 | journal_source_library_5afdcbf9ac221932,1078-6279,eng,,,3,13
journal_1344edbbda533c2f,ARTMargins,ARTMargins,periodical_candidate,bibliographic_metadata_checked,2012,,unknown,Art,,journal_source_sheet_1389 | journal_source_library_282277db753ce1b4 | journal_source_library_a4ab33d23f54f2db,2162-2574 | 2162-2582,eng,bibliographic_record,catalogued_title_start,2,15
journal_33d3cd88af7148fc,"ARYS. Antiguedad, Religiones y Sociedades","ARYS. Antiguedad, Religiones y Sociedades",periodical_candidate,title_matched_candidate,,,unknown,,Religion,journal_source_sheet_1389,,,,,0,0
journal_450ed7649dacd7a8,Asia Maior,Asia Maior,periodical_candidate,title_matched_candidate,,,unknown,Asia,,journal_source_sheet_1389,,,,,0,0
journal_2e9342c7983b8644,Asia Pacific Perspectives,Asia Pacific Perspectives,research_journal,publisher_metadata_checked,2001,,unknown,Chinese studies resources | Asia Pacific | Asia,,journal_source_toronto | journal_source_usf_app | journal_source_library_5e663843423f7c5c,2167-1699,eng,bibliographic_record,catalogued_title_start,1,4
journal_b593c1e34bb05016,Asia Policy,Asia Policy,periodical_candidate,bibliographic_metadata_checked,2006,,unknown,Asia | East Asia,,journal_source_sheet_1389 | journal_source_library_e191520d7d93765e | journal_source_library_65f78dd6162a757c,1559-0968,eng,bibliographic_record,catalogued_title_start,2,12
journal_c4c26d5c273b75d4,Asia-Pacific Review,Asia-Pacific Review,periodical_candidate,bibliographic_metadata_checked,1994,,unknown,East Asia | Asia Pacific,Asia,journal_source_sheet_1389 | journal_source_library_15dbd3191aae197e | journal_source_library_fa2ba28177f7c86d,1343-9006 | 1469-2937,eng,bibliographic_record,catalogued_title_start,2,33
journal_b70d01b662869d6f,Asia-Pacific Social Science Review,Asia-Pacific Social Science Review,periodical_candidate,title_matched_candidate,,,unknown,,Asia,journal_source_sheet_1389,,,,,0,0
journal_853f152e9dc75404,Asia-Pasific Journal: Japan Focus,Asia-Pasific Journal: Japan Focus,periodical_candidate,title_matched_candidate,,,unknown,,East Asia,journal_source_sheet_1389,,,,,0,0
journal_3e17477cc70b7285,Asian International Studies Review,Asian International Studies Review,periodical_candidate,bibliographic_metadata_checked,2016,,unknown,International relations and diplomatic,Asia,journal_source_sheet_1389 | journal_source_library_e13fe15210176d3f,2667-078X,eng,bibliographic_record,catalogued_title_start,1,8
journal_f011ddc6230a56a2,Asian Perspectives,Asian Perspectives,periodical_candidate,bibliographic_metadata_checked,1957,,unknown,Asia Pacific | Prehistory | Archaeology | Anthropology and ethnography | Asia | Australasia and Oceania,,journal_source_sheet_1389 | journal_source_library_0a630f4be3e4207f,0066-8435,eng,bibliographic_record,catalogued_title_start,1,22
journal_10e984f7e6a28bfa,Asian Review of World Histories,Asian Review of World Histories,periodical_candidate,title_matched_candidate,,,unknown,,Asia,journal_source_sheet_1389,,,,,0,0
journal_667fdebc4404ad09,Asian Studies,Asian Studies,periodical_candidate,title_matched_candidate,,,unknown,,Asia,journal_source_sheet_1389,,,,,0,0
journal_ad06128b0cf01cb0,Asian Studies Review,Asian Studies Review,periodical_candidate,bibliographic_metadata_checked,,,unknown,Asia,,journal_source_sheet_1389 | journal_source_library_a53fff21dbcd8816,1035-7823,eng,,,1,4
journal_e40290b52b569d72,Asian Survey,Asian Survey,periodical_candidate,bibliographic_metadata_checked,,,unknown,Asia,,journal_source_wikipedia | journal_source_library_16a441bcff55f0a7 | journal_source_library_77864d2d57be3ba2 | journal_source_library_e7d10ff6958365d0,0004-4687 | 1533-838X,eng,,,3,23
journal_5ec98eab99700471,Asian-European Music Research Journal,Asian-European Music Research Journal,periodical_candidate,bibliographic_metadata_checked,2018,,unknown,Music,Europe | Asia,journal_source_sheet_1389 | journal_source_library_e6a621607836720c,2625-378X,eng,bibliographic_record,catalogued_title_start,1,4
journal_15b0eb0d40baa4d7,Aspasia,Aspasia,periodical_candidate,bibliographic_metadata_checked,2007,,unknown,Women and gender studies,,journal_source_wikipedia | journal_source_sheet_1389 | journal_source_library_576c5587be684716,1933-2882,eng,bibliographic_record,catalogued_title_start,1,9
journal_b4c80313835037c6,Astra Salvensis,Astra Salvensis,periodical_candidate,title_matched_candidate,,,unknown,Humanities,,journal_source_sheet_1389,,,,,0,0
journal_c48db3ce2b9eee99,Atalanta,Atalanta,periodical_candidate,title_matched_candidate,,,unknown,,,journal_source_sheet_1389,,,,,0,0
journal_821835dbc3183b15,Athenaeum,Athenaeum,periodical_candidate,title_matched_candidate,,,unknown,,,journal_source_sheet_1389,,,,,0,0
journal_9bb3442dcf0f910d,Atlanta History: A Journal of Georgia and the South,Atlanta History: A Journal of Georgia and the South,periodical_candidate,title_matched_candidate,,,unknown,United States,,journal_source_wikipedia,,,,,0,0
journal_eb3110021a9d846e,Atlantic Studies : Global Currents,Atlantic Studies : Global Currents,periodical_candidate,title_matched_candidate,,,unknown,,Atlantic World,journal_source_sheet_1389,,,,,0,0
journal_62f23709e6426bf7,Augustinian Studies,Augustinian Studies,periodical_candidate,bibliographic_metadata_checked,1970,,unknown,,Religion,journal_source_sheet_271 | journal_source_sheet_1389 | journal_source_ooir | journal_source_library_ed57096c29863770 | journal_source_library_cc16280a6b0dbb43,0094-5323 | 2153-7917,eng,bibliographic_record,catalogued_title_start,2,3
journal_a4856716617f9942,Ausa,Ausa,periodical_candidate,title_matched_candidate,,,unknown,,,journal_source_sheet_1389,,,,,0,0
journal_524563f0d688eb72,Australasian historical archaeology : journal of the Australasian Society for Historical Archaeology,Australasian historical archaeology : journal of the Australasian Society for Historical Archaeology,periodical_candidate,title_matched_candidate,,,unknown,,Archaeology,journal_source_sheet_1389,,,,,0,0
journal_1d91eb4b73fb5d6c,Australian Aboriginal Studies,Australian Aboriginal Studies,periodical_candidate,title_matched_candidate,,,unknown,,Australasia and Oceania | Ethnic and racial studies,journal_source_sheet_1389,,,,,0,0
journal_4525b5c67d91492f,Australian Economic History Review,Australian Economic History Review,periodical_candidate,title_matched_candidate,,,unknown,Australasia and Oceania,,journal_source_wikipedia | journal_source_sheet_1389,,,,,0,0
journal_a85eacc64ad71f33,Australian Feminist Studies,Australian Feminist Studies,periodical_candidate,bibliographic_metadata_checked,1985,,unknown,Women and gender studies,,journal_source_wikipedia | journal_source_library_b1861c30a5f6f565 | journal_source_library_8b760579cae04a39,0816-4649 | 1465-3303,eng,bibliographic_record,catalogued_title_start,2,16
journal_b07a7af7b61dace6,Australian Historical Studies,Australian Historical Studies,periodical_candidate,bibliographic_metadata_checked,,,unknown,Australasia and Oceania | General history,,journal_source_wikipedia | journal_source_sheet_271 | journal_source_sheet_1389 | journal_source_ooir | journal_source_library_328f5cf017dd1b59,1031-461X,eng,,,1,12
journal_4e673e92129b2dbb,Australian Journal of French Studies,Australian Journal of French Studies,periodical_candidate,bibliographic_metadata_checked,1964,,unknown,Literature,France,journal_source_sheet_1389 | journal_source_library_2b90dc81ed1c1e45 | journal_source_library_8e92d2348fad63a6,0004-9468 | 2046-2913,eng | fre,bibliographic_record,catalogued_title_start,2,13
journal_5c93f5735857ea16,Australian Journal of Human Rights,Australian Journal of Human Rights,periodical_candidate,bibliographic_metadata_checked,1994,,unknown,,,journal_source_sheet_1389 | journal_source_library_056cf0c348c3b62a | journal_source_library_8aeabd03d572ce75 | journal_source_library_262466a895e00b27,1323-238X | 2573-573X,eng,bibliographic_record,catalogued_title_start,3,25
journal_3f69ff3c01c85750,Australian Journal of Jewish Studies,Australian Journal of Jewish Studies,periodical_candidate,title_matched_candidate,,,unknown,Ethnic and racial studies | Religion,,journal_source_wikipedia,,,,,0,0
journal_4a2df654932baf41,Australian Journal of Politics and History,Australian Journal of Politics and History,periodical_candidate,bibliographic_metadata_checked,1955,,unknown,Australasia and Oceania | Politics and public policy,,journal_source_wikipedia | journal_source_sheet_271 | journal_source_sheet_1389 | journal_source_ooir | journal_source_library_fb4361e05a5e39dd,0004-9522,eng,bibliographic_record,catalogued_title_start,1,19
journal_e274a734e74f75fe,Australian Slavonic and East European Studies,Australian Slavonic and East European Studies,periodical_candidate,bibliographic_metadata_checked,,,unknown,Slavic studies | Eastern Europe and Balkans,,journal_source_sheet_1389 | journal_source_library_b8d82688a23e3255,0818-8149,eng,,,1,7
journal_ef5d6bc586ea9c38,Austrian History Yearbook,Austrian History Yearbook,periodical_candidate,bibliographic_metadata_checked,,,unknown,German-speaking Europe,,journal_source_sheet_271 | journal_source_ooir | journal_source_library_cc5ee847476f7331 | journal_source_library_709239dfa3b7a8a8,0067-2378 | 1558-5255,eng,,,2,7
journal_cceba9b53846150a,Avances del Cesor,Avances del Cesor,periodical_candidate,bibliographic_metadata_checked,1998,,unknown,General history | Social sciences | Latin America and Caribbean,,journal_source_sheet_1389 | journal_source_library_c2578bfd38c4d3cf | journal_source_library_e9fd2528f567b524,1514-3899 | 2422-6580,spa,bibliographic_record,catalogued_title_start,2,9
journal_9091ed0682b358bb,Axon (Italy),Axon (Italy),periodical_candidate,title_matched_candidate,,,unknown,,,journal_source_sheet_1389,,,,,0,0
journal_7fba6b396b448979,Ayer,Ayer,periodical_candidate,title_matched_candidate,,,unknown,,,journal_source_sheet_271 | journal_source_sheet_1389 | journal_source_ooir,,,,,0,0
journal_5e98e399f54b5c32,Balkanistic Forum,Balkanistic Forum,periodical_candidate,bibliographic_metadata_checked,1992,,unknown,Anthropology and ethnography | Eastern Europe and Balkans | Europe,,journal_source_sheet_1389 | journal_source_library_b18e545f9de0d96c,1310-3970,bul,bibliographic_record,catalogued_title_start,1,10
journal_46deecb8cbb7d2e1,Balkanistica,Balkanistica,periodical_candidate,title_matched_candidate,,,unknown,,Eastern Europe and Balkans,journal_source_sheet_1389,,,,,0,0
journal_ff5dd150e367cfe0,Baltic Journal of Art History,Baltic Journal of Art History,periodical_candidate,bibliographic_metadata_checked,2009,,unknown,,Baltic | Art history,journal_source_sheet_1389 | journal_source_library_71ccd234dfcc07db | journal_source_library_e9105cbd77b75e3a,1736-8812 | 2346-5581,eng,bibliographic_record,catalogued_title_start,2,4
journal_6d71ce68e385494a,Baltic Journal of European Studies,Baltic Journal of European Studies,periodical_candidate,title_matched_candidate,,,unknown,,,journal_source_sheet_1389,,,,,0,0
journal_e873131cb889010f,Baltic Region,Baltic Region,periodical_candidate,bibliographic_metadata_checked,2009,,unknown,,Baltic,journal_source_sheet_1389 | journal_source_library_6ee95bdfb4ff90d5,2310-0524,eng,bibliographic_record,catalogued_title_start,1,5
journal_12aa1a6827133fc8,Baptist Quarterly,Baptist Quarterly,periodical_candidate,bibliographic_metadata_checked,,,unknown,,Religion,journal_source_sheet_1389 | journal_source_library_bd40533834cca968 | journal_source_library_7d49118c79b1a375,2056-7731,eng,,,2,6
journal_f7d3388f9f4319cb,Belgisch Tijdschrift voor Nieuwste Geschiedenis/ Revue Belge de Histoire Contemporaine,Belgisch Tijdschrift voor Nieuwste Geschiedenis/ Revue Belge de Histoire Contemporaine,periodical_candidate,title_matched_candidate,,,unknown,,Modern and contemporary,journal_source_sheet_1389,,,,,0,0
journal_e23a14b81e6fe8de,Belleten,Belleten,periodical_candidate,bibliographic_metadata_checked,1937,,unknown,Turkey | Archaeology | Art history | Cultural studies,,journal_source_sheet_271 | journal_source_sheet_1389 | journal_source_ooir | journal_source_library_a49f0a8bb314a11a,0041-4255,tur,bibliographic_record,catalogued_title_start,1,5
journal_50571d41b70f9a9f,Berichte zur Wissenschaftsgeschichte,Berichte zur Wissenschaftsgeschichte,periodical_candidate,bibliographic_metadata_checked,1978,,unknown,Science and technology,,journal_source_sheet_1389 | journal_source_library_821e36b534b547c8,0170-6233,ger,bibliographic_record,catalogued_title_start,1,6
journal_de1d458da6ca9530,Bibliothecae.it,Bibliothecae.it,periodical_candidate,title_matched_candidate,,,unknown,,Media and books,journal_source_sheet_1389,,,,,0,0
journal_37164a4073b220b5,Bibliothèque de l'École des Chartes,Bibliothèque de l'École des Chartes,periodical_candidate,title_matched_candidate,,,unknown,Middle Ages,,journal_source_wikipedia,,,,,0,0
journal_f30c6ea372c84b4f,Biblische Notizen,Biblische Notizen,periodical_candidate,title_matched_candidate,,,unknown,,,journal_source_sheet_1389,,,,,0,0
journal_7f3acd239818d0ea,Bijdragen en Mededelingen Betreffende de Geschiedenis der Nederlanden,Bijdragen en Mededelingen Betreffende de Geschiedenis der Nederlanden,periodical_candidate,title_matched_candidate,,,unknown,,Western Europe,journal_source_sheet_1389,,,,,0,0
journal_4a2f99869acda1bc,Biography,Biography,periodical_candidate,bibliographic_metadata_checked,1978,,unknown,Biography and life writing,,journal_source_sheet_1389 | journal_source_library_a1d4eb325b384e13 | journal_source_library_cb5c8afee997562f,0162-4962 | 1529-1456,eng,bibliographic_record,catalogued_title_start,2,11
journal_2c098277f043966a,Biuletyn Polskiej Misji Historycznej,Biuletyn Polskiej Misji Historycznej,periodical_candidate,bibliographic_metadata_checked,,,unknown,Central Europe | Eastern Europe and Balkans | Poland | German-speaking Europe,,journal_source_sheet_1389 | journal_source_library_f772a0ef9195ca78 | journal_source_library_eee4ad29c6d374f8,2083-7755,ger | pol,,,2,15
journal_5a667192f985ac6b,BMGN: Low Countries Historical Review,BMGN: Low Countries Historical Review | BMGN - The Low Countries Historical Review | BMGN-The Low Countries Historical Review,periodical_candidate,title_matched_candidate,,,unknown,Western Europe,,journal_source_wikipedia | journal_source_sheet_271 | journal_source_ooir,,,,,0,0
journal_f0c6589fe317e32f,Boletin de Arte,Boletin de Arte,periodical_candidate,title_matched_candidate,,,unknown,,Art history,journal_source_sheet_1389,,,,,0,0
journal_9a277d82669a191e,Boletin de Filologia,Boletin de Filologia,periodical_candidate,title_matched_candidate,,,unknown,,,journal_source_sheet_1389,,,,,0,0
journal_4eb55571a6dbe03c,Boletin de Literatura Oral,Boletin de Literatura Oral,periodical_candidate,title_matched_candidate,,,unknown,,,journal_source_sheet_1389,,,,,0,0
journal_3e39bf65eee05f9f,Boletín americanista,Boletín americanista | Boletin Americanista,periodical_candidate,title_matched_candidate,,,unknown,Iberoamerica,,journal_source_wikipedia | journal_source_sheet_1389,,,,,0,0
journal_f0b2ef0ba4673ffe,Boletín de la Academia Chilena de la Historia,Boletín de la Academia Chilena de la Historia,periodical_candidate,title_matched_candidate,,,unknown,Iberoamerica,,journal_source_wikipedia,,,,,0,0
journal_1ae9bdca2d082ef9,Bollettino dell'Istituto Storico Italiano per il Medio Evo,Bollettino dell'Istituto Storico Italiano per il Medio Evo,periodical_candidate,title_matched_candidate,,,unknown,,,journal_source_sheet_1389,,,,,0,0
journal_0746da64ae4b3c67,Bollettino Storico - Bibliografico Subalpino,Bollettino Storico - Bibliografico Subalpino,periodical_candidate,bibliographic_metadata_checked,1896,,unknown,Italy,,journal_source_sheet_1389 | journal_source_library_5edd511ec6db54a0 | journal_source_library_fea1cdef5a95c485,0391-6715,ita,bibliographic_record,catalogued_title_start,2,9
journal_5d76ceec2a327733,Book History,Book History,periodical_candidate,bibliographic_metadata_checked,1998,,unknown,Media and books,,journal_source_wikipedia | journal_source_sheet_1389 | journal_source_library_942ca4efc9291b56 | journal_source_library_302133e8e5ae0ccc,1098-7371,eng,bibliographic_record,catalogued_title_start,2,35
journal_0078dc876470cc4c,Boundary 2,Boundary 2,periodical_candidate,bibliographic_metadata_checked,1972,,unknown,,,journal_source_sheet_1389 | journal_source_library_0570332b767eaf3e,0190-3659,eng,bibliographic_record,catalogued_title_start,1,12
journal_7d013896caad74b0,Britain and the World,Britain and the World | Britain and the world,periodical_candidate,title_matched_candidate,,,unknown,Britain,,journal_source_wikipedia | journal_source_sheet_271 | journal_source_sheet_1389 | journal_source_ooir,,,,,0,0
journal_010aecbff62b5b33,Britannia,Britannia,periodical_candidate,bibliographic_metadata_checked,1970,,unknown,Britain,,journal_source_sheet_271 | journal_source_ooir | journal_source_library_f7cd1081996c287c,0068-113X,eng,bibliographic_record,catalogued_title_start,1,11
journal_59be02543810c42b,Britannia (Society for the Promotion of Roman Studies),Britannia (Society for the Promotion of Roman Studies),periodical_candidate,title_matched_candidate,,,unknown,,Ancient,journal_source_sheet_1389,,,,,0,0
journal_1b86c431903b1bf8,British Catholic History,British Catholic History,periodical_candidate,bibliographic_metadata_checked,,,unknown,Britain | Religion,,journal_source_wikipedia | journal_source_sheet_271 | journal_source_sheet_1389 | journal_source_ooir | journal_source_library_ef0ca1a93368fdae,2055-7973,eng,,,1,4
journal_e43764bc4921d062,British Journal for the Philosophy of Science,British Journal for the Philosophy of Science,periodical_candidate,title_matched_candidate,,,unknown,Science and technology | Philosophy,,journal_source_sheet_1389,,,,,0,0
journal_6422d080c2ac6f33,British Journal of Canadian Studies,British Journal of Canadian Studies,periodical_candidate,bibliographic_metadata_checked,,,unknown,Canada,,journal_source_sheet_1389 | journal_source_library_0c77bd13c70b3abf | journal_source_library_8bdb631b59e49638,0269-9222,eng | fre,,,2,8
journal_f057c9596fcd4f95,British Journal of Middle Eastern Studies,British Journal of Middle Eastern Studies,periodical_candidate,bibliographic_metadata_checked,,,unknown,Middle East,,journal_source_sheet_271 | journal_source_sheet_1389 | journal_source_ooir | journal_source_library_3662813b15541791,1353-0194,eng,,,1,12
journal_ffa567d19d62bd5c,British Politics,British Politics,periodical_candidate,bibliographic_metadata_checked,2006,,unknown,Politics and public policy | Britain,,journal_source_sheet_1389 | journal_source_library_d19d09937b9117b1 | journal_source_library_231af292e34fb531 | journal_source_library_ae45d00a1cd975d5,1746-918X | 1746-9198,eng,bibliographic_record,catalogued_title_start,3,19
journal_2d999c2dc3301066,Brukenthal. Acta Musei,Brukenthal. Acta Musei,periodical_candidate,title_matched_candidate,,,unknown,,,journal_source_sheet_1389,,,,,0,0
journal_a64066bf59ee93bc,Brunei Museum Journal,Brunei Museum Journal,periodical_candidate,title_matched_candidate,,,unknown,Southeast Asia,,journal_source_wikipedia,,,,,0,0
journal_a66fb959357de6d1,Bruniana e Campanelliana,Bruniana e Campanelliana,periodical_candidate,title_matched_candidate,,,unknown,,,journal_source_sheet_1389,,,,,0,0
journal_ec750cd785783a4b,Bryn Mawr Classical Review,Bryn Mawr Classical Review,periodical_candidate,bibliographic_metadata_checked,,,unknown,Classical | Classical studies,,journal_source_wikipedia | journal_source_library_9d2465cebe12fe85,1055-7660,eng,,,1,4
journal_ed5a1f8ce75643ac,BSAA Arte,BSAA Arte,periodical_candidate,title_matched_candidate,,,unknown,,Art history,journal_source_sheet_1389,,,,,0,0
journal_faec0feae5de0c04,Buddhist-Christian Studies,Buddhist-Christian Studies,periodical_candidate,bibliographic_metadata_checked,1981,,unknown,Religion,,journal_source_sheet_1389 | journal_source_library_9e74d16395fbb939,0882-0945,eng,bibliographic_record,catalogued_title_start,1,12
journal_c5cabaccb2fb3ba8,Built Heritage,Built Heritage,periodical_candidate,title_matched_candidate,,,unknown,,Heritage and public history,journal_source_sheet_1389,,,,,0,0
journal_d1894d068c7518fa,Bulgarian Historical Review,Bulgarian Historical Review,periodical_candidate,title_matched_candidate,,,unknown,,Eastern Europe and Balkans,journal_source_sheet_1389,,,,,0,0
journal_6d9a343fde3962f1,Bulgarian Historical Review - Revue Bulgare D’Histoire,Bulgarian Historical Review - Revue Bulgare D’Histoire,periodical_candidate,title_matched_candidate,,,unknown,,Eastern Europe and Balkans,journal_source_sheet_271,,,,,0,0
journal_b21b47ff9ec96319,Bulletin de Philosophie Medievale,Bulletin de Philosophie Medievale,periodical_candidate,title_matched_candidate,,,unknown,,Middle Ages | Philosophy,journal_source_sheet_1389,,,,,0,0
journal_51b557fd576f3d61,Bulletin for Spanish and Portuguese Historical Studies,Bulletin for Spanish and Portuguese Historical Studies,periodical_candidate,title_matched_candidate,,,unknown,Western Europe,,journal_source_wikipedia,,,,,0,0
journal_6e7f0665ceede0fb,Bulletin Hispanique,Bulletin Hispanique,periodical_candidate,bibliographic_metadata_checked,,,unknown,Literature,,journal_source_sheet_1389 | journal_source_library_378e72ae8d4e8051,0007-4640,fre,,,1,5
journal_98aa56748935df70,Bulletin of the American Schools of Oriental Research,"Bulletin of the American Schools of Oriental Research | Bulletin of the American Schools of Oriental Research""",periodical_candidate,bibliographic_metadata_checked,,,unknown,Middle East | Archaeology,,journal_source_wikipedia | journal_source_sheet_1389 | journal_source_library_b222b7175d96aa2a | journal_source_library_5ff65763439f8314,0003-097X,eng,,,2,30
journal_0eb39c8dab2b2b17,Bulletin of the American Society of Papyrologists,Bulletin of the American Society of Papyrologists,periodical_candidate,title_matched_candidate,,,unknown,,Papyrology,journal_source_sheet_1389,,,,,0,0
journal_a5f41bc50adf0e15,Bulletin of the History of Medicine,Bulletin of the History of Medicine,periodical_candidate,bibliographic_metadata_checked,,,unknown,Science and technology | Medicine and health,,journal_source_wikipedia | journal_source_sheet_1389 | journal_source_library_fcc1635b8aec9eb9,0007-5140,eng,,,1,8
journal_b31b2029f2cd2052,Bulletin of the Institute of Classical Studies,Bulletin of the Institute of Classical Studies,periodical_candidate,title_matched_candidate,,,unknown,,Classical,journal_source_sheet_1389,,,,,0,0
journal_47fceb9e834398b1,Bulletin of the Institute of History and Philology Academia Sinica,Bulletin of the Institute of History and Philology Academia Sinica,periodical_candidate,title_matched_candidate,,,unknown,,Language and linguistics,journal_source_sheet_271 | journal_source_sheet_1389,,,,,0,0
journal_d58a79497985b87e,Bulletin of the National Museum of Japanese History,Bulletin of the National Museum of Japanese History,periodical_candidate,title_matched_candidate,,,unknown,East Asia,,journal_source_wikipedia,,,,,0,0
journal_5689235a2cfb9110,Bulletin of the School of Oriental and African Studies,Bulletin of the School of Oriental and African Studies,periodical_candidate,title_matched_candidate,,,unknown,,Africa,journal_source_sheet_1389,,,,,0,0
journal_b851ca2febbdeefb,Bulletin of Ugric Studies,Bulletin of Ugric Studies,periodical_candidate,title_matched_candidate,,,unknown,,,journal_source_sheet_1389,,,,,0,0
journal_69b32aaa614295f7,Business History,Business History,periodical_candidate,bibliographic_metadata_checked,1958,,unknown,"Business, labor and economics",,journal_source_wikipedia | journal_source_sheet_1389 | journal_source_library_3c3d8bc7f3827259 | journal_source_library_b48aeec679c85fab,0007-6791 | 1743-7938,eng,bibliographic_record,catalogued_title_start,2,18
journal_fa4aae87371aab2a,Business History Review,Business History Review,periodical_candidate,title_matched_candidate,,,unknown,"Business, labor and economics",,journal_source_wikipedia | journal_source_sheet_1389,,,,,0,0
journal_fdceba6666bdce96,Bylye Gody,Bylye Gody,periodical_candidate,bibliographic_metadata_checked,2006,,unknown,,,journal_source_sheet_1389 | journal_source_library_364d807b69b6e08f | journal_source_library_5205fb27533065b3,2073-9745 | 2310-0028,rus,bibliographic_record,catalogued_title_start,2,9
journal_a3e53202eab11d6f,Byron Journal,Byron Journal,periodical_candidate,title_matched_candidate,,,unknown,,,journal_source_sheet_1389,,,,,0,0
journal_95ce869bb6a03290,BYU Studies Quarterly,BYU Studies Quarterly,periodical_candidate,bibliographic_metadata_checked,,,unknown,,,journal_source_sheet_1389 | journal_source_library_860e89f3c9c734d5,2167-8472,eng,,,1,4
journal_c33e4e9209691a8a,Byzantin Symmeikta,Byzantin Symmeikta,periodical_candidate,title_matched_candidate,,,unknown,,Ancient | Middle Ages,journal_source_sheet_1389,,,,,0,0
journal_403bb965634db9b0,Byzantine and Modern Greek Studies,Byzantine and Modern Greek Studies,periodical_candidate,bibliographic_metadata_checked,1975,,unknown,Greece,Ancient | Middle Ages,journal_source_sheet_1389 | journal_source_library_8dac2f57321ab33c | journal_source_library_3bf2c07dbccf0e4e | journal_source_library_aed4daadd4153590,0307-0131 | 1749-625X,eng,bibliographic_record,catalogued_title_start,3,18
journal_501dbe26b910746b,Byzantinische Zeitschrift,Byzantinische Zeitschrift,periodical_candidate,bibliographic_metadata_checked,,,unknown,,Ancient | Middle Ages,journal_source_sheet_1389 | journal_source_library_ec4ff4350ee1515e | journal_source_library_5ea0e14b14143649,0007-7704 | 1868-9027,eng | fre | ger | ita,,,2,55
journal_143316980706a039,Byzantinoslavica,Byzantinoslavica,periodical_candidate,bibliographic_metadata_checked,1929,,unknown,Slavic studies,Eastern Europe and Balkans | Ancient | Middle Ages,journal_source_sheet_1389 | journal_source_library_15b1c10ca957c00e,0007-7712,cze,bibliographic_record,catalogued_title_start,1,20
journal_c3e983c49552aa1f,Byzantion Nea Hellas,Byzantion Nea Hellas,periodical_candidate,title_matched_candidate,,,unknown,,,journal_source_sheet_1389,,,,,0,0
journal_af2cbd58a18f2f7a,Byzantion: Revue Internationale des Etudes Byzantines,Byzantion: Revue Internationale des Etudes Byzantines,periodical_candidate,title_matched_candidate,,,unknown,,Ancient | Middle Ages,journal_source_sheet_1389,,,,,0,0
journal_938e71e94232fe90,Cahiers d'Economie Politique,Cahiers d'Economie Politique,periodical_candidate,title_matched_candidate,,,unknown,,"Business, labor and economics",journal_source_sheet_1389,,,,,0,0
journal_87706469d3bea435,Cahiers d'Etudes Africaines,Cahiers d'Etudes Africaines,periodical_candidate,title_matched_candidate,,,unknown,Africa | Latin America and Caribbean | African diaspora studies | Anthropology and ethnography,,journal_source_sheet_1389,,,,,0,0
journal_784caadad232086a,Cahiers de Civilisation Medievale,Cahiers de Civilisation Medievale,periodical_candidate,title_matched_candidate,,,unknown,,Middle Ages,journal_source_sheet_1389,,,,,0,0
journal_cc0994c4fffcf676,Cahiers du Monde Russe,Cahiers du Monde Russe,periodical_candidate,bibliographic_metadata_checked,,,unknown,Slavic studies | Russia and Eurasia,,journal_source_sheet_271 | journal_source_sheet_1389 | journal_source_ooir | journal_source_library_983b2419b7324c71,1252-6576,fre,,,1,18
journal_bf830db75590534b,Cahiers Elisabethains,Cahiers Elisabethains,periodical_candidate,title_matched_candidate,,,unknown,,,journal_source_sheet_1389,,,,,0,0
journal_3e25012edc96e37a,California History,California History,periodical_candidate,bibliographic_metadata_checked,,,unknown,United States,,journal_source_wikipedia | journal_source_sheet_271 | journal_source_ooir | journal_source_library_4fc27997c5561792 | journal_source_library_42b8787cd67ec02e | journal_source_library_bbf65ea9224f70f1 | journal_source_library_158ea661c98318f2,0162-2897 | 2327-1485,eng,,,4,11
journal_f14a45888af40ee8,Caliope,Caliope,periodical_candidate,title_matched_candidate,,,unknown,,,journal_source_sheet_1389,,,,,0,0
journal_e90afc8401772ad5,Cambrian Medieval Celtic Studies,Cambrian Medieval Celtic Studies,periodical_candidate,title_matched_candidate,,,unknown,Britain,,journal_source_wikipedia | journal_source_sheet_1389,,,,,0,0
journal_333b82c26dc75984,Cambridge Journal of Postcolonial Literary Inquiry,Cambridge Journal of Postcolonial Literary Inquiry,periodical_candidate,title_matched_candidate,,,unknown,,Colonialism and empire | Literature,journal_source_sheet_1389,,,,,0,0
journal_26e146c743e47244,Canada's History,Canada's History,periodical_candidate,title_matched_candidate,,,unknown,Canada,,journal_source_wikipedia,,,,,0,0
journal_264c39cda506d1ec,Canadian Historical Review,Canadian Historical Review,periodical_candidate,bibliographic_metadata_checked,,,unknown,Canada,,journal_source_wikipedia | journal_source_sheet_271 | journal_source_sheet_1389 | journal_source_ooir | journal_source_library_fa19113ced8925fe,0008-3755,eng,,,1,14
journal_63f8f849444ca43d,Canadian Journal of African Studies,Canadian Journal of African Studies,periodical_candidate,title_matched_candidate,,,unknown,,Africa,journal_source_sheet_1389,,,,,0,0
journal_f6a173602547c4fe,Canadian Journal of History,Canadian Journal of History,periodical_candidate,title_matched_candidate,,,unknown,,,journal_source_sheet_1389,,,,,0,0
journal_4f98bebd6b9ddf34,Canadian Journal of History/Annales canadiennes d'histoire,Canadian Journal of History/Annales canadiennes d'histoire,periodical_candidate,title_matched_candidate,,,unknown,General history,,journal_source_wikipedia,,,,,0,0
journal_2e73fa5b49d7b14b,Canadian Review of American Studies,Canadian Review of American Studies,periodical_candidate,bibliographic_metadata_checked,1970,,unknown,Canada | United States,,journal_source_sheet_1389 | journal_source_library_ddafa537bd1ecb30,0007-7720,eng,bibliographic_record,catalogued_title_start,1,2
journal_d54faa61334ccd90,Canadian Slavonic Papers,Canadian Slavonic Papers,periodical_candidate,bibliographic_metadata_checked,,,unknown,Slavic studies,,journal_source_sheet_1389 | journal_source_library_e4522d2e52cad70e | journal_source_library_d56d2d038d9727f7,0008-5006 | 2375-2475,eng,,,2,9
journal_a4c0b4b2652fa872,Canadian Studies in Population,Canadian Studies in Population,periodical_candidate,bibliographic_metadata_checked,1974,,unknown,Demography and family | Canada,,journal_source_sheet_1389 | journal_source_library_f3cb9eb78c6b16bc | journal_source_library_019f5528d0ed4fb9,0380-1489,eng | fre,bibliographic_record,catalogued_title_start,2,9
journal_65d46ad09961fe91,Canadian-American Slavic Studies,Canadian-American Slavic Studies,periodical_candidate,bibliographic_metadata_checked,,,unknown,Slavic studies | Russia and Eurasia | Eastern Europe and Balkans,,journal_source_sheet_1389 | journal_source_library_7639a5ad0429d1ce | journal_source_library_a4ceb5e07ad44419,0090-8290 | 2210-2396,eng | fre | rus,,,2,33
journal_22bcfbc8d91ac05e,Capital and Class,Capital and Class,periodical_candidate,bibliographic_metadata_checked,,,unknown,Socialism and related political traditions,"Business, labor and economics",journal_source_sheet_1389 | journal_source_library_293dedc6a3ae964d | journal_source_library_1149632412acce5c | journal_source_library_0a8ef8b42c104b0d,0309-8168 | 2041-0980,eng,,,3,35
journal_8316088edf71188e,Capitale Culturale,Capitale Culturale,periodical_candidate,title_matched_candidate,,,unknown,,,journal_source_sheet_1389,,,,,0,0
journal_63804d8e1774d9d3,Caribbean Quarterly,Caribbean Quarterly,periodical_candidate,bibliographic_metadata_checked,1949,,unknown,,Latin America and Caribbean,journal_source_sheet_1389 | journal_source_library_d53a37c43d2a0b40 | journal_source_library_3235014be164b905 | journal_source_library_3dfda4080f3f879c,0008-6495 | 2470-6302,eng,bibliographic_record,catalogued_title_start,3,12
journal_a4a46b09b233a09e,Cartagine. Studi e Ricerche,Cartagine. Studi e Ricerche,periodical_candidate,bibliographic_metadata_checked,2016,,unknown,Mediterranean,,journal_source_sheet_1389 | journal_source_library_5e96b7f0b1f7813f,2532-1110,eng | fre | ita | spa,bibliographic_record,catalogued_title_start,1,8
journal_74a9c4a5d677c475,Carte e la Storia,Carte e la Storia,periodical_candidate,title_matched_candidate,,,unknown,,,journal_source_sheet_1389,,,,,0,0
journal_959bec82722c258c,Casopis Matice moravske (1968),Casopis Matice moravske (1968),periodical_candidate,title_matched_candidate,,,unknown,,Eastern Europe and Balkans,journal_source_sheet_1389,,,,,0,0
journal_c0d2499667fa7cf7,Casopis za Suvremenu Povijest,Casopis za Suvremenu Povijest,periodical_candidate,title_matched_candidate,,,unknown,,Modern and contemporary,journal_source_sheet_1389,,,,,0,0
journal_6983a79586ee9ce5,Catalan Historical Review,Catalan Historical Review,periodical_candidate,bibliographic_metadata_checked,2008,,unknown,,Iberia,journal_source_sheet_1389 | journal_source_library_cee07cddb2078e40 | journal_source_library_161f33d6eda87d84,2013-407X,cat | eng,bibliographic_record,catalogued_title_start,2,19
journal_18e78caa4599ff04,Catalan Review,Catalan Review,periodical_candidate,bibliographic_metadata_checked,1986,,unknown,,Iberia,journal_source_sheet_1389 | journal_source_library_20a8d6d5d2c8710f | journal_source_library_6686c668249623d9,0213-5949 | 2053-339X,cat | eng,bibliographic_record,catalogued_title_start,2,9
journal_31cbfa08a711a200,Caucasus Survey,Caucasus Survey,periodical_candidate,bibliographic_metadata_checked,,,unknown,Caucasus,Russia and Eurasia,journal_source_sheet_1389 | journal_source_library_419059fcb676ff1f | journal_source_library_69d3dad084240536,2376-1199 | 2376-1202,eng,,,2,7
journal_c234c6c00846d8e3,Centaurus,Centaurus,periodical_candidate,bibliographic_metadata_checked,1950,,unknown,Science and technology | Medicine and health,,journal_source_wikipedia | journal_source_library_0261d80106bc78d1,0008-8994,eng,bibliographic_record,catalogued_title_start,1,10
journal_671685ac69c70324,Central Asian Survey,Central Asian Survey,periodical_candidate,bibliographic_metadata_checked,1982,,unknown,Asia | East Asia | Eastern Europe and Balkans | Central Asia,,journal_source_wikipedia | journal_source_library_dbb38b643faaef6d,0263-4937,eng,bibliographic_record,catalogued_title_start,1,6
journal_6005d9c1a648b5b6,Central Asiatic Journal,Central Asiatic Journal,periodical_candidate,bibliographic_metadata_checked,1955,,unknown,Central Asia | Language and linguistics | Literature | Archaeology,,journal_source_sheet_1389 | journal_source_library_88caefe16be6e470,0008-9192,eng,bibliographic_record,catalogued_title_start,1,4
journal_64cf927ba34d3582,Central European History,Central European History,periodical_candidate,bibliographic_metadata_checked,1968,,unknown,Western Europe | Central Europe,,journal_source_wikipedia | journal_source_sheet_271 | journal_source_sheet_1389 | journal_source_ooir | journal_source_library_6a55c7ce66c562ec | journal_source_library_68fefd2e6e4372e3,0008-9389 | 1569-1616,eng,bibliographic_record,catalogued_title_start,2,14
journal_a0ae88b76c920656,Cercetari Arheologice,Cercetari Arheologice,periodical_candidate,title_matched_candidate,,,unknown,,,journal_source_sheet_1389,,,,,0,0
journal_246c2aa004a6219e,Cercles,Cercles,periodical_candidate,title_matched_candidate,,,unknown,,,journal_source_sheet_1389,,,,,0,0
journal_125db79fc2397840,Cesky Casopis Historicky,Cesky Casopis Historicky,periodical_candidate,title_matched_candidate,,,unknown,General history,,journal_source_sheet_1389,,,,,0,0
journal_b51ee74d0e3a9f45,Change Over Time,Change Over Time,periodical_candidate,bibliographic_metadata_checked,2011,,unknown,Architectural | Heritage and public history,,journal_source_wikipedia | journal_source_sheet_1389 | journal_source_library_2a1919d2041828f3 | journal_source_library_d71851f06c77ded7,2153-053X,eng,bibliographic_record,catalogued_title_start,2,14
journal_04f984e90a9f28a4,China Comment (半月谈),China Comment (半月谈),primary_source_periodical,title_matched_candidate,,,unknown,Chinese studies resources,,journal_source_toronto,,,,,0,0
journal_32ba2d54190fcded,China Reconstructs magazine,China Reconstructs magazine,primary_source_periodical,title_matched_candidate,,,unknown,Chinese studies resources,,journal_source_toronto,,,,,0,0
journal_66b6501a8569a9e5,Chinese Historical Review,Chinese Historical Review,periodical_candidate,title_matched_candidate,,,unknown,East Asia,,journal_source_wikipedia | journal_source_sheet_1389,,,,,0,0
journal_422a2a3e5b661577,Chinese Studies in History,Chinese Studies in History,periodical_candidate,bibliographic_metadata_checked,,,unknown,General history | East Asia,,journal_source_sheet_271 | journal_source_sheet_1389 | journal_source_ooir | journal_source_library_f05bf56dd184ca43 | journal_source_library_63d42cf471a8f300 | journal_source_library_f95f82f8b286a620,0009-4633 | 1558-0407,chi | eng,,,3,9
journal_5dc5b55b25b77906,Chronique d'Egypte,Chronique d'Egypte,periodical_candidate,title_matched_candidate,,,unknown,,Egypt,journal_source_sheet_1389,,,,,0,0
journal_7b94787a9b8edf12,Church History,Church History,periodical_candidate,bibliographic_metadata_checked,1932,,unknown,Religion,,journal_source_wikipedia | journal_source_sheet_271 | journal_source_sheet_1389 | journal_source_ooir | journal_source_library_e4cead56749b07c1,0009-6407,eng,bibliographic_record,catalogued_title_start,1,6
journal_3d173a064b1993c6,Church History and Religious Culture,Church History and Religious Culture,periodical_candidate,bibliographic_metadata_checked,,,unknown,Religion,,journal_source_sheet_1389 | journal_source_library_cd3f33b99710a17a | journal_source_library_b7c1021df72ac0d3,1871-241X | 1871-2428,eng | fre | ger,,,2,19
journal_7e2d7c8848f7e248,Ciceroniana On Line,Ciceroniana On Line,periodical_candidate,title_matched_candidate,,,unknown,,,journal_source_sheet_1389,,,,,0,0
journal_b6c5c9b574698cc8,Citeaux,Citeaux,periodical_candidate,title_matched_candidate,,,unknown,,,journal_source_sheet_1389,,,,,0,0
journal_09e1c50ecbbc3984,Cithara,Cithara,periodical_candidate,title_matched_candidate,,,unknown,,,journal_source_sheet_1389,,,,,0,0
journal_adc191866244d967,Civil War History,Civil War History,periodical_candidate,bibliographic_metadata_checked,1955,,unknown,United States,,journal_source_wikipedia | journal_source_sheet_271 | journal_source_sheet_1389 | journal_source_library_d15f6a382190efd6,0009-8078,eng,bibliographic_record,catalogued_title_start,1,6
journal_a3290bc9067147eb,Civil Wars,Civil Wars,periodical_candidate,bibliographic_metadata_checked,1998,,unknown,Military,Politics and public policy,journal_source_sheet_1389 | journal_source_library_374b637d14179572 | journal_source_library_96e9a25ae019d24b,1369-8249 | 1743-968X,eng,bibliographic_record,catalogued_title_start,2,9
journal_80fa3202eed343b9,Classical Quarterly,Classical Quarterly,periodical_candidate,title_matched_candidate,,,unknown,,Classical,journal_source_sheet_1389,,,,,0,0
journal_87e5aa5d8e5339e0,Clio,Clio,periodical_candidate,ambiguous_title,,,unknown,,,journal_source_sheet_1389,,,,,0,0
journal_89f2e42586e7ec49,Clio - A Journal of Literature History and the Philosophy of History,Clio - A Journal of Literature History and the Philosophy of History,periodical_candidate,title_matched_candidate,,,unknown,,Ideas and historiography | Literature | Philosophy,journal_source_sheet_271,,,,,0,0
journal_5fceb21db4f89624,"Clio: Histoire, Femmes et Societes","Clio: Histoire, Femmes et Societes",periodical_candidate,title_matched_candidate,,,unknown,,Gender and sexuality,journal_source_sheet_1389,,,,,0,0
journal_be6d4b0ce7322c2f,Cliodynamics,Cliodynamics,periodical_candidate,title_matched_candidate,,,unknown,"General history | Business, labor and economics",,journal_source_sheet_1389,,,,,0,0
journal_05418473995006e9,Cliometrica,Cliometrica,periodical_candidate,bibliographic_metadata_checked,2007,,unknown,"Business, labor and economics",,journal_source_sheet_271 | journal_source_sheet_1389 | journal_source_ooir | journal_source_library_6eadaf37f2344b9a,1863-2513,eng,bibliographic_record,catalogued_title_start,1,9
journal_483c5dbb9cc38f4f,Clogher Record,Clogher Record,periodical_candidate,bibliographic_metadata_checked,1953,,unknown,Ireland,,journal_source_wikipedia | journal_source_library_ef38a055a6e712e6,0412-8079,eng,bibliographic_record,catalogued_title_start,1,8
journal_59799c9b9484a549,Co-herencia,Co-herencia,periodical_candidate,bibliographic_metadata_checked,2004,,unknown,Humanities | Philosophy | Colombia,,journal_source_sheet_1389 | journal_source_library_94b96b339d183fc4 | journal_source_library_bc964894b136aa42,1794-5887 | 2539-1208,eng | spa,bibliographic_record,catalogued_title_start,2,21
journal_d92b03eed6709c13,Codex Aquilarensis,Codex Aquilarensis,periodical_candidate,title_matched_candidate,,,unknown,,,journal_source_sheet_1389,,,,,0,0
journal_60c629672bd0f92f,Codrul Cosminului,Codrul Cosminului,periodical_candidate,bibliographic_metadata_checked,1995,,unknown,General history | Archaeology | International relations and diplomatic,,journal_source_sheet_1389 | journal_source_library_76903d20452a6c30,2067-5860,eng | fre | rum,bibliographic_record,catalogued_title_start,1,6
journal_88eb32c3285de5d0,Cold War History,Cold War History,periodical_candidate,bibliographic_metadata_checked,2000,,unknown,International relations and diplomatic,,journal_source_wikipedia | journal_source_sheet_271 | journal_source_sheet_1389 | journal_source_ooir | journal_source_library_11e1e11222dfcff1 | journal_source_library_116eade3cf4ec68a,1468-2745 | 1743-7962,eng,bibliographic_record,catalogued_title_start,2,5
journal_fbe7dd8c9c2525de,Collectanea Hibernica,Collectanea Hibernica,periodical_candidate,title_matched_candidate,,,unknown,Ireland,,journal_source_wikipedia,,,,,0,0
journal_a81218833cb0d5d6,Colombia Internacional,Colombia Internacional,periodical_candidate,bibliographic_metadata_checked,1988,,unknown,International relations and diplomatic | Colombia,,journal_source_sheet_1389 | journal_source_library_f0958d89828333bb | journal_source_library_3c4ce96afeb2819d,0121-5612 | 1900-6004,spa,bibliographic_record,catalogued_title_start,2,17
journal_7bfa328cb1f8254a,Colonial Latin American Review,Colonial Latin American Review,periodical_candidate,bibliographic_metadata_checked,1992,,unknown,Latin America and Caribbean,Colonialism and empire,journal_source_sheet_271 | journal_source_ooir | journal_source_library_9820ecddf7d20623 | journal_source_library_036101866254ab59,1060-9164 | 1466-1802,eng | por | spa,bibliographic_record,catalogued_title_start,2,28
journal_115ce886a236cb08,Comitatus,Comitatus,periodical_candidate,bibliographic_metadata_checked,1970,,unknown,Literature,,journal_source_sheet_1389 | journal_source_library_0daf796efb0a58f8 | journal_source_library_78e27688173576d8,0069-6412,eng,bibliographic_record,catalogued_title_start,2,11
journal_604e2d632d1a8668,Communio Viatorum,Communio Viatorum,periodical_candidate,bibliographic_metadata_checked,1958,,unknown,Religion,,journal_source_sheet_1389 | journal_source_library_bfe661ae0c24d073,0010-3713,eng,bibliographic_record,catalogued_title_start,1,6
journal_6d14a1e9786228a0,Communisme,Communisme,periodical_candidate,bibliographic_metadata_checked,1982,,unknown,"Business, labor and economics | Socialism and related political traditions",,journal_source_wikipedia | journal_source_library_e3b9ca2c979d3f32 | journal_source_library_6fecf51e4bc94ebb,0751-3496,fre,bibliographic_record,catalogued_title_start,2,7
journal_da73a59f384f79a3,Comparative Legal History,Comparative Legal History,periodical_candidate,bibliographic_metadata_checked,2013,,unknown,Legal,,journal_source_sheet_1389 | journal_source_library_06ca481d7eb34ce4 | journal_source_library_5a629e123c1e5091,2049-677X | 2049-6788,eng,bibliographic_record,catalogued_title_start,2,8
journal_647183c1e131cf7a,Comparative Studies in Society and History,Comparative Studies in Society and History,research_journal,bibliographic_metadata_checked,1958,,unknown,Comparative and world | Social sciences | General history,,journal_source_wikipedia | journal_source_sheet_1389 | journal_source_ooir | journal_source_library_a47d00ad0554bd2c | journal_source_comparative_studies_foundation | journal_source_venue_review_cssh50 | journal_source_venue_review_atlas_wallerstein_rise_primary | journal_source_venue_review_atlas_scott_tilly_work | journal_source_venue_review_atlas_ortner_practice_primary | journal_source_venue_review_atlas_medick_missionaries,0010-4175,eng,bibliographic_record,catalogued_title_start,1,15
journal_da616f4c2f57b959,Complutum,Complutum,periodical_candidate,bibliographic_metadata_checked,1991,,unknown,Archaeology | Prehistory | Europe,,journal_source_sheet_1389 | journal_source_library_b2600aa2c9e61e19,1131-6993,spa,bibliographic_record,catalogued_title_start,1,16
journal_b14fff653da3f07d,Confluenze,Confluenze,periodical_candidate,title_matched_candidate,,,unknown,,,journal_source_sheet_1389,,,,,0,0
journal_9fea2f0f764fecab,Construction History,Construction History,periodical_candidate,title_matched_candidate,,,unknown,Science and technology,,journal_source_wikipedia,,,,,0,0
journal_4ecf590a4d00cc29,Construction History - International Journal of the Construction History Society,Construction History - International Journal of the Construction History Society,periodical_candidate,title_matched_candidate,,,unknown,,Architectural,journal_source_sheet_271,,,,,0,0
journal_327b3e80305f1bd1,Contemporanea,Contemporanea,periodical_candidate,title_matched_candidate,,,unknown,,,journal_source_sheet_271 | journal_source_sheet_1389,,,,,0,0
journal_bc3f971f55e24594,Contemporary British History,Contemporary British History,periodical_candidate,title_matched_candidate,,,unknown,Britain,,journal_source_wikipedia | journal_source_sheet_271 | journal_source_sheet_1389 | journal_source_ooir,,,,,0,0
journal_321a8cfc8ab54ea0,Contemporary European History,Contemporary European History,periodical_candidate,bibliographic_metadata_checked,1992,,unknown,Europe | Eastern Europe and Balkans,,journal_source_wikipedia | journal_source_sheet_271 | journal_source_sheet_1389 | journal_source_ooir | journal_source_library_2b91058e6d0e280d,0960-7773,eng,bibliographic_record,catalogued_title_start,1,10
journal_546e3b8a35e077cc,Contemporary French and Francophone Studies,Contemporary French and Francophone Studies,periodical_candidate,bibliographic_metadata_checked,,,unknown,Literature | Cultural studies | France,Modern and contemporary | Francophone studies,journal_source_sheet_1389 | journal_source_library_ee81bf9048b5414a | journal_source_library_89cd7981e2e83bb3,1740-9292 | 1740-9306,eng | fre,,,2,21
journal_bedaa9c70c04048e,Contemporary French Civilization,Contemporary French Civilization,periodical_candidate,bibliographic_metadata_checked,1976,,unknown,France,,journal_source_sheet_1389 | journal_source_library_82d890a6b822dc17,0147-9156,eng,bibliographic_record,catalogued_title_start,1,13
journal_c06357ebd2b4762e,Contemporary Japan,Contemporary Japan,periodical_candidate,bibliographic_metadata_checked,,,unknown,East Asia,,journal_source_sheet_1389 | journal_source_library_bbd475cf10d96c62 | journal_source_library_13b38a31cc716fe1 | journal_source_library_25215f19ff2118a2,1869-2729 | 1869-2737,eng,,,3,12
journal_a5f90a52a2369794,Contemporary Jewry,Contemporary Jewry,periodical_candidate,bibliographic_metadata_checked,,,unknown,Jewish studies,Modern and contemporary,journal_source_sheet_1389 | journal_source_library_e86d64e26093addf | journal_source_library_d966657b9db56039 | journal_source_library_2acc1e15edfbd59f,0147-1694 | 1876-5165,eng,,,3,23
journal_76c9fd616d8d57f0,Contemporary Levant,Contemporary Levant,periodical_candidate,bibliographic_metadata_checked,2016,,unknown,Politics and public policy | Middle East,,journal_source_sheet_1389 | journal_source_library_ac4c3c6caf81492e,2058-184X,eng,bibliographic_record,catalogued_title_start,1,7
journal_fc4740973050fcb1,Contemporary Social Science,Contemporary Social Science,periodical_candidate,bibliographic_metadata_checked,,,unknown,Social sciences,Social,journal_source_sheet_1389 | journal_source_library_9283ab8072bd0fab | journal_source_library_98f9cdbde44d1fe3,1745-0152 | 2158-205X,eng,,,2,7
journal_b7c39921ebc6dac5,Contemporary Southeast Asia,Contemporary Southeast Asia,periodical_candidate,bibliographic_metadata_checked,1979,,unknown,Southeast Asia,,journal_source_sheet_1389 | journal_source_library_c358da7a15172dc9 | journal_source_library_89f6783d0ce4c5b7,0129-797X | 1793-284X,eng,bibliographic_record,catalogued_title_start,2,22
journal_9697ff97017802c8,Contemporary Southeastern Europe,Contemporary Southeastern Europe,periodical_candidate,bibliographic_metadata_checked,2014,,unknown,Eastern Europe and Balkans,,journal_source_sheet_1389 | journal_source_library_6806642032f36315,2310-3612,eng,bibliographic_record,catalogued_title_start,1,8
journal_4cb3ce45f1001168,Continuity and Change,Continuity and Change,periodical_candidate,bibliographic_metadata_checked,1986,,unknown,Demography and family | Social,,journal_source_sheet_1389 | journal_source_library_5793dcdc956cb92b,0268-4160,eng,bibliographic_record,catalogued_title_start,1,12
journal_c83eb9d1cfd7a032,"Continuity and Change: A Journal of Social Structure, Law and Demography in Past Societies","Continuity and Change: A Journal of Social Structure, Law and Demography in Past Societies",periodical_candidate,title_matched_candidate,,,unknown,Demography and family,,journal_source_wikipedia,,,,,0,0
journal_81f96da9fa9d2545,Contradictions,Contradictions,periodical_candidate,title_matched_candidate,,,unknown,,,journal_source_sheet_1389,,,,,0,0
journal_7f61c29f57730a14,Contributions to the History of Concepts,Contributions to the History of Concepts,periodical_candidate,bibliographic_metadata_checked,2005,,unknown,Politics and public policy | Ideas and historiography | Social sciences,,journal_source_sheet_1389 | journal_source_library_9d632c1b9222d3bd,1807-9326,eng,bibliographic_record,catalogued_title_start,1,16
journal_3ad6985bc55426e7,Convivium (Czech Republic),Convivium (Czech Republic),periodical_candidate,title_matched_candidate,,,unknown,,,journal_source_sheet_1389,,,,,0,0
journal_241562d91defe29a,Costume,Costume,periodical_candidate,bibliographic_metadata_checked,,,unknown,,Dress and textile,journal_source_sheet_1389 | journal_source_library_dd3b1f36398ef656 | journal_source_library_eee18083339d82a1,0590-8876 | 1749-6306,eng,,,2,6
journal_3ed7fad6df717af8,Court Historian,Court Historian,periodical_candidate,title_matched_candidate,,,unknown,,,journal_source_sheet_1389,,,,,0,0
journal_feba6b6025109ba4,Cracow Indological Studies,Cracow Indological Studies,periodical_candidate,title_matched_candidate,,,unknown,,South Asia,journal_source_sheet_1389,,,,,0,0
journal_bfa5b2348ee2dd00,Cristianesimo nella Storia,Cristianesimo nella Storia,periodical_candidate,title_matched_candidate,,,unknown,,Religion,journal_source_sheet_1389,,,,,0,0
journal_b2c77d0bf6c9b20c,Critical Historical Studies,Critical Historical Studies,periodical_candidate,bibliographic_metadata_checked,2014,,unknown,General history | Social,,journal_source_sheet_1389 | journal_source_library_17ebeffe7e0e829a,2326-4462,eng,bibliographic_record,catalogued_title_start,1,4
journal_6e80485dff3ef6cc,Critical Inquiry,Critical Inquiry,research_journal,publisher_metadata_checked,1974,,unknown,Social theory and cultural criticism | General history,,journal_source_ci_about | journal_source_library_824044c9422acba3,0093-1896,eng,source_check,publication_start,1,12
journal_931c8262801c6e24,Critical Military Studies,Critical Military Studies,periodical_candidate,bibliographic_metadata_checked,2015,,unknown,,Military,journal_source_sheet_1389 | journal_source_library_221ee08b72157297 | journal_source_library_20524cde88746973,2333-7486 | 2333-7494,eng,bibliographic_record,catalogued_title_start,2,18
journal_d286bba1f168f316,Criticon,Criticon,periodical_candidate,title_matched_candidate,,,unknown,,,journal_source_sheet_1389,,,,,0,0
journal_f5b541076c63833f,Critique (France),Critique (France),periodical_candidate,title_matched_candidate,,,unknown,,,journal_source_sheet_1389,,,,,0,0
journal_c7c09979aff15611,Croatica Christiana Periodica,Croatica Christiana Periodica,periodical_candidate,bibliographic_metadata_checked,1977,,unknown,,Religion,journal_source_sheet_1389 | journal_source_library_275c1bd5ad04d496 | journal_source_library_14fdff03902f7ba3,0350-7823,eng | hrv,bibliographic_record,catalogued_title_start,2,5
journal_ba985a1678adf0d7,Cromohs,Cromohs,periodical_candidate,title_matched_candidate,,,unknown,Auxiliary sciences of history | General history,,journal_source_sheet_1389,,,,,0,0
journal_fbab19d9e6ca080f,Cross-Currents,Cross-Currents,periodical_candidate,ambiguous_title,,,unknown,,,journal_source_sheet_1389,,,,,0,0
journal_5c04253ad85c44c1,Cross-Currents: East Asian History and Culture Review,Cross-Currents: East Asian History and Culture Review,research_journal,publisher_metadata_checked,,,unknown,Chinese studies resources | East Asia,,journal_source_toronto | journal_source_berkeley_crosscurrents,,,,,0,0
journal_906e17f66e15c984,"Cuadernos de historia (Santiago, Chile)","Cuadernos de historia (Santiago, Chile)",periodical_candidate,title_matched_candidate,,,unknown,,,journal_source_sheet_1389,,,,,0,0
journal_7d996053df5b6c45,Cuadernos de Prehistoria y Arqueologia de la Universidad Autonoma de Madrid,Cuadernos de Prehistoria y Arqueologia de la Universidad Autonoma de Madrid,periodical_candidate,title_matched_candidate,,,unknown,,Archaeology,journal_source_sheet_1389,,,,,0,0
journal_43591bc00876b55c,Cuadernos de Prehistoria y Arqueologia de la Universidad de Granada,Cuadernos de Prehistoria y Arqueologia de la Universidad de Granada,periodical_candidate,title_matched_candidate,,,unknown,,Archaeology,journal_source_sheet_1389,,,,,0,0
journal_94cac3e8a12573d7,Cuadernos Dieciochistas,Cuadernos Dieciochistas,periodical_candidate,bibliographic_metadata_checked,2000,,unknown,Iberia,Eighteenth century,journal_source_sheet_1389 | journal_source_library_e14e2bd2b928b2f1,1576-7914,spa,bibliographic_record,catalogued_title_start,1,3
journal_961459134d6e6ba2,Cuadernos Europeos de Deusto,Cuadernos Europeos de Deusto,periodical_candidate,bibliographic_metadata_checked,,,unknown,Legal,,journal_source_sheet_1389 | journal_source_library_44952610af393df4 | journal_source_library_0d1aa37fec928628,1130-8354 | 2445-3587,eng | spa,,,2,12
journal_ed63021a16e3f633,Cuadernos Medievales,Cuadernos Medievales,periodical_candidate,bibliographic_metadata_checked,2006,,unknown,Middle Ages,,journal_source_sheet_1389 | journal_source_library_d010c2b8d4ce038d,2451-6821,spa,bibliographic_record,catalogued_title_start,1,5
journal_f9445fe1f84c7368,Cultura,Cultura,periodical_candidate,title_matched_candidate,,,unknown,,,journal_source_sheet_1389,,,,,0,0
journal_87d68803415b7a75,Cultura de los Cuidados,Cultura de los Cuidados,periodical_candidate,bibliographic_metadata_checked,1997,,unknown,,,journal_source_sheet_1389 | journal_source_library_0eabc2c0c9c1388c,1699-6003,eng | spa,bibliographic_record,catalogued_title_start,1,10
journal_807321c1e1922a76,Cultural & Social History,Cultural & Social History | Cultural and Social History,periodical_candidate,bibliographic_metadata_checked,2004,,unknown,Social | Cultural studies,,journal_source_sheet_271 | journal_source_sheet_1389 | journal_source_ooir | journal_source_library_58f28405fcc24bf9,1478-0046,eng,bibliographic_record,catalogued_title_start,1,8
journal_33000b7931718c9a,Cultural History,Cultural History,periodical_candidate,title_matched_candidate,,,unknown,,Cultural history,journal_source_sheet_1389,,,,,0,0
journal_4f86aafee1743ee1,Culture & History Digital Journal,Culture & History Digital Journal | Culture and History Digital Journal,periodical_candidate,bibliographic_metadata_checked,2012,,unknown,General history | Humanities | Cultural studies | Social,Cultural history,journal_source_sheet_271 | journal_source_sheet_1389 | journal_source_ooir | journal_source_library_2fb177d0b03aa4e3,2253-797X,eng,bibliographic_record,catalogued_title_start,1,8
journal_89523cf0f1f9d8f4,Current History,Current History,periodical_candidate,bibliographic_metadata_checked,,,unknown,General history,,journal_source_sheet_1389 | journal_source_library_03911dd3e6ec05f9 | journal_source_library_c2a7e435614f909e | journal_source_library_d0627df9f7435e0d,0011-3530,eng,,,3,13
journal_bf2b049d3c25a394,Danubius,Danubius,periodical_candidate,title_matched_candidate,,,unknown,,,journal_source_sheet_1389,,,,,0,0
journal_72c9ee8b2d7bcf0f,De Medio Aevo,De Medio Aevo,periodical_candidate,bibliographic_metadata_checked,2012,,unknown,General history | Middle Ages,,journal_source_sheet_1389 | journal_source_library_1f9c3c92ede46424,2255-5889,eng | fre | por | spa,bibliographic_record,catalogued_title_start,1,4
journal_4888c7a32e777535,Dead Sea Discoveries,Dead Sea Discoveries,periodical_candidate,bibliographic_metadata_checked,1994,,unknown,Middle East,,journal_source_sheet_1389 | journal_source_library_37d30755c8cb79f1 | journal_source_library_ce4f8a584ee15c6c | journal_source_library_e1a16f9c39e92b0a,0929-0761 | 1568-5179,eng | heb,bibliographic_record,catalogued_title_start,3,19
journal_9995c59a0d9b2657,Defence Studies,Defence Studies,periodical_candidate,bibliographic_metadata_checked,2001,,unknown,Military,,journal_source_sheet_1389 | journal_source_library_6ef37598bdc0ea20 | journal_source_library_eb77116da27d6c76,1470-2436 | 1743-9698,eng,bibliographic_record,catalogued_title_start,2,14
journal_3e3dd49344ee2d80,Dejiny - Teorie - Kritika,Dejiny - Teorie - Kritika,periodical_candidate,title_matched_candidate,,,unknown,General history | History of civilization,,journal_source_sheet_1389,,,,,0,0
journal_318c9930225e801b,Dementia,Dementia,periodical_candidate,title_matched_candidate,,,unknown,,,journal_source_sheet_1389,,,,,0,0
journal_b652c7781759e8b8,Dialog so Vremenem,Dialog so Vremenem,periodical_candidate,title_matched_candidate,,,unknown,,,journal_source_sheet_1389,,,,,0,0
journal_e3ad72999c21df8f,Dialogo Andino,Dialogo Andino,periodical_candidate,title_matched_candidate,,,unknown,,Latin America and Caribbean,journal_source_sheet_1389,,,,,0,0
journal_3f8f68e35d7b541e,Dialogos,Dialogos,periodical_candidate,title_matched_candidate,,,unknown,,,journal_source_sheet_1389,,,,,0,0
journal_9c4f10e776b54df4,Dialogues d'Histoire Ancienne,Dialogues d'Histoire Ancienne,periodical_candidate,bibliographic_metadata_checked,1974,,unknown,History of civilization | Ancient,,journal_source_sheet_1389 | journal_source_library_58d9f3027c7fe430,0755-7256,fre,bibliographic_record,catalogued_title_start,1,6
journal_abee3d1a92de80be,Dian shi zhai hua bao ( 點石齋畫報),Dian shi zhai hua bao ( 點石齋畫報),primary_source_periodical,title_matched_candidate,,,unknown,Chinese studies resources,,journal_source_toronto,,,,,0,0
journal_ec27fc4a6f37992f,Diaspora,Diaspora,periodical_candidate,title_matched_candidate,,,unknown,,Ethnic and racial studies,journal_source_sheet_1389,,,,,0,0
journal_99cc6ff5f507e3fa,Diaspora Studies,Diaspora Studies,periodical_candidate,bibliographic_metadata_checked,2007,,unknown,,Ethnic and racial studies,journal_source_sheet_1389 | journal_source_library_65f16355b315e856 | journal_source_library_703a99c7798e4380 | journal_source_library_b5d232464c828e33,0973-9572 | 0976-3457,eng,bibliographic_record,catalogued_title_start,3,8
journal_de6efc86e0eebf98,Diasporas,Diasporas - Histoire et Societes | Diasporas | Diasporas-Histoire et Societes,periodical_candidate,bibliographic_metadata_checked,2002,,unknown,Diaspora and migration,Ethnic and racial studies,journal_source_sheet_271 | journal_source_sheet_1389 | journal_source_ooir | journal_source_library_3baaaa43a181fa13,2431-1472,fre,bibliographic_record,catalogued_title_start,1,1
journal_313175a141dec727,Die Welt des Islams,Die Welt des Islams,periodical_candidate,bibliographic_metadata_checked,1913,,unknown,Islamic studies,Religion,journal_source_sheet_1389 | journal_source_library_26a03aeadf5386f1 | journal_source_library_dbc42a28dea6d950,0043-2539 | 1570-0607,ger,bibliographic_record,catalogued_title_start,2,13
journal_6c04405f8344bab3,Dionysius,Dionysius,periodical_candidate,title_matched_candidate,,,unknown,,,journal_source_sheet_1389,,,,,0,0
journal_a01fd42a602bdbdb,Diplomacy and Statecraft,Diplomacy and Statecraft | Diplomacy & Statecraft,periodical_candidate,bibliographic_metadata_checked,1990,,unknown,International relations and diplomatic,Politics and public policy,journal_source_sheet_1389 | journal_source_ooir | journal_source_library_88f9937d6a6875b6,0959-2296,eng,bibliographic_record,catalogued_title_start,1,9
journal_9391847d5e9cffe7,Diplomatic History,Diplomatic History,periodical_candidate,bibliographic_metadata_checked,1977,,unknown,International relations and diplomatic | United States,,journal_source_wikipedia | journal_source_sheet_271 | journal_source_sheet_1389 | journal_source_ooir | journal_source_library_4c3bb48f5c9bd49c,0145-2096,eng,bibliographic_record,catalogued_title_start,1,5
journal_ecf0439816fc457d,Dirasat Hispanicas,Dirasat Hispanicas,periodical_candidate,title_matched_candidate,,,unknown,Americas | Iberia,,journal_source_sheet_1389,,,,,0,0
journal_1a5146a272c06137,Divergencia,Divergencia,periodical_candidate,title_matched_candidate,,,unknown,,,journal_source_sheet_1389,,,,,0,0
journal_0a527d7981a7f9d9,Dix-Septieme Siecle,Dix-Septieme Siecle,periodical_candidate,title_matched_candidate,,,unknown,,Early modern,journal_source_ooir,,,,,0,0
journal_46ea238b635f2100,Documenta et Instrumenta,Documenta et Instrumenta,periodical_candidate,title_matched_candidate,,,unknown,,,journal_source_sheet_1389,,,,,0,0
journal_a477a685673e8ca2,Documentatieblad voor de Nederlandse Kerkgeschiedenis na 1800,Documentatieblad voor de Nederlandse Kerkgeschiedenis na 1800,periodical_candidate,title_matched_candidate,,,unknown,,Western Europe | Religion,journal_source_sheet_1389,,,,,0,0
journal_a7e63e863048b3b6,Documenti e Studi sulla Tradizione Filosofica Medievale,Documenti e Studi sulla Tradizione Filosofica Medievale,periodical_candidate,title_matched_candidate,,,unknown,,Middle Ages,journal_source_sheet_1389,,,,,0,0
journal_5d9a3b32dc40ebc2,Documenti Geografici,Documenti Geografici,periodical_candidate,title_matched_candidate,,,unknown,,,journal_source_sheet_1389,,,,,0,0
journal_22082aac54c2f88b,Domes : Digest of Middle East Studies,Domes : Digest of Middle East Studies,periodical_candidate,title_matched_candidate,,,unknown,,Middle East,journal_source_sheet_1389,,,,,0,0
journal_59c0813242987d48,Dublin Historical Record,Dublin Historical Record,periodical_candidate,bibliographic_metadata_checked,1938,,unknown,Ireland,,journal_source_wikipedia | journal_source_library_e24e9d1f22089016,0012-6861,eng,bibliographic_record,catalogued_title_start,1,4
journal_ea759c416ef0daad,Dubrovnik Annals,Dubrovnik Annals,periodical_candidate,bibliographic_metadata_checked,1997,,unknown,Art history | General history | Social sciences | Social | Sociology | Science and technology,Eastern Europe and Balkans,journal_source_sheet_1389 | journal_source_library_0129002b0537d351 | journal_source_library_6b8f66ba589a256c,1331-3878 | 1848-8153,eng | hrv,bibliographic_record,catalogued_title_start,2,18
journal_532a049a3e8b7875,Dutch Crossing,Dutch Crossing: Journal of Low Countries Studies | Dutch Crossing - Journal of Low Countries Studies | Dutch Crossing-Journal of Low Countries Studies,periodical_candidate,bibliographic_metadata_checked,1977,,unknown,Western Europe,,journal_source_wikipedia | journal_source_sheet_271 | journal_source_ooir | journal_source_library_09ebb6fcae399a8c | journal_source_library_b7e86619a71936d2,0309-6564 | 1759-7854,dut | eng,bibliographic_record,catalogued_title_start,2,8
journal_cbd6a933b40e0219,E-Journal of Portuguese History,E-Journal of Portuguese History,periodical_candidate,bibliographic_metadata_checked,2003,,unknown,Iberia,,journal_source_sheet_1389 | journal_source_library_0492ee43798c2185,1645-6432,eng,bibliographic_record,catalogued_title_start,1,2
journal_c62be8fe4e4e6e85,Early American Studies,Early American Studies,periodical_candidate,bibliographic_metadata_checked,,,unknown,United States,,journal_source_sheet_1389 | journal_source_library_ed2c72b100d6b745 | journal_source_library_d33e9363770dd744,1543-4273,eng,,,2,13
journal_17db694241546b45,Early China,Early China,periodical_candidate,bibliographic_metadata_checked,,,unknown,East Asia,,journal_source_sheet_1389 | journal_source_library_44fa83af13ac144a | journal_source_library_44bd58da50e83870 | journal_source_library_a87a8470f783ddc4,0362-5028 | 2325-2324,chi | eng,,,3,54
journal_96d199037ebb3fbd,Early Medieval China,Early Medieval China,periodical_candidate,bibliographic_metadata_checked,1994,,unknown,East Asia,Middle Ages,journal_source_sheet_1389 | journal_source_library_162fdd77bb613369 | journal_source_library_b027be2515c9993e,1529-9104 | 1946-7842,eng,bibliographic_record,catalogued_title_start,2,13
journal_4037fa4fe9ea5914,Early Medieval Europe,Early Medieval Europe,periodical_candidate,bibliographic_metadata_checked,1992,,unknown,Middle Ages | Middle Ages | Europe,,journal_source_wikipedia | journal_source_sheet_1389 | journal_source_library_eda3c34472192c7f,0963-9462,eng,bibliographic_record,catalogued_title_start,1,12
journal_d88d774823c8e85d,Early Modern French Studies,Early Modern French Studies,periodical_candidate,bibliographic_metadata_checked,,,unknown,Literature | France,Early modern,journal_source_sheet_271 | journal_source_sheet_1389 | journal_source_library_046949f568ccf9b0,2056-3043,eng,,,1,11
journal_b02e7da77e614967,Early Modern Low Countries,Early Modern Low Countries,periodical_candidate,bibliographic_metadata_checked,2017,,unknown,Low Countries,Early modern,journal_source_sheet_1389 | journal_source_library_7ab3a19fd29ac1b7,2543-1587,eng,bibliographic_record,catalogued_title_start,1,4
journal_56000dd1bab1c981,Early Popular Visual Culture,Early Popular Visual Culture,periodical_candidate,bibliographic_metadata_checked,,,unknown,Cultural studies,Visual culture,journal_source_sheet_1389 | journal_source_library_ea6c04bcd5a3cdbb | journal_source_library_b95b2000e0928ed2,1746-0654 | 1746-0662,eng,,,2,30
journal_ce86c0d0153d20cd,Early Science and Medicine,Early Science and Medicine,periodical_candidate,bibliographic_metadata_checked,1996,,unknown,Science and technology | Medicine and health,,journal_source_sheet_1389 | journal_source_library_e30e64cf11ed9861 | journal_source_library_2dcc9eafcbffdf03,1383-7427 | 1573-3823,eng,bibliographic_record,catalogued_title_start,2,33
journal_0257c82057ea7f2c,"East Central and Eastern Europe in the Middle Ages, 450-1450","East Central and Eastern Europe in the Middle Ages, 450-1450",periodical_candidate,title_matched_candidate,,,unknown,,Eastern Europe and Balkans | Middle Ages,journal_source_sheet_1389,,,,,0,0
journal_0aa5f8709a0dfd0f,East Central Europe,East Central Europe,periodical_candidate,bibliographic_metadata_checked,1974,,unknown,Eastern Europe and Balkans | Central Europe,Europe,journal_source_sheet_1389 | journal_source_library_18e14341311dde9d | journal_source_library_48c6f3c582ee7a7c | journal_source_library_d6699a993a4143c6,0094-3037 | 1876-3308,eng | fre | ger | ita | rus,bibliographic_record,catalogued_title_start,3,8
journal_c449c05671f88fb5,East European Jewish Affairs,East European Jewish Affairs,periodical_candidate,bibliographic_metadata_checked,,,unknown,Jewish studies | Russia and Eurasia | Eastern Europe and Balkans,,journal_source_sheet_271 | journal_source_sheet_1389 | journal_source_ooir | journal_source_library_fa0a26caa2ae8e12 | journal_source_library_fc49c7f1ceff7a1d,1350-1674,eng,,,2,30
journal_f4e45bc1e1a76bdd,Eastern Journal of European Studies,Eastern Journal of European Studies,periodical_candidate,title_matched_candidate,,,unknown,,Europe,journal_source_sheet_1389,,,,,0,0
journal_f8d63bb2f156054d,Echa Przeszlosci,Echa Przeszlosci,periodical_candidate,title_matched_candidate,,,unknown,,,journal_source_sheet_1389,,,,,0,0
journal_e391690d1620df07,Economic History of Developing Regions,Economic History of Developing Regions,periodical_candidate,bibliographic_metadata_checked,,,unknown,"Business, labor and economics",,journal_source_sheet_1389 | journal_source_library_3a9a10616e86bd70 | journal_source_library_b569e9131f413a67,2078-0389 | 2078-0397,eng,,,2,15
journal_eb8166607148d5f9,Economy and Society,Economy and Society,periodical_candidate,title_matched_candidate,,,unknown,,Social,journal_source_sheet_1389,,,,,0,0
journal_2f149169331d4289,Edad Media,Edad Media,periodical_candidate,bibliographic_metadata_checked,1998,,unknown,Middle Ages | Iberia | Europe,,journal_source_sheet_1389 | journal_source_library_11e4c98adb07ece6 | journal_source_library_bb36746e8ecec29e,1138-9621 | 2530-6448,eng | fre | ita | por | spa,bibliographic_record,catalogued_title_start,2,17
journal_34d94e5b6393875c,Edinburgh Law Review,Edinburgh Law Review,periodical_candidate,bibliographic_metadata_checked,1996,,unknown,Legal,,journal_source_sheet_1389 | journal_source_library_8079d7ba9dd4f3ce | journal_source_library_e9ba3b0afbb1c349,1364-9809 | 1755-1692,eng,bibliographic_record,catalogued_title_start,2,18
journal_364561717a2c95e5,Education and Culture,Education and Culture,periodical_candidate,title_matched_candidate,,,unknown,,,journal_source_sheet_1389,,,,,0,0
journal_8339551331fc6d7d,Eidola,Eidola,periodical_candidate,title_matched_candidate,,,unknown,,,journal_source_sheet_1389,,,,,0,0
journal_be8760a9bb1f774e,Eighteenth-Century Ireland,Eighteenth-Century Ireland,periodical_candidate,bibliographic_metadata_checked,1986,,unknown,Ireland,,journal_source_wikipedia | journal_source_library_468a20b8b037b2cf,0790-7915,eng,bibliographic_record,catalogued_title_start,1,5
journal_0e7d57e126ed1534,Eighteenth-Century Life,Eighteenth-Century Life,periodical_candidate,bibliographic_metadata_checked,1974,,unknown,Social,Eighteenth century,journal_source_sheet_1389 | journal_source_library_ec054192239f3c51,0098-2601,eng,bibliographic_record,catalogued_title_start,1,4
journal_208547bb1918b2de,Eighteenth-Century Studies,Eighteenth-Century Studies,periodical_candidate,bibliographic_metadata_checked,1967,,unknown,Modern and contemporary,,journal_source_wikipedia | journal_source_library_83cd18e83be4ba83 | journal_source_library_bca7d4c84364f284,0013-2586 | 1086-315X,eng,bibliographic_record,catalogued_title_start,2,15
journal_b0311b73356b3734,Eikon Imago,Eikon Imago,periodical_candidate,title_matched_candidate,,,unknown,Art history,,journal_source_sheet_1389,,,,,0,0
journal_b87bc42725143f37,Electrum,Electrum,periodical_candidate,bibliographic_metadata_checked,1997,,unknown,Ancient,,journal_source_sheet_1389 | journal_source_library_73918498687ff975,1897-3426,eng,bibliographic_record,catalogued_title_start,1,2
journal_f21012ba606591ad,ELH - English Literary History,ELH - English Literary History,periodical_candidate,title_matched_candidate,,,unknown,,,journal_source_sheet_1389,,,,,0,0
journal_2bfcfec34b450c05,En la Espana Medieval,En la Espana Medieval,periodical_candidate,title_matched_candidate,,,unknown,Iberia | Middle Ages,,journal_source_sheet_1389,,,,,0,0
journal_bd8e228a1ec42cb5,En-Claves del Pensamiento,En-Claves del Pensamiento,periodical_candidate,title_matched_candidate,,,unknown,Humanities | Philosophy,,journal_source_sheet_1389,,,,,0,0
journal_16a25dde320965ca,Encounters in Theory and History of Education,Encounters in Theory and History of Education,periodical_candidate,bibliographic_metadata_checked,,,unknown,Education,,journal_source_sheet_1389 | journal_source_library_1d61bbaf0e2f08b5,2560-8371,eng | fre | spa,,,1,4
journal_27097ff9cc5aef50,Encuentros (Maracaibo),Encuentros (Maracaibo),periodical_candidate,title_matched_candidate,,,unknown,,,journal_source_sheet_1389,,,,,0,0
journal_1bb0722ee81baad1,English Academy Review,English Academy Review,periodical_candidate,bibliographic_metadata_checked,1983,,unknown,Literature,,journal_source_sheet_1389 | journal_source_library_ab53978e86d11b97 | journal_source_library_023f11f7de1ebce4,1013-1752 | 1753-5360,eng,bibliographic_record,catalogued_title_start,2,20
journal_1e0ad8bf040c6005,English in Australia,English in Australia,periodical_candidate,title_matched_candidate,,,unknown,,Australasia and Oceania,journal_source_sheet_1389,,,,,0,0
journal_7c7978abd4f86902,Enquiry,Enquiry,periodical_candidate,title_matched_candidate,,,unknown,,,journal_source_sheet_1389,,,,,0,0
journal_76751e8aa3c9aef9,Entangled Religions,Entangled Religions,periodical_candidate,title_matched_candidate,,,unknown,,Religion,journal_source_sheet_1389,,,,,0,0
journal_805acfa65470a411,Enterprise and Society,Enterprise and Society,periodical_candidate,bibliographic_metadata_checked,,,unknown,"Business, labor and economics",,journal_source_wikipedia | journal_source_sheet_1389 | journal_source_library_f6f0298a52ccde23,1467-2227,eng,,,1,13
journal_d2ba6f0dddefaf57,Entreprises et Histoire,Entreprises et Histoire,periodical_candidate,bibliographic_metadata_checked,1992,,unknown,"Business, labor and economics",,journal_source_sheet_1389 | journal_source_library_414d5177da406469,2100-9864,fre,bibliographic_record,catalogued_title_start,1,4
journal_25b3b25c0672ff34,Environment and History,Environment and History,research_journal,bibliographic_metadata_checked,1995,,unknown,Science and technology | Environment,,journal_source_sheet_271 | journal_source_sheet_1389 | journal_source_ooir | journal_source_library_3b4e53c6f7256e8f | journal_source_environment_history_foundation,0967-3407,eng,bibliographic_record,catalogued_title_start,1,18
journal_b8bc3aaecbd1501f,Environmental History,Environmental History,research_journal,bibliographic_metadata_checked,,,unknown,Environment,,journal_source_wikipedia | journal_source_sheet_271 | journal_source_sheet_1389 | journal_source_ooir | journal_source_library_75c6d636d82f505a | journal_source_venue_review_aseh_venue_history | journal_source_oup_environmental_merger,1084-5453,eng,,,1,8
journal_da3e1488fa742168,Ephemerides Theologicae Lovanienses,Ephemerides Theologicae Lovanienses,periodical_candidate,bibliographic_metadata_checked,1924,,unknown,Religion | Legal,,journal_source_sheet_1389 | journal_source_library_c31e356c3ca07ab7 | journal_source_library_983ccd179f7e39c8,0013-9513 | 1783-1423,eng | fre | ger | lat,bibliographic_record,catalogued_title_start,2,14
journal_a078cb453bea6a9a,Erasmus of Rotterdam Society Yearbook,Erasmus of Rotterdam Society Yearbook,periodical_candidate,title_matched_candidate,,,unknown,,,journal_source_sheet_1389,,,,,0,0
journal_9bdf59e0bec31bfc,Erga-Logoi,Erga-Logoi,periodical_candidate,title_matched_candidate,,,unknown,,,journal_source_sheet_1389,,,,,0,0
journal_fec8730d1b37f6d3,Erudition and the Republic of Letters,Erudition and the Republic of Letters,periodical_candidate,bibliographic_metadata_checked,2016,,unknown,Ideas and historiography,,journal_source_sheet_1389 | journal_source_library_59e32badbf861c00 | journal_source_library_0bc1f804cab3ba10,2405-5050 | 2405-5069,eng,bibliographic_record,catalogued_title_start,2,8
journal_062ee3e11609621d,Esbocos,Esbocos,periodical_candidate,title_matched_candidate,,,unknown,Global history | Transnational studies,,journal_source_sheet_1389,,,,,0,0
journal_15647734b063146c,"Espacio, Tiempo y Educacion","Espacio, Tiempo y Educacion",periodical_candidate,title_matched_candidate,,,unknown,,Education,journal_source_sheet_1389,,,,,0,0
journal_138ef0550d040b08,"Espacio, Tiempo y Forma, Serie III: Historia Medieval","Espacio, Tiempo y Forma, Serie III: Historia Medieval",periodical_candidate,title_matched_candidate,,,unknown,General history | Middle Ages,,journal_source_sheet_1389,,,,,0,0
journal_2a7f02c378e134de,"Espacio, Tiempo y Forma, Serie VII: Historia del Arte","Espacio, Tiempo y Forma, Serie VII: Historia del Arte",periodical_candidate,title_matched_candidate,,,unknown,Art | Art history,,journal_source_sheet_1389,,,,,0,0
journal_732a73a98f998df2,Essays in Economic & Business History,Essays in Economic & Business History,periodical_candidate,bibliographic_metadata_checked,1978,,unknown,"Business, labor and economics",,journal_source_wikipedia | journal_source_library_6041a4c7cc6e671a | journal_source_library_4cd0c5af4abdaaa3,0896-226X,eng,bibliographic_record,catalogued_title_start,2,8
journal_dc064f47d19e6ee7,Estudios Atacamenos,Estudios Atacamenos,periodical_candidate,title_matched_candidate,,,unknown,,Latin America and Caribbean,journal_source_sheet_271 | journal_source_sheet_1389 | journal_source_ooir,,,,,0,0
journal_cd219d3e0088d059,Estudios de Historia Moderna Contemporanea de Mexico,Estudios de Historia Moderna Contemporanea de Mexico,periodical_candidate,title_matched_candidate,,,unknown,,Latin America and Caribbean,journal_source_sheet_1389,,,,,0,0
journal_642a019eb8c47e87,Estudios de Literatura Colombiana,Estudios de Literatura Colombiana,periodical_candidate,bibliographic_metadata_checked,1997,,unknown,,Latin America and Caribbean,journal_source_sheet_1389 | journal_source_library_ff86cee7a1a45759 | journal_source_library_edba7ecffaef6898,0123-4412,eng | spa,bibliographic_record,catalogued_title_start,2,10
journal_328143f98396b9b5,Estudios de Teoria Literaria,Estudios de Teoria Literaria,periodical_candidate,title_matched_candidate,,,unknown,,Literature,journal_source_sheet_1389,,,,,0,0
journal_22357afdb3343d11,Estudios Fronterizos,Estudios Fronterizos,periodical_candidate,bibliographic_metadata_checked,,,unknown,Mexico | United States,,journal_source_sheet_1389 | journal_source_library_a9209269e8327835 | journal_source_library_87a2e3ec95ab39de,0187-6961,spa,,,2,35
journal_c4d12e0348c17c07,Estudos Historicos,Estudos Historicos,periodical_candidate,title_matched_candidate,,,unknown,General history,,journal_source_sheet_1389,,,,,0,0
journal_dd5aeee8c86c93fa,Estudos Ibero-Americanos,Estudos Ibero-Americanos,periodical_candidate,bibliographic_metadata_checked,1975,,unknown,Iberia | Latin America and Caribbean,Iberoamerica,journal_source_sheet_271 | journal_source_sheet_1389 | journal_source_ooir | journal_source_library_f9bc4de3dd1c1ce9 | journal_source_library_376a2c7a6c9d58fd,0101-4064,eng | por | spa,bibliographic_record,catalogued_title_start,2,13
journal_e6929b124f9137bc,Ethnohistory,Ethnohistory,research_journal,bibliographic_metadata_checked,1954,,unknown,Indigenous studies,Anthropology and ethnography,journal_source_sheet_271 | journal_source_sheet_1389 | journal_source_ooir | journal_source_library_d49dff43e2a45efb | journal_source_venue_116_ethnohistory60 | journal_source_venue_116_ethnohistory_society,0014-1801,eng,bibliographic_record,catalogued_title_start,1,22
journal_decbe0c0ca8507c0,Ethnopolitics,Ethnopolitics,periodical_candidate,bibliographic_metadata_checked,,,unknown,,Politics and public policy,journal_source_sheet_1389 | journal_source_library_01c4770479df8a98,1744-9057,eng,,,1,6
journal_ca0548df75402ac0,Etnografia,Etnografia,periodical_candidate,title_matched_candidate,,,unknown,,Anthropology and ethnography,journal_source_sheet_1389,,,,,0,0
journal_cef4ca11b205ebfa,Etnolog,Etnolog,periodical_candidate,bibliographic_metadata_checked,,,unknown,Anthropology and ethnography,,journal_source_sheet_1389 | journal_source_library_7d81ed85e7b73bea | journal_source_library_e71769925b4b5d11,0354-0316,eng | slv,,,2,11
journal_4b3d75b704d840fc,eTropic,eTropic,periodical_candidate,title_matched_candidate,,,unknown,,,journal_source_sheet_1389,,,,,0,0
journal_d125d4b01feeaab4,Etudes Classiques,Etudes Classiques,periodical_candidate,title_matched_candidate,,,unknown,,Classical,journal_source_sheet_1389,,,,,0,0
journal_1e38099227586158,Etudes Rurales,Etudes Rurales,periodical_candidate,title_matched_candidate,,,unknown,,Rural and agricultural,journal_source_sheet_1389,,,,,0,0
journal_f68038c2fadc6417,Europe-Asia Studies,Europe-Asia Studies,periodical_candidate,bibliographic_metadata_checked,,,unknown,Slavic studies | Eastern Europe and Balkans | Russia and Eurasia,Europe | Asia,journal_source_sheet_1389 | journal_source_library_2d276541bbc2d8af | journal_source_library_d2924668a033b057,0966-8136 | 1465-3427,eng,,,2,52
journal_d89f848191e82249,European Accounting Review,European Accounting Review,periodical_candidate,bibliographic_metadata_checked,1992,,unknown,"Business, labor and economics",,journal_source_sheet_1389 | journal_source_library_6034d40830da518a | journal_source_library_7cf8632c4cdf5062,0963-8180 | 1468-4497,eng,bibliographic_record,catalogued_title_start,2,27
journal_07d22e9c6b79ee21,European History Quarterly,European History Quarterly,periodical_candidate,bibliographic_metadata_checked,,,unknown,Europe,,journal_source_wikipedia | journal_source_sheet_271 | journal_source_sheet_1389 | journal_source_ooir | journal_source_library_f96e4000a16953b6,0265-6914,eng,,,1,4
journal_a9e5d4e18a612b75,European Journal of American Culture,European Journal of American Culture,periodical_candidate,bibliographic_metadata_checked,,,unknown,United States,,journal_source_sheet_1389 | journal_source_library_beade72a110e77ef | journal_source_library_a6649c3a0b6fe957,1466-0407 | 1758-9118,eng,,,2,12
journal_2e933f778aa1f27f,European Journal of American Studies,European Journal of American Studies,periodical_candidate,title_matched_candidate,,,unknown,,United States,journal_source_sheet_1389,,,,,0,0
journal_5d2d7b82e0071552,European Journal of East Asian Studies,European Journal of East Asian Studies,periodical_candidate,bibliographic_metadata_checked,,,unknown,East Asia,,journal_source_sheet_1389 | journal_source_library_ca21fc15882160a2 | journal_source_library_78bf1abc1cf00764 | journal_source_library_f929fdfb8e64d9f4,1568-0584 | 1570-0615,eng,,,3,18
journal_c755e4721eafb001,European Journal of Jewish Studies,European Journal of Jewish Studies,periodical_candidate,bibliographic_metadata_checked,,,unknown,Jewish studies,,journal_source_sheet_271 | journal_source_sheet_1389 | journal_source_library_954479601fdcf3e2 | journal_source_library_b70465687299891c,1872-471X | 2213-4972,eng,,,2,10
journal_680f8e3ac13cbe55,European Judaism,European Judaism,periodical_candidate,bibliographic_metadata_checked,1966,,unknown,Jewish studies,Europe,journal_source_sheet_1389 | journal_source_library_b210d0e7589a78e7,0014-3006,eng,bibliographic_record,catalogued_title_start,1,4
journal_0ebee45b1bd49277,European Legacy,European Legacy,periodical_candidate,title_matched_candidate,,,unknown,,,journal_source_sheet_1389,,,,,0,0
journal_7779b0949c5eba6b,European Review of Economic History,European Review of Economic History,periodical_candidate,bibliographic_metadata_checked,1997,,unknown,"Business, labor and economics | Europe",,journal_source_wikipedia | journal_source_sheet_1389 | journal_source_library_dcc0b19abcc1c4d6,1361-4916,eng,bibliographic_record,catalogued_title_start,1,9
journal_fe3758f7a5626a04,European Review of History,European Review of History: Revue européenne d'histoire | European Review of History - Revue Europeenne d’Histoire | European Review of History/Revue Europeenne d'Histoire | European Review of History-Revue Europeenne d'Histoire,periodical_candidate,bibliographic_metadata_checked,1994,,unknown,Europe,,journal_source_wikipedia | journal_source_sheet_271 | journal_source_sheet_1389 | journal_source_ooir | journal_source_library_cfc2e8a835aa10ea,1469-8293,eng,bibliographic_record,catalogued_title_start,1,3
journal_0596c846fc977865,European Review of Latin American and Caribbean Studies,European Review of Latin American and Caribbean Studies,periodical_candidate,title_matched_candidate,,,unknown,,Latin America and Caribbean,journal_source_sheet_1389,,,,,0,0
journal_c371f5822c661826,European Yearbook of the History of Psychology,European Yearbook of the History of Psychology,periodical_candidate,bibliographic_metadata_checked,2015,,unknown,,,journal_source_sheet_1389 | journal_source_library_c7bbd3eaa7bf97a1,2295-5267,eng,bibliographic_record,catalogued_title_start,1,4
journal_25fe68c2c0186186,Explorations in Economic History,Explorations in Economic History,periodical_candidate,bibliographic_metadata_checked,,,unknown,"Business, labor and economics",,journal_source_sheet_1389 | journal_source_library_baf592d46d416991,0014-4983,eng,,,1,8
journal_40edc7a88ffaf34f,Explorations in Renaissance Culture,Explorations in Renaissance Culture,periodical_candidate,bibliographic_metadata_checked,1974,,unknown,,Early modern,journal_source_sheet_1389 | journal_source_library_dc8e1b280b6d2798 | journal_source_library_e92653b421149f3b | journal_source_library_88f8592db61f2638,0098-2474 | 2352-6963,eng,bibliographic_record,catalogued_title_start,3,11
journal_757056d67864f4e8,Family and Community History,Family and Community History,periodical_candidate,bibliographic_metadata_checked,1998,,unknown,Demography and family | Sociology,,journal_source_sheet_1389 | journal_source_library_f0db337ee41f7be1 | journal_source_library_3387ada54e4bdf2b | journal_source_library_f7d5bab4dd438763,1463-1180 | 1751-3812,eng,bibliographic_record,catalogued_title_start,3,27
journal_07fb7efaeeedc709,Fascism,Fascism,periodical_candidate,bibliographic_metadata_checked,2012,,unknown,,Politics and public policy,journal_source_sheet_1389 | journal_source_library_84e2e35cfdad6ec6,2211-6257,eng,bibliographic_record,catalogued_title_start,1,2
journal_da5a37fb6cb474b8,Feminist Media Histories,Feminist Media Histories,periodical_candidate,title_matched_candidate,,,unknown,,Gender and sexuality | Media and books,journal_source_sheet_1389,,,,,0,0
journal_1bf8df84e3283ad5,Feminist Studies,Feminist Studies,research_journal,bibliographic_metadata_checked,1972,,unknown,Women and gender studies,,journal_source_wikipedia | journal_source_library_342c92da66c7485b | journal_source_feminist_studies_foundation | journal_source_venue_review_feminist_studies | journal_source_venue_review_signs40,0046-3663,eng,bibliographic_record,catalogued_title_start,1,13
journal_7d661918209204ff,Film & History,Film & History | Film and History,periodical_candidate,bibliographic_metadata_checked,,,unknown,Media and books,,journal_source_wikipedia | journal_source_sheet_1389 | journal_source_library_c50060220a3a3382,0360-3695,eng,,,1,9
journal_9e86406ba9f46e4a,Film Fashion and Consumption,Film Fashion and Consumption,periodical_candidate,bibliographic_metadata_checked,,,unknown,,,journal_source_sheet_1389 | journal_source_library_e6a68616b1c9d3a7 | journal_source_library_e75eefd351548d53,2044-2823 | 2044-2831,eng,,,2,23
journal_8bc721994b7c2c49,Film History: An International Journal,Film History: An International Journal,periodical_candidate,title_matched_candidate,,,unknown,,Media and books,journal_source_sheet_1389,,,,,0,0
journal_4d90cfa5e7971a90,Filosofia Politica,Filosofia Politica,periodical_candidate,title_matched_candidate,,,unknown,,Politics and public policy,journal_source_sheet_1389,,,,,0,0
journal_fb7c54729a1abec4,Filosofiya. Zhurnal Vysshey Shkoly Ekonomiki,Filosofiya. Zhurnal Vysshey Shkoly Ekonomiki,periodical_candidate,title_matched_candidate,,,unknown,,,journal_source_sheet_1389,,,,,0,0
journal_ecbd320c8d6e9372,Financial History Review,Financial History Review,periodical_candidate,bibliographic_metadata_checked,1994,,unknown,"Business, labor and economics",,journal_source_wikipedia | journal_source_sheet_1389 | journal_source_library_dfd9fe58a9c1e015,0968-5650,eng,bibliographic_record,catalogued_title_start,1,19
journal_3ff498241f0fb6c6,First World War Studies,First World War Studies,periodical_candidate,bibliographic_metadata_checked,2010,,unknown,,World Wars,journal_source_sheet_1389 | journal_source_library_96e9d08fa5194626 | journal_source_library_95400ecf7ef27f7d,1947-5020 | 1947-5039,eng,bibliographic_record,catalogued_title_start,2,3
journal_b98f6b1edace9f24,Florida Historical Quarterly,Florida Historical Quarterly,periodical_candidate,bibliographic_metadata_checked,,,unknown,United States,,journal_source_wikipedia | journal_source_library_b8373f1116e77cf2 | journal_source_library_b63fbe17c2870923,0015-4113,eng,,,2,4
journal_16825cca2ba632e0,Folklor/Edebiyat,Folklor/Edebiyat,periodical_candidate,title_matched_candidate,,,unknown,,Folklore,journal_source_sheet_1389,,,,,0,0
journal_48bdab03a9a997f9,Folklore,Folklore,periodical_candidate,title_matched_candidate,,,unknown,,Folklore,journal_source_sheet_1389,,,,,0,0
journal_d529db383a51b85a,Food & History,Food & History | Food and History,periodical_candidate,bibliographic_metadata_checked,2003,,unknown,Food history,,journal_source_wikipedia | journal_source_sheet_1389 | journal_source_library_4c3bdfb2b682fc5b,2034-2101,eng | fre | ger | ita,bibliographic_record,catalogued_title_start,1,10
journal_98c4b1875841a216,Fornvannen,Fornvannen,periodical_candidate,title_matched_candidate,,,unknown,,,journal_source_sheet_1389,,,,,0,0
journal_f5cb7347dfc1a175,Fornvannen - Journal of Swedish Antiquarian Research,Fornvannen - Journal of Swedish Antiquarian Research,periodical_candidate,title_matched_candidate,,,unknown,,Archaeology,journal_source_sheet_271,,,,,0,0
journal_b5cc1afac0a59b60,Forum Historiae,Forum Historiae,periodical_candidate,bibliographic_metadata_checked,2007,,unknown,General history,,journal_source_sheet_1389 | journal_source_library_5eca07c1f8bb55cd,1337-6861,cze | eng | slo,bibliographic_record,catalogued_title_start,1,2
journal_e11b281d5a415c8f,Forum Stadt,Forum Stadt,periodical_candidate,title_matched_candidate,,,unknown,,Urban,journal_source_sheet_1389,,,,,0,0
journal_0eeb96ba5cdd271f,Fotocinema,Fotocinema,periodical_candidate,title_matched_candidate,,,unknown,,Media and books,journal_source_sheet_1389,,,,,0,0
journal_92c48c1e19b1b5f5,Franciscan Studies,Franciscan Studies,periodical_candidate,bibliographic_metadata_checked,1924,,unknown,,Religion,journal_source_sheet_1389 | journal_source_library_e1e15b364f30de67 | journal_source_library_ef37dec118511985,0080-5459 | 1945-9718,eng,bibliographic_record,catalogued_title_start,2,11
journal_d0aa0fce346501e1,French Colonial History,French Colonial History,periodical_candidate,bibliographic_metadata_checked,,,unknown,France,Colonialism and empire,journal_source_sheet_1389 | journal_source_library_7470c7baa9669de7,1539-3402,eng,,,1,6
journal_0428730c47903c7d,French Cultural Studies,French Cultural Studies,periodical_candidate,bibliographic_metadata_checked,1990,,unknown,France,Cultural studies,journal_source_sheet_1389 | journal_source_library_7ab061c7803ca7e5,0957-1558,eng,bibliographic_record,catalogued_title_start,1,5
journal_f522caac01d8a34a,French Historical Studies,French Historical Studies,periodical_candidate,bibliographic_metadata_checked,1958,,unknown,Western Europe | France,,journal_source_wikipedia | journal_source_sheet_271 | journal_source_sheet_1389 | journal_source_ooir | journal_source_library_1dec682b1019692e | journal_source_library_43930c27db8b7e06,0016-1071 | 1527-5493,eng | fre,bibliographic_record,catalogued_title_start,2,16
journal_798c8a7ecbd4ce8b,French History,French History,periodical_candidate,bibliographic_metadata_checked,1987,,unknown,Western Europe | France,,journal_source_wikipedia | journal_source_sheet_271 | journal_source_sheet_1389 | journal_source_ooir | journal_source_library_e3b07057d787ccd5,0269-1191,eng,bibliographic_record,catalogued_title_start,1,7
journal_1c3912c53155d86b,"French Politics, Cuture & Society","French Politics, Cuture & Society",periodical_candidate,title_matched_candidate,,,unknown,,Politics and public policy,journal_source_sheet_1389,,,,,0,0
journal_14093fc50df76980,French Studies,French Studies,periodical_candidate,title_matched_candidate,,,unknown,Western Europe,,journal_source_wikipedia | journal_source_sheet_1389,,,,,0,0
journal_0a25ba91e856b2ea,French Studies Bulletin,French Studies Bulletin,periodical_candidate,bibliographic_metadata_checked,,,unknown,Literature,France,journal_source_sheet_1389 | journal_source_library_eeb25f68f107eb24 | journal_source_library_f5038ec50c65e4fd,0262-2750,eng,,,2,7
journal_d9b4415efa8a311d,Fronteras de la Historia,Fronteras de la Historia,periodical_candidate,bibliographic_metadata_checked,,,unknown,Latin America and Caribbean | Colonial period | Colonialism and empire | Social sciences | Colombia | Iberia,,journal_source_sheet_1389 | journal_source_library_9d47fdcb80329bea,2027-4688,spa,,,1,12
journal_3979fc76be7c4768,Frontiers of History in China,Frontiers of History in China,periodical_candidate,bibliographic_metadata_checked,2006,,unknown,East Asia,,journal_source_sheet_1389 | journal_source_library_256ed4d4aebacb21 | journal_source_library_d2183f382d7b9e52,1673-3401 | 1673-3525,eng,bibliographic_record,catalogued_title_start,2,6
journal_83ee1e42706363af,Future Anterior,Future Anterior,periodical_candidate,title_matched_candidate,,,unknown,,,journal_source_sheet_1389,,,,,0,0
journal_f7de2160d9ac35f9,Futuro del Pasado,Futuro del Pasado,periodical_candidate,title_matched_candidate,,,unknown,,,journal_source_sheet_1389,,,,,0,0
journal_7dcb7152872174a0,FWU Journal of Social Sciences,FWU Journal of Social Sciences,periodical_candidate,bibliographic_metadata_checked,2007,,unknown,Social sciences,,journal_source_sheet_1389 | journal_source_library_f953a74061225632,1995-1272,eng,bibliographic_record,catalogued_title_start,1,5
journal_b11c1887d3a97059,Galilaeana,Galilaeana,periodical_candidate,title_matched_candidate,,,unknown,,,journal_source_sheet_1389,,,,,0,0
journal_95ada30638079ea4,Gazette des Archives,Gazette des Archives,periodical_candidate,title_matched_candidate,,,unknown,,Archives,journal_source_sheet_1389,,,,,0,0
journal_a00c9347fa743603,Gender & History,Gender & History | Gender and History,research_journal,publisher_metadata_checked,1989,,unknown,Women and gender studies | gender | women,,journal_source_wikipedia | journal_source_sheet_271 | journal_source_sheet_1389 | journal_source_ooir | journal_source_wiley_gender | journal_source_library_9f6f8d6cfdd11cec | journal_source_library_33878c8f03dcf3a9 | journal_source_gender_history_foundation | journal_source_venue_review_signs40,0953-5233 | 1468-0424,eng,bibliographic_record,catalogued_title_start,2,67
journal_178fd6aa51d47fb2,Geneses,Geneses,periodical_candidate,title_matched_candidate,,,unknown,,,journal_source_sheet_1389,,,,,0,0
journal_263b4de58d393d76,"Geopolitics, History, and International Relations","Geopolitics, History, and International Relations",periodical_candidate,bibliographic_metadata_checked,2009,,unknown,International relations and diplomatic | General history,Politics and public policy,journal_source_sheet_1389 | journal_source_library_3ba1bf7df76f9960,1948-9145,eng,bibliographic_record,catalogued_title_start,1,9
journal_203e78b9a3a9da27,Georgia Historical Quarterly,Georgia Historical Quarterly,periodical_candidate,title_matched_candidate,,,unknown,United States,,journal_source_wikipedia,,,,,0,0
journal_42bfb044dd6ea86d,Gephyra,Gephyra,periodical_candidate,bibliographic_metadata_checked,2004,,unknown,Turkey | Middle East,,journal_source_sheet_1389 | journal_source_library_f722d7d27cdd6c82 | journal_source_library_29bfaedf5e354605,1309-3924,ger,bibliographic_record,catalogued_title_start,2,22
journal_6973a212fd33438b,Gerion,Gerion,periodical_candidate,title_matched_candidate,,,unknown,,,journal_source_sheet_1389,,,,,0,0
journal_2ca233896bf4df50,German Historical Institute London Bulletin,German Historical Institute London Bulletin,periodical_candidate,title_matched_candidate,,,unknown,,,journal_source_sheet_1389,,,,,0,0
journal_e36f736779fd97b7,German History,German History,periodical_candidate,bibliographic_metadata_checked,1984,,unknown,Western Europe | German-speaking Europe,,journal_source_wikipedia | journal_source_sheet_271 | journal_source_sheet_1389 | journal_source_ooir | journal_source_library_31c1e0e5dfd41e22,0266-3554,eng,bibliographic_record,catalogued_title_start,1,4
journal_dceb22f23b7e8ebd,German Politics and Society,German Politics and Society,periodical_candidate,title_matched_candidate,,,unknown,,German-speaking Europe | Politics and public policy,journal_source_sheet_1389,,,,,0,0
journal_69a2877f98bab7a1,German Studies Review,German Studies Review,periodical_candidate,bibliographic_metadata_checked,1978,,unknown,Western Europe | German-speaking Europe,,journal_source_wikipedia | journal_source_library_0a2e944a7f436aa1,0149-7952,eng,bibliographic_record,catalogued_title_start,1,3
journal_a67e93621de863b1,Geschichte und Gesellschaft,Geschichte und Gesellschaft,research_journal,bibliographic_metadata_checked,1975,,unknown,Social sciences,Social,journal_source_sheet_271 | journal_source_sheet_1389 | journal_source_library_1e6714e7601c8b8d | journal_source_library_407fadc73ec164b2 | journal_source_gg_founders_preface,0340-613X | 2196-9000,ger,bibliographic_record,catalogued_title_start,2,9
journal_248bd9bc2ffb6732,Getty Research Journal,Getty Research Journal,periodical_candidate,bibliographic_metadata_checked,,,unknown,Art,,journal_source_sheet_1389 | journal_source_library_60c9fcf3d1d0518e | journal_source_library_91cf8ef92bf75ec4,1944-8740 | 2329-1249,eng,,,2,43
journal_7a73310b46e86f18,Giornale di Storia Costituzionale,Giornale di Storia Costituzionale,periodical_candidate,bibliographic_metadata_checked,2001,,unknown,,Legal,journal_source_sheet_1389 | journal_source_library_ccaaf15541d845e0 | journal_source_library_ee23a8b9ad7fc6b3,1593-0793,ita,bibliographic_record,catalogued_title_start,2,7
journal_655834095fdcc679,Gladius,Gladius,periodical_candidate,bibliographic_metadata_checked,1961,,unknown,Military,,journal_source_sheet_271 | journal_source_sheet_1389 | journal_source_library_11ee0b81531de4e3 | journal_source_library_511d7566838ce044,0436-029X | 1988-4168,eng | fra | fre | spa,bibliographic_record,catalogued_title_start,2,15
journal_d20fc27000f3d220,Global Constitutionalism,Global Constitutionalism,periodical_candidate,bibliographic_metadata_checked,2012,,unknown,,Legal,journal_source_sheet_1389 | journal_source_library_3bf0e06dd1e5db0f,2045-3825,eng,bibliographic_record,catalogued_title_start,1,9
journal_98ba9d1de9eef297,Global Environment,Global Environment,periodical_candidate,bibliographic_metadata_checked,2008,,unknown,Environment,,journal_source_sheet_1389 | journal_source_library_f3df769df01a2ee9 | journal_source_library_6f1513ee1302540f,1973-3739 | 2053-7352,eng,bibliographic_record,catalogued_title_start,2,22
journal_2601706da5173a25,Global Intellectual History,Global Intellectual History,periodical_candidate,bibliographic_metadata_checked,2016,,unknown,Ideas and historiography,,journal_source_sheet_1389 | journal_source_library_2e8fffd973ecf377,2380-1883,eng,bibliographic_record,catalogued_title_start,1,2
journal_ad5c79abbd9dcc80,Glossae,Glossae,periodical_candidate,bibliographic_metadata_checked,1988,,unknown,Legal,,journal_source_sheet_1389 | journal_source_library_ebda8486c24a261c,0214-669X,spa,bibliographic_record,catalogued_title_start,1,5
journal_619b7173025ad490,Glottotheory,Glottotheory,periodical_candidate,bibliographic_metadata_checked,2008,,unknown,Language and linguistics,,journal_source_sheet_1389 | journal_source_library_abd68fb4c51a5903 | journal_source_library_69f05da21037cf90,2196-6907,ger,bibliographic_record,catalogued_title_start,2,4
journal_12a53f2b567d7197,Gothic Studies,Gothic Studies,periodical_candidate,bibliographic_metadata_checked,1999,,unknown,,,journal_source_sheet_1389 | journal_source_library_49d468cf043cd0a8,1362-7937,eng,bibliographic_record,catalogued_title_start,1,10
journal_2e249e91aa6f1928,Graeco-Latina Brunensia,Graeco-Latina Brunensia,periodical_candidate,bibliographic_metadata_checked,,,unknown,Archaeology | Language and linguistics | Ancient | Classical studies,Classical,journal_source_sheet_1389 | journal_source_library_08c5b16bf81b3b9d,1803-7402,cze,,,1,7
journal_f67fc612299ec4e3,"Greek, Roman and Byzantine Studies","Greek, Roman and Byzantine Studies",periodical_candidate,bibliographic_metadata_checked,,,unknown,Greece | Classical studies,Ancient | Middle Ages,journal_source_sheet_1389 | journal_source_library_4f379fd18c8efefb,0017-3916,eng,,,1,7
journal_0ad8e0f3d821d733,Grotiana,Grotiana,periodical_candidate,bibliographic_metadata_checked,1980,,unknown,,,journal_source_sheet_1389 | journal_source_library_022896812d515dd8 | journal_source_library_483dec32a755f907,0167-3831 | 1876-0759,eng,bibliographic_record,catalogued_title_start,2,6
journal_99379fa5fda6b451,Guerres Mondiales et Conflicts Contemporains,Guerres Mondiales et Conflicts Contemporains,periodical_candidate,title_matched_candidate,,,unknown,,World Wars | Military,journal_source_sheet_1389,,,,,0,0
journal_70e76363b3fe29d9,Guerres Mondiales et Conflits Contemporains,Guerres Mondiales et Conflits Contemporains,periodical_candidate,bibliographic_metadata_checked,,,unknown,International relations and diplomatic,World Wars | Military,journal_source_sheet_271 | journal_source_ooir | journal_source_library_90fe6603f82a175b,0984-2292,fre,,,1,17
journal_635f114686ba0b80,Hagiographica,Hagiographica,periodical_candidate,title_matched_candidate,,,unknown,,Religion,journal_source_sheet_1389,,,,,0,0
journal_0f95cbece950c380,Hali,Hali,periodical_candidate,title_matched_candidate,,,unknown,,,journal_source_sheet_1389,,,,,0,0
journal_b5bc1b2839197574,Hamdard Islamicus,Hamdard Islamicus,periodical_candidate,bibliographic_metadata_checked,1978,,unknown,Islamic studies,Religion,journal_source_sheet_1389 | journal_source_library_174477741be7a825 | journal_source_library_e668d22e99e5faa6,0250-7196,eng,bibliographic_record,catalogued_title_start,2,17
journal_549c9b887468090b,Hansische Geschichtsblatter,Hansische Geschichtsblatter,periodical_candidate,title_matched_candidate,,,unknown,,,journal_source_sheet_1389,,,,,0,0
journal_95ca004fc5a2f34b,Harvard Law Review,Harvard Law Review,periodical_candidate,bibliographic_metadata_checked,1887,,unknown,United States,,journal_source_wikipedia | journal_source_library_2d1a5a57943e9eb8,2161-976X,eng,bibliographic_record,catalogued_title_start,1,15
journal_d63d699aff7da389,Harvard Ukrainian Studies,Harvard Ukrainian Studies,periodical_candidate,title_matched_candidate,,,unknown,Eastern Europe and Balkans,,journal_source_wikipedia,,,,,0,0
journal_f0362154cae50312,Hebrew Studies,Hebrew Studies,periodical_candidate,bibliographic_metadata_checked,,,unknown,Jewish studies,,journal_source_sheet_1389 | journal_source_library_c501fe6b2eafc632,0146-4094,eng,,,1,3
journal_b94d9fb6ecebd296,Hercegovina,Hercegovina,periodical_candidate,bibliographic_metadata_checked,,,unknown,,Eastern Europe and Balkans,journal_source_sheet_1389 | journal_source_library_15089060b8e1a771 | journal_source_library_f49865301f91516e,2566-3429 | 2712-1844,eng | hrv,,,2,6
journal_2ef5ef8123163f68,Hesperia,Hesperia,periodical_candidate,title_matched_candidate,,,unknown,,,journal_source_sheet_1389,,,,,0,0
journal_d3827b0fd87f4d0a,Hiperboreea,Hiperboreea,periodical_candidate,title_matched_candidate,,,unknown,,,journal_source_sheet_1389,,,,,0,0
journal_97f494d92a0bf969,Hipogrifo,Hipogrifo,periodical_candidate,title_matched_candidate,,,unknown,,,journal_source_sheet_1389,,,,,0,0
journal_0e74b18dcb8387d4,Hispania,Hispania - Revista Espanola de Historia,periodical_candidate,ambiguous_title,,,unknown,,,journal_source_sheet_1389,,,,,0,0
journal_9fb3f557f708aa09,Hispania,Hispania-Revista Espanola de Historia,periodical_candidate,ambiguous_title,,,unknown,,,journal_source_sheet_271,,,,,0,0
journal_d671fe222f70a2f0,Hispania,Hispania-Revista Espanola de Historia,periodical_candidate,ambiguous_title,,,unknown,,,journal_source_ooir,,,,,0,0
journal_1594f7d6e473ab43,Hispania Antiqua,Hispania Antiqua,periodical_candidate,bibliographic_metadata_checked,1971,,unknown,Iberia,Ancient,journal_source_sheet_1389 | journal_source_library_3f1f50f381a4d946,1130-0515,spa,bibliographic_record,catalogued_title_start,1,2
journal_c632d9b67822c46a,Hispania Nova,Hispania Nova,periodical_candidate,title_matched_candidate,,,unknown,,,journal_source_sheet_1389,,,,,0,0
journal_5b5389388885c1fc,Hispania Sacra,Hispania Sacra,periodical_candidate,bibliographic_metadata_checked,1948,,unknown,General history | Religion | Iberia,,journal_source_sheet_271 | journal_source_sheet_1389 | journal_source_ooir | journal_source_library_1625d8e4802a7db7 | journal_source_library_88a981e88876079f | journal_source_library_07d6921a54cb5040,0018-215X,eng | fre | spa,bibliographic_record,catalogued_title_start,3,18
journal_970e4c11481041d7,Hispanic American Historical Review,Hispanic American Historical Review | HAHR - Hispanic American Historical Review | HAHR-Hispanic American Historical Review,periodical_candidate,bibliographic_metadata_checked,1918,,unknown,Iberoamerica | Latin America and Caribbean,,journal_source_wikipedia | journal_source_sheet_271 | journal_source_sheet_1389 | journal_source_ooir | journal_source_library_753092e82e3e01ca,0018-2168,eng,bibliographic_record,catalogued_title_start,1,10
journal_26885fa6206b2355,Histoire et Mesure,Histoire et Mesure,periodical_candidate,title_matched_candidate,,,unknown,,Teaching and methods,journal_source_sheet_1389,,,,,0,0
journal_5f7a3556dccfa4bc,Histoire et Societes Rurales,Histoire et Societes Rurales,periodical_candidate,title_matched_candidate,,,unknown,,Rural and agricultural | Social,journal_source_sheet_1389,,,,,0,0
journal_7a5ca6cef7ab26ef,Histoire Medievale et Archeologie,Histoire Medievale et Archeologie,periodical_candidate,title_matched_candidate,,,unknown,,Middle Ages | Archaeology,journal_source_sheet_1389,,,,,0,0
journal_e9b3efe6b9d6403c,Histoire Sociale,Histoire Sociale,periodical_candidate,title_matched_candidate,,,unknown,,Social,journal_source_sheet_1389,,,,,0,0
journal_f22ff930635bcfbb,Histoire Sociale - Social History,Histoire Sociale - Social History,periodical_candidate,title_matched_candidate,,,unknown,,Social,journal_source_sheet_271,,,,,0,0
journal_cd8ea342913754b3,Histoire Urbaine,Histoire Urbaine,periodical_candidate,bibliographic_metadata_checked,2000,,unknown,Urban,,journal_source_sheet_1389 | journal_source_library_2270307be3110a3b | journal_source_library_a7c00604de7f0f94,1628-0482 | 2101-003X,fre,bibliographic_record,catalogued_title_start,2,10
journal_9172e4723e639b08,"Histoire, economie et societe","Histoire, economie et societe",periodical_candidate,title_matched_candidate,,,unknown,,"Business, labor and economics | Social",journal_source_sheet_1389,,,,,0,0
journal_65e984143e40bede,Historein,Historein,periodical_candidate,bibliographic_metadata_checked,1999,,unknown,General history,,journal_source_sheet_1389 | journal_source_library_347fa98b82f73501 | journal_source_library_4cc3c4440a949070,1108-3441 | 2241-2816,eng | fre | ger | gre,bibliographic_record,catalogued_title_start,2,5
journal_eb9f55cb164e09f2,HiSTOReLo,HiSTOReLo,periodical_candidate,title_matched_candidate,,,unknown,Latin America and Caribbean | Colombia | Regional or local history,,journal_source_sheet_1389,,,,,0,0
journal_0c3835728d40d179,Historia,Historia,periodical_candidate,ambiguous_title,,,unknown,Iberoamerica,,journal_source_wikipedia,,,,,0,0
journal_4ad6b31b9fa39485,Historia,Historia,periodical_candidate,ambiguous_title,,,unknown,,,journal_source_sheet_1389,,,,,0,0
journal_df19dec3393b10e9,Historia,Historia,periodical_candidate,ambiguous_title,,,unknown,,,journal_source_sheet_271,,,,,0,0
journal_8f7525d2f052080a,Historia (ancient history journal),Historia-Zeitschrift fuer Alte Geschichte,periodical_candidate,title_matched_candidate,,,unknown,,Ancient,journal_source_ooir,,,,,0,0
journal_27043ae093b61d06,Historia (Chile),Historia (Chile),periodical_candidate,title_matched_candidate,,,unknown,,,journal_source_sheet_1389,,,,,0,0
journal_10fa71cee3130fe8,Historia (history of the Americas journal),Historia-Santiago,periodical_candidate,title_matched_candidate,,,unknown,,Americas,journal_source_sheet_271 | journal_source_ooir,,,,,0,0
journal_2e6e57ae34ea1b42,Historia 396,Historia 396,periodical_candidate,bibliographic_metadata_checked,2011,,unknown,General history | Latin America and Caribbean,,journal_source_sheet_1389 | journal_source_library_2b86dee5b67df45b,0719-7969,eng | spa,bibliographic_record,catalogued_title_start,1,7
journal_6f67b9af093775e3,Historia Agraria,Historia Agraria,periodical_candidate,title_matched_candidate,,,unknown,,Rural and agricultural,journal_source_sheet_271 | journal_source_sheet_1389 | journal_source_ooir,,,,,0,0
journal_89af760eab23bec1,Historia Ambiental Latinoamericana y Caribena,Historia Ambiental Latinoamericana y Caribena,periodical_candidate,title_matched_candidate,,,unknown,,Latin America and Caribbean,journal_source_sheet_1389,,,,,0,0
journal_9c6f44fb42920fdc,Historia Caribe,Historia Caribe,periodical_candidate,bibliographic_metadata_checked,1995,,unknown,Latin America and Caribbean,,journal_source_sheet_1389 | journal_source_library_cb9d5cae078dc19c | journal_source_library_51519ce2dc4754c9,0122-8803,spa,bibliographic_record,catalogued_title_start,2,4
journal_46f60c2239c241af,Historia Constitucional,Historia Constitucional,periodical_candidate,bibliographic_metadata_checked,2000,,unknown,International relations and diplomatic | Iberia | Latin America and Caribbean | Europe,Legal,journal_source_sheet_1389 | journal_source_library_bb7d7255bb47360e,1576-4729,spa,bibliographic_record,catalogued_title_start,1,18
journal_9b3ce30c20a1405a,Historia Contemporanea,Historia Contemporanea,periodical_candidate,title_matched_candidate,,,unknown,,Modern and contemporary,journal_source_sheet_1389,,,,,0,0
journal_666232467f896e30,Historia Critica,Historia Critica,periodical_candidate,title_matched_candidate,,,unknown,General history | Ideas and historiography,,journal_source_sheet_271 | journal_source_sheet_1389 | journal_source_ooir,,,,,0,0
journal_33c372ecab70852b,Historia da Historiografia,Historia da Historiografia,periodical_candidate,title_matched_candidate,,,unknown,General history | Latin America and Caribbean,Ideas and historiography,journal_source_sheet_1389,,,,,0,0
journal_cf7de8b7d7563187,Historia del Presente,Historia del Presente,periodical_candidate,title_matched_candidate,,,unknown,,Modern and contemporary,journal_source_sheet_1389,,,,,0,0
journal_e86ed4aeb73483ba,Historia et Ius,Historia et Ius,periodical_candidate,bibliographic_metadata_checked,2012,,unknown,Legal,,journal_source_sheet_1389 | journal_source_library_76ed960be7007d46,2279-7416,ita,bibliographic_record,catalogued_title_start,1,2
journal_9d40af61349e88ce,Historia i Swiat,Historia i Swiat,periodical_candidate,title_matched_candidate,,,unknown,Central Europe | Eastern Europe and Balkans,,journal_source_sheet_1389,,,,,0,0
journal_afc64324fdd2367c,Historia Mathematica,Historia Mathematica,periodical_candidate,bibliographic_metadata_checked,1974,,unknown,Mathematics and logic,Science and technology,journal_source_sheet_1389 | journal_source_library_2ed6761529d0f88e,0315-0860,eng,bibliographic_record,catalogued_title_start,1,6
journal_bd5a46a99fe5bd14,Historia Mexicana,Historia Mexicana,periodical_candidate,bibliographic_metadata_checked,1951,,unknown,Mexico | Hispanic world | Ideas and historiography,,journal_source_sheet_271 | journal_source_sheet_1389 | journal_source_ooir | journal_source_library_06e1747fa3c46e07,0185-0172,spa,bibliographic_record,catalogued_title_start,1,5
journal_53e66fc2ba723ebe,Historia Regional,Historia Regional,periodical_candidate,bibliographic_metadata_checked,1988,,unknown,General history | Ideas and historiography | Latin America and Caribbean,Regional or local history,journal_source_sheet_1389 | journal_source_library_91eae21d1de9694d,0329-8213,spa,bibliographic_record,catalogued_title_start,1,8
journal_8cb6f3595878e6b7,Historia Social,Historia Social,periodical_candidate,bibliographic_metadata_checked,1988,,unknown,Social | Iberia,,journal_source_sheet_1389 | journal_source_library_6d9f7ff105d2436a,0214-2570,spa,bibliographic_record,catalogued_title_start,1,5
journal_3f65ed620cea0e3a,Historia Unisinos,Historia Unisinos,periodical_candidate,title_matched_candidate,,,unknown,,,journal_source_sheet_271 | journal_source_sheet_1389,,,,,0,0
journal_ab488af1a329d954,Historia Urbana,Historia Urbana,periodical_candidate,title_matched_candidate,,,unknown,,Urban,journal_source_sheet_1389,,,,,0,0
journal_80cbae5c99165063,Historia y Communicacion Social,Historia y Communicacion Social,periodical_candidate,title_matched_candidate,,,unknown,,Media and books,journal_source_sheet_271,,,,,0,0
journal_1197ebcd23ef507b,Historia y Comunicacion Social,Historia y Comunicacion Social,periodical_candidate,title_matched_candidate,,,unknown,Media and books | Social,,journal_source_sheet_1389 | journal_source_ooir,,,,,0,0
journal_f8fc828074551961,Historia y Memoria,Historia y Memoria,periodical_candidate,title_matched_candidate,,,unknown,General history | Latin America and Caribbean,Memory studies,journal_source_sheet_1389,,,,,0,0
journal_6a86350150e372d7,Historia y Memoria de la Educacion,Historia y Memoria de la Educacion,periodical_candidate,title_matched_candidate,,,unknown,Education,Memory studies,journal_source_sheet_1389,,,,,0,0
journal_0f2e1ba7550eb3de,Historia y Politica,Historia y Politica,periodical_candidate,title_matched_candidate,,,unknown,,Politics and public policy,journal_source_sheet_271 | journal_source_sheet_1389 | journal_source_ooir,,,,,0,0
journal_c2452c54fca6f59e,"Historia, Instituciones, Documentos","Historia, Instituciones, Documentos",periodical_candidate,bibliographic_metadata_checked,1974,,unknown,General history | Iberia,,journal_source_sheet_1389 | journal_source_library_13cd3afe7b038591,0210-7716,spa,bibliographic_record,catalogued_title_start,1,8
journal_2e49ade2a3e4bbb0,Historia: Zeitschrift für Alte Geschichte,Historia: Zeitschrift für Alte Geschichte | Historia - Zeitschrift fur alte Geschichte | Historia - Zeitschrift fur Alte Geschichte,periodical_candidate,title_matched_candidate,,,unknown,Classical,,journal_source_wikipedia | journal_source_sheet_271 | journal_source_sheet_1389,,,,,0,0
journal_2e0fda8be73ce644,Historiallinen aikakauskirja,Historiallinen aikakauskirja,periodical_candidate,bibliographic_metadata_checked,,,unknown,General history,,journal_source_sheet_1389 | journal_source_library_0f4c55dc8aa2dd3f,0018-2362,fin,,,1,8
journal_949f02fde68b392f,Historian,Historian,periodical_candidate,ambiguous_title,,,unknown,,,journal_source_sheet_1389,,,,,0,0
journal_d53186c574fdce82,Historian,Historian,periodical_candidate,ambiguous_title,,,unknown,,,journal_source_ooir,,,,,0,0
journal_e8ecee8befdaf672,Historian,Historian,periodical_candidate,ambiguous_title,,,unknown,,,journal_source_sheet_271,,,,,0,0
journal_b4dd776dbe387cac,Historic Environment: Policy and Practice,Historic Environment: Policy and Practice,periodical_candidate,title_matched_candidate,,,unknown,,Environment,journal_source_sheet_1389,,,,,0,0
journal_ed2cb7d73b4f641f,Historical Archaeology,Historical Archaeology,periodical_candidate,bibliographic_metadata_checked,,,unknown,Archaeology | Americas,,journal_source_sheet_1389 | journal_source_library_66dc0530ac620bb9 | journal_source_library_8237028b5a154ab9 | journal_source_library_872d44c7786136b9,0440-9213 | 2328-1103,eng,,,3,14
journal_3bd8fc92043894ee,Historical Encounters,Historical Encounters,periodical_candidate,title_matched_candidate,,,unknown,General history,,journal_source_sheet_1389,,,,,0,0
journal_3e304e7cf359e81b,Historical Geography,Historical Geography,periodical_candidate,title_matched_candidate,,,unknown,,Geography,journal_source_sheet_1389,,,,,0,0
journal_1d8609bf6ceb21cf,"Historical Materialism"";journal","Historical Materialism"";journal",periodical_candidate,title_matched_candidate,,,unknown,,Social theory and cultural criticism,journal_source_sheet_1389,,,,,0,0
journal_441b0f0646ad10f8,Historical Methods,Historical Methods,periodical_candidate,title_matched_candidate,,,unknown,,Teaching and methods,journal_source_sheet_271 | journal_source_sheet_1389 | journal_source_ooir,,,,,0,0
journal_0bd1a98551d2312d,Historical Reflections,Historical Reflections,periodical_candidate,title_matched_candidate,,,unknown,,,journal_source_sheet_1389,,,,,0,0
journal_8b03d8c6614afb8b,Historical Reflections - Reflexions Historiques,Historical Reflections - Reflexions Historiques,periodical_candidate,title_matched_candidate,,,unknown,,,journal_source_sheet_271,,,,,0,0
journal_6a2c3bc17137a446,Historical Research,Historical Research,periodical_candidate,title_matched_candidate,,,unknown,,,journal_source_sheet_271 | journal_source_sheet_1389 | journal_source_ooir,,,,,0,0
journal_cdb1f87b7f7eb050,Historical Review,Historical Review,periodical_candidate,title_matched_candidate,,,unknown,,,journal_source_sheet_1389,,,,,0,0
journal_f9e9dac0c4b99396,Historical Social Research,Historical Social Research,periodical_candidate,bibliographic_metadata_checked,,,unknown,Europe | Social | Sociology | Social sciences,,journal_source_wikipedia | journal_source_sheet_1389 | journal_source_library_44b71b51dbf5134b,0172-6404,eng,,,1,12
journal_adee8b7eb5501f25,Historical Studies in Industrial Relations,Historical Studies in Industrial Relations,periodical_candidate,bibliographic_metadata_checked,1996,,unknown,,"Business, labor and economics",journal_source_sheet_1389 | journal_source_library_7b999a11f2b3cb8b | journal_source_library_c0be37b46cd0df1b | journal_source_library_bde4f509b790d767,1362-1572 | 2049-4459,eng,bibliographic_record,catalogued_title_start,3,11
journal_12bf31db16a72aab,Historical Studies in the Natural Sciences,Historical Studies in the Natural Sciences,periodical_candidate,bibliographic_metadata_checked,,,unknown,Science and technology,,journal_source_wikipedia | journal_source_library_205d40639a963aac | journal_source_library_3023d40d68677af2,1939-1811,eng,,,2,23
journal_43cfcf3a404b38d4,Historicka Demografie,Historicka Demografie,periodical_candidate,title_matched_candidate,,,unknown,,Demography and family,journal_source_sheet_1389,,,,,0,0
journal_67f4092bfa8c6964,Historicka Sociologie,Historicka Sociologie,periodical_candidate,title_matched_candidate,,,unknown,,Social,journal_source_sheet_1389,,,,,0,0
journal_70af9f46b7990066,Historicky Casopis,Historicky Casopis,periodical_candidate,title_matched_candidate,,,unknown,,,journal_source_sheet_271 | journal_source_sheet_1389 | journal_source_ooir,,,,,0,0
journal_a411d7166e942593,Historijski Pogledi,Historijski Pogledi,periodical_candidate,title_matched_candidate,,,unknown,Social,,journal_source_sheet_1389,,,,,0,0
journal_0cb1f1b970c817ab,Historiographia Linguistica,Historiographia Linguistica,periodical_candidate,bibliographic_metadata_checked,1974,,unknown,Language and linguistics,Ideas and historiography,journal_source_sheet_1389 | journal_source_library_e46df81bfbe1b773,0302-5160,eng,bibliographic_record,catalogued_title_start,1,6
journal_e86963327015c29b,Historische Zeitschrift,Historische Zeitschrift,periodical_candidate,bibliographic_metadata_checked,1859,,unknown,General history | Western Europe,,journal_source_wikipedia | journal_source_sheet_271 | journal_source_sheet_1389 | journal_source_ooir | journal_source_library_778e5bc470616eec | journal_source_library_cea1e5cf69a9897d,0018-2613 | 2196-680X,ger,bibliographic_record,catalogued_title_start,2,9
journal_efdab1b5ee76079c,Historisk Tiddsskrift,Historisk Tiddsskrift,periodical_candidate,title_matched_candidate,,,unknown,,,journal_source_sheet_271,,,,,0,0
journal_751041725e31bdb9,Historisk Tidskrift,Historisk Tidskrift,periodical_candidate,ambiguous_title,,,unknown,,,journal_source_sheet_271,,,,,0,0
journal_c06916992269258e,Historisk Tidskrift,Historisk Tidskrift,periodical_candidate,ambiguous_title,,,unknown,,,journal_source_sheet_1389,,,,,0,0
journal_338c52207c3195a1,Historisk Tidskrift (Sweden),Historisk Tidskrift (Sweden),periodical_candidate,title_matched_candidate,,,unknown,Nordic Europe,,journal_source_wikipedia,,,,,0,0
journal_d069d27534fa1504,Historisk Tidskrift för Finland,Historisk Tidskrift för Finland | Historisk tidskrift for Finland,periodical_candidate,bibliographic_metadata_checked,1916,,unknown,Nordic Europe,,journal_source_wikipedia | journal_source_sheet_1389 | journal_source_library_538b67ad23ff70e4 | journal_source_library_aff51ef63d0c9584,0046-7596,eng | fin | ger | swe,bibliographic_record,catalogued_title_start,2,4
journal_1f8b11e2ecc8a12a,Historisk Tidsskrift,Historisk Tidsskrift,periodical_candidate,ambiguous_title,,,unknown,,,journal_source_ooir,,,,,0,0
journal_6be285838083a134,Historisk Tidsskrift (Denmark),Historisk Tidsskrift (Denmark),periodical_candidate,title_matched_candidate,,,unknown,Nordic Europe,,journal_source_wikipedia,,,,,0,0
journal_9adeb013bd0363df,Historisk Tidsskrift (Norway),Historisk Tidsskrift (Norway),periodical_candidate,title_matched_candidate,,,unknown,Nordic Europe,,journal_source_wikipedia,,,,,0,0
journal_12568a356898d561,History,History,periodical_candidate,ambiguous_title,,,unknown,General history,,journal_source_wikipedia,,,,,0,0
journal_b42880fdfed9a95b,History,History,periodical_candidate,ambiguous_title,,,unknown,,,journal_source_sheet_1389,,,,,0,0
journal_c7cceb135294a66d,History,History,periodical_candidate,ambiguous_title,,,unknown,,,journal_source_sheet_271,,,,,0,0
journal_77a3ca6064c87819,History & Memory,History & Memory | History and Memory,periodical_candidate,bibliographic_metadata_checked,1989,,unknown,Cultural studies | Ideas and historiography | General history,Memory studies,journal_source_sheet_271 | journal_source_sheet_1389 | journal_source_library_7eb5ebfe825cc444 | journal_source_library_7e92c05fd78707f9,0935-560X | 1527-1994,eng,bibliographic_record,catalogued_title_start,2,19
journal_a08ec052439eed9d,History (The Historical Association journal),History: The Journal of the Historical Association,periodical_candidate,title_matched_candidate,,,unknown,Britain,,journal_source_wikipedia,,,,,0,0
journal_6fcb20cb67be1401,History and Anthropology,History and Anthropology,research_journal,bibliographic_metadata_checked,1984,,unknown,Anthropology and ethnography | General history,,journal_source_sheet_271 | journal_source_sheet_1389 | journal_source_ooir | journal_source_library_27398656695b1316 | journal_source_library_7654b593349852a0 | journal_source_library_320c1bb2fa3fe6e9 | journal_source_history_anthropology_foundation,0275-7206 | 1477-2612,eng,bibliographic_record,catalogued_title_start,3,20
journal_44517299fc490bc9,History and Philosophy of Logic,History and Philosophy of Logic,periodical_candidate,bibliographic_metadata_checked,1980,,unknown,Mathematics and logic,Philosophy,journal_source_sheet_1389 | journal_source_library_55265284415294cd,0144-5340,eng,bibliographic_record,catalogued_title_start,1,10
journal_0e4dae5e9be7feca,"History and Philosophy of the Life Sciences""","History and Philosophy of the Life Sciences""",periodical_candidate,title_matched_candidate,,,unknown,Science and technology,Philosophy,journal_source_sheet_1389,,,,,0,0
journal_4ab29e2dc4c42863,History and Sociology of South Asia,History and Sociology of South Asia,periodical_candidate,bibliographic_metadata_checked,,,unknown,South Asia,,journal_source_sheet_1389 | journal_source_library_71c8f662a691796b | journal_source_library_58ab08c3564c4062,2230-8075 | 2249-5312,eng,,,2,4
journal_b8545866db1e00ae,History and Technology,History and Technology,periodical_candidate,bibliographic_metadata_checked,1983,,unknown,Science and technology,,journal_source_wikipedia | journal_source_sheet_271 | journal_source_ooir | journal_source_library_7723f3cffcc8cb0c | journal_source_library_3aebf06b51e3d0fb | journal_source_library_91ad3285dd1495f3,0734-1512 | 1477-2620,eng | fre,bibliographic_record,catalogued_title_start,3,19
journal_9c2f011afd81d28b,History and Theory,History and Theory,research_journal,title_matched_candidate,,,unknown,Ideas and historiography,,journal_source_wikipedia | journal_source_sheet_271 | journal_source_sheet_1389 | journal_source_ooir | journal_source_venue_review_history_theory,,,,,0,0
journal_0ab656c2753f6d74,History Australia,History Australia,periodical_candidate,bibliographic_metadata_checked,,,unknown,Australasia and Oceania,,journal_source_sheet_1389 | journal_source_library_a103dc43f17ab47f | journal_source_library_696cba5dabd4381c,1449-0854 | 1833-4881,eng,,,2,5
journal_7e0d413e53aebefb,History Compass,History Compass,periodical_candidate,bibliographic_metadata_checked,2003,,unknown,General history,,journal_source_wikipedia | journal_source_sheet_1389 | journal_source_library_318fe42a8526e86a | journal_source_library_9847aafecd88d3b8,1478-0542,eng,bibliographic_record,catalogued_title_start,2,8
journal_55b2862e091c93c6,History in Africa,History in Africa,research_journal,bibliographic_metadata_checked,1974,,unknown,Africa,,journal_source_wikipedia | journal_source_sheet_1389 | journal_source_library_a68e2a1ef4587109 | journal_source_library_ae4326435727a573 | journal_source_history_in_africa_foundation | journal_source_venue_review_hia38,0361-5413 | 1558-2744,eng,source_check,publication_start,2,7
journal_1fa7274d28c61d69,History of Economic Ideas,History of Economic Ideas,periodical_candidate,bibliographic_metadata_checked,,,unknown,"Business, labor and economics",,journal_source_sheet_1389 | journal_source_library_f17c9e73abaf80e6,1122-8792,eng,,,1,1
journal_1d41a7564c5d12b7,History of Economic Thought and Policy,History of Economic Thought and Policy,periodical_candidate,bibliographic_metadata_checked,,,unknown,"Business, labor and economics",,journal_source_sheet_1389 | journal_source_library_6e679950f88ee5e7 | journal_source_library_a1b995354393f563,2240-9971,eng,,,2,3
journal_763de384197f8d7e,History of Education & Childrens Literature,History of Education & Childrens Literature,periodical_candidate,title_matched_candidate,,,unknown,,Education | Literature,journal_source_sheet_271,,,,,0,0
journal_8ab78befbed06155,History of Education Quarterly,History of Education Quarterly,periodical_candidate,bibliographic_metadata_checked,,,unknown,Education,,journal_source_sheet_1389 | journal_source_library_b82027ff6204a11b,0018-2680,eng,,,1,4
journal_c3a89c9c58a756cc,History of Education Review,History of Education Review,periodical_candidate,bibliographic_metadata_checked,,,unknown,Education,,journal_source_sheet_1389 | journal_source_library_89b87b664179e918 | journal_source_library_aceea7c1c91933b3,0819-8691 | 2054-5649,eng,,,2,12
journal_d607b2b37a8c04f3,History of European Ideas,History of European Ideas,periodical_candidate,bibliographic_metadata_checked,1980,,unknown,Ideas and historiography | Europe,,journal_source_wikipedia | journal_source_sheet_1389 | journal_source_library_e148d09f0e4609d7,0191-6599,eng,bibliographic_record,catalogued_title_start,1,19
journal_75a7036fd3d893a0,History of Intellectual Culture,History of Intellectual Culture,periodical_candidate,bibliographic_metadata_checked,2001,,unknown,Social | Ideas and historiography | Canada,,journal_source_wikipedia | journal_source_library_b0cd3c17c70cfaf4,1492-7810,eng,bibliographic_record,catalogued_title_start,1,12
journal_d4f3e264b45a82f2,History of Medicine,History of Medicine,periodical_candidate,title_matched_candidate,,,unknown,,Medicine and health,journal_source_sheet_1389,,,,,0,0
journal_34e0333c4604a050,History of Political Economy,History of Political Economy,periodical_candidate,bibliographic_metadata_checked,1969,,unknown,"Business, labor and economics",Politics and public policy,journal_source_sheet_1389 | journal_source_library_22f2d626e4916e7d | journal_source_library_0d18d5b0e95dfa59,0018-2702 | 1527-1919,eng,bibliographic_record,catalogued_title_start,2,23
journal_366b2c11ffcdece3,History of Political Thought,History of Political Thought,periodical_candidate,bibliographic_metadata_checked,1980,,unknown,Politics and public policy,,journal_source_sheet_271 | journal_source_sheet_1389 | journal_source_library_c0a6c989873cce79,0143-781X,eng,bibliographic_record,catalogued_title_start,1,6
journal_3f8d7dbf4663e4be,History of Psychology,History of Psychology,periodical_candidate,bibliographic_metadata_checked,1998,,unknown,,Psychology and behavioral sciences,journal_source_sheet_1389 | journal_source_library_e6263cc5ce0089ec,1093-4510,eng,bibliographic_record,catalogued_title_start,1,7
journal_276add574abd6316,History of Religions,History of Religions,periodical_candidate,bibliographic_metadata_checked,1961,,unknown,Religion,,journal_source_wikipedia | journal_source_sheet_271 | journal_source_sheet_1389 | journal_source_ooir | journal_source_library_cbd5ee3514bb6f0b | journal_source_library_9ec452a958915665,0018-2710 | 1545-6935,eng,bibliographic_record,catalogued_title_start,2,13
journal_2e3ccb52f5b36377,History of Retailing and Consumption,History of Retailing and Consumption,periodical_candidate,bibliographic_metadata_checked,2015,,unknown,,"Business, labor and economics",journal_source_sheet_1389 | journal_source_library_e7b4d5f29f095c3c,2373-5171,eng,bibliographic_record,catalogued_title_start,1,6
journal_c854c89171e9d163,History of Science,History of Science,periodical_candidate,title_matched_candidate,,,unknown,,Science and technology,journal_source_sheet_1389,,,,,0,0
journal_f05cc8e330055d0a,History of Science and Technology,History of Science and Technology,periodical_candidate,title_matched_candidate,,,unknown,,Science and technology,journal_source_sheet_1389,,,,,0,0
journal_7eaaa7ff9eb76228,History of the Family,History of the Family,periodical_candidate,title_matched_candidate,,,unknown,,Demography and family,journal_source_sheet_1389,,,,,0,0
journal_1b4c993862f3c909,History of the Human Sciences,History of the Human Sciences,periodical_candidate,bibliographic_metadata_checked,1988,,unknown,Social sciences,,journal_source_sheet_1389 | journal_source_library_5f6b18e46ebd67fa | journal_source_library_ae9e89da414a8386,0952-6951 | 1461-720X,eng,bibliographic_record,catalogued_title_start,2,14
journal_c1e5fe398786a42c,History of the Present,History of the Present,periodical_candidate,bibliographic_metadata_checked,2011,,unknown,General history | Ideas and historiography,Modern and contemporary,journal_source_sheet_1389 | journal_source_library_57ab08daedb6ef4a,2159-9785,eng,bibliographic_record,catalogued_title_start,1,4
journal_2a7a36374c3b0e9f,History Today,History Today,periodical_candidate,bibliographic_metadata_checked,1951,,unknown,General history,,journal_source_wikipedia | journal_source_sheet_271 | journal_source_library_e361783465d064f8,0018-2753,eng,bibliographic_record,catalogued_title_start,1,7
journal_84203dbdbd3796c3,History Workshop Journal,History Workshop Journal,research_journal,bibliographic_metadata_checked,1976,,unknown,General history | Britain | Social,,journal_source_wikipedia | journal_source_sheet_271 | journal_source_sheet_1389 | journal_source_ooir | journal_source_hwj_history | journal_source_library_9b0758d6d9cb232e | journal_source_library_cac3bbcec8fefcc6 | journal_source_venue_review_hwj_history | journal_source_venue_review_atlas_samuel_local_oral | journal_source_venue_review_atlas_massey_places_pasts,1363-3554 | 1477-4569,eng,source_check,publication_start,2,18
journal_45ed999927ba7f11,"History, Archeology and Ethnography of the Caucasus","History, Archeology and Ethnography of the Caucasus",periodical_candidate,title_matched_candidate,,,unknown,,Russia and Eurasia | Caucasus | Archaeology | Anthropology and ethnography,journal_source_sheet_1389,,,,,0,0
journal_34180f9dc5ac6b67,Hobbes Studies,Hobbes Studies,periodical_candidate,bibliographic_metadata_checked,1988,,unknown,,,journal_source_sheet_1389 | journal_source_library_bde653f5583e018b | journal_source_library_a61525d588d2cf22,0921-5891 | 1875-0257,eng,bibliographic_record,catalogued_title_start,2,3
journal_ff36bfe8f9406a9c,Holocaust and Genocide Studies,Holocaust and Genocide Studies,research_journal,publisher_metadata_checked,1986,,unknown,Genocide | holocaust,,journal_source_wikipedia | journal_source_sheet_271 | journal_source_sheet_1389 | journal_source_ooir | journal_source_oup_hgs | journal_source_library_72a9ef1c95c64e0b | journal_source_library_15c799fc82b650ed | journal_source_holocaust_genocide_foundation,8756-6583 | 1476-7937,eng,bibliographic_record,catalogued_title_start,2,18
journal_808afeaacb5f4b11,Holocaust Studies,Holocaust Studies,periodical_candidate,bibliographic_metadata_checked,,,unknown,Genocide,,journal_source_sheet_1389 | journal_source_library_6ca4240ef2473caf | journal_source_library_c72374f967ffac50 | journal_source_library_55bc4f9eb7890a10,1750-4902 | 2048-4887,eng,,,3,9
journal_277bb452a0cf19c8,Holocaust Studies: A Journal of Culture and History,Holocaust Studies: A Journal of Culture and History,periodical_candidate,title_matched_candidate,,,unknown,Genocide,,journal_source_wikipedia,,,,,0,0
journal_594549f3c58a711d,Hortus Artium Mediaevalium,Hortus Artium Mediaevalium,periodical_candidate,title_matched_candidate,,,unknown,,Middle Ages | Art history,journal_source_sheet_1389,,,,,0,0
journal_29eb1b7e2cc539c1,HSE Social and Education History,HSE Social and Education History,periodical_candidate,title_matched_candidate,,,unknown,,Education,journal_source_sheet_1389,,,,,0,0
journal_82eba98c2ea663ab,Humanitas,Humanitas,periodical_candidate,title_matched_candidate,,,unknown,,,journal_source_sheet_1389,,,,,0,0
journal_7a900b153d984209,Huntington Library Quarterly,Huntington Library Quarterly,periodical_candidate,bibliographic_metadata_checked,,,unknown,Media and books,,journal_source_wikipedia | journal_source_sheet_1389 | journal_source_library_1071d40aabb3b1e8 | journal_source_library_20c1fc9d5e540bfb,0018-7895 | 1544-399X,eng,,,2,12
journal_669fdd8d058bc1d8,Hyperboreus,Hyperboreus,periodical_candidate,bibliographic_metadata_checked,1994,,unknown,Classical studies,,journal_source_sheet_1389 | journal_source_library_3ec05d6f9996a7c0,0949-2615,rus,bibliographic_record,catalogued_title_start,1,5
journal_53d0ad654c4a87ff,I Tatti Studies,I Tatti Studies,periodical_candidate,bibliographic_metadata_checked,1985,,unknown,Italy,,journal_source_sheet_1389 | journal_source_library_9b8848d3bfe785a2 | journal_source_library_075cc64f904be8e8,0393-5949 | 2037-6731,eng | fre | ger | ita | spa,bibliographic_record,catalogued_title_start,2,18
journal_3bb97028ba5d1531,Iberoamerican Journal of Development Studies,Iberoamerican Journal of Development Studies,periodical_candidate,title_matched_candidate,,,unknown,,Latin America and Caribbean,journal_source_sheet_1389,,,,,0,0
journal_e3adc8cb4b4f658f,Iberoamericana. America Latina - Espana - Portugal,Iberoamericana. America Latina - Espana - Portugal,periodical_candidate,title_matched_candidate,,,unknown,Iberia | Latin America and Caribbean | Literature | Social sciences,Americas,journal_source_sheet_1389,,,,,0,0
journal_6e79a31c4f3a9c2a,Ibsen Studies,Ibsen Studies,periodical_candidate,bibliographic_metadata_checked,,,unknown,,,journal_source_sheet_1389 | journal_source_library_a702626b86563d5d,1502-1866,eng,,,1,2
journal_6b8c24c111c62a7e,IEEE Annals of the History of Computing,IEEE Annals of the History of Computing,periodical_candidate,title_matched_candidate,,,unknown,Science and technology,,journal_source_wikipedia,,,,,0,0
journal_4afa0c38506098a2,Ikenga,Ikenga,periodical_candidate,title_matched_candidate,,,unknown,,,journal_source_sheet_1389,,,,,0,0
journal_29d4cfabb5270347,Illes i Imperis,Illes i Imperis,periodical_candidate,bibliographic_metadata_checked,1998,,unknown,Iberia,,journal_source_sheet_1389 | journal_source_library_95e71912e235e4fe,1575-0698,cat,bibliographic_record,catalogued_title_start,1,2
journal_21b2eed1e328a2c6,Images,Images,periodical_candidate,title_matched_candidate,,,unknown,,,journal_source_sheet_1389,,,,,0,0
journal_b20b0d03cbc378be,Imago Mundi,Imago Mundi - The International Journal for the History of Cartography | Imago Mundi-The International Journal for the History of Cartography,periodical_candidate,bibliographic_metadata_checked,1935,,unknown,Geography,,journal_source_sheet_271 | journal_source_ooir | journal_source_library_79a8f5cc40713de9,0308-5694,eng,bibliographic_record,catalogued_title_start,1,7
journal_4a0fc0bc2047074e,Imago Temporis-Medium Aevum,Imago Temporis-Medium Aevum | Imago Temporis - Medium Aevum,periodical_candidate,title_matched_candidate,,,unknown,Archaeology | Middle Ages,,journal_source_sheet_271 | journal_source_sheet_1389,,,,,0,0
journal_2af88744d50502c3,Immigrants and Minorities,Immigrants and Minorities,periodical_candidate,bibliographic_metadata_checked,1982,,unknown,Diaspora and migration,Ethnic and racial studies,journal_source_sheet_1389 | journal_source_library_e6b335dc8bc62d36,0261-9288,eng,bibliographic_record,catalogued_title_start,1,9
journal_70e8e02d1ba40996,In Monte Artium,In Monte Artium,periodical_candidate,title_matched_candidate,,,unknown,,,journal_source_sheet_1389,,,,,0,0
journal_14572a96a604d080,Incidenza dell' Antico,Incidenza dell' Antico,periodical_candidate,title_matched_candidate,,,unknown,,,journal_source_sheet_1389,,,,,0,0
journal_71da186c97c9cb19,Index on Censorship,Index on Censorship,periodical_candidate,bibliographic_metadata_checked,1972,,unknown,,,journal_source_sheet_1389 | journal_source_library_845d6b06ac534875 | journal_source_library_1e40c6eb60d261a0 | journal_source_library_09283b8e79516db0,0306-4220 | 1746-6067,eng,bibliographic_record,catalogued_title_start,3,13
journal_5fe8aa3f2aa50361,Indian Economic and Social History Review,Indian Economic and Social History Review,research_journal,publisher_metadata_checked,,,unknown,South Asia | economic | social | South Asia,,journal_source_wikipedia | journal_source_sheet_1389 | journal_source_ooir | journal_source_sage_ier,,,,,0,0
journal_ec6114ac32c92f0e,Indian Historical Review,Indian Historical Review,periodical_candidate,bibliographic_metadata_checked,1974,,unknown,South Asia,,journal_source_wikipedia | journal_source_sheet_271 | journal_source_sheet_1389 | journal_source_ooir | journal_source_library_e9b6ce96e7904a45 | journal_source_library_b3d3505e9ad65f2c | journal_source_library_94e5b7e15eb9c0db,0376-9836 | 0975-5977,eng,bibliographic_record,catalogued_title_start,3,9
journal_381ead3a3145bcc3,Indiana,Indiana,periodical_candidate,title_matched_candidate,,,unknown,,,journal_source_sheet_1389,,,,,0,0
journal_ed54031020e6f922,Indiana Magazine of History,Indiana Magazine of History,periodical_candidate,bibliographic_metadata_checked,,,unknown,United States,,journal_source_wikipedia | journal_source_library_8870452a918691d9 | journal_source_library_f396bb3d629876e6,0019-6673,eng,,,2,4
journal_12ee1cf3b74d54ea,Indo-European Linguistics,Indo-European Linguistics,periodical_candidate,bibliographic_metadata_checked,2013,,unknown,,Language and linguistics,journal_source_sheet_1389 | journal_source_library_d6f6bb149333ef72 | journal_source_library_ceb0ed048300b692 | journal_source_library_cc016ecc9a1ae097,2212-5884 | 2212-5892,eng,bibliographic_record,catalogued_title_start,3,16
journal_b8c15aae58cd91ae,Industrial Archaeology Review,Industrial Archaeology Review,periodical_candidate,bibliographic_metadata_checked,1976,,unknown,,Archaeology | Science and technology,journal_source_sheet_271 | journal_source_ooir | journal_source_library_0d5fbaad04dfc88c | journal_source_library_e04c01b5267e5806 | journal_source_library_9ac1298400ed24e4,0309-0728 | 1745-8196,eng,bibliographic_record,catalogued_title_start,3,9
journal_8377161f76a06c59,Information & Culture,Information & Culture | Information and Culture,periodical_candidate,bibliographic_metadata_checked,,,unknown,,,journal_source_sheet_271 | journal_source_sheet_1389 | journal_source_library_25d5e3e6bafdd54b | journal_source_library_53d58658df7680ed,2164-8034,eng,,,2,9
journal_034315ec4547113b,Innes Review,Innes Review,periodical_candidate,title_matched_candidate,,,unknown,,,journal_source_sheet_1389,,,,,0,0
journal_aeea6c8b321be6f6,Insight on Africa,Insight on Africa,periodical_candidate,bibliographic_metadata_checked,2009,,unknown,Africa,,journal_source_sheet_1389 | journal_source_library_b5f854205857a95e | journal_source_library_21fe4ed9b3cfbe57 | journal_source_library_f01b704ffd5e9b9a,0975-0878 | 0976-3465,eng,bibliographic_record,catalogued_title_start,3,13
journal_3ad0b129b00ae4ae,Intellectual History Review,Intellectual History Review,periodical_candidate,bibliographic_metadata_checked,,,unknown,Ideas and historiography,,journal_source_sheet_1389 | journal_source_library_410dfc86b472e15f,1749-6985,eng,,,1,2
journal_1eafa7b1eda3442f,Intelligence and National Security,Intelligence and National Security,periodical_candidate,title_matched_candidate,,,unknown,,International relations and diplomatic | Politics and public policy,journal_source_sheet_1389 | journal_source_ooir,,,,,0,0
journal_f537bace03ab652f,International and Multidisciplinary Journal of Social Sciences,International and Multidisciplinary Journal of Social Sciences,periodical_candidate,title_matched_candidate,,,unknown,,,journal_source_sheet_1389,,,,,0,0
journal_fefaeed67bd707ea,International History Review,International History Review,periodical_candidate,title_matched_candidate,,,unknown,,International relations and diplomatic,journal_source_sheet_271 | journal_source_sheet_1389 | journal_source_ooir,,,,,0,0
journal_887b02cb52ffc529,"International Journal for History, Culture and Modernity","International Journal for History, Culture and Modernity",periodical_candidate,bibliographic_metadata_checked,2013,,unknown,General history | Cultural studies,,journal_source_sheet_1389 | journal_source_library_ceedbcc8cf32ee29,2213-0624,eng,bibliographic_record,catalogued_title_start,1,8
journal_995d02aea2870c7c,International Journal of African Historical Studies,International Journal of African Historical Studies,periodical_candidate,title_matched_candidate,,,unknown,Africa,,journal_source_wikipedia | journal_source_sheet_271 | journal_source_sheet_1389 | journal_source_ooir,,,,,0,0
journal_6c1c91e4dd56f372,International Journal of African Renaissance Studies,International Journal of African Renaissance Studies,periodical_candidate,title_matched_candidate,,,unknown,,Africa,journal_source_sheet_1389,,,,,0,0
journal_3cb26ebf2e61e443,International Journal of Anglo-Indian Studies,International Journal of Anglo-Indian Studies,periodical_candidate,title_matched_candidate,,,unknown,,South Asia,journal_source_sheet_1389,,,,,0,0
journal_bfe29e0a8470fd90,International Journal of Asian Christianity,International Journal of Asian Christianity,periodical_candidate,bibliographic_metadata_checked,2018,,unknown,Religion,Asia,journal_source_sheet_1389 | journal_source_library_f014379c185717d1 | journal_source_library_eab09b06ff10e04c,2542-4238 | 2542-4246,eng,bibliographic_record,catalogued_title_start,2,9
journal_335e5d13a7dbd1b4,International Journal of Cultural Property,International Journal of Cultural Property,periodical_candidate,bibliographic_metadata_checked,1992,,unknown,Heritage and public history,,journal_source_sheet_1389 | journal_source_library_b20dead2b06d75df,0940-7391,eng,bibliographic_record,catalogued_title_start,1,16
journal_6caa31fca875d185,International Journal of Euro-Mediterranean Studies,International Journal of Euro-Mediterranean Studies,periodical_candidate,bibliographic_metadata_checked,2008,,unknown,Mediterranean,,journal_source_sheet_1389 | journal_source_library_4833ea1d9611afed,2232-6022,eng | fre | slv,bibliographic_record,catalogued_title_start,1,4
journal_c9831879ef300dde,International Journal of Francophone Studies,International Journal of Francophone Studies,periodical_candidate,bibliographic_metadata_checked,1997,,unknown,Literature,,journal_source_sheet_1389 | journal_source_library_92116a7e9951f2f8 | journal_source_library_7c976754e9efe7bf,1368-2679 | 1758-9142,eng,bibliographic_record,catalogued_title_start,2,28
journal_afe1ad984fab520f,International Journal of Heritage Studies,International Journal of Heritage Studies,periodical_candidate,bibliographic_metadata_checked,1994,,unknown,Cultural studies | Heritage and public history,,journal_source_sheet_1389 | journal_source_library_1ad3a86068ede168,1352-7258,eng,bibliographic_record,catalogued_title_start,1,11
journal_fe35dcd0a16f3b07,International Journal of Historical Archaeology,International Journal of Historical Archaeology,periodical_candidate,title_matched_candidate,,,unknown,,Archaeology,journal_source_sheet_1389,,,,,0,0
journal_0464df6ee029429f,International Journal of Iberian Studies,International Journal of Iberian Studies,periodical_candidate,bibliographic_metadata_checked,,,unknown,Iberia,,journal_source_sheet_1389 | journal_source_library_9863c4cc3a42c9a0 | journal_source_library_88d0bf08e7d83acb,1364-971X,eng | por | spa,,,2,22
journal_9dac4f2eb2dce0f8,International Journal of Korean History,International Journal of Korean History,periodical_candidate,bibliographic_metadata_checked,2000,,unknown,General history | East Asia,,journal_source_sheet_1389 | journal_source_library_d26893bf79cdcdf7 | journal_source_library_5c23b0689bc3b67e,1598-2041 | 2508-5921,eng | kor,bibliographic_record,catalogued_title_start,2,7
journal_99c0d48d2806ce7a,International Journal of Latin American Religions,International Journal of Latin American Religions,periodical_candidate,bibliographic_metadata_checked,2017,,unknown,Latin America and Caribbean,Religion,journal_source_sheet_1389 | journal_source_library_666427ee51f179b8 | journal_source_library_cd67edb14c8837dd,2509-9965,eng,bibliographic_record,catalogued_title_start,2,19
journal_03fcc30800ae6fd9,International Journal of Maritime History,International Journal of Maritime History,periodical_candidate,bibliographic_metadata_checked,1989,,unknown,Maritime,,journal_source_wikipedia | journal_source_sheet_1389 | journal_source_library_7db77e44e63ebcd2,2052-7756,eng,bibliographic_record,catalogued_title_start,1,9
journal_ede9f523a1d6d8b8,International Journal of Middle East Studies,International Journal of Middle East Studies,periodical_candidate,title_matched_candidate,,,unknown,Middle East,,journal_source_sheet_1389,,,,,0,0
journal_d95c189c6494a6b0,International Journal of Military History and Historiography,International Journal of Military History and Historiography,periodical_candidate,bibliographic_metadata_checked,,,unknown,Military,Ideas and historiography,journal_source_sheet_1389 | journal_source_library_be6296bc8a9e4f19,2468-3302,eng,,,1,5
journal_e16ddc622b5a7a10,International Journal of Nautical Archaeology,International Journal of Nautical Archaeology,periodical_candidate,title_matched_candidate,,,unknown,,Archaeology | Maritime,journal_source_sheet_1389,,,,,0,0
journal_1b504ae54f900909,International Journal of Regional and Local History,International Journal of Regional and Local History,periodical_candidate,bibliographic_metadata_checked,,,unknown,Urban,Regional or local history,journal_source_sheet_1389 | journal_source_library_2d6a10c7f59bee05 | journal_source_library_6f02bb0b4dbdb2e4 | journal_source_library_b21a52a3a8dd8f5f,2051-4530 | 2051-4549,eng,,,3,27
journal_3fee18778086eda6,"International Journal of Research on History Didactics, History Education and History Culture","International Journal of Research on History Didactics, History Education and History Culture",periodical_candidate,title_matched_candidate,,,unknown,,Teaching and methods,journal_source_sheet_1389,,,,,0,0
journal_3c00c0a539c8e25e,International Journal of Sino-Western Studies,International Journal of Sino-Western Studies,periodical_candidate,bibliographic_metadata_checked,,,unknown,,East Asia,journal_source_sheet_1389 | journal_source_library_9dcba2e44d08e094,2242-2471,eng,,,1,0
journal_22890959e67adef4,International Journal of the Book,International Journal of the Book,periodical_candidate,title_matched_candidate,,,unknown,,,journal_source_sheet_1389,,,,,0,0
journal_fd1b2777621ed385,International Journal of the History of Sport,International Journal of the History of Sport,periodical_candidate,title_matched_candidate,,,unknown,,Sport,journal_source_sheet_271 | journal_source_sheet_1389 | journal_source_ooir,,,,,0,0
journal_ce1f623ed2219e26,International Labor and Working Class History,International Labor and Working Class History | International Labor and Working-Class History,periodical_candidate,bibliographic_metadata_checked,,,unknown,"Business, labor and economics",,journal_source_wikipedia | journal_source_sheet_271 | journal_source_sheet_1389 | journal_source_ooir | journal_source_library_a7708e0360b306e4,0147-5479,eng,,,1,5
journal_231bcd1c47c023b4,International Public History,International Public History,periodical_candidate,bibliographic_metadata_checked,2018,,unknown,General history | Heritage and public history,,journal_source_sheet_1389 | journal_source_library_43e14d79d795fffa | journal_source_library_e6ef54ac1fe01a98,2567-1111,eng,bibliographic_record,catalogued_title_start,2,5
journal_2877bf91a9296d2e,International Review of Environmental History,International Review of Environmental History,periodical_candidate,title_matched_candidate,,,unknown,,Environment,journal_source_sheet_1389,,,,,0,0
journal_8a7c26ca6615de05,International Review of Social History,International Review of Social History,periodical_candidate,bibliographic_metadata_checked,,,unknown,Social,,journal_source_sheet_1389 | journal_source_ooir | journal_source_library_a57d72519d987fa2,0020-8590,eng,,,1,9
journal_f3312d9581dcaf08,Internationales Archiv fuer Sozialgeschichte der Deutschen Literatur,Internationales Archiv fuer Sozialgeschichte der Deutschen Literatur,periodical_candidate,title_matched_candidate,,,unknown,,German-speaking Europe,journal_source_sheet_1389,,,,,0,0
journal_ba5a5f5e7d8fd9c7,Internet Histories,Internet Histories,periodical_candidate,bibliographic_metadata_checked,2017,,unknown,,Media and books,journal_source_sheet_1389 | journal_source_library_8fa47438e7ed5f85,2470-1483,eng,bibliographic_record,catalogued_title_start,1,9
journal_e8d8f97b7dd5405f,Intersections (Australia),Intersections (Australia),periodical_candidate,title_matched_candidate,,,unknown,,,journal_source_sheet_1389,,,,,0,0
journal_34c40ab135f41c11,Interventions,Interventions - International Journal of Postcolonial Studies | Interventions | Interventions-International Journal of Postcolonial Studies,periodical_candidate,title_matched_candidate,,,unknown,,Colonialism and empire,journal_source_sheet_271 | journal_source_sheet_1389 | journal_source_ooir,,,,,0,0
journal_8385af9477d115e3,Intus-Legere Historia,Intus-Legere Historia,periodical_candidate,title_matched_candidate,,,unknown,,,journal_source_sheet_1389,,,,,0,0
journal_40256eb424df5fee,Investigaciones de Historia Economica,Investigaciones de Historia Economica,periodical_candidate,title_matched_candidate,,,unknown,,"Business, labor and economics",journal_source_sheet_1389,,,,,0,0
journal_660a11526179790e,Investigaciones Historicas,Investigaciones Historicas,periodical_candidate,title_matched_candidate,,,unknown,,,journal_source_sheet_1389,,,,,0,0
journal_f9a5f94812880132,Iran and the Caucasus,Iran and the Caucasus,periodical_candidate,title_matched_candidate,,,unknown,Middle East,Russia and Eurasia | Caucasus,journal_source_sheet_271 | journal_source_sheet_1389 | journal_source_ooir,,,,,0,0
journal_3a97286e11f6b5f5,Iranian Studies,Iranian Studies,periodical_candidate,bibliographic_metadata_checked,1967,,unknown,Asia | Middle East,,journal_source_wikipedia | journal_source_sheet_1389 | journal_source_library_2519e5fe7ef67785 | journal_source_library_ec709ebc7be67c0b,0021-0862,eng | per,bibliographic_record,catalogued_title_start,2,5
journal_215053c67a06f64e,Iranica Antiqua,Iranica Antiqua,periodical_candidate,bibliographic_metadata_checked,1961,,unknown,,Middle East | Ancient,journal_source_sheet_1389 | journal_source_library_a5209ed860ca53aa,0021-0870,eng,bibliographic_record,catalogued_title_start,1,8
journal_abfd10f3a0d4ea8e,Irish Economic and Social History,Irish Economic and Social History,periodical_candidate,bibliographic_metadata_checked,1974,,unknown,Ireland,"Business, labor and economics | Social",journal_source_sheet_1389 | journal_source_library_58b0899b409d40a6 | journal_source_library_4f47ca3051216bf1,0332-4893 | 2050-4918,eng,bibliographic_record,catalogued_title_start,2,10
journal_8c0a1181448bc235,Irish Historical Studies,Irish Historical Studies,periodical_candidate,bibliographic_metadata_checked,1938,,unknown,Ireland,,journal_source_sheet_271 | journal_source_sheet_1389 | journal_source_ooir | journal_source_library_1ce9b90a4715a5f7 | journal_source_library_55152d3a2afdcad1 | journal_source_library_020943df1381398a,0021-1214 | 2056-4139,eng,bibliographic_record,catalogued_title_start,3,22
journal_e354a9a5628de194,Irish Studies Review,Irish Studies Review,periodical_candidate,bibliographic_metadata_checked,,,unknown,Literature | Ireland,,journal_source_sheet_1389 | journal_source_library_2235c5d2af0acbfe,0967-0882,eng,,,1,8
journal_8ca2dcb0199b28f9,Isis,Isis,research_journal,publisher_metadata_checked,1912,,unknown,Science and technology | science | technology,,journal_source_wikipedia | journal_source_sheet_1389 | journal_source_chicago_isis | journal_source_library_913d0d32a8bf5b78 | journal_source_isis_foundation | journal_source_venue_review_isis100,0021-1753 | 1545-6994,eng,source_check,publication_start,1,13
journal_b9d0f4d1bea1a26e,Islam - Zeitschrift fur Geschichte und Kultur des Islamischen Orients,Islam - Zeitschrift fur Geschichte und Kultur des Islamischen Orients,periodical_candidate,title_matched_candidate,,,unknown,,Religion,journal_source_sheet_1389,,,,,0,0
journal_43e8150cb7694eb0,Islamic Africa,Islamic Africa,periodical_candidate,bibliographic_metadata_checked,,,unknown,Africa | Islamic studies,Religion,journal_source_sheet_1389 | journal_source_library_78a458504cc6df71,2333-262X,eng,,,1,12
journal_b7f27450a5c414ae,Islamic Quarterly,Islamic Quarterly,periodical_candidate,title_matched_candidate,,,unknown,,Religion,journal_source_sheet_1389,,,,,0,0
journal_092251cbb28322b7,Israel Affairs,Israel Affairs,periodical_candidate,bibliographic_metadata_checked,1994,,unknown,,Middle East,journal_source_sheet_1389 | journal_source_library_5fc2cf033ae9ecb7,1353-7121,eng,bibliographic_record,catalogued_title_start,1,8
journal_e0ab3c0d0da445c0,Israel Exploration Journal,Israel Exploration Journal,periodical_candidate,bibliographic_metadata_checked,1951,,unknown,,Middle East,journal_source_sheet_1389 | journal_source_library_1535f3b29c268037,0021-2059,eng,bibliographic_record,catalogued_title_start,1,12
journal_f705619075dec11c,Israel Studies,Israel Studies,periodical_candidate,bibliographic_metadata_checked,1996,,unknown,Middle East,,journal_source_sheet_1389 | journal_source_library_e907a88318f3d11e | journal_source_library_304af0e90d51916f,1084-9513 | 1527-201X,eng,bibliographic_record,catalogued_title_start,2,17
journal_6a995dbde68cb7db,Israel Studies Review,Israel Studies Review,periodical_candidate,title_matched_candidate,,,unknown,Middle East | Jewish studies,,journal_source_sheet_1389,,,,,0,0
journal_ca95e71681fc7e1a,Istorija 20 Veka,Istorija 20 Veka,periodical_candidate,bibliographic_metadata_checked,,,unknown,Eastern Europe and Balkans | Modern and contemporary,,journal_source_sheet_1389 | journal_source_library_fc0e734aadbd75e3,0352-3160,srp,,,1,8
journal_b3b8227091e0c190,Istoriya,Istoriya,periodical_candidate,title_matched_candidate,,,unknown,,,journal_source_sheet_1389,,,,,0,0
journal_3b83e030920d5fe9,Istrazivanja Journal of Historical Researches,Istrazivanja Journal of Historical Researches,periodical_candidate,title_matched_candidate,,,unknown,,,journal_source_sheet_1389,,,,,0,0
journal_d9502402ea916f3e,ISVS E-journal,ISVS E-journal,periodical_candidate,title_matched_candidate,,,unknown,,,journal_source_sheet_1389,,,,,0,0
journal_c32b7f6d5e83b5a4,Italian Studies,Italian Studies,periodical_candidate,bibliographic_metadata_checked,1937,,unknown,Italy,,journal_source_sheet_1389 | journal_source_library_d8d4a2c880a1976d,0075-1634,eng,bibliographic_record,catalogued_title_start,1,12
journal_f430ccd96990fd04,Italianist,Italianist,periodical_candidate,title_matched_candidate,,,unknown,,Italy,journal_source_sheet_1389,,,,,0,0
journal_68426a520d464719,Itineraria - International Journal of the History of European Expansion and Global Interaction,Itineraria - International Journal of the History of European Expansion and Global Interaction,periodical_candidate,title_matched_candidate,,,unknown,,Europe,journal_source_sheet_271,,,,,0,0
journal_fa867d3a552b6485,Itinerario,Itinerario | Itinerario-International Journal on the History of European Expansion and Global Interaction,periodical_candidate,bibliographic_metadata_checked,,,unknown,Europe | Low Countries,,journal_source_wikipedia | journal_source_sheet_1389 | journal_source_ooir | journal_source_library_f03f32b2e70a135a | journal_source_library_bedd2cc7a5c28f31,0165-1153 | 2041-2827,eng,,,2,19
journal_36c4588e818fb51d,Itinerarios,Itinerarios,periodical_candidate,title_matched_candidate,,,unknown,,,journal_source_sheet_1389,,,,,0,0
journal_8c660d7243bda467,Izquierdas,Izquierdas,periodical_candidate,title_matched_candidate,,,unknown,,Politics and public policy,journal_source_sheet_1389,,,,,0,0
journal_6d43da8093b9af4d,J19,J19,periodical_candidate,bibliographic_metadata_checked,2013,,unknown,United States,Nineteenth century,journal_source_sheet_1389 | journal_source_library_2a9e3e9fcfcce13c | journal_source_library_5e74e58bbfc72c29,2166-742X,eng,bibliographic_record,catalogued_title_start,2,14
journal_a8ce12e3bb4818ab,Jahrbuch fuer Geschichte Lateinamerikas/Anuario de Historia de Amrica Latina,Jahrbuch fuer Geschichte Lateinamerikas/Anuario de Historia de Amrica Latina,periodical_candidate,title_matched_candidate,,,unknown,,Latin America and Caribbean,journal_source_sheet_1389,,,,,0,0
journal_f8a93448c04f5107,Jahrbuch fur Wirtschaftsgeschichte,Jahrbuch fur Wirtschaftsgeschichte,periodical_candidate,title_matched_candidate,,,unknown,"Business, labor and economics",,journal_source_sheet_1389,,,,,0,0
journal_814deb462061d7af,Jahrbucher fuer Geschichte Osteuropas,Jahrbucher fuer Geschichte Osteuropas,periodical_candidate,title_matched_candidate,,,unknown,,Eastern Europe and Balkans,journal_source_ooir,,,,,0,0
journal_cca0c3c53704ebf9,Jahrbucher fur Geschichte Osteuropas,Jahrbucher fur Geschichte Osteuropas,periodical_candidate,title_matched_candidate,,,unknown,,Eastern Europe and Balkans,journal_source_sheet_271,,,,,0,0
journal_2b9c2a44f84e49d6,Japan Forum,Japan Forum,periodical_candidate,bibliographic_metadata_checked,1989,,unknown,East Asia,,journal_source_sheet_1389 | journal_source_library_b600d55fd45b9558,0955-5803,eng,bibliographic_record,catalogued_title_start,1,6
journal_11445357ab5c2fcd,Japanese Studies,Japanese Studies,periodical_candidate,title_matched_candidate,,,unknown,,East Asia,journal_source_sheet_1389,,,,,0,0
journal_99983309e2af53d6,Jerusalem Quarterly,Jerusalem Quarterly,periodical_candidate,title_matched_candidate,,,unknown,Middle East,,journal_source_wikipedia,,,,,0,0
journal_6e5b6b13fb51ee4f,Jewish Culture and History,Jewish Culture and History,periodical_candidate,bibliographic_metadata_checked,1998,,unknown,Jewish studies,Cultural history,journal_source_sheet_1389 | journal_source_library_098eaa36bccf9244 | journal_source_library_329058353c56db79,1462-169X | 2167-9428,eng,bibliographic_record,catalogued_title_start,2,22
journal_0e1cecd651790c35,Jewish History,Jewish History,periodical_candidate,bibliographic_metadata_checked,1986,,unknown,Jewish studies,,journal_source_sheet_271 | journal_source_sheet_1389 | journal_source_ooir | journal_source_library_4eef00b9d3a69d75 | journal_source_library_1d4875f9b1e1cfbc,0334-701X | 1572-8579,eng,bibliographic_record,catalogued_title_start,2,10
journal_f7d182279105e4ba,Jewish Quarterly Review,Jewish Quarterly Review,periodical_candidate,title_matched_candidate,,,unknown,Jewish studies,,journal_source_sheet_1389,,,,,0,0
journal_9d03148c52b1a89d,Jewish Social Studies,Jewish Social Studies,periodical_candidate,bibliographic_metadata_checked,1939,,unknown,Ethnic and racial studies | Jewish studies,,journal_source_wikipedia | journal_source_sheet_1389 | journal_source_library_57d368cf5d885e19,0021-6704,eng,bibliographic_record,catalogued_title_start,1,4
journal_734c00e40b3d6876,John Whitmer Historical Association Journal,John Whitmer Historical Association Journal,periodical_candidate,title_matched_candidate,,,unknown,Religion,,journal_source_wikipedia,,,,,0,0
journal_8b9b7f952393b077,Jordan Journal for History and Archaeology,Jordan Journal for History and Archaeology,periodical_candidate,title_matched_candidate,,,unknown,,Middle East | Archaeology,journal_source_sheet_1389,,,,,0,0
journal_8585d31947c9bdf9,Journal Asiatique,Journal Asiatique,periodical_candidate,bibliographic_metadata_checked,,,unknown,,Asia,journal_source_sheet_1389 | journal_source_library_fca58a0b23858c95 | journal_source_library_c2d59dfccce83968,0021-762X,fre,,,2,7
journal_69efb641fb445235,Journal de la Societe des Oceanistes,Journal de la Societe des Oceanistes,periodical_candidate,title_matched_candidate,,,unknown,,Australasia and Oceania,journal_source_sheet_1389,,,,,0,0
journal_370a07187220dddc,Journal for Eighteenth-Century Studies,Journal for Eighteenth-Century Studies,periodical_candidate,bibliographic_metadata_checked,,,unknown,Europe,Eighteenth century,journal_source_sheet_1389 | journal_source_library_9160b1e92207d694 | journal_source_library_01c88ecd9bd82390,1754-0194 | 1754-0208,eng,,,2,15
journal_75c6a08ade7751b8,Journal for Maritime Research,Journal for Maritime Research,periodical_candidate,bibliographic_metadata_checked,2000,,unknown,Maritime | Military | Britain,,journal_source_sheet_1389 | journal_source_library_093b2443da4465a3,1469-1957,eng,bibliographic_record,catalogued_title_start,1,8
journal_5d9da3198ce156fb,Journal for the History of Astronomy,Journal for the History of Astronomy,periodical_candidate,bibliographic_metadata_checked,,,unknown,Science and technology,,journal_source_wikipedia | journal_source_library_ef2fcd0b262fdf24 | journal_source_library_c0d90487ad6d1506 | journal_source_library_83838020f75e49cd,0021-8286 | 1753-8556,eng,,,3,14
journal_c26d2ea39ec891c6,Journal for the History of Modern Theology,Journal for the History of Modern Theology,periodical_candidate,title_matched_candidate,,,unknown,,Religion,journal_source_sheet_1389,,,,,0,0
journal_309b1738e6dc1d69,Journal for the Society of Army Historical Research,Journal for the Society of Army Historical Research,periodical_candidate,title_matched_candidate,,,unknown,Military,,journal_source_wikipedia,,,,,0,0
journal_fd93742f62ec0c28,Journal for the Study of Judaism,Journal for the Study of Judaism,periodical_candidate,title_matched_candidate,,,unknown,,Jewish studies,journal_source_sheet_271 | journal_source_sheet_1389 | journal_source_ooir,,,,,0,0
journal_bd4f71df41937bd4,Journal for the Study of the Historical Jesus,Journal for the Study of the Historical Jesus,periodical_candidate,bibliographic_metadata_checked,2003,,unknown,,Religion,journal_source_sheet_1389 | journal_source_library_5db24527a6aeb807 | journal_source_library_008372512149ea84,1476-8690 | 1745-5197,eng,bibliographic_record,catalogued_title_start,2,4
journal_811c9bfd83714935,Journal of African American History,Journal of African American History,research_journal,publisher_metadata_checked,2002,,unknown,Ethnic and racial studies | black | African American studies,,journal_source_wikipedia | journal_source_chicago_jaah | journal_source_library_aebcbfd0a8c55957,1548-1867 | 2153-5086,eng,source_check,current_title_start,1,15
journal_4c8f06b614157e91,Journal of African Archaeology,Journal of African Archaeology,periodical_candidate,bibliographic_metadata_checked,2003,,unknown,Archaeology | Africa,,journal_source_sheet_1389 | journal_source_library_1cdf6053a1a11953,2191-5784,eng,bibliographic_record,catalogued_title_start,1,9
journal_96f001dc1b18ac34,Journal of African Diaspora Archaeology and Heritage,Journal of African Diaspora Archaeology and Heritage,periodical_candidate,bibliographic_metadata_checked,2012,,unknown,,Africa | Archaeology | Ethnic and racial studies | Heritage and public history,journal_source_sheet_1389 | journal_source_library_e6de582577666ade | journal_source_library_0e320bfeb61de24d,2161-9441 | 2161-9468,eng,bibliographic_record,catalogued_title_start,2,2
journal_c40d92e0554dd3b7,Journal of Agricultural and Environmental Ethics,Journal of Agricultural and Environmental Ethics,periodical_candidate,bibliographic_metadata_checked,,,unknown,Rural and agricultural,Environment,journal_source_sheet_1389 | journal_source_library_8cebb4e5b087ef3a,1187-7863,eng,,,1,2
journal_bc568584a209150d,Journal of Al-Tamaddun,Journal of Al-Tamaddun,periodical_candidate,title_matched_candidate,,,unknown,Islamic studies | Ideas and historiography | Politics and public policy | Social | Cultural history,,journal_source_sheet_1389,,,,,0,0
journal_9083ce1052ff0c4c,Journal of American Culture,Journal of American Culture,periodical_candidate,title_matched_candidate,,,unknown,,,journal_source_sheet_1389,,,,,0,0
journal_3261cd2551a8f4ca,Journal of American Ethnic History,Journal of American Ethnic History,periodical_candidate,bibliographic_metadata_checked,1981,,unknown,United States,Ethnic and racial studies,journal_source_sheet_271 | journal_source_sheet_1389 | journal_source_ooir | journal_source_library_399efe4e29c12651,0278-5927,eng,bibliographic_record,catalogued_title_start,1,15
journal_de54e5162c0d8c01,Journal of American Studies,Journal of American Studies,periodical_candidate,title_matched_candidate,,,unknown,United States,,journal_source_wikipedia,,,,,0,0
journal_5821106d7b9088f4,Journal of American-East Asian Relations,Journal of American-East Asian Relations,periodical_candidate,bibliographic_metadata_checked,1992,,unknown,Asia | International relations and diplomatic | East Asia | United States,,journal_source_wikipedia | journal_source_sheet_1389 | journal_source_library_43b8e0721e1a964a | journal_source_library_3ef44b8a0d07ca69,1058-3947 | 1876-5610,eng,bibliographic_record,catalogued_title_start,2,11
journal_39eaf3270a5db929,Journal of Ancient Civilizations,Journal of Ancient Civilizations,periodical_candidate,title_matched_candidate,,,unknown,,Ancient,journal_source_sheet_1389,,,,,0,0
journal_67f2cb6f52ee5783,Journal of Ancient History and Archaeology,Journal of Ancient History and Archaeology,periodical_candidate,title_matched_candidate,,,unknown,,Ancient | Archaeology,journal_source_sheet_1389,,,,,0,0
journal_4ac587b828c7f684,Journal of Ancient Near Eastern Religions,Journal of Ancient Near Eastern Religions,periodical_candidate,bibliographic_metadata_checked,2001,,unknown,Religion | Middle East,Ancient,journal_source_sheet_271 | journal_source_sheet_1389 | journal_source_library_3faff3b90c14ea6a | journal_source_library_bd1272889c6333de | journal_source_library_e82aeeefc2473df8,1569-2116 | 1569-2124,eng | fre | ger,bibliographic_record,catalogued_title_start,3,27
journal_6cafd4c2e73b5b8c,Journal of Anglo-Portuguese Studies,Journal of Anglo-Portuguese Studies,periodical_candidate,title_matched_candidate,,,unknown,,Iberia,journal_source_sheet_1389,,,,,0,0
journal_97051773a44b0c60,Journal of Anthropological Archaeology,Journal of Anthropological Archaeology,periodical_candidate,bibliographic_metadata_checked,1982,,unknown,Archaeology,Anthropology and ethnography,journal_source_sheet_1389 | journal_source_library_eedd0df6afeeae21,0278-4165,eng,bibliographic_record,catalogued_title_start,1,18
journal_9ef951fd69ac0a2e,Journal of Archaeological Science,Journal of Archaeological Science,periodical_candidate,bibliographic_metadata_checked,1974,,unknown,Archaeology,,journal_source_sheet_1389 | journal_source_library_f90e01b44e317203,0305-4403,eng,bibliographic_record,catalogued_title_start,1,7
journal_b40c762271d3a12e,Journal of Archaeological Science: Reports,Journal of Archaeological Science: Reports,periodical_candidate,bibliographic_metadata_checked,2015,,unknown,Archaeology,,journal_source_sheet_1389 | journal_source_library_37038a304c99f190,2352-409X,eng,bibliographic_record,catalogued_title_start,1,4
journal_4e2e554255607ea8,Journal of Asian American Studies,Journal of Asian American Studies,periodical_candidate,bibliographic_metadata_checked,1998,,unknown,Ethnic and racial studies,,journal_source_wikipedia | journal_source_library_b3352363fc0a351a | journal_source_library_d668bae63f06f4f0,1096-8598 | 1097-2129,eng,bibliographic_record,catalogued_title_start,2,9
journal_8fa6d55b62619679,Journal of Asian History,Journal of Asian History,periodical_candidate,bibliographic_metadata_checked,1967,,unknown,Asia,,journal_source_sheet_271 | journal_source_ooir | journal_source_library_9d19c0d225fd6af0,0021-910X,eng,bibliographic_record,catalogued_title_start,1,8
journal_eae6adfa2ada8491,Journal of Astronomical History and Heritage,Journal of Astronomical History and Heritage,periodical_candidate,bibliographic_metadata_checked,1998,,unknown,,Heritage and public history,journal_source_sheet_1389 | journal_source_library_4e6c0ab30c51f824,1440-2807,eng,bibliographic_record,catalogued_title_start,1,4
journal_6c752854d3e747af,Journal of Australian Studies,Journal of Australian Studies,periodical_candidate,bibliographic_metadata_checked,1977,,unknown,Australasia and Oceania,,journal_source_sheet_271 | journal_source_sheet_1389 | journal_source_ooir | journal_source_library_1a478da70e867fbb | journal_source_library_3ecf0ad28d6754fc,1444-3058,eng,bibliographic_record,catalogued_title_start,2,8
journal_9ed6094437f11ea2,Journal of Austrian-American History,Journal of Austrian-American History,periodical_candidate,bibliographic_metadata_checked,2017,,unknown,,United States | German-speaking Europe,journal_source_sheet_1389 | journal_source_library_4325ac5a98f7abe0,2475-0905,eng,bibliographic_record,catalogued_title_start,1,2
journal_c183402b09c409fc,Journal of Balkan and Near Eastern Studies,Journal of Balkan and Near Eastern Studies,periodical_candidate,bibliographic_metadata_checked,,,unknown,Eastern Europe and Balkans | Middle East,,journal_source_sheet_1389 | journal_source_library_3511750735932a5d,1944-8953,eng,,,1,20
journal_7342ee2e5afec0ec,Journal of Baltic Studies,Journal of Baltic Studies,periodical_candidate,title_matched_candidate,,,unknown,Eastern Europe and Balkans,,journal_source_wikipedia,,,,,0,0
journal_9e5303872f15bf63,Journal of Belgian History,Journal of Belgian History,periodical_candidate,title_matched_candidate,,,unknown,Western Europe,,journal_source_wikipedia,,,,,0,0
journal_6667fab2ce8d0274,Journal of Belgian History - Revue Belge d”Histoire Contemporaine,Journal of Belgian History - Revue Belge d”Histoire Contemporaine,periodical_candidate,title_matched_candidate,,,unknown,,Western Europe | Modern and contemporary,journal_source_sheet_271,,,,,0,0
journal_3f383aa8e45b2601,Journal of British Studies,Journal of British Studies,periodical_candidate,bibliographic_metadata_checked,,,unknown,Britain,,journal_source_wikipedia | journal_source_sheet_271 | journal_source_sheet_1389 | journal_source_ooir | journal_source_library_197fd028279fb409 | journal_source_library_41c86923d0a006ac,0021-9371 | 1545-6986,eng,,,2,19
journal_7f11d9d5ddc221d1,Journal of Burma Studies,Journal of Burma Studies,periodical_candidate,title_matched_candidate,,,unknown,,Southeast Asia,journal_source_sheet_1389,,,,,0,0
journal_f625f9a29809f01c,Journal of Canadian Studies,Journal of Canadian Studies,periodical_candidate,title_matched_candidate,,,unknown,,Canada,journal_source_sheet_1389,,,,,0,0
journal_86ee003c94c7951e,Journal of Chinese History,Journal of Chinese History,periodical_candidate,bibliographic_metadata_checked,2017,,unknown,East Asia,,journal_source_sheet_1389 | journal_source_library_4bec2fac1b876448 | journal_source_library_0c48d0cf03787b31 | journal_source_library_d19339a959ea6440,2059-1632 | 2059-1640,eng,bibliographic_record,catalogued_title_start,3,7
journal_7592b6a3251d66f6,Journal of Chinese Humanities,Journal of Chinese Humanities,periodical_candidate,bibliographic_metadata_checked,,,unknown,Asia | Humanities | East Asia,,journal_source_sheet_1389 | journal_source_library_956e56bd5b171423 | journal_source_library_2ddb4acd4ea476c9,2352-1333 | 2352-1341,eng,,,2,20
journal_48176cf0ef384b8d,Journal of Chinese Military History,Journal of Chinese Military History,periodical_candidate,bibliographic_metadata_checked,2012,,unknown,East Asia,Military,journal_source_sheet_1389 | journal_source_library_c50e5903308a9284,2212-7453,eng,bibliographic_record,catalogued_title_start,1,2
journal_a086a4eaeb83fe7b,Journal of Chinese Overseas,Journal of Chinese Overseas,periodical_candidate,bibliographic_metadata_checked,2005,,unknown,Diaspora and migration | Transnational studies,,journal_source_sheet_1389 | journal_source_library_c8c4ce266c548914 | journal_source_library_9d241b3a03789558,1793-0391 | 1793-2548,eng,bibliographic_record,catalogued_title_start,2,12
journal_0ac0b65c71faec1d,Journal of Chinese Writing Systems,Journal of Chinese Writing Systems,periodical_candidate,bibliographic_metadata_checked,2017,,unknown,,East Asia | Language and linguistics,journal_source_sheet_1389 | journal_source_library_8d82e27c7fc35dc0,2513-8510,eng,bibliographic_record,catalogued_title_start,1,4
journal_072b906a45e5a200,Journal of Church and State,Journal of Church and State,periodical_candidate,bibliographic_metadata_checked,1959,,unknown,,Religion | Politics and public policy,journal_source_sheet_1389 | journal_source_library_f9b574fb6497b135,2040-4867,eng,bibliographic_record,catalogued_title_start,1,4
journal_a09ca3d405b3ee2d,Journal of Cold War Studies,Journal of Cold War Studies,periodical_candidate,bibliographic_metadata_checked,1999,,unknown,International relations and diplomatic,,journal_source_wikipedia | journal_source_sheet_271 | journal_source_sheet_1389 | journal_source_ooir | journal_source_library_24b843287a13f303 | journal_source_library_5b28f3a844fc8d9d,1520-3972 | 1531-3298,eng,bibliographic_record,catalogued_title_start,2,14
journal_2d0a6518990a0fc5,Journal of Commonwealth and Postcolonial Studies,Journal of Commonwealth and Postcolonial Studies,periodical_candidate,bibliographic_metadata_checked,,,unknown,,Colonialism and empire,journal_source_sheet_1389 | journal_source_library_db87a432628a3ca8,1073-1687,eng,,,1,4
journal_8f4a979bca341aad,Journal of Conflict Archaeology,Journal of Conflict Archaeology,periodical_candidate,bibliographic_metadata_checked,2005,,unknown,Archaeology,,journal_source_sheet_1389 | journal_source_library_2ea68c59a016906e | journal_source_library_fb66d50aa08ef8e9 | journal_source_library_a8a94508e9a72ec6,1574-0773 | 1574-0781,eng,bibliographic_record,catalogued_title_start,3,14
journal_87f5474406e9e28c,Journal of Conflict Resolution,Journal of Conflict Resolution,periodical_candidate,bibliographic_metadata_checked,,,unknown,International relations and diplomatic,,journal_source_wikipedia | journal_source_library_2177e6d1976a2117 | journal_source_library_104490cbf71b56c5,0022-0027 | 1552-8766,eng,,,2,28
journal_91571d3e021b7707,Journal of Contemporary Central and Eastern Europe,Journal of Contemporary Central and Eastern Europe,periodical_candidate,title_matched_candidate,,,unknown,,Eastern Europe and Balkans,journal_source_sheet_1389,,,,,0,0
journal_79a71862efe69ce1,Journal of Contemporary History,Journal of Contemporary History,periodical_candidate,title_matched_candidate,,,unknown,Modern and contemporary,,journal_source_wikipedia | journal_source_sheet_271 | journal_source_sheet_1389 | journal_source_ooir,,,,,0,0
journal_baec35d136f8cd38,Journal of Coptic Studies,Journal of Coptic Studies,periodical_candidate,bibliographic_metadata_checked,1990,,unknown,,Religion,journal_source_sheet_1389 | journal_source_library_75e6d713a8e9b5d4 | journal_source_library_a081fecdd63c6c2a,1016-5584 | 1783-1512,eng | fre | ger | grc,bibliographic_record,catalogued_title_start,2,21
journal_61fc40a27886234d,Journal of Cultural Analytics,Journal of Cultural Analytics,periodical_candidate,bibliographic_metadata_checked,2016,,unknown,Cultural studies,,journal_source_sheet_1389 | journal_source_library_7aa6b5daca6fc07f | journal_source_library_210cf868fc4a8461,2371-4549,eng,bibliographic_record,catalogued_title_start,2,6
journal_a4aa55469a081a29,Journal of Cultural Heritage,Journal of Cultural Heritage,periodical_candidate,bibliographic_metadata_checked,2000,,unknown,Heritage and public history,,journal_source_sheet_1389 | journal_source_library_fa2acbce0521b607 | journal_source_library_941bf0f0ad1c8829,1296-2074,eng,bibliographic_record,catalogued_title_start,2,10
journal_eff8dc1ec74d30c5,Journal of Cuneiform Studies,Journal of Cuneiform Studies,periodical_candidate,bibliographic_metadata_checked,1947,,unknown,Middle East,Ancient,journal_source_sheet_1389 | journal_source_library_e9e916eb5edf3848,0022-0256,eng,bibliographic_record,catalogued_title_start,1,10
journal_02374963f4ea4849,Journal of Early American History,Journal of Early American History,periodical_candidate,bibliographic_metadata_checked,2011,,unknown,United States,,journal_source_sheet_1389 | journal_source_library_03204c265f5d51cd | journal_source_library_12945db411100924,1877-0223 | 1877-0703,eng,bibliographic_record,catalogued_title_start,2,7
journal_3a2f182b9107325c,Journal of Early Christian Studies,Journal of Early Christian Studies,periodical_candidate,bibliographic_metadata_checked,,,unknown,Religion,Late Antiquity,journal_source_sheet_271 | journal_source_sheet_1389 | journal_source_library_c980904ea20968a7,1067-6341,eng,,,1,20
journal_f7f5c76bcfa26287,Journal of Early Modern History,Journal of Early Modern History,periodical_candidate,bibliographic_metadata_checked,1997,,unknown,Modern and contemporary,Early modern,journal_source_sheet_271 | journal_source_sheet_1389 | journal_source_ooir | journal_source_library_4abd6dc9d81858ae | journal_source_library_f69d8925ab33df57 | journal_source_library_20f9c27c762c7beb,1385-3783 | 1570-0658,eng,bibliographic_record,catalogued_title_start,3,16
journal_cac509f682261f23,Journal of Early Modern Studies,Journal of Early Modern Studies,periodical_candidate,title_matched_candidate,,,unknown,,Early modern,journal_source_sheet_1389,,,,,0,0
journal_0b58a47e76ed8836,Journal of Eastern African Studies,Journal of Eastern African Studies,periodical_candidate,bibliographic_metadata_checked,2007,,unknown,,Africa,journal_source_sheet_1389 | journal_source_library_3b2c1329a4e0d8c4 | journal_source_library_ff2468c7c302cb44,1753-1055 | 1753-1063,eng,bibliographic_record,catalogued_title_start,2,6
journal_128e66f735f52fab,Journal of Ecclesiastical History,Journal of Ecclesiastical History,periodical_candidate,title_matched_candidate,,,unknown,Religion,,journal_source_wikipedia | journal_source_sheet_271 | journal_source_sheet_1389 | journal_source_ooir,,,,,0,0
journal_f945b16485034b24,Journal of Economic History,"Journal of Economic History | Journal of Economic History""",research_journal,publisher_metadata_checked,1941,,unknown,"Business, labor and economics | economic",,journal_source_wikipedia | journal_source_sheet_271 | journal_source_sheet_1389 | journal_source_ooir | journal_source_cambridge_jeh | journal_source_library_d7ef1e0ce2590af6,0022-0507 | 1471-6372,eng,bibliographic_record,catalogued_title_start,1,4
journal_30dfefb6438f56be,Journal of Egyptian Archaeology,Journal of Egyptian Archaeology,periodical_candidate,title_matched_candidate,,,unknown,,Egypt | Archaeology,journal_source_sheet_1389,,,,,0,0
journal_85759916e0bae0c5,Journal of Egyptian History,Journal of Egyptian History,periodical_candidate,bibliographic_metadata_checked,2008,,unknown,Egypt,,journal_source_sheet_1389 | journal_source_library_7818de5bec25936d | journal_source_library_476b5f4a3a1dfd0d,1874-1657 | 1874-1665,eng,bibliographic_record,catalogued_title_start,2,8
journal_4defb1ed12a2fb64,Journal of Epigraphic Studies,Journal of Epigraphic Studies,periodical_candidate,title_matched_candidate,,,unknown,,Archaeology,journal_source_sheet_1389,,,,,0,0
journal_7dfffe81c3eadfd1,Journal of Eurasian Studies,Journal of Eurasian Studies,periodical_candidate,bibliographic_metadata_checked,2010,,unknown,Russia and Eurasia,,journal_source_sheet_1389 | journal_source_library_a6dce64ddfd63905 | journal_source_library_0476cc05f50abb30,1879-3665 | 1879-3673,eng,bibliographic_record,catalogued_title_start,2,8
journal_57b02953307cd806,Journal of European Economic History,Journal of European Economic History,periodical_candidate,title_matched_candidate,,,unknown,,"Europe | Business, labor and economics",journal_source_sheet_1389,,,,,0,0
journal_40dae856794b879a,Journal of European Integration History,Journal of European Integration History,periodical_candidate,bibliographic_metadata_checked,1995,,unknown,Europe,,journal_source_sheet_1389 | journal_source_library_61ad41dfcf89405b,0947-9511,eng,bibliographic_record,catalogued_title_start,1,14
journal_a0ecba92e4f263e1,Journal of Family History,Journal of Family History,periodical_candidate,bibliographic_metadata_checked,,,unknown,Demography and family,,journal_source_wikipedia | journal_source_ooir | journal_source_library_3f773ea8e52bcac3 | journal_source_library_1c3a1b5db84121cf | journal_source_library_4c7da40d7d8ef6c4,0363-1990 | 1552-5473,eng,,,3,27
journal_73cfe4dd8669d4b5,Journal of Genocide Research,Journal of Genocide Research,periodical_candidate,bibliographic_metadata_checked,1999,,unknown,Genocide,,journal_source_wikipedia | journal_source_sheet_1389 | journal_source_library_4c2a2ca9f2707a26,1462-3528,eng,bibliographic_record,catalogued_title_start,1,3
journal_a764bc5459b02802,Journal of Global Buddhism,Journal of Global Buddhism,periodical_candidate,title_matched_candidate,,,unknown,,Religion,journal_source_sheet_1389,,,,,0,0
journal_4455dbe3edff263b,Journal of global History,Journal of global History | Journal of Global History,periodical_candidate,bibliographic_metadata_checked,2006,,unknown,Ideas and historiography,,journal_source_sheet_271 | journal_source_sheet_1389 | journal_source_ooir | journal_source_library_a6a7114fc531c1bd | journal_source_library_e9cb7808482286c4,1740-0228 | 1740-0236,eng,bibliographic_record,catalogued_title_start,2,16
journal_bc9a224a0c7ddec6,Journal of Global Slavery,Journal of Global Slavery,periodical_candidate,bibliographic_metadata_checked,2016,,unknown,,Ethnic and racial studies,journal_source_sheet_1389 | journal_source_library_69f532218b524d93 | journal_source_library_a26b4a2728401437,2405-8351 | 2405-836X,eng,bibliographic_record,catalogued_title_start,2,6
journal_4a8803ef72e243e9,Journal of Global South Studies,Journal of Global South Studies,periodical_candidate,bibliographic_metadata_checked,,,unknown,United States,Global South,journal_source_sheet_1389 | journal_source_library_d53d5688f729eba3 | journal_source_library_6a5f099000ff6ac1,2476-1397 | 2476-1419,eng,,,2,13
journal_c5dba6a3a05835fd,Journal of Heritage Tourism,Journal of Heritage Tourism,periodical_candidate,bibliographic_metadata_checked,2006,,unknown,,Heritage and public history,journal_source_sheet_1389 | journal_source_library_76189437dd715534,1747-6631,eng,bibliographic_record,catalogued_title_start,1,6
journal_7b35c15d5248d085,Journal of Historical Geography,Journal of Historical Geography,periodical_candidate,bibliographic_metadata_checked,1975,,unknown,Geography,,journal_source_sheet_1389 | journal_source_library_e2961c93e08af607,0305-7488,eng,bibliographic_record,catalogued_title_start,1,5
journal_13570df9a7422fdb,Journal of Historical Research in Music Education,Journal of Historical Research in Music Education,periodical_candidate,bibliographic_metadata_checked,,,unknown,Music,,journal_source_sheet_1389 | journal_source_library_1da280acb90c9f59,1536-6006,eng,,,1,4
journal_0ff5c17fd43c4f65,Journal of Historical Sociology,Journal of Historical Sociology,periodical_candidate,bibliographic_metadata_checked,,,unknown,Social,,journal_source_sheet_1389 | journal_source_library_006bddb12689e9e5 | journal_source_library_a6e9735323192e86,0952-1909 | 1467-6443,eng,,,2,14
journal_60abd8b19fe3dd1d,Journal of Holy Land and Palestine Studies,Journal of Holy Land and Palestine Studies,periodical_candidate,bibliographic_metadata_checked,,,unknown,Archaeology | Middle East,,journal_source_sheet_1389 | journal_source_library_e4eefeaebb718a4b,2054-1988,eng,,,1,27
journal_a1f77646ec5a2cb0,Journal of Human Rights Practice,Journal of Human Rights Practice,periodical_candidate,bibliographic_metadata_checked,2009,,unknown,,,journal_source_sheet_1389 | journal_source_library_0366e8cf0130c1ac | journal_source_library_c6f66c6cb5f25bf2,1757-9619,eng,bibliographic_record,catalogued_title_start,2,10
journal_59eaa36a1bc0c9a4,Journal of Iberian and Latin American Studies,Journal of Iberian and Latin American Studies,periodical_candidate,title_matched_candidate,,,unknown,,Latin America and Caribbean | Iberia,journal_source_sheet_1389,,,,,0,0
journal_5ad5cf72e4b4ea6d,Journal of Illinois History,Journal of Illinois History,periodical_candidate,title_matched_candidate,,,unknown,United States,,journal_source_wikipedia,,,,,0,0
journal_68d6c6688a6fc8fc,Journal of Imperial and Commonwealth History,Journal of Imperial and Commonwealth History,periodical_candidate,title_matched_candidate,,,unknown,,Colonialism and empire,journal_source_sheet_271 | journal_source_sheet_1389 | journal_source_ooir,,,,,0,0
journal_c2b568419f00d996,Journal of Indo-European Studies,Journal of Indo-European Studies,periodical_candidate,title_matched_candidate,,,unknown,,,journal_source_sheet_1389,,,,,0,0
journal_4f05bbd5cbfe6767,Journal of Indonesian Islam,Journal of Indonesian Islam,periodical_candidate,bibliographic_metadata_checked,2007,,unknown,"Southeast Asia | Islamic studies | Religion | Politics and public policy | Legal | Business, labor and economics | Cultural studies | Social",,journal_source_sheet_1389 | journal_source_library_1f2adcc3d53c86eb | journal_source_library_c2cb3ccb75a14e56,1978-6301,ara | eng,bibliographic_record,catalogued_title_start,2,8
journal_348b51577d447e62,Journal of Inklings Studies,Journal of Inklings Studies,periodical_candidate,title_matched_candidate,,,unknown,,,journal_source_sheet_1389,,,,,0,0
journal_09012fb45eab4d3e,Journal of Intelligence History,Journal of Intelligence History,periodical_candidate,bibliographic_metadata_checked,2001,,unknown,,,journal_source_sheet_1389 | journal_source_library_b201a374ed373c4f | journal_source_library_9ba0ca4ac4922271 | journal_source_library_b273a110d63ee64c,1616-1262 | 2169-5601,eng,bibliographic_record,catalogued_title_start,3,29
journal_760e708b76e13ae9,Journal of Intercultural Studies,Journal of Intercultural Studies,periodical_candidate,bibliographic_metadata_checked,1980,,unknown,,Cultural studies,journal_source_sheet_1389 | journal_source_library_879b4dbb1b5574b3,1469-9540,eng,bibliographic_record,catalogued_title_start,1,5
journal_186238c00e627d8e,Journal of Interdisciplinary History,Journal of Interdisciplinary History,research_journal,publisher_metadata_checked,1970,,unknown,General history | Interdisciplinary history,,journal_source_wikipedia | journal_source_sheet_271 | journal_source_sheet_1389 | journal_source_ooir | journal_source_mit_jinh | journal_source_library_24e399406e163bd3 | journal_source_library_3cb36c2e653c1f73 | journal_source_interdisciplinary_history_foundation | journal_source_venue_review_jih50,0022-1953 | 1530-9169,eng,bibliographic_record,catalogued_title_start,2,15
journal_ce2f531fe05e3e24,Journal of Islamic Studies,Journal of Islamic Studies,periodical_candidate,title_matched_candidate,,,unknown,,Religion,journal_source_sheet_1389,,,,,0,0
journal_e0d2a256525c4052,Journal of Islamic Thought and Civilization,Journal of Islamic Thought and Civilization,periodical_candidate,bibliographic_metadata_checked,2011,,unknown,Islamic studies,Religion,journal_source_sheet_1389 | journal_source_library_1b9dca8c7bb1b190 | journal_source_library_fb98c63e8b66a437,2075-0943 | 2520-0313,eng,bibliographic_record,catalogued_title_start,2,17
journal_0102def67e23f4a2,Journal of Island and Coastal Archaeology,Journal of Island and Coastal Archaeology,periodical_candidate,title_matched_candidate,,,unknown,,Archaeology,journal_source_sheet_1389,,,,,0,0
journal_bc73411822eb0690,Journal of Israeli History,Journal of Israeli History,periodical_candidate,title_matched_candidate,,,unknown,,Middle East,journal_source_sheet_271 | journal_source_sheet_1389 | journal_source_ooir,,,,,0,0
journal_1324eaa6239e3423,Journal of Japanese Studies,Journal of Japanese Studies,periodical_candidate,title_matched_candidate,,,unknown,East Asia,,journal_source_wikipedia,,,,,0,0
journal_d0b016607a360c95,Journal of Jesuit Studies,Journal of Jesuit Studies,periodical_candidate,bibliographic_metadata_checked,2014,,unknown,Religion | General history,,journal_source_sheet_1389 | journal_source_library_0687833222974774 | journal_source_library_48216e413b4f799a | journal_source_library_3ac9649bd047fbc5,2214-1324 | 2214-1332,eng,bibliographic_record,catalogued_title_start,3,6
journal_5f688a60482e0f9e,Journal of Jewish Languages,Journal of Jewish Languages,periodical_candidate,bibliographic_metadata_checked,2013,,unknown,Jewish studies,,journal_source_sheet_1389 | journal_source_library_e5c375147643cd64 | journal_source_library_beac237d61a7d26c | journal_source_library_5feae6f3492b91f9,2213-4387 | 2213-4638,eng,bibliographic_record,catalogued_title_start,3,8
journal_042f6649722e2ad5,Journal of Jewish Studies,Journal of Jewish Studies,periodical_candidate,bibliographic_metadata_checked,1948,,unknown,Jewish studies,,journal_source_sheet_1389 | journal_source_library_3272cb6412a06b6c | journal_source_library_ce9f0ced89c3917a,0022-2097 | 2056-6689,eng,bibliographic_record,catalogued_title_start,2,10
journal_44b462a921d02ce6,Journal of Korean Studies,Journal of Korean Studies,periodical_candidate,title_matched_candidate,,,unknown,,East Asia,journal_source_sheet_271,,,,,0,0
journal_5c9361edb40521aa,Journal of Language and Politics,Journal of Language and Politics,periodical_candidate,bibliographic_metadata_checked,2002,,unknown,Language and linguistics,Politics and public policy,journal_source_sheet_1389 | journal_source_library_2064e22e5d3bd2a1,1569-9862,eng,bibliographic_record,catalogued_title_start,1,3
journal_ef420fa33c8f600a,Journal of Late Antiquity,Journal of Late Antiquity,periodical_candidate,bibliographic_metadata_checked,2008,,unknown,Ancient,Late Antiquity,journal_source_sheet_1389 | journal_source_library_a1eeb4b5cb5bd4b3 | journal_source_library_64dd4733982651ba,1939-6716,eng,bibliographic_record,catalogued_title_start,2,8
journal_6cc572b422cc9cfa,Journal of Latin American Cultural Studies,Journal of Latin American Cultural Studies,periodical_candidate,bibliographic_metadata_checked,,,unknown,Latin America and Caribbean,Cultural studies,journal_source_sheet_1389 | journal_source_library_2baa084c1b6643a8 | journal_source_library_4fb4caf10f01cebf,1356-9325 | 1469-9575,eng,,,2,11
journal_dca8de697d2e87d7,Journal of Latin American Studies,Journal of Latin American Studies,periodical_candidate,bibliographic_metadata_checked,1969,,unknown,Iberoamerica | Latin America and Caribbean,,journal_source_wikipedia | journal_source_library_91e9df1f4b466317 | journal_source_library_bfe2a372da91a799,0022-216X,eng,bibliographic_record,catalogued_title_start,2,26
journal_93fad54185e83111,Journal of Legal History,Journal of Legal History,periodical_candidate,title_matched_candidate,,,unknown,,Legal,journal_source_sheet_271 | journal_source_sheet_1389 | journal_source_ooir,,,,,0,0
journal_6684ff30e8b386de,Journal of Lusophone Studies,Journal of Lusophone Studies,periodical_candidate,title_matched_candidate,,,unknown,,,journal_source_sheet_1389,,,,,0,0
journal_80e1b18f4216a5ad,Journal of Magazine Media,Journal of Magazine Media,periodical_candidate,title_matched_candidate,,,unknown,,Media and books,journal_source_sheet_1389,,,,,0,0
journal_0696b8d3e6073445,Journal of Management Development,Journal of Management Development,periodical_candidate,title_matched_candidate,,,unknown,,,journal_source_sheet_1389,,,,,0,0
journal_513aa84d8ec855f3,Journal of Management History,Journal of Management History,periodical_candidate,bibliographic_metadata_checked,,,unknown,,,journal_source_sheet_1389 | journal_source_library_bcd5b9ae9cf10b16 | journal_source_library_65ee48d45b051d2d,1758-7751,eng,,,2,11
journal_63264bf2aa91d0e4,Journal of Maritime Research,Journal of Maritime Research,periodical_candidate,title_matched_candidate,,,unknown,,Maritime,journal_source_sheet_1389,,,,,0,0
journal_f1b98fd18b592a36,Journal of Medical Ethics and History of Medicine,Journal of Medical Ethics and History of Medicine,periodical_candidate,title_matched_candidate,,,unknown,Medicine and health | Medical ethics,,journal_source_sheet_1389,,,,,0,0
journal_b333afd6f217e269,Journal of Medieval History,Journal of Medieval History,periodical_candidate,bibliographic_metadata_checked,1975,,unknown,Middle Ages | Middle Ages,,journal_source_wikipedia | journal_source_sheet_1389 | journal_source_library_82b2b74f59d68718 | journal_source_library_a3582eb1b21c32dd,0304-4181,eng,bibliographic_record,catalogued_title_start,2,16
journal_43b50270ea079854,Journal of Medieval Iberian Studies,Journal of Medieval Iberian Studies,periodical_candidate,bibliographic_metadata_checked,,,unknown,Iberia,Middle Ages,journal_source_sheet_1389 | journal_source_library_53ee769e1fa00419 | journal_source_library_6f046318fbde1095,1754-6559 | 1754-6567,eng,,,2,22
journal_aefa3b842e9299d0,Journal of Medieval Monastic Studies,Journal of Medieval Monastic Studies,periodical_candidate,bibliographic_metadata_checked,2012,,unknown,,Middle Ages | Religion,journal_source_sheet_1389 | journal_source_library_924e418412142f1a,2034-3515,eng,bibliographic_record,catalogued_title_start,1,1
journal_34b66a274e26097d,Journal of Medieval Religious Cultures,Journal of Medieval Religious Cultures,periodical_candidate,title_matched_candidate,,,unknown,,Middle Ages | Religion,journal_source_sheet_1389,,,,,0,0
journal_0c74a728594aaf45,Journal of Mediterranean Studies,Journal of Mediterranean Studies,periodical_candidate,bibliographic_metadata_checked,1991,,unknown,Mediterranean,,journal_source_sheet_271 | journal_source_library_3efd661b9a33affd | journal_source_library_343ebf8cee5833f4,1016-3476,eng,bibliographic_record,catalogued_title_start,2,7
journal_750944414b5b8d2b,Journal of Mekong Societies,Journal of Mekong Societies,periodical_candidate,title_matched_candidate,,,unknown,,,journal_source_sheet_1389,,,,,0,0
journal_b91cf53bc989e3c6,Journal of Middle East Women's Studies,Journal of Middle East Women's Studies,periodical_candidate,title_matched_candidate,,,unknown,Gender and sexuality | Middle East,,journal_source_sheet_1389,,,,,0,0
journal_5e2c4b4321a8e81d,Journal of Migration History,Journal of Migration History,periodical_candidate,bibliographic_metadata_checked,2015,,unknown,Diaspora and migration,Ethnic and racial studies,journal_source_sheet_1389 | journal_source_library_e1308a92be07fc69 | journal_source_library_74dfa02d466d1dfc,2351-9924,eng,bibliographic_record,catalogued_title_start,2,8
journal_409717ea150ea375,Journal of Military History,Journal of Military History,periodical_candidate,title_matched_candidate,,,unknown,Military,,journal_source_wikipedia | journal_source_sheet_271,,,,,0,0
journal_75c0b45708257d91,Journal of Modern African Studies,Journal of Modern African Studies,periodical_candidate,title_matched_candidate,,,unknown,Africa,,journal_source_wikipedia,,,,,0,0
journal_5c49eab63ef7fd8b,Journal of Modern Chinese History,Journal of Modern Chinese History,periodical_candidate,title_matched_candidate,,,unknown,,East Asia,journal_source_sheet_1389,,,,,0,0
journal_057f4e95b6bd7edb,Journal of Modern European History,Journal of Modern European History,periodical_candidate,bibliographic_metadata_checked,2003,,unknown,Europe,,journal_source_sheet_271 | journal_source_sheet_1389 | journal_source_ooir | journal_source_library_fb77082d7802a4b4,1611-8944,eng,bibliographic_record,catalogued_title_start,1,9
journal_8cf321b87cd71067,Journal of Modern Greek Studies,Journal of Modern Greek Studies,periodical_candidate,bibliographic_metadata_checked,1983,,unknown,Eastern Europe and Balkans | Greece,,journal_source_wikipedia | journal_source_sheet_1389 | journal_source_library_2a3770a32a243c20,0738-1727,eng,bibliographic_record,catalogued_title_start,1,6
journal_bcbdf33aaac0ed1d,Journal of Modern Italian Studies,Journal of Modern Italian Studies,periodical_candidate,bibliographic_metadata_checked,1995,,unknown,Italy,,journal_source_sheet_271 | journal_source_sheet_1389 | journal_source_ooir | journal_source_library_1fcf98861c8e4896,1469-9583,eng,bibliographic_record,catalogued_title_start,1,15
journal_49c3e300249f856d,Journal of Modern Jewish Studies,Journal of Modern Jewish Studies,periodical_candidate,bibliographic_metadata_checked,2002,,unknown,Jewish studies,,journal_source_sheet_1389 | journal_source_library_ff64eee14b371ae0,1472-5886,eng,bibliographic_record,catalogued_title_start,1,14
journal_a57b575d2528ade4,Journal of Modern Turkish History,Journal of Modern Turkish History,periodical_candidate,title_matched_candidate,,,unknown,,Middle East,journal_source_sheet_1389,,,,,0,0
journal_3f66d54b263d36b2,Journal of Moravian History,Journal of Moravian History,periodical_candidate,bibliographic_metadata_checked,,,unknown,,,journal_source_sheet_1389 | journal_source_library_b16beb1a03fdf835,1933-6632,eng,,,1,2
journal_8bec0e86e7c4a53e,Journal of Mormon History,Journal of Mormon History,periodical_candidate,bibliographic_metadata_checked,1974,,unknown,Religion,,journal_source_wikipedia | journal_source_library_ee694eb22830befd | journal_source_library_c7edb67dab377dc5,0094-7342,eng,bibliographic_record,catalogued_title_start,2,6
journal_2d4154272b770384,Journal of Muslims in Europe,Journal of Muslims in Europe,periodical_candidate,bibliographic_metadata_checked,,,unknown,Islamic studies | Europe,Religion,journal_source_sheet_1389 | journal_source_library_35888b2b20c369f8 | journal_source_library_6f8b1f0b2a12bba5,2211-7954,eng,,,2,23
journal_0715158bcb3ca7fc,Journal of Namibian Studies,Journal of Namibian Studies,periodical_candidate,title_matched_candidate,,,unknown,,Africa,journal_source_sheet_1389,,,,,0,0
journal_8cabe7137d762e99,Journal of Nationalism Memory and Language Politics,Journal of Nationalism Memory and Language Politics,periodical_candidate,title_matched_candidate,,,unknown,,Politics and public policy,journal_source_sheet_1389,,,,,0,0
journal_2a7e588116c20511,Journal of Near Eastern Studies,Journal of Near Eastern Studies,periodical_candidate,bibliographic_metadata_checked,,,unknown,Middle East,,journal_source_wikipedia | journal_source_library_5746c5dea05ab4e1 | journal_source_library_a70df68355928bc1,0022-2968 | 1545-6978,eng,,,2,27
journal_1c7b5476f23090dc,Journal of Negro History,Journal of Negro History,research_journal,bibliographic_metadata_checked,1916,2001,title_changed,black | African American studies,,journal_source_jstor_jnh | journal_source_library_ef581a807469c5c6 | journal_source_library_9b98812689564045 | journal_source_jnh_first_volume_reception | journal_source_venue_116_jnh_century,0022-2992,eng,source_check,publication_start,2,14
journal_19eb311dca82f7f8,Journal of New Zealand and Pacific Studies,Journal of New Zealand and Pacific Studies,periodical_candidate,bibliographic_metadata_checked,2013,,unknown,Australasia and Oceania | Asia Pacific,,journal_source_sheet_1389 | journal_source_library_d1a0b1724fa1d4e5,2050-4047,eng,bibliographic_record,catalogued_title_start,1,8
journal_3c679fa7ce9ce3b7,Journal of Pacific History,Journal of Pacific History,periodical_candidate,bibliographic_metadata_checked,,,unknown,Asia Pacific,Australasia and Oceania,journal_source_sheet_271 | journal_source_sheet_1389 | journal_source_ooir | journal_source_library_15587eaa36feb640 | journal_source_library_36ead5f7c25f66cc,0022-3344,eng | fre,,,2,11
journal_d76902b4e7e68941,Journal of Palestine Studies,Journal of Palestine Studies,periodical_candidate,bibliographic_metadata_checked,1971,,unknown,Middle East,,journal_source_wikipedia | journal_source_library_f3cb187f2998a16f,0377-919X,eng,bibliographic_record,catalogued_title_start,1,22
journal_f90e40c76fcee7a9,Journal of Peace Research,Journal of Peace Research,periodical_candidate,bibliographic_metadata_checked,1964,,unknown,International relations and diplomatic,,journal_source_wikipedia | journal_source_library_8c06893c4ed2c1f3,0022-3433,eng,bibliographic_record,catalogued_title_start,1,10
journal_a0185a12e8f50685,Journal of Persianate Studies,Journal of Persianate Studies,periodical_candidate,bibliographic_metadata_checked,2008,,unknown,Persianate world | Central Asia | South Asia | Caucasus | Persianate studies | Cultural studies,,journal_source_sheet_1389 | journal_source_library_89e9990a5365180a | journal_source_library_d837d8adf136e4a6,1874-7094 | 1874-7167,eng,bibliographic_record,catalogued_title_start,2,11
journal_153a83fc0e0d029e,Journal of Philosophy of Education,Journal of Philosophy of Education,periodical_candidate,bibliographic_metadata_checked,,,unknown,Education,Philosophy,journal_source_sheet_1389 | journal_source_library_f4a70669d98923c0,0309-8249,eng,,,1,7
journal_05b07cc1ed9ec31d,Journal of Planning History,Journal of Planning History,periodical_candidate,bibliographic_metadata_checked,2002,,unknown,Urban,,journal_source_wikipedia | journal_source_library_eddc7508fab1d639 | journal_source_library_3020a233673ace8b,1538-5132,eng,bibliographic_record,catalogued_title_start,2,13
journal_d21e2f0682668ea4,Journal of Policy History,Journal of Policy History,periodical_candidate,bibliographic_metadata_checked,1989,,unknown,Politics and public policy | United States,,journal_source_wikipedia | journal_source_sheet_271 | journal_source_ooir | journal_source_library_eb1c7d1971adb054,0898-0306,eng,bibliographic_record,catalogued_title_start,1,14
journal_65a325f4bc1edc25,Journal of Popular Culture,Journal of Popular Culture,periodical_candidate,title_matched_candidate,,,unknown,,,journal_source_sheet_1389,,,,,0,0
journal_c90bdc00bb27ebf2,Journal of Presbyterian History,Journal of Presbyterian History,periodical_candidate,bibliographic_metadata_checked,,,unknown,,,journal_source_sheet_1389 | journal_source_library_1837dcceebf4a341,1521-9216,eng,,,1,3
journal_e7ebd25a1d26f170,Journal of Punjab Studies,Journal of Punjab Studies,periodical_candidate,title_matched_candidate,,,unknown,,South Asia,journal_source_sheet_1389,,,,,0,0
journal_8e24a2cab6fed3d9,Journal of Religion in Africa,Journal of Religion in Africa,periodical_candidate,bibliographic_metadata_checked,,,unknown,Africa,Religion,journal_source_sheet_1389 | journal_source_library_dda560e7aaf205d1 | journal_source_library_e5122f82413fe764 | journal_source_library_bc337fa41768ea38,0022-4200 | 1570-0666,eng | fre,,,3,32
journal_efceea525a4eea2c,Journal of Religious History,Journal of Religious History,periodical_candidate,bibliographic_metadata_checked,1960,,unknown,Religion | Australasia and Oceania,,journal_source_wikipedia | journal_source_sheet_271 | journal_source_sheet_1389 | journal_source_ooir | journal_source_library_03be440a7f22c3a2 | journal_source_library_3507a0530ee2b812,0022-4227,eng,bibliographic_record,catalogued_title_start,2,26
journal_784a0d22e6744ef3,Journal of Roman Studies,Journal of Roman Studies,periodical_candidate,title_matched_candidate,,,unknown,,Ancient,journal_source_sheet_1389,,,,,0,0
journal_3ada989cd4459485,Journal of Scottish Historical Studies,Journal of Scottish Historical Studies,periodical_candidate,title_matched_candidate,,,unknown,Britain,,journal_source_wikipedia | journal_source_sheet_1389,,,,,0,0
journal_050469515a7e2989,Journal of Scottish Philosophy,Journal of Scottish Philosophy,periodical_candidate,bibliographic_metadata_checked,,,unknown,,Britain | Philosophy,journal_source_sheet_1389 | journal_source_library_189388ed0158dd48,1479-6651,eng,,,1,2
journal_affd059f5acfd371,Journal of Semitic Studies,Journal of Semitic Studies,periodical_candidate,bibliographic_metadata_checked,1956,,unknown,Jewish studies,Language and linguistics,journal_source_sheet_1389 | journal_source_library_17d612caf6900524,0022-4480,eng,bibliographic_record,catalogued_title_start,1,9
journal_ab3052e797a4d327,Journal of Shi'a Islamic Studies,Journal of Shi'a Islamic Studies,periodical_candidate,title_matched_candidate,,,unknown,,Religion,journal_source_sheet_1389,,,,,0,0
journal_9a8282ded53c54cc,Journal of Silk,Journal of Silk,periodical_candidate,title_matched_candidate,,,unknown,,,journal_source_sheet_1389,,,,,0,0
journal_1427ecca9e4ca588,Journal of Slavic Military Studies,Journal of Slavic Military Studies | The Journal of Slavic Military Studies,periodical_candidate,bibliographic_metadata_checked,,,unknown,Eastern Europe and Balkans | Military,,journal_source_wikipedia | journal_source_sheet_1389 | journal_source_library_5952717b4879fa54,1351-8046,eng,,,1,11
journal_0ade3b13475fde7c,Journal of Social History,Journal of Social History,research_journal,publisher_metadata_checked,1967,,unknown,Social | social,,journal_source_wikipedia | journal_source_sheet_271 | journal_source_sheet_1389 | journal_source_ooir | journal_source_oup_jsh | journal_source_jsh_mission | journal_source_venue_review_jsh50,1527-1897,,source_check,publication_start,0,0
journal_36e4a6077c49b27e,Journal of Somali Studies,Journal of Somali Studies,periodical_candidate,bibliographic_metadata_checked,,,unknown,,Africa,journal_source_sheet_1389 | journal_source_library_90814454fbad02d2 | journal_source_library_102857ee5613b385,2056-5682,eng,,,2,8
journal_570740b548045299,Journal of Song-Yuan Studies,Journal of Song-Yuan Studies,periodical_candidate,title_matched_candidate,,,unknown,,East Asia,journal_source_sheet_1389,,,,,0,0
journal_139d88e9e3bb415c,Journal of South Asian Development,Journal of South Asian Development,periodical_candidate,bibliographic_metadata_checked,2006,,unknown,South Asia,,journal_source_sheet_1389 | journal_source_library_f9abf8f5f02ce9fb,0973-1733,eng,bibliographic_record,catalogued_title_start,1,12
journal_707f38ce7e94a2a5,Journal of Southeast Asian Studies,Journal of Southeast Asian Studies,periodical_candidate,title_matched_candidate,,,unknown,Southeast Asia,,journal_source_wikipedia | journal_source_sheet_1389,,,,,0,0
journal_d2d213e5972f26e0,Journal of Southeast European and Black Sea,Journal of Southeast European and Black Sea,periodical_candidate,title_matched_candidate,,,unknown,,Eastern Europe and Balkans,journal_source_sheet_1389,,,,,0,0
journal_88c72e3a99b114da,Journal of Southern African Studies,Journal of Southern African Studies,periodical_candidate,bibliographic_metadata_checked,1974,,unknown,Africa,,journal_source_wikipedia | journal_source_library_5c2d286490044ab7 | journal_source_library_35121aae88079731,0305-7070 | 1465-3893,eng,bibliographic_record,catalogued_title_start,2,28
journal_12c6b83c3ef01360,Journal of Southern History,Journal of Southern History,periodical_candidate,title_matched_candidate,,,unknown,United States,,journal_source_wikipedia | journal_source_sheet_1389 | journal_source_ooir,,,,,0,0
journal_a7d896658ff53964,Journal of Spanish Cultural Studies,Journal of Spanish Cultural Studies,periodical_candidate,bibliographic_metadata_checked,2000,,unknown,Cultural studies | Iberia,,journal_source_sheet_1389 | journal_source_library_ef9d32b5f7c003c8,1463-6204,eng,bibliographic_record,catalogued_title_start,1,13
journal_393ccbcae701fdd2,Journal of Spiritual Formation and Soul Care,Journal of Spiritual Formation and Soul Care,periodical_candidate,bibliographic_metadata_checked,2008,,unknown,,Religion,journal_source_sheet_1389 | journal_source_library_122af4fc9b1601ef | journal_source_library_63d687a684adcc60,1939-7909 | 2328-1030,eng,bibliographic_record,catalogued_title_start,2,17
journal_a6e068f32590fd4a,Journal of Sport History,Journal of Sport History,periodical_candidate,bibliographic_metadata_checked,1974,,unknown,Sport,,journal_source_sheet_1389 | journal_source_library_729d08d940195b56,0094-1700,eng,bibliographic_record,catalogued_title_start,1,5
journal_ed62d2f216f750fd,Journal of Sufi Studies,Journal of Sufi Studies,periodical_candidate,bibliographic_metadata_checked,2012,,unknown,,Religion,journal_source_sheet_1389 | journal_source_library_42ad82ad025b7ada | journal_source_library_77c927e531bcfdb9 | journal_source_library_222b4e48f71b539c,2210-5948 | 2210-5956,eng | fre,bibliographic_record,catalogued_title_start,3,7
journal_838294bed277bdf9,Journal of the American Oriental Society,Journal of the American Oriental Society,periodical_candidate,bibliographic_metadata_checked,,,unknown,Asia,,journal_source_wikipedia | journal_source_library_e2b5bf279d2d676f,0003-0279,eng,,,1,9
journal_e98330eb0fa7fa6c,Journal of the American Research Center in Egypt,Journal of the American Research Center in Egypt,periodical_candidate,bibliographic_metadata_checked,1962,,unknown,Egypt,,journal_source_wikipedia | journal_source_library_54510ae59bf42386 | journal_source_library_e954192462fb09c3,0065-9991,eng,bibliographic_record,catalogued_title_start,2,18
journal_691748060487dd52,Journal of the Australian Early Medieval Association,Journal of the Australian Early Medieval Association,periodical_candidate,bibliographic_metadata_checked,2005,,unknown,Middle Ages,,journal_source_sheet_1389 | journal_source_library_e3b634de10936732 | journal_source_library_0dffb7986b3087b5,1449-9320 | 2207-2802,eng,bibliographic_record,catalogued_title_start,2,12
journal_3fbc6f34ea879ef3,Journal of the Civil War Era,Journal of the Civil War Era,periodical_candidate,title_matched_candidate,,,unknown,,,journal_source_sheet_1389,,,,,0,0
journal_b29c1b490cd7f2af,Journal of the Early Republic,Journal of the Early Republic,periodical_candidate,bibliographic_metadata_checked,1981,,unknown,United States,,journal_source_wikipedia | journal_source_sheet_271 | journal_source_sheet_1389 | journal_source_library_1d3516e04425b9de,0275-1275,eng,bibliographic_record,catalogued_title_start,1,14
journal_c2461bf533cd622a,Journal of the Economic and Social History of the Orient,Journal of the Economic and Social History of the Orient,periodical_candidate,bibliographic_metadata_checked,1957,,unknown,"Middle East | Business, labor and economics | Asia | East Asia",Social,journal_source_sheet_271 | journal_source_sheet_1389 | journal_source_ooir | journal_source_library_681eeb0d4851661b,1568-5209,eng,bibliographic_record,catalogued_title_start,1,18
journal_1903c30acbabe0f6,Journal of the Galway Archaeological and Historical Society,Journal of the Galway Archaeological and Historical Society,periodical_candidate,title_matched_candidate,,,unknown,Ireland,,journal_source_wikipedia,,,,,0,0
journal_a909a8af40d93ba3,Journal of the Gilded Age and Progressive Era,Journal of the Gilded Age and Progressive Era,periodical_candidate,title_matched_candidate,,,unknown,United States,,journal_source_wikipedia | journal_source_sheet_271 | journal_source_sheet_1389 | journal_source_ooir,,,,,0,0
journal_7ddaa3c7c33724f4,Journal of the History of Childhood and Youth,Journal of the History of Childhood and Youth,periodical_candidate,title_matched_candidate,,,unknown,Demography and family,,journal_source_wikipedia,,,,,0,0
journal_bb186df994dfcc83,Journal of the History of Economic Thought,Journal of the History of Economic Thought,periodical_candidate,bibliographic_metadata_checked,,,unknown,"Business, labor and economics",,journal_source_sheet_271 | journal_source_ooir | journal_source_library_8f12cbede54ef9ab,1053-8372,eng,,,1,4
journal_8190ce597550789c,Journal of the History of Ideas,Journal of the History of Ideas,periodical_candidate,bibliographic_metadata_checked,1940,,unknown,Ideas and historiography | Philosophy,,journal_source_wikipedia | journal_source_library_ece690eaff2c235c | journal_source_library_257ce372d00cd068,0022-5037 | 1086-3222,eng,bibliographic_record,catalogued_title_start,2,9
journal_3b44ae246e23a132,Journal of the History of International Law,Journal of the History of International Law,periodical_candidate,title_matched_candidate,,,unknown,,Legal | International relations and diplomatic,journal_source_sheet_1389,,,,,0,0
journal_430c5c5a636cf950,Journal of the History of Medicine and Allied Sciences,Journal of the History of Medicine and Allied Sciences,periodical_candidate,bibliographic_metadata_checked,1946,,unknown,Science and technology | Medicine and health,,journal_source_wikipedia | journal_source_sheet_1389 | journal_source_library_a2b96398a22dbf77,0022-5045,eng,bibliographic_record,catalogued_title_start,1,9
journal_07ccddae5a67c1fa,Journal of the History of Sexuality,Journal of the History of Sexuality,research_journal,publisher_metadata_checked,1990,,unknown,Women and gender studies | queer,,journal_source_wikipedia | journal_source_sheet_271 | journal_source_jhs_about | journal_source_library_250231aa0d4fe4a7 | journal_source_library_ff37c0e5a461442e | journal_source_venue_116_nye_sexuality,1043-4070 | 1535-3605,eng,source_check,publication_start,2,24
journal_2c835362abb13fca,Journal of the History of the Behavioral Sciences,Journal of the History of the Behavioral Sciences,periodical_candidate,bibliographic_metadata_checked,1965,,unknown,Social sciences,Psychology and behavioral sciences,journal_source_sheet_1389 | journal_source_library_0461995d4e219dfb | journal_source_library_64493c5c0d363a70,0022-5061 | 1520-6696,eng,bibliographic_record,catalogued_title_start,2,40
journal_479dd16cd2297946,Journal of the Institute of Latvian History,Journal of the Institute of Latvian History,periodical_candidate,title_matched_candidate,,,unknown,,,journal_source_sheet_1389,,,,,0,0
journal_c5141a5ebf454979,Journal of the Malaysian Branch of the Royal Asiatic Society,Journal of the Malaysian Branch of the Royal Asiatic Society,periodical_candidate,bibliographic_metadata_checked,,,unknown,Southeast Asia,,journal_source_wikipedia | journal_source_sheet_1389 | journal_source_library_df86b6e68ca0be42 | journal_source_library_afae5288ba9f05a3,0126-7353,eng,,,2,9
journal_4f1ae88204d8a6f0,Journal of the Middle East and Africa,Journal of the Middle East and Africa,periodical_candidate,title_matched_candidate,,,unknown,,Africa | Middle East,journal_source_sheet_1389,,,,,0,0
journal_bd399c95fcf1cadf,Journal of the National Academy of Legal Sciences of Ukraine,Journal of the National Academy of Legal Sciences of Ukraine,periodical_candidate,title_matched_candidate,,,unknown,,,journal_source_sheet_1389,,,,,0,0
journal_1d5c19eb42e990fa,Journal of the North Atlantic,Journal of the North Atlantic,periodical_candidate,title_matched_candidate,,,unknown,,Atlantic World,journal_source_sheet_1389,,,,,0,0
journal_6468af62de1f2e03,Journal of the Ottoman and Turkish Studies Association,Journal of the Ottoman and Turkish Studies Association,periodical_candidate,bibliographic_metadata_checked,,,unknown,Middle East | Turkey,,journal_source_sheet_1389 | journal_source_library_4e183d9cf4a3bf6c | journal_source_library_7e3c1ef12caf6345,2376-0699 | 2376-0702,eng,,,2,10
journal_a891a2f926fa77c9,Journal of the Philosophy of History,Journal of the Philosophy of History,periodical_candidate,bibliographic_metadata_checked,2007,,unknown,Philosophy | General history,Ideas and historiography,journal_source_sheet_271 | journal_source_sheet_1389 | journal_source_ooir | journal_source_library_c20326f3db4ec037 | journal_source_library_fb40058ac3f45d7a | journal_source_library_6d6e9d777db79051,1872-261X | 1872-2636,eng,bibliographic_record,catalogued_title_start,3,23
journal_bfa550f31d15b470,Journal of the Royal Asiatic Society,Journal of the Royal Asiatic Society,periodical_candidate,title_matched_candidate,,,unknown,Asia,,journal_source_wikipedia,,,,,0,0
journal_12c0d6a71b4570ba,Journal of the Royal Australian Historical Society,Journal of the Royal Australian Historical Society,periodical_candidate,bibliographic_metadata_checked,,,unknown,Australasia and Oceania,,journal_source_wikipedia | journal_source_library_ba2437ef0da1cbed | journal_source_library_360d8ac907c2d1ce,0035-8762 | 1838-7381,eng,,,2,8
journal_d39227980249ef32,Journal of the Royal College of Physicians of Edinburgh,Journal of the Royal College of Physicians of Edinburgh,periodical_candidate,title_matched_candidate,,,unknown,,Medicine and health,journal_source_sheet_1389,,,,,0,0
journal_95ffe6f1130dc012,Journal of the Royal Society of Antiquaries of Ireland,Journal of the Royal Society of Antiquaries of Ireland,periodical_candidate,bibliographic_metadata_checked,,,unknown,Ireland,,journal_source_wikipedia | journal_source_library_562f8310a34ca6c6,0035-9106,eng,,,1,6
journal_43031ba14ffea08e,Journal of the Siam Society,Journal of the Siam Society,periodical_candidate,bibliographic_metadata_checked,,,unknown,Southeast Asia,,journal_source_wikipedia | journal_source_library_6edf0da0876a7113,0304-226X,eng,,,1,2
journal_f6713658693c61b7,Journal of the Society of Architectural Historians,Journal of the Society of Architectural Historians,periodical_candidate,bibliographic_metadata_checked,,,unknown,Architectural,,journal_source_sheet_1389 | journal_source_library_7ed1f11cd0262b8e,0037-9808,eng,,,1,5
journal_f201d4061026eddd,Journal of the Southwest,Journal of the Southwest,periodical_candidate,bibliographic_metadata_checked,,,unknown,United States,,journal_source_wikipedia | journal_source_sheet_271 | journal_source_sheet_1389 | journal_source_library_1b252ab4b06f64ba | journal_source_library_7c144b07cbf243e6,0894-8410,eng,,,2,9
journal_310e436e4a4fec05,Journal of the Study of Radicalism,Journal of the Study of Radicalism,periodical_candidate,title_matched_candidate,,,unknown,,Politics and public policy,journal_source_sheet_1389,,,,,0,0
journal_2d8590efe31099c7,Journal of the West,Journal of the West,periodical_candidate,bibliographic_metadata_checked,1962,,unknown,United States,,journal_source_wikipedia | journal_source_sheet_271 | journal_source_sheet_1389 | journal_source_library_5902dfb8c45bc533,0022-5169,eng,bibliographic_record,catalogued_title_start,1,5
journal_84e0dc80bd203264,Journal of Tourism History,Journal of Tourism History,periodical_candidate,bibliographic_metadata_checked,2009,,unknown,Transport and tourism,,journal_source_sheet_1389 | journal_source_library_22cf30b5b0776279,1755-1838,eng,bibliographic_record,catalogued_title_start,1,3
journal_4c58aabb4b5e85bc,Journal of Transatlantic Studies,Journal of Transatlantic Studies,periodical_candidate,bibliographic_metadata_checked,2003,,unknown,Europe | United States,Atlantic World,journal_source_sheet_1389 | journal_source_library_58c490770027cbcc | journal_source_library_b53153e569735b40,1754-1018,eng,bibliographic_record,catalogued_title_start,2,21
journal_3622d559aeaac5eb,Journal of Transport History,Journal of Transport History,periodical_candidate,title_matched_candidate,,,unknown,,Transport and tourism,journal_source_sheet_1389,,,,,0,0
journal_6bcee3da2a76aa8b,Journal of Urban Culture Research,Journal of Urban Culture Research,periodical_candidate,title_matched_candidate,,,unknown,,,journal_source_sheet_1389,,,,,0,0
journal_2b8522c13948819d,Journal of Urban History,Journal of Urban History,periodical_candidate,bibliographic_metadata_checked,1974,,unknown,Urban,,journal_source_wikipedia | journal_source_sheet_271 | journal_source_sheet_1389 | journal_source_ooir | journal_source_library_13b912fdd2a2b415,0096-1442,eng,bibliographic_record,catalogued_title_start,1,12
journal_a777ee8f7a3486d2,Journal of Victorian Culture,Journal of Victorian Culture,periodical_candidate,bibliographic_metadata_checked,1996,,unknown,Britain,,journal_source_wikipedia | journal_source_sheet_271 | journal_source_sheet_1389 | journal_source_ooir | journal_source_library_f4aa8bc67c6df7d7,1355-5502,eng,bibliographic_record,catalogued_title_start,1,11
journal_0274a11f810aef63,Journal of Vietnamese Studies,Journal of Vietnamese Studies,periodical_candidate,bibliographic_metadata_checked,2006,,unknown,Southeast Asia,,journal_source_sheet_1389 | journal_source_library_88312fd75832325d,1559-372X,eng,bibliographic_record,catalogued_title_start,1,3
journal_5608e8d0c20d4110,Journal of War and Culture Studies,Journal of War and Culture Studies,periodical_candidate,bibliographic_metadata_checked,,,unknown,Military,,journal_source_sheet_1389 | journal_source_library_d4d8e7b0478e9a28 | journal_source_library_2e72e32c7e8c7203 | journal_source_library_2a3b1abaea670d91 | journal_source_library_755bb8b8cf945650,1752-6272 | 1752-6280,eng,,,4,18
journal_ec74f244f54d7364,Journal of Women's History,Journal of Women's History | Journal of Women’s History,research_journal,bibliographic_metadata_checked,1989,,unknown,Women and gender studies,,journal_source_wikipedia | journal_source_sheet_271 | journal_source_sheet_1389 | journal_source_library_e5e3f6a30e881c9d | journal_source_venue_review_women25,1042-7961,eng,bibliographic_record,catalogued_title_start,1,13
journal_77695299ceedc9b2,Journal of World History,Journal of World History,research_journal,bibliographic_metadata_checked,1990,,unknown,Comparative and world,,journal_source_wikipedia | journal_source_sheet_1389 | journal_source_library_9a928f106073c415 | journal_source_library_63f53e6e66a654ec | journal_source_jwh_1989_announcement | journal_source_venue_review_world_history_bentley,1045-6007 | 1527-8050,eng,bibliographic_record,catalogued_title_start,2,11
journal_0b541c9b34dc482a,Journal on European History of Law,Journal on European History of Law,periodical_candidate,bibliographic_metadata_checked,2010,,unknown,Legal,Europe,journal_source_sheet_1389 | journal_source_library_434b4b69dee40ba1,3049-9089,eng | ger,bibliographic_record,catalogued_title_start,1,5
journal_d77b7f7c919dcef2,Judaica Bohemiae,Judaica Bohemiae,periodical_candidate,bibliographic_metadata_checked,1965,,unknown,Jewish studies,Eastern Europe and Balkans,journal_source_sheet_1389 | journal_source_library_b7d78598ebb4b796,0022-5738,eng,bibliographic_record,catalogued_title_start,1,7
journal_010493f87f56e9cc,Judaisme Ancien - Ancient Judaism,Judaisme Ancien - Ancient Judaism,periodical_candidate,title_matched_candidate,,,unknown,,Ancient | Jewish studies,journal_source_sheet_1389,,,,,0,0
journal_957c9e69c8e69d33,Kajian Malaysia,Kajian Malaysia,periodical_candidate,bibliographic_metadata_checked,1983,,unknown,,Southeast Asia,journal_source_sheet_1389 | journal_source_library_a160c3a823883719 | journal_source_library_6a19d1ae4e840cc4,0127-4082,eng | may,bibliographic_record,catalogued_title_start,2,4
journal_67ef8ed575c571d5,Kamchatka,Kamchatka,periodical_candidate,title_matched_candidate,,,unknown,,Russia and Eurasia,journal_source_sheet_1389,,,,,0,0
journal_89890cb9ebbc8969,Kansas History,Kansas History,periodical_candidate,bibliographic_metadata_checked,,,unknown,United States,,journal_source_wikipedia | journal_source_library_9a2c15e1994d1555,0149-9114,eng,,,1,2
journal_aee80be7f463a830,Karanos,Karanos,periodical_candidate,title_matched_candidate,,,unknown,,,journal_source_sheet_1389,,,,,0,0
journal_17d878a15215f0ff,Kirchliche Zeitgeschicht,Kirchliche Zeitgeschicht,periodical_candidate,title_matched_candidate,,,unknown,,Religion,journal_source_sheet_1389,,,,,0,0
journal_c26c038403eafad4,Kiva (The Kiva),Kiva (The Kiva),periodical_candidate,title_matched_candidate,,,unknown,,,journal_source_sheet_1389,,,,,0,0
journal_c3ea04dfb8fa5d34,Klio,Klio,periodical_candidate,bibliographic_metadata_checked,1901,,unknown,Ancient | Greece,,journal_source_sheet_1389 | journal_source_library_8402fa08f71b7671 | journal_source_library_3bd30dac184ba6ae | journal_source_library_a1e9dca4ae3f6d0c,0075-6334 | 2192-7669,eng | fre | ger | ita | rus | spa,bibliographic_record,catalogued_title_start,3,25
journal_43aeb20121727724,KNOB Bulletin,KNOB Bulletin,periodical_candidate,title_matched_candidate,,,unknown,,,journal_source_sheet_1389,,,,,0,0
journal_ac500c75e6f8ef69,Knowledge Cultures,Knowledge Cultures,periodical_candidate,bibliographic_metadata_checked,2013,,unknown,,,journal_source_sheet_1389 | journal_source_library_211a573be3b57da8,2327-5731,eng,bibliographic_record,catalogued_title_start,1,4
journal_9cf132acb3f20285,Konstantinove Listy,Konstantinove Listy,periodical_candidate,title_matched_candidate,,,unknown,,,journal_source_sheet_1389,,,,,0,0
journal_a3fa3c02f1377bd3,Konsthistorisk Tidskrift,Konsthistorisk Tidskrift,periodical_candidate,title_matched_candidate,,,unknown,,,journal_source_sheet_1389,,,,,0,0
journal_f53e31aaa0c188f6,Korea Journal,Korea Journal,periodical_candidate,title_matched_candidate,,,unknown,Humanities | Language and literature,East Asia,journal_source_sheet_1389,,,,,0,0
journal_251ccec82da012c3,Korean Studies,Korean Studies,periodical_candidate,title_matched_candidate,,,unknown,East Asia,,journal_source_wikipedia | journal_source_sheet_1389,,,,,0,0
journal_3c84207d3cdc8caa,Kratkiye Soobshcheniya Instituta Arkheologii,Kratkiye Soobshcheniya Instituta Arkheologii,periodical_candidate,title_matched_candidate,,,unknown,,Archaeology,journal_source_sheet_1389,,,,,0,0
journal_0942ceb4caa62231,Kritika,Kritika,periodical_candidate,bibliographic_metadata_checked,2000,,unknown,Russia and Eurasia,,journal_source_sheet_1389 | journal_source_library_8e39c8274037d909 | journal_source_library_ce7aa85b000bb1ae,1531-023X,eng,bibliographic_record,catalogued_title_start,2,14
journal_f703be3f5f169868,Kritika: Explorations in Russian and Eurasian History,Kritika: Explorations in Russian and Eurasian History | Kritika - Explorations in Russian and Eurasian History,periodical_candidate,title_matched_candidate,,,unknown,Eastern Europe and Balkans,,journal_source_wikipedia | journal_source_sheet_271,,,,,0,0
journal_f4a49ebcc4b5d694,Kronika,Kronika,periodical_candidate,title_matched_candidate,,,unknown,,,journal_source_sheet_1389,,,,,0,0
journal_9a28c765229b6422,Kulturne Dejiny,Kulturne Dejiny,periodical_candidate,title_matched_candidate,,,unknown,,,journal_source_sheet_1389,,,,,0,0
journal_1767521c1a72108c,Kurdish Studies,Kurdish Studies,periodical_candidate,bibliographic_metadata_checked,2013,,unknown,Anthropology and ethnography,,journal_source_sheet_1389 | journal_source_library_ac21f6004a83a48f | journal_source_library_cffc461f302ab0db,2051-4883 | 2051-4891,eng | kur | tur,bibliographic_record,catalogued_title_start,2,16
journal_f0ff8d2c0ee1f500,Kwartalnik Historyczny,Kwartalnik Historyczny,periodical_candidate,bibliographic_metadata_checked,1887,,unknown,Eastern Europe and Balkans | General history | Poland,,journal_source_wikipedia | journal_source_library_f26e26d9b847ef21 | journal_source_library_a7a6c54ec67ada66,0023-5903,fre | pol,bibliographic_record,catalogued_title_start,2,14
journal_a0c4ca9f79fe4dd0,Kwartanlnik Historii Zydow - Jewish History Quarterly,Kwartanlnik Historii Zydow - Jewish History Quarterly,periodical_candidate,title_matched_candidate,,,unknown,,Jewish studies,journal_source_sheet_271,,,,,0,0
journal_321bffd7278b56b0,Kyiv-Mohyla Humanities Journal,Kyiv-Mohyla Humanities Journal,periodical_candidate,bibliographic_metadata_checked,2014,,unknown,Central Europe | Eastern Europe and Balkans,,journal_source_sheet_1389 | journal_source_library_e9080a02f2f9eecf,2313-4895,eng,bibliographic_record,catalogued_title_start,1,14
journal_5de8246e0b40b7e2,Labor History,Labor History,periodical_candidate,bibliographic_metadata_checked,,,unknown,"Business, labor and economics",,journal_source_wikipedia | journal_source_sheet_271 | journal_source_sheet_1389 | journal_source_ooir | journal_source_library_1c049c8bcd51aebf | journal_source_library_dc1d50aac3c1207f,0023-656X,eng,,,2,34
journal_bae63a5772612924,Labor: Studies in Working-Class History,Labor: Studies in Working-Class History,periodical_candidate,title_matched_candidate,,,unknown,"Business, labor and economics",,journal_source_wikipedia | journal_source_sheet_1389,,,,,0,0
journal_63bff13fdc934ac1,Labour,Labour,periodical_candidate,title_matched_candidate,,,unknown,,"Business, labor and economics",journal_source_sheet_1389,,,,,0,0
journal_52d81008d00a13c6,Labour History,Labour History,periodical_candidate,bibliographic_metadata_checked,,,unknown,Australasia and Oceania,"Business, labor and economics",journal_source_sheet_1389 | journal_source_ooir | journal_source_library_1887cfb5b138999a | journal_source_library_b6ef7dff5c9f6b39,0023-6942 | 1839-3039,eng,,,2,21
journal_4d911409059178f9,Labour History Review,Labour History Review,periodical_candidate,bibliographic_metadata_checked,,,unknown,"Business, labor and economics",,journal_source_sheet_271 | journal_source_sheet_1389 | journal_source_library_0dac42bf098a7c53,0961-5652,eng,,,1,23
journal_19aceb71bf54cd7f,Labour/Le Travail,Labour/Le Travail | Labour - Le Travail | Labour-Le Travail,periodical_candidate,title_matched_candidate,,,unknown,"Business, labor and economics",,journal_source_wikipedia | journal_source_sheet_271 | journal_source_sheet_1389 | journal_source_ooir,,,,,0,0
journal_d49ff3b1ae59979f,Landscape History,Landscape History,periodical_candidate,bibliographic_metadata_checked,1979,,unknown,,,journal_source_sheet_1389 | journal_source_library_89e26939604f733b,0143-3768,eng,bibliographic_record,catalogued_title_start,1,6
journal_c2f56a27ec62255c,Landscapes,Landscapes,periodical_candidate,title_matched_candidate,,,unknown,,,journal_source_sheet_1389,,,,,0,0
journal_9a7840c2d354ba37,Landscapes (United Kingdom),Landscapes (United Kingdom),periodical_candidate,title_matched_candidate,,,unknown,,,journal_source_sheet_1389,,,,,0,0
journal_a8b9e2add9d669e0,Language & History,Language & History,periodical_candidate,bibliographic_metadata_checked,,,unknown,Language and linguistics,,journal_source_sheet_271 | journal_source_ooir | journal_source_library_74067c433b13fbe3 | journal_source_library_1024f50310168d0b,1759-7536 | 1759-7544,eng,,,2,5
journal_96045933721e0452,Late Imperial China,Late Imperial China,periodical_candidate,bibliographic_metadata_checked,,,unknown,East Asia,,journal_source_wikipedia | journal_source_sheet_271 | journal_source_sheet_1389 | journal_source_library_b06a96912bdccafb,0884-3236,eng,,,1,9
journal_437ea6b27ea852c8,Latin American Antiquity,Latin American Antiquity,periodical_candidate,bibliographic_metadata_checked,,,unknown,Latin America and Caribbean | Indigenous studies,Ancient,journal_source_sheet_1389 | journal_source_library_b8eb907b3ac55020 | journal_source_library_0665881673dfc4c8,1045-6635,eng,,,2,22
journal_ffa20b7277b85996,Latin American Research Review,Latin American Research Review,periodical_candidate,bibliographic_metadata_checked,1965,,unknown,Latin America and Caribbean,,journal_source_sheet_1389 | journal_source_library_9e1c6cbb4fbc35f4,0023-8791,eng,bibliographic_record,catalogued_title_start,1,9
journal_222ce60e127f7f89,Latino Studies,Latino Studies,periodical_candidate,bibliographic_metadata_checked,2003,,unknown,,,journal_source_sheet_1389 | journal_source_library_f7a19319c039628b | journal_source_library_2c12b462cd885651,1476-3435 | 1476-3443,eng,bibliographic_record,catalogued_title_start,2,6
journal_134943079e99fdc9,Latomus,Latomus,periodical_candidate,bibliographic_metadata_checked,1937,,unknown,Language and linguistics,,journal_source_sheet_1389 | journal_source_library_e4e6b611cbb51a18,0023-8856,fre,bibliographic_record,catalogued_title_start,1,9
journal_423100a5a865d9cb,Law and History Review,Law and History Review,periodical_candidate,bibliographic_metadata_checked,1983,,unknown,Legal,,journal_source_sheet_1389 | journal_source_ooir | journal_source_library_32a96986c0517c17 | journal_source_library_8d04cc85614ddcb9,0738-2480 | 1939-9022,eng,bibliographic_record,catalogued_title_start,2,12
journal_054d070a681aafc6,Le Mouvement social,Mouvement Social,research_journal,bibliographic_metadata_checked,,,unknown,Socialism and related political traditions | Social,,journal_source_sheet_271 | journal_source_sheet_1389 | journal_source_ooir | journal_source_library_5e236f4f866c214c | journal_source_library_09d15b2e63d41526 | journal_source_venue_116_mouvement40,0027-2671,eng | fre,,,2,13
journal_b23938c83f7fa7b6,Legal History Review,Legal History Review,periodical_candidate,title_matched_candidate,,,unknown,,Legal,journal_source_sheet_1389,,,,,0,0
journal_635a4c76ba81925c,Ler Historia,Ler Historia,periodical_candidate,title_matched_candidate,,,unknown,General history,,journal_source_sheet_1389,,,,,0,0
journal_f4a77d7b1ed17c3d,Letonica,Letonica,periodical_candidate,bibliographic_metadata_checked,1998,,unknown,Anthropology and ethnography,,journal_source_sheet_1389 | journal_source_library_616e6dbd8aeb8051,1407-3110,lav,bibliographic_record,catalogued_title_start,1,7
journal_731a611a5e11ed74,Levant,Levant,periodical_candidate,bibliographic_metadata_checked,1969,,unknown,Middle East,,journal_source_sheet_1389 | journal_source_library_ee1276cdedb94b72 | journal_source_library_0a226ca3fa7c2eb0,0075-8914 | 1756-3801,eng,bibliographic_record,catalogued_title_start,2,9
journal_03083059e70c3d9a,Lias,Lias,periodical_candidate,bibliographic_metadata_checked,1974,,unknown,Philosophy,,journal_source_sheet_1389 | journal_source_library_d2c04c99605f05eb,0304-0003,eng,bibliographic_record,catalogued_title_start,1,4
journal_9fb684ff7198e965,Librosdelacorte.es,Librosdelacorte.es,periodical_candidate,title_matched_candidate,,,unknown,Art history | General history,,journal_source_sheet_1389,,,,,0,0
journal_2e4da8f4386d4dba,Libyan Studies,Libyan Studies,periodical_candidate,bibliographic_metadata_checked,,,unknown,,,journal_source_sheet_1389 | journal_source_library_4b0a5fbc5f34b2ea | journal_source_library_711ebde1c40eef5d,0263-7189 | 2052-6148,eng,,,2,11
journal_ef2ef21860787c5c,Ling Long : Chinese Women's Magazine (玲瓏),Ling Long : Chinese Women's Magazine (玲瓏),primary_source_periodical,title_matched_candidate,,,unknown,Chinese studies resources,,journal_source_toronto,,,,,0,0
journal_a79c356d145709bd,Lino,Lino,periodical_candidate,title_matched_candidate,,,unknown,,,journal_source_sheet_1389,,,,,0,0
journal_3aaaf8c953aad1ce,Listy Filologicke,Listy Filologicke,periodical_candidate,title_matched_candidate,,,unknown,,,journal_source_sheet_1389,,,,,0,0
journal_cf4c20e3b761deda,Literature and History,Literature & History - Third Series | Literature and History | Literature & History-Third Series,periodical_candidate,bibliographic_metadata_checked,1975,,unknown,Humanities | Literature | General history,,journal_source_sheet_271 | journal_source_sheet_1389 | journal_source_ooir | journal_source_library_4cffa1141a80397f | journal_source_library_30f3dc3c9a81eb84,0306-1973 | 2050-4594,eng,bibliographic_record,catalogued_title_start,2,25
journal_32dc4c8d630d68cd,Lithuanian Historical Studies / Lithuanian Institute of History,Lithuanian Historical Studies / Lithuanian Institute of History,periodical_candidate,title_matched_candidate,,,unknown,,Baltic,journal_source_sheet_1389,,,,,0,0
journal_30d6af3385d00b15,Llull,Llull,periodical_candidate,title_matched_candidate,,,unknown,,,journal_source_sheet_1389,,,,,0,0
journal_7179bd45aeb8209a,Locus Amoenus,Locus Amoenus,periodical_candidate,bibliographic_metadata_checked,1995,,unknown,,,journal_source_sheet_1389 | journal_source_library_800a39a4de71ea12,1135-9722,cat,bibliographic_record,catalogued_title_start,1,4
journal_98e4dd752e498a0a,London Journal,London Journal,periodical_candidate,title_matched_candidate,,,unknown,,,journal_source_sheet_271 | journal_source_ooir,,,,,0,0
journal_150d0bd388355565,Lucentum,Lucentum,periodical_candidate,bibliographic_metadata_checked,1982,,unknown,Archaeology | Iberia,,journal_source_sheet_1389 | journal_source_library_5752089d04fd1f3a | journal_source_library_db83a4a8749c7ee2,0213-2338 | 1989-9904,eng | fre | spa,bibliographic_record,catalogued_title_start,2,28
journal_14ee9581a8c361a7,Luso-Brazilian Review,Luso-Brazilian Review,periodical_candidate,bibliographic_metadata_checked,1964,,unknown,Latin America and Caribbean | Iberia,,journal_source_sheet_1389 | journal_source_library_e8d77e186f84e948,0024-7413,eng,bibliographic_record,catalogued_title_start,1,16
journal_f5030181bca360a0,Maghreb - Machrek,Maghreb - Machrek,periodical_candidate,title_matched_candidate,,,unknown,,Africa,journal_source_sheet_1389,,,,,0,0
journal_edd6b16de01d01f2,"Magic, Ritual, and Witchcraft","Magic, Ritual, and Witchcraft",periodical_candidate,bibliographic_metadata_checked,2006,,unknown,,Religion,journal_source_sheet_1389 | journal_source_library_e1f138b988c3d048,1556-8547,eng,bibliographic_record,catalogued_title_start,1,14
journal_5c4efeb1a43bd4d1,Magnificat Cultura i Literatura Medievals,Magnificat Cultura i Literatura Medievals,periodical_candidate,title_matched_candidate,,,unknown,,Middle Ages,journal_source_sheet_1389,,,,,0,0
journal_2363801f035c1f90,Makslas Vesture un Teorija,Makslas Vesture un Teorija,periodical_candidate,title_matched_candidate,,,unknown,,,journal_source_sheet_1389,,,,,0,0
journal_8786da46168acc00,Management and Organizational History,Management and Organizational History | Management & Organizational History,periodical_candidate,bibliographic_metadata_checked,2006,,unknown,,,journal_source_sheet_1389 | journal_source_ooir | journal_source_library_33d4b08ac1783861 | journal_source_library_828319b88c81b7fc,1744-9359 | 1744-9367,eng,bibliographic_record,catalogued_title_start,2,15
journal_4f755f564702cda8,Manuscript and Book Heritage of Ukraine,Manuscript and Book Heritage of Ukraine,periodical_candidate,title_matched_candidate,,,unknown,History of civilization,Russia and Eurasia | Heritage and public history,journal_source_sheet_1389,,,,,0,0
journal_6cf952d98e96e1f4,Manuscrits,Manuscrits,periodical_candidate,title_matched_candidate,,,unknown,,,journal_source_sheet_1389,,,,,0,0
journal_3f6b7df8982cf2b9,Mariner's Mirror,Mariner's Mirror | Mariners Mirror,periodical_candidate,title_matched_candidate,,,unknown,Maritime,,journal_source_wikipedia | journal_source_sheet_271 | journal_source_sheet_1389 | journal_source_ooir,,,,,0,0
journal_758785916713f130,Matatu,Matatu,periodical_candidate,bibliographic_metadata_checked,,,unknown,Africa,,journal_source_sheet_1389 | journal_source_library_0b5fbb2cfe8112f0 | journal_source_library_f225890be56a0a16 | journal_source_library_645bb25392152e11 | journal_source_library_c3dd064d7efdf170,0932-9714 | 1875-7421,eng | fre | ger | por,,,4,25
journal_df98d29d9d442113,Materiale si Cercetari Arheologice,Materiale si Cercetari Arheologice,periodical_candidate,title_matched_candidate,,,unknown,,,journal_source_sheet_1389,,,,,0,0
journal_274a40ff275d957c,Materialy po Arkheologii i Istorii Antichnogo i Srednevekovogo Prichernomor'ya,Materialy po Arkheologii i Istorii Antichnogo i Srednevekovogo Prichernomor'ya,periodical_candidate,title_matched_candidate,,,unknown,,Ancient | Middle Ages | Archaeology,journal_source_sheet_1389,,,,,0,0
journal_88109e0093fdd947,Media History,Media History,periodical_candidate,bibliographic_metadata_checked,,,unknown,Media and books,,journal_source_sheet_1389 | journal_source_library_0c84a2f0f878a2f8,1469-9729,eng,,,1,9
journal_439b3c80580c4637,Mediaeval Studies,Mediaeval Studies,periodical_candidate,bibliographic_metadata_checked,1939,,unknown,Middle Ages,,journal_source_sheet_1389 | journal_source_library_4ccf5f8ac836b284,0076-5872,eng,bibliographic_record,catalogued_title_start,1,5
journal_ebe7717166683b58,Mediaevalia Historica Bohemica,Mediaevalia Historica Bohemica,periodical_candidate,bibliographic_metadata_checked,,,unknown,,Eastern Europe and Balkans | Middle Ages,journal_source_sheet_1389 | journal_source_library_e7b5e28a006e660e,0862-979X,cze,,,1,5
journal_7c1762a74e99d9a6,Medical History,Medical History,periodical_candidate,bibliographic_metadata_checked,1957,,unknown,Medicine and health,,journal_source_sheet_1389 | journal_source_library_5906d65ecb347216 | journal_source_library_9f8dd58d83b54628,0025-7273 | 2048-8343,eng,bibliographic_record,catalogued_title_start,2,11
journal_ab39dc9cb884f4a2,Medicina Historica,Medicina Historica,periodical_candidate,title_matched_candidate,,,unknown,,Medicine and health,journal_source_sheet_1389,,,,,0,0
journal_80bebc4c1669b803,Medieval Archaeology,Medieval Archaeology,periodical_candidate,bibliographic_metadata_checked,1957,,unknown,Middle Ages | Britain,Archaeology,journal_source_sheet_1389 | journal_source_library_5a4d162207a6f724 | journal_source_library_1dfc732ddb878529,0076-6097 | 1745-817X,eng,bibliographic_record,catalogued_title_start,2,29
journal_71accc8bf8209681,Medieval Encounters,Medieval Encounters,periodical_candidate,bibliographic_metadata_checked,1995,,unknown,Middle Ages | Islamic studies | Jewish studies,,journal_source_sheet_1389 | journal_source_library_54dbc392a3dec3bd | journal_source_library_e775c978c055d5f4 | journal_source_library_759b10bd03d5e1ea,1380-7854 | 1570-0674,eng,bibliographic_record,catalogued_title_start,3,31
journal_1f762074a9fe2bc1,Medieval History Journal,Medieval History Journal,periodical_candidate,title_matched_candidate,,,unknown,,Middle Ages,journal_source_sheet_1389,,,,,0,0
journal_16de0f68e8ec50e3,Medieval Low Countries,Medieval Low Countries,periodical_candidate,title_matched_candidate,,,unknown,,Middle Ages,journal_source_sheet_1389,,,,,0,0
journal_60b9005f842ecf18,Medievalia,Medievalia,periodical_candidate,title_matched_candidate,,,unknown,,Middle Ages,journal_source_sheet_1389,,,,,0,0
journal_d4178e54df859222,Medievalia et Humanistica,Medievalia et Humanistica,periodical_candidate,title_matched_candidate,,,unknown,,Middle Ages,journal_source_sheet_1389,,,,,0,0
journal_3e5ef0a278f422dd,Mediterranea - Ricerche Storiche,Mediterranea - Ricerche Storiche | Mediterranea: Ricerche Storiche,periodical_candidate,bibliographic_metadata_checked,2004,,unknown,Italy | Middle Ages | Mediterranean,,journal_source_sheet_271 | journal_source_sheet_1389 | journal_source_library_0ecfdea4b3e26680,1824-3010,ita,bibliographic_record,catalogued_title_start,1,6
journal_2120d8845a511fe6,Mediterranean Archaeology and Archaeometry,Mediterranean Archaeology and Archaeometry,periodical_candidate,title_matched_candidate,,,unknown,,Mediterranean | Archaeology,journal_source_sheet_1389,,,,,0,0
journal_808386796044d435,Mediterranean Chronicle,Mediterranean Chronicle,periodical_candidate,title_matched_candidate,,,unknown,,Mediterranean,journal_source_sheet_1389,,,,,0,0
journal_237c04bd38e91dd0,Mediterranean Historical Review,Mediterranean Historical Review,periodical_candidate,bibliographic_metadata_checked,1986,,unknown,Mediterranean,,journal_source_sheet_271 | journal_source_sheet_1389 | journal_source_ooir | journal_source_library_e2a5a5200f3a7d0f | journal_source_library_fba0e883d71bf1c6,0951-8967,eng,bibliographic_record,catalogued_title_start,2,5
journal_2b88b100fff344cc,Melanges de l'Ecole Francaise de Rome:Antiquite,Melanges de l'Ecole Francaise de Rome:Antiquite,periodical_candidate,title_matched_candidate,,,unknown,,Ancient,journal_source_sheet_1389,,,,,0,0
journal_631e6472305fca4a,Melanges de l'Institut Dominicaine des Etudes Orientales du Caire,Melanges de l'Institut Dominicaine des Etudes Orientales du Caire,periodical_candidate,title_matched_candidate,,,unknown,,,journal_source_sheet_1389,,,,,0,0
journal_426919c5f7c3c33d,Melanges de la Casa de Velazquez,Melanges de la Casa de Velazquez,periodical_candidate,title_matched_candidate,,,unknown,Iberia | Latin America and Caribbean | Literature,,journal_source_sheet_271 | journal_source_sheet_1389 | journal_source_ooir,,,,,0,0
journal_9caf0673e1a3b685,Memoria e Ricerca,Memoria e Ricerca,periodical_candidate,bibliographic_metadata_checked,1993,,unknown,General history | Modern and contemporary,Memory studies,journal_source_sheet_1389 | journal_source_library_6b7bbb383cec62ff,1127-0195,ita,bibliographic_record,catalogued_title_start,1,4
journal_b7e310fcddda62d8,Memoria y Civilizacion,Memoria y Civilizacion,periodical_candidate,title_matched_candidate,,,unknown,,,journal_source_sheet_1389,,,,,0,0
journal_4d1437077cd6091b,Memorias,Memorias,periodical_candidate,title_matched_candidate,,,unknown,,,journal_source_sheet_1389,,,,,0,0
journal_8540ac46959ae754,Memory Studies,Memory Studies,periodical_candidate,bibliographic_metadata_checked,2008,,unknown,,Memory studies,journal_source_sheet_271 | journal_source_ooir | journal_source_library_612f77aa58b85ecd | journal_source_library_2353e733b3789973,1750-6980 | 1750-6999,eng,bibliographic_record,catalogued_title_start,2,7
journal_716c465007f405c6,"Men and Masculinities"";journal","Men and Masculinities"";journal",periodical_candidate,title_matched_candidate,,,unknown,,Gender and sexuality,journal_source_sheet_1389,,,,,0,0
journal_c717cd24fc3d6cea,Mesto a Dejiny,Mesto a Dejiny,periodical_candidate,title_matched_candidate,,,unknown,,Urban,journal_source_sheet_1389,,,,,0,0
journal_0db9a2938358ec1f,Metascience,Metascience,periodical_candidate,bibliographic_metadata_checked,1984,,unknown,Science and technology,,journal_source_sheet_1389 | journal_source_library_f2163f1324159228 | journal_source_library_571084b0bb245fc0,0815-0796 | 1467-9981,eng,bibliographic_record,catalogued_title_start,2,19
journal_d12eeff4372890a4,Mexican Studies/Estudios Mexicanos,Mexican Studies/Estudios Mexicanos | Mexican Studies - Estudios Mexicanos | Mexican Studies-Estudios Mexicanos,periodical_candidate,bibliographic_metadata_checked,1985,,unknown,Iberoamerica | Mexico,,journal_source_wikipedia | journal_source_sheet_271 | journal_source_sheet_1389 | journal_source_ooir | journal_source_library_91fbcff27cb05c8b,0742-9797,eng,bibliographic_record,catalogued_title_start,1,7
journal_b42aa828a7771876,Mezhdunarodnye Protsessy,Mezhdunarodnye Protsessy,periodical_candidate,title_matched_candidate,,,unknown,,International relations and diplomatic,journal_source_sheet_1389,,,,,0,0
journal_bff810e388b95a3f,Michigan Historical Review,Michigan Historical Review,periodical_candidate,bibliographic_metadata_checked,,,unknown,United States,,journal_source_wikipedia | journal_source_sheet_271 | journal_source_sheet_1389 | journal_source_library_a997c70bfe499a8a,0890-1686,eng,,,1,4
journal_4ab91a363b888720,Micrologus,Micrologus,periodical_candidate,title_matched_candidate,,,unknown,,,journal_source_sheet_1389,,,,,0,0
journal_49979ff565de49b8,Middle East Critique,Middle East Critique,periodical_candidate,bibliographic_metadata_checked,,,unknown,Middle East,,journal_source_sheet_1389 | journal_source_library_361560f7834fa6b7 | journal_source_library_2c60d7b7f23018bf,1943-6149 | 1943-6157,eng,,,2,9
journal_14ac30c02fa7ccc9,Middle Eastern Studies,Middle Eastern Studies,periodical_candidate,title_matched_candidate,,,unknown,Middle East,,journal_source_sheet_1389,,,,,0,0
journal_1cbec499c3288335,Midland History,Midland History,periodical_candidate,bibliographic_metadata_checked,,,unknown,,Regional or local history,journal_source_sheet_1389 | journal_source_library_2774da97c0a29bbe | journal_source_library_438d3e5ae67072df,0047-729X | 1756-381X,eng,,,2,7
journal_d1e73b074516df50,Militärgeschichtliche Zeitschrift,Militärgeschichtliche Zeitschrift | Militargeschichtliche Zeitschrift,periodical_candidate,bibliographic_metadata_checked,,,unknown,Military | German-speaking Europe,,journal_source_wikipedia | journal_source_sheet_271 | journal_source_sheet_1389 | journal_source_library_71f8c439f4d75039 | journal_source_library_2c8473069bf6b4ad,2193-2336 | 2196-6850,ger,,,2,19
journal_f62d63c096caea9a,Mind and Society,Mind and Society,periodical_candidate,title_matched_candidate,,,unknown,,,journal_source_sheet_1389,,,,,0,0
journal_deea893c9dccfcc7,Ming Studies,Ming Studies,periodical_candidate,bibliographic_metadata_checked,1975,,unknown,East Asia,,journal_source_sheet_1389 | journal_source_library_b32ff40a6b165dd1 | journal_source_library_bffc9895a55021e9,0147-037X | 1759-7595,eng,bibliographic_record,catalogued_title_start,2,6
journal_94eb54578662eeb7,Mining History,Mining History,periodical_candidate,title_matched_candidate,,,unknown,,"Business, labor and economics",journal_source_sheet_1389,,,,,0,0
journal_66d133bccca89ab7,Minnesota History,Minnesota History,periodical_candidate,bibliographic_metadata_checked,,,unknown,United States,,journal_source_wikipedia | journal_source_library_85aa062b98944de4,0026-5497,eng,,,1,4
journal_e60a9a17883b2e6a,"Miscelanea de Estudios Arabes y Hebraicos, Seccion Hebreo","Miscelanea de Estudios Arabes y Hebraicos, Seccion Hebreo",periodical_candidate,title_matched_candidate,,,unknown,,Language and linguistics,journal_source_sheet_1389,,,,,0,0
journal_88813dbe9dfe32ec,Mission Studies,Mission Studies,periodical_candidate,bibliographic_metadata_checked,,,unknown,,,journal_source_sheet_1389 | journal_source_library_a82794793c8982b0 | journal_source_library_527fd8229c2abbf5,0168-9789 | 1573-3831,eng,,,2,9
journal_0e773d54a56d5141,Missouri Historical Review,Missouri Historical Review,periodical_candidate,bibliographic_metadata_checked,1906,,unknown,United States,,journal_source_wikipedia | journal_source_library_4b421e01ad753c03,0026-6582,eng,bibliographic_record,catalogued_title_start,1,4
journal_b0041ff64d3d4ef2,Mitteilungen des Kunsthistorischen Institutes in Florenz,Mitteilungen des Kunsthistorischen Institutes in Florenz,periodical_candidate,title_matched_candidate,,,unknown,,Art history,journal_source_sheet_1389,,,,,0,0
journal_9cad66723ea7e3c9,Mnemosyne,Mnemosyne,periodical_candidate,title_matched_candidate,,,unknown,,,journal_source_sheet_1389,,,,,0,0
journal_e22706b1385875f3,"Mnemosyne, Supplements","Mnemosyne, Supplements",periodical_candidate,title_matched_candidate,,,unknown,,,journal_source_sheet_1389,,,,,0,0
journal_2e69736f71e79c0d,Modern & Contemporary France,Modern & Contemporary France | Modern and Contemporary France,periodical_candidate,bibliographic_metadata_checked,1984,,unknown,France,Modern and contemporary,journal_source_sheet_271 | journal_source_sheet_1389 | journal_source_ooir | journal_source_library_b1e4a36d67df3756,1469-9869,eng,bibliographic_record,catalogued_title_start,1,10
journal_c21d9fd702ef6288,Modern Africa,Modern Africa,periodical_candidate,title_matched_candidate,,,unknown,Africa | International relations and diplomatic,,journal_source_sheet_1389,,,,,0,0
journal_1f31b643beaca0dd,Modern American History,Modern American History,periodical_candidate,bibliographic_metadata_checked,2018,,unknown,United States,,journal_source_sheet_1389 | journal_source_library_a155ebd3fc950316 | journal_source_library_090fe3009d53a351,2397-1851 | 2515-0456,eng,bibliographic_record,catalogued_title_start,2,6
journal_25ba15ab35981ed0,Modern Asian Studies,Modern Asian Studies,periodical_candidate,bibliographic_metadata_checked,1967,,unknown,Asia,,journal_source_wikipedia | journal_source_library_72152bbea7de090f | journal_source_library_6bbbaf64c8b2f16d,0026-749X | 1469-8099,eng,bibliographic_record,catalogued_title_start,2,9
journal_2f8513f87a151e15,"Modern Asian Studies"";journal","Modern Asian Studies"";journal",periodical_candidate,title_matched_candidate,,,unknown,,Asia,journal_source_sheet_1389,,,,,0,0
journal_5629e5f533bfcf54,Modern China,Modern China,periodical_candidate,bibliographic_metadata_checked,1975,,unknown,East Asia,,journal_source_sheet_1389 | journal_source_library_dadc987e0f10f4a4 | journal_source_library_35805ce065a50cc4,0097-7004 | 1552-6836,eng,bibliographic_record,catalogued_title_start,2,11
journal_7370667403d33cc5,Modern History of Russia,Modern History of Russia,periodical_candidate,title_matched_candidate,,,unknown,,Russia and Eurasia | Modern and contemporary,journal_source_sheet_1389,,,,,0,0
journal_d620de9e27dd4317,Modern Intellectual History,Modern Intellectual History,periodical_candidate,bibliographic_metadata_checked,2004,,unknown,Ideas and historiography,,journal_source_sheet_271 | journal_source_sheet_1389 | journal_source_ooir | journal_source_library_2b1bd0790453b189 | journal_source_library_e06b3288065b6b11,1479-2443 | 1479-2451,eng,bibliographic_record,catalogued_title_start,2,4
journal_a8921aeaaffb051b,Modern Italy,Modern Italy,periodical_candidate,bibliographic_metadata_checked,,,unknown,Italy,,journal_source_sheet_271 | journal_source_sheet_1389 | journal_source_ooir | journal_source_library_076ff369887addc2 | journal_source_library_3d661d3cc3219d42,1353-2944 | 1469-9877,eng,,,2,4
journal_34af20cc3aa60b22,Modern Judaism,Modern Judaism,periodical_candidate,title_matched_candidate,,,unknown,Jewish studies,,journal_source_sheet_1389,,,,,0,0
journal_d1f5623596cd47ba,Modernism/Modernity,Modernism/Modernity,periodical_candidate,bibliographic_metadata_checked,,,unknown,,,journal_source_sheet_1389 | journal_source_library_9e9393f1446cb7a5 | journal_source_library_354b0b38a54f26b1,1071-6068 | 1080-6601,eng,,,2,15
journal_9cb82a29cac0e2af,Modernist Cultures,Modernist Cultures,periodical_candidate,title_matched_candidate,,,unknown,,,journal_source_sheet_1389,,,,,0,0
journal_3ce67b67c739cdd6,Montana: The Magazine of Western History,Montana: The Magazine of Western History | Montana - The Magazine of Western History,periodical_candidate,title_matched_candidate,,,unknown,United States,,journal_source_wikipedia | journal_source_sheet_271 | journal_source_sheet_1389,,,,,0,0
journal_2e8aa7820b264a67,Montesquieu.it,Montesquieu.it,periodical_candidate,title_matched_candidate,,,unknown,,,journal_source_sheet_1389,,,,,0,0
journal_77dce64cf35cc436,Monumenta Nipponica,Monumenta Nipponica,periodical_candidate,bibliographic_metadata_checked,1938,,unknown,East Asia,,journal_source_wikipedia | journal_source_sheet_1389 | journal_source_library_4d108dfed5eaefc6,0027-0741,eng,bibliographic_record,catalogued_title_start,1,6
journal_7387b767ad6cbb16,Monumenta Serica,Monumenta Serica,periodical_candidate,bibliographic_metadata_checked,1936,,unknown,East Asia | Sinology and Chinese studies | Language and linguistics | Literature,,journal_source_sheet_1389 | journal_source_library_73ae8d8b22f6bf3f | journal_source_library_8c0a410e5b6024fd,0254-9948 | 2057-1690,eng,bibliographic_record,catalogued_title_start,2,12
journal_586efb7411d08bc4,Moreana,Moreana,periodical_candidate,bibliographic_metadata_checked,1963,,unknown,,,journal_source_sheet_1389 | journal_source_library_206114c5180f1d07 | journal_source_library_aeed057786009c89 | journal_source_library_46e3643ab6d0751d,0047-8105 | 2398-4961,eng | fre,bibliographic_record,catalogued_title_start,3,4
journal_1c6429dd8be47520,Mormon Historical Studies,Mormon Historical Studies,periodical_candidate,title_matched_candidate,,,unknown,Religion,,journal_source_wikipedia,,,,,0,0
journal_5f32235762e7b2b4,Moyen Age,Moyen Age,periodical_candidate,title_matched_candidate,,,unknown,,Middle Ages,journal_source_sheet_1389,,,,,0,0
journal_ec3bc593890aed44,Mundo Agrario,Mundo Agrario,periodical_candidate,bibliographic_metadata_checked,2000,,unknown,Rural and agricultural | Latin America and Caribbean,,journal_source_sheet_1389 | journal_source_library_f9f1b2596c4c209b,1515-5994,spa,bibliographic_record,catalogued_title_start,1,8
journal_cac4add8cc86aa36,Muqarnas,Muqarnas,periodical_candidate,title_matched_candidate,,,unknown,Art history | Architectural | Islamic studies,,journal_source_sheet_1389,,,,,0,0
journal_e3c62e52a3cd94da,Museon,Museon,periodical_candidate,title_matched_candidate,,,unknown,,,journal_source_sheet_1389,,,,,0,0
journal_12fdca399e8d8d40,Museum History Journal,Museum History Journal,periodical_candidate,bibliographic_metadata_checked,2008,,unknown,,Heritage and public history,journal_source_sheet_1389 | journal_source_library_d07e23653e5caa39 | journal_source_library_201aaec9ffb22fce,1936-9816 | 1936-9824,eng,bibliographic_record,catalogued_title_start,2,10
journal_9c89274ac6c957f4,Music in Art,Music in Art,periodical_candidate,title_matched_candidate,,,unknown,,Art history | Music,journal_source_sheet_1389,,,,,0,0
journal_3ea2346d91a11307,Muslim Minorities,Muslim Minorities,periodical_candidate,title_matched_candidate,,,unknown,,Ethnic and racial studies | Religion,journal_source_sheet_1389,,,,,0,0
journal_0588a992c567b001,Muslim World,Muslim World,periodical_candidate,title_matched_candidate,,,unknown,,Religion,journal_source_sheet_1389,,,,,0,0
journal_2fe9c45581a329b9,Muveszettorteneti Ertesito,Muveszettorteneti Ertesito,periodical_candidate,title_matched_candidate,,,unknown,,Art history,journal_source_sheet_1389,,,,,0,0
journal_362e273a279f84d9,NAN NU,NAN NU,periodical_candidate,title_matched_candidate,,,unknown,,,journal_source_sheet_1389,,,,,0,0
journal_34c740fb2bb023f4,Narodopisny vestnik,Narodopisny vestnik,periodical_candidate,title_matched_candidate,,,unknown,,Anthropology and ethnography,journal_source_sheet_1389,,,,,0,0
journal_852deab12f251402,Narrative Inquiry,Narrative Inquiry,periodical_candidate,title_matched_candidate,,,unknown,,,journal_source_sheet_1389,,,,,0,0
journal_8a4b09f2f0b39a7c,National Identities,National Identities,periodical_candidate,bibliographic_metadata_checked,1999,,unknown,,Politics and public policy,journal_source_sheet_1389 | journal_source_library_f03e4a64d9e359c2 | journal_source_library_25a4958853357083,1460-8944 | 1469-9907,eng,bibliographic_record,catalogued_title_start,2,13
journal_8acff51a63f56fbb,Nationalities Papers,Nationalities Papers | Nationalities Papers-The Journal of Nationalism and Ethnicity,periodical_candidate,bibliographic_metadata_checked,1972,,unknown,Anthropology and ethnography | Diaspora and migration,Ethnic and racial studies | Politics and public policy,journal_source_sheet_1389 | journal_source_ooir | journal_source_library_b805b838d8407d28 | journal_source_library_c4d132f09f020f7a,0090-5992 | 1465-3923,eng,bibliographic_record,catalogued_title_start,2,34
journal_50d38721b9dc530b,Nations and Nationalism,Nations and Nationalism,research_journal,bibliographic_metadata_checked,1995,,unknown,,Politics and public policy,journal_source_ooir | journal_source_library_461d8c0c47cd7692 | journal_source_nations_nationalism_foundation | journal_source_venue_review_nations25 | journal_source_venue_review_atlas_warwick_nationalism | journal_source_venue_review_gellner_warwick,1354-5078,eng,bibliographic_record,catalogued_title_start,1,15
journal_4d2b6486db108d00,Near Eastern Archaeology,Near Eastern Archaeology,periodical_candidate,bibliographic_metadata_checked,,,unknown,Middle East | Archaeology,,journal_source_sheet_1389 | journal_source_library_e47e15529e173de1,1094-2076,eng,,,1,23
journal_cf610a9513553000,New Left Review,New Left Review,research_journal,publisher_metadata_checked,1960,,unknown,Social theory and cultural criticism | Socialism and related political traditions,,journal_source_nlr_about | journal_source_library_423243beaa110094 | journal_source_library_25934277a5a9c7ec | journal_source_library_617c9f1200c3de50 | journal_source_venue_review_nlr50,0028-6060 | 2044-0480,eng,source_check,publication_start,3,21
journal_aded3c6c3577b588,New Mexico Historical Review,New Mexico Historical Review,periodical_candidate,bibliographic_metadata_checked,1926,,unknown,Indigenous studies,United States,journal_source_sheet_1389 | journal_source_library_9431a8c858fdbc92,0028-6206,eng,bibliographic_record,catalogued_title_start,1,6
journal_c63c8868b0afed92,New Perspectives on Turkey,New Perspectives on Turkey,periodical_candidate,bibliographic_metadata_checked,1987,,unknown,Turkey,Middle East,journal_source_sheet_1389 | journal_source_library_15fa1ae62dd849da | journal_source_library_cc3810e3f1cc4f74,0896-6346 | 1305-3299,eng,bibliographic_record,catalogued_title_start,2,9
journal_3c6ab0d9dd9d1fdd,New Research of Tuva,New Research of Tuva,periodical_candidate,title_matched_candidate,,,unknown,,Russia and Eurasia,journal_source_sheet_1389,,,,,0,0
journal_7b5c2ffb02e23f47,New Testament Studies,New Testament Studies,periodical_candidate,bibliographic_metadata_checked,,,unknown,,Religion,journal_source_sheet_1389 | journal_source_library_c582522d2e6db6bf | journal_source_library_326875bdb9cd7274 | journal_source_library_11e56ea9e5d14111,0028-6885 | 1469-8145,eng,,,3,1
journal_4a594fa2503f3313,New York History,New York History,periodical_candidate,bibliographic_metadata_checked,,,unknown,,Regional or local history,journal_source_sheet_271 | journal_source_sheet_1389 | journal_source_library_675950d6b19eb679,0146-437X,eng,,,1,6
journal_3c44c5c28f7b2c3b,New Zealand Journal of History,New Zealand Journal of History,periodical_candidate,bibliographic_metadata_checked,1967,,unknown,Australasia and Oceania | General history,,journal_source_wikipedia | journal_source_sheet_271 | journal_source_sheet_1389 | journal_source_library_d9d72647a4f9b231,0028-8322,eng,bibliographic_record,catalogued_title_start,1,13
journal_39aa81f94c95b3a4,Noctua,Noctua,periodical_candidate,bibliographic_metadata_checked,,,unknown,,,journal_source_sheet_1389 | journal_source_library_b88ad85a56320d94,2284-1180,eng,,,1,0
journal_6899d85b89eea488,Nordic Historical Review,Nordic Historical Review,periodical_candidate,title_matched_candidate,,,unknown,Nordic Europe,,journal_source_wikipedia,,,,,0,0
journal_0b801e5f7ab2aa67,Nordic Journal of Educational History,Nordic Journal of Educational History,periodical_candidate,title_matched_candidate,,,unknown,Education,,journal_source_sheet_1389,,,,,0,0
journal_cdeb064ad9c33e00,Nordisk Judaistik,Nordisk Judaistik,periodical_candidate,title_matched_candidate,,,unknown,,Jewish studies,journal_source_sheet_1389,,,,,0,0
journal_59279dbaabef521f,North Korean Review,North Korean Review,periodical_candidate,bibliographic_metadata_checked,2005,,unknown,,East Asia,journal_source_sheet_1389 | journal_source_library_3ce5adb0d9123521,1551-2789,eng,bibliographic_record,catalogued_title_start,1,6
journal_4b4d307315e1f88d,Northeast African Studies,Northeast African Studies,periodical_candidate,bibliographic_metadata_checked,,,unknown,Africa | African American studies,,journal_source_sheet_1389 | journal_source_library_92f6a558ea55b920,0740-9133,eng,,,1,13
journal_96e925e588a01d43,Northern History,Northern History,periodical_candidate,bibliographic_metadata_checked,1966,,unknown,Britain,Regional or local history,journal_source_sheet_271 | journal_source_sheet_1389 | journal_source_ooir | journal_source_library_90747003df748ed9 | journal_source_library_2cef102c5052eda3,0078-172X | 1745-8706,eng,bibliographic_record,catalogued_title_start,2,5
journal_98193ffad70a8fba,Northern Mariner,Northern Mariner,periodical_candidate,title_matched_candidate,,,unknown,Maritime,,journal_source_wikipedia,,,,,0,0
journal_ed00abc0414f5a9f,Northern Scotland,Northern Scotland,periodical_candidate,bibliographic_metadata_checked,1972,,unknown,Britain,,journal_source_sheet_1389 | journal_source_library_39115e42e26b5cb9,0306-5278,eng,bibliographic_record,catalogued_title_start,1,4
journal_1937557c5609247a,Notes and Records of the Royal Society,Notes and Records of the Royal Society,periodical_candidate,title_matched_candidate,,,unknown,Science and technology,,journal_source_wikipedia,,,,,0,0
journal_8dec608379e28ab3,Nottingham French Studies,Nottingham French Studies,periodical_candidate,bibliographic_metadata_checked,1962,,unknown,Literature,France,journal_source_sheet_1389 | journal_source_library_9d76686dee4b9d4c,0029-4586,eng,bibliographic_record,catalogued_title_start,1,3
journal_ab3b9ecf56f27c34,Novaya i Novejshaya Istoriya,Novaya i Novejshaya Istoriya,periodical_candidate,title_matched_candidate,,,unknown,,,journal_source_sheet_1389,,,,,0,0
journal_3cfb792f324dc767,Novum Testamentum,Novum Testamentum,periodical_candidate,bibliographic_metadata_checked,1956,,unknown,,Religion,journal_source_sheet_1389 | journal_source_library_b23c4b32907d8eea | journal_source_library_fe2c64df5967169e,0048-1009 | 1568-5365,eng,bibliographic_record,catalogued_title_start,2,2
journal_2b3d9212012ea900,Novyj Istoriceskij Vestnik,Novyj Istoriceskij Vestnik,periodical_candidate,title_matched_candidate,,,unknown,,,journal_source_sheet_1389,,,,,0,0
journal_8a9ec0d0ed5d3a96,"NTM International Journal of History and Ethics of Natural Sciences, Technology and Medicine","NTM International Journal of History and Ethics of Natural Sciences, Technology and Medicine",periodical_candidate,title_matched_candidate,,,unknown,,Science and technology | Medicine and health,journal_source_sheet_1389,,,,,0,0
journal_4b6e666c4a78503f,Numen,Numen | Numen - International Review for the History of Religions | Numen-International Review for the History of Religions,periodical_candidate,title_matched_candidate,,,unknown,Religion,,journal_source_wikipedia | journal_source_sheet_271 | journal_source_sheet_1389 | journal_source_ooir,,,,,0,0
journal_883f0907e12de5d8,Nuova Rivista Storica,Nuova Rivista Storica,periodical_candidate,bibliographic_metadata_checked,1917,,unknown,General history,,journal_source_sheet_271 | journal_source_sheet_1389 | journal_source_library_bda782b666cfc879,0029-6236,ita,bibliographic_record,catalogued_title_start,1,4
journal_8f6154f693a54bb7,NWIG New West Indian Guide,NWIG New West Indian Guide,periodical_candidate,title_matched_candidate,,,unknown,,Latin America and Caribbean,journal_source_sheet_1389,,,,,0,0
journal_b54c967f6465304d,Obradoiro de Historia Moderna,Obradoiro de Historia Moderna,periodical_candidate,title_matched_candidate,,,unknown,,,journal_source_sheet_1389,,,,,0,0
journal_939e97b9cdb02495,Oceania,Oceania,periodical_candidate,bibliographic_metadata_checked,1930,,unknown,Australasia and Oceania | Anthropology and ethnography,,journal_source_wikipedia | journal_source_library_c44fb6bd977aefeb,0029-8077,eng,bibliographic_record,catalogued_title_start,1,15
journal_bff936b00e33c8b6,Ochrona Zabytkow,Ochrona Zabytkow,periodical_candidate,title_matched_candidate,,,unknown,,Heritage and public history,journal_source_sheet_1389,,,,,0,0
journal_f87f316122a47122,OEconomia,OEconomia,periodical_candidate,title_matched_candidate,,,unknown,,"Business, labor and economics",journal_source_sheet_1389,,,,,0,0
journal_fc76771e3b88f083,Oeconomia Copernicana,Oeconomia Copernicana,periodical_candidate,title_matched_candidate,,,unknown,,"Business, labor and economics",journal_source_sheet_1389,,,,,0,0
journal_91ac22513ea8f4aa,Ohio History,Ohio History,periodical_candidate,bibliographic_metadata_checked,,,unknown,United States,,journal_source_wikipedia | journal_source_library_9094539d9fd80d94,0030-0934,eng,,,1,4
journal_92f48c4643ce3247,Old Testament Essays,Old Testament Essays,periodical_candidate,title_matched_candidate,,,unknown,,Religion,journal_source_sheet_1389,,,,,0,0
journal_93106eb391eaba63,Ons Geestelijk Erf,Ons Geestelijk Erf,periodical_candidate,bibliographic_metadata_checked,1927,,unknown,,,journal_source_sheet_1389 | journal_source_library_d16d07058e8e38ef,0774-2827,dut,bibliographic_record,catalogued_title_start,1,6
journal_faa29ea974140d4d,Open Review of Educational Research,Open Review of Educational Research,periodical_candidate,bibliographic_metadata_checked,,,unknown,Education,,journal_source_sheet_1389 | journal_source_library_032612197703bbbb | journal_source_library_d4f0ae910646968e,2326-5507,eng,,,2,4
journal_7a438037d6da33ac,Opera Historica,Opera Historica,periodical_candidate,title_matched_candidate,,,unknown,,,journal_source_sheet_1389,,,,,0,0
journal_7906909142aef90a,Opuscula,Opuscula,periodical_candidate,title_matched_candidate,,,unknown,,,journal_source_sheet_1389,,,,,0,0
journal_b37c47d6d6bf8912,Oral History Review,Oral History Review,research_journal,publisher_metadata_checked,1973,,unknown,oral,,journal_source_sheet_271 | journal_source_sheet_1389 | journal_source_ooir | journal_source_tf_oral | journal_source_oral_history_review_foundation | journal_source_venue_review_ohr50,,,source_check,publication_start,0,0
journal_bc41fd7130a65d40,Ordines Militares,Ordines Militares,periodical_candidate,title_matched_candidate,,,unknown,,Military,journal_source_sheet_1389,,,,,0,0
journal_1d2f5edf681df07a,Oregon Historical Quarterly,Oregon Historical Quarterly,periodical_candidate,bibliographic_metadata_checked,,,unknown,United States,,journal_source_wikipedia | journal_source_sheet_271 | journal_source_sheet_1389 | journal_source_ooir | journal_source_library_a20609ac2b8cbc34,0030-4727,eng,,,1,4
journal_d9ea14fb2e9832fa,Oriental Studies,Oriental Studies,periodical_candidate,title_matched_candidate,,,unknown,,,journal_source_sheet_1389,,,,,0,0
journal_948cc26713e83336,Orientalia Christiana Periodica,Orientalia Christiana Periodica,periodical_candidate,bibliographic_metadata_checked,1935,,unknown,,Religion,journal_source_sheet_1389 | journal_source_library_b690f10d9950b535,0030-5375,lat,bibliographic_record,catalogued_title_start,1,10
journal_0efa1029e2401054,Oriente Moderno,Oriente Moderno,periodical_candidate,bibliographic_metadata_checked,1921,,unknown,Middle East | Modern and contemporary | Politics and public policy | Social | Literature | Cultural studies | Islamic studies,,journal_source_sheet_1389 | journal_source_library_1c2e172ed2c953f9 | journal_source_library_0cd5cf4c2789a1dc,0030-5472 | 2213-8617,ita,bibliographic_record,catalogued_title_start,2,25
journal_277a33d77fbecbff,Orillas,Orillas,periodical_candidate,title_matched_candidate,,,unknown,,,journal_source_sheet_1389,,,,,0,0
journal_d14b6c9eeebdd0d6,Osiris,Osiris,research_journal,publisher_metadata_checked,1936,,unknown,Science and technology | science,,journal_source_wikipedia | journal_source_chicago_osiris | journal_source_library_24f52e3364a55c05,0369-7827 | 1933-8287,eng,source_check,publication_start,1,11
journal_cd084caba3a1ce91,Osmanli Arastirmalari - Journal of Ottoman Studies,Osmanli Arastirmalari - Journal of Ottoman Studies,periodical_candidate,title_matched_candidate,,,unknown,,Middle East,journal_source_sheet_1389,,,,,0,0
journal_490ffd3801e4626c,Osmanli Arastirmalari - The Journal of Ottoman Studies,Osmanli Arastirmalari - The Journal of Ottoman Studies,periodical_candidate,title_matched_candidate,,,unknown,,Middle East,journal_source_sheet_271,,,,,0,0
journal_d4d64e1da25e0e90,Osterreichische Zeitschrift fur Geschichtswissenschaften,Osterreichische Zeitschrift fur Geschichtswissenschaften,periodical_candidate,title_matched_candidate,,,unknown,General history,,journal_source_sheet_1389,,,,,0,0
journal_3d3870d545825454,"Oudtestamentische Studien, Old Testament Studies","Oudtestamentische Studien, Old Testament Studies",periodical_candidate,title_matched_candidate,,,unknown,,Religion,journal_source_sheet_1389,,,,,0,0
journal_c5a96ec1cfcd7447,Outre-Mers,Outre-Mers,periodical_candidate,title_matched_candidate,,,unknown,,Colonialism and empire,journal_source_sheet_1389,,,,,0,0
journal_fa9bf2f89281677e,Oxford Art Journal,Oxford Art Journal,periodical_candidate,bibliographic_metadata_checked,1978,,unknown,Art,,journal_source_sheet_1389 | journal_source_library_6e8d8796bc7d284b,0142-6540,eng,bibliographic_record,catalogued_title_start,1,7
journal_dfcea2969df11b3e,Oxoniensia,Oxoniensia,periodical_candidate,title_matched_candidate,,,unknown,Regional or local,,journal_source_wikipedia,,,,,0,0
journal_3d98833a0d8281f8,Pacific Historical Review,Pacific Historical Review,periodical_candidate,bibliographic_metadata_checked,1932,,unknown,United States,,journal_source_wikipedia | journal_source_sheet_271 | journal_source_sheet_1389 | journal_source_ooir | journal_source_library_523c76bf41e303c3,0030-8684,eng,bibliographic_record,catalogued_title_start,1,23
journal_e273d5962dacb89d,Pacific Northwest Quarterly,Pacific Northwest Quarterly,periodical_candidate,title_matched_candidate,,,unknown,United States,,journal_source_wikipedia | journal_source_sheet_271 | journal_source_sheet_1389,,,,,0,0
journal_0f2e6daed59d611b,Paedagogica Historica,Paedagogica Historica,periodical_candidate,bibliographic_metadata_checked,1961,,unknown,Education,,journal_source_sheet_1389 | journal_source_library_3034727d4fbc2555 | journal_source_library_484db52199c3d0f3,0030-9230 | 1477-674X,eng,bibliographic_record,catalogued_title_start,2,6
journal_66aca58e177bf988,Paginas,Paginas,periodical_candidate,title_matched_candidate,,,unknown,,,journal_source_sheet_1389,,,,,0,0
journal_b95d3d520007b039,Palaeobulgarica,Palaeobulgarica,periodical_candidate,bibliographic_metadata_checked,1977,,unknown,,,journal_source_sheet_1389 | journal_source_library_d92128725665c42b | journal_source_library_95cb7ad9ba6a3549 | journal_source_library_668bc97e6f910fdf,0204-4021 | 2603-2899,bul | eng | fre | ger | rus,bibliographic_record,catalogued_title_start,3,27
journal_c464f6b77993702d,Palaeohispanica,Palaeohispanica,periodical_candidate,title_matched_candidate,,,unknown,,,journal_source_sheet_1389,,,,,0,0
journal_1f45fc2e4072378a,PalArch's Journal of Archaeology of Egypt/ Egyptology,PalArch's Journal of Archaeology of Egypt/ Egyptology,periodical_candidate,title_matched_candidate,,,unknown,,Egypt | Ancient | Archaeology,journal_source_sheet_1389,,,,,0,0
journal_4bb6357e2fdce70a,Palestine Exploration Quarterly,Palestine Exploration Quarterly,periodical_candidate,bibliographic_metadata_checked,,,unknown,Middle East | Archaeology,,journal_source_wikipedia | journal_source_sheet_271 | journal_source_sheet_1389 | journal_source_ooir | journal_source_library_e0119fa7bafd7f26 | journal_source_library_0d84392372024173,0031-0328 | 1743-1301,eng,,,2,14
journal_49d5502c1669c75b,Panta Rei,Panta Rei,periodical_candidate,title_matched_candidate,,,unknown,,,journal_source_sheet_1389,,,,,0,0
journal_152a0be173912ba1,Papers of the British School at Rome,Papers of the British School at Rome,periodical_candidate,bibliographic_metadata_checked,1902,,unknown,Archaeology,,journal_source_sheet_1389 | journal_source_library_4b3f7e299212bf90 | journal_source_library_c0281b6a98e5baff,0068-2462 | 2045-239X,eng,bibliographic_record,catalogued_title_start,2,18
journal_f528212a496dc7a0,Parameters,Parameters,periodical_candidate,title_matched_candidate,,,unknown,,,journal_source_sheet_1389,,,,,0,0
journal_9dd1c72130a9fcdb,Parergon,Parergon,periodical_candidate,bibliographic_metadata_checked,,,unknown,Middle Ages,,journal_source_sheet_1389 | journal_source_library_19a4407a29240087 | journal_source_library_b2a2a6552b6fa49e,0313-6221,eng,,,2,10
journal_e9581a5052cc2ce5,Parlement[s],Parlement[s],periodical_candidate,title_matched_candidate,,,unknown,,,journal_source_sheet_1389,,,,,0,0
journal_30f867b31cdf447a,Parliamentary History,Parliamentary History,periodical_candidate,bibliographic_metadata_checked,1982,,unknown,,Politics and public policy,journal_source_sheet_271 | journal_source_sheet_1389 | journal_source_ooir | journal_source_library_3e775c5019aa691b,0264-2824,eng,bibliographic_record,catalogued_title_start,1,1
journal_fde910319ee8dd75,Parliaments Estates and Representation,Parliaments Estates and Representation,periodical_candidate,bibliographic_metadata_checked,1981,,unknown,,Politics and public policy,journal_source_sheet_1389 | journal_source_library_da38f9832c4b618e | journal_source_library_b866fb740b47b879,0260-6755 | 1947-248X,eng,bibliographic_record,catalogued_title_start,2,12
journal_3c475472de4f5691,Pasado y Memoria,Pasado y Memoria,periodical_candidate,title_matched_candidate,,,unknown,,Memory studies,journal_source_sheet_1389,,,,,0,0
journal_a7c5d45175d2b020,Passato e Presente,Passato e Presente,periodical_candidate,title_matched_candidate,,,unknown,,Modern and contemporary,journal_source_sheet_1389,,,,,0,0
journal_b2aca6e2c5b0a211,Past & Present,Past & Present | Past and Present,research_journal,bibliographic_metadata_checked,1952,,unknown,General history | Britain,,journal_source_wikipedia | journal_source_sheet_271 | journal_source_sheet_1389 | journal_source_ooir | journal_source_stone_narrative | journal_source_library_6679b11d0bb9ed08 | journal_source_pp_editors_250 | journal_source_pp_ihr_marxist_history | journal_source_venue_review_past250,0031-2746,eng,bibliographic_record,catalogued_title_start,1,9
journal_da925052c0bcba47,Patterns of Prejudice,Patterns of Prejudice,periodical_candidate,bibliographic_metadata_checked,1967,,unknown,,,journal_source_sheet_1389 | journal_source_library_6f9d7ee7e1d144e4 | journal_source_library_a42ffccf5a00e2b2,0031-322X | 1461-7331,eng,bibliographic_record,catalogued_title_start,2,32
journal_5a828d39d05d6fb8,Pennsylvania History,Pennsylvania History,periodical_candidate,bibliographic_metadata_checked,1934,,unknown,,Regional or local history,journal_source_sheet_1389 | journal_source_library_6f1a1e0b6628da9c,0031-4528,eng,bibliographic_record,catalogued_title_start,1,2
journal_52316b1ecf5af908,Pennsylvania History: A Journal of Mid-Atlantic Studies,Pennsylvania History: A Journal of Mid-Atlantic Studies,periodical_candidate,title_matched_candidate,,,unknown,United States,,journal_source_wikipedia,,,,,0,0
journal_0b0d9d9c90568077,Pennsylvania Magazine of History and Biography,Pennsylvania Magazine of History and Biography,periodical_candidate,title_matched_candidate,,,unknown,United States,,journal_source_wikipedia | journal_source_sheet_271 | journal_source_sheet_1389,,,,,0,0
journal_1afb8b667f1ae5c3,Peritia,Peritia,periodical_candidate,bibliographic_metadata_checked,1982,,unknown,Middle Ages | Ireland,,journal_source_sheet_1389 | journal_source_library_a218cd9eb866789c,2034-6506,eng | fre | ger,bibliographic_record,catalogued_title_start,1,10
journal_ed0ec217e14fa307,Perm University Herald - History,Perm University Herald - History,periodical_candidate,title_matched_candidate,,,unknown,,,journal_source_sheet_1389,,,,,0,0
journal_06f853a9098e6817,Perspective (France),Perspective (France),periodical_candidate,title_matched_candidate,,,unknown,,,journal_source_sheet_1389,,,,,0,0
journal_9799d03df89e4147,Petits Propos Culinaires,Petits Propos Culinaires,periodical_candidate,bibliographic_metadata_checked,1979,,unknown,Food history,,journal_source_wikipedia | journal_source_library_e0d1a5571ad70033,0142-7857,eng,bibliographic_record,catalogued_title_start,1,10
journal_a13036715c908b55,Philippine Studies: Historical and Ethnographic Viewpoints,Philippine Studies: Historical and Ethnographic Viewpoints,periodical_candidate,bibliographic_metadata_checked,,,unknown,Anthropology and ethnography,Southeast Asia,journal_source_sheet_1389 | journal_source_library_9c66f151d4a00308 | journal_source_library_66f6a1c8fce7cca5,2244-1093 | 2244-1638,eng,,,2,14
journal_b5fbd9ff813d8792,Philological Quarterly,Philological Quarterly,periodical_candidate,bibliographic_metadata_checked,,,unknown,Language and linguistics,,journal_source_sheet_1389 | journal_source_library_747a8ad7c6aaab37,0031-7977,eng,,,1,7
journal_0ea6eb85492b044e,Philologus,Philologus,periodical_candidate,bibliographic_metadata_checked,1846,,unknown,Classical studies,Language and linguistics,journal_source_sheet_1389 | journal_source_library_e149c540e9ea81c4 | journal_source_library_88ee75f8a66e1c78,0031-7985 | 2196-7008,ger,bibliographic_record,catalogued_title_start,2,11
journal_e8b451c572b6f86f,Philosophy of Science,Philosophy of Science,periodical_candidate,title_matched_candidate,,,unknown,Science and technology,Philosophy,journal_source_sheet_1389,,,,,0,0
journal_ee82617f51aa011f,Phronesis,Phronesis,periodical_candidate,title_matched_candidate,,,unknown,,,journal_source_sheet_1389,,,,,0,0
journal_d9ad4351da48ddc7,Physics in Perspective,Physics in Perspective,periodical_candidate,bibliographic_metadata_checked,1999,,unknown,,Science and technology,journal_source_sheet_1389 | journal_source_library_07d40654daaafe2a | journal_source_library_bf1952b87c8112eb,1422-6944 | 1422-6960,eng,bibliographic_record,catalogued_title_start,2,10
journal_a43b2d9e9ee6d8b0,Planning Perspectives,Planning Perspectives,periodical_candidate,bibliographic_metadata_checked,,,unknown,Urban,,journal_source_sheet_271 | journal_source_ooir | journal_source_library_1daca10245734cfb | journal_source_library_1e3a4aa87bc221f1,0266-5433 | 1466-4518,eng,,,2,18
journal_f7808c355d342688,Plural. History. Culture. Society,Plural. History. Culture. Society,periodical_candidate,title_matched_candidate,,,unknown,Eastern Europe and Balkans,Cultural history,journal_source_sheet_1389,,,,,0,0
journal_dab9b8a6ad7e2986,Poland's Demographic Past,Poland's Demographic Past,periodical_candidate,title_matched_candidate,,,unknown,Poland | Demography and family,Eastern Europe and Balkans,journal_source_sheet_1389,,,,,0,0
journal_17470850addce4e3,Polis,Polis,periodical_candidate,title_matched_candidate,,,unknown,,,journal_source_sheet_1389,,,,,0,0
journal_ffe6ec8afaa57a68,Political Geography,Political Geography,periodical_candidate,bibliographic_metadata_checked,,,unknown,,Politics and public policy,journal_source_sheet_1389 | journal_source_library_81af7447169bbece,0962-6298,eng,,,1,5
journal_f7c6373292ea9e23,Political Theory,Political Theory,periodical_candidate,bibliographic_metadata_checked,,,unknown,Politics and public policy,,journal_source_sheet_1389 | journal_source_library_96f444a4df36d7fa | journal_source_library_25b64beb00fd870b | journal_source_library_d586d24a19c351ab,0090-5917 | 1552-7476,eng,,,3,10
journal_3389e9b729d015cb,Politicka Misao,Politicka Misao,periodical_candidate,title_matched_candidate,,,unknown,,Politics and public policy,journal_source_sheet_1389,,,,,0,0
journal_57faad005d329f58,"Politics, Religion & Ideology","Politics, Religion & Ideology | Politics Religion & Ideology",periodical_candidate,bibliographic_metadata_checked,,,unknown,Eastern Europe and Balkans | Politics and public policy | Religion,,journal_source_wikipedia | journal_source_sheet_271 | journal_source_ooir | journal_source_library_59d51b51e8f1abf6,2156-7697,eng,,,1,11
journal_2792bbb391111da3,Popolazione e Storia,Popolazione e Storia,periodical_candidate,bibliographic_metadata_checked,2000,,unknown,Demography and family | Italy,,journal_source_sheet_1389 | journal_source_library_f851e1f3bb52caa6,1591-4798,ita,bibliographic_record,catalogued_title_start,1,7
journal_0af45f8baef9602a,Population Studies,Population Studies,periodical_candidate,title_matched_candidate,,,unknown,,Demography and family,journal_source_sheet_1389,,,,,0,0
journal_c48da356b6af1712,Portuguese Studies,Portuguese Studies,periodical_candidate,bibliographic_metadata_checked,1985,,unknown,Latin America and Caribbean | Iberia,,journal_source_sheet_1389 | journal_source_library_07e8da8e376e16de,0267-5315,eng,bibliographic_record,catalogued_title_start,1,28
journal_f50871d14c198e22,Positions,Positions,periodical_candidate,title_matched_candidate,,,unknown,,,journal_source_sheet_1389,,,,,0,0
journal_76f49a9d91b53472,Post-Medieval Archaeology,Post-Medieval Archaeology,periodical_candidate,bibliographic_metadata_checked,1967,,unknown,Britain,Middle Ages | Archaeology,journal_source_sheet_1389 | journal_source_library_93c3b49d6bf94267 | journal_source_library_b584f1910dec3f29,0079-4236 | 1745-8137,eng,bibliographic_record,catalogued_title_start,2,16
journal_a65e7898dc58a851,Postcolonial Studies,Postcolonial Studies,periodical_candidate,bibliographic_metadata_checked,1998,,unknown,,Colonialism and empire,journal_source_sheet_1389 | journal_source_ooir | journal_source_library_1bde3d7013fd8f47,1466-1888,eng,bibliographic_record,catalogued_title_start,1,4
journal_c66b01e68db0ea8b,Postmedieval,Postmedieval,periodical_candidate,title_matched_candidate,,,unknown,,Middle Ages,journal_source_sheet_1389,,,,,0,0
journal_a8fd47a186c8ca2b,Potestas,Potestas,periodical_candidate,title_matched_candidate,,,unknown,,,journal_source_sheet_1389,,,,,0,0
journal_c581690fb5cc4430,Povijesni Prilozi,Povijesni Prilozi,periodical_candidate,bibliographic_metadata_checked,1982,,unknown,,,journal_source_sheet_1389 | journal_source_library_1e971ce078187342,0351-9767,hrv,bibliographic_record,catalogued_title_start,1,7
journal_82e7b5727f1b5359,Prague Papers on the History of International Relations,Prague Papers on the History of International Relations,periodical_candidate,title_matched_candidate,,,unknown,International relations and diplomatic,,journal_source_wikipedia,,,,,0,0
journal_081498c12296634c,Praksis,Praksis,periodical_candidate,title_matched_candidate,,,unknown,,,journal_source_sheet_1389,,,,,0,0
journal_b9888fd73dd30d4d,Praktyka Teoretyczna,Praktyka Teoretyczna,periodical_candidate,title_matched_candidate,,,unknown,,,journal_source_sheet_1389,,,,,0,0
journal_ad3d7f7f6acda545,Preservation,Preservation,periodical_candidate,title_matched_candidate,,,unknown,,Heritage and public history,journal_source_sheet_271,,,,,0,0
journal_1682ba7d199de65b,Presidential Studies Quarterly,Presidential Studies Quarterly,periodical_candidate,bibliographic_metadata_checked,,,unknown,Politics and public policy,,journal_source_wikipedia | journal_source_sheet_1389 | journal_source_library_041ad4378427fbeb | journal_source_library_8e9932753071d311,0360-4918 | 1741-5705,eng,,,2,15
journal_7bda00de56d95ce4,Preternature,Preternature,periodical_candidate,title_matched_candidate,,,unknown,,,journal_source_sheet_1389,,,,,0,0
journal_d9e17ac594e4d709,Prilozi Instituta za Arheologiju,Prilozi Instituta za Arheologiju,periodical_candidate,title_matched_candidate,,,unknown,,,journal_source_sheet_1389,,,,,0,0
journal_65214d6aa917ba97,Prispevki za novejšo zgodovino,Prispevki za novejšo zgodovino | Prispevki za Novejso Zgodovino,periodical_candidate,title_matched_candidate,,,unknown,Eastern Europe and Balkans,,journal_source_wikipedia | journal_source_sheet_1389,,,,,0,0
journal_b23e9ce61c297615,"Proceedings of the Royal Irish Academy Section C: Archaeology, Celtic Studies, History, Linguistics and Literature","Proceedings of the Royal Irish Academy Section C: Archaeology, Celtic Studies, History, Linguistics and Literature",periodical_candidate,title_matched_candidate,,,unknown,,Ireland | Archaeology | Literature | Language and linguistics,journal_source_sheet_1389,,,,,0,0
journal_ef1e5cfe6102495a,Programming Historian,Programming Historian,periodical_candidate,title_matched_candidate,,,unknown,Teaching and methods,,journal_source_wikipedia,,,,,0,0
journal_e6297c68f13445cf,Przeglad Archiwalny Instytutu Pamieci Narodowej,Przeglad Archiwalny Instytutu Pamieci Narodowej,periodical_candidate,title_matched_candidate,,,unknown,,,journal_source_sheet_1389,,,,,0,0
journal_e174c6791f43c105,Przeglad Nauk Historycznych,Przeglad Nauk Historycznych,periodical_candidate,title_matched_candidate,,,unknown,,,journal_source_sheet_1389,,,,,0,0
journal_7fdf76f477c06ead,Psychoanalysis and History,Psychoanalysis and History,periodical_candidate,title_matched_candidate,,,unknown,,,journal_source_sheet_271 | journal_source_ooir,,,,,0,0
journal_99bd1c5b0a0c9c98,Public Opinion Quarterly,Public Opinion Quarterly,periodical_candidate,bibliographic_metadata_checked,1937,,unknown,,Politics and public policy,journal_source_sheet_1389 | journal_source_library_061d1176f4038e50 | journal_source_library_8335f1a3a356bf8a,0033-362X,eng,bibliographic_record,catalogued_title_start,2,11
journal_140e8ca13be863d3,Publishing History,Publishing History,periodical_candidate,bibliographic_metadata_checked,1977,,unknown,,Media and books,journal_source_sheet_271 | journal_source_library_a50e7b6a993f9c68,0309-2445,eng,bibliographic_record,catalogued_title_start,1,8
journal_2b79fc6e996ac620,Punk and Post-Punk,Punk and Post-Punk,periodical_candidate,bibliographic_metadata_checked,,,unknown,,,journal_source_sheet_1389 | journal_source_library_87d48609d7b736ae | journal_source_library_c00c0fb52b987f26,2044-1983 | 2044-3706,eng,,,2,22
journal_21522aa346eccdd8,Qiushi (求是),Qiushi (求是),primary_source_periodical,title_matched_candidate,,,unknown,Chinese studies resources,,journal_source_toronto,,,,,0,0
journal_cfc410ef907bdbd7,Quaderni Storici,Quaderni Storici,research_journal,bibliographic_metadata_checked,,,unknown,,,journal_source_sheet_271 | journal_source_sheet_1389 | journal_source_library_02585722e7ae7be5 | journal_source_venue_116_raggio_microstoria,0301-6307,ita,,,1,0
journal_ab2613b233799692,Quaerendo,Quaerendo,periodical_candidate,bibliographic_metadata_checked,1971,,unknown,Media and books | Manuscript studies,,journal_source_sheet_1389 | journal_source_library_83d73a18a8d3ddad,0014-9527,eng,bibliographic_record,catalogued_title_start,1,21
journal_68a91263afc40b49,Quaestio Rossica,Quaestio Rossica,periodical_candidate,bibliographic_metadata_checked,2013,,unknown,Russia and Eurasia,,journal_source_sheet_1389 | journal_source_library_567292fed90891b1 | journal_source_library_30515772740aa8e3,2311-911X | 2313-6871,rus,bibliographic_record,catalogued_title_start,2,24
journal_e71e0fc0e3b339a6,Qudus International Journal of Islamic Studies,Qudus International Journal of Islamic Studies,periodical_candidate,title_matched_candidate,,,unknown,,Religion,journal_source_sheet_1389,,,,,0,0
journal_2768a4b671869da5,Queensland History Journal,Queensland History Journal,periodical_candidate,title_matched_candidate,,,unknown,Australasia and Oceania,,journal_source_wikipedia,,,,,0,0
journal_bb1199f7efcb2f58,Queensland Review,Queensland Review,periodical_candidate,bibliographic_metadata_checked,1994,,unknown,,Australasia and Oceania,journal_source_sheet_1389 | journal_source_library_ce2c132224b3c79e,2049-7792,eng,bibliographic_record,catalogued_title_start,1,3
journal_d55293f237325f0a,Quest. Issues in Contemporary Jewish History,Quest. Issues in Contemporary Jewish History,periodical_candidate,title_matched_candidate,,,unknown,General history,Jewish studies,journal_source_sheet_1389,,,,,0,0
journal_57d5884027f69d53,Quest: The History of Spaceflight,Quest: The History of Spaceflight,periodical_candidate,title_matched_candidate,,,unknown,Science and technology,,journal_source_wikipedia,,,,,0,0
journal_472e21a0b18f882a,Quinto Sol,Quinto Sol,periodical_candidate,bibliographic_metadata_checked,1997,,unknown,"Social sciences | Social | Business, labor and economics",,journal_source_sheet_1389 | journal_source_library_30fa62efd4090d52,0329-2665,spa,bibliographic_record,catalogued_title_start,1,8
journal_4630cadaf7561ba5,Radical History Review,Radical History Review,periodical_candidate,bibliographic_metadata_checked,,,unknown,General history | Socialism and related political traditions | Modern and contemporary,,journal_source_wikipedia | journal_source_sheet_1389 | journal_source_ooir | journal_source_library_bb44c9b9c2266c63 | journal_source_library_2e36eac35808af20,0163-6545,eng,,,2,16
journal_09fc2f1a6d52501a,Radovi Instituta za Povijest Umjetnosti,Radovi Instituta za Povijest Umjetnosti,periodical_candidate,bibliographic_metadata_checked,1972,,unknown,Art,,journal_source_sheet_1389 | journal_source_library_956f61e9be52cd30,0350-3437,hrv,bibliographic_record,catalogued_title_start,1,4
journal_436c616843fecc77,Radovi Zavoda za Hrvatsku Povijest,Radovi Zavoda za Hrvatsku Povijest,periodical_candidate,title_matched_candidate,,,unknown,,,journal_source_sheet_1389,,,,,0,0
journal_0835598cd9000a22,Radovi Zavoda za Povijesne Znanosti Hazu u Zadru,Radovi Zavoda za Povijesne Znanosti Hazu u Zadru | Radovi Zavoda za Povijesne Znanosti HAZU u Zadru,periodical_candidate,bibliographic_metadata_checked,,,unknown,,,journal_source_sheet_271 | journal_source_sheet_1389 | journal_source_library_18e3956c3ce0ef67,1330-0474,hrv,,,1,4
journal_9094fd9292e9e102,Rassegna Storica del Risorgimento,Rassegna Storica del Risorgimento,periodical_candidate,bibliographic_metadata_checked,1914,,unknown,Italy,,journal_source_sheet_1389 | journal_source_library_bfa118ae2478e5e5,0033-9873,ita,bibliographic_record,catalogued_title_start,1,5
journal_757bfc4e2cd4a040,"Reception: Texts,  Readers, Audiences, History","Reception: Texts,  Readers, Audiences, History",periodical_candidate,bibliographic_metadata_checked,2013,,unknown,Literature,,journal_source_sheet_1389 | journal_source_library_5c345cc84b9a844c,2168-0604,eng,bibliographic_record,catalogued_title_start,1,6
journal_0b87b1ec7bd188c7,Recherches de Theologie et Philosophie Medievales,Recherches de Theologie et Philosophie Medievales,periodical_candidate,title_matched_candidate,,,unknown,,Middle Ages | Religion | Philosophy,journal_source_sheet_1389,,,,,0,0
journal_7ecff372edf16549,Rechtsgeschichte,Rechtsgeschichte,periodical_candidate,title_matched_candidate,,,unknown,,Legal,journal_source_sheet_1389,,,,,0,0
journal_bb801268105cb9a0,Records of the Australian Museum,Records of the Australian Museum,periodical_candidate,bibliographic_metadata_checked,1890,,unknown,Science and technology,,journal_source_sheet_1389 | journal_source_library_c7758e38c6c1cd81,0067-1975,eng,bibliographic_record,catalogued_title_start,1,18
journal_d70bc8b4433eab4e,Reformation,Reformation,periodical_candidate,bibliographic_metadata_checked,1996,,unknown,Religion | Britain | Europe,,journal_source_wikipedia | journal_source_library_ef28582aa8f43eca | journal_source_library_c7505224cc1ea5ff,1357-4175 | 1752-0738,eng,bibliographic_record,catalogued_title_start,2,22
journal_218bc07409dec6b7,"Region: Regional Studies of Russia, Eastern Europe, and Central Asia","Region: Regional Studies of Russia, Eastern Europe, and Central Asia",periodical_candidate,bibliographic_metadata_checked,2012,,unknown,Russia and Eurasia | Eastern Europe and Balkans | Central Asia,,journal_source_sheet_1389 | journal_source_library_b713db84bfa862a2,2166-4307,eng,bibliographic_record,catalogued_title_start,1,26
journal_139d14b61cae91c7,Religion,Religion,periodical_candidate,title_matched_candidate,,,unknown,,Religion,journal_source_sheet_1389,,,,,0,0
journal_14e0efc128c5c78c,Religion and American Culture - A Journal of Interpretation,Religion and American Culture - A Journal of Interpretation,periodical_candidate,title_matched_candidate,,,unknown,,Religion,journal_source_sheet_271,,,,,0,0
journal_76dd73521ca11f56,Religion and the Arts,Religion and the Arts,periodical_candidate,bibliographic_metadata_checked,1996,,unknown,,Religion,journal_source_sheet_1389 | journal_source_library_214bebfdb0eedb47 | journal_source_library_4f09430abb1bb793,1079-9265 | 1568-5292,eng,bibliographic_record,catalogued_title_start,2,29
journal_d9d1813044fa7b37,Renaissance and Reformation,Renaissance and Reformation,periodical_candidate,bibliographic_metadata_checked,1964,,unknown,,Early modern | Religion,journal_source_sheet_1389 | journal_source_library_5a97d8acbd426c2e,0034-429X,eng,bibliographic_record,catalogued_title_start,1,9
journal_ef1613e97ed2256c,Renaissance Quarterly,Renaissance Quarterly,periodical_candidate,bibliographic_metadata_checked,,,unknown,,Early modern,journal_source_sheet_1389 | journal_source_library_60c5e19439b66929 | journal_source_library_ddcb812d652cd5d9,0034-4338 | 1935-0236,eng,,,2,15
journal_2a960f4fa23d7137,Renaissance Studies,Renaissance Studies,periodical_candidate,title_matched_candidate,,,unknown,,Early modern,journal_source_sheet_1389,,,,,0,0
journal_2d4679f495d085cf,Representations,Representations,research_journal,publisher_metadata_checked,1983,,unknown,culture | gender | Literature | General history,,journal_source_ucp_representations | journal_source_library_2240bc88e671b8a7 | journal_source_library_bdfc89179bf97c3d,0734-6018 | 1533-855X,eng,bibliographic_record,catalogued_title_start,2,38
journal_cae1fe338f5fe128,Res Mobilis,Res Mobilis,periodical_candidate,title_matched_candidate,,,unknown,,,journal_source_sheet_1389,,,,,0,0
journal_1e179fb66763df00,Rethinking History,Rethinking History,periodical_candidate,bibliographic_metadata_checked,1997,,unknown,Ideas and historiography | General history,,journal_source_sheet_271 | journal_source_sheet_1389 | journal_source_ooir | journal_source_library_dddb12b2c3f1c749 | journal_source_library_f97d1c85d753cf0c,1364-2529 | 1470-1154,eng,bibliographic_record,catalogued_title_start,2,12
journal_1fbdf8ccfd57460c,Reti Medievali Rivista,Reti Medievali Rivista,periodical_candidate,title_matched_candidate,,,unknown,Middle Ages,,journal_source_wikipedia | journal_source_sheet_1389,,,,,0,0
journal_507b44cefba27a37,Review of Central and East European Law,Review of Central and East European Law,periodical_candidate,bibliographic_metadata_checked,,,unknown,Legal,Eastern Europe and Balkans,journal_source_sheet_1389 | journal_source_library_eb9ce82317a4e96e | journal_source_library_38503cc204caa851,0925-9880 | 1573-0352,eng,,,2,35
journal_772c3d37a55ac27c,Review of Croatian History,Review of Croatian History,periodical_candidate,title_matched_candidate,,,unknown,,Eastern Europe and Balkans,journal_source_sheet_1389,,,,,0,0
journal_50dd3dcc3425bd40,Review of International American Studies,Review of International American Studies,periodical_candidate,title_matched_candidate,,,unknown,,United States,journal_source_sheet_1389,,,,,0,0
journal_5aac7e8b24bac0b8,Review of Middle East Studies,Review of Middle East Studies,periodical_candidate,bibliographic_metadata_checked,,,unknown,Middle East,,journal_source_sheet_1389 | journal_source_library_6c0f189e9dbdaadf | journal_source_library_91280ba26fb5cc37 | journal_source_library_0e1d5e67536da0c2,2151-3481 | 2329-3225,eng,,,3,13
journal_43b5e20e11120538,Review of Rabbinic Judaism,Review of Rabbinic Judaism,periodical_candidate,bibliographic_metadata_checked,,,unknown,Jewish studies,,journal_source_sheet_1389 | journal_source_library_65e3f69835b5d842 | journal_source_library_d3723034cf83376e,1568-4857 | 1570-0704,eng,,,2,21
journal_5b3d779e522e957e,Reviews in American History,Reviews in American History,periodical_candidate,bibliographic_metadata_checked,1973,,unknown,United States,,journal_source_wikipedia | journal_source_sheet_271 | journal_source_sheet_1389 | journal_source_library_fc6c36786e98e3e1,0048-7511,eng,bibliographic_record,catalogued_title_start,1,6
journal_889a13189867e877,Revista Aequitas,Revista Aequitas,periodical_candidate,title_matched_candidate,,,unknown,,,journal_source_sheet_1389,,,,,0,0
journal_164c93e190290016,Revista Archai,Revista Archai,periodical_candidate,title_matched_candidate,,,unknown,,,journal_source_sheet_1389,,,,,0,0
journal_08846ec6e19b1eb7,Revista Brasileira de Historia,Revista Brasileira de Historia,periodical_candidate,title_matched_candidate,,,unknown,General history | Ideas and historiography | Teaching and methods,,journal_source_sheet_271 | journal_source_sheet_1389 | journal_source_ooir,,,,,0,0
journal_222de444ab77a86a,Revista Brasileira de Politica Internacional,Revista Brasileira de Politica Internacional,periodical_candidate,title_matched_candidate,,,unknown,,Politics and public policy,journal_source_sheet_1389,,,,,0,0
journal_3d80b9997859ebd7,Revista Chilena de Historia del Derecho,Revista Chilena de Historia del Derecho,periodical_candidate,bibliographic_metadata_checked,1959,,unknown,Legal,,journal_source_wikipedia | journal_source_library_cfbd4ff46491c22e,0716-5447,spa,bibliographic_record,catalogued_title_start,1,7
journal_72f2f90f747058b4,Revista Chilena de Historia y Geografía,Revista Chilena de Historia y Geografía,periodical_candidate,title_matched_candidate,,,unknown,Iberoamerica,,journal_source_wikipedia,,,,,0,0
journal_3c99c3170bfd1f4d,Revista Colombiana de Antropologia,Revista Colombiana de Antropologia,periodical_candidate,title_matched_candidate,,,unknown,,,journal_source_sheet_1389,,,,,0,0
journal_54275c61f233de7b,Revista Complutense de Historia de América,Revista Complutense de Historia de América | Revista Complutense de Historia de America,periodical_candidate,bibliographic_metadata_checked,,,unknown,Iberoamerica | Americas,,journal_source_wikipedia | journal_source_sheet_1389 | journal_source_library_21791c262a5fb2ba,1132-8312,spa,,,1,6
journal_97ae7f97486354fa,Revista de Demografia Historica,Revista de Demografia Historica,periodical_candidate,title_matched_candidate,,,unknown,,Demography and family,journal_source_sheet_1389,,,,,0,0
journal_6b51214cf64180d2,Revista de Economia Mundial,Revista de Economia Mundial,periodical_candidate,title_matched_candidate,,,unknown,,,journal_source_sheet_1389,,,,,0,0
journal_b48b84834e5ca37d,Revista de Estudios Colombianos,Revista de Estudios Colombianos,periodical_candidate,bibliographic_metadata_checked,,,unknown,Colombia,Latin America and Caribbean,journal_source_sheet_1389 | journal_source_library_c42baf453ab3898a | journal_source_library_5a3f657b6a35266d,0121-2117 | 2474-6800,spa,,,2,8
journal_b24d674435f07e6e,Revista de Estudios Historico-Juridicos,Revista de Estudios Historico-Juridicos,periodical_candidate,title_matched_candidate,,,unknown,,Legal,journal_source_sheet_1389,,,,,0,0
journal_965407575171492b,Revista de Estudios Sociales,Revista de Estudios Sociales,periodical_candidate,bibliographic_metadata_checked,1998,,unknown,Social sciences | Colombia,,journal_source_sheet_1389 | journal_source_library_559c829ce72f945d,0123-885X,spa,bibliographic_record,catalogued_title_start,1,5
journal_b4bd0d5e1a5f2825,Revista de Historia,Revista de Historia,periodical_candidate,title_matched_candidate,,,unknown,,,journal_source_sheet_1389,,,,,0,0
journal_1d84add47abb62e4,Revista de Historia (Chile),Revista de Historia (Chile),periodical_candidate,title_matched_candidate,,,unknown,,,journal_source_sheet_1389,,,,,0,0
journal_152934bf5a838f6b,Revista de Historia Americana y Argentina,Revista de Historia Americana y Argentina,periodical_candidate,bibliographic_metadata_checked,1956,,unknown,Iberoamerica | Americas | Latin America and Caribbean,,journal_source_wikipedia | journal_source_library_33886f51ab635605,0556-5960,spa,bibliographic_record,catalogued_title_start,1,10
journal_a3e9954d43023f9d,Revista de Historia da Sociedade e da Cultura,Revista de Historia da Sociedade e da Cultura,periodical_candidate,title_matched_candidate,,,unknown,Humanities | General history,,journal_source_ooir,,,,,0,0
journal_c6801b9f9f782833,"Revista de Historia da Sociedade e da Cultura"";journal","Revista de Historia da Sociedade e da Cultura"";journal",periodical_candidate,title_matched_candidate,,,unknown,,,journal_source_sheet_1389,,,,,0,0
journal_d1228cc854ef9833,Revista de Historia das Ideias,Revista de Historia das Ideias,periodical_candidate,title_matched_candidate,,,unknown,General history,Ideas and historiography,journal_source_sheet_1389,,,,,0,0
journal_b8485127b0e7ca0e,Revista de Historia de Sociedade e da Cultura,Revista de Historia de Sociedade e da Cultura,periodical_candidate,title_matched_candidate,,,unknown,,,journal_source_sheet_271,,,,,0,0
journal_ebdf0c689a36adbb,Revista de Historia Economica,Revista de Historia Economica,periodical_candidate,title_matched_candidate,,,unknown,,"Business, labor and economics",journal_source_ooir,,,,,0,0
journal_00a852c11c5ddf97,Revista de Historia Economica - Journal of Iberian and Latin American Economic History,Revista de Historia Economica - Journal of Iberian and Latin American Economic History,periodical_candidate,title_matched_candidate,,,unknown,,"Latin America and Caribbean | Iberia | Business, labor and economics",journal_source_sheet_1389,,,,,0,0
journal_c5dd9f4c59a6e2f6,Revista de Historia Industrial,Revista de Historia Industrial,periodical_candidate,title_matched_candidate,,,unknown,"Business, labor and economics",,journal_source_sheet_271,,,,,0,0
journal_8427ca6e04ef4a41,Revista de Historia Moderna,Revista de Historia Moderna,periodical_candidate,bibliographic_metadata_checked,,,unknown,Iberia | Modern history since 1453,,journal_source_sheet_1389 | journal_source_library_95bcdbd36d2ef28f,0212-5862,spa,,,1,6
journal_92255e4361f5bc09,Revista de Historia Regional,Revista de Historia Regional,periodical_candidate,title_matched_candidate,,,unknown,,Regional or local history,journal_source_sheet_1389,,,,,0,0
journal_fef090858a19c471,Revista de Historiografia,Revista de Historiografia,periodical_candidate,title_matched_candidate,,,unknown,General history,,journal_source_sheet_1389,,,,,0,0
journal_8dd065a0e32535b3,Revista de Indias,Revista de Indias,periodical_candidate,bibliographic_metadata_checked,1940,,unknown,Latin America and Caribbean,,journal_source_sheet_271 | journal_source_sheet_1389 | journal_source_ooir | journal_source_library_2af5e209a7d1387a,0034-8341,spa,bibliographic_record,catalogued_title_start,1,5
journal_ca7bc52f8fd88506,Revista de Occidente,Revista de Occidente,periodical_candidate,bibliographic_metadata_checked,,,unknown,Literature | Iberia,,journal_source_sheet_1389 | journal_source_library_e2317d56ed3d517a | journal_source_library_12edd9940e631cee | journal_source_library_18fdd18065d19fe6,0034-8635,spa,,,3,14
journal_0b3d44d7063e208c,Revista de Pensamiento Estrategico y Seguridad CISDE,Revista de Pensamiento Estrategico y Seguridad CISDE,periodical_candidate,title_matched_candidate,,,unknown,,,journal_source_sheet_1389,,,,,0,0
journal_88e1a9b1960a2643,Revista do Instituto Histórico e Geográfico Brasileiro,Revista do Instituto Histórico e Geográfico Brasileiro,periodical_candidate,title_matched_candidate,,,unknown,Iberoamerica,,journal_source_wikipedia,,,,,0,0
journal_156882491eb596df,Revista Espanola de Filosofia Medieval,Revista Espanola de Filosofia Medieval,periodical_candidate,title_matched_candidate,,,unknown,,Middle Ages,journal_source_sheet_1389,,,,,0,0
journal_1aa8e8963407f80a,Revista Hispanica Moderna,Revista Hispanica Moderna,periodical_candidate,title_matched_candidate,,,unknown,Latin America and Caribbean,,journal_source_sheet_1389,,,,,0,0
journal_6dc9f347d1f0183c,Revista Iberoamericana de Viticultura Agroindustria y Ruralidad,Revista Iberoamericana de Viticultura Agroindustria y Ruralidad,periodical_candidate,title_matched_candidate,,,unknown,,Latin America and Caribbean,journal_source_sheet_1389,,,,,0,0
journal_39a1e575866c1594,Revista Notas Historicas y Geograficas,Revista Notas Historicas y Geograficas,periodical_candidate,title_matched_candidate,,,unknown,,,journal_source_sheet_1389,,,,,0,0
journal_4cddc5c60ac26e05,Revista Portuguesa de Historia,Revista Portuguesa de Historia,periodical_candidate,title_matched_candidate,,,unknown,Iberia | General history,,journal_source_sheet_1389,,,,,0,0
journal_201f5609039ef4a8,Revista Transilvania,Revista Transilvania,periodical_candidate,title_matched_candidate,,,unknown,,,journal_source_sheet_1389,,,,,0,0
journal_f40eafadb04073aa,Revolutionary Russia,Revolutionary Russia,periodical_candidate,bibliographic_metadata_checked,,,unknown,Eastern Europe and Balkans | Russia and Eurasia,,journal_source_wikipedia | journal_source_sheet_271 | journal_source_sheet_1389 | journal_source_ooir | journal_source_library_fc3a9ae45e703b73 | journal_source_library_4ddee5d7080ddefa,0954-6545 | 1743-7873,eng,,,2,10
journal_62d8c198461e342d,Revue Biblique,Revue Biblique,periodical_candidate,bibliographic_metadata_checked,,,unknown,,,journal_source_sheet_1389 | journal_source_library_1a15043b4ae2f076,0035-0907,fre,,,1,2
journal_9a06c89c5d086435,Revue d'Assyriologie et d'Archeologie Orientale,Revue d'Assyriologie et d'Archeologie Orientale,periodical_candidate,title_matched_candidate,,,unknown,,Middle East | Ancient | Archaeology,journal_source_sheet_1389,,,,,0,0
journal_3ad0c2e0aa97ba10,Revue d'Egyptologie,Revue d'Egyptologie,periodical_candidate,title_matched_candidate,,,unknown,,Egypt | Ancient,journal_source_sheet_1389,,,,,0,0
journal_fbe7ef2b996ffb4f,Revue d'Histoire de l'Amerique Francaise,Revue d'Histoire de l'Amerique Francaise,periodical_candidate,title_matched_candidate,,,unknown,,,journal_source_sheet_1389,,,,,0,0
journal_6f7f1ee907bae0c6,Revue d'Histoire des Mathematiques,Revue d'Histoire des Mathematiques,periodical_candidate,title_matched_candidate,,,unknown,,Science and technology | Mathematics and logic,journal_source_sheet_1389,,,,,0,0
journal_c19ba689048011bb,Revue d'Histoire du XIXe Siecle,Revue d'Histoire du XIXe Siecle,periodical_candidate,title_matched_candidate,,,unknown,,Nineteenth century,journal_source_sheet_1389,,,,,0,0
journal_b18e959685e23f87,Revue d'Histoire Ecclésiastique,Revue d'Histoire Ecclésiastique | Revue d’Histoire Ecclesiastique | Revue d'Histoire Ecclesiastique,periodical_candidate,title_matched_candidate,,,unknown,Religion,,journal_source_wikipedia | journal_source_sheet_271 | journal_source_ooir,,,,,0,0
journal_c9168e421ddebe7a,Revue de l’Histoire des Religions,Revue de l’Histoire des Religions | Revue de l'Histoire des Religions,periodical_candidate,bibliographic_metadata_checked,,,unknown,Religion,,journal_source_sheet_271 | journal_source_ooir | journal_source_library_9372c450189aa5e3 | journal_source_library_91164825403492b5,0035-1423,fre,,,2,10
journal_d958df6e18595e0b,Revue de Philologie de Litterature et d Histoire Anciennes,Revue de Philologie de Litterature et d Histoire Anciennes,periodical_candidate,title_matched_candidate,,,unknown,,Ancient | Language and linguistics,journal_source_sheet_1389,,,,,0,0
journal_0da08dc98de5d127,Revue de Synthese,Revue de Synthese,periodical_candidate,title_matched_candidate,,,unknown,,,journal_source_sheet_271,,,,,0,0
journal_4b0821fd2a53e10d,Revue des Etudes Anciennes,Revue des Etudes Anciennes,periodical_candidate,title_matched_candidate,,,unknown,,Ancient,journal_source_sheet_1389,,,,,0,0
journal_d0dcb03f02365b34,Revue des Etudes Armeniennes,Revue des Etudes Armeniennes,periodical_candidate,title_matched_candidate,,,unknown,,Caucasus,journal_source_sheet_1389,,,,,0,0
journal_9b4577ecd3270256,Revue des Etudes Byzantines,Revue des Etudes Byzantines,periodical_candidate,title_matched_candidate,,,unknown,,Ancient | Middle Ages,journal_source_sheet_1389,,,,,0,0
journal_15a5c291f8a6542d,Revue des Etudes Juives,Revue des Etudes Juives,periodical_candidate,title_matched_candidate,,,unknown,,,journal_source_sheet_1389,,,,,0,0
journal_f3ba3aee4d3026ab,Revue des Etudes Slaves,Revue des Etudes Slaves,periodical_candidate,title_matched_candidate,,,unknown,Language and linguistics,Ethnic and racial studies,journal_source_sheet_1389,,,,,0,0
journal_78ec3ec711968051,Revue des Etudes Sud-Est Europeennes,Revue des Etudes Sud-Est Europeennes,periodical_candidate,title_matched_candidate,,,unknown,,,journal_source_sheet_1389,,,,,0,0
journal_dac972a4c9faec9a,Revue des Mondes Musulmans et de la Mediterranee,Revue des Mondes Musulmans et de la Mediterranee,periodical_candidate,title_matched_candidate,,,unknown,Africa | Social sciences,Mediterranean,journal_source_sheet_1389,,,,,0,0
journal_824e0c40e74b1fc3,Revue du Nord,Revue du Nord,periodical_candidate,bibliographic_metadata_checked,,,unknown,France | Low Countries,,journal_source_sheet_271 | journal_source_sheet_1389 | journal_source_ooir | journal_source_library_112e411f48e75811,0035-2624,fre,,,1,14
journal_2e9040d01533a272,Revue d’Histoire Moderne et Contemporaine,Revue d’Histoire Moderne et Contemporaine | Revue d'Histoire Moderne et Contemporaine,periodical_candidate,title_matched_candidate,,,unknown,,,journal_source_sheet_271 | journal_source_sheet_1389 | journal_source_ooir,,,,,0,0
journal_714fc18dceabbefd,Revue historique,Revue historique | Revue Historique,periodical_candidate,bibliographic_metadata_checked,1876,,unknown,General history,,journal_source_wikipedia | journal_source_sheet_271 | journal_source_sheet_1389 | journal_source_ooir | journal_source_library_0cc38eb76b7f4d72,0035-3264,fre,bibliographic_record,catalogued_title_start,1,6
journal_1b2d967dd18fea0e,Revue Italienne d'Etudes Francaises,Revue Italienne d'Etudes Francaises,periodical_candidate,title_matched_candidate,,,unknown,,,journal_source_sheet_1389,,,,,0,0
journal_e3a5dc606eabf6f5,Rhetorica,Rhetorica - A Journal of the History of Rhetoric | Rhetorica-A Journal of the History of Rhetoric,periodical_candidate,bibliographic_metadata_checked,1983,,unknown,Rhetoric,,journal_source_sheet_271 | journal_source_ooir | journal_source_library_51bd6319b98b6030,0734-8584,eng,bibliographic_record,catalogued_title_start,1,3
journal_5cd1b2ee989ccd97,Rhodesiana,Rhodesiana,periodical_candidate,bibliographic_metadata_checked,,,unknown,Africa,,journal_source_wikipedia | journal_source_library_67552b002880d28a,0556-9605,eng,,,1,5
journal_a16d00a256e95952,Ricerche di Storia Politica,Ricerche di Storia Politica,periodical_candidate,bibliographic_metadata_checked,1986,,unknown,General history | Ideas and historiography | Politics and public policy,,journal_source_sheet_1389 | journal_source_library_3882e84b0202a6a8,1120-9526,ita,bibliographic_record,catalogued_title_start,1,6
journal_01368923f5dfc513,RiCognizioni,RiCognizioni,periodical_candidate,title_matched_candidate,,,unknown,,,journal_source_sheet_1389,,,,,0,0
journal_0a5c0399d174c74e,Rinascimento,Rinascimento,periodical_candidate,bibliographic_metadata_checked,,,unknown,,Early modern,journal_source_sheet_1389 | journal_source_library_534cfd4a0ad23594,0080-3073,ita,,,1,8
journal_97bcca0093474cc2,Rivista degli Studi Orientali,Rivista degli Studi Orientali,periodical_candidate,bibliographic_metadata_checked,1907,,unknown,Asia,,journal_source_sheet_1389 | journal_source_library_a131b74ac7c7402d | journal_source_library_e8cc423953e912ff,0392-4866,ita,bibliographic_record,catalogued_title_start,2,12
journal_0010810cce9bcdbd,Rivista di Cultura Classica e Medioevale,Rivista di Cultura Classica e Medioevale,periodical_candidate,bibliographic_metadata_checked,1959,,unknown,Classical studies | Middle Ages,Classical,journal_source_sheet_1389 | journal_source_library_fc19807c6c79262a,0035-6085,ita,bibliographic_record,catalogued_title_start,1,6
journal_ea11078798998c2d,Rivista di storia della chiesa in Italia,Rivista di storia della chiesa in Italia,periodical_candidate,bibliographic_metadata_checked,1947,,unknown,Italy,,journal_source_sheet_1389 | journal_source_library_5b78ebed5fba5ad4,0035-6557,ita,bibliographic_record,catalogued_title_start,1,4
journal_51386c2906f3dde7,Rivista Storica Dell Antichita,Rivista Storica Dell Antichita | Rivista Storica dell'Antichita,periodical_candidate,title_matched_candidate,,,unknown,,Ancient,journal_source_sheet_271 | journal_source_sheet_1389,,,,,0,0
journal_4b140f301cf21063,Rivista Storica Italiana,Rivista Storica Italiana,periodical_candidate,bibliographic_metadata_checked,1884,,unknown,General history | Italy,,journal_source_wikipedia | journal_source_sheet_271 | journal_source_sheet_1389 | journal_source_library_d60121ff9358b30f,0035-7073,ita,bibliographic_record,catalogued_title_start,1,12
journal_95374ba1fc755ac9,"Rocznik Muzeum Narodowego w Warszawie, Nowa Seria","Rocznik Muzeum Narodowego w Warszawie, Nowa Seria",periodical_candidate,title_matched_candidate,,,unknown,,,journal_source_sheet_1389,,,,,0,0
journal_2a1ced4337a4dfc5,Rocznik Teologiczny,Rocznik Teologiczny,periodical_candidate,bibliographic_metadata_checked,,,unknown,Religion | Poland,,journal_source_sheet_1389 | journal_source_library_c989e808720192c4,0239-2550,pol,,,1,4
journal_ac6eff79190d5918,Romantisme,Romantisme,periodical_candidate,bibliographic_metadata_checked,1971,,unknown,Literature,,journal_source_sheet_1389 | journal_source_library_0f93888878aa1274 | journal_source_library_6c50f216f89fdd8a,0048-8593,fre,bibliographic_record,catalogued_title_start,2,11
journal_c9658be9d69ed07b,Rossiiskaia Istoria,Rossiiskaia Istoria,periodical_candidate,title_matched_candidate,,,unknown,,Russia and Eurasia,journal_source_sheet_1389,,,,,0,0
journal_74faa1381c4d875b,Rossiiskaya Istoriya,Rossiiskaya Istoriya,periodical_candidate,title_matched_candidate,,,unknown,,Russia and Eurasia,journal_source_sheet_271 | journal_source_ooir,,,,,0,0
journal_25020222f08cd82b,Rossijskaja Arheologija,Rossijskaja Arheologija,periodical_candidate,title_matched_candidate,,,unknown,,Russia and Eurasia,journal_source_sheet_1389,,,,,0,0
journal_930e580fbabd0432,Royal Studies Journal,Royal Studies Journal,periodical_candidate,title_matched_candidate,,,unknown,General history,,journal_source_sheet_1389,,,,,0,0
journal_6fc9e79ff15b89f2,Rubrica Contemporanea,Rubrica Contemporanea,periodical_candidate,title_matched_candidate,,,unknown,Modern history since 1453,,journal_source_sheet_1389,,,,,0,0
journal_d4879306998679d7,RUDN Journal of Russian History,RUDN Journal of Russian History,periodical_candidate,title_matched_candidate,,,unknown,Russia and Eurasia,,journal_source_sheet_1389,,,,,0,0
journal_311dc9bde131d94b,Rural China,Rural China,periodical_candidate,title_matched_candidate,,,unknown,,East Asia,journal_source_sheet_1389,,,,,0,0
journal_2945cb5c5cc8af94,Rural History,"Rural History-Economy Society Culture | Rural History: Economy, Society, Culture",periodical_candidate,bibliographic_metadata_checked,1990,,unknown,,Rural and agricultural,journal_source_sheet_271 | journal_source_sheet_1389 | journal_source_ooir | journal_source_library_73cff517318e87ec | journal_source_library_aff40e6996473e17,0956-7933 | 1474-0656,eng,bibliographic_record,catalogued_title_start,2,13
journal_1a75fb4acbfec64f,Rural Landscapes,Rural Landscapes,periodical_candidate,title_matched_candidate,,,unknown,,,journal_source_sheet_1389,,,,,0,0
journal_0a73c3dacf0060e1,Rusin,Rusin,periodical_candidate,bibliographic_metadata_checked,2005,,unknown,,,journal_source_sheet_1389 | journal_source_library_92d4bb70838484a8 | journal_source_library_1ef10bc3d7836e7d | journal_source_library_bd25d7dad072e818,1857-2685 | 2345-1149,eng | rus | sla | ukr,bibliographic_record,catalogued_title_start,3,28
journal_5151e0dbe69f8f82,Russia in Global Affairs,Russia in Global Affairs,periodical_candidate,bibliographic_metadata_checked,2003,,unknown,Russia and Eurasia,,journal_source_sheet_1389 | journal_source_library_0a934888aef5d5fb,1810-6374,eng,bibliographic_record,catalogued_title_start,1,13
journal_d046d761f06295b8,Russian History,Russian History | Russian History - Histoire Russe | Russian History-Histoire Russe,periodical_candidate,bibliographic_metadata_checked,,,unknown,Eastern Europe and Balkans | Russia and Eurasia,,journal_source_wikipedia | journal_source_sheet_271 | journal_source_sheet_1389 | journal_source_ooir | journal_source_library_f1797489616bba6e | journal_source_library_33a329d7d5578eb7 | journal_source_library_d40a512b11736cb6,0094-288X | 1876-3316,eng,,,3,13
journal_d6f44d386655390b,Russian Politics,Russian Politics,periodical_candidate,bibliographic_metadata_checked,2016,,unknown,Russia and Eurasia,Politics and public policy,journal_source_sheet_1389 | journal_source_library_cb8c76354a3b7cec | journal_source_library_a9144542c1a06c4f,2451-8913 | 2451-8921,eng,bibliographic_record,catalogued_title_start,2,6
journal_6c1110e1ca9a1ad1,Saeculum,Saeculum,periodical_candidate,bibliographic_metadata_checked,1950,,unknown,,,journal_source_sheet_271 | journal_source_sheet_1389 | journal_source_ooir | journal_source_library_c711a0a8538cefe0 | journal_source_library_4ab01426d128c077,0080-5319 | 2194-4075,ger,bibliographic_record,catalogued_title_start,2,11
journal_65191fb12f409407,Safundi,Safundi,periodical_candidate,bibliographic_metadata_checked,1999,,unknown,Africa | United States,,journal_source_sheet_1389 | journal_source_library_b88f020a4e1fc0d4,1543-1304,eng,bibliographic_record,catalogued_title_start,1,6
journal_4b653961c9ea8a5a,Saga (Iceland),Saga (Iceland),periodical_candidate,title_matched_candidate,,,unknown,Nordic Europe,,journal_source_wikipedia,,,,,0,0
journal_baecf7c11e9f7924,"Santander, Estudios de Patrimonio","Santander, Estudios de Patrimonio",periodical_candidate,title_matched_candidate,,,unknown,,Heritage and public history,journal_source_sheet_1389,,,,,0,0
journal_ecf5132e394ec7b0,Saskatchewan History,Saskatchewan History,periodical_candidate,bibliographic_metadata_checked,1948,,unknown,Canada,,journal_source_wikipedia | journal_source_library_34123f10ec5fa610,0036-4908,eng,bibliographic_record,catalogued_title_start,1,6
journal_ab6d6e632b60ea20,Scandia,Scandia,periodical_candidate,title_matched_candidate,,,unknown,,,journal_source_sheet_271 | journal_source_sheet_1389,,,,,0,0
journal_a8aa6b4722fceb2e,Scandinavian Economic History Review,Scandinavian Economic History Review,periodical_candidate,bibliographic_metadata_checked,,,unknown,Nordic Europe,"Business, labor and economics",journal_source_sheet_1389 | journal_source_library_6e856193ed728e1a | journal_source_library_3d0a02b9e7aac79c,0358-5522 | 1750-2837,eng,,,2,16
journal_607f3bb0a5c3ec5c,Scandinavian Journal of History,Scandinavian Journal of History,periodical_candidate,bibliographic_metadata_checked,1976,,unknown,Nordic Europe,,journal_source_wikipedia | journal_source_sheet_271 | journal_source_sheet_1389 | journal_source_ooir | journal_source_library_9a0f273cc73f9b1a | journal_source_library_1bc36124e38b3c77,0346-8755 | 1502-7716,eng,bibliographic_record,catalogued_title_start,2,19
journal_a28d316e4a0455fe,Scando-Slavica,Scando-Slavica,periodical_candidate,bibliographic_metadata_checked,1954,,unknown,Slavic studies,Eastern Europe and Balkans,journal_source_sheet_1389 | journal_source_library_dafcc54ab07e2bd3 | journal_source_library_4af851bc2854f893 | journal_source_library_8bf2b05e55af4f0e,0080-6765 | 1600-082X,eng | fre | ger | ita | rus,bibliographic_record,catalogued_title_start,3,17
journal_842c938c678bd80f,Schweizerische Zeitschrift fur Religions- und Kulturgeschichte,Schweizerische Zeitschrift fur Religions- und Kulturgeschichte,periodical_candidate,title_matched_candidate,,,unknown,,Religion,journal_source_sheet_1389,,,,,0,0
journal_35637984666ee48e,Scrinium,Scrinium,periodical_candidate,bibliographic_metadata_checked,2005,,unknown,Religion,,journal_source_sheet_1389 | journal_source_library_7a0877a7fbde5720 | journal_source_library_ea4b948e684a1800,1817-7530 | 1817-7565,eng,bibliographic_record,catalogued_title_start,2,15
journal_aeb89780807f43ba,SCRIPTA,SCRIPTA,periodical_candidate,title_matched_candidate,,,unknown,,,journal_source_sheet_1389,,,,,0,0
journal_51baace9d6f53bb9,Scripta Judaica Cracoviensia,Scripta Judaica Cracoviensia,periodical_candidate,bibliographic_metadata_checked,2002,,unknown,Jewish studies,,journal_source_sheet_1389 | journal_source_library_a26fdc8ba2b87b29,1733-5760,eng,bibliographic_record,catalogued_title_start,1,9
journal_ba37e8a5599348ee,Secuencia (Mexico City),Secuencia (Mexico City),periodical_candidate,title_matched_candidate,,,unknown,Mexico | Iberoamerica | General history,,journal_source_sheet_1389,,,,,0,0
journal_f88481a31b73afc3,Secularism and Nonreligion,Secularism and Nonreligion,periodical_candidate,title_matched_candidate,,,unknown,,Religion,journal_source_sheet_1389,,,,,0,0
journal_6f0b2f5c3de128d4,Sefarad,Sefarad,periodical_candidate,bibliographic_metadata_checked,,,unknown,Jewish studies | Middle East,,journal_source_sheet_1389 | journal_source_library_fa4eef1e3dd2feb7 | journal_source_library_c794535b2becd57b,0037-0894 | 1988-320X,eng | ita | por | spa,,,2,19
journal_dabb06a04d0aea39,Segle XX,Segle XX,periodical_candidate,title_matched_candidate,,,unknown,General history | Iberia | History since 1789,,journal_source_sheet_1389,,,,,0,0
journal_548adbff818e32dd,Semanas de Estvdios Romanos,Semanas de Estvdios Romanos,periodical_candidate,title_matched_candidate,,,unknown,Classical | Iberoamerica,,journal_source_wikipedia,,,,,0,0
journal_ca2470d41e82cc88,Semitica et Classica,Semitica et Classica,periodical_candidate,title_matched_candidate,,,unknown,,Classical,journal_source_sheet_1389,,,,,0,0
journal_ed215a303320fe72,Settler Colonial Studies,Settler Colonial Studies,periodical_candidate,bibliographic_metadata_checked,2011,,unknown,,Colonialism and empire,journal_source_sheet_1389 | journal_source_library_1c373fadb89d52c4,1838-0743,eng,bibliographic_record,catalogued_title_start,1,5
journal_cf74ee12a792db2b,Seventeenth Century,Seventeenth Century,periodical_candidate,title_matched_candidate,,,unknown,,Early modern,journal_source_sheet_1389,,,,,0,0
journal_b3bc7d5680c1cca7,Shanghai Sketch / 上海漫畫 via the Internet Archive,Shanghai Sketch / 上海漫畫 via the Internet Archive,primary_source_periodical,title_matched_candidate,,,unknown,Chinese studies resources,,journal_source_toronto,,,,,0,0
journal_c117545e574a2541,Shidnij Svit,Shidnij Svit,periodical_candidate,title_matched_candidate,,,unknown,,,journal_source_sheet_1389,,,,,0,0
journal_6da8373e9199f0f9,Shima,Shima,periodical_candidate,title_matched_candidate,,,unknown,,,journal_source_sheet_1389,,,,,0,0
journal_b4e78fff31913d0c,Shodoznavstvo,Shodoznavstvo,periodical_candidate,title_matched_candidate,,,unknown,,,journal_source_sheet_1389,,,,,0,0
journal_b694e17ada080869,Shofar,Shofar,periodical_candidate,bibliographic_metadata_checked,1982,,unknown,Jewish studies,,journal_source_sheet_1389 | journal_source_library_5797a8a68fcafc91,0882-8539,eng,bibliographic_record,catalogued_title_start,1,8
journal_e29ac6548e0faada,Siberian Historical Research,Siberian Historical Research,periodical_candidate,title_matched_candidate,,,unknown,General history,Russia and Eurasia,journal_source_sheet_1389,,,,,0,0
journal_3dd05373b4c59a2a,Sibirica,Sibirica,periodical_candidate,title_matched_candidate,,,unknown,Anthropology and ethnography | Russia and Eurasia,,journal_source_sheet_1389,,,,,0,0
journal_859257a17043c6b8,Signos Historicos,Signos Historicos,periodical_candidate,title_matched_candidate,,,unknown,,,journal_source_sheet_1389,,,,,0,0
journal_8764d21a3f246bf9,Signs: Journal of Women in Culture and Society,Signs: Journal of Women in Culture and Society,research_journal,publisher_metadata_checked,1975,,unknown,Women and gender studies,,journal_source_chicago_signs | journal_source_library_4d3250602de5830c | journal_source_signs_foundation | journal_source_venue_review_signs40,0097-9740 | 1545-6943,eng,bibliographic_record,catalogued_title_start,1,18
journal_f1858a37c3515a13,Sixteenth Century Journal,Sixteenth Century Journal,periodical_candidate,bibliographic_metadata_checked,,,unknown,Modern and contemporary,Early modern,journal_source_sheet_271 | journal_source_sheet_1389 | journal_source_library_eec006175b95b95f | journal_source_library_628dc23691a3af47,0361-0160,eng,,,2,11
journal_ad7232c8924a2450,Sixties,Sixties,periodical_candidate,title_matched_candidate,,,unknown,,,journal_source_sheet_1389,,,,,0,0
journal_a6dff2bad428b130,Sjuttonhundratal,Sjuttonhundratal,periodical_candidate,title_matched_candidate,,,unknown,,Eighteenth century,journal_source_sheet_1389,,,,,0,0
journal_82377ada849877fd,Slavery & Abolition,Slavery & Abolition | Slavery and Abolition,periodical_candidate,bibliographic_metadata_checked,1980,,unknown,,Ethnic and racial studies,journal_source_sheet_271 | journal_source_sheet_1389 | journal_source_ooir | journal_source_library_8750399b37c48a0c | journal_source_library_5fce1d60e45d8433,0144-039X | 1743-9523,eng,bibliographic_record,catalogued_title_start,2,11
journal_a6facb84ebb73c4a,Slavia Meridionalis,Slavia Meridionalis,periodical_candidate,bibliographic_metadata_checked,1994,,unknown,Eastern Europe and Balkans,,journal_source_sheet_1389 | journal_source_library_e95b22d43e028884,1233-6173,eng,bibliographic_record,catalogued_title_start,1,9
journal_ee1006221353a8e8,Slavic Review,Slavic Review,periodical_candidate,bibliographic_metadata_checked,,,unknown,Eastern Europe and Balkans | Slavic studies | Europe | Russia and Eurasia,,journal_source_wikipedia | journal_source_library_87a2fd6c490a127d | journal_source_library_aec994d404a09ab4,0037-6779 | 2325-7784,eng,,,2,42
journal_3dbea424d72cf6ef,Slavica Slovaca,Slavica Slovaca,periodical_candidate,bibliographic_metadata_checked,,,unknown,Slavic studies,Eastern Europe and Balkans,journal_source_sheet_1389 | journal_source_library_e154247821a73492,0037-6787,slo,,,1,6
journal_e7ca05c03be7d0ff,Slavonic and East European Review,Slavonic and East European Review,periodical_candidate,title_matched_candidate,,,unknown,Eastern Europe and Balkans,,journal_source_wikipedia | journal_source_sheet_1389,,,,,0,0
journal_61716367f76ea56e,Slavonica,Slavonica,periodical_candidate,bibliographic_metadata_checked,,,unknown,Slavic studies | Eastern Europe and Balkans,,journal_source_sheet_1389 | journal_source_library_810d51c5a4122d7b | journal_source_library_b82c7e1ce7df9974 | journal_source_library_fad1f8ab47120564 | journal_source_library_0372756834059297,1361-7427 | 1745-8145,eng | rus,,,4,42
journal_3963f8d66c7ae1cf,Slovansky Prehled,Slovansky Prehled,periodical_candidate,title_matched_candidate,,,unknown,,Eastern Europe and Balkans,journal_source_sheet_1389,,,,,0,0
journal_eb691c52bb32e59a,Slovenske Divadlo,Slovenske Divadlo,periodical_candidate,title_matched_candidate,,,unknown,,Eastern Europe and Balkans,journal_source_sheet_1389,,,,,0,0
journal_52af12ac40887c13,SOAS Bulletin of Burma Research,SOAS Bulletin of Burma Research,periodical_candidate,title_matched_candidate,,,unknown,Southeast Asia,,journal_source_wikipedia,,,,,0,0
journal_48084857eb5bdc78,Social Evolution and History,Social Evolution and History,periodical_candidate,bibliographic_metadata_checked,2002,,unknown,,Social,journal_source_sheet_1389 | journal_source_library_e3c94cb9c1bfb0d6,1681-4363,eng,bibliographic_record,catalogued_title_start,1,4
journal_2b11cba378549b6e,Social Forces,Social Forces,periodical_candidate,bibliographic_metadata_checked,,,unknown,,Social,journal_source_sheet_1389 | journal_source_library_b615fa5247937c4f | journal_source_library_e3f63dcf0319b161,0037-7732,eng,,,2,10
journal_91e2ace9832538b7,Social History,Social History,periodical_candidate,title_matched_candidate,,,unknown,,Social,journal_source_sheet_271 | journal_source_sheet_1389 | journal_source_ooir,,,,,0,0
journal_6d9388bf4f2e1a99,Social History of Medicine,Social History of Medicine,research_journal,bibliographic_metadata_checked,,,unknown,Medicine and health,Social,journal_source_sheet_271 | journal_source_sheet_1389 | journal_source_ooir | journal_source_library_e62b90da72ad4cd9 | journal_source_gap117_shm_chairs_2020,0951-631X,eng,,,1,19
journal_03730bc252490e14,Social Science History,Social Science History,research_journal,bibliographic_metadata_checked,1976,,unknown,Ideas and historiography | Social | Social sciences,,journal_source_wikipedia | journal_source_sheet_1389 | journal_source_ooir | journal_source_library_0c2237a516c932cf | journal_source_library_373d92bea9e45bc7 | journal_source_social_science_history_foundation | journal_source_venue_review_ssh40,0145-5532 | 1527-8034,eng,bibliographic_record,catalogued_title_start,2,12
journal_0be8b35dc038de73,Social Science Japan Journal,Social Science Japan Journal,periodical_candidate,bibliographic_metadata_checked,,,unknown,East Asia | Legal | Social sciences,,journal_source_wikipedia | journal_source_library_d0b0876ae428a13f,1369-1465,eng,,,1,18
journal_f8b473560ddb39a0,Social Studies of Science,Social Studies of Science,research_journal,title_matched_candidate,,,unknown,Science and technology,,journal_source_sheet_1389 | journal_source_venue_116_sss_sismondo | journal_source_venue_116_pinch_bijker | journal_source_venue_116_sss_title,,,,,0,0
journal_3a5bc0f2f0c0468e,Societa e storia,Societa e storia,periodical_candidate,title_matched_candidate,,,unknown,,Social,journal_source_sheet_1389,,,,,0,0
journal_f9bdf116980f9117,Societate si Politica,Societate si Politica,periodical_candidate,title_matched_candidate,,,unknown,,Politics and public policy,journal_source_sheet_1389,,,,,0,0
journal_22059c2c57e1fc26,Societes et Representations,Societes et Representations,periodical_candidate,title_matched_candidate,,,unknown,,,journal_source_sheet_1389,,,,,0,0
journal_961817bc7a8baee4,Sociological Bulletin,Sociological Bulletin,periodical_candidate,bibliographic_metadata_checked,1952,,unknown,Sociology | Social,,journal_source_sheet_1389 | journal_source_library_dcede8c4b669e578 | journal_source_library_1f2b4f5bd726b826,0038-0229 | 2457-0257,eng,bibliographic_record,catalogued_title_start,2,11
journal_5c381dc732093921,Soudobe Dejiny,Soudobe Dejiny,periodical_candidate,title_matched_candidate,,,unknown,,Modern and contemporary,journal_source_sheet_1389,,,,,0,0
journal_c97a546045c469c8,South African Historical Journal,South African Historical Journal,periodical_candidate,bibliographic_metadata_checked,,,unknown,Africa | General history,,journal_source_wikipedia | journal_source_sheet_271 | journal_source_sheet_1389 | journal_source_ooir | journal_source_library_6852e8d0b12d1e06 | journal_source_library_d096d40b9028f12a,0258-2473 | 1726-1686,eng,,,2,8
journal_59e8d4e6d310873c,South Asia: Journal of South Asia Studies,South Asia: Journal of South Asia Studies,periodical_candidate,title_matched_candidate,,,unknown,,South Asia,journal_source_sheet_1389,,,,,0,0
journal_c0d048742d49392f,South Asia: Journal of South Asian Studies,South Asia-Journal of South Asian Studies,periodical_candidate,bibliographic_metadata_checked,1971,,unknown,South Asia,,journal_source_ooir | journal_source_library_bd2307f066a86b33,1479-0270,eng,bibliographic_record,catalogued_title_start,1,4
journal_d26ebc66fd3e9574,South Asian Studies,South Asian Studies,periodical_candidate,title_matched_candidate,,,unknown,,South Asia,journal_source_sheet_1389,,,,,0,0
journal_ae4282d42cb06387,Southeastern Europe,Southeastern Europe,periodical_candidate,bibliographic_metadata_checked,1974,,unknown,Eastern Europe and Balkans,,journal_source_sheet_1389 | journal_source_library_8c48c9ba5a53db33 | journal_source_library_bd30241f1ade7750,0094-4467 | 1876-3332,eng,bibliographic_record,catalogued_title_start,2,5
journal_9003da6c1725c3e7,Southern Cultures,Southern Cultures,periodical_candidate,bibliographic_metadata_checked,1994,,unknown,Cultural studies,,journal_source_sheet_271 | journal_source_library_a074e675725af1c2,1068-8218,eng,bibliographic_record,catalogued_title_start,1,5
journal_5e59fad08376c0cb,Southwestern Historical Quarterly,Southwestern Historical Quarterly,periodical_candidate,bibliographic_metadata_checked,,,unknown,United States,,journal_source_wikipedia | journal_source_sheet_1389 | journal_source_library_ede94070cb0916ba,0038-478X,eng,,,1,10
journal_626ad0d37527b95c,Soviet and Post Soviet Review,Soviet and Post Soviet Review,periodical_candidate,title_matched_candidate,,,unknown,,Russia and Eurasia,journal_source_sheet_1389,,,,,0,0
journal_3fcebf8d64238107,Soviet Studies,Soviet Studies,periodical_candidate,bibliographic_metadata_checked,,,unknown,Eastern Europe and Balkans | Russia and Eurasia,,journal_source_wikipedia | journal_source_library_a86862d2c5ccd133,0038-5859,eng,,,1,11
journal_7b85666597cd4e6f,SPAL,SPAL,periodical_candidate,title_matched_candidate,,,unknown,,,journal_source_sheet_1389,,,,,0,0
journal_e272cda784553865,Speculum,Speculum,periodical_candidate,bibliographic_metadata_checked,1926,,unknown,Middle Ages,,journal_source_sheet_1389 | journal_source_library_7c8ed14b175d76af,0038-7134,eng,bibliographic_record,catalogued_title_start,1,10
journal_8fe5c40110f44c84,Speculum: A Journal of Medieval Studies,Speculum: A Journal of Medieval Studies,periodical_candidate,title_matched_candidate,,,unknown,Middle Ages,,journal_source_wikipedia,,,,,0,0
journal_1d409986bb24fa94,Spiritus,Spiritus,periodical_candidate,bibliographic_metadata_checked,,,unknown,,,journal_source_sheet_1389 | journal_source_library_1337f50e6ae7ba15 | journal_source_library_549958dae47a884f,1533-1709,eng,,,2,6
journal_22914a95533bc68d,Spolia,Spolia,periodical_candidate,title_matched_candidate,,,unknown,,,journal_source_sheet_1389,,,,,0,0
journal_567d4902fd507274,Sport history Review,Sport history Review | Sport History Review,periodical_candidate,bibliographic_metadata_checked,,,unknown,Sport,,journal_source_sheet_271 | journal_source_sheet_1389 | journal_source_ooir | journal_source_library_8af387cb42f40945,1087-1659,eng,,,1,13
journal_3f55dca82ed716b2,Sport in History,Sport in History,periodical_candidate,bibliographic_metadata_checked,,,unknown,Sport,,journal_source_sheet_1389 | journal_source_library_bfff636b0a93a482,1746-0271,eng,,,1,3
journal_8e6fcfb1042b0aff,Sport und Gesellschaft,Sport und Gesellschaft,periodical_candidate,bibliographic_metadata_checked,2004,,unknown,Sport,,journal_source_sheet_1389 | journal_source_library_3956d8bb53763e0b,2366-0465,ger,bibliographic_record,catalogued_title_start,1,7
journal_ec48f7dedee97083,Stadsgeschiedenis,Stadsgeschiedenis,periodical_candidate,title_matched_candidate,,,unknown,,Urban,journal_source_sheet_1389,,,,,0,0
journal_77fc762fe5a43374,Staleta Praha,Staleta Praha,periodical_candidate,title_matched_candidate,,,unknown,,,journal_source_sheet_1389,,,,,0,0
journal_4b770248dbf1f24a,Starinar,Starinar,periodical_candidate,bibliographic_metadata_checked,1884,,unknown,,,journal_source_sheet_1389 | journal_source_library_249110384a88eabb | journal_source_library_8c6af6cad55f42c9,0350-0241,eng | fre | ger | srp,bibliographic_record,catalogued_title_start,2,9
journal_be09668d48e911a6,Storia del Pensiero Politico,Storia del Pensiero Politico,periodical_candidate,title_matched_candidate,,,unknown,,Politics and public policy,journal_source_sheet_1389,,,,,0,0
journal_8b988cbb3f88c925,Storia della Donne,Storia della Donne,periodical_candidate,title_matched_candidate,,,unknown,,Gender and sexuality,journal_source_sheet_1389,,,,,0,0
journal_c110984b910a62f2,Stratum Plus,Stratum Plus,periodical_candidate,title_matched_candidate,,,unknown,,,journal_source_sheet_1389,,,,,0,0
journal_06555f1c9c8d2904,Stred,Stred,periodical_candidate,title_matched_candidate,,,unknown,Central Europe,,journal_source_sheet_1389,,,,,0,0
journal_b721a848b3e696a4,String Research Journal,String Research Journal,periodical_candidate,title_matched_candidate,,,unknown,,,journal_source_sheet_1389,,,,,0,0
journal_170e71dea694ba27,Studi Francesi,Studi Francesi,periodical_candidate,bibliographic_metadata_checked,1957,,unknown,Literature,France,journal_source_sheet_1389 | journal_source_library_4700388624608523,0039-2944,ita,bibliographic_record,catalogued_title_start,1,11
journal_520f0367872b502b,Studi Medievali,Studi Medievali,periodical_candidate,bibliographic_metadata_checked,,,unknown,Middle Ages,,journal_source_sheet_1389 | journal_source_library_baf6902723678c94,0391-8467,ita,,,1,10
journal_bc6b0a13e0e9b4dd,Studi Piemontesi,Studi Piemontesi,periodical_candidate,bibliographic_metadata_checked,1972,,unknown,,Italy,journal_source_sheet_1389 | journal_source_library_571a9bb8587f770c,0392-7261,ita,bibliographic_record,catalogued_title_start,1,5
journal_d24e4eea2f61a28b,Studi Romani,Studi Romani,periodical_candidate,bibliographic_metadata_checked,1953,,unknown,,,journal_source_sheet_271 | journal_source_library_2d7081bd47496a3d,0039-2995,ita,bibliographic_record,catalogued_title_start,1,8
journal_ea28fa495b314f26,Studi Secenteschi,Studi Secenteschi,periodical_candidate,title_matched_candidate,,,unknown,,Early modern,journal_source_sheet_1389,,,,,0,0
journal_0a499d5cdd4c440d,Studi Storici,Studi Storici,periodical_candidate,bibliographic_metadata_checked,1959,,unknown,Italy,,journal_source_sheet_271 | journal_source_sheet_1389 | journal_source_library_9fdf439675c7d6e3,0039-3037,ita,bibliographic_record,catalogued_title_start,1,4
journal_33e6ad6920561e9d,Studia Aurea,Studia Aurea,periodical_candidate,title_matched_candidate,,,unknown,,,journal_source_sheet_1389,,,,,0,0
journal_376b83364160c143,Studia Celtica,Studia Celtica,periodical_candidate,bibliographic_metadata_checked,,,unknown,,,journal_source_sheet_1389 | journal_source_library_d9cbbe4d5d0cc520,0081-6353,eng,,,1,5
journal_a67019093f42760f,Studia Ceranea,Studia Ceranea,periodical_candidate,title_matched_candidate,,,unknown,,,journal_source_sheet_1389,,,,,0,0
journal_7845c3b04ff8b92e,Studia et Documenta,Studia et Documenta,periodical_candidate,title_matched_candidate,,,unknown,,,journal_source_sheet_1389,,,,,0,0
journal_45d24014cdad4e89,Studia Hibernica,Studia Hibernica,periodical_candidate,bibliographic_metadata_checked,1961,,unknown,Ireland,,journal_source_wikipedia | journal_source_sheet_1389 | journal_source_library_cc845c522a4e1638,0081-6477,eng,bibliographic_record,catalogued_title_start,1,6
journal_3c53e197b2f417a6,Studia Historiae Scientiarum,Studia Historiae Scientiarum,periodical_candidate,title_matched_candidate,,,unknown,,Science and technology,journal_source_sheet_1389,,,,,0,0
journal_5171d570134aa8f3,Studia Historica Nitriensia,Studia Historica Nitriensia,periodical_candidate,title_matched_candidate,,,unknown,Central Europe,,journal_source_sheet_1389,,,,,0,0
journal_aa30bf25b7430fe2,Studia Historica Slovenica,Studia Historica Slovenica,periodical_candidate,title_matched_candidate,,,unknown,,Eastern Europe and Balkans,journal_source_sheet_1389,,,,,0,0
journal_e2031ec1110790de,"Studia Historica, Historia Medieval","Studia Historica, Historia Medieval",periodical_candidate,title_matched_candidate,,,unknown,General history | Middle Ages,,journal_source_sheet_1389,,,,,0,0
journal_9856f6ee0bb0e9c8,"Studia Historica, Historia Moderna","Studia Historica, Historia Moderna",periodical_candidate,title_matched_candidate,,,unknown,Modern history since 1453,,journal_source_sheet_1389,,,,,0,0
journal_df85bb5805359570,"Studia Historica, Historica Antiqua","Studia Historica, Historica Antiqua",periodical_candidate,title_matched_candidate,,,unknown,,Ancient,journal_source_sheet_1389,,,,,0,0
journal_85ded14d1eb95c1f,Studia Islamica,Studia Islamica,periodical_candidate,bibliographic_metadata_checked,1953,,unknown,Islamic studies,Religion,journal_source_sheet_1389 | journal_source_library_de9a34a1bc94a62d | journal_source_library_2e0f9f23f487316b,0585-5292 | 1958-5705,fre,bibliographic_record,catalogued_title_start,2,12
journal_0074e7febdf92340,Studia Judaica,Studia Judaica,periodical_candidate,title_matched_candidate,,,unknown,,Jewish studies,journal_source_sheet_1389,,,,,0,0
journal_9a03579a38d60741,Studia Rudolphina,Studia Rudolphina,periodical_candidate,bibliographic_metadata_checked,2001,,unknown,,,journal_source_sheet_1389 | journal_source_library_a442871b74ef15bb,1213-5372,cze,bibliographic_record,catalogued_title_start,1,9
journal_abe5cdecf6dced52,Studia Slavica Academiae Scientiarum Hungaricae,Studia Slavica Academiae Scientiarum Hungaricae,periodical_candidate,title_matched_candidate,,,unknown,,Eastern Europe and Balkans,journal_source_sheet_1389,,,,,0,0
journal_e826de5b0944e7f4,Studia Slavica et Balcanica Petropolitana,Studia Slavica et Balcanica Petropolitana,periodical_candidate,bibliographic_metadata_checked,2007,,unknown,Eastern Europe and Balkans | Slavic studies,,journal_source_sheet_1389 | journal_source_library_845bf5e12bfcfa2d,1995-848X,rus,bibliographic_record,catalogued_title_start,1,12
journal_e74487c632eb3416,Studia Universitatis Cibiniensis Series Historica,Studia Universitatis Cibiniensis Series Historica,periodical_candidate,title_matched_candidate,,,unknown,,,journal_source_sheet_1389,,,,,0,0
journal_d7c6ce69780c65e7,Studien zur Altägyptischen Kultur,Studien zur Altägyptischen Kultur,periodical_candidate,title_matched_candidate,,,unknown,Egypt,,journal_source_wikipedia,,,,,0,0
journal_63c8065c527e519f,Studies in African Languages and Cultures,Studies in African Languages and Cultures,periodical_candidate,title_matched_candidate,,,unknown,,Africa,journal_source_sheet_1389,,,,,0,0
journal_7e71f9ae6859ee23,Studies in American Humor,Studies in American Humor,periodical_candidate,bibliographic_metadata_checked,,,unknown,,,journal_source_sheet_1389 | journal_source_library_c1c062c54f416c3d,0095-280X,eng,,,1,7
journal_9e068a23e6df4ce4,Studies in American Political Development,Studies in American Political Development,periodical_candidate,bibliographic_metadata_checked,1986,,unknown,United States,Politics and public policy,journal_source_sheet_1389 | journal_source_library_fb5da7af90e7c1a5 | journal_source_library_37ab3a9b6f94eba0,0898-588X | 1469-8692,eng,bibliographic_record,catalogued_title_start,2,9
journal_140f58b87290a2d6,Studies in Digital Heritage,Studies in Digital Heritage,periodical_candidate,title_matched_candidate,,,unknown,Anthropology and ethnography | General history,Heritage and public history,journal_source_sheet_1389,,,,,0,0
journal_b58f6164a59897af,Studies in History,Studies in History,periodical_candidate,title_matched_candidate,,,unknown,,,journal_source_sheet_1389,,,,,0,0
journal_ffdacf6e082def6b,Studies in History and Philosophy of Science Part A,Studies in History and Philosophy of Science Part A,research_journal,title_matched_candidate,,,unknown,,Science and technology | Philosophy,journal_source_sheet_1389 | journal_source_venue_review_atlas_bloor_anti_latour_primary | journal_source_venue_review_atlas_latour_bloor_reply_primary,,,,,0,0
journal_64a60a0a09a32a6d,Studies in History and Philosophy of Science Part B - Studies in History and Philosophy of Modern Physics,Studies in History and Philosophy of Science Part B - Studies in History and Philosophy of Modern Physics,periodical_candidate,title_matched_candidate,,,unknown,,Science and technology | Philosophy,journal_source_sheet_1389,,,,,0,0
journal_69e8b8429c402494,Studies in History and Philosophy of Science Part C :Studies in History and Philosophy of Biological and Biomedical Sciences,Studies in History and Philosophy of Science Part C :Studies in History and Philosophy of Biological and Biomedical Sciences,periodical_candidate,title_matched_candidate,,,unknown,,Science and technology | Philosophy,journal_source_sheet_1389,,,,,0,0
journal_212b1fadcd8cc479,Studies in Late Antiquity,Studies in Late Antiquity,periodical_candidate,title_matched_candidate,,,unknown,,Ancient | Late Antiquity,journal_source_sheet_1389,,,,,0,0
journal_fb973d1085ff7ac7,Studies in People's History,Studies in People's History,periodical_candidate,title_matched_candidate,,,unknown,General history,,journal_source_wikipedia,,,,,0,0
journal_df6bff51116070f8,Studies in the Age of Chaucer,Studies in the Age of Chaucer,periodical_candidate,bibliographic_metadata_checked,1979,,unknown,Literature,Middle Ages,journal_source_sheet_1389 | journal_source_library_277ffe53aa5147d5,0190-2407,eng,bibliographic_record,catalogued_title_start,1,2
journal_79e953acb780de42,Studies in World Christianity,Studies in World Christianity,periodical_candidate,bibliographic_metadata_checked,1995,,unknown,,Religion,journal_source_sheet_1389 | journal_source_library_20c93312a456ef45,1354-9901,eng,bibliographic_record,catalogued_title_start,1,6
journal_ef893666752ed1e9,Studii de Istoria si Teoria Arhitecturii,Studii de Istoria si Teoria Arhitecturii,periodical_candidate,title_matched_candidate,,,unknown,,,journal_source_sheet_1389,,,,,0,0
journal_df4715915b728ff9,Studii de Preistorie,Studii de Preistorie,periodical_candidate,title_matched_candidate,,,unknown,Auxiliary sciences of history | Archaeology,,journal_source_sheet_1389,,,,,0,0
journal_166136dc331c5947,Sudosteuropa,Sudosteuropa,periodical_candidate,title_matched_candidate,,,unknown,,Eastern Europe and Balkans,journal_source_sheet_1389,,,,,0,0
journal_745a0d13c344e4c6,Svet Literatury,Svet Literatury,periodical_candidate,title_matched_candidate,,,unknown,,,journal_source_sheet_1389,,,,,0,0
journal_476214d89f02b0b2,SVMMA,SVMMA,periodical_candidate,title_matched_candidate,,,unknown,,,journal_source_sheet_1389,,,,,0,0
journal_1094b99d431b6ed5,T'ang Studies,T'ang Studies,periodical_candidate,title_matched_candidate,,,unknown,,East Asia,journal_source_sheet_1389,,,,,0,0
journal_dbb13a2ba395a712,T'oung Pao,T'oung Pao,periodical_candidate,title_matched_candidate,,,unknown,,East Asia,journal_source_sheet_1389,,,,,0,0
journal_17f53c159546deef,T'oung Pao: International Journal of Chinese Studies,T'oung Pao: International Journal of Chinese Studies,periodical_candidate,title_matched_candidate,,,unknown,East Asia,,journal_source_wikipedia,,,,,0,0
journal_3669b3845be15e47,Tabularia,Tabularia,periodical_candidate,title_matched_candidate,,,unknown,,,journal_source_sheet_1389,,,,,0,0
journal_35d56cc2719b9fb7,Taida Journal of Art History,Taida Journal of Art History,periodical_candidate,title_matched_candidate,,,unknown,,Art history,journal_source_sheet_1389,,,,,0,0
journal_d8a4b9dd7d22327f,Taiwanese Journal of Political Science (臺灣大學政治科學論叢),Taiwanese Journal of Political Science (臺灣大學政治科學論叢),research_journal,title_matched_candidate,,,unknown,Chinese studies resources,,journal_source_toronto,,,,,0,0
journal_42f56391a2a4b815,Talia Dixit,Talia Dixit,periodical_candidate,title_matched_candidate,,,unknown,Middle Ages | Rhetoric,,journal_source_sheet_1389,,,,,0,0
journal_f5e0bfa48293bf68,Tamkang Review,Tamkang Review,periodical_candidate,bibliographic_metadata_checked,1970,,unknown,Literature,,journal_source_sheet_1389 | journal_source_library_48f71c9b915a0d3c,0049-2949,eng,bibliographic_record,catalogued_title_start,1,6
journal_38e479e715d9523d,Technology and Culture,Technology and Culture,research_journal,bibliographic_metadata_checked,1959,,unknown,Science and technology,,journal_source_wikipedia | journal_source_sheet_1389 | journal_source_library_29a72dd7e24b752e | journal_source_technology_kranzberg_memorial | journal_source_venue_review_shot_memorial,0040-165X,eng,bibliographic_record,catalogued_title_start,1,11
journal_b5f044fbe895c22a,Tel Aviv,Tel Aviv,periodical_candidate,bibliographic_metadata_checked,1974,,unknown,Archaeology,,journal_source_sheet_1389 | journal_source_library_c8e96a57be294ee5 | journal_source_library_b3a820a5aa2ad980,0334-4355 | 2040-4786,eng,bibliographic_record,catalogued_title_start,2,13
journal_c6b43684f97d61b4,Temas Americanistas,Temas Americanistas,periodical_candidate,bibliographic_metadata_checked,1982,,unknown,Latin America and Caribbean,,journal_source_sheet_1389 | journal_source_library_d91c617519e943bd,0212-4408,spa,bibliographic_record,catalogued_title_start,1,2
journal_1f973b3a438718aa,Tempo (Brazil),Tempo (Brazil),periodical_candidate,title_matched_candidate,,,unknown,,,journal_source_sheet_1389,,,,,0,0
journal_3585f2a22f183a26,Tempo (Niteroi),Tempo - Niteroi | Tempo-Niteroi,periodical_candidate,title_matched_candidate,,,unknown,,,journal_source_sheet_271 | journal_source_ooir,,,,,0,0
journal_e610e66931fffbc8,Tempo e Argumento,Tempo e Argumento,periodical_candidate,title_matched_candidate,,,unknown,History of the present | Ideas and historiography,,journal_source_sheet_1389,,,,,0,0
journal_56eacc01169b09e0,Temps des Medias,Temps des Medias,periodical_candidate,title_matched_candidate,,,unknown,,Media and books,journal_source_sheet_1389,,,,,0,0
journal_79520b3fc963ac59,Temps Modernes,Temps Modernes,periodical_candidate,title_matched_candidate,,,unknown,,,journal_source_sheet_1389,,,,,0,0
journal_03cf3ccd1399cf32,Terapevticheskii Arkhiv,Terapevticheskii Arkhiv,periodical_candidate,title_matched_candidate,,,unknown,,,journal_source_sheet_1389,,,,,0,0
journal_8ec64a36fc40f66b,Terra Economicus,Terra Economicus,periodical_candidate,title_matched_candidate,,,unknown,,"Business, labor and economics",journal_source_sheet_1389,,,,,0,0
journal_6f54cc6af83f9d39,Terra Sebus,Terra Sebus,periodical_candidate,title_matched_candidate,,,unknown,,,journal_source_sheet_1389,,,,,0,0
journal_e02602c2913ad82a,Terrae Incognitae,Terrae Incognitae,periodical_candidate,bibliographic_metadata_checked,1969,,unknown,,,journal_source_sheet_1389 | journal_source_library_bea194ae193a63a4 | journal_source_library_9bfaa5ca033f6841,0082-2884 | 2040-8706,eng,bibliographic_record,catalogued_title_start,2,20
journal_d3fdfb4668463677,Textile History,Textile History,periodical_candidate,bibliographic_metadata_checked,1968,,unknown,Dress and textile,,journal_source_sheet_1389 | journal_source_library_3a37e26f4e67b14f | journal_source_library_d9d2cbdc52e7eca1,0040-4969 | 1743-2952,eng,bibliographic_record,catalogued_title_start,2,14
journal_d50f99a483f8d91f,Textile View Magazine,Textile View Magazine,periodical_candidate,title_matched_candidate,,,unknown,,,journal_source_sheet_1389,,,,,0,0
journal_481fdd2b44869a3e,Textile View2 Magazine,Textile View2 Magazine,periodical_candidate,title_matched_candidate,,,unknown,,,journal_source_sheet_1389,,,,,0,0
journal_82cdf957c150cc7a,The American Genealogist,The American Genealogist,periodical_candidate,title_matched_candidate,,,unknown,United States,,journal_source_wikipedia,,,,,0,0
journal_78af5311fd3dff5a,The American Historical Review,The American Historical Review | American Historical Review,periodical_candidate,bibliographic_metadata_checked,,,unknown,General history | United States,,journal_source_wikipedia | journal_source_sheet_271 | journal_source_sheet_1389 | journal_source_ooir | journal_source_library_51a79bcfbb18c60d | journal_source_library_45df3d11aae78f2f,0002-8762,eng,,,2,25
journal_abdcba84ad2aa0dc,The British Journal for the History of Science,The British Journal for the History of Science | British Journal for the History of Science,periodical_candidate,bibliographic_metadata_checked,,,unknown,Britain | Science and technology,,journal_source_wikipedia | journal_source_sheet_1389 | journal_source_library_0dc36e9906200a8a | journal_source_library_a211378a8a476b18,0007-0874 | 1474-001X,eng,,,2,27
journal_99054dca06f1ef03,The Catholic Historical Review,The Catholic Historical Review | Catholic Historical Review,periodical_candidate,bibliographic_metadata_checked,1915,,unknown,Religion,,journal_source_wikipedia | journal_source_sheet_271 | journal_source_library_28e3e2332e8fecc4,0008-8080,eng,bibliographic_record,catalogued_title_start,1,8
journal_ffc733c2271369ff,The Chronicles of Oklahoma,The Chronicles of Oklahoma,periodical_candidate,bibliographic_metadata_checked,,,unknown,United States | Indigenous studies,,journal_source_wikipedia | journal_source_library_115db0ee2305cdb8,0009-6024,eng,,,1,5
journal_aa1243d525819115,The Economic History Review,The Economic History Review | Economic History Review,research_journal,bibliographic_metadata_checked,1927,,unknown,"Britain | Business, labor and economics",,journal_source_wikipedia | journal_source_sheet_271 | journal_source_sheet_1389 | journal_source_ooir | journal_source_library_d8b075628a59d224 | journal_source_economic_history_review_foundation | journal_source_venue_review_ehr100,0013-0117,eng,bibliographic_record,catalogued_title_start,1,11
journal_fb2e541ced15c90d,The English Historical Review,The English Historical Review | English Historical Review,periodical_candidate,bibliographic_metadata_checked,1886,,unknown,General history | Britain,,journal_source_wikipedia | journal_source_sheet_271 | journal_source_sheet_1389 | journal_source_ooir | journal_source_library_b9deac2d210f0690,0013-8266,eng,bibliographic_record,catalogued_title_start,1,7
journal_2af86918287b5b35,The Historian,The Historian,periodical_candidate,ambiguous_title,,,unknown,General history,,journal_source_wikipedia,,,,,0,0
journal_d53dab26a8f2145a,The Historical Journal,The Historical Journal | Historical Journal,periodical_candidate,title_matched_candidate,,,unknown,General history | Modern and contemporary,,journal_source_wikipedia | journal_source_sheet_271 | journal_source_sheet_1389 | journal_source_ooir,,,,,0,0
journal_83c8f5db5ad59873,"The Historical Journal of Film, Radio and Television","The Historical Journal of Film, Radio and Television | Historical Journal of Film, Radio and Television",periodical_candidate,title_matched_candidate,,,unknown,Media and books,,journal_source_wikipedia | journal_source_sheet_1389,,,,,0,0
journal_8216afcd658d2b61,The Historical Review / La Revue Historique,Historical Review - La Revue Historique | Historical Review-La Revue Historique,periodical_candidate,bibliographic_metadata_checked,2004,,unknown,,,journal_source_sheet_271 | journal_source_ooir | journal_source_library_40f5e64ddedded48,1790-3572,,bibliographic_record,catalogued_title_start,1,0
journal_bbddc9f007c2d87b,The History Teacher,The History Teacher,periodical_candidate,bibliographic_metadata_checked,1967,,unknown,Teaching and methods,,journal_source_wikipedia | journal_source_library_73a6d66a467099a1,0018-2745,eng,bibliographic_record,catalogued_title_start,1,3
journal_a6538fc9e84fa4d1,The Irish Sword,The Irish Sword | Irish Sword,periodical_candidate,bibliographic_metadata_checked,1950,,unknown,Ireland,,journal_source_wikipedia | journal_source_sheet_1389 | journal_source_library_3c8dd50acaf2e88b,0021-1389,eng,bibliographic_record,catalogued_title_start,1,4
journal_a60d063c840e1fcd,The Journal of African History,The Journal of African History | Journal of African History,periodical_candidate,bibliographic_metadata_checked,1960,,unknown,Africa,,journal_source_wikipedia | journal_source_sheet_271 | journal_source_sheet_1389 | journal_source_ooir | journal_source_library_14edd01feef0bac6 | journal_source_library_6bd5fca73a283245,0021-8537 | 1469-5138,eng,bibliographic_record,catalogued_title_start,2,16
journal_af9eb2a59f476770,The Journal of American History,The Journal of American History | Journal of American History,research_journal,publisher_metadata_checked,1964,,unknown,United States | United States,,journal_source_wikipedia | journal_source_sheet_271 | journal_source_sheet_1389 | journal_source_ooir | journal_source_oup_jah | journal_source_library_d49d7e7213ce4ed6 | journal_source_library_28162437a012e496,0021-8723 | 1945-2314,eng,bibliographic_record,catalogued_title_start,2,8
journal_290380c5edd1c42b,The Journal of Asian Studies,The Journal of Asian Studies | Journal of Asian Studies,periodical_candidate,title_matched_candidate,,,unknown,Asia,,journal_source_wikipedia | journal_source_sheet_1389,,,,,0,0
journal_f1fc5e3fa81592a9,The Journal of Hellenic Studies,The Journal of Hellenic Studies,periodical_candidate,bibliographic_metadata_checked,,,unknown,Classical | Greece,,journal_source_wikipedia | journal_source_library_a0cda946b15a7b49 | journal_source_library_29529a6ae4b55a20,0075-4269 | 2041-4099,eng,,,2,44
journal_06580f980c0bb576,The Journal of Holocaust Research,The Journal of Holocaust Research | Journal of Holocaust Research,periodical_candidate,bibliographic_metadata_checked,,,unknown,Genocide,,journal_source_wikipedia | journal_source_sheet_1389 | journal_source_library_1a2172bd63e97267 | journal_source_library_c537f3c67814a400,2578-5648 | 2578-5656,eng,,,2,4
journal_63d7edba4d1660b1,The Journal of Legislative Studies,The Journal of Legislative Studies,periodical_candidate,title_matched_candidate,,,unknown,Politics and public policy,,journal_source_wikipedia,,,,,0,0
journal_465233074c92587e,The Journal of Modern History,The Journal of Modern History | Journal of Modern History,periodical_candidate,bibliographic_metadata_checked,1929,,unknown,Modern and contemporary | General history,,journal_source_wikipedia | journal_source_sheet_271 | journal_source_sheet_1389 | journal_source_ooir | journal_source_library_004b865c8939f73e | journal_source_library_a5a14f81a4339355,0022-2801,eng,bibliographic_record,catalogued_title_start,2,14
journal_6ac7f98e81e1df04,The Medieval Review,The Medieval Review,periodical_candidate,bibliographic_metadata_checked,1993,,unknown,Middle Ages,,journal_source_wikipedia | journal_source_library_ce7e96648558feff,1096-746X,eng,bibliographic_record,catalogued_title_start,1,3
journal_18cbd3e486b25ac8,The Mennonite Quarterly Review,The Mennonite Quarterly Review,periodical_candidate,bibliographic_metadata_checked,,,unknown,Religion,,journal_source_wikipedia | journal_source_library_42e7301552e36fb5,0025-9373,eng,,,1,11
journal_b08fd4802c40b034,The New England Quarterly,The New England Quarterly | New England Quarterly - A Historical Review of New England Life and Letters | New England Quarterly-A Historical Review of New England Life and Letters,periodical_candidate,bibliographic_metadata_checked,1928,,unknown,United States,,journal_source_wikipedia | journal_source_sheet_271 | journal_source_sheet_1389 | journal_source_ooir | journal_source_library_b864d56c36f83d59,0028-4866,eng,bibliographic_record,catalogued_title_start,1,7
journal_3bdf3800207924c3,The Polish Review,The Polish Review,periodical_candidate,bibliographic_metadata_checked,1956,,unknown,Eastern Europe and Balkans | Poland,,journal_source_wikipedia | journal_source_library_6e693b334fcfa268,0032-2970,eng,bibliographic_record,catalogued_title_start,1,10
journal_d990835e95820881,The Public Historian,The Public Historian | Public Historian,research_journal,bibliographic_metadata_checked,1978,,unknown,Politics and public policy | Social | Social sciences | United States,,journal_source_wikipedia | journal_source_sheet_271 | journal_source_sheet_1389 | journal_source_ooir | journal_source_library_84f2d342bdc5c14f | journal_source_gap117_ncph_journal_history_2012 | journal_source_gap117_kelley_public_1978,0272-3433,eng,bibliographic_record,catalogued_title_start,1,14
journal_753cd47a79a46a0e,The Russian Review,The Russian Review | Russian Review,periodical_candidate,bibliographic_metadata_checked,1941,,unknown,Eastern Europe and Balkans | Russia and Eurasia,,journal_source_wikipedia | journal_source_sheet_271 | journal_source_sheet_1389 | journal_source_ooir | journal_source_library_4a9093d1c601d9a3,0036-0341,eng,bibliographic_record,catalogued_title_start,1,8
journal_cbfa3639d65597b5,The Rutherford Journal,The Rutherford Journal,periodical_candidate,title_matched_candidate,,,unknown,Science and technology,,journal_source_wikipedia,,,,,0,0
journal_ac61a22ad4216f3e,The Scottish Historical Review,The Scottish Historical Review | Scottish Historical Review,periodical_candidate,title_matched_candidate,,,unknown,Britain,,journal_source_wikipedia | journal_source_sheet_271 | journal_source_sheet_1389,,,,,0,0
journal_1b28d5f920660c7b,The Slavic and East European Journal,The Slavic and East European Journal,periodical_candidate,bibliographic_metadata_checked,,,unknown,Eastern Europe and Balkans,,journal_source_wikipedia | journal_source_library_b55d65e07afb1e58,0037-6752,eng,,,1,17
journal_7632f05d8be4b918,The Social History of Alcohol and Drugs,The Social History of Alcohol and Drugs,periodical_candidate,bibliographic_metadata_checked,,,unknown,,Social,journal_source_sheet_1389 | journal_source_library_8fc319a1cbdbb142,1930-8418,eng,,,1,9
journal_fe2dbaa9dcc5f489,Theatralia,Theatralia,periodical_candidate,bibliographic_metadata_checked,,,unknown,,,journal_source_sheet_1389 | journal_source_library_031b709a94f0ed77 | journal_source_library_288a446704495fc2,1803-845X | 2336-4548,cze,,,2,8
journal_f4a6e588434009fd,Theory and Society,Theory and Society,periodical_candidate,bibliographic_metadata_checked,1974,,unknown,Sociology | Politics and public policy,Social theory and cultural criticism,journal_source_sheet_1389 | journal_source_library_bf2988fcc17bd55c | journal_source_library_1627bddd789f0c8c | journal_source_library_016fa998a63384c2,0304-2421 | 1573-7853,eng,bibliographic_record,catalogued_title_start,3,17
journal_545016e59eaa4d82,Thesis Eleven,Thesis Eleven,periodical_candidate,bibliographic_metadata_checked,1980,,unknown,Social sciences | Socialism and related political traditions,,journal_source_sheet_1389 | journal_source_library_aae229c7113d7cea | journal_source_library_7a196651dec556e2,0725-5136 | 1461-7455,eng,bibliographic_record,catalogued_title_start,2,18
journal_859d2cfeddcec245,Tijdschrift Voor Geschiedenis,Tijdschrift Voor Geschiedenis | Tijdschrift voor Geschiedenis,periodical_candidate,title_matched_candidate,,,unknown,,,journal_source_sheet_271 | journal_source_sheet_1389 | journal_source_ooir,,,,,0,0
journal_db43394a79456ab5,Tijdschrift voor Rechtsgeschiedenis,Tijdschrift voor Rechtsgeschiedenis-Revue d'Histoire du Droit-The Legal History Review,periodical_candidate,bibliographic_metadata_checked,1918,,unknown,Legal,,journal_source_ooir | journal_source_library_1f035f5bd10a3d92 | journal_source_library_fd4400a05c447e66,0040-7585 | 1571-8190,dut,bibliographic_record,catalogued_title_start,2,14
journal_a62e3cadca5470e5,Tijdschrift voor Rechtsgeschiedenis - Revue de Historoire du Droit - The Legal History Review,Tijdschrift voor Rechtsgeschiedenis - Revue de Historoire du Droit - The Legal History Review,periodical_candidate,title_matched_candidate,,,unknown,,Legal,journal_source_sheet_271,,,,,0,0
journal_f428be88538ae6b2,Tijdschrift voor Sociale en Economische Geschiedenis,Tijdschrift voor Sociale en Economische Geschiedenis,periodical_candidate,title_matched_candidate,,,unknown,"Social | Business, labor and economics",,journal_source_sheet_1389,,,,,0,0
journal_50f5f4e74a1feb18,Tirant,Tirant,periodical_candidate,title_matched_candidate,,,unknown,,,journal_source_sheet_1389,,,,,0,0
journal_b809e7b4ce519cd5,Tocqueville Review,Tocqueville Review,periodical_candidate,title_matched_candidate,,,unknown,,,journal_source_sheet_1389,,,,,0,0
journal_f3de9e4ca398c804,Tokovi Istorije,Tokovi Istorije,periodical_candidate,bibliographic_metadata_checked,,,unknown,,,journal_source_sheet_1389 | journal_source_library_5011e666c1df79eb,0354-6497,srp,,,1,2
journal_1fc54330c540f1bf,Topoi (Brazil),Topoi (Brazil),periodical_candidate,title_matched_candidate,,,unknown,,,journal_source_sheet_1389,,,,,0,0
journal_c4ffba7bccd46af6,TRaNS: Trans-Regional and -National Studies of Southeast Asia,TRaNS: Trans-Regional and -National Studies of Southeast Asia,periodical_candidate,bibliographic_metadata_checked,2013,,unknown,Social sciences | Southeast Asia,,journal_source_sheet_1389 | journal_source_library_36a0fea144a47664 | journal_source_library_862a2fe79769b976,2051-364X | 2051-3658,eng,bibliographic_record,catalogued_title_start,2,18
journal_65807398af5f65bc,Transactions of the Historic Society of Lancashire and Cheshire,Transactions of the Historic Society of Lancashire and Cheshire,periodical_candidate,title_matched_candidate,,,unknown,,,journal_source_sheet_1389,,,,,0,0
journal_a5ffa3668c8cb0b3,Transactions of the Royal Historical Society,Transactions of the Royal Historical Society,periodical_candidate,bibliographic_metadata_checked,1872,,unknown,Britain,,journal_source_sheet_1389 | journal_source_library_a1fada2fc17511b4 | journal_source_library_48d503de3a641c85,0080-4401 | 1474-0648,eng,bibliographic_record,catalogued_title_start,2,21
journal_e582506513dcb65d,Translocal Chinese: East Asian Perspectives,Translocal Chinese: East Asian Perspectives,periodical_candidate,bibliographic_metadata_checked,,,unknown,,East Asia,journal_source_sheet_1389 | journal_source_library_ebf619ad44ee3c79,2452-2015,eng,,,1,4
journal_622172d1ff8403c2,Transsylvania Nostra,Transsylvania Nostra,periodical_candidate,title_matched_candidate,,,unknown,,Eastern Europe and Balkans,journal_source_sheet_1389,,,,,0,0
journal_6a64f9efba1e4a74,Transylvanian Review,Transylvanian Review,periodical_candidate,bibliographic_metadata_checked,1992,,unknown,,Eastern Europe and Balkans,journal_source_sheet_271 | journal_source_sheet_1389 | journal_source_library_bcfbd11067b0c713,1221-1249,eng,bibliographic_record,catalogued_title_start,1,8
journal_4cb4635ac8e1a5c9,Trashumante,Trashumante,periodical_candidate,title_matched_candidate,,,unknown,,,journal_source_sheet_1389,,,,,0,0
journal_32d6e4a20c1cd7a5,Tuna,Tuna,periodical_candidate,title_matched_candidate,,,unknown,,,journal_source_sheet_1389,,,,,0,0
journal_5a315ae6786310bf,Tuna-Ajalookultuuri Ajakiri,Tuna-Ajalookultuuri Ajakiri,periodical_candidate,title_matched_candidate,,,unknown,,,journal_source_sheet_271,,,,,0,0
journal_a3c5811a564c9812,Turkish Historical Review,Turkish Historical Review,periodical_candidate,bibliographic_metadata_checked,2010,,unknown,Turkey,Middle East,journal_source_sheet_271 | journal_source_sheet_1389 | journal_source_ooir | journal_source_library_6449dab0078d3e14 | journal_source_library_b37e56076f71059a,1877-5454 | 1877-5462,eng,bibliographic_record,catalogued_title_start,2,11
journal_3f39cde32cd6c2c2,Turkish Journal of History,Turkish Journal of History,periodical_candidate,title_matched_candidate,,,unknown,General history,Middle East,journal_source_sheet_1389,,,,,0,0
journal_275dc7c9ecaeb6a0,Turkish Studies,Turkish Studies,periodical_candidate,bibliographic_metadata_checked,2000,,unknown,Turkey,Middle East,journal_source_sheet_1389 | journal_source_library_dae917e78f5172ee,1743-9663,eng,bibliographic_record,catalogued_title_start,1,8
journal_c782341e2d63843a,Twentieth Century British History,Twentieth Century British History,periodical_candidate,bibliographic_metadata_checked,,,unknown,Britain,,journal_source_wikipedia | journal_source_sheet_271 | journal_source_sheet_1389 | journal_source_ooir | journal_source_library_2fbaf3f611b6e39f,1477-4674,eng,,,1,12
journal_f54a2269518da5c0,Twentieth-Century China,Twentieth-Century China,periodical_candidate,bibliographic_metadata_checked,,,unknown,East Asia,,journal_source_sheet_1389 | journal_source_library_33a8d716bd7bfe88 | journal_source_library_a3bac959c8838a42,1521-5385 | 1940-5065,eng,,,2,3
journal_164ac2d42cf679fd,Tyche,Tyche,periodical_candidate,bibliographic_metadata_checked,1986,,unknown,Ancient,,journal_source_sheet_1389 | journal_source_library_41062f92e095423b | journal_source_library_0bbe4b9dcfcdfc96 | journal_source_library_4d99fbe76ef2070b,1010-9161 | 2409-5540,eng | fre | ger | ita,bibliographic_record,catalogued_title_start,3,44
journal_d31a75a34d392c1d,Tzintzun,Tzintzun,periodical_candidate,title_matched_candidate,,,unknown,General history,,journal_source_sheet_1389,,,,,0,0
journal_b5a84ee55ddeb134,Ural'skij Istoriceskij Vestnik,Ural'skij Istoriceskij Vestnik,periodical_candidate,title_matched_candidate,,,unknown,,Russia and Eurasia,journal_source_sheet_1389,,,,,0,0
journal_97cc033e49a4f22b,Urban History,Urban History,research_journal,bibliographic_metadata_checked,,,unknown,Urban,,journal_source_wikipedia | journal_source_sheet_271 | journal_source_sheet_1389 | journal_source_ooir | journal_source_library_f00e4852ff9848e7 | journal_source_library_24b8d7151a1ec134 | journal_source_gap117_urban_history_anniversary | journal_source_gap117_urban_titles,0963-9268 | 1469-8706,eng,,,2,27
journal_95d1a1a5f3c42882,Urban History Review,Urban History Review,periodical_candidate,bibliographic_metadata_checked,,,unknown,Urban,,journal_source_sheet_1389 | journal_source_library_53c20d9f65d4e0a3 | journal_source_library_251e8d7eea560034,0703-0428 | 1918-5138,eng,,,2,5
journal_8d108d373969aa57,Urban History Review Revue d’Histoire Urbaine,Urban History Review Revue d’Histoire Urbaine,periodical_candidate,title_matched_candidate,,,unknown,Urban,,journal_source_sheet_271,,,,,0,0
journal_a6a79886848f0cad,Varia Historia,Varia Historia,periodical_candidate,title_matched_candidate,,,unknown,General history,,journal_source_sheet_1389,,,,,0,0
journal_20e1f3820870d61a,Vegueta,Vegueta,periodical_candidate,title_matched_candidate,,,unknown,,,journal_source_sheet_1389,,,,,0,0
journal_9d946f8de0d72631,Verbum,Verbum,periodical_candidate,title_matched_candidate,,,unknown,,,journal_source_sheet_271,,,,,0,0
journal_edecf3e53294bb31,Vergentis,Vergentis,periodical_candidate,title_matched_candidate,,,unknown,,,journal_source_sheet_1389,,,,,0,0
journal_87cc8d1395e7eabc,Vernacular Architecture,Vernacular Architecture,periodical_candidate,bibliographic_metadata_checked,1971,,unknown,,Architectural,journal_source_sheet_1389 | journal_source_library_b42cfb4ba0fa5b5f | journal_source_library_8e07a882ad12c934,0305-5477 | 1749-6292,eng,bibliographic_record,catalogued_title_start,2,12
journal_a5917dc086ec73fd,Vestnik Drevnei Istorii,Vestnik Drevnei Istorii,periodical_candidate,title_matched_candidate,,,unknown,,,journal_source_sheet_1389,,,,,0,0
journal_2d66dfc3ae496c91,"Vestnik Novosibirskogo Gosudarstvennogo Universiteta, Seriya: Istoriya, Filologiya","Vestnik Novosibirskogo Gosudarstvennogo Universiteta, Seriya: Istoriya, Filologiya",periodical_candidate,title_matched_candidate,,,unknown,,,journal_source_sheet_1389,,,,,0,0
journal_6ed6abb3cd83fdd5,"Vestnik Pravoslavnogo Sviato-Tikhonovskogo Gumanitarnogo Universiteta, Seria I, Bogoslovie, Filosofia, Religiovedenie","Vestnik Pravoslavnogo Sviato-Tikhonovskogo Gumanitarnogo Universiteta, Seria I, Bogoslovie, Filosofia, Religiovedenie",periodical_candidate,title_matched_candidate,,,unknown,,Religion,journal_source_sheet_1389,,,,,0,0
journal_e9bbda1d0222f5a4,Vestnik RUDN. International Relations,Vestnik RUDN. International Relations,periodical_candidate,title_matched_candidate,,,unknown,,International relations and diplomatic,journal_source_sheet_1389,,,,,0,0
journal_53f530d8f5bbb01d,Vestnik Sankt-Peterburgskogo Universiteta Vostokovedenie i Afrikanistika,Vestnik Sankt-Peterburgskogo Universiteta Vostokovedenie i Afrikanistika,periodical_candidate,title_matched_candidate,,,unknown,,,journal_source_sheet_1389,,,,,0,0
journal_b05c124a56023269,"Vestnik Sankt-Peterburgskogo Universiteta, Iskusstvovedenie","Vestnik Sankt-Peterburgskogo Universiteta, Iskusstvovedenie",periodical_candidate,title_matched_candidate,,,unknown,,Art history,journal_source_sheet_1389,,,,,0,0
journal_bb54ebcd2d839714,"Vestnik Volgogradskogo Gosudarstvennogo Universiteta Seriia 4: Istoriia, Regionovedenie, Mezhdunarodnye Otnosheniia","Vestnik Volgogradskogo Gosudarstvennogo Universiteta Seriia 4: Istoriia, Regionovedenie, Mezhdunarodnye Otnosheniia",periodical_candidate,title_matched_candidate,,,unknown,,International relations and diplomatic,journal_source_sheet_1389,,,,,0,0
journal_afe11d5314b46820,Vetus Testamentum,Vetus Testamentum,periodical_candidate,bibliographic_metadata_checked,1951,,unknown,,Religion,journal_source_sheet_1389 | journal_source_library_42fe7306bf1b795e | journal_source_library_e6dc57d6d0a0499e,0042-4935 | 1568-5330,eng,bibliographic_record,catalogued_title_start,2,5
journal_9fbdb5878120aa33,Viator - Medieval and Renaissance Studies,Viator - Medieval and Renaissance Studies,periodical_candidate,title_matched_candidate,,,unknown,,Middle Ages | Early modern,journal_source_sheet_1389,,,,,0,0
journal_6945b13e007ffa31,Victorian Historical Journal,Victorian Historical Journal,periodical_candidate,bibliographic_metadata_checked,,,unknown,Australasia and Oceania,,journal_source_wikipedia | journal_source_sheet_1389 | journal_source_library_a20b938750f32d7d | journal_source_library_fa28c455abe3b5f4,0313-4938 | 1030-7710,eng,,,2,12
journal_7561864b4f197c7f,Victorian Studies,Victorian Studies,periodical_candidate,bibliographic_metadata_checked,1957,,unknown,Britain | Literature,,journal_source_wikipedia | journal_source_sheet_1389 | journal_source_library_4747c7bdbdbbc9c9,0042-5222,eng,bibliographic_record,catalogued_title_start,1,14
journal_06d3702944d49a98,Victoriographies,Victoriographies,periodical_candidate,title_matched_candidate,,,unknown,,,journal_source_sheet_1389,,,,,0,0
journal_b1b8ca7437e4f27e,Vierteljahresschrift fur Sozial und Wirtschaftsgeschichte,Vierteljahresschrift fur Sozial und Wirtschaftsgeschichte,periodical_candidate,title_matched_candidate,,,unknown,,"Business, labor and economics",journal_source_sheet_1389,,,,,0,0
journal_e920ed3b4a1ef8f8,Vierteljahrshefte fuer Zeitgeschichte,Vierteljahrshefte fuer Zeitgeschichte,periodical_candidate,title_matched_candidate,,,unknown,,Modern and contemporary,journal_source_ooir,,,,,0,0
journal_a684d8428bf234eb,Vierteljahrshefte fur Zeitgeschichte,Vierteljahrshefte fur Zeitgeschichte,periodical_candidate,title_matched_candidate,,,unknown,,Modern and contemporary,journal_source_sheet_271 | journal_source_sheet_1389,,,,,0,0
journal_60f005e3ad4519a3,Vigiliae Christianae,Vigiliae Christianae,periodical_candidate,bibliographic_metadata_checked,1947,,unknown,Religion,,journal_source_sheet_1389 | journal_source_library_d68b119b86b9899d | journal_source_library_cd239d3aff6b575c | journal_source_library_42f8de0ba2c8e2f2,0042-6032 | 1570-0720,eng,bibliographic_record,catalogued_title_start,3,26
journal_8eb81825dcf64df3,"Vigiliae Christianae, Supplements","Vigiliae Christianae, Supplements",periodical_candidate,title_matched_candidate,,,unknown,,Religion,journal_source_sheet_1389,,,,,0,0
journal_cb0b1e202863d33c,Viking and Medieval Scandinavia,Viking and Medieval Scandinavia,periodical_candidate,title_matched_candidate,,,unknown,,Nordic Europe | Middle Ages,journal_source_sheet_1389,,,,,0,0
journal_ae0749f7f2f8a3cc,Vinculos de Historia,Vinculos de Historia,periodical_candidate,title_matched_candidate,,,unknown,General history,,journal_source_sheet_1389,,,,,0,0
journal_adf7821036673216,Vingtieme Siecle - Revue d’Histoire,Vingtieme Siecle - Revue d’Histoire | Vingtieme Siecle: Revue d'Histoire,periodical_candidate,title_matched_candidate,,,unknown,,Modern and contemporary,journal_source_sheet_271 | journal_source_sheet_1389,,,,,0,0
journal_d978b2fa8a36b559,Virginia Magazine of History and Biography,Virginia Magazine of History and Biography,periodical_candidate,title_matched_candidate,,,unknown,United States,,journal_source_wikipedia,,,,,0,0
journal_4dea8909dd6dfdbb,Vivarium,Vivarium,periodical_candidate,bibliographic_metadata_checked,1963,,unknown,Philosophy,,journal_source_sheet_1389 | journal_source_library_364d2e70ced37d84 | journal_source_library_06c5e8cccd8cb6ef | journal_source_library_066fca0bc738f674,0042-7543 | 1568-5349,eng | fre | ger,bibliographic_record,catalogued_title_start,3,14
journal_5b5e82e7d802a852,VLC Arquitectura,VLC Arquitectura,periodical_candidate,title_matched_candidate,,,unknown,,,journal_source_sheet_1389,,,,,0,0
journal_58245465749948fa,Voices - Journal of New York Folklore,Voices - Journal of New York Folklore,periodical_candidate,title_matched_candidate,,,unknown,,Folklore,journal_source_sheet_1389,,,,,0,0
journal_2ec2170a49eb5201,Volkskunde,Volkskunde,periodical_candidate,title_matched_candidate,,,unknown,,Anthropology and ethnography,journal_source_sheet_1389,,,,,0,0
journal_ed90651991d458bf,Voprosy Istorii,Voprosy Istorii,periodical_candidate,title_matched_candidate,,,unknown,,,journal_source_sheet_271 | journal_source_sheet_1389,,,,,0,0
journal_4e8ff5bd7ff87fe6,Vulcan,Vulcan,periodical_candidate,bibliographic_metadata_checked,2013,,unknown,Military,,journal_source_sheet_1389 | journal_source_library_7cdf8bfc5cb79c52 | journal_source_library_ef0d9742cd6178a5,2213-4603,eng,bibliographic_record,catalogued_title_start,2,8
journal_4fcd29b4b887b029,VVostok (Oriens),VVostok (Oriens),periodical_candidate,title_matched_candidate,,,unknown,,,journal_source_sheet_1389,,,,,0,0
journal_123c05bc2318b339,War & Society,War & Society,periodical_candidate,bibliographic_metadata_checked,1983,,unknown,Military,,journal_source_wikipedia | journal_source_sheet_271 | journal_source_sheet_1389 | journal_source_ooir | journal_source_library_b2a86d73af1dbc3a | journal_source_library_869018e30cd1897b,0729-2473 | 2042-4345,eng,bibliographic_record,catalogued_title_start,2,6
journal_e4bfecd95b129a38,War in History,War in History,periodical_candidate,bibliographic_metadata_checked,1994,,unknown,Military,,journal_source_wikipedia | journal_source_sheet_271 | journal_source_sheet_1389 | journal_source_ooir | journal_source_library_d8d848f9985bd739 | journal_source_library_d294ee7f0629eb18,0968-3445 | 1477-0385,eng,bibliographic_record,catalogued_title_start,2,19
journal_a1ee6ec9adbc77f0,Welsh History Review,Welsh History Review,periodical_candidate,title_matched_candidate,,,unknown,,Britain,journal_source_sheet_271 | journal_source_sheet_1389,,,,,0,0
journal_b11573f4d81e9f89,Wesley and Methodist Studies,Wesley and Methodist Studies,periodical_candidate,bibliographic_metadata_checked,2009,,unknown,,Religion,journal_source_sheet_1389 | journal_source_library_8f2d3eb66978bab9,2291-1723,eng,bibliographic_record,catalogued_title_start,1,6
journal_e056b973b5d6b0a3,West Bohemian Historical Review,West Bohemian Historical Review,periodical_candidate,title_matched_candidate,,,unknown,,Eastern Europe and Balkans,journal_source_sheet_1389,,,,,0,0
journal_1c18541e9561fbec,Western Folklore,Western Folklore,periodical_candidate,bibliographic_metadata_checked,,,unknown,Folklore,,journal_source_sheet_1389 | journal_source_library_b8c4463ed7317477,0043-373X,eng,,,1,9
journal_5616638fc5b421be,Western Historical Quarterly,Western Historical Quarterly,periodical_candidate,bibliographic_metadata_checked,1970,,unknown,United States | Indigenous studies,,journal_source_wikipedia | journal_source_sheet_271 | journal_source_sheet_1389 | journal_source_ooir | journal_source_library_0f91549477fc12b8 | journal_source_library_fa3cf5ef8097cb57,0043-3810 | 1939-8603,eng,bibliographic_record,catalogued_title_start,2,21
journal_50058428d8e05d24,William and Mary Quarterly,William and Mary Quarterly,periodical_candidate,title_matched_candidate,,,unknown,United States,,journal_source_wikipedia | journal_source_sheet_271 | journal_source_sheet_1389 | journal_source_ooir,,,,,0,0
journal_3d33767a76e5aca1,Winterthur Portfolio,Winterthur Portfolio,periodical_candidate,bibliographic_metadata_checked,1964,,unknown,Art,,journal_source_sheet_1389 | journal_source_library_005ade899c1d8c0b,0084-0416,eng,bibliographic_record,catalogued_title_start,1,3
journal_069e4cdc76aaa02b,Wisconsin Magazine of History,Wisconsin Magazine of History,periodical_candidate,bibliographic_metadata_checked,,,unknown,United States,,journal_source_wikipedia | journal_source_library_f2c9ec2f7c768bc9,0043-6534,eng,,,1,7
journal_4714e4aa433ded96,Women’s History Review,Women’s History Review | Women's History Review | Womens History Review,periodical_candidate,title_matched_candidate,,,unknown,,Gender and sexuality,journal_source_sheet_271 | journal_source_sheet_1389 | journal_source_ooir,,,,,0,0
journal_62bf254818c731df,Yale Law Journal,Yale Law Journal,periodical_candidate,title_matched_candidate,,,unknown,United States,,journal_source_wikipedia,,,,,0,0
journal_4f58206cb7226c32,Year's Work in Critical and Cultural Theory,Year's Work in Critical and Cultural Theory,periodical_candidate,title_matched_candidate,,,unknown,,,journal_source_sheet_1389,,,,,0,0
journal_384a5688cffccf07,Yearbook of Balkan and Baltic Studies,Yearbook of Balkan and Baltic Studies,periodical_candidate,title_matched_candidate,,,unknown,,Eastern Europe and Balkans | Baltic,journal_source_sheet_1389,,,,,0,0
journal_c950109bf77c8e26,Z Badan nad Ksiazka i Ksiegozbiorami Historycznymi,Z Badan nad Ksiazka i Ksiegozbiorami Historycznymi,periodical_candidate,title_matched_candidate,,,unknown,Bibliography and library studies | General history,Media and books,journal_source_sheet_1389,,,,,0,0
journal_bb9349b79766da95,Zaïre. Revue Congolaise—Congoleesch Tijdschrift,Zaïre. Revue Congolaise—Congoleesch Tijdschrift,periodical_candidate,title_matched_candidate,,,unknown,Africa,,journal_source_wikipedia,,,,,0,0
journal_6008c2d8f23206c4,Zbornik Slovenskeho Narodneho Muzea Archeologia,Zbornik Slovenskeho Narodneho Muzea Archeologia,periodical_candidate,title_matched_candidate,,,unknown,,Archaeology,journal_source_sheet_1389,,,,,0,0
journal_a2f8401d6740df9f,Zbornik za Umetnostno Zgodovino,Zbornik za Umetnostno Zgodovino,periodical_candidate,title_matched_candidate,,,unknown,,Art history,journal_source_sheet_1389,,,,,0,0
journal_759510c0ed4a2f0e,Zeitgeschichte,Zeitgeschichte,periodical_candidate,bibliographic_metadata_checked,1973,,unknown,General history,Modern and contemporary,journal_source_sheet_271 | journal_source_sheet_1389 | journal_source_ooir | journal_source_library_edd8d8e91d2e2a73,0256-5250,ger,bibliographic_record,catalogued_title_start,1,5
journal_7a213c24ced49331,Zeithistorische Forschungen,Zeithistorische Forschungen,periodical_candidate,title_matched_candidate,,,unknown,,Modern and contemporary,journal_source_sheet_1389,,,,,0,0
journal_d0f81734fabd31ec,Zeitschrift der Deutschen Morgenlandischen Gesellschaft,Zeitschrift der Deutschen Morgenlandischen Gesellschaft,periodical_candidate,title_matched_candidate,,,unknown,,,journal_source_sheet_1389,,,,,0,0
journal_7b9c47ddedc27210,"Zeitschrift der Savigny-Stiftung fur Rechtsgeschichte, Germanistische Abteilung","Zeitschrift der Savigny-Stiftung fur Rechtsgeschichte, Germanistische Abteilung",periodical_candidate,title_matched_candidate,,,unknown,,Legal,journal_source_sheet_1389,,,,,0,0
journal_28cd42525204e049,"Zeitschrift der Savigny-Stiftung fur Rechtsgeschichte, Kanonistische Abteilung","Zeitschrift der Savigny-Stiftung fur Rechtsgeschichte, Kanonistische Abteilung",periodical_candidate,title_matched_candidate,,,unknown,,Legal,journal_source_sheet_1389,,,,,0,0
journal_b86601f3a293e60a,"Zeitschrift der Savigny-Stiftung fur Rechtsgeschichte, Romanistische Abteilung","Zeitschrift der Savigny-Stiftung fur Rechtsgeschichte, Romanistische Abteilung",periodical_candidate,title_matched_candidate,,,unknown,,Legal,journal_source_sheet_1389,,,,,0,0
journal_3e36f758dc0f7e21,Zeitschrift fuer Assyriologie und Vorderasiatische Archaologie,Zeitschrift fuer Assyriologie und Vorderasiatische Archaologie,periodical_candidate,title_matched_candidate,,,unknown,,Middle East | Ancient,journal_source_ooir,,,,,0,0
journal_1f808d0d3fbd5b17,Zeitschrift fur Agyptische Sprache und Altertumskunde,Zeitschrift fur Agyptische Sprache und Altertumskunde,periodical_candidate,title_matched_candidate,,,unknown,,,journal_source_sheet_1389,,,,,0,0
journal_a153a8ec56fc414c,Zeitschrift fur Antikes Christentum,Zeitschrift fur Antikes Christentum,periodical_candidate,title_matched_candidate,,,unknown,,Ancient,journal_source_sheet_1389,,,,,0,0
journal_235d16fa340fd21d,Zeitschrift fur Assyriologie und Vorderasiatische Archaologie,Zeitschrift fur Assyriologie und Vorderasiatische Archaologie,periodical_candidate,title_matched_candidate,,,unknown,,Middle East | Ancient,journal_source_sheet_271,,,,,0,0
journal_27cde97ecd6602ea,Zeitschrift fur die Alttestamentliche Wissenschaft,Zeitschrift fur die Alttestamentliche Wissenschaft,periodical_candidate,title_matched_candidate,,,unknown,,Religion,journal_source_sheet_1389,,,,,0,0
journal_53336a41a2b58b3e,Zeitschrift fur die Neutestamentliche Wissenschaft und die Kunde der Alteren Kirche,Zeitschrift fur die Neutestamentliche Wissenschaft und die Kunde der Alteren Kirche,periodical_candidate,title_matched_candidate,,,unknown,,Religion,journal_source_sheet_1389,,,,,0,0
journal_270844955f488e32,Zeitschrift fur Geschichtswissenschaft,Zeitschrift fur Geschichtswissenschaft,periodical_candidate,title_matched_candidate,,,unknown,,,journal_source_sheet_1389,,,,,0,0
journal_e647660282f2d19b,Zeitschrift fur Geschichtswissnschaft,Zeitschrift fur Geschichtswissnschaft,periodical_candidate,title_matched_candidate,,,unknown,,,journal_source_sheet_271,,,,,0,0
journal_1868b8ce2142d462,Zeitschrift fur Historische Forschung,Zeitschrift fur Historische Forschung,periodical_candidate,title_matched_candidate,,,unknown,,,journal_source_sheet_271 | journal_source_sheet_1389,,,,,0,0
journal_61c0843d56782938,Zeitschrift fur Religions- und Geistesgeschichte,Zeitschrift fur Religions- und Geistesgeschichte,periodical_candidate,title_matched_candidate,,,unknown,,Religion,journal_source_sheet_1389,,,,,0,0
journal_2fec25192a9ff014,Zephyrus,Zephyrus,periodical_candidate,title_matched_candidate,,,unknown,,,journal_source_sheet_1389,,,,,0,0
journal_e005273c804dd4f0,Zgodovina za Vse,Zgodovina za Vse,periodical_candidate,title_matched_candidate,,,unknown,,,journal_source_sheet_1389,,,,,0,0
journal_d318e15fefc2343c,Zgodovinski časopis,Zgodovinski časopis | Zgodovinski Casopis,periodical_candidate,bibliographic_metadata_checked,1947,,unknown,Eastern Europe and Balkans | General history,,journal_source_wikipedia | journal_source_sheet_1389 | journal_source_library_ba121f86bba842eb,0350-5774,slv,bibliographic_record,catalogued_title_start,1,6
journal_a47aa9a4395e5225,Zograf,Zograf,periodical_candidate,bibliographic_metadata_checked,1966,,unknown,Art,,journal_source_sheet_1389 | journal_source_library_f50a4eb8a025a8da | journal_source_library_d79c5d74c9ff8014,0350-1361,eng | fre | ita | srp,bibliographic_record,catalogued_title_start,2,6
journal_1d711e69a3a583d7,Zolotoordynskoe Obozrenie,Zolotoordynskoe Obozrenie,periodical_candidate,title_matched_candidate,,,unknown,,Russia and Eurasia,journal_source_sheet_1389,,,,,0,0
journal_64eed992b3141a9f,Zwingliana,Zwingliana,periodical_candidate,bibliographic_metadata_checked,1897,,unknown,,,journal_source_sheet_1389 | journal_source_library_67ece983ce8854b2 | journal_source_library_a3250e685233e16d | journal_source_library_eeefdb3695d5fd5b,0254-4407 | 2296-469X,ger,bibliographic_record,catalogued_title_start,3,25
journal_19696056b51d82db,Ériu,Ériu,periodical_candidate,title_matched_candidate,,,unknown,Ireland,,journal_source_wikipedia,,,,,0,0
journal_682daaa5355a02c5,文史哲學報,文史哲學報,research_journal,title_matched_candidate,,,unknown,Chinese studies resources,,journal_source_toronto,,,,,0,0
journal_919d0c14e01dd6ed,Environmental Review,Environmental Review,research_journal,publisher_metadata_checked,1976,1989,title_changed,,,journal_source_jstor_environmental_title_family | journal_source_oup_environmental_merger | journal_source_aseh_founding_history | journal_source_venue_review_aseh_venue_history,0147-2496 | 2325-582X,,source_check,publication_start,0,0
journal_57a3505b8688a2ce,Environmental History Review,Environmental History Review,research_journal,publisher_metadata_checked,1990,1995,title_changed,,,journal_source_jstor_environmental_title_family | journal_source_oup_environmental_merger | journal_source_venue_review_aseh_venue_history,1053-4180 | 2325-5811,,source_check,publication_start,0,0
journal_f33abcd156e85bc9,Journal of Forest History,Journal of Forest History,periodical_candidate,publisher_metadata_checked,,,unknown,,,journal_source_jstor_environmental_title_family | journal_source_oup_environmental_merger | journal_source_arizona_forest_title_history,0094-5080 | 2325-579X,,,,0,0
journal_02eec3b72cd5349d,Forest & Conservation History,Forest & Conservation History,periodical_candidate,publisher_metadata_checked,1990,1995,title_changed,,,journal_source_jstor_environmental_title_family | journal_source_oup_environmental_merger,1046-7009 | 2325-5803,,source_check,publication_start,0,0
journal_ef7022c2c9b569d4,Journal of the Historical Society of Nigeria,Journal of the Historical Society of Nigeria,research_journal,publisher_metadata_checked,1956,,unknown,,,journal_source_venue_116_jhsn_identity | journal_source_venue_116_jhsn_review,0018-2540,,source_check,publication_start,0,0
journal_05682cc5619c8c31,Annales d’histoire sociale (1939–1941),Annales d’histoire sociale (1939–1941),research_journal,publisher_metadata_checked,1939,1941,title_changed,,,journal_source_venue_116_annales_chronology | journal_source_venue_116_annales_identifiers,1243-2563,,source_check,publication_start,0,0
journal_2119b0e45870cd6f,Mélanges d’histoire sociale,Mélanges d’histoire sociale,research_journal,publisher_metadata_checked,1942,1944,title_changed,,,journal_source_venue_116_annales_chronology | journal_source_venue_116_annales_identifiers,1243-2571,,source_check,publication_start,0,0
journal_996df5230b13e08b,Annales d’histoire sociale (1945),Annales d’histoire sociale (1945),research_journal,publisher_metadata_checked,1945,1945,title_changed,,,journal_source_venue_116_annales_chronology | journal_source_venue_116_annales_identifiers,1243-258X,,source_check,publication_start,0,0
journal_b5b188191ea8d9f7,"Annales. Économies, sociétés, civilisations","Annales. Économies, sociétés, civilisations",research_journal,publisher_metadata_checked,1946,1993,title_changed,,,journal_source_venue_116_annales_chronology | journal_source_venue_116_annales_identifiers | journal_source_venue_116_burke_annales_context | journal_source_venue_116_annales_critical_editorials | journal_source_venue_116_annales_conrad,0395-2649,,source_check,publication_start,0,0
journal_68059c6f3fc86951,Urban History Yearbook,Urban History Yearbook,research_journal,publisher_metadata_checked,1974,1991,title_changed,,,journal_source_gap117_urban_titles | journal_source_gap117_urban_history_anniversary,,,source_check,publication_start,0,0
