cohort,doi,openalex_id,crossref_publisher,crossref_member,crossref_type,openalex_type,title,crossref_authors,crossref_affiliations,openalex_raw_affiliations,crossref_orcids
book-review-sample,10.1086/ahr.112.5.1663-c,https://openalex.org/W4253931760,Oxford University Press (OUP),286,journal-article,book-review,"A. KIM CLARK and MARC BECKER, editors. Highland Indians and the State in Modern Ecuador. (Pitt Latin American Series.) Pittsburgh, Pa.: University of Pittsburgh Press. 2007. Pp. x, 348. $39.95",,,,
book-review-sample,10.1086/ahr/33.2.375,https://openalex.org/W4206501140,Oxford University Press (OUP),286,journal-article,book-review,"<i>Municipal Administration in the Roman Empire</i>. By <scp>Frank Frost Abbott</scp>, late Kennedy Professor of Latin, Princeton University, and <scp>Allan Chester Johnson</scp>, Professor of Classics, Princeton University. (Princeton: Princeton University Press. 1926. Pp. x, 599. $5.00.)",A. E. R. Boak,,,
book-review-sample,10.1086/ahr/71.2.522,https://openalex.org/W4238314944,Oxford University Press (OUP),286,journal-article,book-review,"The Great Dialogue: History of Greek Political Thought from Homer to Polybius. By <i>Donald Kagan</i>. [History of Western Political Thought.] (New York: Free Press. 1965. Pp. xi, 274. $5.95.)",M. I. Finley,"Jesus College , Cambridge","Jesus College , Cambridge | Jesus College, Cambridge",
book-review-sample,10.1086/ahr/90.3.672,https://openalex.org/W4255363335,Oxford University Press (OUP),286,journal-article,book-review,"<scp>miles kahler</scp>. <i>Decolonization in Britain and France: The Domestic Consequences of International Relations</i>. Princeton: Princeton University Press. 1984. Pp. xiv, 426. Cloth $40.00, paper $9.95",Bernard Semmel,"State University of New York , Stony Brook","State University of New York, Stony Brook",
book-review-sample,10.1086/ahr.115.5.1477,https://openalex.org/W2324042735,Oxford University Press (OUP),286,journal-article,book-review,"Mark A. Lause . Race and Radicalism in the Union Army . Urbana and Chicago : University of Illinois Press . 2009 . Pp. 186. $45.00. Christian G. Samito . Becoming American under Fire: Irish Americans, African Americans, and the Politics of Citizenship during the Civil War Era . Ithaca : Cornell University Press . 2009 . Pp. x, 305. $39.95.",Richard M. Reid,,University of Guelph,
book-review-sample,10.1086/ahr.111.3.847,https://openalex.org/W2314567161,Oxford University Press (OUP),286,journal-article,book-review,"LISA M. FINE. The Story of Reo Joe: Work, Kin and Community in Autotown, U.S.A. (Critical Perspectives on the Past.) Philadelphia: Temple University Press. 2005. Pp. xii, 239. Cloth $69.50, paper $22.95",R. Olwell,,Eastern Michigan University,
book-review-sample,10.1086/ahr/103.4.1227,https://openalex.org/W2806828374,Oxford University Press (OUP),286,journal-article,book-review,"Gordon S. Shrimpton. <i>History and Memory in Ancient Greece</i>. Assisted by K. M. Gillis. (McGill-Queen's Studies in the History of Ideas, number 23.) Montreal: McGill-Queen's University Press. 1997. Pp. xvii, 318. $55.00",Donald Lateiner,Ohio Wesleyan University,Ohio Wesleyan University,
book-review-sample,10.1086/ahr/98.5.1704,https://openalex.org/W4240016703,Oxford University Press (OUP),286,journal-article,book-review,"Joseph A. Fry. <i>John Tyler Morgan and the Search for Southern Autonomy</i>. Knoxville: University of Tennessee Press. 1992. Pp. xvi, 344. $34.95",Lewis L. Gould,"University of Texas , Austin","University of Texas , Austin | University of Texas, Austin",
book-review-sample,10.1086/ahr/22.3.628,https://openalex.org/W4236537165,Oxford University Press (OUP),286,journal-article,book-review,"<i>Oxford Studies in Social and Legal History</i>. Edited by <scp>Paul Vinogradoff</scp>, M.A., Corpus Professor of Jurisprudence in the University of Oxford. Volume V. <i>The Black Death</i>, By <scp>A. Elizabeth Levett</scp> and <scp>A. Ballard</scp>. <i>Rural Northamptonshire under the Commonwealth</i>, By <scp>Reginald Lennard</scp>. (Oxford: Clarendon Press. 1916. Pp. xi, 220, 135.)",H. L. Gray,,,
book-review-sample,10.1086/ahr/106.4.1412,https://openalex.org/W4229548490,Oxford University Press (OUP),286,journal-article,book-review,"<scp>Ruth Feldstein</scp>. <i>Motherhood in Black and White: Race and Sex in American Liberalism 1930–1965</i>. Ithaca: Cornell University Press. 2000. Pp. 241. Cloth $45.00, paper $18.95",Lynne Curry,Eastern Illinois University,Eastern Illinois University,
book-review-sample,10.1086/ahr/106.3.1026,https://openalex.org/W4238540388,Oxford University Press (OUP),286,journal-article,book-review,"<scp>César J. Ayala</scp>. <i>American Sugar Kingdom: The Plantation Economy of the Spanish Caribbean, 1898–1934</i>. Chapel Hill: University of North Carolina Press. 1999. Pp. xii, 321. Cloth $49.95, paper $19.95",J. H. Galloway,University of Toronto,University of Toronto,
book-review-sample,10.1086/ahr.111.5.1486,https://openalex.org/W2323233571,Oxford University Press (OUP),286,journal-article,book-review,"MARK METZLER. Lever of Empire: The International Gold Standard and the Crisis of Liberalism in Prewar Japan. (Twentieth-Century Japan: The Emergence of a World Power.) Berkeley and Los Angeles: University of California Press. 2006. Pp. xxii, 370. $49.95",P. K. Frost,,University of Mississippi,
book-review-sample,10.1086/ahr/98.4.1338-a,https://openalex.org/W4244635183,Oxford University Press (OUP),286,journal-article,book-review,"Richard M. Freeland. <i>Academia's Golden Age: Universities in Massachusetts, 1945–1970</i>. New York: Oxford University Press. 1992. Pp. xii, 532. $49.95",John R. Thelin,"Indiana University , Bloomington","Indiana University , Bloomington",
book-review-sample,10.1086/ahr/98.4.1234-a,https://openalex.org/W4234038927,Oxford University Press (OUP),286,journal-article,book-review,"Nancy S. Struever. <i>Theory as Practice: Ethical Inquiry in the Renaissance</i>. Chicago: University of Chicago Press. 1992. Pp. xiii, 246. $32.50",Jill Kraye,"Warburg Institute , London","Warburg Institute , London | Warburg Institute, London",
book-review-sample,10.1086/ahr/87.1.177-a,https://openalex.org/W4213279875,Oxford University Press (OUP),286,journal-article,book-review,"Richard Jay. <i>Joseph Chamberlain: A Political Study</i>. New York: Clarendon Press of Oxford University Press. 1981. Pp. ix, 383. $49.50",J. A. Thompson,University of Kentucky,University of Kentucky,
book-review-sample,10.1086/ahr/106.2.637-a,https://openalex.org/W2760857778,Oxford University Press (OUP),286,journal-article,book-review,"<scp>A. N. McLaren</scp>. <i>Political Culture in the Reign of Elizabeth I: Queen and Commonwealth, 1558–1585</i>. (Ideas in Context.) New York: Cambridge University Press. 1999. Pp. ix, 272. $54.95",Retha M. Warnicke,Arizona State University,Arizona State University,
book-review-sample,10.1086/ahr/84.3.825,https://openalex.org/W2154583377,Oxford University Press (OUP),286,journal-article,book-review,"<scp>ch'i-ch'ing hsiao</scp>. <i>The Military Establishment of the Yuan Dynasty</i>. (Harvard East Asian Monographs, number 77.) Cambridge: Council on East Asian Studies, Harvard University; distributed by Harvard University Press, Cambridge. 1978. Pp. vii, 314. $20.00",Edward L. Dreyer,University of Miami,University of Miami,
book-review-sample,10.1086/ahr/65.4.921,https://openalex.org/W3099458547,Oxford University Press (OUP),286,journal-article,book-review,"Slavery: A Problem in American Institutional and Intellectual Life. By <i>Stanley M. Elkins</i>. (Chicago: University of Chicago Press. c. 1959. Pp. viii, 247. $4.50.)",David Donald,"Queen's College , Oxford","Queen's College , Oxford | Queen's College, Oxford",
book-review-sample,10.1086/ahr/109.4.1220,https://openalex.org/W4242797117,Oxford University Press (OUP),286,journal-article,book-review,"David E. Nye. <i>America as Second Creation: Technology and Narratives of New Beginnings</i>. Cambridge: MIT Press. 2003. Pp. x, 371. $29.95",Howard P. Segal,University of Maine,University of Maine,
book-review-sample,10.1086/ahr/81.4.1005,https://openalex.org/W4253905607,Oxford University Press (OUP),286,journal-article,book-review,"Gary W. Reichard. <i>The Reaffirmation of Republicanism: Eisenhower and the Eighty-Third Congress</i>. (Twentieth-Century America Series.) Knoxville: University of Tennessee Press. 1975. Pp. xv, 303. $14.95.",Keith W. Olson,"University of Maryland , College Park","University of Maryland , College Park | University of Maryland, College Park",
book-review-sample,10.1086/ahr/85.3.642,https://openalex.org/W4254614026,Oxford University Press (OUP),286,journal-article,book-review,"Tony Judt. <i>Socialism in Provence, 1871–1914: A Study in the Origins of the Modern French Left</i>. New York: Cambridge University Press. 1979. Pp. xiv, 370. Cloth $42.50, paper $12.95",Leslie Derfler,Florida Atlantic University,Florida Atlantic University,
book-review-sample,10.1086/ahr/27.4.799,https://openalex.org/W4250127703,Oxford University Press (OUP),286,journal-article,book-review,"<i>Correspondence of Sir John Macdonald, First Prime Minister of the Dominion of Canada</i>. Edited by his Literary Executor, Sir <scp>Joseph Pope</scp>. (Toronto: Oxford University Press; Garden City, N. Y.: Doubleday, Page, and Company. 1921. Pp. xxv, 502. $5.00.)",George M. Wrong,,,
book-review-sample,10.1086/ahr/107.5.1584-a,https://openalex.org/W2903925948,Oxford University Press (OUP),286,journal-article,book-review,"Robert D. Dean. <i>Imperial Brotherhood: Gender and The Making of Cold War Foreign Policy</i>. (Culture, Politics, and the Cold War.) Amherst: University of Massachusetts Press. 2001. Pp. x, 329. $29.95",Kristin Hoganson,"University of Illinois , Urbana-Champaign","University of Illinois , Urbana-Champaign | University of Illinois, Urbana-Champaign",
book-review-sample,10.1086/ahr/79.4.1169,https://openalex.org/W4238174595,Oxford University Press (OUP),286,journal-article,book-review,"Sumner Mck. Crosby. <i>The Apostle Bas-Relief at Saint-Denis</i>. (Yale Publications in the History of Art, 21.) New Haven: Yale University Press. 1972. Pp. xvi, 116, 86 plates. $10.00",J. D. Brady,American Numismatic Society,American Numismatic Society,
book-review-sample,10.1086/ahr/85.2.454,https://openalex.org/W4240259401,Oxford University Press (OUP),286,journal-article,book-review,"Edmund Jefferson Danziger, Jr. <i>The Chippewas of Lake Superior</i>. (Civilization of the American Indian Series.) Norman: University of Oklahoma Press. 1978. Pp. xiv, 263. $14.95",Robert E. Bieder,"University of Illinois , Chicago Circle","University of Illinois , Chicago Circle | University of Illinois, Chicago Circle",
book-review-sample,10.1086/ahr/99.3.902-a,https://openalex.org/W2898145975,Oxford University Press (OUP),286,journal-article,book-review,"Cynthia Verba. <i>Music and the French Enlightenment: Reconstruction of a Dialogue, 1750–1764</i>. New York: Clarendon Press of Oxford University Press. 1993. Pp. vii, 163. $39.95",Robert M. Isherwood,Vanderbilt University,Vanderbilt University,
book-review-sample,10.1086/ahr/95.2.578-a,https://openalex.org/W4244773979,Oxford University Press (OUP),286,journal-article,book-review,"<scp>deborah j. barrow</scp> and <scp>thomas g. walker</scp>. <i>A Court Divided: The Fifth Circuit Court of Appeals and the Politics of Judicial Reform</i>. New Haven: Yale University Press. 1988. Pp. xiv, 274. $29.95",Tony Freyer,"University of Alabama , Tuscaloosa","University of Alabama , Tuscaloosa",
book-review-sample,10.1086/ahr.116.4.1075,https://openalex.org/W2031554071,Oxford University Press (OUP),286,journal-article,book-review,"Thomas J. McPartland . Lonergan and Historiography: The Epistemological Philosophy of History . Columbia: University of Missouri Press. 2010. Pp. x, 214. $44.95.",Massimo Faggioli,,University of St. Thomas,
book-review-sample,10.1086/ahr/101.3.822-a,https://openalex.org/W2898483122,Oxford University Press (OUP),286,journal-article,book-review,"Caroline Walker Bynum. <i>The Resurrection of the Body in Western Christianity, 200–1336</i>. New York: Columbia University Press. 1995. Pp. xx, 368. $29.95",Thomas F. X. Noble,University of Virginia,University of Virginia,
book-review-sample,10.1086/ahr.112.4.1138,https://openalex.org/W2314326637,Oxford University Press (OUP),286,journal-article,book-review,"SUSAN SCOTT PARISH. American Curiosity: Cultures of Natural History in the Colonial British Atlantic World. Chapel Hill: University of North Carolina Press for the Omohundro Institute of Early American History. 2006. Pp. xvi, 321. Cloth $49.95, paper $22.50",L. Stewart,,University of Saskatchewan,
book-review-sample,10.1086/ahr/68.4.1010,https://openalex.org/W4249558576,Oxford University Press (OUP),286,journal-article,book-review,"History: Written and Lived. By <i>Paul Weiss</i>. (Carbondale: Southern Illinois University Press. 1962. Pp. 245. $5.85.) Perspectives and Patterns: Discourses on History. By <i>Warren B. Walsh</i>. (Syracuse, N. Y.: Syracuse University Press. 1962. Pp. xi, 148. $4.50.), Approaches to History: A Symposium. Edited by <i>H. P. R. Finberg</i>. (Toronto: University of Toronto Press. 1962. Pp. x, 221. $4.25.) and History and Hope: Tradition, Ideology, and Change in Modern Society. Edited by <i>K. A. Jelenski</i>. Postscript by <i>Michael Polanyi</i>. (New York: Frederick A. Praeger. 1962. Pp. vi, 208. $5.50.)",Leonard Krieger,University of Chicago,University of Chicago,
book-review-sample,10.1086/ahr/79.3.831,https://openalex.org/W4253662401,Oxford University Press (OUP),286,journal-article,book-review,"Walter F. Vella, editor. <i>Aspects of Vietnamese History</i>. (Asian Studies at Hawaii, number 8. Asian Studies Program, University of Hawaii.) [Honolulu:] University Press of Hawaii. 1973. Pp. 269. $1.50",Alexander Woodside,Harvard University,Harvard University,
book-review-sample,10.1086/ahr/81.5.1128-a,https://openalex.org/W3161152587,Oxford University Press (OUP),286,journal-article,book-review,"Martyn Lyons. <i>France under the Directory</i>. New York: Cambridge University Press. 1975. Pp. x, 259",Jack R. Censer,College of Charleston,College of Charleston,
book-review-sample,10.1086/ahr/42.4.751,https://openalex.org/W4229615007,Oxford University Press (OUP),286,journal-article,book-review,"<i>The Life of Charles James Fox</i>. By Edward Lascelles. (New York: Oxford University Press. 1936. Pp. viii, 345. $3.75.)",W. T. Laprade,Duke University,Duke University,
book-review-sample,10.1086/ahr/74.1.174,https://openalex.org/W2945604091,Oxford University Press (OUP),286,journal-article,book-review,"The Life of Eleanor Marx, 1855–1898: A Socialist Tragedy. By <i>Chushichi Tsuzuki</i>. (New York: Oxford University Press. 1967. Pp. viii, 354. $7.20.)",Philip P. Poirier,Ohio State University,Ohio State University,
book-review-sample,10.1086/ahr/94.5.1448,https://openalex.org/W2310655139,Oxford University Press (OUP),286,journal-article,book-review,"A. Adu Boahen. <i>African Perspectives on Colonialism</i>. (James S. Schouler Lectures, 1985; The Johns Hopkins Symposia in Comparative History, number 15.) Baltimore: Johns Hopkins University Press. 1987. Pp. viii, 133. $19.50",Katherine Harris,Institute of International Relations of Cameroon,Institute of International Relations of Cameroon,
book-review-sample,10.1086/ahr/103.5.1639,https://openalex.org/W3131034964,Oxford University Press (OUP),286,journal-article,book-review,"Jeffrey Kopstein. <i>The Politics of Economic Decline in East Germany, 1945–1989</i>. Chapel Hill: University of North Carolina Press. 1997. Pp. xii, 246. $39.95",Raymond G. Stokes,University of Glasgow,University of Glasgow,
book-review-sample,10.1086/ahr/93.5.1375,https://openalex.org/W4229614124,Oxford University Press (OUP),286,journal-article,book-review,"<scp>harold g. marcus</scp>. <i>Haile Sellassie I: The Formative Years, 1892–1936</i>. Berkeley and Los Angeles: University of California Press. 1987. Pp. xvii, 242. $25.00",Robert O. Collins,"University of California , Santa Barbara","University of California , Santa Barbara | University of California, Santa Barbara",
book-review-sample,10.1086/ahr/99.4.1416,https://openalex.org/W2991440222,Oxford University Press (OUP),286,journal-article,book-review,"Charles W. Eagles. <i>Outside Agitator: Jon Daniels and the Civil Rights Movement in Alabama</i>. Chapel Hill: University of North Carolina Press. 1993. Pp. xiii, 335. Cloth $45.00, paper $19.95",Ralph E. Luker,Antioch College,Antioch College,
book-review-sample,10.1086/ahr/90.2.494,https://openalex.org/W4245753780,Oxford University Press (OUP),286,journal-article,book-review,"Norman B. Wilkinson. <i>Lammot Du Pont and the American Explosives Industry, 1850–1884</i>. Charlottesville: University Press of Virginia, for Eleutherian Mills-Hagley Foundation, Wilmington, Del. 1984. Pp. xii, 332. $16.95",Elisha P. Douglass,University of North Carolina,University of North Carolina,
book-review-sample,10.1086/ahr/109.1.157,https://openalex.org/W2932916000,Oxford University Press (OUP),286,journal-article,book-review,"Raanan Rein. <i>Argentina, Israel, and the Jews: Perón, the Eichmann Capture and After</i>. Translated by Martha Grenzeback. Bethesda: University Press of Maryland. 2003. Pp. xxi, 275. $25.00",Judith Laikin Elkin,University of Michigan,University of Michigan,
book-review-sample,10.1086/ahr/82.2.419,https://openalex.org/W4255827869,Oxford University Press (OUP),286,journal-article,book-review,"<scp>dae-sook suh</scp> and <scp>chae-jin lee</scp>, editors. <i>Political Leadership in Korea</i>. (Publications on Asia of the Institute for Comparative and Foreign Area Studies, number 27.) Seattle: University of Washington Press. 1976. Pp. xvi, 272. $9.50",Benjamin H. Hazard,San José State University,San José State University,
book-review-sample,10.1086/ahr/94.3.879,https://openalex.org/W4251589804,Oxford University Press (OUP),286,journal-article,book-review,"Michael T. Isenberg. <i>John L. Sullivan and His America</i>. (Sport and Society.) Urbana: University of Illinois Press. 1988. Pp. xii, 465. $24.95",Peter Levine,Michigan State University,Michigan State University,
book-review-sample,10.1086/ahr/101.2.469,https://openalex.org/W4248839261,Oxford University Press (OUP),286,journal-article,book-review,"Roger French. <i>William Harvey's-Natural Philosophy</i>. New York: Cambridge University Press. 1994. Pp. xii, 393. $64.95",Harold J. Cook,"University of Wisconsin , Madison","University of Wisconsin , Madison",
book-review-sample,10.1086/ahr/93.5.1330-a,https://openalex.org/W2901995808,Oxford University Press (OUP),286,journal-article,book-review,"<scp>bernard porter</scp>. <i>The Origins of the Vigilant State: The London Metropolitan Police Special Branch before the First World War</i>. London: Weidenfeld and Nicolson. 1987. Pp. xvi, 256. £15.95",Phillip Thurmond Smith,Saint Joseph's University,Saint Joseph's University,
book-review-sample,10.1086/ahr.112.4.1216,https://openalex.org/W2329246273,Oxford University Press (OUP),286,journal-article,book-review,"GARETH PORTER. Perils of Dominance: Imbalance of Power and the Road to War in Vietnam. Berkeley and Los Angeles: University of California Press. 2005. Pp. xviii, 403. $27.50",A. J. Rotter,,Colgate University,
book-review-sample,10.1086/ahr/87.2.566,https://openalex.org/W4233952472,Oxford University Press (OUP),286,journal-article,book-review,"Peter Iverson. <i>The Navajo Nation</i>. (Contributions in Ethnic Studies, number 3.) Westport, Conn.: Greenwood Press. 1981. Pp. xxxii, 273. $25.00",Gerald Thompson,University of Toledo,University of Toledo,
book-review-sample,10.1086/ahr.117.2.525,https://openalex.org/W2331562061,Oxford University Press (OUP),286,journal-article,book-review,"Jennifer Graber . The Furnace of Affliction: Prisons and Religion in Antebellum America . Chapel Hill: University of North Carolina Press. 2011. Pp. xii, 234. $39.95.",Mark Y. Hanley,,Truman State University,
book-review-sample,10.1086/ahr/104.5.1713,https://openalex.org/W4231795399,Oxford University Press (OUP),286,journal-article,book-review,"Richard J. Ellis. <i>The Dark Side of the Left: Illiberal Egalitarianism in America</i>. (American Political Thought.) Lawrence: University Press of Kansas. 1998. Pp. xiii, 426. $35.00",Michael Kazin,Georgetown University,Georgetown University,
book-review-sample,10.1086/ahr/67.4.1030,https://openalex.org/W2952104424,Oxford University Press (OUP),286,journal-article,book-review,"Historia Social y Económica de España y América. Edited by <i>J. Vicens Vives</i>. Volume II, Patriciado Urbano; Reyes Católicos; Descubrimiento de América, by <i>Santiago Sobrequés Vidal</i> and <i>Guillermo Céspedes del Castillo</i>. Volume III, Imperio; Aristocracia; Absolutismo, by Juan Reglé and Guillermo Céspedes del Castillo. (Barcelona: Editorial Teide. 1957. Pp. 571; 604.)",C. J. Bishko,University of Virginia,University of Virginia,
book-review-sample,10.1086/ahr/92.4.1041-a,https://openalex.org/W2912570890,Oxford University Press (OUP),286,journal-article,book-review,"<scp>robert smith bader</scp>. <i>Prohibition in Kansas: A History</i>. Lawrence: University Press of Kansas. 1986. Pp. xiii, 322. Cloth $19.95, paper $12.95",Norman Clark,"Everett , Washington","Everett , Washington | Everett, Washington",
book-review-sample,10.1086/ahr/98.1.170,https://openalex.org/W3208426198,Oxford University Press (OUP),286,journal-article,book-review,"<scp>John Turner</scp>. <i>British Politics and the Great War: Coalition and Conflict 1915–1918</i>. New Haven: Yale University Press. 1992. Pp. xi, 511. $40.00",Frans Coetzee,Institute for Advanced Study Princeton University,Institute for Advanced Study Princeton University,
book-review-sample,10.1086/ahr/85.4.874,https://openalex.org/W4255113342,Oxford University Press (OUP),286,journal-article,book-review,"Donald M. Nicol. <i>Church and Society in the Last Centuries of Byzantium: The Birkbeck Lectures, 1977</i>. New York: Cambridge University Press. 1979. Pp. 162. $19.95",John Meyendorff,Fordham University and St. Vladimir's Theological Seminary,Fordham University and St. Vladimir's Theological Seminary,
book-review-sample,10.1086/ahr.115.1.251-a,https://openalex.org/W2053488230,Oxford University Press (OUP),286,journal-article,book-review,"CRAIG R. PRENTISS. Debating God's Economy: Social Justice in America on the Eve of Vatican II. University Park: Pennsylvania State University Press. 2008. Pp. xii, 267. $55.00",G. Burns,,Michigan State University,
book-review-sample,10.1086/ahr.112.4.1163,https://openalex.org/W2334164333,Oxford University Press (OUP),286,journal-article,book-review,"ALFRED A. CAVE. Prophets of the Great Spirit: Native American Revitalization Movements in Eastern North America. Lincoln: University of Nebraska Press. 2006. Pp. xiii, 328. $27.95",C. Vecsey,,Colgate University,
book-review-sample,10.1086/ahr/103.5.1687,https://openalex.org/W4247906408,Oxford University Press (OUP),286,journal-article,book-review,"Christopher Phillips. <i>Freedom's Port: The African American Community of Baltimore, 1790–1860</i>. (Blacks in the New World.) Champaign: University of Illinois Press. 1997. Pp. xiii, 350. Cloth $60.00, paper $21.95",Kimberly S. Hanger,University of Tulsa,University of Tulsa,
book-review-sample,10.1086/ahr/72.2.595,https://openalex.org/W4237025072,Oxford University Press (OUP),286,journal-article,book-review,"The Irish Struggle, 1916–1926. By <i>F. X. Martin et al.</i> Edited by <i>Desmond Williams</i>. (Toronto: University of Toronto Press. 1966. Pp. vii, 193. $5.00.)",Lawrence J. McCaffrey,Marquette University,Marquette University,
book-review-sample,10.1086/ahr/104.3.885,https://openalex.org/W4254384002,Oxford University Press (OUP),286,journal-article,book-review,"M. C. Ricklefs. <i>The Seen and Unseen Worlds in Java, 1726–1749: History, Literature, and Islam in the Court of Pakubuwana II</i>. (Asian Studies Association of Australia Southeast Asia Publication Series.) Honolulu: University of Hawai'i Press, in association with the Asian Studies Association of Australia. 1998. Pp. xxiv, 391. $35.00",William H. Frederick,Ohio University,Ohio University,
book-review-sample,10.1086/ahr/63.1.108,https://openalex.org/W4239127570,Oxford University Press (OUP),286,journal-article,book-review,"Mirage in the West: A History of the French Image of American Society to 1815. By <i>Durand Echeverria</i>. Foreword by <i>Gilbert Chinard</i>. (Princeton, N. J.: Princeton University Press. 1957. Pp. xvii, 300. $5.00.)",Leo Gershoy,New York University,New York University,
book-review-sample,10.1086/ahr/97.5.1567,https://openalex.org/W4242582623,Oxford University Press (OUP),286,journal-article,book-review,"<scp>Louise McReynolds</scp>. <i>The News under Russia's Old Regime: The Development of a Mass-Circulation Press</i>. Princeton: Princeton University Press. 1991. Pp. xii, 313. $45.00",Charles A. Ruud,University of Western Ontario,University of Western Ontario,
book-review-sample,10.1086/ahr/60.1.92,https://openalex.org/W2903169503,Oxford University Press (OUP),286,journal-article,book-review,"The Structure of Spanish History. By <i>Américo Castro</i>, Translated by <i>Edmund L. King</i>. (Princeton: Princeton University Press. 1954. Pp. xiii, 689. $9.00.)",Charles E. Nowell,University of Illinois,University of Illinois,
book-review-sample,10.1086/ahr/90.1.232,https://openalex.org/W4247523622,Oxford University Press (OUP),286,journal-article,book-review,"Ellen Nore. <i>Charles A. Beard: An Intellectual Biography</i>. Carbondale: Southern Illinois University Press. 1983. Pp. xii, 322. $24.95",John Higham,Johns Hopkins University,Johns Hopkins University,
book-review-sample,10.1086/ahr/100.1.271-a,https://openalex.org/W4246809861,Oxford University Press (OUP),286,journal-article,book-review,"Kevin Gosner. <i>Soldiers of the Virgin: The Moral Economy of a Colonial Maya Rebellion</i>. Tucson: University of Arizona Press. 1992. Pp. xiv, 227. $29.95",Paul Sullivan,Yale University,Yale University,
book-review-sample,10.1086/ahr.117.3.979c,https://openalex.org/W4242097554,Oxford University Press (OUP),286,journal-article,book-review,"Martin Thomas , editor. The French Colonial Mind. Volume Two, Violence, Military Encounters, and Colonialism . (France Overseas: Studies in Empire and Decolonization.) Lincoln: University of Nebraska Press. 2011. Pp. liii, 382. $45.00.",,,,
book-review-sample,10.1086/ahr/103.5.1580,https://openalex.org/W4256239454,Oxford University Press (OUP),286,journal-article,book-review,"John F. Moffitt and Santiago Sebastián. <i>O Brave New People: The European Invention of the American Indian</i>. Albuquerque: University of New Mexico Press. 1996. Pp. xiv, 399. $55.00",Daniel K. Richter,Dickinson College,Dickinson College,
book-review-sample,10.1086/ahr/94.5.1405-a,https://openalex.org/W2913799394,Oxford University Press (OUP),286,journal-article,book-review,"Alain Touraine <i>et al</i>. <i>The Workers' Movement</i>. Translated by Ian Patterson. New York: Cambridge University Press and Editions de la Maison des Sciences de L'Homme, Paris. 1987. Pp. xx, 322. $49.50",Nathanael Greene,Wesleyan University,Wesleyan University,
book-review-sample,10.1086/ahr/87.5.1475,https://openalex.org/W4240472044,Oxford University Press (OUP),286,journal-article,book-review,"Thomas J. Osborne. <i>“Empire Can Wait”: American Opposition to Hawaiian Annexation, 1893–1898</i>. Kent, Ohio: Kent State University Press. 1981. Pp. xv, 180. $18.00",Robert L. Beisner,American University,American University,
book-review-sample,10.1086/ahr/68.3.744,https://openalex.org/W4256410280,Oxford University Press (OUP),286,journal-article,book-review,"Metternich's Diplomacy at its Zenith, 1820–1823. By <i>Paul W. Schroeder</i>. (Austin: University of Texas Press. 1962. Pp. xii, 292. $5.00.)",G. de Bertier de Sauvigny,Institut Catholique de Paris,Institut Catholique de Paris,
book-review-sample,10.1086/ahr/96.3.978-a,https://openalex.org/W4247041368,Oxford University Press (OUP),286,journal-article,book-review,"Joyce Shaw Peterson. <i>American Automobile Workers, 1900–1933</i>. (SUNY Series in American Labor History.) Albany: State University of New York Press. 1987. Pp. xiv, 231. Cloth $54.50, paper $17.95",Jeffrey Haydu,"University of California , San Diego","University of California , San Diego",
book-review-sample,10.1086/ahr/85.2.460,https://openalex.org/W4240497258,Oxford University Press (OUP),286,journal-article,book-review,"Philip L. White. <i>Beekmantown, New York: Forest Frontier to Farm Community</i>. Austin: University of Texas Press. 1979. Pp. xv, 378. $24.95",J. M. Sosin,"University of Nebraska , Lincoln","University of Nebraska , Lincoln",
book-review-sample,10.1086/ahr/7.4.800,https://openalex.org/W4237157384,Oxford University Press (OUP),286,journal-article,book-review,"<i>Historic Towns of the Western States</i>. Edited by Lyman P. Powell. (New York: G. P. Putnam's Sons. 1901. Pp. xxxvi, 702.)",James K. Hosmer,,,
book-review-sample,10.1086/ahr/99.1.224,https://openalex.org/W4234101848,Oxford University Press (OUP),286,journal-article,book-review,"Avril Pittman. <i>From Ostpolitik to Reunification: West German-Soviet Political Relations since 1974</i>. (Soviet and East European Studies, number 85.) New York: Cambridge University Press. 1992. Pp. xix, 226. $59.95",Peter H. Merkl,"University of California , Santa Barbara","University of California , Santa Barbara",
book-review-sample,10.1086/ahr/72.2.658,https://openalex.org/W3200994877,Oxford University Press (OUP),286,journal-article,book-review,"Kingdoms of the Savanna. By <i>Jan Vansina</i>. (Madison: University of Wisconsin Press. 1966. Pp. ix, 364. $6.75.)",Robert A. Lystad,Johns Hopkins University,Johns Hopkins University,
book-review-sample,10.1086/ahr.113.1.233,https://openalex.org/W2122264359,Oxford University Press (OUP),286,journal-article,book-review,"RUSSELL R. MENARD. Sweet Negotiations: Sugar, Slavery, and Plantation Agriculture in Early Barbados. Charlottesville: University of Virginia Press. 2006. Pp. xvii, 181. $39.50",B. Bush,,"Sheffield Hallam University | Sheffield Hallam University,#TAB#",
book-review-sample,10.1086/ahr.111.4.1294,https://openalex.org/W2063481567,Oxford University Press (OUP),286,journal-article,book-review,"GARY KYNOCH. We Are Fighting the World: A History of the Marashea Gangs in South Africa, 1947-1999. (New African Histories Series.) Athens, Ohio: Ohio University Press. 2005. Pp. xv, 200. Cloth $44.95, paper $22.95",T. Barnes,,"University of the Western Cape | University of the Western Cape,",
book-review-sample,10.1086/ahr/74.2.763,https://openalex.org/W4212852233,Oxford University Press (OUP),286,journal-article,book-review,"Illustrious Immigrants: The Intellectual Migration from Europe, 1930–41. By <i>Laura Fermi</i>. (Chicago: University of Chicago Press. 1968. Pp. xi, 440. $7.95.)",George L. Mosse,University of Wisconsin,University of Wisconsin,
book-review-sample,10.1086/ahr.114.4.1176,https://openalex.org/W1967669303,Oxford University Press (OUP),286,journal-article,book-review,"Eric Ehrenreich . The Nazi Ancestral Proof: Genealogy, Racial Science, and the Final Solution . Bloomington : Indiana University Press . 2007 . Pp. xx, 234. $34.95.",Daniel Gasman,,"John Jay College and the Graduate Center, City University of New York",
book-review-sample,10.1086/ahr/108.5.1460,https://openalex.org/W4240096535,Oxford University Press (OUP),286,journal-article,book-review,"<scp>Maureen A. Flanagan</scp>. <i>Seeing With Their Hearts: Chicago Women and the Vision of the Good City, 1871–1933</i>. Princeton: Princeton University Press. 2002. Pp. xiv, 319. $35.00",Pamela Tyler,North Carolina State University,North Carolina State University,
book-review-sample,10.1086/ahr/89.5.1423-a,https://openalex.org/W4245265116,Oxford University Press (OUP),286,journal-article,book-review,"<scp>william w. boyer</scp>. <i>America's Virgin Islands: A History of Human Rights and Wrongs</i>. Durham, N.C.: Carolina Academic Press. 1983. Pp. xxiii, 418. Cloth $27.75, paper $13.75",Gordon K. Lewis,University of Puerto Rico,University of Puerto Rico,
book-review-sample,10.1086/ahr/90.2.518,https://openalex.org/W2901817414,Oxford University Press (OUP),286,journal-article,book-review,"Barry M. Gough. <i>Gunboat Frontier: British Maritime Authority and Northwest Coast Indians, 1846–90</i>. (University of British Columbia Press Pacific Maritime Studies, number 4.) Vancouver: University of British Columbia. 1984. Pp. xvii, 287. $22.95",Dwight L. Smith,"Miami University Oxford , Ohio","Miami University Oxford , Ohio",
book-review-sample,10.1086/ahr/101.2.532,https://openalex.org/W4255115570,Oxford University Press (OUP),286,journal-article,book-review,"Sheila S. Blair and Jonathan M. Bloom. <i>The Art and Architecture of Islam, 1250–1800</i>. (Pelican History of Art.) New Haven: Yale University Press. 1994. Pp. xiii, 348. $65.00",Hugh Kennedy,University of St. Andrews,University of St. Andrews,
book-review-sample,10.1086/ahr.112.4.1157,https://openalex.org/W2024811840,Oxford University Press (OUP),286,journal-article,book-review,"JAMES DELBOURGO. A Most Amazing Scene of Wonders: Electricity and Enlightenment in Early America. Cambridge, Mass.: Harvard University Press. 2006. Pp. 367. $29.95",L. Simon,,Skidmore College | Skidmore College;,
book-review-sample,10.1086/ahr/108.5.1484,https://openalex.org/W4244592435,Oxford University Press (OUP),286,journal-article,book-review,"<scp>Randy Sanders</scp>. <i>Mighty Peculiar Elections: The New South Gubernatorial Campaigns of 1970 and the Changing Politics of Race</i>. Gainesville: University Press of Florida. 2002. Pp. xii, 218. $55.00",Gordon E. Harvey,"University of Louisiana , Monroe","University of Louisiana , Monroe | University of Louisiana, Monroe",
book-review-sample,10.1086/ahr.116.5.1565,https://openalex.org/W2312213804,Oxford University Press (OUP),286,journal-article,book-review,"Emma Wilby . The Visions of Isobel Gowdie: Magic, Witchcraft and Dark Shamanism in Seventeenth‐Century Scotland . Portland, Ore.: Sussex Academic Press. 2010. Pp. xi, 604. $65.00.",James Sharpe,,University of York,
book-review-sample,10.1086/ahr/89.5.1390,https://openalex.org/W3210436349,Oxford University Press (OUP),286,journal-article,book-review,"<scp>william g. mcloughlin</scp>. <i>Cherokees and Missionaries, 1789–1839</i>. New Haven: Yale University Press. 1984. Pp. xiii, 375",Mary Young,University of Rochester,University of Rochester,
book-review-sample,10.1086/ahr/85.2.452-a,https://openalex.org/W4246492546,Oxford University Press (OUP),286,journal-article,book-review,"Abraham S. Eisenstadt <i>et al</i>., editors. <i>Before Watergate: Problems of Corruption in American Society</i>. Brooklyn: Brooklyn College Press; distributed by Columbia University Press, New York. 1978. Pp. xiv, 231. $15.00",J. Leonard Bates,"University of Illinois, Urbana-Champaign","University of Illinois, Urbana-Champaign",
book-review-sample,10.1086/ahr/98.3.943-a,https://openalex.org/W4244251330,Oxford University Press (OUP),286,journal-article,book-review,"Mary Zwiep. <i>Pilgrim Path: The First Company of Women Missionaries to Hawaii</i>. Madison: University of Wisconsin Press. 1991. Pp. xx, 376. Cloth $42.50, paper $14.95",Anne M. Boylan,University of Delaware,University of Delaware,
book-review-sample,10.1086/ahr/83.1.211,https://openalex.org/W3209915355,Oxford University Press (OUP),286,journal-article,book-review,"Dennison Rusinow. <i>The Yugoslav Experiment, 1948–1974</i>. Berkeley and Los Angeles: University of California Press, for the Royal Institute of International Affairs, London. 1977. Pp. xxi, 410. $16.50",Michael M. Milenkovitch,"Lehman College, City University of New York","Lehman College, City University of New York",
book-review-sample,10.1086/ahr/103.5.1664-a,https://openalex.org/W4240575631,Oxford University Press (OUP),286,journal-article,book-review,"Ann O'Hear. <i>Power Relations in Nigeria: Ilorin Slaves and Their Successors</i>. (Rochester Studies in African History and the Diaspora, number 1.) Rochester, N.Y.: University of Rochester Press. Boydell &amp; Brewer, Rochester, N.Y. 1997. Pp. x, 338. $65.00",Joseph E. Inikori,University of Rochester,University of Rochester,
book-review-sample,10.1086/ahr/45.2.429,https://openalex.org/W4240124220,Oxford University Press (OUP),286,journal-article,book-review,"<i>The Reciprocal Trade Policy of the United States: A Study in Trade Philosophy</i>. By <scp>Henry J. Tasca</scp>. (Philadelphia: University of Pennsylvania Press. 1938. Pp. xiv, 371. $3.50.)",Jacob Viner,The University of Chicago,The University of Chicago,
book-review-sample,10.1086/ahr/99.5.1725,https://openalex.org/W2946522124,Oxford University Press (OUP),286,journal-article,book-review,"Rein Taagepera. <i>Estonia: Return to Independence</i>. (Westview Series on the Post-Soviet Republics.) Boulder, Colo.: Westview Press, with the cooperation of the Harriman Institute. 1993. Pp. xv, 268. Cloth $52.95, paper $18.95",Andrejs Plakans,Iowa State University,Iowa State University,
book-review-sample,10.1086/ahr/82.5.1267,https://openalex.org/W4235512033,Oxford University Press (OUP),286,journal-article,book-review,"<scp>paul warwick</scp>. <i>The French Popular Front: A Legislative Analysis</i>. Chicago: University of Chicago Press. 1977. Pp. ix, 211. $16.00",John F. Sweets,University of Kansas,University of Kansas,
book-review-sample,10.1086/ahr/79.4.1206,https://openalex.org/W4253158510,Oxford University Press (OUP),286,journal-article,book-review,"Anthony Nicholls and Erich Matthias, editors. <i>German Democracy and the Triumph of Hitler: Essays in Recent German History</i>. (St. Antony's College, Oxford, Publications, number 3.) New York: St. Martin's Press. 1971. Pp. 271. $12.95 and Horst Von Maltitz. <i>The Evolution of Hitler's Germany: The Ideology, the Personality, the Movement</i>. New York: McGraw-Hill Book Company. 1973. Pp. xiv, 479. $12.95",Ruth Zerner,"Herbert H. Lehman College, City University of New York","Herbert H. Lehman College, City University of New York",
book-review-sample,10.1086/ahr/103.4.1287,https://openalex.org/W4245775803,Oxford University Press (OUP),286,journal-article,book-review,"Shaun Marmon. <i>Eunuchs and Sacred Boundaries in Islamic Society</i>. New York: Oxford University Press. 1995. Pp. xii, 162. $42.00",Christopher S. Taylor,Drew University,Drew University,
book-review-sample,10.1086/ahr/100.1.190,https://openalex.org/W2938057077,Oxford University Press (OUP),286,journal-article,book-review,"Paul F. Gehl. <i>A Moral Art: Grammar, Society, and Culture in Trecento Florence</i>. Ithaca: Cornell University Press. 1993. Pp. x, 310. $38.95",Benjamin G. Kohl,Vassar College,Vassar College,
book-review-sample,10.1086/ahr/79.4.1286,https://openalex.org/W4238749070,Oxford University Press (OUP),286,journal-article,book-review,"Chin-Tung Liang. <i>General Stilwell in China, 1942–1944: The Full Story</i>. (Asia in the Modern World Series, number 12.) [Jamaica, N.Y.: St. John's University Press under the auspices of the Center of Asian Studies.] 1972. Pp. xviii, 321. $6.95",Chester C. Tan,New York University,New York University,
book-review-sample,10.1086/ahr/78.2.494-a,https://openalex.org/W4231612492,Oxford University Press (OUP),286,journal-article,book-review,"David M. Emmons. <i>Garden in the Grasslands: Boomer Literature of the Central Great Plains</i>. Lincoln: University of Nebraska Press. 1971. Pp. xi, 220. $10.00",Gilbert Stelter,Laurentian University,Laurentian University,
book-review-sample,10.1086/ahr/91.2.471,https://openalex.org/W4253657579,Oxford University Press (OUP),286,journal-article,book-review,"<scp>paul andrew hutton</scp>. <i>Phil Sheridan and His Army</i>. Lincoln: University of Nebraska Press. 1985. Pp. xvi, 479. Cloth $29.95, paper $14.95",Marvin E. Kroeker,East Central University,East Central University,
book-review-sample,10.1086/ahr/107.4.1303,https://openalex.org/W4232500360,Oxford University Press (OUP),286,journal-article,book-review,"Richard D. E. Burton. <i>Blood in the City: Violence and Revelation in Paris, 1789–1945</i>. Ithaca: Cornell University Press. 2001. Pp. xv, 395. $36.50",Charles Tilly,Columbia University,Columbia University,
book-review-sample,10.1086/ahr/109.4.1312-a,https://openalex.org/W4237334623,Oxford University Press (OUP),286,journal-article,book-review,"Margot C. Finn. <i>The Character of Credit: Personal Debt in English Culture, 1740–1914</i>. (Cambridge Social and Cultural Histories, number 1.) New York: Cambridge University Press. 2003. Pp. xii, 362. $70.00",Margaret R. Hunt,Amherst College,Amherst College,
book-review-sample,10.1086/ahr/93.1.144,https://openalex.org/W4205283800,Oxford University Press (OUP),286,journal-article,book-review,"<scp>gervase markham</scp>. <i>The English Housewife: Containing the Inward and Outward Virtues Which Ought to Be in a Complete Woman; As Her Skill in Physic, Cookery, Banqueting-stuff, Distillation, Perfumes, Wool, Hemp, Flax, Dairies, Brewing, Baking, and All Other Things Belonging to a Household</i>. Edited by <scp>michael r. best</scp>. Montreal: McGill-Queen's University Press. 1986. Pp. lviii, 321",Alice Prochaska | Frank Prochaska,Institute of Historical Research London University | University College London University,Institute of Historical Research London University | University College London University,
book-review-sample,10.1086/ahr/80.5.1307,https://openalex.org/W3014665073,Oxford University Press (OUP),286,journal-article,book-review,"Kathleen Cohen. <i>Metamorphosis of a Death Symbol: The Transi Tomb in the Late Middle Ages and the Renaissance</i>. (California Studies in the History of Art, 15.) Berkeley and Los Angeles: University of California Press. 1973. Pp. xv, 215. $30.00",Linda Seidel,Harvard University,Harvard University,
book-review-sample,10.1086/ahr/91.5.1201,https://openalex.org/W4232032071,Oxford University Press (OUP),286,journal-article,book-review,"<scp>steven tolliday</scp> and <scp>jonathan zeitlin</scp>, editors. <i>Shop Floor Bargaining and the State: Historical and Comparative Perspectives</i>. New York: Cambridge University Press. 1985. Pp. vii, 261. $34.50",Catherine Ann Cline,Catholic University of America,Catholic University of America,
book-review-sample,10.1086/ahr/92.5.1308,https://openalex.org/W2938601179,Oxford University Press (OUP),286,journal-article,book-review,"<scp>allan j. kuethe</scp>. <i>Cuba, 1753–1815: Crown, Military, and Society</i>. Knoxville: University of Tennessee Press. 1986. Pp. xiv, 213. $23.95",Jorge I. Domínguez,Harvard University,Harvard University,
book-review-sample,10.1086/ahr/87.3.881,https://openalex.org/W4213390486,Oxford University Press (OUP),286,journal-article,book-review,"Willard B. Robinson. <i>Gone From Texas: Our Lost Architectural Heritage</i>. (Centennial Series Of The Association Of Former Students, Texas A&amp;M University, number 9.) College Station: Texas A&amp;M University Press. 1981. Pp. xix, 296. $29.95",Albert Fein,"Long Island University , Brooklyn Center","Long Island University, Brooklyn Center",
book-review-sample,10.1086/ahr/82.5.1251,https://openalex.org/W2950727011,Oxford University Press (OUP),286,journal-article,book-review,<scp>trygve r. tholfsen</scp>. <i>Working Class Radicalism in Mid-Victorian England</i>. New York: Columbia University Press. 1977. Pp. 332. $20.00,F. M. Leventhal,Boston University,Boston University,
book-review-sample,10.1086/ahr/84.2.514,https://openalex.org/W4245721195,Oxford University Press (OUP),286,journal-article,book-review,"Edward I. Steinhart. <i>Conflict and Collaboration: The Kingdoms of Western Uganda, 1890–1907</i>. Princeton: Princeton University Press. 1977. Pp. ix, 311. $18.50",John Lamphear,DePauw University,DePauw University,
book-review-sample,10.1086/ahr/79.2.571,https://openalex.org/W4244462190,Oxford University Press (OUP),286,journal-article,book-review,"Erna Gunther. <i>Indian Life on the Northwest Coast of North America: As Seen by the Early Explorers and Fur Traders during the Last Decades of the Eighteenth Century</i>. Chicago: University of Chicago Press. 1972. Pp. xiv, 277. $15.00",Warren L. Cook,Castleton State College,Castleton State College,
book-review-sample,10.1086/ahr/74.3.1036,https://openalex.org/W2945673280,Oxford University Press (OUP),286,journal-article,book-review,"L'Unificazione Italiana Vista dai Diplomatici Statunitensi. Volume III (1853–1861). Edited by <i>Howard R. Marraro</i>. [Istituto per la Storia del Risorgimento Italiano, Biblioteca Scientifica. Series 2, Fonti. Volume LVII.] (Rome: the Istituto. 1967. Pp. 506.)",John Thayer,University of Minnesota,University of Minnesota,
book-review-sample,10.1086/ahr/83.3.722,https://openalex.org/W4233810112,Oxford University Press (OUP),286,journal-article,book-review,"David C. Itzkowitz. <i>Peculiar Privilege: A Social History of English Foxhunting, 1753–1885</i>. Brighton, England: Harvester Press; distributed by Humanities Press, Atlantic Highlands, N.J. 1977. Pp. 248. $ 19.50",John Brewer,Tale University,Tale University,
book-review-sample,10.1086/ahr/95.4.1282,https://openalex.org/W4245568667,Oxford University Press (OUP),286,journal-article,book-review,"<scp>philip j. schwarz</scp>. <i>Twice Condemned: Slaves and the Criminal Laws of Virginia, 1705–1865</i>. Baton Rouge: Louisiana State University Press. 1988. Pp. xiv, 353. $37.50",Olive A. Taylor,Howard University,Howard University,
book-review-sample,10.1086/ahr/78.2.407,https://openalex.org/W4237526664,Oxford University Press (OUP),286,journal-article,book-review,"Edward H. Sims. <i>Fighter Tactics and Strategy, 1914–1970</i>. Forewords by John C. Meyer and J. E. Johnson. New York: Harper and Row. 1972. Pp. xvi, 266. $6.95 and Richard C. Lukas. <i>Eagles East: The Army Air Forces and the Soviet Union, 1941–1945.</i> Tallahassee: Florida State University Press. 1970. Pp. ix, 256. $10.00",James J. Hudson,University of Arkansas,University of Arkansas,
book-review-sample,10.1086/ahr/87.5.1464,https://openalex.org/W4231954442,Oxford University Press (OUP),286,journal-article,book-review,"James P. Hanlan. <i>The Working Population of Manchester, New Hampshire, 1840–1886</i>. (Studies in American History and Culture, number 29.) Ann Arbor: UMI Research Press. 1981. Pp. xxi, 237. $31.95",Robert D. Parmet,"York College, City University of New York","York College, City University of New York",
book-review-sample,10.1086/ahr/107.5.1629,https://openalex.org/W2924808576,Oxford University Press (OUP),286,journal-article,book-review,"Francis Haskell. <i>The Ephemeral Museum: Old Master Paintings and the Rise of the Art Exhibition</i>. New Haven: Yale University Press. 2000. Pp. xiv, 200. $25.00",Marcia Pointon,University of Manchester,University of Manchester,
book-review-sample,10.1086/ahr/95.1.161,https://openalex.org/W4255668820,Oxford University Press (OUP),286,journal-article,book-review,"Roy Porter. <i>Mind-Forg'd Manacles: A History of Madness in England from the Restoration to the Regency</i>. Cambridge: Harvard University Press. 1987. Pp. xii, 412. $38.50",Michael Macdonald,"University of Michigan , Ann Arbor","University of Michigan , Ann Arbor",
book-review-sample,10.1086/ahr/98.4.1283,https://openalex.org/W4244374073,Oxford University Press (OUP),286,journal-article,book-review,"Samuel K. Cohn, Jr. <i>The Cult of Remembrance and the Black Death: Six Renaissance Cities in Central Italy</i>. Baltimore: Johns Hopkins University Press. 1992. Pp. xiii, 429. $47.50",Marvin B. Becker,"University of Michigan , Ann Arbor","University of Michigan , Ann Arbor | University of Michigan, Ann Arbor",
book-review-sample,10.1086/ahr/109.2.595,https://openalex.org/W4237153394,Oxford University Press (OUP),286,journal-article,book-review,"Tom Betteridge, editor. <i>Sodomy in Early Modern Europe</i>. (Studies in Early Modern European History.) New York: Manchester University Press. 2002. Pp. vi, 173. Cloth $74.95, paper $29.95",Garthine Walker,Cardiff University,Cardiff University,
book-review-sample,10.1086/ahr/100.4.1245,https://openalex.org/W2903724138,Oxford University Press (OUP),286,journal-article,book-review,"Robert K. Faulkner. <i>Francis Bacon and the Project of Progress</i>. Lanham, Md.: Rowman and Littlefield. 1993. Pp. ix, 308. Cloth $55.00, paper $21.95 and John E. Leary, Jr. <i>Francis Bacon and the Politics of Science</i>. Ames: Iowa State University Press. 1994. Pp. xii, 297. $34.95",Larry Stewart,University of Saskatchewan,University of Saskatchewan,
book-review-sample,10.1086/ahr/75.1.172,https://openalex.org/W4230529222,Oxford University Press (OUP),286,journal-article,book-review,"The Third Department: The Establishment and Practices of the Political Police in the Russia of Nicholas I. By <i>P. S. Squire</i>. (New York: Cambridge University Press. 1968. Pp. viii, 272. $11.50.)",Anatole G. Mazour,Stanford University,Stanford University,
book-review-sample,10.1086/ahr/76.4.1196,https://openalex.org/W3029769987,Oxford University Press (OUP),286,journal-article,book-review,"Carl B. Turner. <i>An Analysis of Soviet Views on John Maynard Keynes</i>. Durham: Duke University Press. 1969. Pp. vii, 183. $6.50 and Ia. E. Chadaev. <i>Ekonomika SSSR v period velikoi otechestvennoi voiny (1941–1945 gg.)</i> [The Economy of the USSR during the Great Patriotic War (1941–1945)]. Moscow:  Izdatel'stvo “Mysl'.” 1965. Pp. 388",Robert W. Campbell,Indiana University,Indiana University,
book-review-sample,10.1086/ahr.117.1.195,https://openalex.org/W2312503408,Oxford University Press (OUP),286,journal-article,book-review,"Barbara Clark Smith . The Freedoms We Lost: Consent and Resistance in Revolutionary America . New York: The New Press. 2010. Pp. xvi, 272. $25.95.",John L. Brooke,,Ohio State University,
book-review-sample,10.1086/ahr/107.5.1631,https://openalex.org/W4230049659,Oxford University Press (OUP),286,journal-article,book-review,"Stephen Gaukroger. <i>Francis Bacon and the Transformation of Early-Modern Philosophy</i>. New York: Cambridge University Press. 2001. Pp. xii, 249. Cloth $59.95, paper $21.95",James R. Jacob,"John Jay College, City University of New York","John Jay College, City University of New York",
book-review-sample,10.1086/ahr/57.2.429,https://openalex.org/W4240760167,Oxford University Press (OUP),286,journal-article,book-review,"Rapport Fait au Nom de la Commission Chargée D'Enquêter sur les Événements Survenus en France de 1933 à 1945. Par <i>Charles Serre</i>, Rapporteur général, Député. Première partie: Les Événements du 7 Mars 1936. Annexes (Dépositions). [Assemblée Nationale, Première Législature, Session de 1947, No. 2344.] (Paris: Presses universitaires de France. 1951. Pp. 167; 1–836 [3 vols. of <i>Annexes</i>].)",David H. Pinkney,University of Missouri,University of Missouri,
book-review-sample,10.1086/ahr/92.5.1209,https://openalex.org/W4251786351,Oxford University Press (OUP),286,journal-article,book-review,"<scp>charles b. arthur</scp>. <i>The Remaking of the English Navy by Admiral St. Vincent—Key to the Victory over Napoleon: The Great Unclaimed Naval Revolution, 1795–1805</i>. Lanham, Md.: University Press of America. 1986. Pp. xi, 265. $13.75",Charles R. Middleton,University of Colorado,University of Colorado,
book-review-sample,10.1086/ahr/92.4.1022-a,https://openalex.org/W4236632194,Oxford University Press (OUP),286,journal-article,book-review,"<scp>william lynwood montell</scp>. <i>Killings: Folk Justice in the Upper South</i>. Lexington: University Press of Kentucky. 1986. Pp. xxvi, 184. $19.00",Otis K. Rice,West Virginia Institute of Technology,West Virginia Institute of Technology,
book-review-sample,10.1086/ahr/80.1.92,https://openalex.org/W4256118278,Oxford University Press (OUP),286,journal-article,book-review,"John H. A. Munro. <i>Wool, Cloth, and Gold: The Struggle for Bullion in the Anglo-Burgundian Trade, 1340–1478</i>. Toronto: University of Toronto Press. 1972. Pp. xi, 241. $20.00",Richard Vaughan,University of Hull,University of Hull,
book-review-sample,10.1086/ahr/96.5.1631,https://openalex.org/W4246381633,Oxford University Press (OUP),286,journal-article,book-review,"Roger M. Olien and Diana Davids Olien. <i>Easy Money: Oil Promoters and Investors in the Jazz Age</i>. Chapel Hill: University of North Carolina Press. 1990. Pp. xi, 216. Cloth $29.95, paper $11.95",James S. Olson,Sam Houston State University,Sam Houston State University,
book-review-sample,10.1086/ahr/95.3.811-a,https://openalex.org/W2942414335,Oxford University Press (OUP),286,journal-article,book-review,"<scp>miriam j. levy</scp>. <i>Governance and Grievance: Habsburg Policy and Italian Tyrol in the Eighteenth Century</i>. West Lafayette, Ind.: Purdue University Press. 1988. Pp. x, 231. $17.50",R. John Rath,Rice University,Rice University,
book-review-sample,10.1086/ahr/77.2.575-a,https://openalex.org/W4239048222,Oxford University Press (OUP),286,journal-article,book-review,"L. D. Meo. <i>Japan's Radio War on Australia, 1941–1945</i>. [Carlton:] Melbourne University Press; New York: Cambridge University Press. 1968. Pp. xv, 300. $12.50 and Bruce Muirden. <i>The Puzzled Patriots: The Story of the Australia First Movement</i>. [Carlton:] Melbourne University Press; New York: Cambridge University Press. 1968. Pp. xiii, 200. $13.50",Samuel Clyde Mcculloch,"University of California , Irvine","University of California , Irvine | University of California, Irvine",
book-review-sample,10.1086/ahr/86.3.668-a,https://openalex.org/W4211181066,Oxford University Press (OUP),286,journal-article,book-review,"Kenneth Ray Bain. <i>The March to Zion: United States Policy and the Founding of Israel</i>. College Station: Texas A&amp;M University Press. 1979. Pp. xviii, 235. $15.95",Henry L. Feingold,"Baruch College, City University of New York","Baruch College, City University of New York",
book-review-sample,10.1086/ahr.115.5.1513,https://openalex.org/W2765558640,Oxford University Press (OUP),286,journal-article,book-review,"Youval Rotman . Byzantine Slavery and the Mediterranean World . Translated by Jane Marie Todd . Cambridge : Harvard University Press . 2009 . Pp. x, 307. $35.00.",Alice Rio,,King's College London,
book-review-sample,10.1086/ahr/87.4.1186-a,https://openalex.org/W4244851528,Oxford University Press (OUP),286,journal-article,book-review,"Carol Morris Petillo. <i>Douglas MacArthur: The Philippine Years</i>. Bloomington: Indiana University Press. 1981. Pp. xviii, 301. $17.50",Robert W. Coakley,"Alexandria, Virginia","Alexandria, Virginia",
book-review-sample,10.1086/ahr/85.5.1250,https://openalex.org/W4233912863,Oxford University Press (OUP),286,journal-article,book-review,"D. E. U. Baker. <i>Changing Political Leadership in an Indian Province: The Central Provinces and Berar, 1919–1939</i>. New York: Oxford University Press. 1979. Pp. x, 233. $11.95",Eugene F. Irschick,"University of California , Berkeley","University of California , Berkeley",
book-review-sample,10.1086/ahr.117.3.878,https://openalex.org/W2313137982,Oxford University Press (OUP),286,journal-article,book-review,"Naoko Wake . Private Practices: Harry Stack Sullivan, the Science of Homosexuality, and American Liberalism . New Brunswick: Rutgers University Press. 2011. Pp. xiii, 263. $55.00.",Carolyn Herbst Lewis,,Louisiana State University,
book-review-sample,10.1086/ahr/103.3.966,https://openalex.org/W2943388277,Oxford University Press (OUP),286,journal-article,book-review,"Len Travers. <i>Celebrating the Fourth: Independence Day and the Rites of Nationalism in the Early Republic</i>. Amherst: University of Massachusetts Press. 1997. Pp. x, 278. $29.95",Paul K. Longmore,San Francisco State University,San Francisco State University,
book-review-sample,10.1086/ahr/95.5.1624-a,https://openalex.org/W4249434583,Oxford University Press (OUP),286,journal-article,book-review,"<scp>curtis d. johnson</scp>. <i>Islands of Holiness: Rural Religion in Upstate New York, 1790–1860</i>. Ithaca: Cornell University Press. 1989. Pp. xiv, 214. $27.95",Charles D. Cashdollar,Indiana University of Pennsylvania,Indiana University of Pennsylvania,
book-review-sample,10.1086/ahr/95.3.799-a,https://openalex.org/W4241205770,Oxford University Press (OUP),286,journal-article,book-review,"<scp>christopher tyerman</scp>. <i>England and the Crusades, 1095–1588</i>. Chicago: University of Chicago Press. 1988. Pp. xvi, 492. $39.95",William Chester Jordan,Princeton University,Princeton University,
book-review-sample,10.1086/ahr/95.2.468-a,https://openalex.org/W2504457686,Oxford University Press (OUP),286,journal-article,book-review,"<scp>john e. stambaugh</scp>. <i>The Ancient Roman City</i>. (Ancient Society and History.) Baltimore, Md.: Johns Hopkins University Press. 1988. Pp. xviii, 395. Cloth $30.00, paper $12.95",Keith R. Bradley,University of Victoria,University of Victoria,
book-review-sample,10.1086/ahr/46.4.898,https://openalex.org/W4229781410,Oxford University Press (OUP),286,journal-article,book-review,"<i>The Social Ideas of Religious Leaders, 1660–1688</i>. By Richard B. Schlatter, Tutor and Instructor in Harvard College. [Oxford Historical Series, Editors, G. N. Clark, C. R. Cruttwell, F. M. Powicke.] (New York: Oxford University Press. 1940. Pp. vii, 248. $3.75.)",M. M. Knappen,Michigan State College,Michigan State College,
book-review-sample,10.1086/ahr/106.4.1344,https://openalex.org/W4213308614,Oxford University Press (OUP),286,journal-article,book-review,"<scp>Nancy F. Cott</scp>. <i>Public Vows: A History of Marriage and the Nation</i>. Cambridge: Harvard University Press. 2000. Pp. v, 297. $27.95",Norma Basch,Rutgers University Newark,Rutgers University Newark | Rutgers UniversityNewark,
book-review-sample,10.1086/ahr/85.5.1280,https://openalex.org/W2903278867,Oxford University Press (OUP),286,journal-article,book-review,"Harvey J. Graff. <i>The Literacy Myth: Literacy and Social Structure in the Nineteenth-Century City</i>. (Studies in Social Discontinuity.) New York: Academic Press. 1979. Pp. xxii, 352. $27.50",William Issel,San Francisco State University,San Francisco State University,
book-review-sample,10.1086/ahr/72.2.578,https://openalex.org/W4235153146,Oxford University Press (OUP),286,journal-article,book-review,"The Early Elizabethan Succession Question, 1558–1568. By <i>Mortimer Levine</i>. (Stanford, Calif.: Stanford University Press. 1966. Pp. viii, 245. $6.95.)",John R. Rilling,University of Richmond,University of Richmond,
book-review-sample,10.1086/ahr.112.4.1207,https://openalex.org/W2328560981,Oxford University Press (OUP),286,journal-article,book-review,"STEPHEN E. KERCHER. Revel with a Cause: Liberal Satire in Postwar America. Chicago: University of Chicago Press. 2006. Pp. xi, 575. $35.00",H. Brick,,Washington University in St. Louis,
book-review-sample,10.1086/ahr/98.3.950,https://openalex.org/W4243039608,Oxford University Press (OUP),286,journal-article,book-review,Robert D. Sawrey. <i>Dubious Victory: The Reconstruction Debate in Ohio</i>. Lexington: University Press of Kentucky. 1992. Pp. 194. $30.00,Ross A. Webb,Winthrop University,Winthrop University,
book-review-sample,10.1086/ahr/37.2.319,https://openalex.org/W4249148353,Oxford University Press (OUP),286,journal-article,book-review,"<i>The Social and Political Ideas of Some Representative Thinkers of the Revolutionary Era</i>. A Series of Lectures delivered at King's College, University of London, during the Session, 1929–1930. Edited by <scp>F. J. C. Hearnshaw</scp>, M.A., LL.D., Fellow of King's College and Professor of Mediaeval History in the University of London. (London: George G. Harrap and Company. 1931. Pp. 252. 7s. 6d)",Louis R. Gottschalk,The University of Chicago,The University of Chicago,
book-review-sample,10.1086/ahr.117.3.855,https://openalex.org/W2326734036,Oxford University Press (OUP),286,journal-article,book-review,"S. Paul O'Hara . Gary, the Most American of All American Cities . Bloomington: Indiana University Press. 2011. Pp. x, 195. Cloth $55.00, paper $19.95.",Eric Morser,,Skidmore College,
book-review-sample,10.1086/ahr/74.5.1745,https://openalex.org/W4235891370,Oxford University Press (OUP),286,journal-article,book-review,"American Catholics and Social Reform: The New Deal Years. By <i>David J.O'Brien</i>. (New York: Oxford University Press. 1968. Pp. xi, 287. $6.50.) and American Catholics &amp; The Roosevelt Presidency, 1932–1936. By <i>George Q. Flynn</i>. Lexington: University of Kentucky Press. 1968. Pp. xv, 272. $7.50",John D. Buenker,Eastern Illinois University,Eastern Illinois University,
book-review-sample,10.1086/ahr/85.2.484-a,https://openalex.org/W4242422422,Oxford University Press (OUP),286,journal-article,book-review,"John P. Schlegel. <i>The Deceptive Ash: Bilingualism and Canadian Policy in Africa, 1957–1971</i>. Washington: University Press of America. 1978. Pp. xviii, 463. Paper $14.50",Denis Stairs,Dalhousie University,Dalhousie University,
book-review-sample,10.1086/ahr/98.1.164-a,https://openalex.org/W2900479701,Oxford University Press (OUP),286,journal-article,book-review,"<scp>Neil J. Smelser</scp>. <i>Social Paralysis and Social Change: British Working-Class Education in the Nineteenth Century</i>. Berkeley and Los Angeles: University of California Press. 1991. Pp. xii, 499. $35.00",Robert Glen,University of New Haven,University of New Haven,
book-review-sample,10.1086/ahr/96.4.1301,https://openalex.org/W4231690966,Oxford University Press (OUP),286,journal-article,book-review,"Anne Farrar Hyde. <i>An American Vision: Far Western Landscape and National Culture, 1820–1920</i>. (The American Social Experience Series, number 17.) New York: New York University Press. 1990. Pp. xiv, 346. $29.95",Brian W. Dippie,"University of Victoria , British Columbia","University of Victoria , British Columbia | University of Victoria, British Columbia",
book-review-sample,10.1086/ahr.113.1.148,https://openalex.org/W2320226852,Oxford University Press (OUP),286,journal-article,book-review,"ROBERT FRIEDEL. A Culture of Improvement: Technology and the Western Millennium. Cambridge, Mass.: MIT Press. 2007. Pp. x, 588. $39.95",T. S. Reynolds,,Michigan Technological University,
book-review-sample,10.1086/ahr/82.5.1371,https://openalex.org/W4254180518,Oxford University Press (OUP),286,journal-article,book-review,"<scp>joseph w. whitecotton</scp>. <i>The Zapotecs: Princes, Priests; and Peasants</i>. (Civilization of the American Indian Series.) Norman: University of Oklahoma Press. 1977. Pp. xiv, 338. $14.95",Douglas Butterworth,"University of Illinois , Urbana-Champaign","University of Illinois , Urbana-Champaign | University of Illinois, Urbana-Champaign",
book-review-sample,10.1086/ahr/90.2.461,https://openalex.org/W4256270272,Oxford University Press (OUP),286,journal-article,book-review,"Barbara Jelavich. <i>Russia and the Formation of the Romanian National State, 1821–1878</i>. (Joint Committee on Eastern Europe Publication Series, number 13.) New York: Cambridge University Press. 1984. Pp. xii, 356. $44.50",John C. Campbell,"Cohasset , Massachusetts","Cohasset , Massachusetts",
book-review-sample,10.1086/ahr/106.1.204,https://openalex.org/W4213200771,Oxford University Press (OUP),286,journal-article,book-review,"<scp>Merline Pitre</scp>. <i>In Struggle against Jim Crow: Lulu B. White and the NAACP, 1900–1957</i>. (The Centennial Series of the Association of Former Students, Texas A&amp;M University, number 81.) College Station: Texas A&amp;M University Press. 1999. Pp. xiv, 181. $29.95",Jacqueline A. Rouse,Georgia State University,Georgia State University,
book-review-sample,10.1086/ahr.115.5.1441,https://openalex.org/W2765799945,Oxford University Press (OUP),286,journal-article,book-review,"Featured Reviews Mary Elise Sarotte . 1989: The Struggle to Create Post–Cold War Europe . (Princeton Studies in International History and Politics.) Princeton : Princeton University Press . 2009 . Pp. xvi, 321. $29.95.",Michael Bernhard,,University of Florida,
book-review-sample,10.1086/ahr/81.1.106,https://openalex.org/W4239563500,Oxford University Press (OUP),286,journal-article,book-review,"G. V. Sumner. <i>The Orators in Cicero's</i> Brutus: <i>Prosopography and Chronology</i>. (Phoenix: Journal of the Classical Association of Canada. Supplementary volume 11.) [Toronto:] University of Toronto Press. 1973. Pp. x, 197. $12.50",Glanville Downey,"Indiana University , Bloomington","Indiana University , Bloomington",
book-review-sample,10.1086/ahr/98.5.1585,https://openalex.org/W3094837949,Oxford University Press (OUP),286,journal-article,book-review,"Veronica Ortenberg. <i>The English Church and the Continent in the Tenth and Eleventh Centuries: Cultural, Spiritual, and Artistic Exchanges</i>. New York: Clarendon Press of Oxford University Press. 1992. Pp. xv, 328. $79.00",Robin Fleming,Boston College,Boston College,
book-review-sample,10.1086/ahr/94.2.484,https://openalex.org/W4256572450,Oxford University Press (OUP),286,journal-article,book-review,"Barbara Jelavich. <i>Modern Austria: Empire and Republic, 1815–1986</i>. New York: Cambridge University Press. 1987. Pp. xvii, 346. Cloth $39.50, paper $12.95",Alfred D. Low,"Bellevue, Washington","Bellevue, Washington",
book-review-sample,10.1086/ahr/95.5.1566,https://openalex.org/W4240751120,Oxford University Press (OUP),286,journal-article,book-review,"<scp>michael john</scp>. <i>Politics and the Law in Late Nineteenth-Century Germany: The Origins of the Civil Code</i>. (Oxford Historical Monographs.) New York: Clarendon Press of Oxford University Press. 1989. Pp. viii, 284. $64.00",James J. Sheehan,Stanford University,Stanford University,
book-review-sample,10.1086/ahr/97.1.321,https://openalex.org/W4249461338,Oxford University Press (OUP),286,journal-article,book-review,"Ann M. Wightman. <i>Indigenous Migration and Social Change: The Forasteros of Cuzco, 1570–1720</i>. Durham, N.C.: Duke University Press. 1990. Pp. ix, 315",Kevin Gosner,University of Arizona,University of Arizona,
book-review-sample,10.1086/ahr/78.5.1453-a,https://openalex.org/W2933099698,Oxford University Press (OUP),286,journal-article,book-review,"S. B. Chrimes. <i>Henry VII</i>. Berkeley and Los Angeles: University of California Press. 1972. Pp. xv, 373. $16.00",M. J. Tucker,"State University of New York , Buffalo","State University of New York , Buffalo | State University of New York, Buffalo",
book-review-sample,10.1086/ahr/94.3.869,https://openalex.org/W4206816225,Oxford University Press (OUP),286,journal-article,book-review,"David N. Livingstone. <i>Nathaniel Southgate Shaler and the Culture of American Science</i>. (History of American Science and Technology Series.) Tuscaloosa: University of Alabama Press. 1987. Pp. xiv, 395. $32.95",Reginald Horsman,"University of Wisconsin , Milwaukee","University of Wisconsin , Milwaukee | University of Wisconsin, Milwaukee",
book-review-sample,10.1086/ahr/77.5.1528,https://openalex.org/W4235149762,Oxford University Press (OUP),286,journal-article,book-review,"Fredrick B. Pike. <i>Hispanismo, 1898–1936: Spanish Conservatives and Liberals and Their Relations with Spanish America</i>. (International Studies of the Committee on International Relations, University of Notre Dame.) Notre Dame: University of Notre Dame Press. 1971. Pp. xx, 486. $15.00",Mark J. Van Aken,"California State University , Hayward","California State University , Hayward | California State University, Hayward",
book-review-sample,10.1086/ahr.115.5.1502,https://openalex.org/W2619827626,Oxford University Press (OUP),286,journal-article,book-review,"Orissa Arend . Showdown in Desire: The Black Panthers Take a Stand in New Orleans . Foreword by Charles E. Jones . Introduction by Curtis J. Austin . Fayetteville : University of Arkansas Press . 2009 . Pp. xxxiii, 269. $29.95.",Hasan Kwame Jeffries,,Ohio State University,
book-review-sample,10.1086/ahr/72.1.190,https://openalex.org/W4255966419,Oxford University Press (OUP),286,journal-article,book-review,"The Search for Environment. The Garden City: Before and After. By <i>Walter L. Creese</i>. (New Haven, Conn.: Yale University Press. 1966. Pp. xx, 360. $15.00.)",Ruth Emery,Rutgers University,Rutgers University,
book-review-sample,10.1086/ahr/107.1.224,https://openalex.org/W4255974990,Oxford University Press (OUP),286,journal-article,book-review,"Grant Wacker. <i>Heaven Below: Early Pentecostals and American Culture</i>. Cambridge: Harvard University Press. 2001. Pp. xiii, 364. $35.00",David Edwin Harrell,Auburn University,Auburn University,
book-review-sample,10.1086/ahr/99.3.864-a,https://openalex.org/W4238190200,Oxford University Press (OUP),286,journal-article,book-review,"John R. McNeill. <i>The Mountains of the Mediterranean World: An Environmental History</i>. (Studies in Environment and History.) New York: Cambridge University Press. 1993. Pp. xix, 423. $64.95",J. Donald Hughes,University of Denver,University of Denver,
book-review-sample,10.1086/ahr.112.1.206a,https://openalex.org/W2332489901,Oxford University Press (OUP),286,journal-article,book-review,"DAN MOOS. Outside America: Race, Ethnicity, and the Role of the American West in National Belonging. (Reencounters with Colonialism: New Perspectives on the Americas.)Hanover,N.H.: University Press of New England, for Dartmouth College Press. 2006. Pp. xii, 260. Cloth $65.00, paper $24.95",J. D. Bellin,,La Roche College,
book-review-sample,10.1086/ahr/88.4.1063,https://openalex.org/W4250289744,Oxford University Press (OUP),286,journal-article,book-review,"William E. Nelson. <i>The Roots of American Bureaucracy, 1830–1900</i>. Cambridge: Harvard University Press. 1982. Pp. viii, 208. $22.50",Morton Keller,Brandeis University,Brandeis University,
book-review-sample,10.1086/ahr/79.1.217,https://openalex.org/W2909231087,Oxford University Press (OUP),286,journal-article,book-review,"Lewis P. Simpson. <i>The Man of Letters in New England and the South: Essays on the History of the Literary Vocation in America</i>. Baton Rouge: Louisiana State University Press. 1973. Pp. xii, 255. $10.00",Aubrey C. Land,University of Georgia,University of Georgia,
book-review-sample,10.1086/ahr/74.2.564,https://openalex.org/W4205792303,Oxford University Press (OUP),286,journal-article,book-review,"Regesta Regum Anglo-Normannorum, 1066–1154. Volume III, Regesta Regis Stephani ac Mathildis Imperatricis ac Gaufridi et Henrici Ducum Normannorum, 1135–1154. Edited by <i>H. A. Cronne</i> and <i>R. H. C. Davis</i> in continuation of the work of the late <i>H. W. C. Davis</i>. (New York: Oxford University Press. 1968. Pp. lii, 422. $40.35.)",John Beeler,"University of North Carolina , Greensboro","University of North Carolina , Greensboro | University of North Carolina, Greensboro",
book-review-sample,10.1086/ahr/86.1.127-a,https://openalex.org/W4250889475,Oxford University Press (OUP),286,journal-article,book-review,"Buchanan Sharp. <i>In Contempt of All Authority: Rural Artisans and Riot in the West of England, 1586–1660</i>. Berkeley and Los Angeles: University of California Press. 1980. Pp. xi, 292. $17.50",Keith Wrightson,"St. Salvator's College, University of St. Andrews","St. Salvator's College, University of St. Andrews",
book-review-sample,10.1086/ahr/87.5.1425,https://openalex.org/W2899568382,Oxford University Press (OUP),286,journal-article,book-review,"John O. Iatrides, editor. <i>Greece in the 1940s: A Nation in Crisis; Greece in the 1940s: A Bibliographic Companion</i>. Compiled by Hagen Fleischer and Steven Bowman. (Modern Greek Studies Association Series, number 4 and 5.) Hanover, N.H.: University Press of New England. 1981. Pp. xvi, 444; viii, 94. $35.00; $15.00",Dimitri Kitsikis,University of Ottawa,University of Ottawa,
book-review-sample,10.1086/ahr/100.4.1330-a,https://openalex.org/W4253547281,Oxford University Press (OUP),286,journal-article,book-review,"Jonathan M. Weisgall. <i>Operation Crossroads: The Atomic Tests at Bikini Atoll</i>. Annapolis, Md.: Naval Institute Press. 1994. Pp. xvii, 415. $31.95",Gregg Herken,"National Air and Space Museum, Smithsonian Institution","National Air and Space Museum, Smithsonian Institution",
book-review-sample,10.1093/ahr/45.3.668,https://openalex.org/W2562234734,Oxford University Press (OUP),286,journal-article,book-review,"The Circuit Rider Dismounts: A Social History of Southern Methodism, 1865-1900. By HUNTER DICKINSON FARISH, Director, Department of Research and Record, Colonial Williamsburg, Incorporated, Sometime Instructor and Tutor in American History, Harvard University. (Richmond: Dietz Press. 1938. Pp. 400. $5.00.)",W. M. Gewehr,,The American University,
book-review-sample,10.1086/ahr/86.4.900,https://openalex.org/W2803496599,Oxford University Press (OUP),286,journal-article,book-review,"Cho-Yun Hsu. <i>Han Agriculture: The Formation of Early Chinese Agrarian Economy (206 B.C.–A.D. 220)</i>. Edited by Jack L. Dull. (Han Dynasty China, number 2.) Seattle: University of Washington Press. 1980. Pp. xxv, 377. $20.00",Barry B. Blakeley,Seton Hall University,Seton Hall University,
book-review-sample,10.1086/ahr/80.1.150-a,https://openalex.org/W4241081006,Oxford University Press (OUP),286,journal-article,book-review,"Prosser Gifford and Wm. Roger Louis, editors. <i>France and Britain in Africa: Imperial Rivalry and Colonial Rule</i>. New Haven: Yale University Press. 1971. Pp. xix, 989. $30.00",Graham W. Irwin,Columbia University,Columbia University,
book-review-sample,10.1086/ahr/86.2.452,https://openalex.org/W4256264825,Oxford University Press (OUP),286,journal-article,book-review,"Thad W. Tate and David L. Ammerman, editors. <i>The Chesapeake in the Seventeenth Century: Essays on Anglo-American Society</i>. (Original Essay Series.) Chapel Hill: University of North Carolina Press; for the Institute of Early American History and Culture, Williams–burg, Va. 1979. Pp. viii, 310. $26.00",Jon Kukla,Virginia State Library,Virginia State Library,
book-review-sample,10.1086/ahr.112.3.909,https://openalex.org/W2317390197,Oxford University Press (OUP),286,journal-article,book-review,"ADRIAAN LANNI. Law and Justice in the Courts of Classical Athens. New York: Cambridge University Press. 2006. Pp. x, 210. $60.00.",R. Balot,,University of Toronto,
book-review-sample,10.1086/ahr/89.4.1065,https://openalex.org/W4245105105,Oxford University Press (OUP),286,journal-article,book-review,"<scp>c. m. dent</scp>. <i>Protestant Reformers in Elizabethan Oxford</i>. (Oxford Theological Monographs.) New York: Oxford University Press. 1983. Pp. viii, 262. $37.50",Paul S. Seaver,Stanford University,Stanford University,
book-review-sample,10.1086/ahr/71.2.507,https://openalex.org/W4255425186,Oxford University Press (OUP),286,journal-article,book-review,"J. Franklin Jameson: A Tribute. Edited by <i>Ruth Anna Fisher</i> and <i>William Lloyd Fox</i>. (Washington, D. C.: Catholic University of America Press. 1965. Pp. ix, 137. Cloth $3.25, paper $1.95.)",Samuel Flagg Bemis,Yale University,Yale University,
book-review-sample,10.1086/ahr/107.5.1559,https://openalex.org/W4245197569,Oxford University Press (OUP),286,journal-article,book-review,"Alex Bontemps. <i>The Punished Self: Surviving Slavery in the Colonial South</i>. Ithaca: Cornell University Press. 2001. Pp. x, 224. $29.95",Michael A. Gomez,New York University,New York University,
book-review-sample,10.1086/ahr/106.2.570,https://openalex.org/W4234914679,Oxford University Press (OUP),286,journal-article,book-review,"<scp>Lester D. Stephens</scp>. <i>Science, Race, and Religion in the American South: John Bachman and the Charleston Circle of Naturalists, 1815–1895</i>. Chapel Hill: University of North Carolina Press. 2000. Pp. xviii, 338. $39.95",Steven M. Stowe,"Indiana University , Bloomington","Indiana University , Bloomington | Indiana University, Bloomington",
book-review-sample,10.1086/ahr/93.4.1045-a,https://openalex.org/W4245509762,Oxford University Press (OUP),286,journal-article,book-review,"Jerome Friedman. <i>Blasphemy, Immorality, and Anarchy: The Ranters and the English Revolution</i>. Athens: Ohio University Press. 1987. Pp. xiv, 336. $32.95",Richard L. Greaves,Florida State University,Florida State University,
book-review-sample,10.1086/ahr/106.2.539,https://openalex.org/W2911252981,Oxford University Press (OUP),286,journal-article,book-review,"<scp>Martin van Creveld</scp>. <i>The Rise and Decline of the State</i>. New York: Cambridge University Press. 1999. Pp. viii, 439. Cloth $54.95, paper $19.95",Charles Tilly,Columbia University,Columbia University,
book-review-sample,10.1086/ahr/97.4.1244-a,https://openalex.org/W4243627579,Oxford University Press (OUP),286,journal-article,book-review,"<scp>Anthony H. Galt</scp>. <i>Far From the Church Bells: Settlement and Society in an Apulian Town</i>. New York: Cambridge University Press. 1991. Pp. xiii, 276. $49.50",Nicholas J. Esposito,"State University College of New York , Cortland","State University College of New York , Cortland | State University College of New York, Cortland",
book-review-sample,10.1086/ahr/98.3.925,https://openalex.org/W4240149320,Oxford University Press (OUP),286,journal-article,book-review,"Susan Naquin and Chün-Fang Yü, editors. <i>Pilgrims and Sacred Sites in China</i>. (Studies on China, number 15.) Berkeley and Los Angeles: University of California Press. 1992. Pp. xi, 445. $50.00",Romeyn Taylor,"University of Minnesota , Twin Cities","University of Minnesota , Twin Cities",
book-review-sample,10.1086/ahr/101.2.567,https://openalex.org/W4229486989,Oxford University Press (OUP),286,journal-article,book-review,"Jean Fagan Yellin and John C. Van Horne, editors. <i>The Abolitionist Sisterhood: Women's Political Culture in Antebellum America</i>. Ithaca: Cornell University Press, in cooperation with the Library Company of Philadelphia. 1994. Pp. xviii, 363. Cloth $41.50, paper $16.95",Robert H. Abzug,"University of Texas , Austin","University of Texas , Austin",
book-review-sample,10.1086/ahr/90.2.476-a,https://openalex.org/W3089237916,Oxford University Press (OUP),286,journal-article,book-review,"Lloyd E. Eastman. <i>Seeds of Destruction: Nationalist China in War and Revolution, 1937–1949</i>. Stanford: Stanford University Press. 1984. Pp. ix, 311. $32.50",Ernest P. Young,University of Michigan,University of Michigan,
book-review-sample,10.1086/ahr/96.2.640,https://openalex.org/W4240322196,Oxford University Press (OUP),286,journal-article,book-review,"<scp>edward tabor linenthal</scp>. <i>Symbolic Defense: The Cultural Significance of the Strategic Defense Initiative</i>. Foreword by <scp>paul boyer</scp>. Urbana: University of Illinois Press. 1989. Pp. xix, 139. $19.95",Ronald Lora,University of Toledo,University of Toledo,
book-review-sample,10.1086/ahr/67.3.748,https://openalex.org/W4256746111,Oxford University Press (OUP),286,journal-article,book-review,"The Emerging South. By <i>Thomas D. Clark</i>. (New York: Oxford University Press. 1961. Pp. xvi, 317. $6.00.)",J. Carlyle Sitterson,University of North Carolina,University of North Carolina,
book-review-sample,10.1086/ahr/82.2.356-a,https://openalex.org/W4232244474,Oxford University Press (OUP),286,journal-article,book-review,"<scp>john brewer</scp>. <i>Party Ideology and Popular Politics at the Accession of George III</i>. New York: Cambridge University Press. 1976. Pp. ix, 382. $27.50",Donald E. Ginter,Concordia University,Concordia University,
book-review-sample,10.1086/ahr/93.1.204-a,https://openalex.org/W2567599528,Oxford University Press (OUP),286,journal-article,book-review,"<scp>paul e. lovejoy</scp>. <i>Salt of the Desert Sun: A History of Salt Production and Trade in the Central Sudan</i>. (African Studies Series, number 46.) New York: Cambridge University Press. 1986. Pp. xvi, 351. $42.50",M. W. Daly,Arkansas State University,Arkansas State University,
book-review-sample,10.1086/ahr/81.2.397-a,https://openalex.org/W4235532681,Oxford University Press (OUP),286,journal-article,book-review,"Charles Rearick. <i>Beyond the Enlightenment: Historians and Folklore in Nineteenth Century France</i>. (Indiana University Publications. Folklore Institute Monograph Series, volume 27.) Bloomington: Indiana University Press. 1974. Pp. xiv, 206. $7.50",John Rothney,Ohio State University,Ohio State University,
book-review-sample,10.1086/ahr/73.2.556,https://openalex.org/W4252248962,Oxford University Press (OUP),286,journal-article,book-review,"Africa Since 1800. By <i>Roland Oliver</i> and <i>Anthony Atmore</i>. (New York: Cambridge University Press. 1967. Pp. viii, 304. Cloth $4.95, paper $1.95)",Marcia Wright,Columbia University,Columbia University,
book-review-sample,10.1086/ahr/93.3.705,https://openalex.org/W4233711449,Oxford University Press (OUP),286,journal-article,book-review,"Eric Taplin. <i>The Dockers' Union: A Study of the National Union of Dock Labourers, 1889–1922</i>. New York: St. Martin's or Leicester University Press, Leicester. 1986. Pp. xviii, 198. $25.00",Trygve R. Tholfsen,Teachers College Columbia University,Teachers College Columbia University,
book-review-sample,10.1086/ahr/76.3.754,https://openalex.org/W2547787619,Oxford University Press (OUP),286,journal-article,book-review,"Sergei I. Rudenko. <i>Frozen Tombs of Siberia: The Pazyryk Burials of Iron Age Horsemen</i>. Translated and with a preface by M. W. Thompson. Berkeley and Los Angeles: University of California Press. 1970. Pp. xxxvi, 340, 180 plates. $30.00",Bernard S. Bachrach,University of Minnesota,University of Minnesota,
book-review-sample,10.1086/ahr/74.5.1609,https://openalex.org/W4253851990,Oxford University Press (OUP),286,journal-article,book-review,Wissenschaft in Kommunistischen Ländern. Edited by <i>Dietrich Geyer</i>. (Tübingen: Rainer Wunderlich Verlag Hermann Leins. 1967. Pp. 309.),Robert V. Allen,Library of Congress,Library of Congress,
book-review-sample,10.1086/ahr.111.5.1545,https://openalex.org/W1999308056,Oxford University Press (OUP),286,journal-article,book-review,"DAVID M. BARRETT. The CIA and Congress: The Untold Story from Truman to Kennedy. Lawrence: University Press of Kansas. 2005. Pp. x, 542. $39.95",F. MacDonnell,,Southern Virginia University,
book-review-sample,10.1086/ahr/50.2.355,https://openalex.org/W4234256726,Oxford University Press (OUP),286,journal-article,book-review,"Walter Clark, Fighting Judge. By <i>Aubrey Lee Brooks</i>. (Chapel Hill: University of North Carolina Press. 1944. Pp. x, 278. $3.00.)",Walton Hamilton,Yale Law School,Yale Law School,
article-sample,10.2307/2167206,https://openalex.org/W4300107559,JSTOR,1121,journal-article,article,The Color-Blind Constitution.,Mark Tushnet | Andrew Kull,,,
article-sample,10.1086/ahr/105.1.294,https://openalex.org/W4245898387,Oxford University Press (OUP),286,journal-article,article,Angeles Egido León. <i>Manuel Azaeña: Entre el mito y la leyenda</i>. Valladolid: Junta de Castilla y Leon. 1998. Pp. 469,Paul Preston,London School of Economics,London School of Economics,
article-sample,10.2307/1860970,https://openalex.org/W2325018630,JSTOR,1121,journal-article,article,Nineteenth-Century Short Title Catalogue. Volume 1 A-C,William R. Cagle,,,
article-sample,10.2307/1850601,https://openalex.org/W2325791443,JSTOR,1121,journal-article,article,"Hai zenai propagandai eis ten eparchian Poluanes kata ten periodon 1870-1912 [Foreign Propaganda in the Province of Poluane, 1870-1912 [Foreign Propaganda in the Province of Poluane, 1870-1912]",George D. Frangos | Athanasios A. Angerlopoulos,,,
article-sample,10.1086/531500,https://openalex.org/W1972470901,Oxford University Press (OUP),286,journal-article,article,"Reviews of Books:""The Pygmies Were Our Compass"": Bantu and Batwa in the History of West Central Africa, Early Times to c. 1900 C.E. Kairn A. Klieman",Ch. Didier Gondola,,,
article-sample,10.2307/1856978,https://openalex.org/W1997379765,JSTOR,1121,journal-article,article,"The Emergence of Modern Ireland, 1600-1900",Lawrence J. Mccaffrey | L. M. Cullen,,,
article-sample,10.1093/ahr/118.3.879,https://openalex.org/W2079701614,Oxford University Press (OUP),286,journal-article,article,JOHN SBARDELLATI. J. Edgar Hoover Goes to the Movies: The FBI and the Origins of Hollywood's Cold War.,J. Frost,,University of Auckland | University of AUCKLAND,
article-sample,10.1086/ahr/91.4.947,https://openalex.org/W4212949034,Oxford University Press (OUP),286,journal-article,article,"Reinhard Schüren. <i>Staat und ländliche Industrialisierung: Sozialer Wandel in zwei Dörfern einer deutsch-niederländischen Textilgewerberegion 1830–1914</i>. (Untersuchungen zur Wirtschafts-, Sozial-und Technikgeschichte, number 5.) Dortmund: Gesellschaft für Westfälische Wirtschaftsgeschichte. 1985. Pp. ix, 242",H. Freudenberger,Tulane University,Tulane University,
article-sample,10.2307/1849173,https://openalex.org/W1986340575,JSTOR,1121,journal-article,article,The National University: Enduring Dream of the USA,Elmer Louis Kayser | David Madsen,,,
article-sample,10.1086/532795,https://openalex.org/W2023589635,Oxford University Press (OUP),286,journal-article,article,"Reviews of Books:Curiosity, a Cultural History of Early Modern Inquiry Barbara M. Benedict",Carol Blum,,,
article-sample,10.2307/1862673,https://openalex.org/W2333197089,JSTOR,1121,journal-article,article,Voprosy metodologii istoricheskogo issledovaniia: Teoreticheskie problemy istorii feodalizma [Questions of the Methodology of Historical Investigation: Theoretical Problems in the History of Feudalism],Joan Afferica | L. V. Cherepnin,,,
article-sample,10.1086/ahr/92.5.1300,https://openalex.org/W4249571729,Oxford University Press (OUP),286,journal-article,article,"<scp>robert f. burk</scp>. <i>Dwight D. Eisenhower: Hero and Politician</i>. (Twayne's Twentieth-Century American Biography Series, number 2.) Boston: Twayne of G. K. Hall. 1986. Pp. xii, 207. $19.95",Mary S. McAuliffe,"Washington, D.C.","Washington, D.C",
article-sample,10.1086/ahr/58.3.671,https://openalex.org/W4248723462,Oxford University Press (OUP),286,journal-article,article,"The State of Latin America. By <i>Germán Arciniegas</i>. Translated from the Spanish by <i>Harriet de Onis</i>. (New York: Alfred A. Knopf. 1952. Pp. xvi, 416, xiv. $4.50.)",Charles C. Griffin,Vassar College,Vassar College,
article-sample,10.1086/ahr/19.1.98,https://openalex.org/W1976366037,Oxford University Press (OUP),286,journal-article,article,"Notes of Colonel W. G. Moore, Private Secretary to President Johnson, 1866–1868",George L. St. Sioussat,,,
article-sample,10.1086/532565,https://openalex.org/W1975686474,Oxford University Press (OUP),286,journal-article,article,"Reviews of Books:Holding up More Than Half the Sky: Chinese Women Garment Workers in New York City, 1948-92 Xiaolan Bao",Huping Ling,,,
article-sample,10.2307/1850716,https://openalex.org/W4251316173,JSTOR,1121,journal-article,article,"Ebony Kinship: Africa, Africans, and the Afro-American",Michael R. Winston | Floyd B. Mckissick,,,
article-sample,10.2307/1836589,https://openalex.org/W3022177838,JSTOR,1121,journal-article,article,History of Transportation in the United States before 1860,George L. Sioussat | Charoline E. MacGill,,,
article-sample,10.1086/533119,https://openalex.org/W2028089936,Oxford University Press (OUP),286,journal-article,article,"Reviews of Books:Building a Better Race: Gender, Sexuality, and Eugenics from the Turn of the Century to the Baby Boom Wendy Kline",Carole McCann,,,
article-sample,10.1093/ahr/120.3.1118,https://openalex.org/W2343260565,Oxford University Press (OUP),286,journal-article,article,"David James Gill. Britain and the Bomb: Nuclear Diplomacy, 1964–1970.",Francis J. Gavin,,Massachusetts Institute of Technology,
article-sample,10.2307/1845394,https://openalex.org/W1970269255,JSTOR,1121,journal-article,article,The Origins and Consequences of World War II,J. Duane Squires | Floyd A. Cave,,University of California at Los Angeles**,
article-sample,10.1086/585364,https://openalex.org/W4252898322,Oxford University Press (OUP),286,journal-article,article,Other Books Received,,,,
article-sample,10.1093/ahr/122.5.1610,https://openalex.org/W2781316504,Oxford University Press (OUP),286,journal-article,article,"Gergely Baics. Feeding Gotham: The Political Economy and Geography of Food in New York, 1790–1860.",Jeffrey M. Pilcher,,University of Toronto,
article-sample,10.1093/ahr/120.2.654,https://openalex.org/W2316055455,Oxford University Press (OUP),286,journal-article,article,Paul Alkebulan. The African American Press in World War II: Toward Victory at Home and Abroad.,Jinx Coleman Broussard,,Louisiana State University,
article-sample,10.2307/1849908,https://openalex.org/W2082562870,JSTOR,1121,journal-article,article,"The Holy See and the Irish Movement for the Repeal of the Union With England, 1829-1847",D. J. McDougall | John F. Broderick,,,
article-sample,10.1086/530474,https://openalex.org/W1968309932,Oxford University Press (OUP),286,journal-article,article,Reviews of Books:The Carmelites and Antiquity: Mendicants and Their Pasts in the Middle Ages Andrew Jotischky,Malcolm Barber,,,
article-sample,10.1086/ahr/10.1.189,https://openalex.org/W4256253308,Oxford University Press (OUP),286,journal-article,article,"<i>La Théophilanthropie et le Culte Décadaire, 1796–1801: Essai sur l'Histoire Religieuse de la Révolution</i>. Par Albert Mathiez. [Bibliothèque de la Fondation Thiers, IV.] (Paris: Félix Alcan. 1904. Pp. 753.)",George M. Dutcher,,,
article-sample,10.1086/ahr/98.5.1570,https://openalex.org/W2952716432,Oxford University Press (OUP),286,journal-article,article,"Wolfgang Schivelbusch. <i>Tastes of Paradise: A Social History of Spices, Stimulants, and Intoxicants</i>. Translated by David Jacobson. New York: Pantheon. 1992. Pp. xiv, 236. $25.00",Bertram M. Gordon,Mills College,Mills College,
article-sample,10.1093/ahr/rhz784,https://openalex.org/W3016388506,Oxford University Press (OUP),286,journal-article,article,Mark Curran. The French Book Trade in Enlightenment Europe I: Selling Enlightenment.Simon Burrows. The French Book Trade in Enlightenment Europe II: Enlightenment Bestsellers.,James Smith Allen,Southern Illinois University,Southern Illinois University,
article-sample,10.1086/ahr/31.4.708,https://openalex.org/W4248334635,Oxford University Press (OUP),286,journal-article,article,"The Background of the Beginnings of Swedish Immigration, 1850–1875",George M. Stephenson,,,
article-sample,10.2307/1845788,https://openalex.org/W1971574295,JSTOR,1121,journal-article,article,The Age of Reconnaissance. [The World Histories of Civilization.],Wilcomb E. Washburn | J.H. Parry,,,
article-sample,10.1086/ahr/76.4.1249,https://openalex.org/W4234114759,Oxford University Press (OUP),286,journal-article,article,Professor Diggins Replies,John P. Diggins,"University of California , Irvine","University of California , Irvine | University of California, Irvine",
article-sample,10.1093/ahr/121.5.1795a,https://openalex.org/W4240909884,Oxford University Press (OUP),286,journal-article,article,"Paolo Bertella Farnetti and Cecilia Dau Novelli, editors.
            <i>Colonialism and National Identity</i>
            .",,,,
article-sample,10.2307/2652181,https://openalex.org/W2090939665,JSTOR,1121,journal-article,article,"The Long Silence: Civilian Life under the German Occupation of Northern France, 1914-1918",Samuel Huston Goodfellow | Helen McPhail,,,
article-sample,10.1093/ahr/rhae488,https://openalex.org/W4408402873,Oxford University Press (OUP),286,journal-article,article,Patois of the Parishes,Sara Ritchey,,,
article-sample,10.1093/ahr/rhad524,https://openalex.org/W4392739086,Oxford University Press (OUP),286,journal-article,article,Margaret M. Power. <i>Solidarity across the Americas: The Puerto Rican Nationalist Party and Anti-imperialism</i>.,Marc Becker,"Truman State University , US","Truman State University , US",
article-sample,10.2307/1873985,https://openalex.org/W2012750055,JSTOR,1121,journal-article,article,New Immigrants in New York,Ronald H. Boyor | Nancy Foner,,,
article-sample,10.1086/ahr/95.4.1297,https://openalex.org/W4251125327,Oxford University Press (OUP),286,journal-article,article,"<scp>marvin r. o'connell</scp>. <i>John Ireland and the American Catholic Church</i>. St. Paul: Minnesota Historical Society. 1988. Pp. xii, 610. $34.95",Patrick W. Carey,Marquette University,Marquette University,
article-sample,10.1093/ahr/118.4.1289,https://openalex.org/W2312670100,Oxford University Press (OUP),286,journal-article,article,JUDITH SCHEELE. Smugglers and Saints of the Sahara: Regional Connectivity in the Twentieth Century.,B. C. Brower,,University of Texas at Austin,
article-sample,10.1093/ahr/rhy243,https://openalex.org/W2902482221,Oxford University Press (OUP),286,journal-article,article,S<scp>teven</scp> S<scp>abol</scp>. <i>“The Touch of Civilization”: Comparing American and Russian Internal Colonization</i>.,Steven L. Danver,Walden University,Walden University,
article-sample,10.2307/1870775,https://openalex.org/W2114705988,JSTOR,1121,journal-article,article,The New Rumania: From People's Democracy to Socialist Republic,R. V. Burks | Stephen Fischer-Galati,,,
article-sample,10.1086/ahr/89.5.1240,https://openalex.org/W4230165058,Oxford University Press (OUP),286,journal-article,article,The Gestalt Psychologists in Behaviorist America,Michael M. Sokal,,,
article-sample,10.1086/ahr/85.5.1276-a,https://openalex.org/W2913021193,Oxford University Press (OUP),286,journal-article,article,"C. Howard Hopkins. <i>John R. Mott, 1865–1955: A Biography</i>. Grand Rapids, Mich.: William B. Eerdmans. 1979. Pp. xvii, 816. $22.50",Winthrop S. Hudson,"University of North Carolina , Chapel Hill","University of North Carolina , Chapel Hill | University of North Carolina, Chapel Hill",
article-sample,10.2307/2652093,https://openalex.org/W4300103244,JSTOR,1121,journal-article,article,Restless Visionaries: The Social Roots of Antebellum Reform in Alabama and Michigan,Louis S. Gerteis | John W. Quist,,,
article-sample,10.1086/ahr/98.5.1605,https://openalex.org/W3180166306,Oxford University Press (OUP),286,journal-article,article,"Moira Ferguson. <i>Subject to Others: British Women Writers and Colonial Slavery, 1670–1834</i>. New York: Routledge. 1992. Pp. xiii, 465. Cloth $55.00, paper $19.95",Deborah Valenze,Barnard College,Barnard College,
article-sample,10.1093/ahr/122.3.973b,https://openalex.org/W4231745710,Oxford University Press (OUP),286,journal-article,article,"Leslie Brown, Jacqueline Castledine, and Anne Valk, editors. U.S. Women’s History: Untangling the Threads of Sisterhood.",,,,
article-sample,10.1093/ahr/rhae137,https://openalex.org/W4399604164,Oxford University Press (OUP),286,journal-article,article,Bettina Hitzer. <i>The History of Cancer and Emotions in Twentieth-Century Germany</i>.,Greg Eghigian,"Penn State University , US","Penn State University , US",
article-sample,10.2307/1851120,https://openalex.org/W1980943532,JSTOR,1121,journal-article,article,Eugene V. Debs,John H. M. Laslett | Harold W. Currie,,,
article-sample,10.2307/1849657,https://openalex.org/W4301194415,JSTOR,1121,journal-article,article,War and the Soviet Union: Nuclear Weapons and the Revolution in Soviet Military and Political Thinking,Jesse D. Clarkson | H. S. Dinerstein,,,
article-sample,10.1086/ahr/85.1.154,https://openalex.org/W2944004055,Oxford University Press (OUP),286,journal-article,article,"Karl Holl, editor. <i>Wirtschaftskrise und liberale Demokratie: Das Ende der Weimarer Republik und die gegenwärtige Situation</i>. Göttingen: Vandenhoeck and Ruprecht. 1978. Pp. 152. Dm 15.80",Michael Geyer,University of Michigan,University of Michigan,
article-sample,10.2307/1859432,https://openalex.org/W2081349067,JSTOR,1121,journal-article,article,The Ordeal of the Constitution: The Antifederalists and the Ratification Struggle of 1787-1788,John A. Munroe | Robert Allen Rutland,,,
article-sample,10.1093/ahr/119.2.664,https://openalex.org/W4246195956,Oxford University Press (OUP),286,journal-article,article,Documents and Bibliographies,,,,
article-sample,10.1086/ahr/110.1.206,https://openalex.org/W4244470446,Oxford University Press (OUP),286,journal-article,article,"Lisane Lavanchy. <i>Écrire sa mort, décrire sa vie: Testaments de laïcs lausannois (1400–1450)</i>. (Cahiers lausannois d'histoire médiévale, number 32.) Lausanne: Université de Lausanne. 2003. Pp. 381. €28.00",Esther Cohen,Hebrew University of Jerusalem,Hebrew University of Jerusalem,
article-sample,10.2307/1839958,https://openalex.org/W4300135283,JSTOR,1121,journal-article,article,The Territorial Papers of the United States,William D. McCain | Clarence Edwin Carter,,,
article-sample,10.2307/1842786,https://openalex.org/W2039921234,JSTOR,1121,journal-article,article,Challenge in Eastern Europe: Twelve Essays,Donald W. Treadgold | C. E. Black,,,
article-sample,10.1086/ahr.113.3.964-a,https://openalex.org/W4205568867,Oxford University Press (OUP),286,journal-article,article,Communications,I. Ginor | G. Remez,,,
article-sample,10.1093/ahr/117.4.1327a,https://openalex.org/W2331803492,Oxford University Press (OUP),286,journal-article,article,Mark D. Steinberg. Petersburg Fin de Siècle.,David L. Hoffmann,,Ohio State University,
article-sample,10.2307/2651632,https://openalex.org/W2159472557,JSTOR,1121,journal-article,article,The Shah's Silk for Europe's Silver: The Eurasian Trade of the Julfa Armenians in Safavid Iran and India (1530-1750),James D. Tracy | Ina Baghdiantz McCabe,,,
article-sample,10.1086/ahr/71.1.155,https://openalex.org/W4254270336,Oxford University Press (OUP),286,journal-article,article,Les États de Languedoc au XVe Siècle,Joseph R. Strayer,Princeton University,Princeton University,
article-sample,10.2307/1854846,https://openalex.org/W4301344463,JSTOR,1121,journal-article,article,"In a Defiant Stance: The Conditions of Law in Massachusetts Bay, the Irish Comparison, and the Coming of the American Revolution",Carl Ubbelohde | John Philip Reid,,,
article-sample,10.2307/1847884,https://openalex.org/W2074036502,JSTOR,1121,journal-article,article,Die Deutschen Reichstage In Der Staatslehre Der Fruhen Neuzeit,Herman N. Weill | Freidrich Hermann Schubert,,,
article-sample,10.1093/ahr/rhz1310,https://openalex.org/W4256678145,Oxford University Press (OUP),286,journal-article,article,OUP accepted manuscript,,,,
article-sample,10.2307/1870260,https://openalex.org/W1980890224,JSTOR,1121,journal-article,article,"Jews and Zionism: The South African Experience, 1910-1967",Robert G. Weisbord | Gideon Shimoni,,,
article-sample,10.1086/ahr/84.1.201,https://openalex.org/W4236514618,Oxford University Press (OUP),286,journal-article,article,"Pier Giorgio Zunino. <i>La questione cattolica nella sinistra italiana (1940–1945)</i>. (Saggi, number 172.) Bologna: Il Mulino. 1977. Pp. 226. L. 6,000",Donald H. Bell,Smith College,Smith College,
article-sample,10.2307/1869250,https://openalex.org/W2057665699,JSTOR,1121,journal-article,article,The Impact of World War II on the Soviet Union,Yaroslav Bilinsky | Susan J. Linz,,,
article-sample,10.1086/ahr/72.4.1450,https://openalex.org/W3109750309,Oxford University Press (OUP),286,journal-article,article,"Mikhail N. Katkov: A Political Biography, 1818–1887. By <i>Martin Katz</i>. [Studies in European History, Number 6.] (The Hague: Mouton &amp; Co. 1966. Pp. 195. 24 gls.)",Marc Raeff,Columbia University,Columbia University,
article-sample,10.2307/1869046,https://openalex.org/W1989976895,JSTOR,1121,journal-article,article,Uprooted Americans: Essays to Honor Oscar Handlin,John Howe | Richard L. Bushman,,,
article-sample,10.2307/1874146,https://openalex.org/W2141431914,JSTOR,1121,journal-article,article,The Dynamics of a Tradition: Kasturbhai Lalbhai and His Entrepreneurship,Peter Harnetty | Dwijendra Tripath,,,
article-sample,10.2307/1868993,https://openalex.org/W2125782895,JSTOR,1121,journal-article,article,The Emergence of the Romanian National State,John C. Campbell | Gerald J. Bobango,,,
article-sample,10.1086/ahr/16.4.774,https://openalex.org/W4250202144,Oxford University Press (OUP),286,journal-article,article,"The Fight for the Northwest, 1860",William E. Dodd,,,
article-sample,10.2307/1869499,https://openalex.org/W2334263073,JSTOR,1121,journal-article,article,"Saints, Slaves, and Blacks: The Changing Place of Black People within Mormonism",Lester B. Scherer | Newell G. Bringhurst,,,
article-sample,10.1086/546963,https://openalex.org/W4252006030,Oxford University Press (OUP),286,journal-article,article,Historical News,,,,
article-sample,10.2307/1832290,https://openalex.org/W2322089141,JSTOR,1121,journal-article,article,Seven Roman Statesmen of the Later Republic,Henry A. Sill | Charles W. C. Oman,,,
article-sample,10.2307/1868654,https://openalex.org/W1970318955,JSTOR,1121,journal-article,article,"Birmingham's Rabbi: Morris Newfield and Alabama, 1895-1940",Myron Berman | Mark Cowett,,,
article-sample,10.2307/1860898,https://openalex.org/W2322702128,JSTOR,1121,journal-article,article,Osnovateli SSHA: Istoricheskie portrety,Richard Beeman | Alfred J. Rieber | V. V. Sogrin,,,
article-sample,10.1086/ahr/98.1.125,https://openalex.org/W4229510308,Oxford University Press (OUP),286,journal-article,article,"Rickie Solinger. <i>Wake Up Little Susie: Single Pregnancy and Race before Roe v. Wade</i>. New York: Routledge. 1992. Pp. xi, 324. $25.00",Allan M. Brandt,Harvard University,Harvard University,
article-sample,10.1086/ahr/92.2.388,https://openalex.org/W2945919896,Oxford University Press (OUP),286,journal-article,article,"<scp>dirk hoerder</scp>, editor. <i>Labor Migration in the Atlantic Economies: The European and North American Working Classes during the Period of Industrialization</i>. (Contributions in Labor History, number 16.) Westport, Conn.: Greenwood. 1985. Pp. xvi, 491. $55.00",Gary Cross,Pennsylvania State University,Pennsylvania State University,
article-sample,10.1093/ahr/rhz195,https://openalex.org/W2928794162,Oxford University Press (OUP),286,journal-article,article,"R<scp>ichard</scp> J. G<scp>olsan</scp> and S<scp>arah</scp> M. M<scp>isemer</scp>, editors. <i>The Trial That Never Ends: Hannah Arendt’s</i> Eichmann in Jerusalem <i>in Retrospect</i>.",Jürgen Matthäus,"Washington, D.C","Washington, D.C",
article-sample,10.2307/1850062,https://openalex.org/W2030428698,JSTOR,1121,journal-article,article,"Gospodarcza mysl morska II Rzeczypospolitej (1919-1939) [Maritime Economic Thought in the Second Republic, 1919-1939]",Stephan M. Horak | Zbigniew Machalinski,,,
article-sample,10.1086/529613,https://openalex.org/W2055049735,Oxford University Press (OUP),286,journal-article,article,Reviews of Books:Reconfiguring Modernity: Concepts of Nature in Japanese Political Ideology Julia Adeney Thomas,Samuel Hideo Yamashita,,,
article-sample,10.1093/ahr/117.5.1639,https://openalex.org/W1986579364,Oxford University Press (OUP),286,journal-article,article,"NICHOLAS A. ROBINS. Mercury, Mining, and Empire: The Human and Ecological Cost of Colonial Silver Mining in the Andes.",S. W. Miller,,Brigham Young University | Brigham Young Univ,
article-sample,10.2307/1866919,https://openalex.org/W2312967471,JSTOR,1121,journal-article,article,Die Regierung Eisner 1918/19: Ministerratsprotokolle und Dokumente | Die SPD-Fraktion in der Natinalversammlung 1919-1920,David W. Morgan | Fratz J. Bauer | Heinrich Potthoff | Hermann Weber,,,
article-sample,10.1086/ahr/94.2.523,https://openalex.org/W2944323782,Oxford University Press (OUP),286,journal-article,article,"William Safire. <i>Freedom</i>. Garden City, N.Y.: Doubleday. 1987. Pp. xxi, 1125. $24.95",Don E. Fehrenbacher,Stanford University,Stanford University,
article-sample,10.1086/ahr/8.2.346,https://openalex.org/W4254358569,Oxford University Press (OUP),286,journal-article,article,"<i>Europäische Politik im cyprischen Krieg. 1570–1373</i>. By Paul Herre. Erster Teil; Vorgeschichte und Vorverhandlungen. (Leipzig: Dieterich. 1902. Pp. xi, 165.)",Sidney B. Fay,,,
article-sample,10.1086/ahr.117.1.287,https://openalex.org/W2331093849,Oxford University Press (OUP),286,journal-article,article,"Cordula Grewe . Painting the Sacred in the Age of Romanticism . (Histories of Vision.) Burlington, Vt.: Ashgate Publishing Company. 2009. Pp. xvii, 418. $99.95.",Peter Chametzky,,"Southern Illinois University, Carbondale",
article-sample,10.2307/1851693,https://openalex.org/W2053282290,JSTOR,1121,journal-article,article,The Three Ages of the Italian Renaissance,W. K. Ferguson | Robert S. Lopez,,,
article-sample,10.1093/ahr/119.2.479,https://openalex.org/W2327986480,Oxford University Press (OUP),286,journal-article,article,"Emily S. Rosenberg, editor. A World Connecting, 1870–1945.",Heather Streets-Salter,,Northeastern University,
article-sample,10.2307/1869034,https://openalex.org/W2133431957,JSTOR,1121,journal-article,article,"Land, Landlords, and the British Raj: Northern India in the Nineteenth Century",Charles H. Heimsath | Thomas R. Metcalf,,,
article-sample,10.1093/ahr/rhaf079,https://openalex.org/W4411224133,Oxford University Press (OUP),286,journal-article,article,Robert K. D. Colby. <i>An Unholy Traffic: Slave Trading in the Civil War South</i>.,Evan Turiano,"Wesleyan University ,","Wesleyan University , | Wesleyan University, US",
article-sample,10.2307/1842514,https://openalex.org/W2093031627,JSTOR,1121,journal-article,article,"James Longstreet. Part I, Soldier. Part II, Politician, Officeholder, and Writer",James Rabun | Donald Bridgman Sanger | Thomas Robson Hay,,,
article-sample,10.1086/ahr.110.4.1285,https://openalex.org/W2043336462,Oxford University Press (OUP),286,journal-article,article,:Stalin's Empire of Memory: Russian‐Ukrainian Relations in the Soviet Historical Imagination.,Timothy Snyder,,Yale University  ;,
article-sample,10.2307/1869882,https://openalex.org/W4235791409,JSTOR,1121,journal-article,article,Glory of the Seas,John Haskell Kemble | Michael Jay Mjelde,,,
article-sample,10.2307/1868730,https://openalex.org/W2031303192,JSTOR,1121,journal-article,article,Byzantine Jewry: From Justinian to the Fourth Crusade,Demetrios J. Constantelos | Andrew Sharf,,,
article-sample,10.2307/1860399,https://openalex.org/W2329284651,JSTOR,1121,journal-article,article,Religia Slowian i jej upadek,Paul W. Knoll | Henryk Lowmianski,,,
article-sample,10.2307/1858245,https://openalex.org/W4245171434,JSTOR,1121,journal-article,article,"Publishing, Printing, and the Origins of Intellectual Life in Russia, 1700-1800",J. L. Black | Gary Marker,,,
article-sample,10.1086/ahr/35.3.596,https://openalex.org/W4255803504,Oxford University Press (OUP),286,journal-article,article,"<i>England in the Nineteenth Century, 1801–1805</i>. By <scp>A. F. Fremantle</scp>. (New York: Macmillan Company. 1929. Pp. 555. $5.50)",Arthur Lyon Cross,The University of Michigan,The University of Michigan,
article-sample,10.2307/1859641,https://openalex.org/W2038134927,JSTOR,1121,journal-article,article,Latin-American Political Thought and Ideology,Harold Eugene Davis | Miguel Jorrin | John D. Martz,,,
article-sample,10.1093/ahr/122.1.23,https://openalex.org/W2586469340,Oxford University Press (OUP),286,journal-article,article,"History in the Dungeon: Atlantic Slavery and the Spirit of Capitalism in Cape Coast Castle, Ghana",Andrew Apter,,,
article-sample,10.2307/1844891,https://openalex.org/W2065710986,JSTOR,1121,journal-article,article,"Rebirth of the Polish Republic: A Study in the Diplomatic History of Europe, 1914-1920",Basil Dmytryshyn | Titus Komarnicki,,,
article-sample,10.2307/2169835,https://openalex.org/W4252408152,JSTOR,1121,journal-article,article,Erskine Caldwell: The Journey from Tobacco Road.,Sylvia J. Cook | Dan B. Miller,,,
article-sample,10.1093/ahr/122.3.887a,https://openalex.org/W2627093465,Oxford University Press (OUP),286,journal-article,article,Sam Lebovic. Free Speech and Unfree News: The Paradox of Press Freedom in America.,Amy Gajda,,Tulane University Law School,
publisher-reviewed-2025,10.1093/ahr/rhae637,https://openalex.org/W4408388739,Oxford University Press (OUP),286,journal-article,article,History(ies) of Authoritarianism(s) in the Philippines,Mark John Sanchez,"Vanderbilt University ,","Vanderbilt University ,",
publisher-reviewed-2025,10.1093/ahr/rhae494,https://openalex.org/W4408402907,Oxford University Press (OUP),286,journal-article,article,Freedom in the Here and Now,Traci Parker,"University of California , Davis,","University of California , Davis,",
publisher-reviewed-2025,10.1093/ahr/rhae504,https://openalex.org/W4408403031,Oxford University Press (OUP),286,journal-article,article,"Martín Bowen. <i>The Age of Dissent: Revolution and the Power of Communication in Chile, 1780–1833</i>.",Andrés Baeza,"Universidad Adolfo Ibáñez ,","Universidad Adolfo Ibáñez ,",https://orcid.org/0000-0001-7532-848X
publisher-reviewed-2025,10.1093/ahr/rhae501,https://openalex.org/W4408403056,Oxford University Press (OUP),286,journal-article,article,The Many Booms in Hong Kong’s Past—And the First Ever Hong Kong History Boom,Jeffrey Wasserstrom,"University of California , Irvine,","University of California , Irvine,",
publisher-reviewed-2025,10.1093/ahr/rhae511,https://openalex.org/W4408403068,Oxford University Press (OUP),286,journal-article,article,Elizabeth Dore. <i>How Things Fall Apart: What Happened to the Cuban Revolution</i>.,Anasa Hicks,"Florida State University ,","Florida State University ,",
publisher-reviewed-2025,10.1093/ahr/rhae508,https://openalex.org/W4408403158,Oxford University Press (OUP),286,journal-article,article,Matthew Butler. <i>Mexico’s Spiritual Reconquest: Indigenous Catholics and Father Pérez’s Revolutionary Church</i>.,Pablo Mijangos y González,"Southern Methodist University ,","Southern Methodist University ,",
publisher-reviewed-2025,10.1093/ahr/rhae509,https://openalex.org/W4408403160,Oxford University Press (OUP),286,journal-article,article,John D. Garrigus. <i>A Secret among the Blacks: Slave Resistance before the Haitian Revolution</i>.,Isadora Moura Mota,"Princeton University ,","Princeton University ,",
publisher-reviewed-2025,10.1093/ahr/rhae499,https://openalex.org/W4408403188,Oxford University Press (OUP),286,journal-article,article,Agnes Gehbald. <i>A Colonial Book Market: Peruvian Print Culture in the Age of Enlightenment</i>.,Pedro Rueda Ramírez,"University of Barcelona ,","University of Barcelona ,",https://orcid.org/0000-0001-5228-6774
publisher-reviewed-2025,10.1093/ahr/rhae516,https://openalex.org/W4408403432,Oxford University Press (OUP),286,journal-article,article,Shannon King. <i>The Politics of Safety: The Black Struggle for Police Accountability in La Guardia’s New York</i>.,Max Felker-Kantor,"Ball State University ,","Ball State University ,",
publisher-reviewed-2025,10.1093/ahr/rhae505,https://openalex.org/W4408403729,Oxford University Press (OUP),286,journal-article,article,Noble David Cook and Alexandra Parma Cook. <i>Luis Gerónimo de Oré: The World of an Andean Franciscan from the Frontiers to the Centers of Power</i>.,Cameron D Jones,"San Luis Obispo, California","San Luis Obispo, California",
