id,label,status,n_candidates,qid,description,occupations,birth,death,sitelinks,other_candidates
a_adu_boahen,A. Adu Boahen,unique,1,Q2637530,Ghanaian politician and academic (1932-2006),"university teacher, historian, politician",1932,2006,10,
a_h_burne,A. H. Burne,unique,1,Q4722389,British army officer and military historian,"military historian, military personnel",1886,1959,4,
a_hamilton_thompson,A. Hamilton Thompson,unique,1,Q18935980,English historian (1873-1952),historian,1873,1952,2,
a_l_morton,A. L. Morton,unique,1,Q3378501,British historian (1903–1987),"journalist, historian",1903,1987,7,
alfred_radcliffe_brown,A. R. Radcliffe-Brown,unique,1,Q135576,British anthropologist (1881–1955),"anthropologist, sociologist",1881,1955,37,
aby_warburg,Aby Warburg,unique,1,Q60185,German art historian and cultural theorist (1866–1929),"art historian, university teacher",1866,1929,33,
aime_cesaire,Aimé Césaire,unique,1,Q223955,"Martinican writer, poet and politician (1913–2008)",poet,1913,2008,45,
alain_robbe_grillet,Alain Robbe-Grillet,unique,1,Q216266,French author and film director (1922–2008),"audiobook narrator, agricultural engineer, essayist, librettist, literary critic, novelist, film director, director, writer, actor, screenwriter",1922,2008,50,
albert_merono_penuela,Albert Meroño-Peñuela,unique,1,Q57553187,researcher,researcher,,,0,
albert_riedlinger,Albert Riedlinger,unique,1,Q59529670,"born:1882|died:1978|; Riedlinger, Albert, 1882-1978",,1882,1978,0,
albert_sechehaye,Albert Sechehaye,unique,1,Q13234,Swiss linguist (1870-1946),"non-fiction writer, linguist, university teacher",1870,1946,16,
aldo_leopold,Aldo Leopold,unique,1,Q971382,American writer and scientist (1887-1948),"forestry scientist, ecologist, conservationist, environmentalist, forester, hunter, university teacher, writer, naturalist, philosopher, botanical collector",1887,1948,28,
aleida_assmann,Aleida Assmann,unique,1,Q111115,German professor of English and Literary Studies,"literary scholar, scholar of English, anthropologist, director, university teacher, Egyptologist, cultural studies scholar",1947,,18,
alessandro_portelli,Alessandro Portelli,unique,1,Q3610228,Italian scholar of American literature,"literary historian, blogger, literary critic, university teacher, music critic, historian",1942,,5,
aletta_biersack,Aletta Biersack,unique,1,Q113846165,,anthropologist,1944,,0,
alex_inkeles,Alex Inkeles,unique,1,Q9147100,American sociologist and social psychologist (1920-2010),"sociologist, university teacher, psychologist, historian",1920,2010,6,
alexander_gerschenkron,Alexander Gerschenkron,unique,1,Q709886,American economist (1904–1978),"economic historian, non-fiction writer, university teacher, economist",1904,1978,16,
alexander_kluge,Alexander Kluge,unique,1,Q60637,"German writer, philosopher, academic and film director (1932–2026)","video artist, film editor, film director, director, film producer, university teacher, poet lawyer, filmmaker, lawyer, writer, actor, screenwriter, television producer, jurist",1932,2026,36,
alexander_savine,Alexander Savine,unique,1,Q103846282,"American composer, conductor and vocal teacher (1881-1949)","voice teacher, conductor, composer",1881,1949,1,
alexandre_koyre,Alexandre Koyré,unique,1,Q319243,French philosopher (1892–1964),"historian of science, philosopher, university teacher, translator",1892,1964,32,
alf_ludtke,Alf Lüdtke,unique,1,Q97125,German historian (1943–2019),"historian of Modern Age, social historian, social scientist, university teacher, ethnologist, historian",1943,2019,8,
alfred_chandler,Alfred D. Chandler Jr.,unique,1,Q1336939,American historian (1918–2007),"economic historian, university teacher, historian, economist, writer",1918,2007,16,
alfred_f_young,Alfred F. Young,unique,1,Q28335052,American historian,historian,1925,2012,2,
alfred_feilchenfeld,Alfred Feilchenfeld,unique,1,Q113753509,,"teacher, writer",1860,1923,1,
alfred_thayer_mahan,Alfred Thayer Mahan,unique,1,Q75879730,Peerage person ID=376063,,,,0,
alice_lynd,Alice Lynd,unique,1,Q105572737,"Quaker civil rights, labor, anti-war and peace activist","civil rights advocate, lawyer, writer",1930,,0,
allan_nevins,Allan Nevins,unique,1,Q3380712,American historian and journalist (1890–1971),"historian of Modern Age, journalist, university teacher, biographer, author, historian",1890,1971,10,
amadou_hampate_ba,Amadou Hampâté Bâ,unique,1,Q452299,"Malian writer, historian and ethnologist","novelist, anthropologist, ethnologist, historian, poet, writer, philosopher",1899,1991,26,
amanda_vickery,Amanda Vickery,unique,1,Q4739786,British historian,historian,1962,,5,
amy_louise_erickson,Amy Louise Erickson,unique,1,Q64597133,historian,researcher,,,0,
amilcar_cabral,Amílcar Cabral,unique,1,Q213416,Guinea-Bissauan and Cape Verdean politician (1924-1973),"agricultural engineer, agronomist, political scientist, politician, engineer, poet, writer",1924,1973,50,
andre_gunder_frank,André Gunder Frank,unique,1,Q58040,German-American economic historian and sociologist who promoted dependency theory after 1970 and world-systems theory after 1984 (1929–2005),"political activist, sociologist, university teacher, historian, economist, writer",1929,2005,27,
angela_cavender_wilson,Angela Cavender Wilson,unique,1,Q7976952,"Dakota academic, author and activist","activist, university teacher, historian",1968,,1,
angela_mcrobbie,Angela McRobbie,unique,1,Q4762514,British academic,"cultural studies scholar, communication scholar, university teacher, sociologist",1951,,12,
angela_sidney,Angela Sidney,unique,1,Q4762554,"Storyteller, author",spoken word artist,1902,1991,6,
anke_voss_hubbard,Anke Voss-Hubbard,unique,1,Q56421733,US archivist and feminist,"university teacher, archivist, librarian, writer",1960,,2,
ann_laura_stoler,Ann Laura Stoler,unique,1,Q16203101,American anthropologist,"university teacher, anthropologist, historian",1949,,4,
ann_swidler,Ann Swidler,unique,1,Q18155589,American sociologist,"sociologist, university teacher",1944,,2,
annabel_brett,Annabel S. Brett,unique,1,Q99814696,historian of political thought,historian of political thought,1950,,0,
anne_firor_scott,Anne Firor Scott,unique,1,Q4768327,US historian,"historian, writer",1921,2019,6,
anneliese_maier,Anneliese Maier,unique,1,Q91482,German historian (1905-1971),"historian of science, philosopher, historian",1905,1971,10,
annick_lemperiere,Annick Lempérière,unique,1,Q55620942,,"university teacher, historian",1953,,0,
anthony_d_king,Anthony D. King,unique,1,Q58110675,architectural historian and sociologist,"architectural historian, sociologist, art historian, university teacher",1931,2022,0,
anthony_d_smith,Anthony D. Smith,unique,1,Q976971,British academic (1939-2016),"anthropologist, sociologist, university teacher, political scientist",1939,2016,19,
antoine_meillet,Antoine Meillet,unique,1,Q347001,French linguist (1866–1936),"orientalist, Indo-Europeanist, grammarian, armenologist, slavist, linguist",1866,1936,39,
antoine_henri_jomini,Antoine-Henri Jomini,unique,1,Q115652,French-Swiss officer who served as a general with the French and Russian armies and writer on the art of war (1779-1869),"military theorist, stockbroker, cartographer, banker, historian, military officer, military personnel, writer",1779,1869,28,
arjun_appadurai,Arjun Appadurai,unique,1,Q560986,social-cultural anthropologist (born 1949),"social anthropologist, cultural anthropologist, theorist, anthropologist, academic, sociologist, ethnologist",1949,,22,
armida_de_la_vara,Armida de la Vara,unique,1,Q37111475,Mexican poet,"poet, writer",1926,1998,1,
arthur_danto,Arthur C. Danto,unique,1,Q365129,American art critic and philosopher (1924–2013),"philosopher, art critic, journalist, art historian, university teacher, painter, writer",1924,2013,28,
arthur_marwick,Arthur Marwick,unique,1,Q4799660,British historian (1936-2006),"university teacher, historian",1936,2006,4,
arthur_lovejoy,Arthur O. Lovejoy,unique,1,Q504753,American philosopher and intellectual historian (1873-1962),"literary historian, philosopher, journalist, literary critic, university teacher, historian",1873,1962,23,
arthur_schopenhauer,Arthur Schopenhauer,unique,1,Q38193,German philosopher (1788-1860),"musicologist, philosopher, university teacher, translator, writer",1788,1860,112,
augustin_thierry,Augustin Thierry,unique,1,Q381092,French historian (1795-1856),"historian, librarian, writer",1795,1856,27,
austin_woolrych,Austin Woolrych,unique,1,Q15452132,English historian (1918-2004),"historian, writer",1918,2004,3,
belinda_bozzoli,Belinda Bozzoli,unique,1,Q47529914,South African academic and politician,"academic, politician",1945,2020,9,
benedetto_croce,Benedetto Croce,unique,1,Q192348,Italian philosopher (1866-1952),"philosopher, literary critic, art historian, historian, politician, writer",1866,1952,65,
bernadette_brooten,Bernadette J. Brooten,unique,1,Q140581731,writer,writer,,,0,
bernard_bailyn,Bernard Bailyn,unique,1,Q822286,American historian (1922–2020),"historian of Modern Age, university teacher, historian, writer",1922,2020,16,
bertha_pappenheim,Bertha Pappenheim,unique,1,Q61178,Austrian feminist (1859–1936),"women's rights activist, feminist, social worker, journalist, translator, playwright, writer",1859,1936,24,
bolanle_awe,Bolanle Awe,unique,1,Q22790289,First Nigerian Female Professor of History,"researcher, university teacher, historian",1933,,13,
bret_hinsch,Bret Hinsch,unique,1,Q112511060,Chinese History professor,"university teacher, historian",1962,,0,
brigitte_studer,Brigitte Studer,unique,1,Q2925482,Swiss historian and sociologist,"labor historian, sociologist, university teacher, historian",1955,,2,
bronislaw_malinowski,Bronislaw Malinowski,unique,1,Q184992,Polish anthropologist and ethnographer based in England and the USA (1884–1942),"social anthropologist, ethnographer, anthropologist, sociologist, university teacher, photographer, ethnologist",1884,1942,52,
bruce_trigger,Bruce G. Trigger,unique,1,Q991855,Canadian archaeologist (1937–2006),"prehistorian, archaeologist, anthropologist, university teacher, historian",1937,2006,11,
bruno_hildebrand,Bruno Hildebrand,unique,1,Q77667,German economist (1812-1878),"economist, politician, state political scientist, statistician, university teacher, jurist",1812,1878,14,
c_annemieke_romein,C. Annemieke Romein,unique,1,Q130610282,historian,historian,,,0,
c_r_cheney,C. R. Cheney,unique,1,Q18592972,British historian (1906–1987),historian,1906,1987,2,
carl_grunberg,Carl Grünberg,unique,1,Q70917,"Austrian economist, economic historian and sociologist (1861-1940)","sociologist, university teacher, political economist, historian, economist, jurist",1861,1940,13,
carl_l_becker,Carl L. Becker,unique,1,Q1039506,American historian (1873–1945),"historian of Modern Age, university teacher, historian, writer",1873,1945,9,
carl_menger,Carl Menger,unique,1,Q84177,founder of the Austrian School of economics (1840–1921),"professor, economist",1840,1921,49,
carl_sauer,Carl O. Sauer,unique,1,Q1823362,American geographer (1889-1975),"geographer, pedagogue",1889,1975,19,
carl_von_clausewitz,Carl von Clausewitz,unique,1,Q76430,German-Prussian general and military theorist (1780–1831),"military theorist, military writer, army officer, philosopher, military officer, historian, military personnel, writer",1780,1831,72,
carlo_ginzburg,Carlo Ginzburg,unique,1,Q355251,Italian historian (1939–2026),"cultural studies scholar, essayist, university teacher, translator, historian",1939,2026,34,
carlo_cipolla,Carlo M. Cipolla,unique,1,Q454036,Italian economic historian (1922–2000),"economic historian, non-fiction writer, university teacher, historian, economist",1922,2000,25,
carole_shammas,Carole Shammas,unique,1,Q5044731,historian,historian,1943,,2,
caroline_walker_bynum,Caroline Walker Bynum,unique,1,Q528840,American historian,"medievalist, university teacher, historian",1941,,6,
carolyn_merchant,Carolyn Merchant,unique,1,Q2940097,American ecofeminist,"environmental scientist, historian of science, ecofeminist, ecologist, environmentalist, philosopher, chemist",1936,,12,
carroll_d_wright,Carroll D. Wright,unique,1,Q5046557,American statistician (1840–1909),"statistician, politician, writer",1840,1909,5,
carroll_smith_rosenberg,Carroll Smith-Rosenberg,unique,1,Q28971403,American historian,academic,1936,,1,
carter_g_woodson,Carter G. Woodson,unique,1,Q5047158,"American historian, writer, and journalist (1875–1950)","dean, opinion journalist, journalist, university teacher, historian, writer",1875,1950,11,
catherine_drinker_bowen,Catherine Drinker Bowen,unique,1,Q2941900,American writer (1897–1973),"novelist, violinist, biographer, historian, writer",1897,1973,6,
cathy_j_cohen,Cathy J. Cohen,unique,1,Q5053436,American writer,"academic, writer",1962,,4,
celso_furtado,Celso Furtado,unique,1,Q984416,Brazilian economist (1920-2004),"economist, diplomat, politician",1920,2004,10,
cemal_kafadar,Cemal Kafadar,unique,1,Q5058628,Turkish historian (born 1954),historian,1954,,4,
chandra_talpade_mohanty,Chandra Talpade Mohanty,unique,1,Q1086920,Indian feminism and women's studies professor,"feminist, sociologist, university teacher",1955,,13,
charles_a_beard,Charles A. Beard,unique,1,Q719860,American historian (1874-1948),"peace activist, historian of Modern Age, opinion journalist, university teacher, historian, writer",1874,1948,30,
charles_bally,Charles Bally,unique,1,Q13236,Swiss linguist (1865-1947),"philologist, linguist, university teacher",1865,1947,22,
charles_f_pidgin,Charles F. Pidgin,unique,1,Q73423127,patent holder,,,,0,
charles_grosvenor_osgood,Charles Grosvenor Osgood,unique,1,Q49819144,American academic (1871–1964),"literary scholar, university teacher",1871,1964,0,
charles_seignobos,Charles Seignobos,unique,1,Q607842,French historian (1854-1942),"university teacher, historian",1854,1942,12,
charles_victor_langlois,Charles-Victor Langlois,unique,1,Q2606667,French historian and archivist (1863–1929),"archivist, historian",1863,1929,12,
christopher_bassford,Christopher Bassford,unique,1,Q5111919,American historian,"university teacher, military historian, author, historian",1953,,6,
clifford_j_rogers,Clifford J. Rogers,unique,1,Q5132980,American military historian,"university teacher, military historian, historian",1967,,4,
cole_harris,Cole Harris,unique,1,Q5142660,"Canadian geographer, university educator, university professor (1936–2022)","university teacher, geographer",1936,2022,3,
craig_clunas,Craig Clunas,unique,1,Q3468075,British art historian,"sinologist, art historian, university teacher",1954,,2,
donald_f_mckenzie,D. F. McKenzie,unique,1,Q18922168,New Zealand bibliographer and literary scholar (1931–1999),bibliographer,1931,1999,1,
d_p_walker,D. P. Walker,unique,1,Q3447176,British historian (1914–1985),"historian, musicologist",1914,1985,4,
dadabhai_naoroji,Dadabhai Naoroji,unique,1,Q10240,"Indian politician leader, scholar and writer (1825–1917)","freedom fighter, university teacher, economist, politician",1825,1917,36,
daniel_boorstin,Daniel J. Boorstin,unique,1,Q551252,American historian (1914–2004),"historian, librarian, lawyer, writer, philosopher, sociologist, biographer",1914,2004,21,
daniel_levinson,Daniel J. Levinson,unique,1,Q5217925,psychologist and one of the founders of the field of Positive Adult Development,"university teacher, psychologist",1920,1994,7,
daniel_jonah_goldhagen,Daniel Jonah Goldhagen,unique,1,Q553527,American author and academic (born 1959),"non-fiction writer, historian of Modern Age, academic, sociologist, university teacher, political scientist, historian, writer",1959,,20,
daniel_lerner,Daniel Lerner,unique,1,Q16009322,American academic,"sociologist, university teacher",1917,1980,4,
daphne_patai,Daphne Patai,unique,1,Q1178651,American writer,"literary scholar, university teacher",1943,,7,
darlene_clark_hine,Darlene Clark Hine,unique,1,Q17523844,historian and professor (born 1947),"university teacher, historian, writer",1947,,3,
david_bloor,David Bloor,unique,1,Q3017532,British sociologist (1942-),"philosopher, sociologist, university teacher",1942,,12,
david_cannadine,David Cannadine,unique,1,Q4382556,British historian,"university teacher, biographer, historian, writer",1950,,10,
david_kertzer,David I. Kertzer,unique,1,Q3018193,American historian and anthropologist,"sociologist, anthropologist, non-fiction writer, historian",1948,,9,
david_potter,David M. Potter,unique,1,Q526331,American historian (1910–1971),"historian of Modern Age, university teacher, historian",1910,1971,9,
deborah_gray_white,Deborah Gray White,unique,1,Q18977903,American historian,"university teacher, historian",1949,,2,
denis_cosgrove,Denis Cosgrove,unique,1,Q3022630,professor (1948-2008),geographer,1948,2008,8,
denis_diderot,Denis Diderot,unique,1,Q448,French Enlightenment philosopher writer and encyclopædist (1713–1784),"art theorist, literary theorist, lexicographer, novelist, essayist, art critic, philosopher, political scientist, correspondent, literary critic, encyclopédistes, translator, playwright, poet, historian, writer",1713,1784,102,
dharma_kumar,Dharma Kumar,unique,1,Q5269233,Indian historian,"author, historian",1928,2001,3,
dick_hebdige,Dick Hebdige,unique,1,Q3026588,British sociologist,"media scholar, sociologist",1951,,4,
dipesh_chakrabarty,Dipesh Chakrabarty,unique,1,Q251282,Indian historian,"anthropologist, sociologist, university teacher, author, historian",1948,,15,
dolores_hayden,Dolores Hayden,unique,1,Q5289528,"American historian, architect, and poet","historian of urban planning, historian, architect, poet, writer",1945,,11,
dominick_lacapra,Dominick LaCapra,unique,1,Q5290927,American historian,"university teacher, historian",1939,,7,
donald_worster,Donald Worster,unique,1,Q1240502,American historian,"university teacher, historian",1941,,6,
donna_haraway,Donna Haraway,unique,1,Q253407,"American philosopher, scholar in the field of science and technology studies (born 1944)","non-fiction writer, feminist, philosopher, sociologist, university teacher, biologist, historian",1944,,37,
donny_meertens,Donny Meertens,unique,1,Q117727522,Dutch/Colombian academic,"anthropologist, academic",1946,,1,
dori_laub,Dori Laub,unique,1,Q47899967,Israeli psychiatrist,"psychoanalyst, university teacher, psychiatrist",1937,2018,2,
dorothy_porter_wesley,Dorothy Porter Wesley,unique,1,Q5298301,American librarian (1905-1995),"bibliographer, curator, historian, librarian, writer",1905,1995,9,
douglass_north,Douglass North,unique,1,Q243193,American economist and Nobel laureate (1920–2015),"economic historian, university teacher, historian, economist",1920,2015,50,
e_a_kosminsky,E. A. Kosminsky,unique,1,Q4234979,Russian historian and medievalist (1886-1959),"medieval historian, textbook writer, archaeologist, medievalist, academic, university teacher, historian, writer",1886,1959,6,
e_a_wrigley,E. A. Wrigley,unique,1,Q15462664,British historical demographer (1931-2022),"demographer, economic historian, statistician, university teacher, researcher, economist, historian",1931,2022,7,
edward_evans_pritchard,E. E. Evans-Pritchard,unique,1,Q150379,British anthropologist (1902–1973),"social anthropologist, university teacher, ethnologist, political scientist",1902,1973,33,
e_h_carr,E. H. Carr,unique,1,Q274764,"British historian, journalist, diplomat and political scientist (1892–1982)","journalist, political scientist, historian, professor, diplomat, politician, writer",1892,1982,47,
edgar_zilsel,Edgar Zilsel,unique,1,Q85508,Austrian historian and philosopher (1891–1944),"philosopher, historian, physicist",1891,1944,10,
edmund_burke_iii,Edmund Burke III,unique,1,Q5339336,American historian (born 1940),"university teacher, historian",1940,,4,
edmund_husserl,Edmund Husserl,unique,1,Q58586,"German philosopher, known as the father of phenomenology (*1859 – †1938)","phenomenologist, philosopher, university teacher, mathematician",1859,1938,83,
edoardo_grendi,Edoardo Grendi,unique,1,Q55946600,Italian historian (1932-1999),"historian, university teacher",1932,1999,0,
edward_burnett_tylor,Edward Burnett Tylor,unique,1,Q141037,English anthropologist (1832–1917),"religious studies scholar, archaeologist, anthropologist, sociologist, university teacher, ethnologist, writer",1832,1917,49,
edward_l_ayers,Edward L. Ayers,unique,1,Q5343985,American historian,"politician, historian, writer",1953,,6,
edward_said,Edward Said,unique,1,Q201538,Palestinian-American professor (1935–2003),"musicologist, philologist, philosopher, literary critic, researcher, journalist, university teacher, music critic, political scientist, musician, translator, writer",1935,2003,77,
elizabeth_a_r_brown,Elizabeth A. R. Brown,unique,1,Q3051182,American scholar,"medievalist, university teacher, historian",1932,2024,5,
elizabeth_fox_genovese,Elizabeth Fox-Genovese,unique,1,Q5362795,American historian,"university teacher, historian",1941,2007,12,
elizabeth_j_perry,Elizabeth J. Perry,unique,1,Q15907703,American academic,"sinologist, political scientist, historian",1948,,3,
elizabeth_jelin,Elizabeth Jelin,unique,1,Q20016255,Argentinian sociologist (born 1941),"sociologist, researcher, author",1941,,1,
elizabeth_lapovsky_kennedy,Elizabeth Lapovsky Kennedy,unique,1,Q5363102,American feminist,women's rights activist,1939,2026,2,
ellen_furlough,Ellen Furlough,unique,1,Q93387613,,historian,1953,,0,
elsa_goveia,Elsa Goveia,unique,1,Q28342859,Guyanese historian,"historian, professor, writer",1925,1980,7,
else_frenkel_brunswik,Else Frenkel-Brunswik,unique,1,Q87963,Austrian-American psychologist,"psychoanalyst, psychologist",1908,1958,7,
emanuel_ringelblum,Emanuel Ringelblum,unique,1,Q707554,Polish historian (1900-1944),"opinion journalist, pedagogue, archivist, historian, politician",1900,1944,18,
emily_maemura,Emily Maemura,unique,1,Q115921323,"academic, researcher",academic,,,0,
enzo_faletto,Enzo Faletto,unique,1,Q3055539,Chilean sociologist (1935-2003),"sociologist, university teacher, economist, historian",1935,2003,4,
eric_dunning,Eric Dunning,unique,1,Q5386404,sociologist,"sports scientist, sociologist, university teacher",1936,2019,6,
erich_fromm,Erich Fromm,unique,1,Q57085,German-American sociologist and psychoanalyst (1900–1980),"philosopher, psychoanalyst, sociologist, university teacher, psychologist, economist, writer",1900,1980,71,
erik_h_erikson,Erik H. Erikson,unique,1,Q58074,American German-born psychoanalyst & essayist,"non-fiction writer, psychoanalyst, university teacher, educator, psychologist",1902,1994,65,
erminie_wheeler_voegelin,Erminie Wheeler-Voegelin,unique,1,Q5392488,American anthropologist (1903–1988),"anthropologist, historian",1903,1988,3,
ernest_gellner,Ernest Gellner,unique,1,Q170078,"Czech anthropologist, philosopher and sociologist","essayist, philosopher, anthropologist, sociologist, university teacher, political scientist, author, professor",1925,1995,38,
ernst_bernheim,Ernst Bernheim,unique,1,Q62991,German historian (1850–1942),"university teacher, historian",1850,1942,13,
ernst_gombrich,Ernst Gombrich,unique,1,Q78504,Austrian art historian (1909–2001),"aesthetician, art historian, historian, professor, writer",1909,2001,37,
erving_goffman,Erving Goffman,unique,1,Q314471,Canadian-American sociologist (1922–1982),"non-fiction writer, sociologist, anthropologist",1922,1982,52,
eugene_genovese,Eugene Genovese,unique,1,Q5407291,"American historian, writer, academic, educator (1930-2012)","university teacher, historian",1930,2012,8,
eve_kosofsky_sedgwick,Eve Kosofsky Sedgwick,unique,1,Q258462,American scholar of queer theory (1950-2009),"literary scholar, women's rights activist, literary critic, journalist, poet, writer",1950,2009,22,
f_w_maitland,F. W. Maitland,unique,1,Q1376924,British historian (1850–1906),"legal historian, biographer, barrister, historian",1850,1906,13,
fei_xiaotong,Fei Xiaotong,unique,1,Q982656,"Chinese anthropologist, sociologist (1910-2005)","politician, writer, sociologist, anthropologist, university teacher",1910,2005,23,
felix_driver,Felix Driver,unique,1,Q58212019,geographer,"university teacher, geographer",1961,,3,
ferdinand_de_saussure,Ferdinand de Saussure,unique,1,Q13230,Swiss linguist and philosopher (1857–1913),linguist,1857,1913,97,
fernando_henrique_cardoso,Fernando Henrique Cardoso,unique,1,Q230578,President of Brazil from 1995 to 2003,"sociologist, university teacher, diplomat, politician, writer",1931,,57,
francois_simiand,François Simiand,unique,1,Q3085838,French academic,"economic historian, statistician, sociologist, historian, economist, professor",1873,1935,8,
francois_xavier_guerra,François-Xavier Guerra,unique,1,Q5493140,French historian (1942-2002),"university teacher, historian",1942,2002,4,
frederick_jackson_turner,Frederick Jackson Turner,unique,1,Q548462,American historian (1861-1932),"historian, writer",1861,1932,38,
friedrich_pollock,Friedrich Pollock,unique,1,Q77175,German social scientist (1894–1970),"philosopher, sociologist, economist",1894,1970,19,
friedrich_schleiermacher,Friedrich Schleiermacher,unique,1,Q76576,"German theologian, philosopher, and biblical scholar (1768-1834)","philosopher, university teacher, pedagogue, theologian, translator, writer",1768,1834,53,
g_a_cohen,G. A. Cohen,unique,1,Q553987,"Canadian political philosopher, founder of analytical Marxism (1941–2009)","philosopher, university teacher",1941,2009,21,
g_e_m_anscombe,G. E. M. Anscombe,unique,1,Q229646,British analytic philosopher,"philosopher of language, philosopher, university teacher, theologian, translator, writer",1919,2001,42,
g_g_coulton,G. G. Coulton,unique,1,Q1998582,British historian (1858–1947),"non-fiction writer, archaeologist, ethnologist, historian",1858,1947,5,
g_r_elton,G. R. Elton,unique,1,Q89433,British historian (1921–1994),"historian of Modern Age, university teacher, historian, lawyer, writer",1921,1994,12,
gabriel_kolko,Gabriel Kolko,unique,1,Q2140181,American historian (1932–2014),"political scientist, author, historian",1932,2014,8,
gabrielle_spiegel,Gabrielle M. Spiegel,unique,1,Q1490694,American historian,"medievalist, historian",1943,,6,
gaetano_mosca,Gaetano Mosca,unique,1,Q351527,Italian political scientist and journalist (1858–1941),"philosopher, sociologist, journalist, historian, jurist, politician, writer",1858,1941,27,
garrett_mattingly,Garrett Mattingly,unique,1,Q5523925,American historian,"university teacher, historian, writer",1900,1962,6,
gaston_bachelard,Gaston Bachelard,unique,1,Q270800,French writer and philosopher (1884-1962),"employee of a public institution, literary theorist, essayist, philosopher, university teacher, physicist, mathematician, poet, writer",1884,1962,43,
gayatri_chakravorty_spivak,Gayatri Chakravorty Spivak,unique,1,Q240851,"Indian scholar, literary theorist, and feminist critic","scholar of English, philologist, philosopher, literary critic, university teacher, translator, writer",1942,,49,
geoff_eley,Geoff Eley,unique,1,Q1036755,British historian,"university teacher, docent, historian",1949,,7,
georg_heinrich_pertz,Georg Heinrich Pertz,unique,1,Q68383,German historian (1795–1876),"medievalist, numismatist, editing staff, archivist, historian, librarian",1795,1876,12,
george_p_rawick,George P. Rawick,unique,1,Q5543739,American historian,historian,1929,1990,4,
george_perkins_marsh,George Perkins Marsh,unique,1,Q748127,American politician (1801-1882),"philologist, ecologist, art collector, linguist, environmentalist, diplomat, politician, writer",1801,1882,17,
george_rude,George Rudé,unique,1,Q3814503,British historian (1910-1993),historian,1910,1993,8,
george_santayana,George Santayana,unique,1,Q237833,Spanish-American philosopher,"essayist, novelist, philosopher, university teacher, poet, writer",1863,1952,50,
george_sarton,George Sarton,unique,1,Q1316061,Belgian-American historian of science (1884–1956),"university teacher, chemist, history of medicine, historian",1884,1956,17,
george_sessions,George Sessions,unique,1,Q97219073,ecologist,ecologist,1938,2016,1,
georges_canguilhem,Georges Canguilhem,unique,1,Q433741,French philosopher (1904-1995),"French resistance fighter, historian of science, philosopher, researcher, university teacher, historian, physician, naturalist",1904,1995,26,
georges_duby,Georges Duby,unique,1,Q271295,French historian (1919–1996),"medievalist, art historian, university teacher, historian",1919,1996,31,
gerald_e_markle,Gerald E. Markle,unique,1,Q131786294,,,1942,,0,
gerda_lerner,Gerda Lerner,unique,1,Q85102,Austrian-American women's history scholar (1920-2013),"autobiographer, university teacher, educator, author, translator, historian, screenwriter, writer",1920,2013,25,
gertrud_bing,Gertrud Bing,unique,1,Q66462,scholar and Director of the Warburg Institute (1892–1964),"art historian, editor, university teacher, historian, librarian",1892,1964,14,
giambattista_vico,Giambattista Vico,unique,1,Q178709,"Italian philosopher, rhetorician, historian and jurist","collector of fairy tales, legal scholar, philosopher, sociologist, historian, jurist",1668,1744,66,
gordon_wood,Gordon S. Wood,unique,1,Q5585778,"American history teacher, university and college faculty member, historian","history teacher, university teacher, historian, writer",1933,2026,10,
graham_wallas,Graham Wallas,unique,1,Q2551919,"English socialist, social psychologist, educationalist (1858–1932)","socialist, sociologist, university teacher, political scientist, author, psychologist",1858,1932,12,
h_c_darby,H. C. Darby,unique,1,Q18761925,Welsh geographer,"historical geographer, university teacher, geographer",1909,1992,2,
h_j_dyos,H. J. Dyos,unique,1,Q5661253,British historian (1921–1978),historian,1921,1978,2,
hans_delbruck,Hans Delbrück,unique,1,Q76575,German historian (1848-1929),"opinion journalist, university teacher, military historian, historian, politician",1848,1929,25,
hans_peter_duerr,Hans Peter Duerr,unique,1,Q121167,German anthropologist,"cultural historian, anthropologist, philosopher, university teacher, ethnologist, historian, writer",1943,,6,
hans_ulrich_gumbrecht,Hans Ulrich Gumbrecht,unique,1,Q92341,German-born American literary theorist,"literary historian, comparative literature academic, literary scholar, literary critic, romanist, researcher, academic, journalist, university teacher, writer",1948,,8,
hans_jurgen_puhle,Hans-Jürgen Puhle,unique,1,Q1577795,German historian,"university teacher, political scientist, historian",1940,,3,
hans_ulrich_wehler,Hans-Ulrich Wehler,unique,1,Q66155,German historian (1931–2014),"historian of Modern Age, social historian, opinion journalist, journalist, university teacher, historian, writer",1931,2014,12,
harry_mcdean,Harry C. McDean,unique,1,Q111288010,academic,university teacher,,,0,
hazel_carby,Hazel V. Carby,unique,1,Q15512556,American academic,"literary scholar, university teacher",1948,,4,
hedwig_bruhl,Hedwig Brühl,unique,1,Q19766250,German Egyptologist and art historian,"art historian, Egyptologist",1871,1942,2,
helen_clifford,Helen Clifford,unique,1,Q112494481,,"museologist, exhibition curator, art historian",1962,,0,
helmut_berding,Helmut Berding,unique,1,Q1418930,German historian of modern age (1930-2019),"historian of Modern Age, university teacher, historian",1930,2019,6,
henri_berr,Henri Berr,unique,1,Q3100150,French philosopher (1863-1954),"philosopher, historian, professor",1863,1954,9,
henri_pirenne,Henri Pirenne,unique,1,Q312501,Belgian historian (1862-1935),"medievalist, university teacher, historian",1862,1935,36,
henri_jean_martin,Henri-Jean Martin,unique,1,Q922350,French historian (1924–2007),"book historian, directeur de recherche, archivist, historian, librarian, professor",1924,2007,6,
henry_sigerist,Henry E. Sigerist,unique,1,Q122000,Swiss medical historian (1891–1957),"medical historian, university teacher, physician",1891,1957,9,
henry_rousso,Henry Rousso,unique,1,Q981884,French historian,"university teacher, historian",1954,,7,
herbert_gutman,Herbert Gutman,unique,1,Q5734278,American historian (1928–1985),"university teacher, historian",1928,1985,7,
herbert_marcuse,Herbert Marcuse,unique,1,Q60030,"German philosopher, sociologist, and political theorist (1898–1979)","political theorist, sociologist, philosopher, political scientist, university teacher",1898,1979,67,
hilary_jenkinson,Hilary Jenkinson,unique,1,Q3135567,British archivist and paleographer (1882–1961),"palaeographer, archivist",1882,1961,8,
hilary_putnam,Hilary Putnam,unique,1,Q221697,American philosopher and mathematician,"non-fiction writer, philosopher, university teacher, mathematician, computer scientist",1926,2016,47,
hippolyte_bernheim,Hippolyte Bernheim,unique,1,Q661050,French physician and neurologist (1840-1919),"hypnotist, psychoanalyst, university teacher, neurologist, psychologist, physician",1840,1919,11,
ho_peng_yoke,Ho Peng-Yoke,unique,1,Q8969577,malaya-born historian of Chinese science (1926–2014),historian of science,1926,2014,4,
homi_k_bhabha,Homi K. Bhabha,unique,1,Q325741,Indian critical theorist (born 1949),"cultural studies scholar, scholar of English, literary historian, philosopher, literary critic, professor, teacher",1949,,30,
horace_g_wadlin,Horace G. Wadlin,unique,1,Q5901748,"(1851-1925) American statistician, librarian, architect","statistician, librarian, economist",1851,1925,2,
howard_winant,Howard Winant,unique,1,Q5921272,American sociologist,sociologist,1946,,2,
howard_zinn,Howard Zinn,unique,1,Q119546,"American historian, playwright, and socialist thinker (1922–2010)","peace activist, labor historian, film director, journalist, human rights defender, historian, writer, political scientist, university teacher, playwright",1922,2010,45,
hubert_hall,Hubert Hall,unique,1,Q18528922,British archivist,archivist,1857,1944,0,
humphrey_southall,Humphrey Southall,unique,1,Q120690044,geographer and academic,"academic, geographer, historian",,,0,
helene_metzger,Hélène Metzger,unique,1,Q17296722,French philosopher (1889-1944),"philosopher, chemist",1889,1944,14,
ian_gregory,Ian N. Gregory,unique,1,Q56480391,researcher,"researcher, historian",1970,,0,
ida_altman,Ida Altman,unique,1,Q15497924,American historian,"university teacher, Hispanicamericanist, hispanist, historian",1950,,3,
ifi_amadiume,Ifi Amadiume,unique,1,Q298277,"Nigerian poet, anthropologist, and essayist","essayist, anthropologist, ethnologist, university teacher, poet, writer",1947,,15,
igor_kopytoff,Igor Kopytoff,unique,1,Q63981705,American anthropologist,anthropologist,1930,2013,0,
immanuel_kant,Immanuel Kant,unique,1,Q78129,German philosopher (1832–1888),"classical philologist, philosopher, university teacher",1832,1888,9,
immanuel_wallerstein,Immanuel Wallerstein,unique,1,Q494287,American sociologist and economic historian (1930–2019),"Africanist, economic historian, geopolitical analyst, sociologist, political scientist, historian, economist, writer",1930,2019,41,
j_b_harley,J. B. Harley,unique,1,Q4496005,"English geographer, cartographer, and map historian (1932–1991)","historian of cartography, cartographer, geographer",1932,1991,5,
j_e_neale,J. E. Neale,unique,1,Q6105497,Historian and biographer,"university teacher, historian",1890,1975,5,
j_g_a_pocock,J. G. A. Pocock,unique,1,Q1336397,New Zealand historian (1924–2023),"university teacher, political scientist, historian",1924,2023,10,
j_h_plumb,J. H. Plumb,unique,1,Q1700326,British historian (1911–2001),"university teacher, historian, writer",1911,2001,5,
jack_goldstone,Jack A. Goldstone,unique,1,Q4141387,American academic,"academic, sociologist, university teacher, political scientist",1953,,10,
jack_goody,Jack Goody,unique,1,Q636191,British anthropologist (1919-2015),"university teacher, historian, anthropologist, sociologist",1919,2015,15,
jackie_huggins,Jackie Huggins,unique,1,Q6116415,Indigenous Australian historian and writer,"anthropologist, biographer, pedagogue, historian, writer",1956,,9,
jacques_ranciere,Jacques Rancière,unique,1,Q467470,French philosopher (1940 - ),"political philosopher, aesthetician, literary critic, philosopher, university teacher",1940,,31,
james_malin,James C. Malin,unique,1,Q54555052,"1893-1979 , historian",historian,1893,1979,2,
james_epstein,James Epstein,unique,1,Q83422387,historian,,,,0,
james_george_frazer,James George Frazer,unique,1,Q151936,Scottish social anthropologist (1854–1941),"ethnographer, linguist, mythographer, folklorist, anthropologist, classical scholar, ethnologist, theologian, historian, writer",1854,1941,51,
james_lee,James Z. Lee,unique,1,Q8988115,"historian, sociologist","researcher, university teacher, sociologist, historian",1952,,1,
jan_assmann,Jan Assmann,unique,1,Q61247,German egyptologist (1938–2024),"Egyptologist, theologian, historian, cultural studies scholar, archaeologist, university teacher",1938,2024,26,
jan_goldstein,Jan E. Goldstein,unique,1,Q6148829,American historian,historian,1946,,6,
jan_vansina,Jan Vansina,unique,1,Q981217,Belgian historian and anthropologist (1929–2017),"Africanist, anthropologist, historian",1929,2017,10,
janaki_nair,Janaki Nair,unique,1,Q112476260,,"university teacher, historian",1956,,0,
jane_m_jacobs,Jane M. Jacobs,unique,1,Q6152513,Australian geographer,geographer,1958,,1,
jane_winters,Jane Winters,unique,1,Q23418986,humanities researcher and author,"academic, university teacher, historian",1970,,1,
janet_abu_lughod,Janet Lippman Abu-Lughod,unique,1,Q6153129,American historian (1928-2013),"urbanologist, demographer, sociologist, historian",1928,2013,11,
jay_winter,Jay Winter,unique,1,Q3163282,American historian,"author, historian, university teacher",1945,,4,
jean_mabillon,Jean Mabillon,unique,1,Q354563,"French Benedictine monk, medievist, paleographer, diplomatics and theologian (1632-1707)","palaeographer, scholar, religious, church historian, theologian, archivist, historian, writer",1632,1707,28,
jean_martin_charcot,Jean-Martin Charcot,unique,1,Q20710,French neurologist (1825–1893),"draftsperson, neuroscientist, pathologist, psychiatrist, psychologist, neurologist, physician",1825,1893,52,
jean_noel_biraben,Jean-Noël Biraben,unique,1,Q55621264,French physician and demographer,"demographer, Director of Research at CNRS, physician",1928,,0,
jean_philippe_genet,Jean-Philippe Genet,unique,1,Q3168803,French historian,"medievalist, university teacher, historian",1944,,3,
jean_pierre_vernant,Jean-Pierre Vernant,unique,1,Q472206,French historian and anthropologist (1914–2007),"hellenist, French resistance fighter, anthropologist, philosopher, classical scholar, researcher, historian, professor",1914,2007,21,
jerrold_seigel,Jerrold Seigel,unique,1,Q39086448,American historian,"university teacher, historian",1936,,2,
jerry_bentley,Jerry H. Bentley,unique,1,Q12404810,World history professor (1949-2012),historian,1949,2012,4,
jesse_lemisch,Jesse Lemisch,unique,1,Q94285885,,historian,1936,2018,0,
jessica_ogden,Jessica Ogden,unique,1,Q59162543,researcher,researcher,,,0,
joan_landes,Joan B. Landes,unique,1,Q114134656,American historian,"women's studies scholar, university teacher, historian",1946,,0,
joel_mokyr,Joel Mokyr,unique,1,Q2899100,American-Israeli economic historian,"economic historian, university teacher, historian, economist, Nobel Prize winner",1946,,39,
johann_gottfried_herder,Johann Gottfried Herder,unique,1,Q155547,"German philosopher, theologian, poet (1744–1803)","aesthetician, literary scholar, opinion journalist, literary critic, philosopher, superintendent, head teacher, theologian, translator, poet, writer",1744,1803,67,
johann_gustav_droysen,Johann Gustav Droysen,unique,1,Q60217,German historian (1808–1884),"philosopher, university teacher, historian, politician, writer",1808,1884,38,
johannes_fabian,Johannes Fabian,unique,1,Q15641418,German anthropologist,"cultural anthropologist, anthropologist, linguist, university teacher, ethnologist, historian",1937,2026,7,
john_a_lynn,John A. Lynn,unique,1,Q6217800,American military historian,"university teacher, historian",1943,,6,
john_demos,John Demos,unique,1,Q110238181,Greek photographer,photographer,1944,,0,
john_toews,John E. Toews,unique,1,Q6230952,American historian,"university teacher, historian",,,2,
john_hajnal,John Hajnal,unique,1,Q1979030,Hungarian-British statistical economist (1924–2008),"statistician, mathematician",1924,2008,5,
john_hope_franklin,John Hope Franklin,unique,1,Q1367397,African-American historian,"university teacher, historian, professor, writer",1915,2009,12,
john_m_janzen,John M. Janzen,unique,1,Q6245849,American anthropologist,"anthropologist, university teacher",1937,,1,
john_stuart_mill,John Stuart Mill,unique,1,Q50020,British philosopher and political economist (1806–1873),"suffragist, autobiographer, social reformer, philosopher, botanical collector, political economist, clerk, egalitarianism, economist, politician, writer",1806,1873,95,
joseph_ki_zerbo,Joseph Ki-Zerbo,unique,1,Q739752,"Burkinabé historian, politician and writer (1922-2006)","university teacher, historian, politician",1922,2006,14,
joseph_ferrie,Joseph P. Ferrie,unique,1,Q91450923,American economist (ORCID 0000-0002-7261-3610),"researcher, economist",1961,,0,
joyce_appleby,Joyce Appleby,unique,1,Q6297380,American historian (1929-2016),"women's rights activist, essayist, historian of Modern Age, university teacher, historian",1929,2016,8,
judy_wajcman,Judy Wajcman,unique,1,Q1711168,British sociologist and academic,"sociologist, university teacher",1950,,11,
jules_michelet,Jules Michelet,unique,1,Q310791,French historian; popularized the historical concept of the Renaissance,"diarist, philosopher, archivist, translator, historian, professor, writer",1798,1874,49,
julia_kristeva,Julia Kristeva,unique,1,Q159876,"Bulgarian philosopher, psychoanalyst & academic","linguist, literary scholar, philologist, novelist, literary critic, philosopher, sociologist, psychoanalyst, university teacher, writer",1941,,66,
julie_cruikshank,Julie Cruikshank,unique,1,Q42336746,Canadian anthropologist working with Indigenous peoples of the Yukon,"anthropologist, university teacher",1950,,3,
julie_m_birkholz,Julie M. Birkholz,unique,1,Q107719116,"researcher, Ghent University",university teacher,1981,,0,
julie_richter,Julie Richter,unique,1,Q130610321,historian,historian,,,0,
juliet_mitchell,Juliet Mitchell,unique,1,Q453560,Feminist psychologist,"feminist, psychoanalyst, psychologist",1940,,19,
jurgen_habermas,Jürgen Habermas,unique,1,Q76357,German sociologist and philosopher (1929–2026),"sociology teacher, philosopher, sociologist, university teacher, professor",1929,2026,87,
jurgen_kocka,Jürgen Kocka,unique,1,Q65770,German historian,"social historian, university teacher",1941,,14,
karen_halttunen,Karen Halttunen,unique,1,Q112468180,American historian,"university teacher, historian",1951,,0,
karin_knorr_cetina,Karin Knorr Cetina,unique,1,Q87092,Austrian sociologist,"sociologist, prorector, university teacher",1944,,7,
karl_julius_beloch,Karl Julius Beloch,unique,1,Q65749,German classical and economic historian (1854–1929),"historian of classical antiquity, classical scholar, geographer, historian, professor",1854,1929,13,
karl_knies,Karl Knies,unique,1,Q64265,German economist and university lecturer (1821-1898),"state political scientist, secondary school teacher, university teacher, author, economist",1821,1898,17,
karl_polanyi,Karl Polanyi,unique,1,Q318029,"Hungarian economist, philosopher and historian","economic historian, philosopher, sociologist, journalist, university teacher, economist, historian, writer, anthropologist",1886,1964,40,
katherine_mckittrick,Katherine McKittrick,unique,1,Q16244290,Canadian feminist,"cultural geographer, academic",1970,,1,
kathleen_canning,Kathleen Canning,unique,1,Q120937581,American history scholar,historian,1953,,1,
kenneth_pomeranz,Kenneth Pomeranz,unique,1,Q2367310,"American historian, sinologist, and university teacher (born 1958)","sinologist, university teacher, historian",1958,,12,
kimberle_crenshaw,Kimberlé Crenshaw,unique,1,Q6409990,American legal academic (born 1959),"activist, philosopher, academic, lawyer, university teacher, jurist",1959,,33,
lara_putnam,Lara Putnam,unique,1,Q64596903,historian,"university teacher, researcher",,,0,
laurence_sterne,Laurence Sterne,unique,1,Q218960,Anglo-Irish novelist and Anglican cleric (1713–1768),"autobiographer, novelist, journalist, cleric, theologian, parson, writer",1713,1768,54,
lawrence_w_levine,Lawrence W. Levine,unique,1,Q6504701,American historian (1933-2006),historian,1933,2006,5,
leila_j_rupp,Leila J. Rupp,unique,1,Q6519880,American historian,"feminist, university teacher, historian",1950,,6,
leisa_gibbons,Leisa Gibbons,unique,1,Q84516332,LIS academic,university teacher,,,0,
leon_litwack,Leon Litwack,unique,1,Q3830293,American historian (1929–2021),historian,1929,2021,5,
leopold_von_ranke,Leopold von Ranke,unique,1,Q77184,German historian and founder of modern source-based history (1795-1886),"writer, university teacher, historian",1795,1886,58,
leslie_hewes,Leslie Hewes,unique,1,Q139497986,geographer,geographer,1906,1999,0,
lester_irabinna_rigney,Lester-Irabinna Rigney,unique,1,Q59201562,Australian education researcher,researcher,,,0,
lilian_knowles,Lilian Knowles,unique,1,Q18674099,British economic historian and first female professor of Economic History at the London School of Economics and Political Science,"university teacher, historian",1870,1926,5,
lillian_faderman,Lillian Faderman,unique,1,Q452159,American writer,"literary critic, university teacher, author, historian, writer",1940,,10,
linda_pollock,Linda A. Pollock,unique,1,Q28916762,British historian,"university teacher, historian",1959,,1,
lionel_bataillon,Lionel Bataillon,unique,1,Q59533237,"born:1891|died:1961|; Bataillon, Lionel; Bataillon, Lionel, 1891-1961; Bataillion, Lionel; Bataillion, Lionel, 1891-",teacher,1891,1961,0,
lionel_giles,Lionel Giles,unique,1,Q59188,"British sinologist, writer and philosopher (1875–1958)","sinologist, linguist, philosopher, translator, librarian",1875,1958,12,
lionel_gossman,Lionel Gossman,unique,1,Q6555655,Scottish-American scholar of French literature,"literary scholar, romanist, university teacher, historian, writer",1929,2021,4,
lloyd_demause,Lloyd deMause,unique,1,Q676269,American thinker (1931–2020),"social scientist, psychoanalyst, author, psychologist, historian",1931,2020,12,
louis_hjelmslev,Louis Hjelmslev,unique,1,Q313769,Danish linguist (1899-1965),"historical linguist, linguist, university teacher",1899,1965,31,
louise_tilly,Louise A. Tilly,unique,1,Q6688595,American historian,historian,1930,2018,5,
lu_gwei_djen,Lu Gwei-djen,unique,1,Q844013,Chinese biochemist and historian (1904–1991),"historian of science, medical historian, biochemist, historian",1904,1991,7,
luce_giard,Luce Giard,unique,1,Q48926800,French historian of science (1950-),historian of science,1950,,0,
ludwik_fleck,Ludwik Fleck,unique,1,Q523087,Polish physician (1896–1961),"sociologist, university teacher, biologist, physician, writer, scientist, immunologist, microbiologist, philosopher",1896,1961,21,
luis_gonzalez_y_gonzalez,Luis González y González,unique,1,Q921333,Mexican historian (1925–2003),"historian, writer",1925,2003,5,
luisa_passerini,Luisa Passerini,unique,1,Q13103836,Italian cultural historian,"university teacher, cultural historian, historian",1941,,3,
luli_callinicos,Luli Callinicos,unique,1,Q16184006,South African writer,writer,,,1,
lynn_hollen_lees,Lynn Hollen Lees,unique,1,Q81653235,American historian,historian,1941,,1,
lytton_strachey,Lytton Strachey,unique,1,Q540427,English writer (1880–1932),"theatre critic, literary critic, painter, biographer, poet, writer",1880,1932,31,
m_dorothy_george,M. Dorothy George,unique,1,Q16006997,British historian,"art historian, historian",1878,1971,4,
m_m_postan,M. M. Postan,unique,1,Q2031166,British historian (1899-1981),"university teacher, historian, economist",1899,1981,9,
madeline_d_davis,Madeline D. Davis,unique,1,Q6727005,American activist and historian,LGBTQ rights activist,1940,2021,2,
madhav_gadgil,Madhav Gadgil,unique,1,Q6727256,"Indian ecologist, writer, environmental activist","biologist, professor, ecologist, opinion journalist",1942,2026,13,
marcel_mauss,Marcel Mauss,unique,1,Q295393,French sociologist and anthropologist (1872-1950),"religious studies scholar, philosopher, ethnologist, docent, professor, anthropologist, sociologist, politician",1872,1950,43,
margaret_c_jacob,Margaret C. Jacob,unique,1,Q43827743,American historian,historian,1943,,5,
margaret_mead,Margaret Mead,unique,1,Q180099,American anthropologist (1901-1978),"anthropologist, film director, ethnologist, curator, poet, writer",1901,1978,74,
margaret_somers,Margaret R. Somers,unique,1,Q19564426,American sociologist,sociologist,1949,,1,
margaret_storrs_grierson,Margaret Storrs Grierson,unique,1,Q6759931,"Founder and first director, Sophia Smith Collection, Smith College (1900-1997)",archivist,1900,1997,3,
margaret_rossiter,Margaret W. Rossiter,unique,1,Q6759992,American historian of science,"historian of science, university teacher, historian",1944,2025,15,
marion_a_kaplan,Marion A. Kaplan,unique,1,Q93245186,Skirball Professor of Modern Jewish History at New York University,historian,1946,,1,
marshall_hodgson,Marshall G. S. Hodgson,unique,1,Q346737,American historian (1922–1968),"university teacher, historian, writer",1922,1968,9,
marshall_sahlins,Marshall Sahlins,unique,1,Q345300,American anthropologist (1930-2021),"anthropologist, university teacher",1930,2021,32,
martin_broszat,Martin Broszat,unique,1,Q86149,German historian (1926–1989),"university teacher, historian",1926,1989,12,
mary_church_terrell,Mary Church Terrell,unique,1,Q3296160,American activist and suffragette (1863–1954),"women's rights activist, suffragist, clubwoman, orator, lecturer, educator, civil rights advocate, politician, writer",1863,1954,16,
mary_mcleod_bethune,Mary McLeod Bethune,unique,1,Q291068,American educator and civil rights leader (1875-1955),"feminist, suffragist, religious leader, journalist, human rights defender, pedagogue, civil rights advocate, missionary, politician, teacher, writer",1875,1955,28,
maurice_halbwachs,Maurice Halbwachs,unique,1,Q326000,"French sociologist (1877-1945), died in Buchenwald concentration camp","philosopher, statistician, sociologist, university teacher, author, psychologist, professor",1877,1945,30,
maurice_mandelbaum,Maurice Mandelbaum,unique,1,Q3301118,American philosopher (1908–1987),"opinion journalist, philosopher, university teacher",1908,1987,7,
max_horkheimer,Max Horkheimer,unique,1,Q76826,German philosopher and sociologist (1895–1973),"philosopher, literary critic, sociologist, university teacher, pedagogue",1895,1973,56,
max_sorre,Max Sorre,unique,1,Q3302779,French geographer (1880–1962),geographer,1880,1962,6,
maxine_berg,Maxine Berg,unique,1,Q6795951,British historian,historian,1950,,4,
melvin_richter,Melvin Richter,unique,1,Q23930529,scientist,scientist,1921,2020,1,
meyer_schapiro,Meyer Schapiro,unique,1,Q533444,American historian of art (1904–1996),"art theorist, aesthetician, art historian, university teacher, historian",1904,1996,16,
michael_billig,Michael Billig,unique,1,Q9032242,British psychologist,psychologist,1947,,6,
michael_omi,Michael Omi,unique,1,Q6833247,جامعهشناس آمریکایی,"sociologist, scholar, writer",1951,,2,
michel_callon,Michel Callon,unique,1,Q1381779,French sociologist,"sociologist, researcher, university teacher, engineer",1945,2025,14,
michel_de_certeau,Michel de Certeau,unique,1,Q553887,French Jesuit and scholar (1925–1986),"sociologist, philosopher, historian, university teacher, Catholic priest",1925,1986,26,
michelle_perrot,Michelle Perrot,unique,1,Q3311452,French historian (born 1928),"feminist, university teacher, historian",1928,,16,
michelle_rosaldo,Michelle Zimbalist Rosaldo,unique,1,Q14948835,American anthropologist,"anthropologist, university teacher",1944,1981,2,
mikhail_bakhtin,Mikhail Bakhtin,unique,1,Q185375,Russian intellectual and philosopher (1895–1975),"art theorist, literary scholar, philologist, linguist, literary historian, philosopher, literary critic, writer",1895,1975,58,
mikiso_hane,Mikiso Hane,unique,1,Q59533292,"born:1922-01-16|died:2003-12-08|; Hane, Mikiso 1922-2003; Hane, Mikiso","historian, japanologist",1922,2003,4,
milton_rogovin,Milton Rogovin,unique,1,Q973668,American photographer (1909–2011),photographer,1909,2011,6,
morton_white,Morton White,unique,1,Q1948755,American philosopher (1917–2016),"philosopher, university teacher, historian",1917,2016,5,
moses_coit_tyler,Moses Coit Tyler,unique,1,Q1949145,American author and professor of American history. (1835–1900),"literary scholar, scholar of English, literary critic, journalist, university teacher, biographer, historian, writer",1835,1900,7,
nancy_f_cott,Nancy F. Cott,unique,1,Q17986682,American historian,"feminist, university teacher, historian, writer",1945,,6,
nancy_partner,Nancy F. Partner,unique,1,Q112554403,,"medievalist, university teacher, historian",1942,,0,
nathan_sivin,Nathan Sivin,unique,1,Q335192,American sinologist (1931–2022),"sinologist, essayist, university teacher, historian",1931,2022,8,
nathan_wachtel,Nathan Wachtel,unique,1,Q3336757,"French historian, anthropologist and professor","anthropologist, university teacher, historian",1935,,3,
nechama_tec,Nechama Tec,unique,1,Q450506,Polish historian (1931–2023),"sociologist, university teacher, historian",1931,2023,12,
neil_smelser,Neil J. Smelser,unique,1,Q713936,American sociologist (1930–2017),"sociologist, university teacher",1930,2017,8,
neil_mckendrick,Neil McKendrick,unique,1,Q6988984,British historian,historian,1935,,1,
nevitt_sanford,Nevitt Sanford,unique,1,Q7004982,professor of psychology at the University of California at Berkeley (1909–1995),"university teacher, psychologist",1909,1995,4,
nicolas_de_condorcet,Nicolas de Condorcet,unique,1,Q201477,"French philosopher, mathematician, and political scientist (1743–1794)","philosopher, sociologist, political scientist, biographer, mathematician, economist, politician, writer",1743,1794,53,
nicole_loraux,Nicole Loraux,unique,1,Q449223,French historian (1943–2003),"professeur des universités, linguist, anthropologist, translator, historian, writer",1943,2003,10,
nikolai_trubetzkoy,Nikolai Trubetzkoy,unique,1,Q159491,Russian linguist (1890-1938),"phonologist, linguist, philosopher, philologist, university teacher, ethnologist, historian, writer",1890,1938,40,
nira_yuval_davis,Nira Yuval-Davis,unique,1,Q56872942,British academic in sociology,"opinion journalist, sociologist, researcher",1943,,3,
noemi_goldman,Noemí Goldman,unique,1,Q109888506,"Argentine historian, researcher, and professor","university teacher, historian",1956,,1,
northrop_frye,Northrop Frye,unique,1,Q354256,Canadian literary critic and literary theorist (1912–1991),"literary scholar, philosopher, literary critic, cleric, poet, writer, pedagogue, author",1912,1991,32,
numa_denis_fustel_de_coulanges,Numa Denis Fustel de Coulanges,unique,1,Q462597,French historian (1830–1889),"university teacher, historian, writer",1830,1889,28,
orin_grant_libby,Orin Grant Libby,unique,1,Q15998262,American historian (1864-1952),historian,1864,1952,2,
oskar_negt,Oskar Negt,unique,1,Q62239,German philosopher (1934–2024),"philosopher, sociologist, university teacher",1934,2024,16,
oyeronke_oyewumi,Oyèrónkẹ́ Oyěwùmí,unique,1,Q16733966,Nigerian academic,"philosopher, sociologist, teacher",1957,,15,
pamela_riney_kehrberg,Pamela Riney-Kehrberg,unique,1,Q130610315,historian (born 1963),"university teacher, historian",1963,,0,
paul_david,Paul A. David,unique,1,Q2059246,American economist (1935–2023),"academic, university teacher, economist",1935,2023,4,
paul_connerton,Paul Connerton,unique,1,Q5611401,British sociologist,"anthropologist, sociologist",1940,2019,6,
paul_e_lovejoy,Paul E. Lovejoy,unique,1,Q28823475,Canadian historian,"university teacher, historian",1943,,4,
paul_sweezy,Paul M. Sweezy,unique,1,Q715127,American economist (1910–2004),economist,1910,2004,20,
paul_ricoeur,Paul Ricœur,unique,1,Q192066,French philosopher (1913–2005),"philosopher, university teacher, translator, theologian",1913,2005,48,
paul_ree,Paul Rée,unique,1,Q62596,Prussian Doctor (1849–1901),"philosopher, physician, writer",1849,1901,18,
paulin_hountondji,Paulin J. Hountondji,unique,1,Q712288,Beninese philosopher (1942–2024),"writer, philosopher, university teacher, docent, minister, politician",1942,2024,13,
peter_galison,Peter Galison,unique,1,Q444025,American historian of science and physicist,"historian of science, film director, philosopher, university teacher, historian, physicist",1955,,12,
peter_laslett,Peter Laslett,unique,1,Q1132552,English historian (1915-2001),"demographer, anthropologist, statistician, university teacher, political scientist, historian",1915,2001,9,
peter_temin,Peter Temin,unique,1,Q7177268,American economist (1937–2025),"university teacher, economist",1937,2025,7,
philip_huang,Philip C. C. Huang,unique,1,Q64788725,"asst. prof., Dept. of History, Univ. of Calif., Los Angeles; Ph.D","university teacher, historian",1940,,4,
piero_sraffa,Piero Sraffa,unique,1,Q370468,Italian economist (1898–1983),"university teacher, economist",1898,1983,28,
pierre_goubert,Pierre Goubert,unique,1,Q3385282,French historian (1915–2012),"director of studies, professeur des universités, secondary school teacher, researcher, historian",1915,2012,12,
pierre_macherey,Pierre Macherey,unique,1,Q326897,French academic,"literary critic, philosopher, university teacher",1938,,11,
pierre_mayol,Pierre Mayol,unique,1,Q59524767,"born:1945-07-08|died:2007-10-00|; Mayol, Pierre, 1945-2007","anthropologist, sociologist",1945,2007,0,
pierre_nora,Pierre Nora,unique,1,Q266382,French historian and publisher (1931–2025),"historian, publisher, university teacher",1931,2025,34,
prasenjit_duara,Prasenjit Duara,unique,1,Q7238489,Indian historian,"university teacher, historian",1950,,4,
pratibha_parmar,Pratibha Parmar,unique,1,Q3401401,British filmmaker (born 1955),"director, film producer, film director, writer, screenwriter",1955,,13,
quintin_hoare,Quintin Hoare,unique,1,Q16938681,British translator,translator,1900,2025,1,
r_douglas_hurt,R. Douglas Hurt,unique,1,Q105452392,American agricultural historian and academic,"agrarian historian, university teacher, historian",1946,,1,
r_g_collingwood,R. G. Collingwood,unique,1,Q317075,British historian and philosopher (1889–1943),"philosopher of culture, archaeologist, historian, philosopher, university teacher",1889,1943,32,
ramachandra_guha,Ramachandra Guha,unique,1,Q3521662,historian and writer from India,"cultural studies scholar, environmentalist, journalist, university teacher, author, historian, teacher, writer",1958,,20,
ranajit_guha,Ranajit Guha,unique,1,Q475026,Indian historian(Professor),"author, historian",1923,2023,15,
ranginui_walker,Ranginui Walker,unique,1,Q7292840,New Zealand writer and academic (1932–2016),"academic, ethnologist, university teacher, writer",1932,2016,3,
raphael_samuel,Raphael Samuel,unique,1,Q3378455,British historian (1934–1996),"sociologist, university teacher, political scientist, historian",1934,1996,8,
raul_hilberg,Raul Hilberg,unique,1,Q213553,Austrian-born American political scientist and historian (1926–2007),"non-fiction writer, political scientist, university teacher, historian, writer, scientist",1926,2007,26,
raul_prebisch,Raúl Prebisch,unique,1,Q982374,Argentine economist (1901-1986),"economist, politician",1901,1986,20,
rebecca_wynter,Rebecca Wynter,unique,1,Q130565582,historian,historian,,,0,
reinhard_bendix,Reinhard Bendix,unique,1,Q76175,German-American sociologist,"non-fiction writer, sociologist, university teacher, translator",1916,1991,10,
reinhart_koselleck,Reinhart Koselleck,unique,1,Q61271,German historian (1923–2006),"university teacher, author, historian",1923,2006,24,
rhoda_power,Rhoda Power,unique,1,Q7320855,British broadcaster (1890–1957),"children's writer, writer",1890,1957,2,
richard_biernacki,Richard Biernacki,unique,1,Q112475429,1956-,sociologist,1956,,0,
richard_grove,Richard H. Grove,unique,1,Q7326099,historian (1955–2020),"environmental historian, university teacher, historian",1955,2020,5,
richard_hofstadter,Richard Hofstadter,unique,1,Q982698,American historian and public intellectual (1916–1970),"university teacher, historian",1916,1970,18,
richard_hoggart,Richard Hoggart,unique,1,Q1534871,British sociologist (1918-2014),"cultural sociologist, literary historian, university teacher",1918,2014,19,
richard_rorty,Richard Rorty,unique,1,Q215258,American philosopher (1931–2007),"philosopher, university teacher, pedagogue, writer",1931,2007,44,
rita_felski,Rita Felski,unique,1,Q14946842,American academic,"literary scholar, scholar of English, literary critic, journalist, university teacher, woman of letters",1956,,9,
rita_huggins,Rita Huggins,unique,1,Q94278975,Australian Indigenous activist,domestic worker,1921,1996,1,
robert_bullard,Robert D. Bullard,unique,1,Q7343289,American sociologist known as the father of environmental justice,"ecologist, sociologist, university teacher",1946,,5,
robert_darnton,Robert Darnton,unique,1,Q964180,American historian,"book historian, research fellow, university teacher, historian, librarian",1939,,17,
robert_k_merton,Robert K. Merton,unique,1,Q312843,American sociologist (1910–2003),"university teacher, sociologist",1910,2003,48,
robert_n_bellah,Robert N. Bellah,unique,1,Q1353651,American sociologist (1927–2013),"sociologist, university teacher",1927,2013,24,
roger_establet,Roger Establet,unique,1,Q3078901,French sociologist,"philosopher, sociologist, university teacher, translator",1938,2026,7,
roger_schofield,Roger Schofield,unique,1,Q67306572,British social scientist,"social scientist, academic, historian",1937,2019,2,
rolf_reichardt,Rolf Reichardt,unique,1,Q37719780,,"romanist, university teacher, historian",1940,,1,
ronald_inden,Ronald Inden,unique,1,Q7364960,American academic,"Indologist, orientalist, university teacher, historian",,,2,
ronald_takaki,Ronald Takaki,unique,1,Q552660,American historian (1939-2009),"anthropologist, university teacher, author, historian",1939,2009,4,
roshdi_rashed,Roshdi Rashed,unique,1,Q3442614,"Egyptian-French mathematician, philosopher and historian of science","historian of mathematics, philosopher, university teacher, mathematician, writer",1936,,8,
rosika_schwimmer,Rosika Schwimmer,unique,1,Q853932,"Hungarian activist, editor (1877-1948)","feminist, suffragist, peace activist, pacifist, non-fiction writer, lecturer, journalist, editor, politician",1877,1948,35,
roy_rosenzweig,Roy Rosenzweig,unique,1,Q1298389,American historian (1950–2007),"university teacher, historian",1950,2007,9,
ruth_behar,Ruth Behar,unique,1,Q1699866,Jewish Cuban American writer,"anthropologist, film director, university teacher, writer",1956,,11,
ruth_benedict,Ruth Benedict,unique,1,Q228822,American anthropologist and folklorologist (1887-1948),anthropologist,1887,1948,52,
ruth_rogaski,Ruth Rogaski,unique,1,Q83422270,medical historian; sinologist,"medical historian, sinologist, academic, university teacher, translator, historian",,,0,
ruth_schwartz_cowan,Ruth Schwartz Cowan,unique,1,Q19872351,American historian,historian,1941,,5,
ruy_mauro_marini,Ruy Mauro Marini,unique,1,Q4285579,Brazilian economist (1932–1997),"sociologist, economist",1932,1997,6,
s_n_eisenstadt,S. N. Eisenstadt,unique,1,Q677793,Israeli sociologist (1923–2010),"sociologist, university teacher",1923,2010,19,
samuel_huntington,Samuel P. Huntington,unique,1,Q19074,American political scientist (1927–2008),"geopolitical analyst, consultant, sociologist, political scientist, university teacher, author, economist",1927,2008,67,
sanjay_subrahmanyam,Sanjay Subrahmanyam,unique,1,Q2896848,Indian historian,"social scientist, university teacher, director of studies, historian, economist",1961,,10,
saul_friedlander,Saul Friedländer,unique,1,Q699701,Israeli historian and Holocaust survivor (born 1932),"university teacher, historian, writer",1932,,20,
scott_b_weingart,Scott B. Weingart,unique,1,Q57430662,researcher,"university teacher, historian",,,2,
serge_gruzinski,Serge Gruzinski,unique,1,Q3479345,French historian (1949-),"university teacher, historian",1949,,7,
serge_noiret,Serge Noiret,unique,1,Q55623522,French historian and political scientist (1957-),"political scientist, historian",1957,,1,
seymour_drescher,Seymour Drescher,unique,1,Q7459160,American historian,"sociologist, historian",1934,,6,
seymour_martin_lipset,Seymour Martin Lipset,unique,1,Q352959,American sociologist (1922–2006),"sociologist, university teacher, political scientist, historian, writer",1922,2006,31,
shahid_amin,Shahid Amin,unique,1,Q125397097,Indian historian,historian,1950,,0,
sharon_m_leon,Sharon M. Leon,unique,1,Q117186658,academic,researcher,,,0,
sheila_jasanoff,Sheila Jasanoff,unique,1,Q3481755,American social scientist,"linguist, sociologist, university teacher, jurist",1944,,10,
sherna_berger_gluck,Sherna Berger Gluck,unique,1,Q110705911,American social justice feminist activist and anti-Zionist,"activist, university teacher, historian",1935,,0,
sherry_ortner,Sherry B. Ortner,unique,1,Q2278440,American anthropologist,anthropologist,1941,,12,
shoshana_felman,Shoshana Felman,unique,1,Q2892505,professor of comparative literature and American literary critic,"literary scholar, literary theorist, literary critic, journalist, university teacher, writer",1942,,6,
siegfried_kracauer,Siegfried Kracauer,unique,1,Q76435,"German writer, journalist, sociologist, cultural critic, and film theorist (1889-1966)","opinion journalist, film critic, sociologist, journalist, editing staff, architect, writer",1889,1966,30,
sigmund_freud,Sigmund Freud,unique,1,Q9215,Austrian psychiatrist and founder of psychoanalysis (1856–1939),"essayist, psychoanalyst, neurologist",1856,1939,190,
silvia_rivera_cusicanqui,Silvia Rivera Cusicanqui,unique,1,Q7517038,Bolivian historian,"university teacher, sociologist, historian, writer",1949,,9,
simon_schaffer,Simon Schaffer,unique,1,Q547039,British historian of science,"historian of science, philosopher, university teacher",1955,,12,
simona_cerutti,Simona Cerutti,unique,1,Q64909984,Italian historian,historian,1954,,5,
sonia_combe,Sonia Combe,unique,1,Q3490415,French library curator and historian,"library curator, historian",1949,,1,
stanley_fish,Stanley Fish,unique,1,Q303680,American literary theorist and lawyer (born 1938),"literary scholar, philosopher, philologist, literary critic, journalist, university teacher, jurist, historian, writer",1938,,15,
staughton_lynd,Staughton Lynd,unique,1,Q3497681,American activist and lawyer (1929–2022),"trade unionist, activist, historian, jurist, lawyer",1929,2022,6,
stefania_gallini,Stefania Gallini,unique,1,Q113460041,,,,,0,
stefania_scagliola,Stefania Scagliola,unique,1,Q126596696,researcher,researcher,,,0,
stein_rokkan,Stein Rokkan,unique,1,Q319704,Norwegian political scientist,"philosopher, politician, sociologist, university teacher, political scientist",1921,1979,31,
stephan_thernstrom,Stephan Thernstrom,unique,1,Q7608177,American historian,"university teacher, historian",1934,2025,4,
stephen_bann,Stephen Bann,unique,1,Q4503684,British art historian (born 1942),"art historian, teacher",1942,,3,
stevan_harrell,Stevan Harrell,unique,1,Q105756866,professor of anthropology,"anthropologist, university teacher",1947,,0,
steven_feierman,Steven Feierman,unique,1,Q111147847,American Africanist and historian,"medical historian, Africanist, university teacher",1940,,0,
steven_shapin,Steven Shapin,unique,1,Q967777,American sociologist,"historian of science, sociologist, university teacher, historian",1943,,13,
susan_stryker,Susan Stryker,unique,1,Q7648438,"American professor, historian, author, and filmmaker","sociologist, historian, writer, film producer, film director, university teacher",1961,,20,
suzanne_desan,Suzanne Desan,unique,1,Q50281039,"academic, historian (1957-)","academic, historian",1957,,3,
cliffe_leslie,T. E. Cliffe Leslie,unique,1,Q355086,Irish jurist and economist (1826–1882),economist,1826,1882,11,
talal_asad,Talal Asad,unique,1,Q1974975,anthropologist at the CUNY Graduate Center,anthropologist,1932,,18,
talcott_parsons,Talcott Parsons,unique,1,Q203913,American sociologist (1902 – 1979),"sociologist, university teacher, biologist",1902,1979,57,
te_rangi_hiroa,Te Rangi Hīroa (Peter H. Buck),unique,1,Q1396630,"Māori leader, physician, politician and anthropologist (1877–1951)","athletics competitor, anthropologist, public figure, director, historian, politician, physician, teacher",1877,1951,12,
terence_ranger,Terence Ranger,unique,1,Q2404525,British historian (1929–2015),historian,1929,2015,6,
theda_skocpol,Theda Skocpol,unique,1,Q130064,American sociologist and political scientist,"sociologist, political scientist, university teacher, historian",1947,,19,
theodor_schieder,Theodor Schieder,unique,1,Q84675,German historian (1908–1984),"university teacher, historian",1908,1984,6,
theodor_w_adorno,Theodor W. Adorno,unique,1,Q152388,"German philosopher, sociologist and theorist (1903–1969)","aesthetician, musicologist, philosopher, aphorist, literary critic, sociologist, university teacher, writer, composer, music critic, pianist",1903,1969,77,
theodore_zeldin,Theodore Zeldin,unique,1,Q2746517,English academic,"philosopher, sociologist, university teacher, historian",1933,,7,
thomas_sugrue,Thomas J. Sugrue,unique,1,Q7794266,American historian,"academic, historian",1962,,2,
thomas_laqueur,Thomas W. Laqueur,unique,1,Q2425732,sexologist and historian,"man of letters, literary scholar, sexologist, anthropologist, university teacher, historian, writer",1945,,8,
thorold_rogers,Thorold Rogers,unique,1,Q3069804,"English economist, historian and Liberal politician (1823-1890)","economic historian, historian, economist, politician, writer",1823,1890,11,
trevor_pinch,Trevor Pinch,unique,1,Q3538596,British sociologist (1952–2021),"social scientist, sociologist, university teacher",1952,2021,6,
tsien_tsuen_hsuin,Tsien Tsuen-hsuin,unique,1,Q19801173,Chinese-American sinologist and librarian (1910–2015),"sinologist, university teacher, librarian",1909,2015,5,
uma_chakravarti,Uma Chakravarti,unique,1,Q18987308,Indian historian and filmmaker,historian,1941,,15,
vernon_parrington,Vernon Louis Parrington,unique,1,Q2517365,Football coach; Pulitzer Prize Winner; Academic Professor (1871–1929),"literary scholar, literary historian, association football coach, university teacher, historian",1871,1921,10,
victor_lieberman,Victor Lieberman,unique,1,Q21061658,American historian,historian,1945,,4,
victoria_e_bonnell,Victoria E. Bonnell,unique,1,Q109557912,American historian,"historian, sociologist, university teacher",1942,,0,
victoria_de_grazia,Victoria de Grazia,unique,1,Q18819253,American historian,"university teacher, historian",1946,,4,
vilfredo_pareto,Vilfredo Pareto,unique,1,Q11031,Italian economist and sociologist (1848-1923),"philosopher, sociologist, university teacher, economist, mathematician, engineer",1848,1923,73,
virginia_woolf,Virginia Woolf,unique,1,Q40909,English modernist writer (1882–1941),"women's rights activist, diarist, autobiographer, short story writer, novelist, essayist, publisher, literary critic, author, writer",1882,1941,121,
vania_bambirra,Vânia Bambirra,unique,1,Q4077162,Brazilian political scientist,"sociologist, economist, politician",1940,2015,3,
wb_gallie,W. B. Gallie,unique,1,Q3565699,British philosopher (1912–1998),"philosopher, sociologist, university teacher, political scientist, historian",1912,1998,5,
w_e_b_du_bois,W. E. B. Du Bois,unique,1,Q158060,American sociologist and activist (1868–1963),"pacifist, autobiographer, novelist, opinion journalist, social worker, philosopher, art historian, journalist, sociologist, human rights defender, civil rights advocate, historian, economist, poet, politician, teacher, writer, photographer",1868,1963,63,
w_g_hoskins,W. G. Hoskins,unique,1,Q8009794,English local historian (1908-1992) who founded the first university department of English Local History,"television presenter, historian",1908,1992,2,
w_w_rostow,W. W. Rostow,unique,1,Q359560,"American economist, political theorist and government official (1916–2003)","university teacher, political scientist, historian, economist, politician, writer",1916,2003,34,
werner_conze,Werner Conze,unique,1,Q74515,German historian (1910–1986),"university teacher, historian",1910,1986,7,
wiebe_bijker,Wiebe E. Bijker,unique,1,Q3567958,Dutch academic,"historian, physicist, engineer, philosopher, sociologist, university teacher",1951,,10,
wilhelm_roscher,Wilhelm Roscher,unique,1,Q62842,German economist (1817–1894),"university teacher, pedagogue, political economist, historian, economist",1817,1894,16,
william_appleman_williams,William Appleman Williams,unique,1,Q1033321,American historian (1921–1990),"political scientist, historian",1921,1990,7,
william_cooper_nell,William Cooper Nell,unique,1,Q8007100,"African-American journalist, historian (1816-1874)","journalist, civil servant, historian, writer",1816,1874,5,
william_cronon,William Cronon,unique,1,Q8007305,American historian,"environmental scientist, university teacher, geographer, historian",1954,,6,
william_dray,William Dray,unique,1,Q2468360,Canadian philosopher (1921–2009),"philosopher, university teacher, historian",1921,2009,10,
william_h_mcneill,William H. McNeill,unique,1,Q1765863,Canadian historian and writer (1917–2016),"university teacher, historian, writer",1917,2016,18,
william_h_sewell_jr,William H. Sewell Jr.,unique,1,Q8010586,American academic,writer,1940,,4,
william_wells_brown,William Wells Brown,unique,1,Q961244,"American abolitionist lecturer, novelist, playwright, and historian (1814–1884)","abolitionist, novelist, playwright, historian, writer",1814,1884,14,
wolfgang_j_mommsen,Wolfgang J. Mommsen,unique,1,Q68802,German historian (1930-2004),"university teacher, historian",1930,2004,12,
yehuda_bauer,Yehuda Bauer,unique,1,Q695770,Holocaust survivor and Israeli historian (1926–2024),"university teacher, historian, writer",1926,2024,22,
yosef_hayim_yerushalmi,Yosef Hayim Yerushalmi,unique,1,Q554993,Jewish historian (1932–2009),"university teacher, historian, rabbi",1932,2009,11,
zora_neale_hurston,Zora Neale Hurston,unique,1,Q220480,"African American folklorist, novelist, short story writer, and Civic Rights advocate (1891–1960)","novelist, anthropologist, film director, folklorist, journalist, civil rights advocate, playwright, historian, writer",1891,1960,57,
zvi_razi,Zvi Razi,unique,1,Q6578691,Israeli historian (1941-2016),historian,1941,2016,1,
emile_durkheim,Émile Durkheim,unique,1,Q15948,French sociologist (1858–1917),"historian of religion, anthropologist, philosopher, pedagogue, professor, sociologist, ethnologist",1858,1917,104,
etienne_balibar,Étienne Balibar,unique,1,Q289333,French philosopher,philosopher,1942,,26,
alfred_marshall,Alfred Marshall,unique_scholarly,8,Q13529,British economist (1842–1924),"philosopher, university teacher, economist",1842,1924,61,Q4723126(American politician (1797-1868)) ; Q15993255(American businessman) ; Q123730867(Royal Air Force officer) ; Q75980746((1838-1892)) ; Q75981523((1883-1974))
anna_freud,Anna Freud,unique_scholarly,3,Q78485,austrian-British psychoanalyst (1895–1982),"non-fiction writer, psychoanalyst, writer",1895,1982,55,"Q104654795(holocaust victim, b. 1877-01-07) ; Q104654796(holocaust victim, b. 1883-08-03)"
anton_blok,Anton Blok,unique_scholarly,2,Q588350,Dutch anthropologist (1935–2024),"hoogleraar, anthropologist, university teacher",1935,2024,6,Q3055177(Dutch sportsperson and athletics competi)
barbara_duden,Barbara Duden,unique_scholarly,2,Q807399,German historian,"medical historian, university teacher, historian",1942,,4,Q807404(German politician)
barrington_moore,Barrington Moore,unique_scholarly,2,Q241199,American historian and sociologist,"philosopher, sociologist, political scientist, historian",1913,2005,20,Q16004078(American forester)
cameron_campbell,Cameron Campbell,unique_scholarly,2,Q42837402,researcher,"sociologist, university teacher",,,0,Q103103041(Ph.D. University of Pennsylvania 1994)
chandler_davis,Chandler Davis,unique_scholarly,3,Q5071161,Canadian mathematician and writer (1926–2022),"science fiction writer, novelist, university teacher, mathematician, writer",1926,2022,4,Q119557531(college basketball player (2021–202_) So) ; Q100775433(college basketball player (2019–2019) Te)
charles_blondel,Charles Blondel,unique_scholarly,3,Q821925,"French physician, philosopher and psychologist (1876–1939)","philosopher, university teacher, psychologist, physician",1876,1939,4,Q17350081(French jurist (1895-1975)) ; Q138348449()
daniel_j_cohen,Daniel J. Cohen,unique_scholarly,2,Q96301643,researcher ORCID 0000-0001-5819-1135,researcher,,,0,Q113715257()
david_h_smith,David H. Smith,unique_scholarly,8,Q89186261,American pharmacist and researcher of drug safety and pharmacy outcomes,"researcher, pharmacist",,,0,"Q5239903(British journalist and author specialisi) ; Q26001389(American pediatric infectious diseases r) ; Q118250890(Ph.D., Pharmaceutics, University of Wash) ; Q124289099(North Carolina politician) ; Q130801115()"
david_ricardo,David Ricardo,unique_scholarly,7,Q160270,"British banker, classical economist and politician (1772-1823)","philosopher, stockbroker, political economist, banker, member of parliament, economist, politician, writer",1772,1823,85,Q115805294(Brazilian footballer) ; Q62006021(Mexican playwright) ; Q5239023(British politician (1803-1864)) ; Q75321613(Peerage person ID=61770) ; Q76104822(Peerage person ID=533976)
david_thelen,David Thelen,unique_scholarly,2,Q113627699,American historian,"university teacher, historian",,,0,Q5229978(Player of American and Canadian football)
doreen_massey,Doreen Massey,unique_scholarly,2,Q1156266,British social scientist and geographer,"non-fiction writer, geographer, university teacher, economist",1944,2016,26,Q1243853(British politician (1938–2024))
eberhard_schmitt,Eberhard Schmitt,unique_scholarly,3,Q37719774,,"university teacher, historian",1939,,1,Q94891245() ; Q99694256(photographer)
edmund_leach,Edmund Leach,unique_scholarly,2,Q550729,British social anthropologist (1910–1989),anthropologist,1910,1989,22,Q16856545(British Army officer (1836-1923))
erich_auerbach,Erich Auerbach,unique_scholarly,2,Q57603,German philologist (1892-1957),"literary scholar, comparative literature academic, literary historian, philologist, linguist, literary critic, romanist, university teacher, translator, librarian, writer",1892,1957,34,Q5387999(Czech-British photographer (1911-1977))
frances_james,Frances James,unique_scholarly,13,Q79403747,researcher,researcher,,,0,Q1440802(Canadian soprano (1903-1988)) ; Q5478749(American ecologist) ; Q75442952(Peerage person ID=144561) ; Q75599278(Peerage person ID=235347) ; Q75641526(Peerage person ID=265220)
franco_venturi,Franco Venturi,unique_scholarly,2,Q481482,"Italian historian, essayist, journalist (1914-1994)","philosophy historian, racing automobile driver, journalist, university teacher, historian, politician, writer",1914,1994,12,Q94484799()
frank_ramsey,Frank Ramsey,unique_scholarly,3,Q315387,"British mathematician, philosopher, and economist (1903–1930)","philosopher, economist, mathematician",1903,1930,38,"Q926153(American basketball player (1931-2018)) ; Q48560223(West Point graduate, class of 1885)"
fred_block,Fred Block,unique_scholarly,2,Q5495705,American sociologist,"sociologist, university teacher",1947,,1,Q117118080()
frederick_cooper,Frederick Cooper,unique_scholarly,8,Q867620,American historian,"university teacher, historian",1947,,7,Q20810691(politician from New South Wales & Queens) ; Q29048383(English painter) ; Q20707075(British sports shooter) ; Q43260413(British cyclist (1852-1935)) ; Q75781997((born 2007))
friedrich_engels,Friedrich Engels,unique_scholarly,2,Q34787,"German philosopher, sociologist and economist (1820–1895)","women's rights activist, political theorist, sociologist, philosopher, revolutionary, journalist, author, historian, entrepreneur, economist, writer",1820,1895,134,Q1458971(German entrepreneur (1796-1860))
friedrich_meinecke,Friedrich Meinecke,unique_scholarly,2,Q66147,German historian and philosopher of history (1862-1954),"historian of Modern Age, philosopher of history, opinion journalist, university teacher, archivist, historian",1862,1954,19,Q1461086(German sculptor (1873–1913))
george_bancroft,George Bancroft,unique_scholarly,3,Q741482,"American historian, statesman, founder of United States Naval Academy (1800-1891)","historian of Modern Age, philologist, academic, translator, historian, diplomat, politician, teacher, writer",1800,1891,27,Q618616(American actor (1882–1956)) ; Q5536675(English clergyman and translator (fl. 15)
george_chauncey,George Chauncey,unique_scholarly,2,Q1507106,American author and professor,"university teacher, historian",1954,,6,Q96375566(- Abt 1625/1627)
george_steiner,George Steiner,unique_scholarly,4,Q453288,American writer (1928–2020),"novelist, essayist, literary critic, cultural critic, literary scholar, philosopher, journalist, university teacher, translator, writer",1929,2020,38,"Q63708797(Hugnarian-born composer (1900–1967)) ; Q63708821(Canadian mathematician) ; Q63708850(physician, born 11 Mar. 1936)"
george_unwin,George Unwin,unique_scholarly,3,Q18917646,British economic historian & academic,"economic historian, university teacher, economist",1870,1925,3,Q5545398(British flying ace) ; Q76265250(Peerage person ID=648203)
george_washington_williams,George Washington Williams,unique_scholarly,2,Q3083858,"American Civil War soldier, Christian minister, Ohio politician, lawyer, journalist, and writer","explorer, soldier, journalist, Christian minister, theologian, parson, historian, diplomat, politician, writer",1849,1891,18,Q5546051(United States Navy admiral (1869-1925))
gerald_aylmer,Gerald Aylmer,unique_scholarly,6,Q5548898,British historian (1926–2000),"university teacher, historian",1926,2000,2,Q16153507(Irish judge) ; Q75317896(Peerage person ID=59248) ; Q75630754(Peerage person ID=257713) ; Q75640463(Peerage person ID=264565) ; Q76262489((died 1939))
giovanni_arrighi,Giovanni Arrighi,unique_scholarly,2,Q375310,Italian economist and sociologist (1937-2009),"sociologist, university teacher, economist",1937,2009,22,Q84603545(Italian military (1861-1923))
giovanni_levi,Giovanni Levi,unique_scholarly,2,Q729500,Italian historian (1939-),"university teacher, historian",1939,,8,Q57058697(Italian neurobiologist)
gonzalo_sanchez,Gonzalo Sánchez,unique_scholarly,6,Q104777977,Argentine journalist and writer,"journalist, writer",1977,,0,Q62287032(Peruvian association football player) ; Q5582262(Negro League Baseball player) ; Q5883294() ; Q110037786() ; Q135266758(basketball player (born 1985))
gyanendra_pandey,Gyanendra Pandey,unique_scholarly,2,Q5623986,historian,"author, historian",1949,,4,Q5623991(Indian cricketer)
hans_baron,Hans Baron,unique_scholarly,3,Q76295,German-American historian,"historian of Modern Age, historian, librarian",1900,1988,7,Q27450461() ; Q108477843()
henri_hubert,Henri Hubert,unique_scholarly,2,Q2440796,French sociologist (1872–1927),"sociologist, anthropologist, classical scholar, archaeologist, curator, historian, professor",1872,1927,15,Q65560111(French gymnast (fl. 1908))
hugh_kearney,Hugh Kearney,unique_scholarly,2,Q5931338,British historian (1924–2017),"opinion journalist, university teacher, historian",1924,2017,2,Q61148872(researcher ORCID ID = 0000-0003-2320-348)
ian_milligan,Ian Milligan,unique_scholarly,2,Q57416604,"researcher, University of Waterloo, ORCID id 0000-0002-1470-7723","university teacher, historian",1983,,0,Q76352468(Peerage person ID=707302)
imre_lakatos,Imre Lakatos,unique_scholarly,2,Q296249,Hungarian philosopher of mathematics and science (1922-1974),"philosopher, physicist, mathematician, university teacher",1922,1974,53,Q1127544(Hungarian journalist and contributing ed)
j_l_austin,J. L. Austin,unique_scholarly,3,Q272615,English philosopher (1911–1960),"linguist, philosopher, university teacher, pedagogue",1911,1960,43,"Q6273622(American politician (1748-1826)) ; Q106646608(politician in Massachusetts, US)"
jacob_burckhardt,Jacob Burckhardt,unique_scholarly,3,Q59945,Swiss historian (1818–1897),"draftsperson, philologist, cultural historian, philosopher, art historian, author, university teacher, historian",1818,1897,46,Q29422244() ; Q94796951()
james_e_young,James E. Young,unique_scholarly,4,Q23063025,American historian,historian,1951,,2,"Q24633379(American physicist) ; Q105760821(politician in Massachusetts, US) ; Q130849966()"
jan_lucassen,Jan Lucassen,unique_scholarly,2,Q95322917,Dutch historian,"social historian, sociologist, historian",1947,,3,Q109715341(Dutch designer (1937-2017))
jane_carruthers,Jane Carruthers,unique_scholarly,2,Q42571640,environmental historian,"university teacher, historian",1947,,0,Q75425645(Peerage person ID=133931)
jean_cavailles,Jean Cavaillès,unique_scholarly,3,Q515633,French philosopher and mathematician (1903–1944),"philosopher, resistance fighter, university teacher, mathematician",1903,1944,18,Q3188477(French painter (1901-1977)) ; Q116172410()
jean_yves_grenier,Jean-Yves Grenier,unique_scholarly,2,Q130776070,,economist,1925,,0,Q130529517()
jeffrey_weeks,Jeffrey Weeks,unique_scholarly,2,Q718057,British historian and sociologist,"LGBTQ rights activist, sociologist, researcher, historian",1945,,7,Q1686501(American mathematician)
john_higham,John Higham,unique_scholarly,8,Q6239244,American historian,historian,1920,2003,2,"Q52435731((d.c.1442) of London) ; Q16864216(Australian politician) ; Q27468440(Australian middle-distance runner and sp) ; Q125921017(American lawyer) ; Q19325409(Heigham, Sir John (1540–1626), landowner)"
john_keegan,John Keegan,unique_scholarly,4,Q363722,"British military historian, lecturer, writer and journalist (1934–2012)","journalist, military historian, university teacher, author, historian, teacher",1934,2012,26,Q20650131(English association football player (bor) ; Q6242620(Australian politician) ; Q7759843(Irish poet (1809–1849))
john_saville,John Saville,unique_scholarly,3,Q784368,British historian (1916–2009),"economic historian, social historian, historian",1916,2009,7,Q28150496(English Member of Parliament (died 1399)) ; Q57596305(British diplomat (-1960). High Commissio)
joseph_needham,Joseph Needham,unique_scholarly,4,Q318054,"British biochemist, historian and sinologist (1900–1995)","sinologist, historian of science, philosopher, biochemist, historian, writer",1900,1995,38,Q6285768(Canadian politician) ; Q6285769(English cricketer (1862-1889)) ; Q130339324((b. 1690))
jules_sion,Jules Sion,unique_scholarly,2,Q3188912,French geographer (1879-1940),geographer,1879,1940,1,Q126485005((1847-1930))
keith_jenkins,Keith Jenkins,unique_scholarly,4,Q6384552,British historian,historian,1943,,8,Q76130915(UK Independence Party candidate in the 2) ; Q76375087(Peerage person ID=720873) ; Q99682943()
kenneth_burke,Kenneth Burke,unique_scholarly,4,Q960081,American philosopher and literary critic (1897–1993),"producer, philosopher, literary critic, journalist, sociologist, music critic, university teacher, rhetorician, writer",1897,1993,22,Q6389917(Irish hurler) ; Q139266820(producer) ; Q102187952(Ph.D. New York University 1969)
leo_lowenthal,Leo Löwenthal,unique_scholarly,4,Q77146,German sociologist (1900–1993),"sociologist, philosopher",1900,1993,21,"Q105365581(holocaust victim, b. 1876-05-25) ; Q105512771(holocaust victim, birth date unknown) ; Q105654601(holocaust victim, b. 1893-06-08)"
lise_vogel,Lise Vogel,unique_scholarly,2,Q60302384,American Marxist-feminist sociologist and art historian (b. 1938),"sociologist, art historian",1938,,6,Q105544329(French journalist)
louis_hartz,Louis Hartz,unique_scholarly,2,Q4496151,American political scientist (1919-1986),political scientist,1919,1986,6,Q21541044(Dutch painter and etcher (1869-1935))
louis_marin,Louis Marin,unique_scholarly,3,Q370389,French philosopher (1931–1992),"literary scholar, literary critic, art critic, philosopher, art historian, university teacher, historian",1931,1992,9,Q1229977(French politician (1871-1960)) ; Q96244702()
marianne_weber,Marianne Weber,unique_scholarly,5,Q66916,German women's rights activist and legal historian (1870-1954),"feminist, sociologist, legal historian, painter, politician, writer",1870,1954,25,Q275840(Dutch singer) ; Q47469582(German rower) ; Q94751780() ; Q96273287()
martin_jay,Martin Jay,unique_scholarly,2,Q5927301,"Sidney Hellman Ehrman Professor of History, University of California, Berkeley","philosopher, sociologist, historian, writer",1944,,10,Q75654685((born 1939))
michael_frisch,Michael Frisch,unique_scholarly,4,Q73677273,urban planning researcher,researcher,,,0,Q23561306(German politician) ; Q101160088(chemistry researcher) ; Q130768688()
michel_fleury,Michel Fleury,unique_scholarly,2,Q3309634,French historian and archivist (1923–2002),"archaeologist, archivist, historian",1923,2002,5,"Q96023273(French monk in Algeria, martyr, blessed )"
miroslav_hroch,Miroslav Hroch,unique_scholarly,2,Q2502881,Czech historian and university educator,"university teacher, historian",1932,,17,Q95240120(Czechoslovak microbiologist (1929-2005))
nancy_fraser,Nancy Fraser,unique_scholarly,2,Q267536,American philosopher,"feminist, philosopher, sociologist, political scientist, university teacher",1947,,32,Q75336451((born 1921))
otto_brunner,Otto Brunner,unique_scholarly,4,Q112539,Austrian historian (1898–1982),"social historian, medievalist, university teacher, archivist, historian",1898,1982,11,Q2038367(Swiss politician (1896-1973)) ; Q102303139(Dr. phil. II Universität Zürich 1933) ; Q104422434(Holocaust victim (born 1902))
partha_chatterjee,Partha Chatterjee,unique_scholarly,5,Q2335595,Indian academic,"sociologist, political scientist, historian",1947,,14,"Q7140208(Indian politician) ; Q123584885(Bengali actor) ; Q102443423(Ph.D. University of Minnesota-Minneapoli) ; Q109473782(Indian businessperson (born 1969, child )"
patrick_gardiner,Patrick Gardiner,unique_scholarly,2,Q16013847,philosopher,"philosopher, university teacher",1922,1997,5,Q4935020(Irish musician)
patrick_geary,Patrick Geary,unique_scholarly,2,Q2057694,American historian,"medievalist, university teacher",1948,,7,Q20819510(Irish speaker in Australia)
paul_gilroy,Paul Gilroy,unique_scholarly,2,Q329624,Scholar of the Black diaspora and culture,"music historian, cultural studies scholar, sociologist, university teacher",1956,,9,Q108541046(British QC)
perry_anderson,Perry Anderson,unique_scholarly,3,Q456392,British historian (born 1938),"opinion journalist, philosopher, sociologist, editor, university teacher, music critic, political scientist, historian",1938,,26,Q2793336(Canadian ice hockey player) ; Q109479455(farmer and land owner in the Somerset Co)
peter_paret,Peter Paret,unique_scholarly,2,Q7176295,"German cultural historian, military historian, regional historian, historian and author (1924–2020)","regional historian, cultural historian, art historian, university teacher, military historian, author, historian",1924,2020,6,"Q6069802(Flemish-Spanish engraver, printmaker)"
pierre_bourdieu,Pierre Bourdieu,unique_scholarly,3,Q156268,"French sociologist, anthropologist, and philosopher (1930–2002)","philosopher, sociologist, researcher",1930,2002,71,Q3384136(French rock climber (1895-1969)) ; Q111585888(French Resistance fighter (1910–1994))
plutarch,Plutarch,unique_scholarly,6,Q41523,Greek philosopher and historian (c. AD 46 – after AD 119),"essayist, philosopher, magistrate, biographer, historian, priest, writer",0040,0120,101,Q48862382() ; Q16737858() ; Q124060770() ; Q115921725() ; Q123740392(sculptor)
quentin_skinner,Quentin Skinner,unique_scholarly,2,Q465807,British historian (1940-),"philosopher, university teacher, political scientist, historian",1940,,24,Q135934578(American football player)
richard_tuck,Richard Tuck,unique_scholarly,2,Q54629043,college teacher,academic,1949,,1,"Q115282506(English cleric, 1817-1868)"
robert_kelley,Robert Kelley,unique_scholarly,9,Q100757862,researcher,researcher,,,0,"Q26837149(American football player) ; Q7350545(American diplomat) ; Q7346296(President of the University of North Dak) ; Q20714303(American football player) ; Q139902554(American athletics competitor, born 1921)"
sally_alexander,Sally Alexander,unique_scholarly,2,Q59160146,English historian,"essayist, women's rights activist, historian, university teacher",1943,,5,Q104208940(Holocaust victim (born 1886))
sarah_chaney,Sarah Chaney,unique_scholarly,3,Q59151433,researcher ORCID ID = 0000-0003-0335-9863,researcher,,,0,Q52185908(American billionaire heiress (Cargill)) ; Q112779979(American journalist)
shawn_graham,Shawn Graham,unique_scholarly,3,Q55195298,archaeologist,"archaeologist, university teacher, historian, scientist",,,0,Q368427(Premier of New Brunswick from 2006 to 20) ; Q101815065(Barbadian cricketer)
sidney_webb,Sidney Webb,unique_scholarly,3,Q332442,"English socialist economist, 1859–1947 (1859–1947)","sociologist, aristocrat, political economist, historian, economist, professor, politician, writer",1859,1947,28,Q7507945(English footballer) ; Q20876887(English cricketer)
stephen_legg,Stephen Legg,unique_scholarly,2,Q58158903,geographer,"geographer, professor",1978,,0,Q108617110(New Zealand ergonomist)
sun_tzu,Sun Tzu (Sunzi),unique_scholarly,2,Q37151,6th century BCE Chinese general and military strategist,"philosopher, military personnel, writer",-054,-049,113,Q2634383(mathematician)
sandor_ferenczi,Sándor Ferenczi,unique_scholarly,3,Q12355577,Hungarian archaeologist,archaeologist,1894,1945,2,Q335466(Hungarian psychoanalyst (1873–1933)) ; Q1000541(Hungarian science writer and journalist )
thomas_babington_macaulay,Thomas Babington Macaulay,unique_scholarly,2,Q315989,British historian and politician (1800–1859),"abolitionist, poet lawyer, historian, poet, politician, writer",1800,1859,48,Q19519573(Yoruba priest and educator)
thomas_carlyle,Thomas Carlyle,unique_scholarly,2,Q151403,"Scottish essayist, historian and philosopher (1795–1881)","teacher, writer, scientist, literary historian, novelist, essayist, linguist, philosopher, literary critic, translator, historian, mathematician",1795,1881,70,"Q261722(Scottish lawyer and ""apostle"" of the Cat)"
thomas_p_hughes,Thomas P. Hughes,unique_scholarly,2,Q3525467,American historian,"historian, professor, historian of technology, historian of science, university teacher",1923,2014,7,Q28089053(Irish-born Roman Catholic priest in Nige)
walter_benjamin,Walter Benjamin,unique_scholarly,2,Q61078,"German cultural critic, philosopher and social critic (1892–1940)","librettist, literary historian, essayist, literary critic, philosopher, art critic, sociologist, translator, writer",1892,1940,71,Q100749212(college basketball player (1978–1979) Co)
wang_ling,Wang Ling,unique_scholarly,22,Q7967543,Australian historian (1917–1994),historian,1917,1994,4,"Q706628(Chinese Cao Wei state general (died 251)) ; Q7967541(Chinese basketball player (born 1978)) ; Q6134411(person, CBDB = 134995) ; Q2898768(Song dynasty person CBDB = 3967) ; Q97182265(Chinese politician)"
wilhelm_dilthey,Wilhelm Dilthey,unique_scholarly,2,Q60080,"German historian, psychologist, sociologist, student of hermeneutics, and philosopher (1833–1911)","literary historian, literary critic, philosopher, sociologist, university teacher, theologian, writer, pedagogue, psychologist, historian, teacher",1833,1911,50,Q15854456()
william_ashley,William Ashley,unique_scholarly,4,Q4533412,British economic historian (1860–1927),"economic historian, economist, professor",1860,1927,10,"Q22343741(British MP, 1803-1877) ; Q75869670(Peerage person ID=368714) ; Q96207706(Abt 1742 -)"
adam_smith,Adam Smith,ambiguous,61,Q39075036,computer scientist,computer scientist,,,3,"Q37609881(British paleontologist) ; Q42763651(American chemistry researcher) ; Q52116879(Professor and Clinical Cytogeneticist) ; Q57832825(researcher ORCID ID = 0000-0002-1373-111) ; Q58051258(researcher, ORCID id # 0000-0002-8921-84)"
alfred_crosby,Alfred Crosby,ambiguous,3,Q3271870,"Historian, author, and professor (1931-2018)","geographer, historian, non-fiction writer, university teacher",1931,2018,17,"Q88487940(American materials scientist) ; Q106599841(politician in Massachusetts, US)"
anna_clark,Anna Clark,ambiguous,12,Q4766921,British historian,"university teacher, historian",1974,,2,Q109405767(Australian historian) ; Q56860619(researcher) ; Q112479129() ; Q125469746(scientist at MBIE in New Zealand) ; Q75764572(Peerage person ID=322189)
anna_davin,Anna Davin,ambiguous,3,Q59143386,British feminist historian,"essayist, women's rights activist, social historian, writer",1940,,4,Q64605828(researcher) ; Q64707077()
arnold_toynbee_economic_historian,Arnold Toynbee (economic historian),ambiguous,2,Q185381,British historian (1889–1975),"philosopher of culture, philosopher, university teacher, historian, diplomat",1889,1975,58,Q537152(British economic historian (1852–1883))
barbara_hardy,Barbara Hardy,ambiguous,2,Q108101976,Australian environmentalist and scientist,"conservationist, scientist",1927,,4,"Q23022369(Welsh literary scholar, author, poet (19)"
barbara_taylor,Barbara Taylor,ambiguous,14,Q437224,British novelist (1933–2024),"novelist, journalist, author, writer",1933,2024,18,Q4859355(British historian) ; Q64698302(researcher) ; Q90026489(researcher) ; Q92652065(researcher (ORCID 0000-0001-7620-0736)) ; Q75239830(Peerage person ID=2105)
barry_barnes,Barry Barnes,ambiguous,2,Q3635218,basketball coach,basketball coach,1942,,2,Q115797454(politician from Trinidad and Tobago)
beatrice_webb,Beatrice Webb,ambiguous,4,Q242666,"English sociologist, economist, socialist, and social reformer (1858–1943)","social reformer, socialist, suffragist, sociologist, historian, economist, baron, politician, writer",1858,1943,34,Q28043879(English medical practitioner) ; Q75736366((died 1953)) ; Q75982132(Peerage person ID=447068)
benedict_anderson,Benedict Anderson,ambiguous,2,Q212993,American political scientist (1936-2015),"philosopher, anthropologist, university teacher, political scientist, author, historian, writer",1936,2015,50,Q124639063()
bernard_lepetit,Bernard Lepetit,ambiguous,2,Q2898235,French historian (1948–1996),historian,1948,1996,5,Q50588359(researcher)
brian_vickers,Brian Vickers,ambiguous,4,Q2112545,American motor racing driver,racing automobile driver,1983,,9,Q4965539(British literary scholar) ; Q75689335(Peerage person ID=289381) ; Q100941792(college basketball player (1979–1981) Io)
charles_tilly,Charles Tilly,ambiguous,2,Q717635,American sociologist (1929–2008),"social scientist, sociologist, university teacher, political scientist, historian",1929,2008,23,"Q3528537(French theatre director, film director, )"
christopher_browning,Christopher Browning,ambiguous,3,Q59098,American historian of the Holocaust,"historian of the Holocaust, university teacher, historian",1944,,22,Q130404808(researcher) ; Q76292088(Peerage person ID=667652)
christopher_duffy,Christopher Duffy,ambiguous,6,Q1086647,British military historian,"military historian, historian",1936,2022,6,"Q57977723(researcher, ORCID id # 0000-0003-0080-64) ; Q137386484(researcher ORCID 0000-0001-6662-0200) ; Q16231654(baseball player) ; Q5106442(Scottish association football player (19) ; Q102582183(Ph.D. University of Victoria and Univers)"
christopher_dyer,Christopher Dyer,ambiguous,8,Q2966578,British historian (1944- ),"assistant master, university teacher, historian",1944,,5,Q94177876(researcher (ORCID 0000-0002-8087-8651)) ; Q5167073(American drag queen) ; Q69334411(British journalist) ; Q75946478((born 1979)) ; Q77358141(computer scientist)
christopher_freeman,Christopher Freeman,ambiguous,5,Q1086693,British economist (1921-2010),"university teacher, economist",1921,2010,8,"Q62933905(researcher) ; Q104619651(researcher) ; Q5106593(British biochemist, Professor at Bangor ) ; Q75938158((born 1946))"
daniel_roche,Daniel Roche,ambiguous,5,Q946091,French historian (1935–2023),"university teacher, historian",1935,2023,8,Q42685547(researcher) ; Q4144677(English child actor) ; Q65598437() ; Q98237820()
david_blackbourn,David Blackbourn,ambiguous,2,Q1173761,historian,"historian of Modern Age, university teacher, historian",1949,,4,Q55188089(researcher)
david_douglass,David Douglass,ambiguous,4,Q5231206,American civil and military engineer; academic administrator; and cemetery architect (1790-1849),"civil engineer, academic, botanical collector, engineer, architect",1790,1849,4,"Q58204714(geologist, college professor, dean) ; Q18819397(actor and theatre manager (1720-1786)) ; Q112495888(conductor, composer, and musician (born )"
david_harvey,David Harvey,ambiguous,31,Q343055,British geographer and anthropologist,"social scientist, anthropologist, geographer, economist, urban planner, university teacher",1935,,38,Q29642906(professor of paediatrics) ; Q61137752(British biochemist) ; Q62056571(sociologist) ; Q89124407(American chemical engineer/rare earth re) ; Q99631842(British chemistry researcher)
david_kaufmann,David Kaufmann,ambiguous,6,Q351593,Austrian academic (1852-1899),"university teacher, librarian",1852,1899,9,"Q58229649(Swiss political scientist and assistant ) ; Q94943240() ; Q105355159(holocaust victim, b. 1874-01-22) ; Q105355156(holocaust victim, b. 1862-06-11) ; Q105519764(holocaust victim, b. 1887-04-23)"
david_montgomery,David Montgomery,ambiguous,19,Q5237665,American historian (1927–2011),historian,1927,2011,4,Q1176238(American geomorphologist) ; Q84356876(Canadian music researcher and librarian) ; Q95611851(researcher ORCID 0000-0001-8112-8695) ; Q709804(British media executive) ; Q48977154(American football player (born 1997))
deepak_kumar,Deepak Kumar,ambiguous,38,Q5250511,Indian historian,"author, historian",1986,,4,Q56384525(researcher (ORCID 0000-0001-8182-0016)) ; Q59823098(researcher ORCID ID = 0000-0001-9048-882) ; Q84448897(researcher (ORCID 0000-0003-1728-484X)) ; Q84643443(researcher (ORCID 0000-0003-2241-0054)) ; Q85649184(researcher (ORCID 0000-0003-4487-7755))
dick_hughes,Dick Hughes,ambiguous,5,Q54913396,"Australian jazz pianist, singer and journalist","journalist, pianist, musician, singer",1931,2018,3,"Q5273035(American baseball player) ; Q5273036(English footballer (1902-1984)) ; Q27909769(American-football player (1932-)) ; Q125266903(American architect, active in Las Vegas)"
dorothy_porter_medical,Dorothy Porter,ambiguous,5,Q5298301,American librarian (1905-1995),"bibliographer, curator, librarian, historian, writer",1905,1995,9,Q5298596(Australian poet (1954–2008)) ; Q108526317(British literary scholar) ; Q112412508() ; Q129499369()
eric_wolf,Eric Wolf,ambiguous,4,Q89562,American anthropologist (1923-1999),"anthropologist, university teacher, historian",1923,1999,18,Q75721465(researcher) ; Q88258668(clinical research scientist at Eli Lilly) ; Q42306298()
federico_ferretti,Federico Ferretti,ambiguous,3,Q55620483,Italian geographer (b.1973),"university teacher, geographer",1973,,0,Q91447737(technology researcher) ; Q117112755(Italian law scholar (b.1970))
franz_boas,Franz Boas,ambiguous,2,Q76857,German-American anthropologist,"ethnographer, linguist, philosopher, anthropologist, art historian, university teacher, ethnologist, curator, geographer, physicist",1858,1942,60,Q56418700(researcher)
franz_neumann,Franz Neumann,ambiguous,13,Q25592735,Austrian numismatist,"numismatist, university teacher",1744,1816,0,Q115957509() ; Q85809(Austrian architect and politician (1844–) ; Q1448392(German politician (1904-1974)) ; Q99858942(Chancellor and Landvogt of the Neumark a) ; Q128238611(1826-)
fritz_fischer,Fritz Fischer,ambiguous,24,Q61687,German historian (1908–1999),"historian of Modern Age, author, university teacher, historian",1908,1999,21,Q117871(Swiss physicist and professor at ETH Zur) ; Q64993655(German soldier and Low German fairy tale) ; Q117225389() ; Q94794338() ; Q94852039()
gareth_stedman_jones,Gareth Stedman Jones,ambiguous,2,Q5522975,British historian,"preface author, university teacher, historian",1942,,5,Q64594330()
geoffrey_parker,Geoffrey Parker,ambiguous,12,Q1355845,British military historian,"historian of Modern Age, history teacher, school teacher, university teacher, military historian, educator, historian, professor",1943,,14,Q16734149(American academic) ; Q49972200(researcher on medical imaging) ; Q57217131(forest ecologist) ; Q59583426(scientist 1933-) ; Q3101097(British SOE agent)
george_marcus,George E. Marcus,ambiguous,3,Q472339,"American anthropologist, university professor, magazine editor","anthropologist, university teacher, writer",1946,,8,Q134608156(American political scientist) ; Q125740265(American political science professor)
gyan_prakash,Gyan Prakash,ambiguous,4,Q5623975,Indian historian,historian,1952,,4,Q60980195(researcher ORCID ID = 0000-0003-4725-917) ; Q92172106(researcher (ORCID 0000-0001-9274-0636)) ; Q47124658(botanist)
hans_medick,Hans Medick,ambiguous,3,Q98483,German historian of modern age,"historian of Modern Age, anthropologist, university teacher, historian",1939,,4,Q64623778() ; Q64675291(researcher)
hans_mommsen,Hans Mommsen,ambiguous,2,Q70335,German historian (1930–2015),"historian of Modern Age, university teacher, historian",1930,2015,15,Q94781016(archaeologist)
harry_collins,Harry Collins,ambiguous,6,Q769751,British sociologist of science,"sociologist of science, sociologist, university teacher",1943,,9,Q87955975(researcher) ; Q7335488(American baseball player (1896–1968)) ; Q5668003(Australian rules footballer (1892-1918)) ; Q124414351(American fashion designer) ; Q75357955(Peerage person ID=85936)
heinrich_rickert,Heinrich Rickert,ambiguous,4,Q77012,German philosopher (1863-1936),"philosopher, university teacher",1863,1936,30,Q84704(German journalist and author (1833-1902)) ; Q94879641(German mathematician (1890-1917)) ; Q95761465()
henri_wallon,Henri Wallon,ambiguous,3,Q946417,"French psychologist, philosopher, pedagogist, and politician (1879–1962)","philosopher, psychologist, professor, writer, politician, physician",1879,1962,20,Q589355(French politician (1812-1904)) ; Q117768291()
j_c_davis,J. C. Davis,ambiguous,3,Q47546700,"American rock and blues guitarist, singer, and songwriter","guitarist, singer-songwriter, singer",1938,,2,Q6104928(British historian (1940–2021)) ; Q137261686(American football player (born 2003))
j_p_cooper,J. P. Cooper,ambiguous,2,Q21166113,Professor of Agricultural Botany at the University of Wales,scientist,1923,2011,1,Q93262392()
j_t_murphy,J. T. Murphy,ambiguous,2,Q6107199,British politician,"trade unionist, politician",1888,1965,3,"Q107123767(politician in Massachusetts, US (b. 1842)"
jacques_le_goff,Jacques Le Goff,ambiguous,2,Q213992,French historian (1924-2014),"French resistance fighter, medievalist, researcher, historian",1924,2014,46,Q99484348(French political scientist (1949-))
jacques_martin,Jacques Martin,ambiguous,32,Q741712,French comics author (1921-2010),"penciller, comics writer, comics artist, drafter",1921,2010,18,Q59829420(French philosopher (1922-1964)) ; Q16186030(French presbyter (1684-1751)) ; Q62024249((1794-1874)) ; Q69897574(French university teacher (1948-2001)) ; Q112388364()
jacques_revel,Jacques Revel,ambiguous,2,Q3159866,French historian (1942-2026),"director of studies, university teacher, historian",1942,2026,9,Q18117922()
james_baker,James Baker,ambiguous,105,Q49481016,American rapper from Tennessee,"rapper, songwriter",1996,,9,"Q6129269(Australian rock musician) ; Q55720871(American educator, president of the Univ) ; Q6133022(American judge) ; Q46922830(British synthetic chemist and chemical b) ; Q59680710(clinical pharmacist)"
james_boswell,James Boswell,ambiguous,9,Q335060,"Scottish lawyer, diarist and author (1740–1795)","diarist, biographer, lawyer, writer",1740,1795,39,"Q96179503(researcher) ; Q10401303(English footballer and manager (1922-201) ; Q15462487(New Zealand painter, draughtsman (1906-1) ; Q16018373(American businessman (1923-2009)) ; Q15462611(founder of the J. G. Boswell Company (18)"
james_clifford,James Clifford,ambiguous,9,Q984620,American historian,"cultural anthropologist, anthropologist, university teacher, ethnologist, historian",1945,,9,Q6131468(English divine and musician) ; Q112379292() ; Q28155071(English Member of Parliament in 1404) ; Q6131465(Australian artist (1936-1987)) ; Q84718188()
james_lockhart,James Lockhart,ambiguous,18,Q864216,American historian of Latin America (1933–2014),"university teacher, historian",1933,2014,7,"Q125956044(management lecturer at Massey University) ; Q1613865(American politician (1806-1857)) ; Q17505767(British conductor, music director) ; Q16202277(Scottish courtier, politician and judge,) ; Q85770682(American politician)"
james_tully,James Tully,ambiguous,8,Q1436392,Canadian philosopher,"philosopher, university teacher, political scientist",1946,,5,Q104591805(New Zealand journalist and journalism ed) ; Q1681217(Irish politician (1915-1992)) ; Q16000427(Australian politician (1877–1962)) ; Q104631032(English footballer) ; Q75497218(Peerage person ID=177628)
jan_de_vries,Jan de Vries,ambiguous,35,Q568483,Dutch linguist (1890-1964),"linguist, religious studies scholar, philologist, mythographer, historian of religion, anthropologist, Germanist, university teacher, translator",1890,1964,16,Q3161798(American economic historian) ; Q25712282(university teacher from the Netherlands ) ; Q90945132(researcher (ORCID 0000-0003-2769-5079)) ; Q944332(Dutch renaissance painter) ; Q1682413(Dutch motorcyclist (1944–2021))
jeremy_black,Jeremy Black,ambiguous,5,Q5975504,British military historian,"historian of Modern Age, university teacher, military historian, historian",1955,,11,Q6181123(British historian and archaeologist of A) ; Q15971058(Royal Navy admiral (1932-2015)) ; Q21173895(American actor) ; Q112647244(Partner at Deloitte LLP)
joan_kelly,Joan Kelly,ambiguous,4,Q6205183,American historian,historian,1928,1982,8,Q92888388(researcher (ORCID 0000-0002-9075-2956)) ; Q101186550(British poet and hand-sewer) ; Q21621673(American singer)
joanna_bourke,Joanna Bourke,ambiguous,3,Q6205783,British historian,"university teacher, historian, professor",1963,,8,Q64708641() ; Q99558057(researcher)
johan_huizinga,Johan Huizinga,ambiguous,2,Q276280,Dutch cultural historian (1872–1945),"Indologist, cultural historian, draftsperson, linguist, philosopher, anthropologist, art historian, resistance fighter, university teacher, painter, historian, writer",1872,1945,42,Q6240336(Dutch geneticist)
john_boswell,John Boswell,ambiguous,17,Q220708,American historian,"linguist, medievalist, university teacher, historian",1947,1994,15,Q18530168(Church of England clergyman and author) ; Q6222533(American literary agent) ; Q89621470(researcher) ; Q112545682() ; Q5933649(British botanist (1822–1888))
john_brewer,John Brewer,ambiguous,17,Q6228652,British sociologist,sociologist,1951,,4,Q55938720(British historian (1947-)) ; Q57060486(researcher) ; Q136617934(Professor of German Language and Literat) ; Q19873996(American gridiron football player (1928-) ; Q6223103(American football player (1906-1980))
john_dunn,John Dunn,ambiguous,43,Q677250,British historian,"political scientist, university teacher, historian",1940,,8,Q16106927(American academic) ; Q126599879(principal of the Catholic Institute of T) ; Q134538513(professor of human rights) ; Q59506613(researcher ORCID ID = 0000-0002-7287-091) ; Q95974630(researcher)
john_henry,John Henry,ambiguous,39,Q3181733,British science historian,historian,1950,,1,"Q59565626(researcher ORCID ID = 0000-0002-5270-320) ; Q89656169(researcher) ; Q91505804(researcher (ORCID 0000-0002-7650-0963)) ; Q697880(Margrave of Moravia (1349-1375) and Coun) ; Q202950(Politician, eighth Governor of Maryland,)"
john_law,John Law,ambiguous,28,Q312694,Scottish economist and banker (1671-1729),"bretteur, finance minister, statistician, financier, banker, economist",1671,1729,42,"Q645685(British sociologist) ; Q17119697(English radical journalist and writer, e) ; Q202872(American politician (1796-1873)) ; Q6244142(Hong Kong film director) ; Q18619383(British screenwriter (1929-1970))"
john_thornton,John Thornton,ambiguous,42,Q6260747,American historian of Africa (1949-),"Africanist, university teacher, historian",1949,,4,Q30074841(economist (Bangor University)) ; Q57050521(researcher) ; Q66686134(UK author of A Voyage to Immanuel's Land) ; Q89464225(researcher (ORCID 0000-0002-1356-0280)) ; Q92001127(researcher (ORCID 0000-0002-7176-8610))
jonathan_scott,Jonathan Scott,ambiguous,23,Q58166803,economic geographer at University of Waikato,"economic geographer, researcher",1975,,0,Q60668523(researcher ORCID ID = 0000-0001-5958-969) ; Q88551271(researcher) ; Q90236259(foundation professor of electronics at t) ; Q95981278(researcher) ; Q98768471(1940-)
josef_breuer,Josef Breuer,ambiguous,6,Q84430,Austrian physician (1842-1925),"philosopher, physician, psychoanalyst, physiologist, university teacher",1842,1925,31,Q111728805() ; Q1704375(German chess composer (1903–1981)) ; Q131764331() ; Q111729899() ; Q111966692()
judith_butler,Judith Butler,ambiguous,7,Q219368,American feminist gender studies philosopher (born 1956),"queer theorist, women's rights activist, social scientist, philosopher, literary critic, art theorist, psychoanalyst, sociologist, journalist, university teacher, writer, psychologist",1956,,70,Q140285314(American nurse scientist) ; Q75611264((died 1749)) ; Q75634674(Peerage person ID=260521) ; Q75651253((born 1953)) ; Q75651807(Peerage person ID=272918)
karl_lamprecht,Karl Lamprecht,ambiguous,3,Q63369,German historian (1856–1915),"philosopher, art historian, political economist, university teacher, historian, economist, writer",1856,1915,22,"Q94897777(German teacher, journalist, local histor) ; Q110969274(Austrian business executive (1964-))"
karl_marx,Karl Marx,ambiguous,8,Q1732309,German painter (1929-2008),"university teacher, painter, artist",1929,2008,1,Q109536209(German chemist and university teacher) ; Q882538(German composer and music educator (1897) ; Q1732308(German journalist (1897–1966)) ; Q16062483(Medical missionary) ; Q1732312(German politician (1844-1914))
keith_thomas,Keith Thomas,ambiguous,19,Q6385114,British historian,historian,1933,,10,"Q111169750(American director, screenwriter, and pro) ; Q56795485(comic creator) ; Q91958042(researcher (ORCID 0000-0003-1197-7522)) ; Q98166746(film director) ; Q98778473(British chemist)"
lawrence_stone,Lawrence Stone,ambiguous,2,Q968540,English historian (1919-1999),"art historian, university teacher, historian",1919,1999,19,Q102167733(Ph.D. Purdue University 1967)
lee_benson,Lee Benson,ambiguous,4,Q87824468,researcher,researcher,,,0,"Q110089321(born:1922|died:2012-02-19|; Benson, Lee,) ; Q6513063(American journalist) ; Q124000286(American basketball player (born 1973))"
louis_henry,Louis Henry,ambiguous,8,Q3262175,French historian (1911–1991),"demographer, historian",1911,1991,5,Q1871722(Belgian chemist (1834-1913)) ; Q138789553(researcher) ; Q64857997(particle physicist at University of Vale) ; Q85120(German noble (1640-1674)) ; Q2889777(French botanist (1854-1913))
mary_douglas,Mary Douglas,ambiguous,34,Q231349,British anthropologist (1921–2007),anthropologist,1921,2007,39,"Q55999390(American librarian (1903-1970)) ; Q18576719(Douglas, Mary Alice (1860–1941), headmis) ; Q75257132(Peerage person ID=16583) ; Q75262273((1807-1888)) ; Q75333065((1796 - c. 1892))"
mary_ryan,Mary P. Ryan,ambiguous,2,Q6780474,American historian,"university teacher, historian",1945,,2,Q52584149(Professor of Materials Science)
masao_maruyama,Masao Maruyama,ambiguous,6,Q1143571,Japanese political scientist (1914-1996),"philosopher, university teacher, political scientist, historian",1914,1996,9,Q94537659(Japanese scholar of Russian literature a) ; Q3297177(Japanese animator) ; Q327121(Japanese general (1889–1957)) ; Q106478697(Japanese legal scholar) ; Q135693524(Japanese jockey)
max_weber,Max Weber,ambiguous,22,Q535334,American Cubist painter (1881–1961),"draftsperson, sculptor, painter, writer",1881,1961,23,Q63149(German-Dutch zoologist (1852–1937)) ; Q367391(member of the Swiss Federal Council from) ; Q94829122() ; Q95231637() ; Q215648(brigadier general in the Union army duri)
megan_vaughan,Megan Vaughan,ambiguous,5,Q28839916,British historian and academic,historian,1954,,3,Q64710004() ; Q64869159(researcher) ; Q88621219(researcher) ; Q112443372()
melanie_klein,Melanie Klein,ambiguous,5,Q82999,British Austrian born psychoanalyst (1882–1960),psychoanalyst,1882,1960,47,"Q76081557(Peerage person ID=517379) ; Q97680269(German association football player) ; Q97734668(Austrian association football player) ; Q117839569(psychologist, graduated from University )"
michael_howard,Michael Howard,ambiguous,28,Q431106,English military historian (1922–2019),"autobiographer, non-fiction writer, consultant, university teacher, military historian, historian, military officer",1922,2019,12,"Q6831256(American actor, filmmaker, screenwriter ) ; Q2370208(Microsoft employee) ; Q112410297() ; Q134456884(professor of management and entrepreneur) ; Q41626713(researcher)"
michael_mann,Michael Mann,ambiguous,20,Q270097,"American film director, screenwriter, and producer (born 1943)","film screenwriter, producer, director, film producer, film director, author, writer, screenwriter",1943,,50,Q633081(American physicist and climatologist) ; Q214191(German-born musician and professor of Ge) ; Q1928511(German historian) ; Q6832490(Anglican clergyman (1924-2011)) ; Q137608068(screenwriter)
michael_oakeshott,Michael Oakeshott,ambiguous,2,Q959541,British philosopher (1901-1990),"philosopher, university teacher, political scientist, historian, writer",1901,1990,25,Q102353378(archaeologist)
michael_roberts,Michael Roberts,ambiguous,51,Q3856252,British historian of early modern Sweden (1908–1997),"translator, historian",1908,1996,9,"Q6833912(English schoolteacher and man of letters) ; Q21994011(author, United States Navy Captain) ; Q41505172(pharmaceutical researcher) ; Q41800187(economist (University of Pennsylvania)) ; Q41800217(economist (University of Hawaii-Manoa))"
neville_kirk,Neville Kirk,ambiguous,2,Q56996996,,historian,1947,,0,Q64624766(researcher)
nigel_smith,Nigel Smith,ambiguous,13,Q55625207,literature scholar,"scholar of English, literary scholar, literary critic",1958,,1,Q123698279(taxation lecturer at Auckland University) ; Q7032646(professional footballer (born 1958)) ; Q7032645(Olympic skier) ; Q7032648(English footballer (born 1969)) ; Q74424921(British Canadian Physicist)
olive_schreiner,Olive Schreiner,ambiguous,2,Q151180,South African author and pacifist (1855-1920),"feminist, sociologist, writer",1855,1920,30,Q64667071(researcher)
paolo_rossi,Paolo Rossi,ambiguous,35,Q3894434,"Italian actor, singer-songwriter and comedian (born 1953)","television actor, songwriter, comedian, singer, actor, screenwriter",1953,,7,"Q686429(Italian philosopher and science historia) ; Q40700683(cancer researcher, IRCCS) ; Q56743799(researcher (ORCID 0000-0003-2620-7918)) ; Q61481778(author (1927-2017)) ; Q61481777(author (1856-1938))"
patrick_joyce,Patrick Joyce,ambiguous,3,Q3369949,Irish historian (1827–1914),"folk song collector, musicologist, pedagogue, historian, writer",1827,1914,5,Q7146880(British social historian) ; Q96120585(researcher)
paul_carter,Paul Carter,ambiguous,23,Q15458398,"Australian academic, writer and artist","opinion journalist, journalist, artist, historian",1951,,3,Q7149747(British songwriter) ; Q74311134(researcher (ORCID 0000-0001-9286-1630)) ; Q90496199(researcher (ORCID 0000-0001-7854-062X)) ; Q94484988(author (born 1969)) ; Q125920935(American academic administrator (1934-20)
paul_thompson,Paul Thompson,ambiguous,41,Q5256528,English drummer,"drummer, musician, economist",1951,,11,"Q4460339(British sociologist and oral historian) ; Q7153994(head of the department of Human Resource) ; Q15439876(British academic) ; Q18387155(neuroscientist, born 1971) ; Q57523329(researcher ORCID ID = 0000-0001-9940-691)"
paul_vinogradoff,Paul Vinogradoff,ambiguous,2,Q1976412,Russian historian (1854–1925),"law professor, jurist, historian",1854,1925,13,"Q124628111(Russian pianist, composer, and music edu)"
paul_willis,Paul Willis,ambiguous,8,Q932517,British sociologist,"social scientist, cultural anthropologist, sociologist, pedagogue, university teacher",1945,,10,Q84997138(researcher) ; Q7154408(American actor (1901-1960)) ; Q7154409(Cricket player (born 1952)) ; Q18640376(English footballer (1970-2011)) ; Q7154410(Scottish footballer (born 1991))
peter_brown,Peter Brown,ambiguous,81,Q962080,Irish historian (1935- ),"classical scholar, church historian, university teacher, historian, historian of classical antiquity",1935,,26,Q19819148(American illustrator (born 1979)) ; Q7173001(American singer-songwriter and record pr) ; Q102215124(Ph.D. Carnegie Mellon University 1987) ; Q7174786(19th century Scottish historian and scho) ; Q2074160(Australian prehistorian and paleoanthrop)
peter_burke,Peter Burke,ambiguous,22,Q504484,British historian (b. 1937),"cultural studies scholar, social historian, cultural historian, university teacher, historian, writer",1937,,22,Q17308855(English barrister and writer (1811–1881)) ; Q40118832(researcher) ; Q64712822(researcher (Semantic Scholar 50512015)) ; Q89379354(researcher) ; Q91505625(Electrical Engineering researcher (ORCID)
peter_gay,Peter Gay,ambiguous,5,Q63670,German-American historian and author (1923–2015),"writer, autobiographer, cultural historian, psychoanalyst, university teacher, psychologist, historian",1923,2015,22,"Q2075106(German author) ; Q87663538(researcher) ; Q52889338() ; Q105546362(politician in Massachusetts, US)"
philippe_aries,Philippe Ariès,ambiguous,2,Q434571,French academic and historian (1914-1984),"medievalist, university teacher, historian",1914,1984,28,"Q87350859(physician, researcher)"
raymond_williams,Raymond Williams,ambiguous,8,Q394628,"Welsh scholar, author, and Marxist literary critic (1921–1988)","literary scholar, media scholar, literary historian, novelist, philosopher, literary critic, sociologist, professor, writer",1921,1988,31,Q64682925(researcher) ; Q18167166(New Zealand rugby union player) ; Q60694079(Welsh footballer (1931-2015)) ; Q7298301(Welsh weightlifter) ; Q116504520(rugby league footballer)
richard_j_evans,Richard J. Evans,ambiguous,2,Q607427,British historian (born 1947),"non-fiction writer, university teacher, historian",1947,,22,Q130266959()
richard_jones,Richard Jones,ambiguous,151,Q3026567,"actor, comedian, writer (1931-1988)","television actor, television producer, actor, screenwriter",1931,1988,11,Q4160426(economist from England) ; Q5447245(American rapper and producer) ; Q21165389(Professor of Physics and the Pro-Vice Ch) ; Q7326925(Welsh Anglican priest and writer in the ) ; Q65096305(archaeologist and landscape historian)
richard_price,Richard Price,ambiguous,42,Q561101,"British philosopher, preacher and mathematician (1723–1791)","philosopher, theologian, preacher, mathematician, actuary, politician, writer",1723,1791,24,"Q1374243(American novelist and screenwriter) ; Q7328506(American anthropologist and historian) ; Q7328508(Scottish poet, novelist, and translator) ; Q7331649(British musician, bassist) ; Q42591886(professor of tropical medicine and physi)"
richard_wall,Richard Wall,ambiguous,12,Q2150852,"Austrian writer, visual artist and translator","visual artist, graphic artist, painter, artist, translator, poet, writer, photographer",1953,,1,"Q87187604(historical demographer) ; Q96093829(TB researcher at the London School of Hy) ; Q112407066(veterinary entomologist) ; Q2397740(Irish-born soldier, diplomat and ministe) ; Q7329782(Irish film, television and theatre actor)"
robert_fogel,Robert Fogel,ambiguous,4,Q237821,American economist and historian (1926–2013),"economic historian, university teacher, political economist, historian, writer, economist",1926,2013,54,Q90974947(U.S. Doctor of Medicine and researcher) ; Q4491279(Russian astronomer (1859–1920)) ; Q21513280(U.S. mycologist)
robert_gottlieb,Robert Gottlieb,ambiguous,4,Q2157324,American editor of books and magazines (1931–2023),"art critic, journalist, editor, editor-in-chief, writer",1931,2023,6,Q112470484(American academic) ; Q74180176(researcher) ; Q104677663(Holocaust victim (born 1914))
roman_jakobson,Roman Jakobson,ambiguous,2,Q156201,Russian linguist (1896–1982),"literary scholar, slavist, critic, philologist, linguist, university teacher, pedagogue, historian, teacher, writer, scientist",1896,1982,58,Q133586715(screenwriter)
roy_porter,Roy Porter,ambiguous,4,Q354728,British historian of medicine (1946–2002),"medical historian, university teacher, historian, writer",1946,2002,7,Q47544218(historian and curator) ; Q2058633(American musician (1923-1998)) ; Q19877191(Australian rules footballer (1917-1998))
samir_amin,Samir Amin,ambiguous,2,Q334134,Egyptian-French economist and political theorist (1931-2018),"geopolitical analyst, academic, economist, politician, writer",1931,2018,33,Q55777601(researcher)
samuel_johnson_yoruba,Samuel Johnson,ambiguous,48,Q183266,English writer and lexicographer (1709–1784),"lexicographer, prose writer, essayist, literary critic, bookseller, literary historian, linguist, critic, biographer, translator, politician, poet, teacher, writer",1709,1784,79,"Q7411859(Nigerian historian) ; Q2791832(President of Columbia University (1696-1) ; Q7413148(American entertainer) ; Q7411857(Printer, newspaper proprietor and editor) ; Q7411860(clergyman (1822-1882))"
samuel_johnson_english,Samuel Johnson (English writer),ambiguous,48,Q183266,English writer and lexicographer (1709–1784),"lexicographer, prose writer, essayist, literary critic, bookseller, literary historian, linguist, critic, biographer, translator, politician, poet, teacher, writer",1709,1784,79,"Q7411859(Nigerian historian) ; Q2791832(President of Columbia University (1696-1) ; Q7413148(American entertainer) ; Q7411857(Printer, newspaper proprietor and editor) ; Q7411860(clergyman (1822-1882))"
sandra_harding,Sandra Harding,ambiguous,2,Q469565,"American philosopher of feminist theory, postcolonial theory, and epistemology","philosopher of science, feminist, philosopher, publisher, university teacher, writer",1935,2025,25,Q90209148(Australian economic sociologist and acad)
sarah_marks,Sarah Marks,ambiguous,4,Q64705375,researcher and historian,researcher,1984,,0,Q88836736(researcher) ; Q90832432(researcher (ORCID 0000-0003-4804-3694)) ; Q124156949(est. 8 Apr 1768 - 17 Oct 1857)
sheila_rowbotham,Sheila Rowbotham,ambiguous,2,Q432851,British historian and feminist,"writer, feminist, sociologist, university teacher, author, historian",1943,,12,Q64710998(researcher)
sonya_rose,Sonya O. Rose,ambiguous,2,Q20675662,American sociologist (1935-2020),"sociologist, university teacher, historian",1935,2020,4,Q64624012()
steve_woolgar,Steve Woolgar,ambiguous,2,Q521895,British sociologist,"sociologist, university teacher",1950,,9,Q91143178(researcher (ORCID 0000-0003-1465-3136))
stuart_hall,Stuart Hall,ambiguous,11,Q450741,Jamaican-born British sociologist and cultural theorist,"art theorist, literary critic, sociologist, university teacher",1932,2014,41,Q64662227(researcher) ; Q3459517(English former media personality and sex) ; Q7626612(racecar driver) ; Q7626610(British boxer) ; Q140421024(Australian Roman-Catholic bishop)
sumit_sarkar,Sumit Sarkar,ambiguous,2,Q12458039,Indian historian of modern India (born 1939),"historian, writer",1939,2026,9,Q92460161(researcher (ORCID 0000-0003-2301-4766))
tirthankar_roy,Tirthankar Roy,ambiguous,2,Q85809806,Indian economic historian,"historian, university teacher",1960,,1,Q61737642(researcher ORCID ID = 0000-0002-6279-844)
tony_bennett,Tony Bennett,ambiguous,16,Q296729,American singer (1926–2023),"jazz singer, recording artist, autobiographer, jazz musician, painter, singer, actor",1926,2023,63,Q7821883(British sociologist (1947-)) ; Q23048751(non-fiction writer) ; Q124643380() ; Q3993198(American basketball coach and player (bo) ; Q7821881(American football player)
ute_frevert,Ute Frevert,ambiguous,2,Q109014,historian,"university teacher, historian",1954,,8,Q30505061(microbiologist at the NYU Langone Medica)
victor_turner,Victor Turner,ambiguous,3,Q357480,British cultural anthropologist (1920-1983),"anthropologist, ethnologist, author, sociologist, university teacher",1920,1983,28,"Q7926403(English-Pakistani civil service officer,) ; Q28053650(English trade unionist)"
wang_feng,Wang Feng,ambiguous,54,Q7967432,Chinese rock musician and composer (born 1971),"songwriter, singer, composer",1971,,9,Q9064351(Taiwanese journalist) ; Q704990(Chinese diver) ; Q7967428(Chinese canoeist) ; Q12812489(Chinese mnemonist (born 1990)) ; Q8298441(Chinese politician (1910-1998))
william_cunningham,William Cunningham,ambiguous,28,Q1824926,British economist and churchman (1849–1919),"economic historian, Anglican priest, educator, economist, historian",1849,1919,13,Q4019974(Scottish theologian; (1805-1861)) ; Q123227128(professor at University of Otago in New ) ; Q59669810(researcher ORCID ID = 0000-0003-1161-567) ; Q59832363(researcher ORCID ID = 0000-0001-9390-682) ; Q87780442(researcher (ORCID 0000-0003-3166-3563))
william_mason,William Mason,ambiguous,34,Q862286,"Canadian naturalist, author, artist and filmmaker (1929–1988)","canoeist, director, film producer, film director, documentary filmmaker, painter, author, writer, naturalist",1929,1988,8,Q3098261(poet (1724-1797)) ; Q17009602(English writing-master and stenographer) ; Q1669188(British-Austrian operatic bass) ; Q8015219(English Calvinist writer) ; Q18735936(Irish historian)
william_stubbs,William Stubbs,ambiguous,11,Q443648,British historian and Anglican bishop (1825–1901),"Anglican theologian, medievalist, Anglican priest, cleric, legal historian, university teacher, parson, historian, writer, bishop",1825,1901,12,Q125951737(American academic and non-profit directo) ; Q8018945(Canadian politician) ; Q8018947(English educator) ; Q8018948(American interior designer) ; Q97574339(British trade unionist)
adelaide_underhill,Adelaide Underhill,no_match,0,,,,,,,
alan_shepperd,Alan Shepperd,no_match,0,,,,,,,
alma_tuchman,Alma Tuchman,no_match,0,,,,,,,
andre_reyes_novaes,André Reyes Novaes,no_match,0,,,,,,,
angela_nunes_damasceno_gomes,Angela Nunes Damasceno Gomes,no_match,0,,,,,,,
annie_ned,Annie Ned,no_match,0,,,,,,,
anthony_giddens,Anthony Giddens,no_match,0,,,,,,,
baron_isherwood,Baron Isherwood,no_match,0,,,,,,,
bernard_cohn,Bernard S. Cohn,no_match,0,,,,,,,
bernard_de_fontenelle,Bernard de Fontenelle,no_match,0,,,,,,,
bethwell_a_ogot,Bethwell A. Ogot,no_match,0,,,,,,,
betty_balanoff,Betty Balanoff,no_match,0,,,,,,,
ca_bayly,C. A. Bayly,no_match,0,,,,,,,
c_h_mcilwain,C. H. McIlwain,no_match,0,,,,,,,
cameron_blevins,Cameron Blevins,no_match,0,,,,,,,
carl_g_hempel,Carl G. Hempel,no_match,0,,,,,,,
carl_gustav_jung,Carl Gustav Jung,no_match,0,,,,,,,
catherine_pagani,Catherine Pagani,no_match,0,,,,,,,
charles_s_peirce,Charles S. Peirce,no_match,0,,,,,,,
daniel_papebroche,Daniel Papebroche,no_match,0,,,,,,,
david_johns,David M. Johns,no_match,0,,,,,,,
deborah_gordon,Deborah A. Gordon,no_match,0,,,,,,,
dennis_hogan,Dennis P. Hogan,no_match,0,,,,,,,
edwin_f_gay,Edwin F. Gay,no_match,0,,,,,,,
elinor_melville,Elinor G. K. Melville,no_match,0,,,,,,,
emmanuel_le_roy_ladurie,Emmanuel Le Roy Ladurie,no_match,0,,,,,,,
erik_jan_zurcher,Erik Jan Zürcher,no_match,0,,,,,,,
f_w_galton,F. W. Galton,no_match,0,,,,,,,
fernando_novais,Fernando A. Novais,no_match,0,,,,,,,
fikret_adanir,Fikret Adanir,no_match,0,,,,,,,
francesca_bray,Francesca Bray,no_match,0,,,,,,,
g_w_f_hegel,G. W. F. Hegel,no_match,0,,,,,,,
g_wesley_johnson,G. Wesley Johnson,no_match,0,,,,,,,
geoffrey_nowell_smith,Geoffrey Nowell Smith,no_match,0,,,,,,,
georg_lukacs,Georg / György Lukács,no_match,0,,,,,,,
gilbert_fite,Gilbert C. Fite,no_match,0,,,,,,,
gilman_m_ostrander,Gilman M. Ostrander,no_match,0,,,,,,,
gustav_schmoller,Gustav Schmoller,no_match,0,,,,,,,
kohachiro_takahashi,H. K. Takahashi,no_match,0,,,,,,,
hilda_sabato,Hilda Sábato,no_match,0,,,,,,,
huang_hsing_tsung,Huang Hsing-Tsung,no_match,0,,,,,,,
i_a_a_thompson,I. A. A. Thompson,no_match,0,,,,,,,
james_c_petersen,James C. Petersen,no_match,0,,,,,,,
jean_birrell,Jean Birrell,no_match,0,,,,,,,
jean_obrien,Jean M. O’Brien,no_match,0,,,,,,,
jean_pascal_simonin,Jean-Pascal Simonin,no_match,0,,,,,,,
jenny_garber,Jenny Garber,no_match,0,,,,,,,
jill_conway,Jill Conway,no_match,0,,,,,,,
jim_oeppen,Jim Oeppen,no_match,0,,,,,,,
john_demilio,John D’Emilio,no_match,0,,,,,,,
john_f_guilmartin,"John F. Guilmartin, Jr.",no_match,0,,,,,,,
john_henneman,John Henneman,no_match,0,,,,,,,
john_scotson,John L. Scotson,no_match,0,,,,,,,
john_maynard_keynes,John Maynard Keynes,no_match,0,,,,,,,
john_murra,John V. Murra,no_match,0,,,,,,,
josefina_gonzalez_cardenas,Josefina González Cárdenas,no_match,0,,,,,,,
joseph_schumpeter,Joseph A. Schumpeter,no_match,0,,,,,,,
julian_stafford_corbett,Julian Stafford Corbett,no_match,0,,,,,,,
kn_chaudhuri,K. N. Chaudhuri,no_match,0,,,,,,,
k_o_dike,K. O. Dike,no_match,0,,,,,,,
karen_morin,Karen Morin,no_match,0,,,,,,,
karl_popper,Karl R. Popper,no_match,0,,,,,,,
keith_nield,Keith Nield,no_match,0,,,,,,,
kieran_hegarty,Kieran Hegarty,no_match,0,,,,,,,
kim_gallon,Kim Gallon,no_match,0,,,,,,,
kitty_smith,Kitty Smith,no_match,0,,,,,,,
lewis_namier,Lewis Namier,no_match,0,,,,,,,
lloyd_kramer,Lloyd S. Kramer,no_match,0,,,,,,,
lorna_weatherill,Lorna Weatherill,no_match,0,,,,,,,
louis_mink,Louis O. Mink,no_match,0,,,,,,,
m_a_barg,M. A. Barg,no_match,0,,,,,,,
marcel_detienne,Marcel Détienne,no_match,0,,,,,,,
marie_ferrier,Marie Ferrier,no_match,0,,,,,,,
marie_von_clausewitz,Marie von Clausewitz,no_match,0,,,,,,,
martin_heidegger,Martin Heidegger,no_match,0,,,,,,,
mary_jane_logan_mccallum,Mary Jane Logan McCallum,no_match,0,,,,,,,
max_kemman,Max Kemman,no_match,0,,,,,,,
michel_de_gruijter,Michel de Gruijter,no_match,0,,,,,,,
mmantho_nkotsoe,Mmantho Nkotsoe,no_match,0,,,,,,,
monica_sampaio_machado,Mônica Sampaio Machado,no_match,0,,,,,,,
nancy_lurie,Nancy Oestreich Lurie,no_match,0,,,,,,,
niyah_campbell,Niyah Campbell,no_match,0,,,,,,,
pablo_azcarate,Pablo Azcárate,no_match,0,,,,,,,
patricia_obrien,Patricia O’Brien,no_match,0,,,,,,,
patricia_gomes_da_silveira,Patrícia Gomes da Silveira,no_match,0,,,,,,,
paul_bonnifield,Paul Bonnifield,no_match,0,,,,,,,
paul_lazarsfeld,Paul F. Lazarsfeld,no_match,0,,,,,,,
paul_vidal_de_la_blache,Paul Vidal de la Blache,no_match,0,,,,,,,
peter_mcclelland,Peter D. McClelland,no_match,0,,,,,,,
peter_hohendahl,Peter Hohendahl,no_match,0,,,,,,,
peter_pesic,Peter Pesic,no_match,0,,,,,,,
philip_curtin,Philip Curtin,no_match,0,,,,,,,
pierre_metinhoue,Pierre G. Mêtinhoué,no_match,0,,,,,,,
r_bin_wong,R. Bin Wong,no_match,0,,,,,,,
r_w_yates,R. W. Yates,no_match,0,,,,,,,
randolph_starn,Randolph Starn,no_match,0,,,,,,,
richard_g_healey,Richard G. Healey,no_match,0,,,,,,,
robert_swierenga,Robert Swierenga,no_match,0,,,,,,,
ros_davies,Ros Davies,no_match,0,,,,,,,
rosa_luxemburg,Rosa Luxemburg,no_match,0,,,,,,,
rosalie_colie,Rosalie Colie,no_match,0,,,,,,,
ruben_ros,Ruben Ros,no_match,0,,,,,,,
sam_bass_warner,Sam Bass Warner Jr.,no_match,0,,,,,,,
sidney_mintz,Sidney Mintz,no_match,0,,,,,,,
silvia_ratto,Silvia Ratto,no_match,0,,,,,,,
edward_cook,Sir Edward Cook,no_match,0,,,,,,,
stanley_engerman,Stanley L. Engerman,no_match,0,,,,,,,
sue_bailey_thurman,Sue Bailey Thurman,no_match,0,,,,,,,
theotonio_dos_santos,Theotonio dos Santos,no_match,0,,,,,,,
thorsten_ries,Thorsten Ries,no_match,0,,,,,,,
victor_kiernan,V. G. Kiernan,no_match,0,,,,,,,
v_i_lenin,V. I. Lenin,no_match,0,,,,,,,
vine_deloria_jr,Vine Deloria Jr.,no_match,0,,,,,,,
wh_walsh,W. H. Walsh,no_match,0,,,,,,,
walter_easey,Walter Easey,no_match,0,,,,,,,
william_g_thomas_iii,William G. Thomas III,no_match,0,,,,,,,
yannan_ding,Yannan Ding,no_match,0,,,,,,,
