tier,id,label,qid,name,sitelinks,occupations,description,birth,death,alternatives,source
accept_glance,sigmund_freud,Sigmund Freud,Q9215,,190,"essayist, psychoanalyst, neurologist",Austrian psychiatrist and founder of psychoanalysis (1856–1939),1856,1939,,exact-label
accept_glance,friedrich_engels,Friedrich Engels,Q34787,,134,"women's rights activist, political theorist, sociologist, philosopher, revolutionary, journalist, author, historian, entrepreneur, economist, writer","German philosopher, sociologist and economist (1820–1895)",1820,1895,Q1458971(German entrepreneur (1796-1860)),exact-label
accept_glance,virginia_woolf,Virginia Woolf,Q40909,,121,"women's rights activist, diarist, autobiographer, short story writer, novelist, essayist, publisher, literary critic, author, writer",English modernist writer (1882–1941),1882,1941,,exact-label
accept_glance,sun_tzu,Sun Tzu (Sunzi),Q37151,,113,"philosopher, military personnel, writer",6th century BCE Chinese general and military strategist,-054,-049,Q2634383(mathematician),exact-label
accept_glance,arthur_schopenhauer,Arthur Schopenhauer,Q38193,,112,"musicologist, philosopher, university teacher, translator, writer",German philosopher (1788-1860),1788,1860,,exact-label
accept_glance,emile_durkheim,Émile Durkheim,Q15948,,104,"historian of religion, anthropologist, philosopher, pedagogue, professor, sociologist, ethnologist",French sociologist (1858–1917),1858,1917,,exact-label
accept_glance,denis_diderot,Denis Diderot,Q448,,102,"art theorist, literary theorist, lexicographer, novelist, essayist, art critic, philosopher, political scientist, correspondent, literary critic, encyclopédistes, translator, playwright, poet, historian, writer",French Enlightenment philosopher writer and encyclopædist (1713–1784),1713,1784,,exact-label
accept_glance,plutarch,Plutarch,Q41523,,101,"essayist, philosopher, magistrate, biographer, historian, priest, writer",Greek philosopher and historian (c. AD 46 – after AD 119),0040,0120,Q48862382() ; Q16737858() ; Q124060770() ; Q115921725() ; Q123740392(sculptor),exact-label
accept_glance,ferdinand_de_saussure,Ferdinand de Saussure,Q13230,,97,linguist,Swiss linguist and philosopher (1857–1913),1857,1913,,exact-label
accept_glance,john_stuart_mill,John Stuart Mill,Q50020,,95,"suffragist, autobiographer, social reformer, philosopher, botanical collector, political economist, clerk, egalitarianism, economist, politician, writer",British philosopher and political economist (1806–1873),1806,1873,,exact-label
accept_glance,jurgen_habermas,Jürgen Habermas,Q76357,,87,"sociology teacher, philosopher, sociologist, university teacher, professor",German sociologist and philosopher (1929–2026),1929,2026,,exact-label
accept_glance,david_ricardo,David Ricardo,Q160270,,85,"philosopher, stockbroker, political economist, banker, member of parliament, economist, politician, writer","British banker, classical economist and politician (1772-1823)",1772,1823,Q115805294(Brazilian footballer) ; Q62006021(Mexican playwright) ; Q5239023(British politician (1803-1864)) ; Q75321613(Peerage person ID=61770) ; Q76104822(Peerage person ID=533976),exact-label
accept_glance,edmund_husserl,Edmund Husserl,Q58586,,83,"phenomenologist, philosopher, university teacher, mathematician","German philosopher, known as the father of phenomenology (*1859 – †1938)",1859,1938,,exact-label
accept_glance,edward_said,Edward Said,Q201538,,77,"musicologist, philologist, philosopher, literary critic, researcher, journalist, university teacher, music critic, political scientist, musician, translator, writer",Palestinian-American professor (1935–2003),1935,2003,,exact-label
accept_glance,theodor_w_adorno,Theodor W. Adorno,Q152388,,77,"aesthetician, musicologist, philosopher, aphorist, literary critic, sociologist, university teacher, writer, composer, music critic, pianist","German philosopher, sociologist and theorist (1903–1969)",1903,1969,,exact-label
accept_glance,margaret_mead,Margaret Mead,Q180099,,74,"anthropologist, film director, ethnologist, curator, poet, writer",American anthropologist (1901-1978),1901,1978,,exact-label
accept_glance,vilfredo_pareto,Vilfredo Pareto,Q11031,,73,"philosopher, sociologist, university teacher, economist, mathematician, engineer",Italian economist and sociologist (1848-1923),1848,1923,,exact-label
accept_glance,carl_von_clausewitz,Carl von Clausewitz,Q76430,,72,"military theorist, military writer, army officer, philosopher, military officer, historian, military personnel, writer",German-Prussian general and military theorist (1780–1831),1780,1831,,exact-label
accept_glance,erich_fromm,Erich Fromm,Q57085,,71,"philosopher, psychoanalyst, sociologist, university teacher, psychologist, economist, writer",German-American sociologist and psychoanalyst (1900–1980),1900,1980,,exact-label
accept_glance,pierre_bourdieu,Pierre Bourdieu,Q156268,,71,"philosopher, sociologist, researcher","French sociologist, anthropologist, and philosopher (1930–2002)",1930,2002,Q3384136(French rock climber (1895-1969)) ; Q111585888(French Resistance fighter (1910–1994)),exact-label
accept_glance,walter_benjamin,Walter Benjamin,Q61078,,71,"librettist, literary historian, essayist, literary critic, philosopher, art critic, sociologist, translator, writer","German cultural critic, philosopher and social critic (1892–1940)",1892,1940,Q100749212(college basketball player (1978–1979) Co),exact-label
accept_glance,thomas_carlyle,Thomas Carlyle,Q151403,,70,"teacher, writer, scientist, literary historian, novelist, essayist, linguist, philosopher, literary critic, translator, historian, mathematician","Scottish essayist, historian and philosopher (1795–1881)",1795,1881,"Q261722(Scottish lawyer and ""apostle"" of the Cat)",exact-label
accept_glance,herbert_marcuse,Herbert Marcuse,Q60030,,67,"political theorist, sociologist, philosopher, political scientist, university teacher","German philosopher, sociologist, and political theorist (1898–1979)",1898,1979,,exact-label
accept_glance,johann_gottfried_herder,Johann Gottfried Herder,Q155547,,67,"aesthetician, literary scholar, opinion journalist, literary critic, philosopher, superintendent, head teacher, theologian, translator, poet, writer","German philosopher, theologian, poet (1744–1803)",1744,1803,,exact-label
accept_glance,samuel_huntington,Samuel P. Huntington,Q19074,,67,"geopolitical analyst, consultant, sociologist, political scientist, university teacher, author, economist",American political scientist (1927–2008),1927,2008,,exact-label
accept_glance,giambattista_vico,Giambattista Vico,Q178709,,66,"collector of fairy tales, legal scholar, philosopher, sociologist, historian, jurist","Italian philosopher, rhetorician, historian and jurist",1668,1744,,exact-label
accept_glance,julia_kristeva,Julia Kristeva,Q159876,,66,"linguist, literary scholar, philologist, novelist, literary critic, philosopher, sociologist, psychoanalyst, university teacher, writer","Bulgarian philosopher, psychoanalyst & academic",1941,,,exact-label
accept_glance,benedetto_croce,Benedetto Croce,Q192348,,65,"philosopher, literary critic, art historian, historian, politician, writer",Italian philosopher (1866-1952),1866,1952,,exact-label
accept_glance,erik_h_erikson,Erik H. Erikson,Q58074,,65,"non-fiction writer, psychoanalyst, university teacher, educator, psychologist",American German-born psychoanalyst & essayist,1902,1994,,exact-label
accept_glance,w_e_b_du_bois,W. E. B. Du Bois,Q158060,,63,"pacifist, autobiographer, novelist, opinion journalist, social worker, philosopher, art historian, journalist, sociologist, human rights defender, civil rights advocate, historian, economist, poet, politician, teacher, writer, photographer",American sociologist and activist (1868–1963),1868,1963,,exact-label
accept_glance,alfred_marshall,Alfred Marshall,Q13529,,61,"philosopher, university teacher, economist",British economist (1842–1924),1842,1924,Q4723126(American politician (1797-1868)) ; Q15993255(American businessman) ; Q123730867(Royal Air Force officer) ; Q75980746((1838-1892)) ; Q75981523((1883-1974)),exact-label
accept_glance,leopold_von_ranke,Leopold von Ranke,Q77184,,58,"writer, university teacher, historian",German historian and founder of modern source-based history (1795-1886),1795,1886,,exact-label
accept_glance,mikhail_bakhtin,Mikhail Bakhtin,Q185375,,58,"art theorist, literary scholar, philologist, linguist, literary historian, philosopher, literary critic, writer",Russian intellectual and philosopher (1895–1975),1895,1975,,exact-label
accept_glance,fernando_henrique_cardoso,Fernando Henrique Cardoso,Q230578,,57,"sociologist, university teacher, diplomat, politician, writer",President of Brazil from 1995 to 2003,1931,,,exact-label
accept_glance,talcott_parsons,Talcott Parsons,Q203913,,57,"sociologist, university teacher, biologist",American sociologist (1902 – 1979),1902,1979,,exact-label
accept_glance,zora_neale_hurston,Zora Neale Hurston,Q220480,,57,"novelist, anthropologist, film director, folklorist, journalist, civil rights advocate, playwright, historian, writer","African American folklorist, novelist, short story writer, and Civic Rights advocate (1891–1960)",1891,1960,,exact-label
accept_glance,max_horkheimer,Max Horkheimer,Q76826,,56,"philosopher, literary critic, sociologist, university teacher, pedagogue",German philosopher and sociologist (1895–1973),1895,1973,,exact-label
accept_glance,anna_freud,Anna Freud,Q78485,,55,"non-fiction writer, psychoanalyst, writer",austrian-British psychoanalyst (1895–1982),1895,1982,"Q104654795(holocaust victim, b. 1877-01-07) ; Q104654796(holocaust victim, b. 1883-08-03)",exact-label
accept_glance,laurence_sterne,Laurence Sterne,Q218960,,54,"autobiographer, novelist, journalist, cleric, theologian, parson, writer",Anglo-Irish novelist and Anglican cleric (1713–1768),1713,1768,,exact-label
accept_glance,friedrich_schleiermacher,Friedrich Schleiermacher,Q76576,,53,"philosopher, university teacher, pedagogue, theologian, translator, writer","German theologian, philosopher, and biblical scholar (1768-1834)",1768,1834,,exact-label
accept_glance,imre_lakatos,Imre Lakatos,Q296249,,53,"philosopher, physicist, mathematician, university teacher",Hungarian philosopher of mathematics and science (1922-1974),1922,1974,Q1127544(Hungarian journalist and contributing ed),exact-label
accept_glance,nicolas_de_condorcet,Nicolas de Condorcet,Q201477,,53,"philosopher, sociologist, political scientist, biographer, mathematician, economist, politician, writer","French philosopher, mathematician, and political scientist (1743–1794)",1743,1794,,exact-label
accept_glance,bronislaw_malinowski,Bronislaw Malinowski,Q184992,,52,"social anthropologist, ethnographer, anthropologist, sociologist, university teacher, photographer, ethnologist",Polish anthropologist and ethnographer based in England and the USA (1884–1942),1884,1942,,exact-label
accept_glance,erving_goffman,Erving Goffman,Q314471,,52,"non-fiction writer, sociologist, anthropologist",Canadian-American sociologist (1922–1982),1922,1982,,exact-label
accept_glance,jean_martin_charcot,Jean-Martin Charcot,Q20710,,52,"draftsperson, neuroscientist, pathologist, psychiatrist, psychologist, neurologist, physician",French neurologist (1825–1893),1825,1893,,exact-label
accept_glance,ruth_benedict,Ruth Benedict,Q228822,,52,anthropologist,American anthropologist and folklorologist (1887-1948),1887,1948,,exact-label
accept_glance,james_george_frazer,James George Frazer,Q151936,,51,"ethnographer, linguist, mythographer, folklorist, anthropologist, classical scholar, ethnologist, theologian, historian, writer",Scottish social anthropologist (1854–1941),1854,1941,,exact-label
accept_glance,alain_robbe_grillet,Alain Robbe-Grillet,Q216266,,50,"audiobook narrator, agricultural engineer, essayist, librettist, literary critic, novelist, film director, director, writer, actor, screenwriter",French author and film director (1922–2008),1922,2008,,exact-label
accept_glance,amilcar_cabral,Amílcar Cabral,Q213416,,50,"agricultural engineer, agronomist, political scientist, politician, engineer, poet, writer",Guinea-Bissauan and Cape Verdean politician (1924-1973),1924,1973,,exact-label
accept_glance,douglass_north,Douglass North,Q243193,,50,"economic historian, university teacher, historian, economist",American economist and Nobel laureate (1920–2015),1920,2015,,exact-label
accept_glance,george_santayana,George Santayana,Q237833,,50,"essayist, novelist, philosopher, university teacher, poet, writer",Spanish-American philosopher,1863,1952,,exact-label
accept_glance,wilhelm_dilthey,Wilhelm Dilthey,Q60080,,50,"literary historian, literary critic, philosopher, sociologist, university teacher, theologian, writer, pedagogue, psychologist, historian, teacher","German historian, psychologist, sociologist, student of hermeneutics, and philosopher (1833–1911)",1833,1911,Q15854456(),exact-label
accept_glance,carl_menger,Carl Menger,Q84177,,49,"professor, economist",founder of the Austrian School of economics (1840–1921),1840,1921,,exact-label
accept_glance,edward_burnett_tylor,Edward Burnett Tylor,Q141037,,49,"religious studies scholar, archaeologist, anthropologist, sociologist, university teacher, ethnologist, writer",English anthropologist (1832–1917),1832,1917,,exact-label
accept_glance,gayatri_chakravorty_spivak,Gayatri Chakravorty Spivak,Q240851,,49,"scholar of English, philologist, philosopher, literary critic, university teacher, translator, writer","Indian scholar, literary theorist, and feminist critic",1942,,,exact-label
accept_glance,jules_michelet,Jules Michelet,Q310791,,49,"diarist, philosopher, archivist, translator, historian, professor, writer",French historian; popularized the historical concept of the Renaissance,1798,1874,,exact-label
accept_glance,paul_ricoeur,Paul Ricœur,Q192066,,48,"philosopher, university teacher, translator, theologian",French philosopher (1913–2005),1913,2005,,exact-label
accept_glance,robert_k_merton,Robert K. Merton,Q312843,,48,"university teacher, sociologist",American sociologist (1910–2003),1910,2003,,exact-label
accept_glance,thomas_babington_macaulay,Thomas Babington Macaulay,Q315989,,48,"abolitionist, poet lawyer, historian, poet, politician, writer",British historian and politician (1800–1859),1800,1859,Q19519573(Yoruba priest and educator),exact-label
accept_glance,e_h_carr,E. H. Carr,Q274764,,47,"journalist, political scientist, historian, professor, diplomat, politician, writer","British historian, journalist, diplomat and political scientist (1892–1982)",1892,1982,,exact-label
accept_glance,hilary_putnam,Hilary Putnam,Q221697,,47,"non-fiction writer, philosopher, university teacher, mathematician, computer scientist",American philosopher and mathematician,1926,2016,,exact-label
accept_glance,jacob_burckhardt,Jacob Burckhardt,Q59945,,46,"draftsperson, philologist, cultural historian, philosopher, art historian, author, university teacher, historian",Swiss historian (1818–1897),1818,1897,Q29422244() ; Q94796951(),exact-label
accept_glance,aime_cesaire,Aimé Césaire,Q223955,,45,poet,"Martinican writer, poet and politician (1913–2008)",1913,2008,,exact-label
accept_glance,howard_zinn,Howard Zinn,Q119546,,45,"peace activist, labor historian, film director, journalist, human rights defender, historian, writer, political scientist, university teacher, playwright","American historian, playwright, and socialist thinker (1922–2010)",1922,2010,,exact-label
accept_glance,richard_rorty,Richard Rorty,Q215258,,44,"philosopher, university teacher, pedagogue, writer",American philosopher (1931–2007),1931,2007,,exact-label
accept_glance,gaston_bachelard,Gaston Bachelard,Q270800,,43,"employee of a public institution, literary theorist, essayist, philosopher, university teacher, physicist, mathematician, poet, writer",French writer and philosopher (1884-1962),1884,1962,,exact-label
accept_glance,j_l_austin,J. L. Austin,Q272615,,43,"linguist, philosopher, university teacher, pedagogue",English philosopher (1911–1960),1911,1960,"Q6273622(American politician (1748-1826)) ; Q106646608(politician in Massachusetts, US)",exact-label
accept_glance,marcel_mauss,Marcel Mauss,Q295393,,43,"religious studies scholar, philosopher, ethnologist, docent, professor, anthropologist, sociologist, politician",French sociologist and anthropologist (1872-1950),1872,1950,,exact-label
accept_glance,g_e_m_anscombe,G. E. M. Anscombe,Q229646,,42,"philosopher of language, philosopher, university teacher, theologian, translator, writer",British analytic philosopher,1919,2001,,exact-label
accept_glance,immanuel_wallerstein,Immanuel Wallerstein,Q494287,,41,"Africanist, economic historian, geopolitical analyst, sociologist, political scientist, historian, economist, writer",American sociologist and economic historian (1930–2019),1930,2019,,exact-label
accept_glance,karl_polanyi,Karl Polanyi,Q318029,,40,"economic historian, philosopher, sociologist, journalist, university teacher, economist, historian, writer, anthropologist","Hungarian economist, philosopher and historian",1886,1964,,exact-label
accept_glance,nikolai_trubetzkoy,Nikolai Trubetzkoy,Q159491,,40,"phonologist, linguist, philosopher, philologist, university teacher, ethnologist, historian, writer",Russian linguist (1890-1938),1890,1938,,exact-label
accept_glance,antoine_meillet,Antoine Meillet,Q347001,,39,"orientalist, Indo-Europeanist, grammarian, armenologist, slavist, linguist",French linguist (1866–1936),1866,1936,,exact-label
accept_glance,joel_mokyr,Joel Mokyr,Q2899100,,39,"economic historian, university teacher, historian, economist, Nobel Prize winner",American-Israeli economic historian,1946,,,exact-label
accept_glance,ernest_gellner,Ernest Gellner,Q170078,,38,"essayist, philosopher, anthropologist, sociologist, university teacher, political scientist, author, professor","Czech anthropologist, philosopher and sociologist",1925,1995,,exact-label
accept_glance,frank_ramsey,Frank Ramsey,Q315387,,38,"philosopher, economist, mathematician","British mathematician, philosopher, and economist (1903–1930)",1903,1930,"Q926153(American basketball player (1931-2018)) ; Q48560223(West Point graduate, class of 1885)",exact-label
accept_glance,frederick_jackson_turner,Frederick Jackson Turner,Q548462,,38,"historian, writer",American historian (1861-1932),1861,1932,,exact-label
accept_glance,george_steiner,George Steiner,Q453288,,38,"novelist, essayist, literary critic, cultural critic, literary scholar, philosopher, journalist, university teacher, translator, writer",American writer (1928–2020),1929,2020,"Q63708797(Hugnarian-born composer (1900–1967)) ; Q63708821(Canadian mathematician) ; Q63708850(physician, born 11 Mar. 1936)",exact-label
accept_glance,johann_gustav_droysen,Johann Gustav Droysen,Q60217,,38,"philosopher, university teacher, historian, politician, writer",German historian (1808–1884),1808,1884,,exact-label
accept_glance,joseph_needham,Joseph Needham,Q318054,,38,"sinologist, historian of science, philosopher, biochemist, historian, writer","British biochemist, historian and sinologist (1900–1995)",1900,1995,Q6285768(Canadian politician) ; Q6285769(English cricketer (1862-1889)) ; Q130339324((b. 1690)),exact-label
accept_glance,alfred_radcliffe_brown,A. R. Radcliffe-Brown,Q135576,,37,"anthropologist, sociologist",British anthropologist (1881–1955),1881,1955,,exact-label
accept_glance,donna_haraway,Donna Haraway,Q253407,,37,"non-fiction writer, feminist, philosopher, sociologist, university teacher, biologist, historian","American philosopher, scholar in the field of science and technology studies (born 1944)",1944,,,exact-label
accept_glance,ernst_gombrich,Ernst Gombrich,Q78504,,37,"aesthetician, art historian, historian, professor, writer",Austrian art historian (1909–2001),1909,2001,,exact-label
accept_glance,alexander_kluge,Alexander Kluge,Q60637,,36,"video artist, film editor, film director, director, film producer, university teacher, poet lawyer, filmmaker, lawyer, writer, actor, screenwriter, television producer, jurist","German writer, philosopher, academic and film director (1932–2026)",1932,2026,,exact-label
accept_glance,dadabhai_naoroji,Dadabhai Naoroji,Q10240,,36,"freedom fighter, university teacher, economist, politician","Indian politician leader, scholar and writer (1825–1917)",1825,1917,,exact-label
accept_glance,henri_pirenne,Henri Pirenne,Q312501,,36,"medievalist, university teacher, historian",Belgian historian (1862-1935),1862,1935,,exact-label
accept_glance,rosika_schwimmer,Rosika Schwimmer,Q853932,,35,"feminist, suffragist, peace activist, pacifist, non-fiction writer, lecturer, journalist, editor, politician","Hungarian activist, editor (1877-1948)",1877,1948,,exact-label
accept_glance,carlo_ginzburg,Carlo Ginzburg,Q355251,,34,"cultural studies scholar, essayist, university teacher, translator, historian",Italian historian (1939–2026),1939,2026,,exact-label
accept_glance,erich_auerbach,Erich Auerbach,Q57603,,34,"literary scholar, comparative literature academic, literary historian, philologist, linguist, literary critic, romanist, university teacher, translator, librarian, writer",German philologist (1892-1957),1892,1957,Q5387999(Czech-British photographer (1911-1977)),exact-label
accept_glance,pierre_nora,Pierre Nora,Q266382,,34,"historian, publisher, university teacher",French historian and publisher (1931–2025),1931,2025,,exact-label
accept_glance,w_w_rostow,W. W. Rostow,Q359560,,34,"university teacher, political scientist, historian, economist, politician, writer","American economist, political theorist and government official (1916–2003)",1916,2003,,exact-label
accept_glance,aby_warburg,Aby Warburg,Q60185,,33,"art historian, university teacher",German art historian and cultural theorist (1866–1929),1866,1929,,exact-label
accept_glance,edward_evans_pritchard,E. E. Evans-Pritchard,Q150379,,33,"social anthropologist, university teacher, ethnologist, political scientist",British anthropologist (1902–1973),1902,1973,,exact-label
accept_glance,kimberle_crenshaw,Kimberlé Crenshaw,Q6409990,,33,"activist, philosopher, academic, lawyer, university teacher, jurist",American legal academic (born 1959),1959,,,exact-label
accept_glance,alexandre_koyre,Alexandre Koyré,Q319243,,32,"historian of science, philosopher, university teacher, translator",French philosopher (1892–1964),1892,1964,,exact-label
accept_glance,marshall_sahlins,Marshall Sahlins,Q345300,,32,"anthropologist, university teacher",American anthropologist (1930-2021),1930,2021,,exact-label
accept_glance,nancy_fraser,Nancy Fraser,Q267536,,32,"feminist, philosopher, sociologist, political scientist, university teacher",American philosopher,1947,,Q75336451((born 1921)),exact-label
accept_glance,northrop_frye,Northrop Frye,Q354256,,32,"literary scholar, philosopher, literary critic, cleric, poet, writer, pedagogue, author",Canadian literary critic and literary theorist (1912–1991),1912,1991,,exact-label
accept_glance,r_g_collingwood,R. G. Collingwood,Q317075,,32,"philosopher of culture, archaeologist, historian, philosopher, university teacher",British historian and philosopher (1889–1943),1889,1943,,exact-label
accept_glance,georges_duby,Georges Duby,Q271295,,31,"medievalist, art historian, university teacher, historian",French historian (1919–1996),1919,1996,,exact-label
accept_glance,jacques_ranciere,Jacques Rancière,Q467470,,31,"political philosopher, aesthetician, literary critic, philosopher, university teacher",French philosopher (1940 - ),1940,,,exact-label
accept_glance,louis_hjelmslev,Louis Hjelmslev,Q313769,,31,"historical linguist, linguist, university teacher",Danish linguist (1899-1965),1899,1965,,exact-label
accept_glance,lytton_strachey,Lytton Strachey,Q540427,,31,"theatre critic, literary critic, painter, biographer, poet, writer",English writer (1880–1932),1880,1932,,exact-label
accept_glance,seymour_martin_lipset,Seymour Martin Lipset,Q352959,,31,"sociologist, university teacher, political scientist, historian, writer",American sociologist (1922–2006),1922,2006,,exact-label
accept_glance,stein_rokkan,Stein Rokkan,Q319704,,31,"philosopher, politician, sociologist, university teacher, political scientist",Norwegian political scientist,1921,1979,,exact-label
accept_glance,charles_a_beard,Charles A. Beard,Q719860,,30,"peace activist, historian of Modern Age, opinion journalist, university teacher, historian, writer",American historian (1874-1948),1874,1948,,exact-label
accept_glance,homi_k_bhabha,Homi K. Bhabha,Q325741,,30,"cultural studies scholar, scholar of English, literary historian, philosopher, literary critic, professor, teacher",Indian critical theorist (born 1949),1949,,,exact-label
accept_glance,maurice_halbwachs,Maurice Halbwachs,Q326000,,30,"philosopher, statistician, sociologist, university teacher, author, psychologist, professor","French sociologist (1877-1945), died in Buchenwald concentration camp",1877,1945,,exact-label
accept_glance,siegfried_kracauer,Siegfried Kracauer,Q76435,,30,"opinion journalist, film critic, sociologist, journalist, editing staff, architect, writer","German writer, journalist, sociologist, cultural critic, and film theorist (1889-1966)",1889,1966,,exact-label
accept_glance,aldo_leopold,Aldo Leopold,Q971382,,28,"forestry scientist, ecologist, conservationist, environmentalist, forester, hunter, university teacher, writer, naturalist, philosopher, botanical collector",American writer and scientist (1887-1948),1887,1948,,exact-label
accept_glance,antoine_henri_jomini,Antoine-Henri Jomini,Q115652,,28,"military theorist, stockbroker, cartographer, banker, historian, military officer, military personnel, writer",French-Swiss officer who served as a general with the French and Russian armies and writer on the art of war (1779-1869),1779,1869,,exact-label
accept_glance,arthur_danto,Arthur C. Danto,Q365129,,28,"philosopher, art critic, journalist, art historian, university teacher, painter, writer",American art critic and philosopher (1924–2013),1924,2013,,exact-label
accept_glance,jean_mabillon,Jean Mabillon,Q354563,,28,"palaeographer, scholar, religious, church historian, theologian, archivist, historian, writer","French Benedictine monk, medievist, paleographer, diplomatics and theologian (1632-1707)",1632,1707,,exact-label
accept_glance,mary_mcleod_bethune,Mary McLeod Bethune,Q291068,,28,"feminist, suffragist, religious leader, journalist, human rights defender, pedagogue, civil rights advocate, missionary, politician, teacher, writer",American educator and civil rights leader (1875-1955),1875,1955,,exact-label
accept_glance,numa_denis_fustel_de_coulanges,Numa Denis Fustel de Coulanges,Q462597,,28,"university teacher, historian, writer",French historian (1830–1889),1830,1889,,exact-label
accept_glance,piero_sraffa,Piero Sraffa,Q370468,,28,"university teacher, economist",Italian economist (1898–1983),1898,1983,,exact-label
accept_glance,sidney_webb,Sidney Webb,Q332442,,28,"sociologist, aristocrat, political economist, historian, economist, professor, politician, writer","English socialist economist, 1859–1947 (1859–1947)",1859,1947,Q7507945(English footballer) ; Q20876887(English cricketer),exact-label
accept_glance,andre_gunder_frank,André Gunder Frank,Q58040,,27,"political activist, sociologist, university teacher, historian, economist, writer",German-American economic historian and sociologist who promoted dependency theory after 1970 and world-systems theory after 1984 (1929–2005),1929,2005,,exact-label
accept_glance,augustin_thierry,Augustin Thierry,Q381092,,27,"historian, librarian, writer",French historian (1795-1856),1795,1856,,exact-label
accept_glance,gaetano_mosca,Gaetano Mosca,Q351527,,27,"philosopher, sociologist, journalist, historian, jurist, politician, writer",Italian political scientist and journalist (1858–1941),1858,1941,,exact-label
accept_glance,george_bancroft,George Bancroft,Q741482,,27,"historian of Modern Age, philologist, academic, translator, historian, diplomat, politician, teacher, writer","American historian, statesman, founder of United States Naval Academy (1800-1891)",1800,1891,Q618616(American actor (1882–1956)) ; Q5536675(English clergyman and translator (fl. 15),exact-label
accept_glance,amadou_hampate_ba,Amadou Hampâté Bâ,Q452299,,26,"novelist, anthropologist, ethnologist, historian, poet, writer, philosopher","Malian writer, historian and ethnologist",1899,1991,,exact-label
accept_glance,doreen_massey,Doreen Massey,Q1156266,,26,"non-fiction writer, geographer, university teacher, economist",British social scientist and geographer,1944,2016,Q1243853(British politician (1938–2024)),exact-label
accept_glance,georges_canguilhem,Georges Canguilhem,Q433741,,26,"French resistance fighter, historian of science, philosopher, researcher, university teacher, historian, physician, naturalist",French philosopher (1904-1995),1904,1995,,exact-label
accept_glance,jan_assmann,Jan Assmann,Q61247,,26,"Egyptologist, theologian, historian, cultural studies scholar, archaeologist, university teacher",German egyptologist (1938–2024),1938,2024,,exact-label
accept_glance,john_keegan,John Keegan,Q363722,,26,"journalist, military historian, university teacher, author, historian, teacher","British military historian, lecturer, writer and journalist (1934–2012)",1934,2012,Q20650131(English association football player (bor) ; Q6242620(Australian politician) ; Q7759843(Irish poet (1809–1849)),exact-label
accept_glance,michel_de_certeau,Michel de Certeau,Q553887,,26,"sociologist, philosopher, historian, university teacher, Catholic priest",French Jesuit and scholar (1925–1986),1925,1986,,exact-label
accept_glance,perry_anderson,Perry Anderson,Q456392,,26,"opinion journalist, philosopher, sociologist, editor, university teacher, music critic, political scientist, historian",British historian (born 1938),1938,,Q2793336(Canadian ice hockey player) ; Q109479455(farmer and land owner in the Somerset Co),exact-label
accept_glance,raul_hilberg,Raul Hilberg,Q213553,,26,"non-fiction writer, political scientist, university teacher, historian, writer, scientist",Austrian-born American political scientist and historian (1926–2007),1926,2007,,exact-label
accept_glance,etienne_balibar,Étienne Balibar,Q289333,,26,philosopher,French philosopher,1942,,,exact-label
accept_glance,carlo_cipolla,Carlo M. Cipolla,Q454036,,25,"economic historian, non-fiction writer, university teacher, historian, economist",Italian economic historian (1922–2000),1922,2000,,exact-label
accept_glance,gerda_lerner,Gerda Lerner,Q85102,,25,"autobiographer, university teacher, educator, author, translator, historian, screenwriter, writer",Austrian-American women's history scholar (1920-2013),1920,2013,,exact-label
accept_glance,hans_delbruck,Hans Delbrück,Q76575,,25,"opinion journalist, university teacher, military historian, historian, politician",German historian (1848-1929),1848,1929,,exact-label
accept_glance,marianne_weber,Marianne Weber,Q66916,,25,"feminist, sociologist, legal historian, painter, politician, writer",German women's rights activist and legal historian (1870-1954),1870,1954,Q275840(Dutch singer) ; Q47469582(German rower) ; Q94751780() ; Q96273287(),exact-label
accept_glance,bertha_pappenheim,Bertha Pappenheim,Q61178,,24,"women's rights activist, feminist, social worker, journalist, translator, playwright, writer",Austrian feminist (1859–1936),1859,1936,,exact-label
accept_glance,quentin_skinner,Quentin Skinner,Q465807,,24,"philosopher, university teacher, political scientist, historian",British historian (1940-),1940,,Q135934578(American football player),exact-label
accept_glance,reinhart_koselleck,Reinhart Koselleck,Q61271,,24,"university teacher, author, historian",German historian (1923–2006),1923,2006,,exact-label
accept_glance,robert_n_bellah,Robert N. Bellah,Q1353651,,24,"sociologist, university teacher",American sociologist (1927–2013),1927,2013,,exact-label
accept_glance,arthur_lovejoy,Arthur O. Lovejoy,Q504753,,23,"literary historian, philosopher, journalist, literary critic, university teacher, historian",American philosopher and intellectual historian (1873-1962),1873,1962,,exact-label
accept_glance,fei_xiaotong,Fei Xiaotong,Q982656,,23,"politician, writer, sociologist, anthropologist, university teacher","Chinese anthropologist, sociologist (1910-2005)",1910,2005,,exact-label
accept_glance,arjun_appadurai,Arjun Appadurai,Q560986,,22,"social anthropologist, cultural anthropologist, theorist, anthropologist, academic, sociologist, ethnologist",social-cultural anthropologist (born 1949),1949,,,exact-label
accept_glance,charles_bally,Charles Bally,Q13236,,22,"philologist, linguist, university teacher",Swiss linguist (1865-1947),1865,1947,,exact-label
accept_glance,edmund_leach,Edmund Leach,Q550729,,22,anthropologist,British social anthropologist (1910–1989),1910,1989,Q16856545(British Army officer (1836-1923)),exact-label
accept_glance,eve_kosofsky_sedgwick,Eve Kosofsky Sedgwick,Q258462,,22,"literary scholar, women's rights activist, literary critic, journalist, poet, writer",American scholar of queer theory (1950-2009),1950,2009,,exact-label
accept_glance,giovanni_arrighi,Giovanni Arrighi,Q375310,,22,"sociologist, university teacher, economist",Italian economist and sociologist (1937-2009),1937,2009,Q84603545(Italian military (1861-1923)),exact-label
accept_glance,kenneth_burke,Kenneth Burke,Q960081,,22,"producer, philosopher, literary critic, journalist, sociologist, music critic, university teacher, rhetorician, writer",American philosopher and literary critic (1897–1993),1897,1993,Q6389917(Irish hurler) ; Q139266820(producer) ; Q102187952(Ph.D. New York University 1969),exact-label
accept_glance,yehuda_bauer,Yehuda Bauer,Q695770,,22,"university teacher, historian, writer",Holocaust survivor and Israeli historian (1926–2024),1926,2024,,exact-label
accept_glance,daniel_boorstin,Daniel J. Boorstin,Q551252,,21,"historian, librarian, lawyer, writer, philosopher, sociologist, biographer",American historian (1914–2004),1914,2004,,exact-label
accept_glance,g_a_cohen,G. A. Cohen,Q553987,,21,"philosopher, university teacher","Canadian political philosopher, founder of analytical Marxism (1941–2009)",1941,2009,,exact-label
accept_glance,jean_pierre_vernant,Jean-Pierre Vernant,Q472206,,21,"hellenist, French resistance fighter, anthropologist, philosopher, classical scholar, researcher, historian, professor",French historian and anthropologist (1914–2007),1914,2007,,exact-label
accept_glance,leo_lowenthal,Leo Löwenthal,Q77146,,21,"sociologist, philosopher",German sociologist (1900–1993),1900,1993,"Q105365581(holocaust victim, b. 1876-05-25) ; Q105512771(holocaust victim, birth date unknown) ; Q105654601(holocaust victim, b. 1893-06-08)",exact-label
accept_glance,ludwik_fleck,Ludwik Fleck,Q523087,,21,"sociologist, university teacher, biologist, physician, writer, scientist, immunologist, microbiologist, philosopher",Polish physician (1896–1961),1896,1961,,exact-label
accept_glance,barrington_moore,Barrington Moore,Q241199,,20,"philosopher, sociologist, political scientist, historian",American historian and sociologist,1913,2005,Q16004078(American forester),exact-label
accept_glance,daniel_jonah_goldhagen,Daniel Jonah Goldhagen,Q553527,,20,"non-fiction writer, historian of Modern Age, academic, sociologist, university teacher, political scientist, historian, writer",American author and academic (born 1959),1959,,,exact-label
accept_glance,paul_sweezy,Paul M. Sweezy,Q715127,,20,economist,American economist (1910–2004),1910,2004,,exact-label
accept_glance,ramachandra_guha,Ramachandra Guha,Q3521662,,20,"cultural studies scholar, environmentalist, journalist, university teacher, author, historian, teacher, writer",historian and writer from India,1958,,,exact-label
accept_glance,raul_prebisch,Raúl Prebisch,Q982374,,20,"economist, politician",Argentine economist (1901-1986),1901,1986,,exact-label
accept_glance,saul_friedlander,Saul Friedländer,Q699701,,20,"university teacher, historian, writer",Israeli historian and Holocaust survivor (born 1932),1932,,,exact-label
accept_glance,susan_stryker,Susan Stryker,Q7648438,,20,"sociologist, historian, writer, film producer, film director, university teacher","American professor, historian, author, and filmmaker",1961,,,exact-label
accept_glance,anthony_d_smith,Anthony D. Smith,Q976971,,19,"anthropologist, sociologist, university teacher, political scientist",British academic (1939-2016),1939,2016,,exact-label
accept_glance,carl_sauer,Carl O. Sauer,Q1823362,,19,"geographer, pedagogue",American geographer (1889-1975),1889,1975,,exact-label
accept_glance,friedrich_meinecke,Friedrich Meinecke,Q66147,,19,"historian of Modern Age, philosopher of history, opinion journalist, university teacher, archivist, historian",German historian and philosopher of history (1862-1954),1862,1954,Q1461086(German sculptor (1873–1913)),exact-label
accept_glance,friedrich_pollock,Friedrich Pollock,Q77175,,19,"philosopher, sociologist, economist",German social scientist (1894–1970),1894,1970,,exact-label
accept_glance,juliet_mitchell,Juliet Mitchell,Q453560,,19,"feminist, psychoanalyst, psychologist",Feminist psychologist,1940,,,exact-label
accept_glance,richard_hoggart,Richard Hoggart,Q1534871,,19,"cultural sociologist, literary historian, university teacher",British sociologist (1918-2014),1918,2014,,exact-label
accept_glance,s_n_eisenstadt,S. N. Eisenstadt,Q677793,,19,"sociologist, university teacher",Israeli sociologist (1923–2010),1923,2010,,exact-label
accept_glance,theda_skocpol,Theda Skocpol,Q130064,,19,"sociologist, political scientist, university teacher, historian",American sociologist and political scientist,1947,,,exact-label
accept_glance,aleida_assmann,Aleida Assmann,Q111115,,18,"literary scholar, scholar of English, anthropologist, director, university teacher, Egyptologist, cultural studies scholar",German professor of English and Literary Studies,1947,,,exact-label
accept_glance,emanuel_ringelblum,Emanuel Ringelblum,Q707554,,18,"opinion journalist, pedagogue, archivist, historian, politician",Polish historian (1900-1944),1900,1944,,exact-label
accept_glance,george_washington_williams,George Washington Williams,Q3083858,,18,"explorer, soldier, journalist, Christian minister, theologian, parson, historian, diplomat, politician, writer","American Civil War soldier, Christian minister, Ohio politician, lawyer, journalist, and writer",1849,1891,Q5546051(United States Navy admiral (1869-1925)),exact-label
accept_glance,jean_cavailles,Jean Cavaillès,Q515633,,18,"philosopher, resistance fighter, university teacher, mathematician",French philosopher and mathematician (1903–1944),1903,1944,Q3188477(French painter (1901-1977)) ; Q116172410(),exact-label
accept_glance,paul_ree,Paul Rée,Q62596,,18,"philosopher, physician, writer",Prussian Doctor (1849–1901),1849,1901,,exact-label
accept_glance,richard_hofstadter,Richard Hofstadter,Q982698,,18,"university teacher, historian",American historian and public intellectual (1916–1970),1916,1970,,exact-label
accept_glance,talal_asad,Talal Asad,Q1974975,,18,anthropologist,anthropologist at the CUNY Graduate Center,1932,,,exact-label
accept_glance,william_h_mcneill,William H. McNeill,Q1765863,,18,"university teacher, historian, writer",Canadian historian and writer (1917–2016),1917,2016,,exact-label
accept_glance,george_perkins_marsh,George Perkins Marsh,Q748127,,17,"philologist, ecologist, art collector, linguist, environmentalist, diplomat, politician, writer",American politician (1801-1882),1801,1882,,exact-label
accept_glance,george_sarton,George Sarton,Q1316061,,17,"university teacher, chemist, history of medicine, historian",Belgian-American historian of science (1884–1956),1884,1956,,exact-label
accept_glance,karl_knies,Karl Knies,Q64265,,17,"state political scientist, secondary school teacher, university teacher, author, economist",German economist and university lecturer (1821-1898),1821,1898,,exact-label
accept_glance,miroslav_hroch,Miroslav Hroch,Q2502881,,17,"university teacher, historian",Czech historian and university educator,1932,,Q95240120(Czechoslovak microbiologist (1929-2005)),exact-label
accept_glance,robert_darnton,Robert Darnton,Q964180,,17,"book historian, research fellow, university teacher, historian, librarian",American historian,1939,,,exact-label
accept_glance,albert_sechehaye,Albert Sechehaye,Q13234,,16,"non-fiction writer, linguist, university teacher",Swiss linguist (1870-1946),1870,1946,,exact-label
accept_glance,alexander_gerschenkron,Alexander Gerschenkron,Q709886,,16,"economic historian, non-fiction writer, university teacher, economist",American economist (1904–1978),1904,1978,,exact-label
accept_glance,alfred_chandler,Alfred D. Chandler Jr.,Q1336939,,16,"economic historian, university teacher, historian, economist, writer",American historian (1918–2007),1918,2007,,exact-label
accept_glance,bernard_bailyn,Bernard Bailyn,Q822286,,16,"historian of Modern Age, university teacher, historian, writer",American historian (1922–2020),1922,2020,,exact-label
accept_glance,mary_church_terrell,Mary Church Terrell,Q3296160,,16,"women's rights activist, suffragist, clubwoman, orator, lecturer, educator, civil rights advocate, politician, writer",American activist and suffragette (1863–1954),1863,1954,,exact-label
accept_glance,meyer_schapiro,Meyer Schapiro,Q533444,,16,"art theorist, aesthetician, art historian, university teacher, historian",American historian of art (1904–1996),1904,1996,,exact-label
accept_glance,michelle_perrot,Michelle Perrot,Q3311452,,16,"feminist, university teacher, historian",French historian (born 1928),1928,,,exact-label
accept_glance,oskar_negt,Oskar Negt,Q62239,,16,"philosopher, sociologist, university teacher",German philosopher (1934–2024),1934,2024,,exact-label
accept_glance,wilhelm_roscher,Wilhelm Roscher,Q62842,,16,"university teacher, pedagogue, political economist, historian, economist",German economist (1817–1894),1817,1894,,exact-label
accept_glance,dipesh_chakrabarty,Dipesh Chakrabarty,Q251282,,15,"anthropologist, sociologist, university teacher, author, historian",Indian historian,1948,,,exact-label
accept_glance,henri_hubert,Henri Hubert,Q2440796,,15,"sociologist, anthropologist, classical scholar, archaeologist, curator, historian, professor",French sociologist (1872–1927),1872,1927,Q65560111(French gymnast (fl. 1908)),exact-label
accept_glance,ifi_amadiume,Ifi Amadiume,Q298277,,15,"essayist, anthropologist, ethnologist, university teacher, poet, writer","Nigerian poet, anthropologist, and essayist",1947,,,exact-label
accept_glance,jack_goody,Jack Goody,Q636191,,15,"university teacher, historian, anthropologist, sociologist",British anthropologist (1919-2015),1919,2015,,exact-label
accept_glance,margaret_rossiter,Margaret W. Rossiter,Q6759992,,15,"historian of science, university teacher, historian",American historian of science,1944,2025,,exact-label
accept_glance,oyeronke_oyewumi,Oyèrónkẹ́ Oyěwùmí,Q16733966,,15,"philosopher, sociologist, teacher",Nigerian academic,1957,,,exact-label
accept_glance,ranajit_guha,Ranajit Guha,Q475026,,15,"author, historian",Indian historian(Professor),1923,2023,,exact-label
accept_glance,stanley_fish,Stanley Fish,Q303680,,15,"literary scholar, philosopher, philologist, literary critic, journalist, university teacher, jurist, historian, writer",American literary theorist and lawyer (born 1938),1938,,,exact-label
accept_glance,uma_chakravarti,Uma Chakravarti,Q18987308,,15,historian,Indian historian and filmmaker,1941,,,exact-label
accept_glance,bruno_hildebrand,Bruno Hildebrand,Q77667,,14,"economist, politician, state political scientist, statistician, university teacher, jurist",German economist (1812-1878),1812,1878,,exact-label
accept_glance,gertrud_bing,Gertrud Bing,Q66462,,14,"art historian, editor, university teacher, historian, librarian",scholar and Director of the Warburg Institute (1892–1964),1892,1964,,exact-label
accept_glance,helene_metzger,Hélène Metzger,Q17296722,,14,"philosopher, chemist",French philosopher (1889-1944),1889,1944,,exact-label
accept_glance,joseph_ki_zerbo,Joseph Ki-Zerbo,Q739752,,14,"university teacher, historian, politician","Burkinabé historian, politician and writer (1922-2006)",1922,2006,,exact-label
accept_glance,jurgen_kocka,Jürgen Kocka,Q65770,,14,"social historian, university teacher",German historian,1941,,,exact-label
accept_glance,michel_callon,Michel Callon,Q1381779,,14,"sociologist, researcher, university teacher, engineer",French sociologist,1945,2025,,exact-label
accept_glance,partha_chatterjee,Partha Chatterjee,Q2335595,,14,"sociologist, political scientist, historian",Indian academic,1947,,"Q7140208(Indian politician) ; Q123584885(Bengali actor) ; Q102443423(Ph.D. University of Minnesota-Minneapoli) ; Q109473782(Indian businessperson (born 1969, child )",exact-label
accept_glance,william_wells_brown,William Wells Brown,Q961244,,14,"abolitionist, novelist, playwright, historian, writer","American abolitionist lecturer, novelist, playwright, and historian (1814–1884)",1814,1884,,exact-label
accept_glance,bolanle_awe,Bolanle Awe,Q22790289,,13,"researcher, university teacher, historian",First Nigerian Female Professor of History,1933,,,exact-label
accept_glance,carl_grunberg,Carl Grünberg,Q70917,,13,"sociologist, university teacher, political economist, historian, economist, jurist","Austrian economist, economic historian and sociologist (1861-1940)",1861,1940,,exact-label
accept_glance,chandra_talpade_mohanty,Chandra Talpade Mohanty,Q1086920,,13,"feminist, sociologist, university teacher",Indian feminism and women's studies professor,1955,,,exact-label
accept_glance,ernst_bernheim,Ernst Bernheim,Q62991,,13,"university teacher, historian",German historian (1850–1942),1850,1942,,exact-label
accept_glance,f_w_maitland,F. W. Maitland,Q1376924,,13,"legal historian, biographer, barrister, historian",British historian (1850–1906),1850,1906,,exact-label
accept_glance,karl_julius_beloch,Karl Julius Beloch,Q65749,,13,"historian of classical antiquity, classical scholar, geographer, historian, professor",German classical and economic historian (1854–1929),1854,1929,,exact-label
accept_glance,madhav_gadgil,Madhav Gadgil,Q6727256,,13,"biologist, professor, ecologist, opinion journalist","Indian ecologist, writer, environmental activist",1942,2026,,exact-label
accept_glance,paulin_hountondji,Paulin J. Hountondji,Q712288,,13,"writer, philosopher, university teacher, docent, minister, politician",Beninese philosopher (1942–2024),1942,2024,,exact-label
accept_glance,pratibha_parmar,Pratibha Parmar,Q3401401,,13,"director, film producer, film director, writer, screenwriter",British filmmaker (born 1955),1955,,,exact-label
accept_glance,steven_shapin,Steven Shapin,Q967777,,13,"historian of science, sociologist, university teacher, historian",American sociologist,1943,,,exact-label
accept_glance,angela_mcrobbie,Angela McRobbie,Q4762514,,12,"cultural studies scholar, communication scholar, university teacher, sociologist",British academic,1951,,,exact-label
accept_glance,carolyn_merchant,Carolyn Merchant,Q2940097,,12,"environmental scientist, historian of science, ecofeminist, ecologist, environmentalist, philosopher, chemist",American ecofeminist,1936,,,exact-label
accept_glance,charles_seignobos,Charles Seignobos,Q607842,,12,"university teacher, historian",French historian (1854-1942),1854,1942,,exact-label
accept_glance,charles_victor_langlois,Charles-Victor Langlois,Q2606667,,12,"archivist, historian",French historian and archivist (1863–1929),1863,1929,,exact-label
accept_glance,david_bloor,David Bloor,Q3017532,,12,"philosopher, sociologist, university teacher",British sociologist (1942-),1942,,,exact-label
accept_glance,elizabeth_fox_genovese,Elizabeth Fox-Genovese,Q5362795,,12,"university teacher, historian",American historian,1941,2007,,exact-label
accept_glance,franco_venturi,Franco Venturi,Q481482,,12,"philosophy historian, racing automobile driver, journalist, university teacher, historian, politician, writer","Italian historian, essayist, journalist (1914-1994)",1914,1994,Q94484799(),exact-label
accept_glance,g_r_elton,G. R. Elton,Q89433,,12,"historian of Modern Age, university teacher, historian, lawyer, writer",British historian (1921–1994),1921,1994,,exact-label
accept_glance,georg_heinrich_pertz,Georg Heinrich Pertz,Q68383,,12,"medievalist, numismatist, editing staff, archivist, historian, librarian",German historian (1795–1876),1795,1876,,exact-label
accept_glance,graham_wallas,Graham Wallas,Q2551919,,12,"socialist, sociologist, university teacher, political scientist, author, psychologist","English socialist, social psychologist, educationalist (1858–1932)",1858,1932,,exact-label
accept_glance,hans_ulrich_wehler,Hans-Ulrich Wehler,Q66155,,12,"historian of Modern Age, social historian, opinion journalist, journalist, university teacher, historian, writer",German historian (1931–2014),1931,2014,,exact-label
accept_glance,john_hope_franklin,John Hope Franklin,Q1367397,,12,"university teacher, historian, professor, writer",African-American historian,1915,2009,,exact-label
accept_glance,kenneth_pomeranz,Kenneth Pomeranz,Q2367310,,12,"sinologist, university teacher, historian","American historian, sinologist, and university teacher (born 1958)",1958,,,exact-label
accept_glance,lionel_giles,Lionel Giles,Q59188,,12,"sinologist, linguist, philosopher, translator, librarian","British sinologist, writer and philosopher (1875–1958)",1875,1958,,exact-label
accept_glance,lloyd_demause,Lloyd deMause,Q676269,,12,"social scientist, psychoanalyst, author, psychologist, historian",American thinker (1931–2020),1931,2020,,exact-label
accept_glance,martin_broszat,Martin Broszat,Q86149,,12,"university teacher, historian",German historian (1926–1989),1926,1989,,exact-label
accept_glance,nechama_tec,Nechama Tec,Q450506,,12,"sociologist, university teacher, historian",Polish historian (1931–2023),1931,2023,,exact-label
accept_glance,peter_galison,Peter Galison,Q444025,,12,"historian of science, film director, philosopher, university teacher, historian, physicist",American historian of science and physicist,1955,,,exact-label
accept_glance,pierre_goubert,Pierre Goubert,Q3385282,,12,"director of studies, professeur des universités, secondary school teacher, researcher, historian",French historian (1915–2012),1915,2012,,exact-label
accept_glance,sherry_ortner,Sherry B. Ortner,Q2278440,,12,anthropologist,American anthropologist,1941,,,exact-label
accept_glance,simon_schaffer,Simon Schaffer,Q547039,,12,"historian of science, philosopher, university teacher",British historian of science,1955,,,exact-label
accept_glance,te_rangi_hiroa,Te Rangi Hīroa (Peter H. Buck),Q1396630,,12,"athletics competitor, anthropologist, public figure, director, historian, politician, physician, teacher","Māori leader, physician, politician and anthropologist (1877–1951)",1877,1951,,exact-label
accept_glance,wolfgang_j_mommsen,Wolfgang J. Mommsen,Q68802,,12,"university teacher, historian",German historian (1930-2004),1930,2004,,exact-label
accept_glance,bruce_trigger,Bruce G. Trigger,Q991855,,11,"prehistorian, archaeologist, anthropologist, university teacher, historian",Canadian archaeologist (1937–2006),1937,2006,,exact-label
accept_glance,carter_g_woodson,Carter G. Woodson,Q5047158,,11,"dean, opinion journalist, journalist, university teacher, historian, writer","American historian, writer, and journalist (1875–1950)",1875,1950,,exact-label
accept_glance,dolores_hayden,Dolores Hayden,Q5289528,,11,"historian of urban planning, historian, architect, poet, writer","American historian, architect, and poet",1945,,,exact-label
accept_glance,hippolyte_bernheim,Hippolyte Bernheim,Q661050,,11,"hypnotist, psychoanalyst, university teacher, neurologist, psychologist, physician",French physician and neurologist (1840-1919),1840,1919,,exact-label
accept_glance,janet_abu_lughod,Janet Lippman Abu-Lughod,Q6153129,,11,"urbanologist, demographer, sociologist, historian",American historian (1928-2013),1928,2013,,exact-label
accept_glance,judy_wajcman,Judy Wajcman,Q1711168,,11,"sociologist, university teacher",British sociologist and academic,1950,,,exact-label
accept_glance,otto_brunner,Otto Brunner,Q112539,,11,"social historian, medievalist, university teacher, archivist, historian",Austrian historian (1898–1982),1898,1982,Q2038367(Swiss politician (1896-1973)) ; Q102303139(Dr. phil. II Universität Zürich 1933) ; Q104422434(Holocaust victim (born 1902)),exact-label
accept_glance,pierre_macherey,Pierre Macherey,Q326897,,11,"literary critic, philosopher, university teacher",French academic,1938,,,exact-label
accept_glance,ruth_behar,Ruth Behar,Q1699866,,11,"anthropologist, film director, university teacher, writer",Jewish Cuban American writer,1956,,,exact-label
accept_glance,cliffe_leslie,T. E. Cliffe Leslie,Q355086,,11,economist,Irish jurist and economist (1826–1882),1826,1882,,exact-label
accept_glance,thorold_rogers,Thorold Rogers,Q3069804,,11,"economic historian, historian, economist, politician, writer","English economist, historian and Liberal politician (1823-1890)",1823,1890,,exact-label
accept_glance,yosef_hayim_yerushalmi,Yosef Hayim Yerushalmi,Q554993,,11,"university teacher, historian, rabbi",Jewish historian (1932–2009),1932,2009,,exact-label
accept_glance,a_adu_boahen,A. Adu Boahen,Q2637530,,10,"university teacher, historian, politician",Ghanaian politician and academic (1932-2006),1932,2006,,exact-label
accept_glance,allan_nevins,Allan Nevins,Q3380712,,10,"historian of Modern Age, journalist, university teacher, biographer, author, historian",American historian and journalist (1890–1971),1890,1971,,exact-label
accept_glance,anneliese_maier,Anneliese Maier,Q91482,,10,"historian of science, philosopher, historian",German historian (1905-1971),1905,1971,,exact-label
accept_glance,celso_furtado,Celso Furtado,Q984416,,10,"economist, diplomat, politician",Brazilian economist (1920-2004),1920,2004,,exact-label
accept_glance,david_cannadine,David Cannadine,Q4382556,,10,"university teacher, biographer, historian, writer",British historian,1950,,,exact-label
accept_glance,edgar_zilsel,Edgar Zilsel,Q85508,,10,"philosopher, historian, physicist",Austrian historian and philosopher (1891–1944),1891,1944,,exact-label
accept_glance,gordon_wood,Gordon S. Wood,Q5585778,,10,"history teacher, university teacher, historian, writer","American history teacher, university and college faculty member, historian",1933,2026,,exact-label
accept_glance,j_g_a_pocock,J. G. A. Pocock,Q1336397,,10,"university teacher, political scientist, historian",New Zealand historian (1924–2023),1924,2023,,exact-label
accept_glance,jack_goldstone,Jack A. Goldstone,Q4141387,,10,"academic, sociologist, university teacher, political scientist",American academic,1953,,,exact-label
accept_glance,jan_vansina,Jan Vansina,Q981217,,10,"Africanist, anthropologist, historian",Belgian historian and anthropologist (1929–2017),1929,2017,,exact-label
accept_glance,lillian_faderman,Lillian Faderman,Q452159,,10,"literary critic, university teacher, author, historian, writer",American writer,1940,,,exact-label
accept_glance,martin_jay,Martin Jay,Q5927301,,10,"philosopher, sociologist, historian, writer","Sidney Hellman Ehrman Professor of History, University of California, Berkeley",1944,,Q75654685((born 1939)),exact-label
accept_glance,nicole_loraux,Nicole Loraux,Q449223,,10,"professeur des universités, linguist, anthropologist, translator, historian, writer",French historian (1943–2003),1943,2003,,exact-label
accept_glance,reinhard_bendix,Reinhard Bendix,Q76175,,10,"non-fiction writer, sociologist, university teacher, translator",German-American sociologist,1916,1991,,exact-label
accept_glance,sanjay_subrahmanyam,Sanjay Subrahmanyam,Q2896848,,10,"social scientist, university teacher, director of studies, historian, economist",Indian historian,1961,,,exact-label
accept_glance,sheila_jasanoff,Sheila Jasanoff,Q3481755,,10,"linguist, sociologist, university teacher, jurist",American social scientist,1944,,,exact-label
accept_glance,vernon_parrington,Vernon Louis Parrington,Q2517365,,10,"literary scholar, literary historian, association football coach, university teacher, historian",Football coach; Pulitzer Prize Winner; Academic Professor (1871–1929),1871,1921,,exact-label
accept_glance,wiebe_bijker,Wiebe E. Bijker,Q3567958,,10,"historian, physicist, engineer, philosopher, sociologist, university teacher",Dutch academic,1951,,,exact-label
accept_glance,william_ashley,William Ashley,Q4533412,,10,"economic historian, economist, professor",British economic historian (1860–1927),1860,1927,"Q22343741(British MP, 1803-1877) ; Q75869670(Peerage person ID=368714) ; Q96207706(Abt 1742 -)",exact-label
accept_glance,william_dray,William Dray,Q2468360,,10,"philosopher, university teacher, historian",Canadian philosopher (1921–2009),1921,2009,,exact-label
accept_glance,belinda_bozzoli,Belinda Bozzoli,Q47529914,,9,"academic, politician",South African academic and politician,1945,2020,,exact-label
accept_glance,carl_l_becker,Carl L. Becker,Q1039506,,9,"historian of Modern Age, university teacher, historian, writer",American historian (1873–1945),1873,1945,,exact-label
accept_glance,david_kertzer,David I. Kertzer,Q3018193,,9,"sociologist, anthropologist, non-fiction writer, historian",American historian and anthropologist,1948,,,exact-label
accept_glance,david_potter,David M. Potter,Q526331,,9,"historian of Modern Age, university teacher, historian",American historian (1910–1971),1910,1971,,exact-label
accept_glance,dorothy_porter_wesley,Dorothy Porter Wesley,Q5298301,,9,"bibliographer, curator, historian, librarian, writer",American librarian (1905-1995),1905,1995,,exact-label
accept_glance,henri_berr,Henri Berr,Q3100150,,9,"philosopher, historian, professor",French philosopher (1863-1954),1863,1954,,exact-label
accept_glance,henry_sigerist,Henry E. Sigerist,Q122000,,9,"medical historian, university teacher, physician",Swiss medical historian (1891–1957),1891,1957,,exact-label
accept_glance,immanuel_kant,Immanuel Kant,Q78129,,9,"classical philologist, philosopher, university teacher",German philosopher (1832–1888),1832,1888,,exact-label
accept_glance,jackie_huggins,Jackie Huggins,Q6116415,,9,"anthropologist, biographer, pedagogue, historian, writer",Indigenous Australian historian and writer,1956,,,exact-label
accept_glance,louis_marin,Louis Marin,Q370389,,9,"literary scholar, literary critic, art critic, philosopher, art historian, university teacher, historian",French philosopher (1931–1992),1931,1992,Q1229977(French politician (1871-1960)) ; Q96244702(),exact-label
accept_glance,m_m_postan,M. M. Postan,Q2031166,,9,"university teacher, historian, economist",British historian (1899-1981),1899,1981,,exact-label
accept_glance,marshall_hodgson,Marshall G. S. Hodgson,Q346737,,9,"university teacher, historian, writer",American historian (1922–1968),1922,1968,,exact-label
accept_glance,paul_gilroy,Paul Gilroy,Q329624,,9,"music historian, cultural studies scholar, sociologist, university teacher",Scholar of the Black diaspora and culture,1956,,Q108541046(British QC),exact-label
accept_glance,peter_laslett,Peter Laslett,Q1132552,,9,"demographer, anthropologist, statistician, university teacher, political scientist, historian",English historian (1915-2001),1915,2001,,exact-label
accept_glance,rita_felski,Rita Felski,Q14946842,,9,"literary scholar, scholar of English, literary critic, journalist, university teacher, woman of letters",American academic,1956,,,exact-label
accept_glance,roy_rosenzweig,Roy Rosenzweig,Q1298389,,9,"university teacher, historian",American historian (1950–2007),1950,2007,,exact-label
accept_glance,silvia_rivera_cusicanqui,Silvia Rivera Cusicanqui,Q7517038,,9,"university teacher, sociologist, historian, writer",Bolivian historian,1949,,,exact-label
accept_glance,alf_ludtke,Alf Lüdtke,Q97125,,8,"historian of Modern Age, social historian, social scientist, university teacher, ethnologist, historian",German historian (1943–2019),1943,2019,,exact-label
accept_glance,denis_cosgrove,Denis Cosgrove,Q3022630,,8,geographer,professor (1948-2008),1948,2008,,exact-label
accept_glance,eugene_genovese,Eugene Genovese,Q5407291,,8,"university teacher, historian","American historian, writer, academic, educator (1930-2012)",1930,2012,,exact-label
accept_glance,francois_simiand,François Simiand,Q3085838,,8,"economic historian, statistician, sociologist, historian, economist, professor",French academic,1873,1935,,exact-label
accept_glance,gabriel_kolko,Gabriel Kolko,Q2140181,,8,"political scientist, author, historian",American historian (1932–2014),1932,2014,,exact-label
accept_glance,george_rude,George Rudé,Q3814503,,8,historian,British historian (1910-1993),1910,1993,,exact-label
accept_glance,giovanni_levi,Giovanni Levi,Q729500,,8,"university teacher, historian",Italian historian (1939-),1939,,Q57058697(Italian neurobiologist),exact-label
accept_glance,hans_ulrich_gumbrecht,Hans Ulrich Gumbrecht,Q92341,,8,"literary historian, comparative literature academic, literary scholar, literary critic, romanist, researcher, academic, journalist, university teacher, writer",German-born American literary theorist,1948,,,exact-label
accept_glance,hilary_jenkinson,Hilary Jenkinson,Q3135567,,8,"palaeographer, archivist",British archivist and paleographer (1882–1961),1882,1961,,exact-label
accept_glance,joyce_appleby,Joyce Appleby,Q6297380,,8,"women's rights activist, essayist, historian of Modern Age, university teacher, historian",American historian (1929-2016),1929,2016,,exact-label
accept_glance,keith_jenkins,Keith Jenkins,Q6384552,,8,historian,British historian,1943,,Q76130915(UK Independence Party candidate in the 2) ; Q76375087(Peerage person ID=720873) ; Q99682943(),exact-label
accept_glance,nathan_sivin,Nathan Sivin,Q335192,,8,"sinologist, essayist, university teacher, historian",American sinologist (1931–2022),1931,2022,,exact-label
accept_glance,neil_smelser,Neil J. Smelser,Q713936,,8,"sociologist, university teacher",American sociologist (1930–2017),1930,2017,,exact-label
accept_glance,raphael_samuel,Raphael Samuel,Q3378455,,8,"sociologist, university teacher, political scientist, historian",British historian (1934–1996),1934,1996,,exact-label
accept_glance,roshdi_rashed,Roshdi Rashed,Q3442614,,8,"historian of mathematics, philosopher, university teacher, mathematician, writer","Egyptian-French mathematician, philosopher and historian of science",1936,,,exact-label
accept_glance,thomas_laqueur,Thomas W. Laqueur,Q2425732,,8,"man of letters, literary scholar, sexologist, anthropologist, university teacher, historian, writer",sexologist and historian,1945,,,exact-label
accept_glance,a_l_morton,A. L. Morton,Q3378501,,7,"journalist, historian",British historian (1903–1987),1903,1987,,exact-label
accept_glance,daniel_levinson,Daniel J. Levinson,Q5217925,,7,"university teacher, psychologist",psychologist and one of the founders of the field of Positive Adult Development,1920,1994,,exact-label
accept_glance,daphne_patai,Daphne Patai,Q1178651,,7,"literary scholar, university teacher",American writer,1943,,,exact-label
accept_glance,dominick_lacapra,Dominick LaCapra,Q5290927,,7,"university teacher, historian",American historian,1939,,,exact-label
accept_glance,e_a_wrigley,E. A. Wrigley,Q15462664,,7,"demographer, economic historian, statistician, university teacher, researcher, economist, historian",British historical demographer (1931-2022),1931,2022,,exact-label
accept_glance,elsa_goveia,Elsa Goveia,Q28342859,,7,"historian, professor, writer",Guyanese historian,1925,1980,,exact-label
accept_glance,else_frenkel_brunswik,Else Frenkel-Brunswik,Q87963,,7,"psychoanalyst, psychologist",Austrian-American psychologist,1908,1958,,exact-label
accept_glance,frederick_cooper,Frederick Cooper,Q867620,,7,"university teacher, historian",American historian,1947,,Q20810691(politician from New South Wales & Queens) ; Q29048383(English painter) ; Q20707075(British sports shooter) ; Q43260413(British cyclist (1852-1935)) ; Q75781997((born 2007)),exact-label
accept_glance,geoff_eley,Geoff Eley,Q1036755,,7,"university teacher, docent, historian",British historian,1949,,,exact-label
accept_glance,hans_baron,Hans Baron,Q76295,,7,"historian of Modern Age, historian, librarian",German-American historian,1900,1988,Q27450461() ; Q108477843(),exact-label
accept_glance,henry_rousso,Henry Rousso,Q981884,,7,"university teacher, historian",French historian,1954,,,exact-label
accept_glance,herbert_gutman,Herbert Gutman,Q5734278,,7,"university teacher, historian",American historian (1928–1985),1928,1985,,exact-label
accept_glance,jeffrey_weeks,Jeffrey Weeks,Q718057,,7,"LGBTQ rights activist, sociologist, researcher, historian",British historian and sociologist,1945,,Q1686501(American mathematician),exact-label
accept_glance,johannes_fabian,Johannes Fabian,Q15641418,,7,"cultural anthropologist, anthropologist, linguist, university teacher, ethnologist, historian",German anthropologist,1937,2026,,exact-label
accept_glance,john_saville,John Saville,Q784368,,7,"economic historian, social historian, historian",British historian (1916–2009),1916,2009,Q28150496(English Member of Parliament (died 1399)) ; Q57596305(British diplomat (-1960). High Commissio),exact-label
accept_glance,karin_knorr_cetina,Karin Knorr Cetina,Q87092,,7,"sociologist, prorector, university teacher",Austrian sociologist,1944,,,exact-label
accept_glance,lu_gwei_djen,Lu Gwei-djen,Q844013,,7,"historian of science, medical historian, biochemist, historian",Chinese biochemist and historian (1904–1991),1904,1991,,exact-label
accept_glance,maurice_mandelbaum,Maurice Mandelbaum,Q3301118,,7,"opinion journalist, philosopher, university teacher",American philosopher (1908–1987),1908,1987,,exact-label
accept_glance,moses_coit_tyler,Moses Coit Tyler,Q1949145,,7,"literary scholar, scholar of English, literary critic, journalist, university teacher, biographer, historian, writer",American author and professor of American history. (1835–1900),1835,1900,,exact-label
accept_glance,patrick_geary,Patrick Geary,Q2057694,,7,"medievalist, university teacher",American historian,1948,,Q20819510(Irish speaker in Australia),exact-label
accept_glance,peter_temin,Peter Temin,Q7177268,,7,"university teacher, economist",American economist (1937–2025),1937,2025,,exact-label
accept_glance,roger_establet,Roger Establet,Q3078901,,7,"philosopher, sociologist, university teacher, translator",French sociologist,1938,2026,,exact-label
accept_glance,serge_gruzinski,Serge Gruzinski,Q3479345,,7,"university teacher, historian",French historian (1949-),1949,,,exact-label
accept_glance,theodore_zeldin,Theodore Zeldin,Q2746517,,7,"philosopher, sociologist, university teacher, historian",English academic,1933,,,exact-label
accept_glance,thomas_p_hughes,Thomas P. Hughes,Q3525467,,7,"historian, professor, historian of technology, historian of science, university teacher",American historian,1923,2014,Q28089053(Irish-born Roman Catholic priest in Nige),exact-label
accept_glance,werner_conze,Werner Conze,Q74515,,7,"university teacher, historian",German historian (1910–1986),1910,1986,,exact-label
accept_glance,william_appleman_williams,William Appleman Williams,Q1033321,,7,"political scientist, historian",American historian (1921–1990),1921,1990,,exact-label
accept_glance,alex_inkeles,Alex Inkeles,Q9147100,,6,"sociologist, university teacher, psychologist, historian",American sociologist and social psychologist (1920-2010),1920,2010,,exact-label
accept_glance,angela_sidney,Angela Sidney,Q4762554,,6,spoken word artist,"Storyteller, author",1902,1991,,exact-label
accept_glance,anne_firor_scott,Anne Firor Scott,Q4768327,,6,"historian, writer",US historian,1921,2019,,exact-label
accept_glance,anton_blok,Anton Blok,Q588350,,6,"hoogleraar, anthropologist, university teacher",Dutch anthropologist (1935–2024),1935,2024,Q3055177(Dutch sportsperson and athletics competi),exact-label
accept_glance,caroline_walker_bynum,Caroline Walker Bynum,Q528840,,6,"medievalist, university teacher, historian",American historian,1941,,,exact-label
accept_glance,catherine_drinker_bowen,Catherine Drinker Bowen,Q2941900,,6,"novelist, violinist, biographer, historian, writer",American writer (1897–1973),1897,1973,,exact-label
accept_glance,christopher_bassford,Christopher Bassford,Q5111919,,6,"university teacher, military historian, author, historian",American historian,1953,,,exact-label
accept_glance,donald_worster,Donald Worster,Q1240502,,6,"university teacher, historian",American historian,1941,,,exact-label
accept_glance,e_a_kosminsky,E. A. Kosminsky,Q4234979,,6,"medieval historian, textbook writer, archaeologist, medievalist, academic, university teacher, historian, writer",Russian historian and medievalist (1886-1959),1886,1959,,exact-label
accept_glance,edward_l_ayers,Edward L. Ayers,Q5343985,,6,"politician, historian, writer",American historian,1953,,,exact-label
accept_glance,eric_dunning,Eric Dunning,Q5386404,,6,"sports scientist, sociologist, university teacher",sociologist,1936,2019,,exact-label
accept_glance,gabrielle_spiegel,Gabrielle M. Spiegel,Q1490694,,6,"medievalist, historian",American historian,1943,,,exact-label
accept_glance,garrett_mattingly,Garrett Mattingly,Q5523925,,6,"university teacher, historian, writer",American historian,1900,1962,,exact-label
accept_glance,george_chauncey,George Chauncey,Q1507106,,6,"university teacher, historian",American author and professor,1954,,Q96375566(- Abt 1625/1627),exact-label
accept_glance,hans_peter_duerr,Hans Peter Duerr,Q121167,,6,"cultural historian, anthropologist, philosopher, university teacher, ethnologist, historian, writer",German anthropologist,1943,,,exact-label
accept_glance,helmut_berding,Helmut Berding,Q1418930,,6,"historian of Modern Age, university teacher, historian",German historian of modern age (1930-2019),1930,2019,,exact-label
accept_glance,henri_jean_martin,Henri-Jean Martin,Q922350,,6,"book historian, directeur de recherche, archivist, historian, librarian, professor",French historian (1924–2007),1924,2007,,exact-label
accept_glance,jan_goldstein,Jan E. Goldstein,Q6148829,,6,historian,American historian,1946,,,exact-label
accept_glance,john_a_lynn,John A. Lynn,Q6217800,,6,"university teacher, historian",American military historian,1943,,,exact-label
accept_glance,leila_j_rupp,Leila J. Rupp,Q6519880,,6,"feminist, university teacher, historian",American historian,1950,,,exact-label
accept_glance,lise_vogel,Lise Vogel,Q60302384,,6,"sociologist, art historian",American Marxist-feminist sociologist and art historian (b. 1938),1938,,Q105544329(French journalist),exact-label
accept_glance,louis_hartz,Louis Hartz,Q4496151,,6,political scientist,American political scientist (1919-1986),1919,1986,Q21541044(Dutch painter and etcher (1869-1935)),exact-label
accept_glance,max_sorre,Max Sorre,Q3302779,,6,geographer,French geographer (1880–1962),1880,1962,,exact-label
accept_glance,michael_billig,Michael Billig,Q9032242,,6,psychologist,British psychologist,1947,,,exact-label
accept_glance,milton_rogovin,Milton Rogovin,Q973668,,6,photographer,American photographer (1909–2011),1909,2011,,exact-label
accept_glance,nancy_f_cott,Nancy F. Cott,Q17986682,,6,"feminist, university teacher, historian, writer",American historian,1945,,,exact-label
accept_glance,paul_connerton,Paul Connerton,Q5611401,,6,"anthropologist, sociologist",British sociologist,1940,2019,,exact-label
accept_glance,peter_paret,Peter Paret,Q7176295,,6,"regional historian, cultural historian, art historian, university teacher, military historian, author, historian","German cultural historian, military historian, regional historian, historian and author (1924–2020)",1924,2020,"Q6069802(Flemish-Spanish engraver, printmaker)",exact-label
accept_glance,ruy_mauro_marini,Ruy Mauro Marini,Q4285579,,6,"sociologist, economist",Brazilian economist (1932–1997),1932,1997,,exact-label
accept_glance,seymour_drescher,Seymour Drescher,Q7459160,,6,"sociologist, historian",American historian,1934,,,exact-label
accept_glance,shoshana_felman,Shoshana Felman,Q2892505,,6,"literary scholar, literary theorist, literary critic, journalist, university teacher, writer",professor of comparative literature and American literary critic,1942,,,exact-label
accept_glance,staughton_lynd,Staughton Lynd,Q3497681,,6,"trade unionist, activist, historian, jurist, lawyer",American activist and lawyer (1929–2022),1929,2022,,exact-label
accept_glance,terence_ranger,Terence Ranger,Q2404525,,6,historian,British historian (1929–2015),1929,2015,,exact-label
accept_glance,theodor_schieder,Theodor Schieder,Q84675,,6,"university teacher, historian",German historian (1908–1984),1908,1984,,exact-label
accept_glance,trevor_pinch,Trevor Pinch,Q3538596,,6,"social scientist, sociologist, university teacher",British sociologist (1952–2021),1952,2021,,exact-label
accept_glance,william_cronon,William Cronon,Q8007305,,6,"environmental scientist, university teacher, geographer, historian",American historian,1954,,,exact-label
accept_glance,alessandro_portelli,Alessandro Portelli,Q3610228,,5,"literary historian, blogger, literary critic, university teacher, music critic, historian",Italian scholar of American literature,1942,,,exact-label
accept_glance,amanda_vickery,Amanda Vickery,Q4739786,,5,historian,British historian,1962,,,exact-label
accept_glance,carroll_d_wright,Carroll D. Wright,Q5046557,,5,"statistician, politician, writer",American statistician (1840–1909),1840,1909,,exact-label
accept_glance,elizabeth_a_r_brown,Elizabeth A. R. Brown,Q3051182,,5,"medievalist, university teacher, historian",American scholar,1932,2024,,exact-label
accept_glance,g_g_coulton,G. G. Coulton,Q1998582,,5,"non-fiction writer, archaeologist, ethnologist, historian",British historian (1858–1947),1858,1947,,exact-label
accept_glance,j_b_harley,J. B. Harley,Q4496005,,5,"historian of cartography, cartographer, geographer","English geographer, cartographer, and map historian (1932–1991)",1932,1991,,exact-label
accept_glance,j_e_neale,J. E. Neale,Q6105497,,5,"university teacher, historian",Historian and biographer,1890,1975,,exact-label
accept_glance,j_h_plumb,J. H. Plumb,Q1700326,,5,"university teacher, historian, writer",British historian (1911–2001),1911,2001,,exact-label
accept_glance,john_hajnal,John Hajnal,Q1979030,,5,"statistician, mathematician",Hungarian-British statistical economist (1924–2008),1924,2008,,exact-label
accept_glance,lawrence_w_levine,Lawrence W. Levine,Q6504701,,5,historian,American historian (1933-2006),1933,2006,,exact-label
accept_glance,leon_litwack,Leon Litwack,Q3830293,,5,historian,American historian (1929–2021),1929,2021,,exact-label
accept_glance,lilian_knowles,Lilian Knowles,Q18674099,,5,"university teacher, historian",British economic historian and first female professor of Economic History at the London School of Economics and Political Science,1870,1926,,exact-label
accept_glance,louise_tilly,Louise A. Tilly,Q6688595,,5,historian,American historian,1930,2018,,exact-label
accept_glance,luis_gonzalez_y_gonzalez,Luis González y González,Q921333,,5,"historian, writer",Mexican historian (1925–2003),1925,2003,,exact-label
accept_glance,margaret_c_jacob,Margaret C. Jacob,Q43827743,,5,historian,American historian,1943,,,exact-label
accept_glance,michel_fleury,Michel Fleury,Q3309634,,5,"archaeologist, archivist, historian",French historian and archivist (1923–2002),1923,2002,"Q96023273(French monk in Algeria, martyr, blessed )",exact-label
accept_glance,morton_white,Morton White,Q1948755,,5,"philosopher, university teacher, historian",American philosopher (1917–2016),1917,2016,,exact-label
accept_glance,patrick_gardiner,Patrick Gardiner,Q16013847,,5,"philosopher, university teacher",philosopher,1922,1997,Q4935020(Irish musician),exact-label
accept_glance,richard_grove,Richard H. Grove,Q7326099,,5,"environmental historian, university teacher, historian",historian (1955–2020),1955,2020,,exact-label
accept_glance,robert_bullard,Robert D. Bullard,Q7343289,,5,"ecologist, sociologist, university teacher",American sociologist known as the father of environmental justice,1946,,,exact-label
accept_glance,ruth_schwartz_cowan,Ruth Schwartz Cowan,Q19872351,,5,historian,American historian,1941,,,exact-label
accept_glance,sally_alexander,Sally Alexander,Q59160146,,5,"essayist, women's rights activist, historian, university teacher",English historian,1943,,Q104208940(Holocaust victim (born 1886)),exact-label
accept_glance,simona_cerutti,Simona Cerutti,Q64909984,,5,historian,Italian historian,1954,,,exact-label
accept_glance,tsien_tsuen_hsuin,Tsien Tsuen-hsuin,Q19801173,,5,"sinologist, university teacher, librarian",Chinese-American sinologist and librarian (1910–2015),1909,2015,,exact-label
accept_glance,wb_gallie,W. B. Gallie,Q3565699,,5,"philosopher, sociologist, university teacher, political scientist, historian",British philosopher (1912–1998),1912,1998,,exact-label
accept_glance,william_cooper_nell,William Cooper Nell,Q8007100,,5,"journalist, civil servant, historian, writer","African-American journalist, historian (1816-1874)",1816,1874,,exact-label
accept_glance,a_h_burne,A. H. Burne,Q4722389,,4,"military historian, military personnel",British army officer and military historian,1886,1959,,exact-label
accept_glance,ann_laura_stoler,Ann Laura Stoler,Q16203101,,4,"university teacher, anthropologist, historian",American anthropologist,1949,,,exact-label
accept_glance,arthur_marwick,Arthur Marwick,Q4799660,,4,"university teacher, historian",British historian (1936-2006),1936,2006,,exact-label
accept_glance,barbara_duden,Barbara Duden,Q807399,,4,"medical historian, university teacher, historian",German historian,1942,,Q807404(German politician),exact-label
accept_glance,cathy_j_cohen,Cathy J. Cohen,Q5053436,,4,"academic, writer",American writer,1962,,,exact-label
accept_glance,cemal_kafadar,Cemal Kafadar,Q5058628,,4,historian,Turkish historian (born 1954),1954,,,exact-label
accept_glance,chandler_davis,Chandler Davis,Q5071161,,4,"science fiction writer, novelist, university teacher, mathematician, writer",Canadian mathematician and writer (1926–2022),1926,2022,Q119557531(college basketball player (2021–202_) So) ; Q100775433(college basketball player (2019–2019) Te),exact-label
accept_glance,charles_blondel,Charles Blondel,Q821925,,4,"philosopher, university teacher, psychologist, physician","French physician, philosopher and psychologist (1876–1939)",1876,1939,Q17350081(French jurist (1895-1975)) ; Q138348449(),exact-label
accept_glance,clifford_j_rogers,Clifford J. Rogers,Q5132980,,4,"university teacher, military historian, historian",American military historian,1967,,,exact-label
accept_glance,d_p_walker,D. P. Walker,Q3447176,,4,"historian, musicologist",British historian (1914–1985),1914,1985,,exact-label
accept_glance,daniel_lerner,Daniel Lerner,Q16009322,,4,"sociologist, university teacher",American academic,1917,1980,,exact-label
accept_glance,dick_hebdige,Dick Hebdige,Q3026588,,4,"media scholar, sociologist",British sociologist,1951,,,exact-label
accept_glance,edmund_burke_iii,Edmund Burke III,Q5339336,,4,"university teacher, historian",American historian (born 1940),1940,,,exact-label
accept_glance,enzo_faletto,Enzo Faletto,Q3055539,,4,"sociologist, university teacher, economist, historian",Chilean sociologist (1935-2003),1935,2003,,exact-label
accept_glance,francois_xavier_guerra,François-Xavier Guerra,Q5493140,,4,"university teacher, historian",French historian (1942-2002),1942,2002,,exact-label
accept_glance,george_p_rawick,George P. Rawick,Q5543739,,4,historian,American historian,1929,1990,,exact-label
accept_glance,gyanendra_pandey,Gyanendra Pandey,Q5623986,,4,"author, historian",historian,1949,,Q5623991(Indian cricketer),exact-label
accept_glance,hazel_carby,Hazel V. Carby,Q15512556,,4,"literary scholar, university teacher",American academic,1948,,,exact-label
accept_glance,ho_peng_yoke,Ho Peng-Yoke,Q8969577,,4,historian of science,malaya-born historian of Chinese science (1926–2014),1926,2014,,exact-label
accept_glance,jay_winter,Jay Winter,Q3163282,,4,"author, historian, university teacher",American historian,1945,,,exact-label
accept_glance,jerry_bentley,Jerry H. Bentley,Q12404810,,4,historian,World history professor (1949-2012),1949,2012,,exact-label
accept_glance,lionel_gossman,Lionel Gossman,Q6555655,,4,"literary scholar, romanist, university teacher, historian, writer",Scottish-American scholar of French literature,1929,2021,,exact-label
accept_glance,m_dorothy_george,M. Dorothy George,Q16006997,,4,"art historian, historian",British historian,1878,1971,,exact-label
accept_glance,maxine_berg,Maxine Berg,Q6795951,,4,historian,British historian,1950,,,exact-label
accept_glance,mikiso_hane,Mikiso Hane,Q59533292,,4,"historian, japanologist","born:1922-01-16|died:2003-12-08|; Hane, Mikiso 1922-2003; Hane, Mikiso",1922,2003,,exact-label
accept_glance,nevitt_sanford,Nevitt Sanford,Q7004982,,4,"university teacher, psychologist",professor of psychology at the University of California at Berkeley (1909–1995),1909,1995,,exact-label
accept_glance,paul_david,Paul A. David,Q2059246,,4,"academic, university teacher, economist",American economist (1935–2023),1935,2023,,exact-label
accept_glance,paul_e_lovejoy,Paul E. Lovejoy,Q28823475,,4,"university teacher, historian",Canadian historian,1943,,,exact-label
accept_glance,philip_huang,Philip C. C. Huang,Q64788725,,4,"university teacher, historian","asst. prof., Dept. of History, Univ. of Calif., Los Angeles; Ph.D",1940,,,exact-label
accept_glance,prasenjit_duara,Prasenjit Duara,Q7238489,,4,"university teacher, historian",Indian historian,1950,,,exact-label
accept_glance,ronald_takaki,Ronald Takaki,Q552660,,4,"anthropologist, university teacher, author, historian",American historian (1939-2009),1939,2009,,exact-label
accept_glance,stephan_thernstrom,Stephan Thernstrom,Q7608177,,4,"university teacher, historian",American historian,1934,2025,,exact-label
accept_glance,victor_lieberman,Victor Lieberman,Q21061658,,4,historian,American historian,1945,,,exact-label
accept_glance,victoria_de_grazia,Victoria de Grazia,Q18819253,,4,"university teacher, historian",American historian,1946,,,exact-label
accept_glance,wang_ling,Wang Ling,Q7967543,,4,historian,Australian historian (1917–1994),1917,1994,"Q706628(Chinese Cao Wei state general (died 251)) ; Q7967541(Chinese basketball player (born 1978)) ; Q6134411(person, CBDB = 134995) ; Q2898768(Song dynasty person CBDB = 3967) ; Q97182265(Chinese politician)",exact-label
accept_glance,william_h_sewell_jr,William H. Sewell Jr.,Q8010586,,4,writer,American academic,1940,,,exact-label
accept_glance,austin_woolrych,Austin Woolrych,Q15452132,,3,"historian, writer",English historian (1918-2004),1918,2004,,exact-label
accept_glance,cole_harris,Cole Harris,Q5142660,,3,"university teacher, geographer","Canadian geographer, university educator, university professor (1936–2022)",1936,2022,,exact-label
accept_glance,darlene_clark_hine,Darlene Clark Hine,Q17523844,,3,"university teacher, historian, writer",historian and professor (born 1947),1947,,,exact-label
accept_glance,dharma_kumar,Dharma Kumar,Q5269233,,3,"author, historian",Indian historian,1928,2001,,exact-label
accept_glance,elizabeth_j_perry,Elizabeth J. Perry,Q15907703,,3,"sinologist, political scientist, historian",American academic,1948,,,exact-label
accept_glance,erminie_wheeler_voegelin,Erminie Wheeler-Voegelin,Q5392488,,3,"anthropologist, historian",American anthropologist (1903–1988),1903,1988,,exact-label
accept_glance,felix_driver,Felix Driver,Q58212019,,3,"university teacher, geographer",geographer,1961,,,exact-label
accept_glance,george_unwin,George Unwin,Q18917646,,3,"economic historian, university teacher, economist",British economic historian & academic,1870,1925,Q5545398(British flying ace) ; Q76265250(Peerage person ID=648203),exact-label
accept_glance,hans_jurgen_puhle,Hans-Jürgen Puhle,Q1577795,,3,"university teacher, political scientist, historian",German historian,1940,,,exact-label
accept_glance,ida_altman,Ida Altman,Q15497924,,3,"university teacher, Hispanicamericanist, hispanist, historian",American historian,1950,,,exact-label
accept_glance,jan_lucassen,Jan Lucassen,Q95322917,,3,"social historian, sociologist, historian",Dutch historian,1947,,Q109715341(Dutch designer (1937-2017)),exact-label
accept_glance,jean_philippe_genet,Jean-Philippe Genet,Q3168803,,3,"medievalist, university teacher, historian",French historian,1944,,,exact-label
accept_glance,julie_cruikshank,Julie Cruikshank,Q42336746,,3,"anthropologist, university teacher",Canadian anthropologist working with Indigenous peoples of the Yukon,1950,,,exact-label
accept_glance,luisa_passerini,Luisa Passerini,Q13103836,,3,"university teacher, cultural historian, historian",Italian cultural historian,1941,,,exact-label
accept_glance,margaret_storrs_grierson,Margaret Storrs Grierson,Q6759931,,3,archivist,"Founder and first director, Sophia Smith Collection, Smith College (1900-1997)",1900,1997,,exact-label
accept_glance,nathan_wachtel,Nathan Wachtel,Q3336757,,3,"anthropologist, university teacher, historian","French historian, anthropologist and professor",1935,,,exact-label
accept_glance,nira_yuval_davis,Nira Yuval-Davis,Q56872942,,3,"opinion journalist, sociologist, researcher",British academic in sociology,1943,,,exact-label
accept_glance,ranginui_walker,Ranginui Walker,Q7292840,,3,"academic, ethnologist, university teacher, writer",New Zealand writer and academic (1932–2016),1932,2016,,exact-label
accept_glance,stephen_bann,Stephen Bann,Q4503684,,3,"art historian, teacher",British art historian (born 1942),1942,,,exact-label
accept_glance,suzanne_desan,Suzanne Desan,Q50281039,,3,"academic, historian","academic, historian (1957-)",1957,,,exact-label
accept_glance,vania_bambirra,Vânia Bambirra,Q4077162,,3,"sociologist, economist, politician",Brazilian political scientist,1940,2015,,exact-label
accept_glance,a_hamilton_thompson,A. Hamilton Thompson,Q18935980,,2,historian,English historian (1873-1952),1873,1952,,exact-label
accept_glance,alfred_f_young,Alfred F. Young,Q28335052,,2,historian,American historian,1925,2012,,exact-label
accept_glance,anke_voss_hubbard,Anke Voss-Hubbard,Q56421733,,2,"university teacher, archivist, librarian, writer",US archivist and feminist,1960,,,exact-label
accept_glance,ann_swidler,Ann Swidler,Q18155589,,2,"sociologist, university teacher",American sociologist,1944,,,exact-label
accept_glance,brigitte_studer,Brigitte Studer,Q2925482,,2,"labor historian, sociologist, university teacher, historian",Swiss historian and sociologist,1955,,,exact-label
accept_glance,c_r_cheney,C. R. Cheney,Q18592972,,2,historian,British historian (1906–1987),1906,1987,,exact-label
accept_glance,carole_shammas,Carole Shammas,Q5044731,,2,historian,historian,1943,,,exact-label
accept_glance,craig_clunas,Craig Clunas,Q3468075,,2,"sinologist, art historian, university teacher",British art historian,1954,,,exact-label
accept_glance,deborah_gray_white,Deborah Gray White,Q18977903,,2,"university teacher, historian",American historian,1949,,,exact-label
accept_glance,dori_laub,Dori Laub,Q47899967,,2,"psychoanalyst, university teacher, psychiatrist",Israeli psychiatrist,1937,2018,,exact-label
accept_glance,elizabeth_lapovsky_kennedy,Elizabeth Lapovsky Kennedy,Q5363102,,2,women's rights activist,American feminist,1939,2026,,exact-label
accept_glance,gerald_aylmer,Gerald Aylmer,Q5548898,,2,"university teacher, historian",British historian (1926–2000),1926,2000,Q16153507(Irish judge) ; Q75317896(Peerage person ID=59248) ; Q75630754(Peerage person ID=257713) ; Q75640463(Peerage person ID=264565) ; Q76262489((died 1939)),exact-label
accept_glance,h_c_darby,H. C. Darby,Q18761925,,2,"historical geographer, university teacher, geographer",Welsh geographer,1909,1992,,exact-label
accept_glance,h_j_dyos,H. J. Dyos,Q5661253,,2,historian,British historian (1921–1978),1921,1978,,exact-label
accept_glance,hedwig_bruhl,Hedwig Brühl,Q19766250,,2,"art historian, Egyptologist",German Egyptologist and art historian,1871,1942,,exact-label
accept_glance,horace_g_wadlin,Horace G. Wadlin,Q5901748,,2,"statistician, librarian, economist","(1851-1925) American statistician, librarian, architect",1851,1925,,exact-label
accept_glance,howard_winant,Howard Winant,Q5921272,,2,sociologist,American sociologist,1946,,,exact-label
accept_glance,hugh_kearney,Hugh Kearney,Q5931338,,2,"opinion journalist, university teacher, historian",British historian (1924–2017),1924,2017,Q61148872(researcher ORCID ID = 0000-0003-2320-348),exact-label
accept_glance,james_malin,James C. Malin,Q54555052,,2,historian,"1893-1979 , historian",1893,1979,,exact-label
accept_glance,james_e_young,James E. Young,Q23063025,,2,historian,American historian,1951,,"Q24633379(American physicist) ; Q105760821(politician in Massachusetts, US) ; Q130849966()",exact-label
accept_glance,jerrold_seigel,Jerrold Seigel,Q39086448,,2,"university teacher, historian",American historian,1936,,,exact-label
accept_glance,john_toews,John E. Toews,Q6230952,,2,"university teacher, historian",American historian,,,,exact-label
accept_glance,john_higham,John Higham,Q6239244,,2,historian,American historian,1920,2003,"Q52435731((d.c.1442) of London) ; Q16864216(Australian politician) ; Q27468440(Australian middle-distance runner and sp) ; Q125921017(American lawyer) ; Q19325409(Heigham, Sir John (1540–1626), landowner)",exact-label
accept_glance,madeline_d_davis,Madeline D. Davis,Q6727005,,2,LGBTQ rights activist,American activist and historian,1940,2021,,exact-label
accept_glance,michael_omi,Michael Omi,Q6833247,,2,"sociologist, scholar, writer",جامعهشناس آمریکایی,1951,,,exact-label
accept_glance,michelle_rosaldo,Michelle Zimbalist Rosaldo,Q14948835,,2,"anthropologist, university teacher",American anthropologist,1944,1981,,exact-label
accept_glance,orin_grant_libby,Orin Grant Libby,Q15998262,,2,historian,American historian (1864-1952),1864,1952,,exact-label
accept_glance,rhoda_power,Rhoda Power,Q7320855,,2,"children's writer, writer",British broadcaster (1890–1957),1890,1957,,exact-label
accept_glance,roger_schofield,Roger Schofield,Q67306572,,2,"social scientist, academic, historian",British social scientist,1937,2019,,exact-label
accept_glance,ronald_inden,Ronald Inden,Q7364960,,2,"Indologist, orientalist, university teacher, historian",American academic,,,,exact-label
accept_glance,scott_b_weingart,Scott B. Weingart,Q57430662,,2,"university teacher, historian",researcher,,,,exact-label
accept_glance,sandor_ferenczi,Sándor Ferenczi,Q12355577,,2,archaeologist,Hungarian archaeologist,1894,1945,Q335466(Hungarian psychoanalyst (1873–1933)) ; Q1000541(Hungarian science writer and journalist ),exact-label
accept_glance,thomas_sugrue,Thomas J. Sugrue,Q7794266,,2,"academic, historian",American historian,1962,,,exact-label
accept_glance,w_g_hoskins,W. G. Hoskins,Q8009794,,2,"television presenter, historian",English local historian (1908-1992) who founded the first university department of English Local History,1908,1992,,exact-label
accept_glance,alexander_savine,Alexander Savine,Q103846282,,1,"voice teacher, conductor, composer","American composer, conductor and vocal teacher (1881-1949)",1881,1949,,exact-label
accept_glance,alfred_feilchenfeld,Alfred Feilchenfeld,Q113753509,,1,"teacher, writer",,1860,1923,,exact-label
accept_glance,angela_cavender_wilson,Angela Cavender Wilson,Q7976952,,1,"activist, university teacher, historian","Dakota academic, author and activist",1968,,,exact-label
accept_glance,armida_de_la_vara,Armida de la Vara,Q37111475,,1,"poet, writer",Mexican poet,1926,1998,,exact-label
accept_glance,carroll_smith_rosenberg,Carroll Smith-Rosenberg,Q28971403,,1,academic,American historian,1936,,,exact-label
accept_glance,donald_f_mckenzie,D. F. McKenzie,Q18922168,,1,bibliographer,New Zealand bibliographer and literary scholar (1931–1999),1931,1999,,exact-label
accept_glance,donny_meertens,Donny Meertens,Q117727522,,1,"anthropologist, academic",Dutch/Colombian academic,1946,,,exact-label
accept_glance,eberhard_schmitt,Eberhard Schmitt,Q37719774,,1,"university teacher, historian",,1939,,Q94891245() ; Q99694256(photographer),exact-label
accept_glance,elizabeth_jelin,Elizabeth Jelin,Q20016255,,1,"sociologist, researcher, author",Argentinian sociologist (born 1941),1941,,,exact-label
accept_glance,fred_block,Fred Block,Q5495705,,1,"sociologist, university teacher",American sociologist,1947,,Q117118080(),exact-label
accept_glance,george_sessions,George Sessions,Q97219073,,1,ecologist,ecologist,1938,2016,,exact-label
accept_glance,james_lee,James Z. Lee,Q8988115,,1,"researcher, university teacher, sociologist, historian","historian, sociologist",1952,,,exact-label
accept_glance,jane_m_jacobs,Jane M. Jacobs,Q6152513,,1,geographer,Australian geographer,1958,,,exact-label
accept_glance,jane_winters,Jane Winters,Q23418986,,1,"academic, university teacher, historian",humanities researcher and author,1970,,,exact-label
accept_glance,john_m_janzen,John M. Janzen,Q6245849,,1,"anthropologist, university teacher",American anthropologist,1937,,,exact-label
accept_glance,jules_sion,Jules Sion,Q3188912,,1,geographer,French geographer (1879-1940),1879,1940,Q126485005((1847-1930)),exact-label
accept_glance,katherine_mckittrick,Katherine McKittrick,Q16244290,,1,"cultural geographer, academic",Canadian feminist,1970,,,exact-label
accept_glance,kathleen_canning,Kathleen Canning,Q120937581,,1,historian,American history scholar,1953,,,exact-label
accept_glance,linda_pollock,Linda A. Pollock,Q28916762,,1,"university teacher, historian",British historian,1959,,,exact-label
accept_glance,luli_callinicos,Luli Callinicos,Q16184006,,1,writer,South African writer,,,,exact-label
accept_glance,lynn_hollen_lees,Lynn Hollen Lees,Q81653235,,1,historian,American historian,1941,,,exact-label
accept_glance,margaret_somers,Margaret R. Somers,Q19564426,,1,sociologist,American sociologist,1949,,,exact-label
accept_glance,marion_a_kaplan,Marion A. Kaplan,Q93245186,,1,historian,Skirball Professor of Modern Jewish History at New York University,1946,,,exact-label
accept_glance,melvin_richter,Melvin Richter,Q23930529,,1,scientist,scientist,1921,2020,,exact-label
accept_glance,neil_mckendrick,Neil McKendrick,Q6988984,,1,historian,British historian,1935,,,exact-label
accept_glance,noemi_goldman,Noemí Goldman,Q109888506,,1,"university teacher, historian","Argentine historian, researcher, and professor",1956,,,exact-label
accept_glance,quintin_hoare,Quintin Hoare,Q16938681,,1,translator,British translator,1900,2025,,exact-label
accept_glance,r_douglas_hurt,R. Douglas Hurt,Q105452392,,1,"agrarian historian, university teacher, historian",American agricultural historian and academic,1946,,,exact-label
accept_glance,richard_tuck,Richard Tuck,Q54629043,,1,academic,college teacher,1949,,"Q115282506(English cleric, 1817-1868)",exact-label
accept_glance,rita_huggins,Rita Huggins,Q94278975,,1,domestic worker,Australian Indigenous activist,1921,1996,,exact-label
accept_glance,rolf_reichardt,Rolf Reichardt,Q37719780,,1,"romanist, university teacher, historian",,1940,,,exact-label
accept_glance,serge_noiret,Serge Noiret,Q55623522,,1,"political scientist, historian",French historian and political scientist (1957-),1957,,,exact-label
accept_glance,sonia_combe,Sonia Combe,Q3490415,,1,"library curator, historian",French library curator and historian,1949,,,exact-label
accept_glance,zvi_razi,Zvi Razi,Q6578691,,1,historian,Israeli historian (1941-2016),1941,2016,,exact-label
recovered,rosa_luxemburg,Rosa Luxemburg,Q7231,Rosa Luxemburg,145,"opinion journalist, revolutionary, political theorist, political economist, editing staff, philosopher, botanical collector, economist, docent, editor, politician",Polish-German Marxist revolutionary (1871–1919),1871,1919,,vector+gate
recovered,g_w_f_hegel,G. W. F. Hegel,Q9235,Georg Wilhelm Friedrich Hegel,142,"philosopher of law, logician, university teacher, philosopher, writer, philosophy historian",German philosopher and theologian (1770–1831),1770,1831,,vector+gate
recovered,martin_heidegger,Martin Heidegger,Q48301,Martin Heidegger,118,"university teacher, philosopher, poet, scientist",German philosopher (1889–1976),1889,1976,,vector+gate
recovered,joseph_schumpeter,Joseph A. Schumpeter,Q78477,Joseph Schumpeter,59,"book collector, state political scientist, political economist, university teacher, political scientist, anthropologist, economist, jurist, politician",Austrian political economist (1883–1950),1883,1950,,vector+gate
recovered,bernard_de_fontenelle,Bernard de Fontenelle,Q310309,Bernard Le Bovier de Fontenelle,41,"satirist, librettist, religious studies scholar, censor, mathematician, poet, naturalist, philosopher, playwright, lawyer, writer, astronomer",French writer and philosopher of the enlightenment (1657–1757),1657,1757,,vector+gate
recovered,paul_lazarsfeld,Paul F. Lazarsfeld,Q94037,Paul Lazarsfeld,27,"mathematics teacher, educator, sociologist, mathematician, physicist, psychologist, professor",Austrian-American sociologist,1901,1976,,vector+gate
recovered,gustav_schmoller,Gustav Schmoller,Q62833,Gustav von Schmoller,26,"social scientist, political economist, university teacher, economist, politician",German economist (1838–1917),1838,1917,,vector+gate
recovered,marcel_detienne,Marcel Détienne,Q1245071,Marcel Detienne,14,"mythographer, anthropologist, religious studies scholar, classical philologist, university teacher, philosopher, historian",Belgian historian (1935-2019),1935,2019,,vector+gate
recovered,julian_stafford_corbett,Julian Stafford Corbett,Q5611975,Julian Corbett,12,"geopolitical analyst, non-fiction writer, university teacher, military historian, barrister, jurist, historian, writer",British naval historian,1854,1922,,vector+gate
recovered,jill_conway,Jill Conway,Q1395966,Jill Ker Conway,10,"memoirist, educator, university teacher, historian, writer",Australian-American author and academic,1934,2018,,vector+gate
recovered,john_murra,John V. Murra,Q1635264,John Victor Murra,9,anthropologist,American anthropologist (1916–2006),1916,2006,,vector+gate
recovered,bethwell_a_ogot,Bethwell A. Ogot,Q2900101,Bethwell Allan Ogot,8,"university teacher, historian",Kenyan historian (1929-2025),1929,2025,,vector+gate
recovered,c_h_mcilwain,C. H. McIlwain,Q3666419,Charles Howard McIlwain,6,"university teacher, political scientist, historian",American constitutional historian (1871–1968),1871,1968,,vector+gate
recovered,pablo_azcarate,Pablo Azcárate,Q947058,Pablo de Azcárate,6,"university teacher, historian, diplomat, jurist, politician, writer",Spanish diplomat (1890-1971),1890,1971,,vector+gate
recovered,deborah_gordon,Deborah A. Gordon,Q2310251,Deborah M. Gordon,5,"myrmecologist, university teacher, entomologist, biologist",American biologist,1955,,,vector+gate
recovered,sue_bailey_thurman,Sue Bailey Thurman,Q7634004,Sue Bailey Thurman,5,"editor, historian, writer",American writer (1903–1996),1903,1996,,vector+gate
recovered,adelaide_underhill,Adelaide Underhill,Q96206073,Adelaide Underhill,3,,American librarian,1860,1936,,vector+gate
recovered,dennis_hogan,Dennis P. Hogan,Q27947703,Dennis Hogan,2,sociologist,American sociologist,1950,,,vector+gate
recovered,mary_jane_logan_mccallum,Mary Jane Logan McCallum,Q44610760,Mary Jane McCallum,2,"dental therapist, assistant professor, politician, dentist",senator,1952,,,vector+gate
recovered,nancy_lurie,Nancy Oestreich Lurie,Q6962897,Nancy Oestreich Lurie,2,anthropologist,American anthropologist (1924–2017),1924,2017,,vector+gate
recovered,patricia_obrien,Patricia O’Brien,Q7145777,Patricia O'Brien,2,"university teacher, economist, scientist",Canadian academic,1955,,,vector+gate
recovered,hilda_sabato,Hilda Sábato,Q5897831,Hilda Sabato,1,"university teacher, historian, writer",Argentinian historian (born 1947),1947,,,vector+gate
recovered,peter_mcclelland,Peter D. McClelland,Q47356633,Peter McClelland,1,rower,Canadian rower,1983,,,vector+gate
recovered,peter_pesic,Peter Pesic,Q136036202,Petar Pesic,1,basketball official,Serbian basketball referee,1990,,,vector+gate
recovered,kitty_smith,Kitty Smith,Q119117255,Kitty Paviour-Smith,0,entomologist,New Zealand–British entomologist (1930–2017),1930,2017,,vector+gate
namesake_risk,albert_merono_penuela,Albert Meroño-Peñuela,Q57553187,,0,researcher,researcher,,,,exact-label
namesake_risk,albert_riedlinger,Albert Riedlinger,Q59529670,,0,,"born:1882|died:1978|; Riedlinger, Albert, 1882-1978",1882,1978,,exact-label
namesake_risk,aletta_biersack,Aletta Biersack,Q113846165,,0,anthropologist,,1944,,,exact-label
namesake_risk,alfred_thayer_mahan,Alfred Thayer Mahan,Q75879730,,0,,Peerage person ID=376063,,,,exact-label
namesake_risk,alice_lynd,Alice Lynd,Q105572737,,0,"civil rights advocate, lawyer, writer","Quaker civil rights, labor, anti-war and peace activist",1930,,,exact-label
namesake_risk,amy_louise_erickson,Amy Louise Erickson,Q64597133,,0,researcher,historian,,,,exact-label
namesake_risk,annabel_brett,Annabel S. Brett,Q99814696,,0,historian of political thought,historian of political thought,1950,,,exact-label
namesake_risk,annick_lemperiere,Annick Lempérière,Q55620942,,0,"university teacher, historian",,1953,,,exact-label
namesake_risk,anthony_d_king,Anthony D. King,Q58110675,,0,"architectural historian, sociologist, art historian, university teacher",architectural historian and sociologist,1931,2022,,exact-label
namesake_risk,bernadette_brooten,Bernadette J. Brooten,Q140581731,,0,writer,writer,,,,exact-label
namesake_risk,bret_hinsch,Bret Hinsch,Q112511060,,0,"university teacher, historian",Chinese History professor,1962,,,exact-label
namesake_risk,c_annemieke_romein,C. Annemieke Romein,Q130610282,,0,historian,historian,,,,exact-label
namesake_risk,cameron_campbell,Cameron Campbell,Q42837402,,0,"sociologist, university teacher",researcher,,,Q103103041(Ph.D. University of Pennsylvania 1994),exact-label
namesake_risk,charles_f_pidgin,Charles F. Pidgin,Q73423127,,0,,patent holder,,,,exact-label
namesake_risk,charles_grosvenor_osgood,Charles Grosvenor Osgood,Q49819144,,0,"literary scholar, university teacher",American academic (1871–1964),1871,1964,,exact-label
namesake_risk,daniel_j_cohen,Daniel J. Cohen,Q96301643,,0,researcher,researcher ORCID 0000-0001-5819-1135,,,Q113715257(),exact-label
namesake_risk,david_h_smith,David H. Smith,Q89186261,,0,"researcher, pharmacist",American pharmacist and researcher of drug safety and pharmacy outcomes,,,"Q5239903(British journalist and author specialisi) ; Q26001389(American pediatric infectious diseases r) ; Q118250890(Ph.D., Pharmaceutics, University of Wash) ; Q124289099(North Carolina politician) ; Q130801115()",exact-label
namesake_risk,david_thelen,David Thelen,Q113627699,,0,"university teacher, historian",American historian,,,Q5229978(Player of American and Canadian football),exact-label
namesake_risk,edoardo_grendi,Edoardo Grendi,Q55946600,,0,"historian, university teacher",Italian historian (1932-1999),1932,1999,,exact-label
namesake_risk,ellen_furlough,Ellen Furlough,Q93387613,,0,historian,,1953,,,exact-label
namesake_risk,emily_maemura,Emily Maemura,Q115921323,,0,academic,"academic, researcher",,,,exact-label
namesake_risk,frances_james,Frances James,Q79403747,,0,researcher,researcher,,,Q1440802(Canadian soprano (1903-1988)) ; Q5478749(American ecologist) ; Q75442952(Peerage person ID=144561) ; Q75599278(Peerage person ID=235347) ; Q75641526(Peerage person ID=265220),exact-label
namesake_risk,gerald_e_markle,Gerald E. Markle,Q131786294,,0,,,1942,,,exact-label
namesake_risk,gonzalo_sanchez,Gonzalo Sánchez,Q104777977,,0,"journalist, writer",Argentine journalist and writer,1977,,Q62287032(Peruvian association football player) ; Q5582262(Negro League Baseball player) ; Q5883294() ; Q110037786() ; Q135266758(basketball player (born 1985)),exact-label
namesake_risk,harry_mcdean,Harry C. McDean,Q111288010,,0,university teacher,academic,,,,exact-label
namesake_risk,helen_clifford,Helen Clifford,Q112494481,,0,"museologist, exhibition curator, art historian",,1962,,,exact-label
namesake_risk,hubert_hall,Hubert Hall,Q18528922,,0,archivist,British archivist,1857,1944,,exact-label
namesake_risk,humphrey_southall,Humphrey Southall,Q120690044,,0,"academic, geographer, historian",geographer and academic,,,,exact-label
namesake_risk,ian_milligan,Ian Milligan,Q57416604,,0,"university teacher, historian","researcher, University of Waterloo, ORCID id 0000-0002-1470-7723",1983,,Q76352468(Peerage person ID=707302),exact-label
namesake_risk,ian_gregory,Ian N. Gregory,Q56480391,,0,"researcher, historian",researcher,1970,,,exact-label
namesake_risk,igor_kopytoff,Igor Kopytoff,Q63981705,,0,anthropologist,American anthropologist,1930,2013,,exact-label
namesake_risk,james_epstein,James Epstein,Q83422387,,0,,historian,,,,exact-label
namesake_risk,janaki_nair,Janaki Nair,Q112476260,,0,"university teacher, historian",,1956,,,exact-label
namesake_risk,jane_carruthers,Jane Carruthers,Q42571640,,0,"university teacher, historian",environmental historian,1947,,Q75425645(Peerage person ID=133931),exact-label
namesake_risk,jean_noel_biraben,Jean-Noël Biraben,Q55621264,,0,"demographer, Director of Research at CNRS, physician",French physician and demographer,1928,,,exact-label
namesake_risk,jean_yves_grenier,Jean-Yves Grenier,Q130776070,,0,economist,,1925,,Q130529517(),exact-label
namesake_risk,jesse_lemisch,Jesse Lemisch,Q94285885,,0,historian,,1936,2018,,exact-label
namesake_risk,jessica_ogden,Jessica Ogden,Q59162543,,0,researcher,researcher,,,,exact-label
namesake_risk,joan_landes,Joan B. Landes,Q114134656,,0,"women's studies scholar, university teacher, historian",American historian,1946,,,exact-label
namesake_risk,john_demos,John Demos,Q110238181,,0,photographer,Greek photographer,1944,,,exact-label
namesake_risk,joseph_ferrie,Joseph P. Ferrie,Q91450923,,0,"researcher, economist",American economist (ORCID 0000-0002-7261-3610),1961,,,exact-label
namesake_risk,julie_m_birkholz,Julie M. Birkholz,Q107719116,,0,university teacher,"researcher, Ghent University",1981,,,exact-label
namesake_risk,julie_richter,Julie Richter,Q130610321,,0,historian,historian,,,,exact-label
namesake_risk,karen_halttunen,Karen Halttunen,Q112468180,,0,"university teacher, historian",American historian,1951,,,exact-label
namesake_risk,lara_putnam,Lara Putnam,Q64596903,,0,"university teacher, researcher",historian,,,,exact-label
namesake_risk,leisa_gibbons,Leisa Gibbons,Q84516332,,0,university teacher,LIS academic,,,,exact-label
namesake_risk,leslie_hewes,Leslie Hewes,Q139497986,,0,geographer,geographer,1906,1999,,exact-label
namesake_risk,lester_irabinna_rigney,Lester-Irabinna Rigney,Q59201562,,0,researcher,Australian education researcher,,,,exact-label
namesake_risk,lionel_bataillon,Lionel Bataillon,Q59533237,,0,teacher,"born:1891|died:1961|; Bataillon, Lionel; Bataillon, Lionel, 1891-1961; Bataillion, Lionel; Bataillion, Lionel, 1891-",1891,1961,,exact-label
namesake_risk,luce_giard,Luce Giard,Q48926800,,0,historian of science,French historian of science (1950-),1950,,,exact-label
namesake_risk,michael_frisch,Michael Frisch,Q73677273,,0,researcher,urban planning researcher,,,Q23561306(German politician) ; Q101160088(chemistry researcher) ; Q130768688(),exact-label
namesake_risk,nancy_partner,Nancy F. Partner,Q112554403,,0,"medievalist, university teacher, historian",,1942,,,exact-label
namesake_risk,pamela_riney_kehrberg,Pamela Riney-Kehrberg,Q130610315,,0,"university teacher, historian",historian (born 1963),1963,,,exact-label
namesake_risk,pierre_mayol,Pierre Mayol,Q59524767,,0,"anthropologist, sociologist","born:1945-07-08|died:2007-10-00|; Mayol, Pierre, 1945-2007",1945,2007,,exact-label
namesake_risk,rebecca_wynter,Rebecca Wynter,Q130565582,,0,historian,historian,,,,exact-label
namesake_risk,richard_biernacki,Richard Biernacki,Q112475429,,0,sociologist,1956-,1956,,,exact-label
namesake_risk,robert_kelley,Robert Kelley,Q100757862,,0,researcher,researcher,,,"Q26837149(American football player) ; Q7350545(American diplomat) ; Q7346296(President of the University of North Dak) ; Q20714303(American football player) ; Q139902554(American athletics competitor, born 1921)",exact-label
namesake_risk,ruth_rogaski,Ruth Rogaski,Q83422270,,0,"medical historian, sinologist, academic, university teacher, translator, historian",medical historian; sinologist,,,,exact-label
namesake_risk,sarah_chaney,Sarah Chaney,Q59151433,,0,researcher,researcher ORCID ID = 0000-0003-0335-9863,,,Q52185908(American billionaire heiress (Cargill)) ; Q112779979(American journalist),exact-label
namesake_risk,shahid_amin,Shahid Amin,Q125397097,,0,historian,Indian historian,1950,,,exact-label
namesake_risk,sharon_m_leon,Sharon M. Leon,Q117186658,,0,researcher,academic,,,,exact-label
namesake_risk,shawn_graham,Shawn Graham,Q55195298,,0,"archaeologist, university teacher, historian, scientist",archaeologist,,,Q368427(Premier of New Brunswick from 2006 to 20) ; Q101815065(Barbadian cricketer),exact-label
namesake_risk,sherna_berger_gluck,Sherna Berger Gluck,Q110705911,,0,"activist, university teacher, historian",American social justice feminist activist and anti-Zionist,1935,,,exact-label
namesake_risk,stefania_gallini,Stefania Gallini,Q113460041,,0,,,,,,exact-label
namesake_risk,stefania_scagliola,Stefania Scagliola,Q126596696,,0,researcher,researcher,,,,exact-label
namesake_risk,stephen_legg,Stephen Legg,Q58158903,,0,"geographer, professor",geographer,1978,,Q108617110(New Zealand ergonomist),exact-label
namesake_risk,stevan_harrell,Stevan Harrell,Q105756866,,0,"anthropologist, university teacher",professor of anthropology,1947,,,exact-label
namesake_risk,steven_feierman,Steven Feierman,Q111147847,,0,"medical historian, Africanist, university teacher",American Africanist and historian,1940,,,exact-label
namesake_risk,victoria_e_bonnell,Victoria E. Bonnell,Q109557912,,0,"historian, sociologist, university teacher",American historian,1942,,,exact-label
disambiguate,samuel_johnson_yoruba,Samuel Johnson,Q183266,,79,"lexicographer, prose writer, essayist, literary critic, bookseller, literary historian, linguist, critic, biographer, translator, politician, poet, teacher, writer",English writer and lexicographer (1709–1784),1709,1784,"Q7411859(Nigerian historian) ; Q2791832(President of Columbia University (1696-1) ; Q7413148(American entertainer) ; Q7411857(Printer, newspaper proprietor and editor) ; Q7411860(clergyman (1822-1882))",exact-label
disambiguate,samuel_johnson_english,Samuel Johnson (English writer),Q183266,,79,"lexicographer, prose writer, essayist, literary critic, bookseller, literary historian, linguist, critic, biographer, translator, politician, poet, teacher, writer",English writer and lexicographer (1709–1784),1709,1784,"Q7411859(Nigerian historian) ; Q2791832(President of Columbia University (1696-1) ; Q7413148(American entertainer) ; Q7411857(Printer, newspaper proprietor and editor) ; Q7411860(clergyman (1822-1882))",exact-label
disambiguate,judith_butler,Judith Butler,Q219368,,70,"queer theorist, women's rights activist, social scientist, philosopher, literary critic, art theorist, psychoanalyst, sociologist, journalist, university teacher, writer, psychologist",American feminist gender studies philosopher (born 1956),1956,,Q140285314(American nurse scientist) ; Q75611264((died 1749)) ; Q75634674(Peerage person ID=260521) ; Q75651253((born 1953)) ; Q75651807(Peerage person ID=272918),exact-label
disambiguate,tony_bennett,Tony Bennett,Q296729,,63,"jazz singer, recording artist, autobiographer, jazz musician, painter, singer, actor",American singer (1926–2023),1926,2023,Q7821883(British sociologist (1947-)) ; Q23048751(non-fiction writer) ; Q124643380() ; Q3993198(American basketball coach and player (bo) ; Q7821881(American football player),exact-label
disambiguate,franz_boas,Franz Boas,Q76857,,60,"ethnographer, linguist, philosopher, anthropologist, art historian, university teacher, ethnologist, curator, geographer, physicist",German-American anthropologist,1858,1942,Q56418700(researcher),exact-label
disambiguate,arnold_toynbee_economic_historian,Arnold Toynbee (economic historian),Q185381,,58,"philosopher of culture, philosopher, university teacher, historian, diplomat",British historian (1889–1975),1889,1975,Q537152(British economic historian (1852–1883)),exact-label
disambiguate,roman_jakobson,Roman Jakobson,Q156201,,58,"literary scholar, slavist, critic, philologist, linguist, university teacher, pedagogue, historian, teacher, writer, scientist",Russian linguist (1896–1982),1896,1982,Q133586715(screenwriter),exact-label
disambiguate,robert_fogel,Robert Fogel,Q237821,,54,"economic historian, university teacher, political economist, historian, writer, economist",American economist and historian (1926–2013),1926,2013,Q90974947(U.S. Doctor of Medicine and researcher) ; Q4491279(Russian astronomer (1859–1920)) ; Q21513280(U.S. mycologist),exact-label
disambiguate,benedict_anderson,Benedict Anderson,Q212993,,50,"philosopher, anthropologist, university teacher, political scientist, author, historian, writer",American political scientist (1936-2015),1936,2015,Q124639063(),exact-label
disambiguate,michael_mann,Michael Mann,Q270097,,50,"film screenwriter, producer, director, film producer, film director, author, writer, screenwriter","American film director, screenwriter, and producer (born 1943)",1943,,Q633081(American physicist and climatologist) ; Q214191(German-born musician and professor of Ge) ; Q1928511(German historian) ; Q6832490(Anglican clergyman (1924-2011)) ; Q137608068(screenwriter),exact-label
disambiguate,melanie_klein,Melanie Klein,Q82999,,47,psychoanalyst,British Austrian born psychoanalyst (1882–1960),1882,1960,"Q76081557(Peerage person ID=517379) ; Q97680269(German association football player) ; Q97734668(Austrian association football player) ; Q117839569(psychologist, graduated from University )",exact-label
disambiguate,jacques_le_goff,Jacques Le Goff,Q213992,,46,"French resistance fighter, medievalist, researcher, historian",French historian (1924-2014),1924,2014,Q99484348(French political scientist (1949-)),exact-label
disambiguate,johan_huizinga,Johan Huizinga,Q276280,,42,"Indologist, cultural historian, draftsperson, linguist, philosopher, anthropologist, art historian, resistance fighter, university teacher, painter, historian, writer",Dutch cultural historian (1872–1945),1872,1945,Q6240336(Dutch geneticist),exact-label
disambiguate,john_law,John Law,Q312694,,42,"bretteur, finance minister, statistician, financier, banker, economist",Scottish economist and banker (1671-1729),1671,1729,"Q645685(British sociologist) ; Q17119697(English radical journalist and writer, e) ; Q202872(American politician (1796-1873)) ; Q6244142(Hong Kong film director) ; Q18619383(British screenwriter (1929-1970))",exact-label
disambiguate,stuart_hall,Stuart Hall,Q450741,,41,"art theorist, literary critic, sociologist, university teacher",Jamaican-born British sociologist and cultural theorist,1932,2014,Q64662227(researcher) ; Q3459517(English former media personality and sex) ; Q7626612(racecar driver) ; Q7626610(British boxer) ; Q140421024(Australian Roman-Catholic bishop),exact-label
disambiguate,james_boswell,James Boswell,Q335060,,39,"diarist, biographer, lawyer, writer","Scottish lawyer, diarist and author (1740–1795)",1740,1795,"Q96179503(researcher) ; Q10401303(English footballer and manager (1922-201) ; Q15462487(New Zealand painter, draughtsman (1906-1) ; Q16018373(American businessman (1923-2009)) ; Q15462611(founder of the J. G. Boswell Company (18)",exact-label
disambiguate,mary_douglas,Mary Douglas,Q231349,,39,anthropologist,British anthropologist (1921–2007),1921,2007,"Q55999390(American librarian (1903-1970)) ; Q18576719(Douglas, Mary Alice (1860–1941), headmis) ; Q75257132(Peerage person ID=16583) ; Q75262273((1807-1888)) ; Q75333065((1796 - c. 1892))",exact-label
disambiguate,david_harvey,David Harvey,Q343055,,38,"social scientist, anthropologist, geographer, economist, urban planner, university teacher",British geographer and anthropologist,1935,,Q29642906(professor of paediatrics) ; Q61137752(British biochemist) ; Q62056571(sociologist) ; Q89124407(American chemical engineer/rare earth re) ; Q99631842(British chemistry researcher),exact-label
disambiguate,beatrice_webb,Beatrice Webb,Q242666,,34,"social reformer, socialist, suffragist, sociologist, historian, economist, baron, politician, writer","English sociologist, economist, socialist, and social reformer (1858–1943)",1858,1943,Q28043879(English medical practitioner) ; Q75736366((died 1953)) ; Q75982132(Peerage person ID=447068),exact-label
disambiguate,samir_amin,Samir Amin,Q334134,,33,"geopolitical analyst, academic, economist, politician, writer",Egyptian-French economist and political theorist (1931-2018),1931,2018,Q55777601(researcher),exact-label
disambiguate,josef_breuer,Josef Breuer,Q84430,,31,"philosopher, physician, psychoanalyst, physiologist, university teacher",Austrian physician (1842-1925),1842,1925,Q111728805() ; Q1704375(German chess composer (1903–1981)) ; Q131764331() ; Q111729899() ; Q111966692(),exact-label
disambiguate,raymond_williams,Raymond Williams,Q394628,,31,"literary scholar, media scholar, literary historian, novelist, philosopher, literary critic, sociologist, professor, writer","Welsh scholar, author, and Marxist literary critic (1921–1988)",1921,1988,Q64682925(researcher) ; Q18167166(New Zealand rugby union player) ; Q60694079(Welsh footballer (1931-2015)) ; Q7298301(Welsh weightlifter) ; Q116504520(rugby league footballer),exact-label
disambiguate,heinrich_rickert,Heinrich Rickert,Q77012,,30,"philosopher, university teacher",German philosopher (1863-1936),1863,1936,Q84704(German journalist and author (1833-1902)) ; Q94879641(German mathematician (1890-1917)) ; Q95761465(),exact-label
disambiguate,olive_schreiner,Olive Schreiner,Q151180,,30,"feminist, sociologist, writer",South African author and pacifist (1855-1920),1855,1920,Q64667071(researcher),exact-label
disambiguate,philippe_aries,Philippe Ariès,Q434571,,28,"medievalist, university teacher, historian",French academic and historian (1914-1984),1914,1984,"Q87350859(physician, researcher)",exact-label
disambiguate,victor_turner,Victor Turner,Q357480,,28,"anthropologist, ethnologist, author, sociologist, university teacher",British cultural anthropologist (1920-1983),1920,1983,"Q7926403(English-Pakistani civil service officer,) ; Q28053650(English trade unionist)",exact-label
disambiguate,peter_brown,Peter Brown,Q962080,,26,"classical scholar, church historian, university teacher, historian, historian of classical antiquity",Irish historian (1935- ),1935,,Q19819148(American illustrator (born 1979)) ; Q7173001(American singer-songwriter and record pr) ; Q102215124(Ph.D. Carnegie Mellon University 1987) ; Q7174786(19th century Scottish historian and scho) ; Q2074160(Australian prehistorian and paleoanthrop),exact-label
disambiguate,michael_oakeshott,Michael Oakeshott,Q959541,,25,"philosopher, university teacher, political scientist, historian, writer",British philosopher (1901-1990),1901,1990,Q102353378(archaeologist),exact-label
disambiguate,sandra_harding,Sandra Harding,Q469565,,25,"philosopher of science, feminist, philosopher, publisher, university teacher, writer","American philosopher of feminist theory, postcolonial theory, and epistemology",1935,2025,Q90209148(Australian economic sociologist and acad),exact-label
disambiguate,richard_price,Richard Price,Q561101,,24,"philosopher, theologian, preacher, mathematician, actuary, politician, writer","British philosopher, preacher and mathematician (1723–1791)",1723,1791,"Q1374243(American novelist and screenwriter) ; Q7328506(American anthropologist and historian) ; Q7328508(Scottish poet, novelist, and translator) ; Q7331649(British musician, bassist) ; Q42591886(professor of tropical medicine and physi)",exact-label
disambiguate,charles_tilly,Charles Tilly,Q717635,,23,"social scientist, sociologist, university teacher, political scientist, historian",American sociologist (1929–2008),1929,2008,"Q3528537(French theatre director, film director, )",exact-label
disambiguate,max_weber,Max Weber,Q535334,,23,"draftsperson, sculptor, painter, writer",American Cubist painter (1881–1961),1881,1961,Q63149(German-Dutch zoologist (1852–1937)) ; Q367391(member of the Swiss Federal Council from) ; Q94829122() ; Q95231637() ; Q215648(brigadier general in the Union army duri),exact-label
disambiguate,christopher_browning,Christopher Browning,Q59098,,22,"historian of the Holocaust, university teacher, historian",American historian of the Holocaust,1944,,Q130404808(researcher) ; Q76292088(Peerage person ID=667652),exact-label
disambiguate,karl_lamprecht,Karl Lamprecht,Q63369,,22,"philosopher, art historian, political economist, university teacher, historian, economist, writer",German historian (1856–1915),1856,1915,"Q94897777(German teacher, journalist, local histor) ; Q110969274(Austrian business executive (1964-))",exact-label
disambiguate,peter_burke,Peter Burke,Q504484,,22,"cultural studies scholar, social historian, cultural historian, university teacher, historian, writer",British historian (b. 1937),1937,,Q17308855(English barrister and writer (1811–1881)) ; Q40118832(researcher) ; Q64712822(researcher (Semantic Scholar 50512015)) ; Q89379354(researcher) ; Q91505625(Electrical Engineering researcher (ORCID),exact-label
disambiguate,peter_gay,Peter Gay,Q63670,,22,"writer, autobiographer, cultural historian, psychoanalyst, university teacher, psychologist, historian",German-American historian and author (1923–2015),1923,2015,"Q2075106(German author) ; Q87663538(researcher) ; Q52889338() ; Q105546362(politician in Massachusetts, US)",exact-label
disambiguate,richard_j_evans,Richard J. Evans,Q607427,,22,"non-fiction writer, university teacher, historian",British historian (born 1947),1947,,Q130266959(),exact-label
disambiguate,fritz_fischer,Fritz Fischer,Q61687,,21,"historian of Modern Age, author, university teacher, historian",German historian (1908–1999),1908,1999,Q117871(Swiss physicist and professor at ETH Zur) ; Q64993655(German soldier and Low German fairy tale) ; Q117225389() ; Q94794338() ; Q94852039(),exact-label
disambiguate,henri_wallon,Henri Wallon,Q946417,,20,"philosopher, psychologist, professor, writer, politician, physician","French psychologist, philosopher, pedagogist, and politician (1879–1962)",1879,1962,Q589355(French politician (1812-1904)) ; Q117768291(),exact-label
disambiguate,lawrence_stone,Lawrence Stone,Q968540,,19,"art historian, university teacher, historian",English historian (1919-1999),1919,1999,Q102167733(Ph.D. Purdue University 1967),exact-label
disambiguate,barbara_taylor,Barbara Taylor,Q437224,,18,"novelist, journalist, author, writer",British novelist (1933–2024),1933,2024,Q4859355(British historian) ; Q64698302(researcher) ; Q90026489(researcher) ; Q92652065(researcher (ORCID 0000-0001-7620-0736)) ; Q75239830(Peerage person ID=2105),exact-label
disambiguate,eric_wolf,Eric Wolf,Q89562,,18,"anthropologist, university teacher, historian",American anthropologist (1923-1999),1923,1999,Q75721465(researcher) ; Q88258668(clinical research scientist at Eli Lilly) ; Q42306298(),exact-label
disambiguate,jacques_martin,Jacques Martin,Q741712,,18,"penciller, comics writer, comics artist, drafter",French comics author (1921-2010),1921,2010,Q59829420(French philosopher (1922-1964)) ; Q16186030(French presbyter (1684-1751)) ; Q62024249((1794-1874)) ; Q69897574(French university teacher (1948-2001)) ; Q112388364(),exact-label
disambiguate,alfred_crosby,Alfred Crosby,Q3271870,,17,"geographer, historian, non-fiction writer, university teacher","Historian, author, and professor (1931-2018)",1931,2018,"Q88487940(American materials scientist) ; Q106599841(politician in Massachusetts, US)",exact-label
disambiguate,jan_de_vries,Jan de Vries,Q568483,,16,"linguist, religious studies scholar, philologist, mythographer, historian of religion, anthropologist, Germanist, university teacher, translator",Dutch linguist (1890-1964),1890,1964,Q3161798(American economic historian) ; Q25712282(university teacher from the Netherlands ) ; Q90945132(researcher (ORCID 0000-0003-2769-5079)) ; Q944332(Dutch renaissance painter) ; Q1682413(Dutch motorcyclist (1944–2021)),exact-label
disambiguate,hans_mommsen,Hans Mommsen,Q70335,,15,"historian of Modern Age, university teacher, historian",German historian (1930–2015),1930,2015,Q94781016(archaeologist),exact-label
disambiguate,john_boswell,John Boswell,Q220708,,15,"linguist, medievalist, university teacher, historian",American historian,1947,1994,Q18530168(Church of England clergyman and author) ; Q6222533(American literary agent) ; Q89621470(researcher) ; Q112545682() ; Q5933649(British botanist (1822–1888)),exact-label
disambiguate,geoffrey_parker,Geoffrey Parker,Q1355845,,14,"historian of Modern Age, history teacher, school teacher, university teacher, military historian, educator, historian, professor",British military historian,1943,,Q16734149(American academic) ; Q49972200(researcher on medical imaging) ; Q57217131(forest ecologist) ; Q59583426(scientist 1933-) ; Q3101097(British SOE agent),exact-label
disambiguate,paul_vinogradoff,Paul Vinogradoff,Q1976412,,13,"law professor, jurist, historian",Russian historian (1854–1925),1854,1925,"Q124628111(Russian pianist, composer, and music edu)",exact-label
disambiguate,william_cunningham,William Cunningham,Q1824926,,13,"economic historian, Anglican priest, educator, economist, historian",British economist and churchman (1849–1919),1849,1919,Q4019974(Scottish theologian; (1805-1861)) ; Q123227128(professor at University of Otago in New ) ; Q59669810(researcher ORCID ID = 0000-0003-1161-567) ; Q59832363(researcher ORCID ID = 0000-0001-9390-682) ; Q87780442(researcher (ORCID 0000-0003-3166-3563)),exact-label
disambiguate,michael_howard,Michael Howard,Q431106,,12,"autobiographer, non-fiction writer, consultant, university teacher, military historian, historian, military officer",English military historian (1922–2019),1922,2019,"Q6831256(American actor, filmmaker, screenwriter ) ; Q2370208(Microsoft employee) ; Q112410297() ; Q134456884(professor of management and entrepreneur) ; Q41626713(researcher)",exact-label
disambiguate,sheila_rowbotham,Sheila Rowbotham,Q432851,,12,"writer, feminist, sociologist, university teacher, author, historian",British historian and feminist,1943,,Q64710998(researcher),exact-label
disambiguate,william_stubbs,William Stubbs,Q443648,,12,"Anglican theologian, medievalist, Anglican priest, cleric, legal historian, university teacher, parson, historian, writer, bishop",British historian and Anglican bishop (1825–1901),1825,1901,Q125951737(American academic and non-profit directo) ; Q8018945(Canadian politician) ; Q8018947(English educator) ; Q8018948(American interior designer) ; Q97574339(British trade unionist),exact-label
disambiguate,jeremy_black,Jeremy Black,Q5975504,,11,"historian of Modern Age, university teacher, military historian, historian",British military historian,1955,,Q6181123(British historian and archaeologist of A) ; Q15971058(Royal Navy admiral (1932-2015)) ; Q21173895(American actor) ; Q112647244(Partner at Deloitte LLP),exact-label
disambiguate,paul_thompson,Paul Thompson,Q5256528,,11,"drummer, musician, economist",English drummer,1951,,"Q4460339(British sociologist and oral historian) ; Q7153994(head of the department of Human Resource) ; Q15439876(British academic) ; Q18387155(neuroscientist, born 1971) ; Q57523329(researcher ORCID ID = 0000-0001-9940-691)",exact-label
disambiguate,richard_jones,Richard Jones,Q3026567,,11,"television actor, television producer, actor, screenwriter","actor, comedian, writer (1931-1988)",1931,1988,Q4160426(economist from England) ; Q5447245(American rapper and producer) ; Q21165389(Professor of Physics and the Pro-Vice Ch) ; Q7326925(Welsh Anglican priest and writer in the ) ; Q65096305(archaeologist and landscape historian),exact-label
disambiguate,keith_thomas,Keith Thomas,Q6385114,,10,historian,British historian,1933,,"Q111169750(American director, screenwriter, and pro) ; Q56795485(comic creator) ; Q91958042(researcher (ORCID 0000-0003-1197-7522)) ; Q98166746(film director) ; Q98778473(British chemist)",exact-label
disambiguate,paul_willis,Paul Willis,Q932517,,10,"social scientist, cultural anthropologist, sociologist, pedagogue, university teacher",British sociologist,1945,,Q84997138(researcher) ; Q7154408(American actor (1901-1960)) ; Q7154409(Cricket player (born 1952)) ; Q18640376(English footballer (1970-2011)) ; Q7154410(Scottish footballer (born 1991)),exact-label
disambiguate,brian_vickers,Brian Vickers,Q2112545,,9,racing automobile driver,American motor racing driver,1983,,Q4965539(British literary scholar) ; Q75689335(Peerage person ID=289381) ; Q100941792(college basketball player (1979–1981) Io),exact-label
disambiguate,david_kaufmann,David Kaufmann,Q351593,,9,"university teacher, librarian",Austrian academic (1852-1899),1852,1899,"Q58229649(Swiss political scientist and assistant ) ; Q94943240() ; Q105355159(holocaust victim, b. 1874-01-22) ; Q105355156(holocaust victim, b. 1862-06-11) ; Q105519764(holocaust victim, b. 1887-04-23)",exact-label
disambiguate,dorothy_porter_medical,Dorothy Porter,Q5298301,,9,"bibliographer, curator, librarian, historian, writer",American librarian (1905-1995),1905,1995,Q5298596(Australian poet (1954–2008)) ; Q108526317(British literary scholar) ; Q112412508() ; Q129499369(),exact-label
disambiguate,harry_collins,Harry Collins,Q769751,,9,"sociologist of science, sociologist, university teacher",British sociologist of science,1943,,Q87955975(researcher) ; Q7335488(American baseball player (1896–1968)) ; Q5668003(Australian rules footballer (1892-1918)) ; Q124414351(American fashion designer) ; Q75357955(Peerage person ID=85936),exact-label
disambiguate,jacques_revel,Jacques Revel,Q3159866,,9,"director of studies, university teacher, historian",French historian (1942-2026),1942,2026,Q18117922(),exact-label
disambiguate,james_baker,James Baker,Q49481016,,9,"rapper, songwriter",American rapper from Tennessee,1996,,"Q6129269(Australian rock musician) ; Q55720871(American educator, president of the Univ) ; Q6133022(American judge) ; Q46922830(British synthetic chemist and chemical b) ; Q59680710(clinical pharmacist)",exact-label
disambiguate,james_clifford,James Clifford,Q984620,,9,"cultural anthropologist, anthropologist, university teacher, ethnologist, historian",American historian,1945,,Q6131468(English divine and musician) ; Q112379292() ; Q28155071(English Member of Parliament in 1404) ; Q6131465(Australian artist (1936-1987)) ; Q84718188(),exact-label
disambiguate,masao_maruyama,Masao Maruyama,Q1143571,,9,"philosopher, university teacher, political scientist, historian",Japanese political scientist (1914-1996),1914,1996,Q94537659(Japanese scholar of Russian literature a) ; Q3297177(Japanese animator) ; Q327121(Japanese general (1889–1957)) ; Q106478697(Japanese legal scholar) ; Q135693524(Japanese jockey),exact-label
disambiguate,michael_roberts,Michael Roberts,Q3856252,,9,"translator, historian",British historian of early modern Sweden (1908–1997),1908,1996,"Q6833912(English schoolteacher and man of letters) ; Q21994011(author, United States Navy Captain) ; Q41505172(pharmaceutical researcher) ; Q41800187(economist (University of Pennsylvania)) ; Q41800217(economist (University of Hawaii-Manoa))",exact-label
disambiguate,steve_woolgar,Steve Woolgar,Q521895,,9,"sociologist, university teacher",British sociologist,1950,,Q91143178(researcher (ORCID 0000-0003-1465-3136)),exact-label
disambiguate,sumit_sarkar,Sumit Sarkar,Q12458039,,9,"historian, writer",Indian historian of modern India (born 1939),1939,2026,Q92460161(researcher (ORCID 0000-0003-2301-4766)),exact-label
disambiguate,wang_feng,Wang Feng,Q7967432,,9,"songwriter, singer, composer",Chinese rock musician and composer (born 1971),1971,,Q9064351(Taiwanese journalist) ; Q704990(Chinese diver) ; Q7967428(Chinese canoeist) ; Q12812489(Chinese mnemonist (born 1990)) ; Q8298441(Chinese politician (1910-1998)),exact-label
disambiguate,christopher_freeman,Christopher Freeman,Q1086693,,8,"university teacher, economist",British economist (1921-2010),1921,2010,"Q62933905(researcher) ; Q104619651(researcher) ; Q5106593(British biochemist, Professor at Bangor ) ; Q75938158((born 1946))",exact-label
disambiguate,daniel_roche,Daniel Roche,Q946091,,8,"university teacher, historian",French historian (1935–2023),1935,2023,Q42685547(researcher) ; Q4144677(English child actor) ; Q65598437() ; Q98237820(),exact-label
disambiguate,george_marcus,George E. Marcus,Q472339,,8,"anthropologist, university teacher, writer","American anthropologist, university professor, magazine editor",1946,,Q134608156(American political scientist) ; Q125740265(American political science professor),exact-label
disambiguate,joan_kelly,Joan Kelly,Q6205183,,8,historian,American historian,1928,1982,Q92888388(researcher (ORCID 0000-0002-9075-2956)) ; Q101186550(British poet and hand-sewer) ; Q21621673(American singer),exact-label
disambiguate,joanna_bourke,Joanna Bourke,Q6205783,,8,"university teacher, historian, professor",British historian,1963,,Q64708641() ; Q99558057(researcher),exact-label
disambiguate,john_dunn,John Dunn,Q677250,,8,"political scientist, university teacher, historian",British historian,1940,,Q16106927(American academic) ; Q126599879(principal of the Catholic Institute of T) ; Q134538513(professor of human rights) ; Q59506613(researcher ORCID ID = 0000-0002-7287-091) ; Q95974630(researcher),exact-label
disambiguate,ute_frevert,Ute Frevert,Q109014,,8,"university teacher, historian",historian,1954,,Q30505061(microbiologist at the NYU Langone Medica),exact-label
disambiguate,william_mason,William Mason,Q862286,,8,"canoeist, director, film producer, film director, documentary filmmaker, painter, author, writer, naturalist","Canadian naturalist, author, artist and filmmaker (1929–1988)",1929,1988,Q3098261(poet (1724-1797)) ; Q17009602(English writing-master and stenographer) ; Q1669188(British-Austrian operatic bass) ; Q8015219(English Calvinist writer) ; Q18735936(Irish historian),exact-label
disambiguate,james_lockhart,James Lockhart,Q864216,,7,"university teacher, historian",American historian of Latin America (1933–2014),1933,2014,"Q125956044(management lecturer at Massey University) ; Q1613865(American politician (1806-1857)) ; Q17505767(British conductor, music director) ; Q16202277(Scottish courtier, politician and judge,) ; Q85770682(American politician)",exact-label
disambiguate,paolo_rossi,Paolo Rossi,Q3894434,,7,"television actor, songwriter, comedian, singer, actor, screenwriter","Italian actor, singer-songwriter and comedian (born 1953)",1953,,"Q686429(Italian philosopher and science historia) ; Q40700683(cancer researcher, IRCCS) ; Q56743799(researcher (ORCID 0000-0003-2620-7918)) ; Q61481778(author (1927-2017)) ; Q61481777(author (1856-1938))",exact-label
disambiguate,roy_porter,Roy Porter,Q354728,,7,"medical historian, university teacher, historian, writer",British historian of medicine (1946–2002),1946,2002,Q47544218(historian and curator) ; Q2058633(American musician (1923-1998)) ; Q19877191(Australian rules footballer (1917-1998)),exact-label
disambiguate,christopher_duffy,Christopher Duffy,Q1086647,,6,"military historian, historian",British military historian,1936,2022,"Q57977723(researcher, ORCID id # 0000-0003-0080-64) ; Q137386484(researcher ORCID 0000-0001-6662-0200) ; Q16231654(baseball player) ; Q5106442(Scottish association football player (19) ; Q102582183(Ph.D. University of Victoria and Univers)",exact-label
disambiguate,robert_gottlieb,Robert Gottlieb,Q2157324,,6,"art critic, journalist, editor, editor-in-chief, writer",American editor of books and magazines (1931–2023),1931,2023,Q112470484(American academic) ; Q74180176(researcher) ; Q104677663(Holocaust victim (born 1914)),exact-label
disambiguate,bernard_lepetit,Bernard Lepetit,Q2898235,,5,historian,French historian (1948–1996),1948,1996,Q50588359(researcher),exact-label
disambiguate,christopher_dyer,Christopher Dyer,Q2966578,,5,"assistant master, university teacher, historian",British historian (1944- ),1944,,Q94177876(researcher (ORCID 0000-0002-8087-8651)) ; Q5167073(American drag queen) ; Q69334411(British journalist) ; Q75946478((born 1979)) ; Q77358141(computer scientist),exact-label
disambiguate,gareth_stedman_jones,Gareth Stedman Jones,Q5522975,,5,"preface author, university teacher, historian",British historian,1942,,Q64594330(),exact-label
disambiguate,james_tully,James Tully,Q1436392,,5,"philosopher, university teacher, political scientist",Canadian philosopher,1946,,Q104591805(New Zealand journalist and journalism ed) ; Q1681217(Irish politician (1915-1992)) ; Q16000427(Australian politician (1877–1962)) ; Q104631032(English footballer) ; Q75497218(Peerage person ID=177628),exact-label
disambiguate,louis_henry,Louis Henry,Q3262175,,5,"demographer, historian",French historian (1911–1991),1911,1991,Q1871722(Belgian chemist (1834-1913)) ; Q138789553(researcher) ; Q64857997(particle physicist at University of Vale) ; Q85120(German noble (1640-1674)) ; Q2889777(French botanist (1854-1913)),exact-label
disambiguate,patrick_joyce,Patrick Joyce,Q3369949,,5,"folk song collector, musicologist, pedagogue, historian, writer",Irish historian (1827–1914),1827,1914,Q7146880(British social historian) ; Q96120585(researcher),exact-label
disambiguate,anna_davin,Anna Davin,Q59143386,,4,"essayist, women's rights activist, social historian, writer",British feminist historian,1940,,Q64605828(researcher) ; Q64707077(),exact-label
disambiguate,barbara_hardy,Barbara Hardy,Q108101976,,4,"conservationist, scientist",Australian environmentalist and scientist,1927,,"Q23022369(Welsh literary scholar, author, poet (19)",exact-label
disambiguate,david_blackbourn,David Blackbourn,Q1173761,,4,"historian of Modern Age, university teacher, historian",historian,1949,,Q55188089(researcher),exact-label
disambiguate,david_douglass,David Douglass,Q5231206,,4,"civil engineer, academic, botanical collector, engineer, architect",American civil and military engineer; academic administrator; and cemetery architect (1790-1849),1790,1849,"Q58204714(geologist, college professor, dean) ; Q18819397(actor and theatre manager (1720-1786)) ; Q112495888(conductor, composer, and musician (born )",exact-label
disambiguate,david_montgomery,David Montgomery,Q5237665,,4,historian,American historian (1927–2011),1927,2011,Q1176238(American geomorphologist) ; Q84356876(Canadian music researcher and librarian) ; Q95611851(researcher ORCID 0000-0001-8112-8695) ; Q709804(British media executive) ; Q48977154(American football player (born 1997)),exact-label
disambiguate,deepak_kumar,Deepak Kumar,Q5250511,,4,"author, historian",Indian historian,1986,,Q56384525(researcher (ORCID 0000-0001-8182-0016)) ; Q59823098(researcher ORCID ID = 0000-0001-9048-882) ; Q84448897(researcher (ORCID 0000-0003-1728-484X)) ; Q84643443(researcher (ORCID 0000-0003-2241-0054)) ; Q85649184(researcher (ORCID 0000-0003-4487-7755)),exact-label
disambiguate,gyan_prakash,Gyan Prakash,Q5623975,,4,historian,Indian historian,1952,,Q60980195(researcher ORCID ID = 0000-0003-4725-917) ; Q92172106(researcher (ORCID 0000-0001-9274-0636)) ; Q47124658(botanist),exact-label
disambiguate,hans_medick,Hans Medick,Q98483,,4,"historian of Modern Age, anthropologist, university teacher, historian",German historian of modern age,1939,,Q64623778() ; Q64675291(researcher),exact-label
disambiguate,john_brewer,John Brewer,Q6228652,,4,sociologist,British sociologist,1951,,Q55938720(British historian (1947-)) ; Q57060486(researcher) ; Q136617934(Professor of German Language and Literat) ; Q19873996(American gridiron football player (1928-) ; Q6223103(American football player (1906-1980)),exact-label
disambiguate,john_thornton,John Thornton,Q6260747,,4,"Africanist, university teacher, historian",American historian of Africa (1949-),1949,,Q30074841(economist (Bangor University)) ; Q57050521(researcher) ; Q66686134(UK author of A Voyage to Immanuel's Land) ; Q89464225(researcher (ORCID 0000-0002-1356-0280)) ; Q92001127(researcher (ORCID 0000-0002-7176-8610)),exact-label
disambiguate,sonya_rose,Sonya O. Rose,Q20675662,,4,"sociologist, university teacher, historian",American sociologist (1935-2020),1935,2020,Q64624012(),exact-label
disambiguate,adam_smith,Adam Smith,Q39075036,,3,computer scientist,computer scientist,,,"Q37609881(British paleontologist) ; Q42763651(American chemistry researcher) ; Q52116879(Professor and Clinical Cytogeneticist) ; Q57832825(researcher ORCID ID = 0000-0002-1373-111) ; Q58051258(researcher, ORCID id # 0000-0002-8921-84)",exact-label
disambiguate,dick_hughes,Dick Hughes,Q54913396,,3,"journalist, pianist, musician, singer","Australian jazz pianist, singer and journalist",1931,2018,"Q5273035(American baseball player) ; Q5273036(English footballer (1902-1984)) ; Q27909769(American-football player (1932-)) ; Q125266903(American architect, active in Las Vegas)",exact-label
disambiguate,j_t_murphy,J. T. Murphy,Q6107199,,3,"trade unionist, politician",British politician,1888,1965,"Q107123767(politician in Massachusetts, US (b. 1842)",exact-label
disambiguate,megan_vaughan,Megan Vaughan,Q28839916,,3,historian,British historian and academic,1954,,Q64710004() ; Q64869159(researcher) ; Q88621219(researcher) ; Q112443372(),exact-label
disambiguate,paul_carter,Paul Carter,Q15458398,,3,"opinion journalist, journalist, artist, historian","Australian academic, writer and artist",1951,,Q7149747(British songwriter) ; Q74311134(researcher (ORCID 0000-0001-9286-1630)) ; Q90496199(researcher (ORCID 0000-0001-7854-062X)) ; Q94484988(author (born 1969)) ; Q125920935(American academic administrator (1934-20),exact-label
disambiguate,anna_clark,Anna Clark,Q4766921,,2,"university teacher, historian",British historian,1974,,Q109405767(Australian historian) ; Q56860619(researcher) ; Q112479129() ; Q125469746(scientist at MBIE in New Zealand) ; Q75764572(Peerage person ID=322189),exact-label
disambiguate,barry_barnes,Barry Barnes,Q3635218,,2,basketball coach,basketball coach,1942,,Q115797454(politician from Trinidad and Tobago),exact-label
disambiguate,j_c_davis,J. C. Davis,Q47546700,,2,"guitarist, singer-songwriter, singer","American rock and blues guitarist, singer, and songwriter",1938,,Q6104928(British historian (1940–2021)) ; Q137261686(American football player (born 2003)),exact-label
disambiguate,mary_ryan,Mary P. Ryan,Q6780474,,2,"university teacher, historian",American historian,1945,,Q52584149(Professor of Materials Science),exact-label
disambiguate,j_p_cooper,J. P. Cooper,Q21166113,,1,scientist,Professor of Agricultural Botany at the University of Wales,1923,2011,Q93262392(),exact-label
disambiguate,john_henry,John Henry,Q3181733,,1,historian,British science historian,1950,,"Q59565626(researcher ORCID ID = 0000-0002-5270-320) ; Q89656169(researcher) ; Q91505804(researcher (ORCID 0000-0002-7650-0963)) ; Q697880(Margrave of Moravia (1349-1375) and Coun) ; Q202950(Politician, eighth Governor of Maryland,)",exact-label
disambiguate,karl_marx,Karl Marx,Q1732309,,1,"university teacher, painter, artist",German painter (1929-2008),1929,2008,Q109536209(German chemist and university teacher) ; Q882538(German composer and music educator (1897) ; Q1732308(German journalist (1897–1966)) ; Q16062483(Medical missionary) ; Q1732312(German politician (1844-1914)),exact-label
disambiguate,nigel_smith,Nigel Smith,Q55625207,,1,"scholar of English, literary scholar, literary critic",literature scholar,1958,,Q123698279(taxation lecturer at Auckland University) ; Q7032646(professional footballer (born 1958)) ; Q7032645(Olympic skier) ; Q7032648(English footballer (born 1969)) ; Q74424921(British Canadian Physicist),exact-label
disambiguate,richard_wall,Richard Wall,Q2150852,,1,"visual artist, graphic artist, painter, artist, translator, poet, writer, photographer","Austrian writer, visual artist and translator",1953,,"Q87187604(historical demographer) ; Q96093829(TB researcher at the London School of Hy) ; Q112407066(veterinary entomologist) ; Q2397740(Irish-born soldier, diplomat and ministe) ; Q7329782(Irish film, television and theatre actor)",exact-label
disambiguate,tirthankar_roy,Tirthankar Roy,Q85809806,,1,"historian, university teacher",Indian economic historian,1960,,Q61737642(researcher ORCID ID = 0000-0002-6279-844),exact-label
disambiguate,federico_ferretti,Federico Ferretti,Q55620483,,0,"university teacher, geographer",Italian geographer (b.1973),1973,,Q91447737(technology researcher) ; Q117112755(Italian law scholar (b.1970)),exact-label
disambiguate,franz_neumann,Franz Neumann,Q25592735,,0,"numismatist, university teacher",Austrian numismatist,1744,1816,Q115957509() ; Q85809(Austrian architect and politician (1844–) ; Q1448392(German politician (1904-1974)) ; Q99858942(Chancellor and Landvogt of the Neumark a) ; Q128238611(1826-),exact-label
disambiguate,jonathan_scott,Jonathan Scott,Q58166803,,0,"economic geographer, researcher",economic geographer at University of Waikato,1975,,Q60668523(researcher ORCID ID = 0000-0001-5958-969) ; Q88551271(researcher) ; Q90236259(foundation professor of electronics at t) ; Q95981278(researcher) ; Q98768471(1940-),exact-label
disambiguate,lee_benson,Lee Benson,Q87824468,,0,researcher,researcher,,,"Q110089321(born:1922|died:2012-02-19|; Benson, Lee,) ; Q6513063(American journalist) ; Q124000286(American basketball player (born 1973))",exact-label
disambiguate,neville_kirk,Neville Kirk,Q56996996,,0,historian,,1947,,Q64624766(researcher),exact-label
disambiguate,sarah_marks,Sarah Marks,Q64705375,,0,researcher,researcher and historian,1984,,Q88836736(researcher) ; Q90832432(researcher (ORCID 0000-0003-4804-3694)) ; Q124156949(est. 8 Apr 1768 - 17 Oct 1857),exact-label
manual,alan_shepperd,Alan Shepperd,,,,,,,,,
manual,alma_tuchman,Alma Tuchman,,,,,,,,,
manual,andre_reyes_novaes,André Reyes Novaes,,,,,,,,,
manual,angela_nunes_damasceno_gomes,Angela Nunes Damasceno Gomes,,,,,,,,,
manual,annie_ned,Annie Ned,,,,,,,,,
manual,anthony_giddens,Anthony Giddens,,,,,,,,,
manual,baron_isherwood,Baron Isherwood,,,,,,,,,
manual,bernard_cohn,Bernard S. Cohn,,,,,,,,,
manual,betty_balanoff,Betty Balanoff,,,,,,,,,
manual,ca_bayly,C. A. Bayly,,,,,,,,,
manual,cameron_blevins,Cameron Blevins,,,,,,,,,
manual,carl_g_hempel,Carl G. Hempel,,,,,,,,,
manual,carl_gustav_jung,Carl Gustav Jung,,,,,,,,,
manual,catherine_pagani,Catherine Pagani,,,,,,,,,
manual,charles_s_peirce,Charles S. Peirce,,,,,,,,,
manual,daniel_papebroche,Daniel Papebroche,,,,,,,,,
manual,david_johns,David M. Johns,,,,,,,,,
manual,edwin_f_gay,Edwin F. Gay,,,,,,,,,
manual,elinor_melville,Elinor G. K. Melville,,,,,,,,,
manual,emmanuel_le_roy_ladurie,Emmanuel Le Roy Ladurie,,,,,,,,,
manual,erik_jan_zurcher,Erik Jan Zürcher,,,,,,,,,
manual,f_w_galton,F. W. Galton,,,,,,,,,
manual,fernando_novais,Fernando A. Novais,,,,,,,,,
manual,fikret_adanir,Fikret Adanir,,,,,,,,,
manual,francesca_bray,Francesca Bray,,,,,,,,,
manual,g_wesley_johnson,G. Wesley Johnson,,,,,,,,,
manual,geoffrey_nowell_smith,Geoffrey Nowell Smith,,,,,,,,,
manual,georg_lukacs,Georg / György Lukács,,,,,,,,,
manual,gilbert_fite,Gilbert C. Fite,,,,,,,,,
manual,gilman_m_ostrander,Gilman M. Ostrander,,,,,,,,,
manual,kohachiro_takahashi,H. K. Takahashi,,,,,,,,,
manual,huang_hsing_tsung,Huang Hsing-Tsung,,,,,,,,,
manual,i_a_a_thompson,I. A. A. Thompson,,,,,,,,,
manual,james_c_petersen,James C. Petersen,,,,,,,,,
manual,jean_birrell,Jean Birrell,,,,,,,,,
manual,jean_obrien,Jean M. O’Brien,,,,,,,,,
manual,jean_pascal_simonin,Jean-Pascal Simonin,,,,,,,,,
manual,jenny_garber,Jenny Garber,,,,,,,,,
manual,jim_oeppen,Jim Oeppen,,,,,,,,,
manual,john_demilio,John D’Emilio,,,,,,,,,
manual,john_f_guilmartin,"John F. Guilmartin, Jr.",,,,,,,,,
manual,john_henneman,John Henneman,,,,,,,,,
manual,john_scotson,John L. Scotson,,,,,,,,,
manual,john_maynard_keynes,John Maynard Keynes,,,,,,,,,
manual,josefina_gonzalez_cardenas,Josefina González Cárdenas,,,,,,,,,
manual,kn_chaudhuri,K. N. Chaudhuri,,,,,,,,,
manual,k_o_dike,K. O. Dike,,,,,,,,,
manual,karen_morin,Karen Morin,,,,,,,,,
manual,karl_popper,Karl R. Popper,,,,,,,,,
manual,keith_nield,Keith Nield,,,,,,,,,
manual,kieran_hegarty,Kieran Hegarty,,,,,,,,,
manual,kim_gallon,Kim Gallon,,,,,,,,,
manual,lewis_namier,Lewis Namier,,,,,,,,,
manual,lloyd_kramer,Lloyd S. Kramer,,,,,,,,,
manual,lorna_weatherill,Lorna Weatherill,,,,,,,,,
manual,louis_mink,Louis O. Mink,,,,,,,,,
manual,m_a_barg,M. A. Barg,,,,,,,,,
manual,marie_ferrier,Marie Ferrier,,,,,,,,,
manual,marie_von_clausewitz,Marie von Clausewitz,,,,,,,,,
manual,max_kemman,Max Kemman,,,,,,,,,
manual,michel_de_gruijter,Michel de Gruijter,,,,,,,,,
manual,mmantho_nkotsoe,Mmantho Nkotsoe,,,,,,,,,
manual,monica_sampaio_machado,Mônica Sampaio Machado,,,,,,,,,
manual,niyah_campbell,Niyah Campbell,,,,,,,,,
manual,patricia_gomes_da_silveira,Patrícia Gomes da Silveira,,,,,,,,,
manual,paul_bonnifield,Paul Bonnifield,,,,,,,,,
manual,paul_vidal_de_la_blache,Paul Vidal de la Blache,,,,,,,,,
manual,peter_hohendahl,Peter Hohendahl,,,,,,,,,
manual,philip_curtin,Philip Curtin,,,,,,,,,
manual,pierre_metinhoue,Pierre G. Mêtinhoué,,,,,,,,,
manual,r_bin_wong,R. Bin Wong,,,,,,,,,
manual,r_w_yates,R. W. Yates,,,,,,,,,
manual,randolph_starn,Randolph Starn,,,,,,,,,
manual,richard_g_healey,Richard G. Healey,,,,,,,,,
manual,robert_swierenga,Robert Swierenga,,,,,,,,,
manual,ros_davies,Ros Davies,,,,,,,,,
manual,rosalie_colie,Rosalie Colie,,,,,,,,,
manual,ruben_ros,Ruben Ros,,,,,,,,,
manual,sam_bass_warner,Sam Bass Warner Jr.,,,,,,,,,
manual,sidney_mintz,Sidney Mintz,,,,,,,,,
manual,silvia_ratto,Silvia Ratto,,,,,,,,,
manual,edward_cook,Sir Edward Cook,,,,,,,,,
manual,stanley_engerman,Stanley L. Engerman,,,,,,,,,
manual,theotonio_dos_santos,Theotonio dos Santos,,,,,,,,,
manual,thorsten_ries,Thorsten Ries,,,,,,,,,
manual,victor_kiernan,V. G. Kiernan,,,,,,,,,
manual,v_i_lenin,V. I. Lenin,,,,,,,,,
manual,vine_deloria_jr,Vine Deloria Jr.,,,,,,,,,
manual,wh_walsh,W. H. Walsh,,,,,,,,,
manual,walter_easey,Walter Easey,,,,,,,,,
manual,william_g_thomas_iii,William G. Thomas III,,,,,,,,,
manual,yannan_ding,Yannan Ding,,,,,,,,,
