journal_key,publisher,record_type,pagination_status,length_band,records
initial:annales_1929,PERSEE Program,journal-article,explicit_numeric_range,1-3,55
initial:annales_1929,PERSEE Program,journal-article,explicit_numeric_range,10-19,42
initial:annales_1929,PERSEE Program,journal-article,explicit_numeric_range,20-39,21
initial:annales_1929,PERSEE Program,journal-article,explicit_numeric_range,4-9,70
initial:annales_1929,PERSEE Program,journal-article,explicit_numeric_range,40-200,2
initial:annales_1929,PERSEE Program,journal-article,start_only,unknown,17
initial:annales_english,Cambridge University Press (CUP),journal-article,explicit_numeric_range,1-3,6
initial:annales_english,Cambridge University Press (CUP),journal-article,explicit_numeric_range,10-19,43
initial:annales_english,Cambridge University Press (CUP),journal-article,explicit_numeric_range,20-39,126
initial:annales_english,Cambridge University Press (CUP),journal-article,explicit_numeric_range,4-9,16
initial:annales_english,Cambridge University Press (CUP),journal-article,explicit_numeric_range,40-200,10
initial:annales_english,Cambridge University Press (CUP),journal-article,non_numeric_or_complex,unknown,66
initial:cambridge_historical_journal,Cambridge University Press (CUP),journal-article,explicit_numeric_range,1-3,91
initial:cambridge_historical_journal,Cambridge University Press (CUP),journal-article,explicit_numeric_range,10-19,84
initial:cambridge_historical_journal,Cambridge University Press (CUP),journal-article,explicit_numeric_range,20-39,74
initial:cambridge_historical_journal,Cambridge University Press (CUP),journal-article,explicit_numeric_range,4-9,63
initial:cambridge_historical_journal,Cambridge University Press (CUP),journal-article,explicit_numeric_range,40-200,2
initial:cambridge_historical_journal,Cambridge University Press (CUP),journal-article,non_numeric_or_complex,unknown,70
initial:canadian_journal_history,University of Toronto Press Inc. (UTPress),journal-article,explicit_numeric_range,1-3,6814
initial:canadian_journal_history,University of Toronto Press Inc. (UTPress),journal-article,explicit_numeric_range,10-19,236
initial:canadian_journal_history,University of Toronto Press Inc. (UTPress),journal-article,explicit_numeric_range,20-39,488
initial:canadian_journal_history,University of Toronto Press Inc. (UTPress),journal-article,explicit_numeric_range,4-9,497
initial:canadian_journal_history,University of Toronto Press Inc. (UTPress),journal-article,explicit_numeric_range,40-200,8
initial:canadian_journal_history,University of Toronto Press Inc. (UTPress),journal-article,missing,unknown,1
initial:canadian_journal_history,University of Toronto Press Inc. (UTPress),journal-article,non_numeric_or_complex,unknown,26
initial:contemporary_history,SAGE Publications,journal-article,explicit_numeric_range,1-3,749
initial:contemporary_history,SAGE Publications,journal-article,explicit_numeric_range,10-19,935
initial:contemporary_history,SAGE Publications,journal-article,explicit_numeric_range,20-39,1164
initial:contemporary_history,SAGE Publications,journal-article,explicit_numeric_range,4-9,163
initial:contemporary_history,SAGE Publications,journal-article,explicit_numeric_range,40-200,20
initial:contemporary_history,SAGE Publications,journal-article,missing,unknown,49
initial:contemporary_history,SAGE Publications,journal-article,non_numeric_or_complex,unknown,3
initial:historical_journal,Cambridge University Press (CUP),journal-article,explicit_numeric_range,1-3,649
initial:historical_journal,Cambridge University Press (CUP),journal-article,explicit_numeric_range,10-19,960
initial:historical_journal,Cambridge University Press (CUP),journal-article,explicit_numeric_range,20-39,1841
initial:historical_journal,Cambridge University Press (CUP),journal-article,explicit_numeric_range,4-9,676
initial:historical_journal,Cambridge University Press (CUP),journal-article,explicit_numeric_range,40-200,22
initial:historical_journal,Cambridge University Press (CUP),journal-article,non_numeric_or_complex,unknown,324
initial:history_theory,Wiley,journal-article,explicit_numeric_range,1-3,79
initial:history_theory,Wiley,journal-article,explicit_numeric_range,10-19,603
initial:history_theory,Wiley,journal-article,explicit_numeric_range,20-39,324
initial:history_theory,Wiley,journal-article,explicit_numeric_range,4-9,254
initial:history_theory,Wiley,journal-article,explicit_numeric_range,40-200,5
initial:history_theory,Wiley,journal-article,missing,unknown,16
initial:history_theory,Wiley,journal-article,start_only,unknown,1022
initial:history_theory,Wiley,journal-issue,missing,unknown,118
initial:labour_le_travail,Athabasca University Press,journal-article,expanded_abbreviated_range,1-3,1
initial:labour_le_travail,Athabasca University Press,journal-article,explicit_numeric_range,1-3,389
initial:labour_le_travail,Athabasca University Press,journal-article,explicit_numeric_range,10-19,34
initial:labour_le_travail,Athabasca University Press,journal-article,explicit_numeric_range,20-39,125
initial:labour_le_travail,Athabasca University Press,journal-article,explicit_numeric_range,4-9,81
initial:labour_le_travail,Athabasca University Press,journal-article,explicit_numeric_range,40-200,22
initial:labour_le_travail,Athabasca University Press,journal-article,missing,unknown,35
initial:labour_le_travail,Athabasca University Press,journal-article,start_only,unknown,9
initial:labour_le_travail,JSTOR,journal-article,non_numeric_or_complex,unknown,1
initial:labour_le_travail,JSTOR,journal-article,start_only,unknown,2823
initial:mississippi_valley,JSTOR,journal-article,missing,unknown,3
initial:mississippi_valley,JSTOR,journal-article,start_only,unknown,11
initial:mississippi_valley,Oxford University Press (OUP),journal-article,missing,unknown,1
initial:mississippi_valley,Oxford University Press (OUP),journal-article,start_only,unknown,8657
initial:william_mary,JSTOR,journal-article,missing,unknown,14
initial:william_mary,JSTOR,journal-article,start_only,unknown,9661
initial:william_mary,Oxford University Press (OUP),journal-article,start_only,unknown,1
initial:william_mary,Project MUSE,journal-article,explicit_numeric_range,1-3,8
initial:william_mary,Project MUSE,journal-article,explicit_numeric_range,10-19,22
initial:william_mary,Project MUSE,journal-article,explicit_numeric_range,20-39,51
initial:william_mary,Project MUSE,journal-article,explicit_numeric_range,4-9,207
initial:william_mary,Project MUSE,journal-article,explicit_numeric_range,40-200,14
initial:william_mary,Project MUSE,journal-article,missing,unknown,88
initial:william_mary,Project MUSE,journal-article,non_numeric_or_complex,unknown,5
initial:william_mary,Project MUSE,journal-article,start_only,unknown,668
initial:william_mary,Project MUSE,journal-issue,missing,unknown,1
initial:william_mary,Unmaintained records,journal-article,start_only,unknown,82
journal_016ce76060061eb0,Universidad Nacional de Colombia,journal-article,explicit_numeric_range,1-3,12
journal_016ce76060061eb0,Universidad Nacional de Colombia,journal-article,explicit_numeric_range,10-19,12
journal_016ce76060061eb0,Universidad Nacional de Colombia,journal-article,explicit_numeric_range,20-39,215
journal_016ce76060061eb0,Universidad Nacional de Colombia,journal-article,explicit_numeric_range,4-9,130
journal_016ce76060061eb0,Universidad Nacional de Colombia,journal-article,explicit_numeric_range,40-200,9
journal_016ce76060061eb0,Universidad Nacional de Colombia,journal-article,missing,unknown,21
journal_016ce76060061eb0,Universidad Nacional de Colombia,journal-article,non_numeric_or_complex,unknown,22
journal_016ce76060061eb0,Universidad Nacional de Colombia,journal-article,start_only,unknown,80
journal_02374963f4ea4849,Walter de Gruyter GmbH,journal-article,explicit_numeric_range,1-3,138
journal_02374963f4ea4849,Walter de Gruyter GmbH,journal-article,explicit_numeric_range,10-19,20
journal_02374963f4ea4849,Walter de Gruyter GmbH,journal-article,explicit_numeric_range,20-39,95
journal_02374963f4ea4849,Walter de Gruyter GmbH,journal-article,explicit_numeric_range,4-9,65
journal_02374963f4ea4849,Walter de Gruyter GmbH,journal-article,explicit_numeric_range,40-200,14
journal_02374963f4ea4849,Walter de Gruyter GmbH,journal-article,non_numeric_or_complex,unknown,3
journal_02374963f4ea4849,Walter de Gruyter GmbH,journal-article,start_only,unknown,3
journal_02eec3b72cd5349d,University of Chicago Press,journal-article,explicit_numeric_range,1-3,359
journal_02eec3b72cd5349d,University of Chicago Press,journal-article,explicit_numeric_range,10-19,38
journal_02eec3b72cd5349d,University of Chicago Press,journal-article,explicit_numeric_range,4-9,64
journal_02eec3b72cd5349d,University of Chicago Press,journal-article,non_numeric_or_complex,unknown,7
journal_02eec3b72cd5349d,University of Chicago Press,journal-article,start_only,unknown,1
journal_03730bc252490e14,Cambridge University Press (CUP),journal-article,explicit_numeric_range,1-3,186
journal_03730bc252490e14,Cambridge University Press (CUP),journal-article,explicit_numeric_range,10-19,174
journal_03730bc252490e14,Cambridge University Press (CUP),journal-article,explicit_numeric_range,20-39,833
journal_03730bc252490e14,Cambridge University Press (CUP),journal-article,explicit_numeric_range,4-9,195
journal_03730bc252490e14,Cambridge University Press (CUP),journal-article,explicit_numeric_range,40-200,82
journal_03730bc252490e14,Cambridge University Press (CUP),journal-article,missing,unknown,1
journal_03730bc252490e14,Cambridge University Press (CUP),journal-article,non_numeric_or_complex,unknown,381
journal_03730bc252490e14,Cambridge University Press (CUP),journal-article,start_only,unknown,526
journal_03fcc30800ae6fd9,SAGE Publications,journal-article,explicit_numeric_range,1-3,3479
journal_03fcc30800ae6fd9,SAGE Publications,journal-article,explicit_numeric_range,10-19,476
journal_03fcc30800ae6fd9,SAGE Publications,journal-article,explicit_numeric_range,20-39,544
journal_03fcc30800ae6fd9,SAGE Publications,journal-article,explicit_numeric_range,4-9,292
journal_03fcc30800ae6fd9,SAGE Publications,journal-article,explicit_numeric_range,40-200,52
journal_03fcc30800ae6fd9,SAGE Publications,journal-article,missing,unknown,32
journal_03fcc30800ae6fd9,SAGE Publications,journal-article,non_numeric_or_complex,unknown,77
journal_05418473995006e9,Springer Science and Business Media LLC,journal-article,explicit_numeric_range,1-3,15
journal_05418473995006e9,Springer Science and Business Media LLC,journal-article,explicit_numeric_range,10-19,30
journal_05418473995006e9,Springer Science and Business Media LLC,journal-article,explicit_numeric_range,20-39,222
journal_05418473995006e9,Springer Science and Business Media LLC,journal-article,explicit_numeric_range,4-9,6
journal_05418473995006e9,Springer Science and Business Media LLC,journal-article,explicit_numeric_range,40-200,56
journal_05418473995006e9,Springer Science and Business Media LLC,journal-article,missing,unknown,15
journal_054d070a681aafc6,CAIRN,journal-article,explicit_numeric_range,1-3,59
journal_054d070a681aafc6,CAIRN,journal-article,explicit_numeric_range,10-19,398
journal_054d070a681aafc6,CAIRN,journal-article,explicit_numeric_range,20-39,309
journal_054d070a681aafc6,CAIRN,journal-article,explicit_numeric_range,4-9,177
journal_054d070a681aafc6,CAIRN,journal-article,explicit_numeric_range,40-200,29
journal_054d070a681aafc6,CAIRN,journal-article,non_numeric_or_complex,unknown,765
journal_054d070a681aafc6,CAIRN,journal-article,start_only,unknown,166
journal_054d070a681aafc6,CAIRN.INFO,journal-article,explicit_numeric_range,1-3,11
journal_054d070a681aafc6,CAIRN.INFO,journal-article,explicit_numeric_range,10-19,64
journal_054d070a681aafc6,CAIRN.INFO,journal-article,explicit_numeric_range,20-39,69
journal_054d070a681aafc6,CAIRN.INFO,journal-article,explicit_numeric_range,4-9,22
journal_054d070a681aafc6,CAIRN.INFO,journal-article,explicit_numeric_range,40-200,2
journal_054d070a681aafc6,CAIRN.INFO,journal-article,non_numeric_or_complex,unknown,172
journal_054d070a681aafc6,CAIRN.INFO,journal-article,start_only,unknown,6
journal_054d070a681aafc6,JSTOR,journal-article,start_only,unknown,2785
journal_054d070a681aafc6,Project MUSE,journal-article,explicit_numeric_range,1-3,35
journal_054d070a681aafc6,Project MUSE,journal-article,explicit_numeric_range,10-19,25
journal_054d070a681aafc6,Project MUSE,journal-article,explicit_numeric_range,20-39,7
journal_054d070a681aafc6,Project MUSE,journal-article,explicit_numeric_range,4-9,18
journal_05682cc5619c8c31,PERSEE Program,journal-article,explicit_numeric_range,1-3,33
journal_05682cc5619c8c31,PERSEE Program,journal-article,explicit_numeric_range,10-19,3
journal_05682cc5619c8c31,PERSEE Program,journal-article,explicit_numeric_range,20-39,2
journal_05682cc5619c8c31,PERSEE Program,journal-article,explicit_numeric_range,4-9,13
journal_057f4e95b6bd7edb,SAGE Publications,journal-article,explicit_numeric_range,1-3,26
journal_057f4e95b6bd7edb,SAGE Publications,journal-article,explicit_numeric_range,10-19,258
journal_057f4e95b6bd7edb,SAGE Publications,journal-article,explicit_numeric_range,20-39,235
journal_057f4e95b6bd7edb,SAGE Publications,journal-article,explicit_numeric_range,4-9,138
journal_057f4e95b6bd7edb,SAGE Publications,journal-article,missing,unknown,3
journal_057f4e95b6bd7edb,SAGE Publications,journal-article,non_numeric_or_complex,unknown,28
journal_057f4e95b6bd7edb,SAGE Publications,journal-issue,missing,unknown,44
journal_05b07cc1ed9ec31d,SAGE Publications,journal-article,explicit_numeric_range,1-3,59
journal_05b07cc1ed9ec31d,SAGE Publications,journal-article,explicit_numeric_range,10-19,105
journal_05b07cc1ed9ec31d,SAGE Publications,journal-article,explicit_numeric_range,20-39,222
journal_05b07cc1ed9ec31d,SAGE Publications,journal-article,explicit_numeric_range,4-9,119
journal_05b07cc1ed9ec31d,SAGE Publications,journal-article,explicit_numeric_range,40-200,5
journal_05b07cc1ed9ec31d,SAGE Publications,journal-article,missing,unknown,11
journal_05b07cc1ed9ec31d,SAGE Publications,journal-article,start_only,unknown,1
journal_06580f980c0bb576,Informa UK Limited,journal-article,explicit_numeric_range,1-3,5
journal_06580f980c0bb576,Informa UK Limited,journal-article,explicit_numeric_range,10-19,73
journal_06580f980c0bb576,Informa UK Limited,journal-article,explicit_numeric_range,20-39,57
journal_06580f980c0bb576,Informa UK Limited,journal-article,explicit_numeric_range,4-9,34
journal_06580f980c0bb576,Informa UK Limited,journal-article,explicit_numeric_range,40-200,1
journal_06580f980c0bb576,Informa UK Limited,journal-article,missing,unknown,1
journal_06d93b627ca5596b,Editorial CSIC,journal-article,explicit_numeric_range,1-3,2
journal_06d93b627ca5596b,Editorial CSIC,journal-article,explicit_numeric_range,10-19,162
journal_06d93b627ca5596b,Editorial CSIC,journal-article,explicit_numeric_range,20-39,848
journal_06d93b627ca5596b,Editorial CSIC,journal-article,explicit_numeric_range,4-9,56
journal_06d93b627ca5596b,Editorial CSIC,journal-article,explicit_numeric_range,40-200,47
journal_06d93b627ca5596b,Editorial CSIC,journal-article,missing,unknown,1
journal_06d93b627ca5596b,Editorial CSIC,journal-article,non_numeric_or_complex,unknown,60
journal_06d93b627ca5596b,Editorial CSIC,journal-article,start_only,unknown,38
journal_06d93b627ca5596b,Editorial CSIC,journal-issue,missing,unknown,104
journal_074a5b70dab9caaf,Scandinavian University Press,journal-article,explicit_numeric_range,1-3,19
journal_074a5b70dab9caaf,Scandinavian University Press,journal-article,explicit_numeric_range,10-19,42
journal_074a5b70dab9caaf,Scandinavian University Press,journal-article,explicit_numeric_range,20-39,43
journal_074a5b70dab9caaf,Scandinavian University Press,journal-article,explicit_numeric_range,4-9,8
journal_07ccddae5a67c1fa,Project MUSE,journal-article,explicit_numeric_range,1-3,244
journal_07ccddae5a67c1fa,Project MUSE,journal-article,explicit_numeric_range,10-19,75
journal_07ccddae5a67c1fa,Project MUSE,journal-article,explicit_numeric_range,20-39,383
journal_07ccddae5a67c1fa,Project MUSE,journal-article,explicit_numeric_range,4-9,269
journal_07ccddae5a67c1fa,Project MUSE,journal-article,explicit_numeric_range,40-200,13
journal_07ccddae5a67c1fa,Project MUSE,journal-article,missing,unknown,8
journal_07ccddae5a67c1fa,Project MUSE,journal-article,non_numeric_or_complex,unknown,22
journal_07d22e9c6b79ee21,SAGE Publications,journal-article,explicit_numeric_range,1-3,3120
journal_07d22e9c6b79ee21,SAGE Publications,journal-article,explicit_numeric_range,10-19,216
journal_07d22e9c6b79ee21,SAGE Publications,journal-article,explicit_numeric_range,20-39,605
journal_07d22e9c6b79ee21,SAGE Publications,journal-article,explicit_numeric_range,4-9,437
journal_07d22e9c6b79ee21,SAGE Publications,journal-article,explicit_numeric_range,40-200,22
journal_07d22e9c6b79ee21,SAGE Publications,journal-article,missing,unknown,7
journal_07d22e9c6b79ee21,SAGE Publications,journal-article,non_numeric_or_complex,unknown,1
journal_0835598cd9000a22,Croatian Academy of Sciences and Arts,journal-article,explicit_numeric_range,10-19,8
journal_0835598cd9000a22,Croatian Academy of Sciences and Arts,journal-article,explicit_numeric_range,20-39,85
journal_0835598cd9000a22,Croatian Academy of Sciences and Arts,journal-article,explicit_numeric_range,4-9,1
journal_0835598cd9000a22,Croatian Academy of Sciences and Arts,journal-article,explicit_numeric_range,40-200,27
journal_09012fb45eab4d3e,Informa UK Limited,journal-article,explicit_numeric_range,1-3,101
journal_09012fb45eab4d3e,Informa UK Limited,journal-article,explicit_numeric_range,10-19,134
journal_09012fb45eab4d3e,Informa UK Limited,journal-article,explicit_numeric_range,20-39,98
journal_09012fb45eab4d3e,Informa UK Limited,journal-article,explicit_numeric_range,4-9,49
journal_09012fb45eab4d3e,Informa UK Limited,journal-article,explicit_numeric_range,40-200,7
journal_09012fb45eab4d3e,Informa UK Limited,journal-article,non_numeric_or_complex,unknown,12
journal_09fc2f1a6d52501a,Institute of Art History,journal-article,explicit_numeric_range,10-19,106
journal_09fc2f1a6d52501a,Institute of Art History,journal-article,explicit_numeric_range,20-39,16
journal_09fc2f1a6d52501a,Institute of Art History,journal-article,explicit_numeric_range,4-9,8
journal_09fc2f1a6d52501a,Institute of Art History,journal-article,missing,unknown,1
journal_09fc2f1a6d52501a,Institute of Art History,journal-issue,missing,unknown,9
journal_0aa5f8709a0dfd0f,Walter de Gruyter GmbH,journal-article,explicit_numeric_range,1-3,167
journal_0aa5f8709a0dfd0f,Walter de Gruyter GmbH,journal-article,explicit_numeric_range,10-19,255
journal_0aa5f8709a0dfd0f,Walter de Gruyter GmbH,journal-article,explicit_numeric_range,20-39,310
journal_0aa5f8709a0dfd0f,Walter de Gruyter GmbH,journal-article,explicit_numeric_range,4-9,244
journal_0aa5f8709a0dfd0f,Walter de Gruyter GmbH,journal-article,explicit_numeric_range,40-200,36
journal_0aa5f8709a0dfd0f,Walter de Gruyter GmbH,journal-article,non_numeric_or_complex,unknown,19
journal_0aa5f8709a0dfd0f,Walter de Gruyter GmbH,journal-article,start_only,unknown,102
journal_0ab656c2753f6d74,Informa UK Limited,journal-article,explicit_numeric_range,1-3,562
journal_0ab656c2753f6d74,Informa UK Limited,journal-article,explicit_numeric_range,10-19,307
journal_0ab656c2753f6d74,Informa UK Limited,journal-article,explicit_numeric_range,20-39,233
journal_0ab656c2753f6d74,Informa UK Limited,journal-article,explicit_numeric_range,4-9,129
journal_0ab656c2753f6d74,Informa UK Limited,journal-article,missing,unknown,1
journal_0ab656c2753f6d74,Informa UK Limited,journal-article,non_numeric_or_complex,unknown,542
journal_0ab656c2753f6d74,Informa UK Limited,journal-issue,missing,unknown,6
journal_0ade3b13475fde7c,Oxford University Press (OUP),journal-article,explicit_numeric_range,1-3,3894
journal_0ade3b13475fde7c,Oxford University Press (OUP),journal-article,explicit_numeric_range,10-19,590
journal_0ade3b13475fde7c,Oxford University Press (OUP),journal-article,explicit_numeric_range,20-39,1130
journal_0ade3b13475fde7c,Oxford University Press (OUP),journal-article,explicit_numeric_range,4-9,883
journal_0ade3b13475fde7c,Oxford University Press (OUP),journal-article,explicit_numeric_range,40-200,21
journal_0ade3b13475fde7c,Oxford University Press (OUP),journal-article,missing,unknown,95
journal_0ade3b13475fde7c,Oxford University Press (OUP),journal-article,non_numeric_or_complex,unknown,233
journal_0ade3b13475fde7c,Oxford University Press (OUP),journal-article,range_needs_review,unknown,2
journal_0ade3b13475fde7c,Project MUSE,journal-article,explicit_numeric_range,1-3,50
journal_0ade3b13475fde7c,Project MUSE,journal-article,explicit_numeric_range,10-19,2
journal_0ade3b13475fde7c,Project MUSE,journal-article,explicit_numeric_range,20-39,14
journal_0ade3b13475fde7c,Project MUSE,journal-article,explicit_numeric_range,4-9,15
journal_0ade3b13475fde7c,Project MUSE,journal-article,non_numeric_or_complex,unknown,1
journal_0ade3b13475fde7c,Project MUSE,journal-article,range_needs_review,unknown,1
journal_0b541c9b34dc482a,The European Society for History of Law,journal-article,explicit_numeric_range,1-3,188
journal_0b541c9b34dc482a,The European Society for History of Law,journal-article,explicit_numeric_range,10-19,194
journal_0b541c9b34dc482a,The European Society for History of Law,journal-article,explicit_numeric_range,20-39,15
journal_0b541c9b34dc482a,The European Society for History of Law,journal-article,explicit_numeric_range,4-9,500
journal_0b541c9b34dc482a,The European Society for History of Law,journal-article,start_only,unknown,38
journal_0e1cecd651790c35,Springer Science and Business Media LLC,journal-article,explicit_numeric_range,1-3,117
journal_0e1cecd651790c35,Springer Science and Business Media LLC,journal-article,explicit_numeric_range,10-19,226
journal_0e1cecd651790c35,Springer Science and Business Media LLC,journal-article,explicit_numeric_range,20-39,291
journal_0e1cecd651790c35,Springer Science and Business Media LLC,journal-article,explicit_numeric_range,4-9,186
journal_0e1cecd651790c35,Springer Science and Business Media LLC,journal-article,explicit_numeric_range,40-200,21
journal_0e1cecd651790c35,Springer Science and Business Media LLC,journal-article,non_numeric_or_complex,unknown,2
journal_0f2e6daed59d611b,Informa UK Limited,journal-article,explicit_numeric_range,1-3,203
journal_0f2e6daed59d611b,Informa UK Limited,journal-article,explicit_numeric_range,10-19,1169
journal_0f2e6daed59d611b,Informa UK Limited,journal-article,explicit_numeric_range,20-39,743
journal_0f2e6daed59d611b,Informa UK Limited,journal-article,explicit_numeric_range,4-9,336
journal_0f2e6daed59d611b,Informa UK Limited,journal-article,explicit_numeric_range,40-200,119
journal_0f2e6daed59d611b,Informa UK Limited,journal-article,missing,unknown,3
journal_0f2e6daed59d611b,Informa UK Limited,journal-article,non_numeric_or_complex,unknown,10
journal_0f2e6daed59d611b,Informa UK Limited,journal-article,range_needs_review,unknown,1
journal_0f2e6daed59d611b,Informa UK Limited,journal-article,reversed_range,unknown,3
journal_0ff5c17fd43c4f65,Wiley,journal-article,explicit_numeric_range,1-3,113
journal_0ff5c17fd43c4f65,Wiley,journal-article,explicit_numeric_range,10-19,254
journal_0ff5c17fd43c4f65,Wiley,journal-article,explicit_numeric_range,20-39,514
journal_0ff5c17fd43c4f65,Wiley,journal-article,explicit_numeric_range,4-9,51
journal_0ff5c17fd43c4f65,Wiley,journal-article,explicit_numeric_range,40-200,22
journal_0ff5c17fd43c4f65,Wiley,journal-article,missing,unknown,36
journal_0ff5c17fd43c4f65,Wiley,journal-issue,missing,unknown,136
journal_123c05bc2318b339,Informa UK Limited,journal-article,explicit_numeric_range,1-3,15
journal_123c05bc2318b339,Informa UK Limited,journal-article,explicit_numeric_range,10-19,348
journal_123c05bc2318b339,Informa UK Limited,journal-article,explicit_numeric_range,20-39,317
journal_123c05bc2318b339,Informa UK Limited,journal-article,explicit_numeric_range,4-9,33
journal_123c05bc2318b339,Informa UK Limited,journal-article,explicit_numeric_range,40-200,5
journal_123c05bc2318b339,Informa UK Limited,journal-article,missing,unknown,2
journal_123c05bc2318b339,Informa UK Limited,journal-article,non_numeric_or_complex,unknown,59
journal_123c05bc2318b339,Informa UK Limited,journal-article,start_only,unknown,1
journal_123c05bc2318b339,Maney Publishing,journal-article,explicit_numeric_range,1-3,1
journal_123c05bc2318b339,Maney Publishing,journal-article,explicit_numeric_range,20-39,2
journal_123c05bc2318b339,Maney Publishing,journal-article,explicit_numeric_range,40-200,1
journal_12aa1a6827133fc8,Informa UK Limited,journal-article,explicit_numeric_range,1-3,964
journal_12aa1a6827133fc8,Informa UK Limited,journal-article,explicit_numeric_range,10-19,772
journal_12aa1a6827133fc8,Informa UK Limited,journal-article,explicit_numeric_range,20-39,136
journal_12aa1a6827133fc8,Informa UK Limited,journal-article,explicit_numeric_range,4-9,1183
journal_12aa1a6827133fc8,Informa UK Limited,journal-article,explicit_numeric_range,40-200,15
journal_12aa1a6827133fc8,Informa UK Limited,journal-article,non_numeric_or_complex,unknown,1
journal_12bf31db16a72aab,University of California Press,journal-article,explicit_numeric_range,1-3,37
journal_12bf31db16a72aab,University of California Press,journal-article,explicit_numeric_range,10-19,101
journal_12bf31db16a72aab,University of California Press,journal-article,explicit_numeric_range,20-39,165
journal_12bf31db16a72aab,University of California Press,journal-article,explicit_numeric_range,4-9,124
journal_12bf31db16a72aab,University of California Press,journal-article,explicit_numeric_range,40-200,87
journal_12bf31db16a72aab,University of California Press,journal-article,missing,unknown,29
journal_12bf31db16a72aab,University of California Press,journal-article,non_numeric_or_complex,unknown,75
journal_12bf31db16a72aab,University of California Press,journal-issue,missing,unknown,3
journal_12fdca399e8d8d40,Informa UK Limited,journal-article,explicit_numeric_range,1-3,67
journal_12fdca399e8d8d40,Informa UK Limited,journal-article,explicit_numeric_range,10-19,123
journal_12fdca399e8d8d40,Informa UK Limited,journal-article,explicit_numeric_range,20-39,89
journal_12fdca399e8d8d40,Informa UK Limited,journal-article,explicit_numeric_range,4-9,14
journal_12fdca399e8d8d40,Informa UK Limited,journal-article,explicit_numeric_range,40-200,1
journal_152934bf5a838f6b,Universidad Nacional de Cuyo,journal-article,explicit_numeric_range,10-19,4
journal_152934bf5a838f6b,Universidad Nacional de Cuyo,journal-article,explicit_numeric_range,20-39,70
journal_152934bf5a838f6b,Universidad Nacional de Cuyo,journal-article,explicit_numeric_range,40-200,4
journal_152934bf5a838f6b,Universidad Nacional de Cuyo,journal-article,missing,unknown,1
journal_1594f7d6e473ab43,Universidad de Valladolid,journal-article,explicit_numeric_range,1-3,13
journal_1594f7d6e473ab43,Universidad de Valladolid,journal-article,explicit_numeric_range,10-19,5
journal_1594f7d6e473ab43,Universidad de Valladolid,journal-article,explicit_numeric_range,20-39,11
journal_1594f7d6e473ab43,Universidad de Valladolid,journal-article,explicit_numeric_range,4-9,10
journal_1594f7d6e473ab43,Universidad de Valladolid,journal-article,explicit_numeric_range,40-200,4
journal_1594f7d6e473ab43,Universidad de Valladolid,journal-issue,missing,unknown,8
journal_15b0eb0d40baa4d7,Berghahn Books,journal-article,explicit_numeric_range,1-3,2
journal_15b0eb0d40baa4d7,Berghahn Books,journal-article,explicit_numeric_range,10-19,26
journal_15b0eb0d40baa4d7,Berghahn Books,journal-article,explicit_numeric_range,20-39,43
journal_15b0eb0d40baa4d7,Berghahn Books,journal-article,explicit_numeric_range,4-9,25
journal_15b0eb0d40baa4d7,Berghahn Books,journal-article,explicit_numeric_range,40-200,4
journal_15b0eb0d40baa4d7,Berghahn Books,journal-article,missing,unknown,152
journal_15b0eb0d40baa4d7,Berghahn Books,journal-article,non_numeric_or_complex,unknown,9
journal_15b0eb0d40baa4d7,Berghahn Books,journal-article,start_only,unknown,1
journal_16c2606d6dc20ebf,Informa UK Limited,journal-article,explicit_numeric_range,1-3,670
journal_16c2606d6dc20ebf,Informa UK Limited,journal-article,explicit_numeric_range,10-19,111
journal_16c2606d6dc20ebf,Informa UK Limited,journal-article,explicit_numeric_range,20-39,249
journal_16c2606d6dc20ebf,Informa UK Limited,journal-article,explicit_numeric_range,4-9,30
journal_16c2606d6dc20ebf,Informa UK Limited,journal-article,explicit_numeric_range,40-200,5
journal_16c2606d6dc20ebf,Informa UK Limited,journal-article,missing,unknown,1
journal_16c2606d6dc20ebf,Informa UK Limited,journal-article,non_numeric_or_complex,unknown,19
journal_186238c00e627d8e,JSTOR,journal-article,start_only,unknown,4031
journal_186238c00e627d8e,MIT Press,journal-article,explicit_numeric_range,1-3,300
journal_186238c00e627d8e,MIT Press,journal-article,explicit_numeric_range,10-19,16
journal_186238c00e627d8e,MIT Press,journal-article,explicit_numeric_range,20-39,84
journal_186238c00e627d8e,MIT Press,journal-article,explicit_numeric_range,4-9,22
journal_186238c00e627d8e,MIT Press,journal-article,explicit_numeric_range,40-200,10
journal_186238c00e627d8e,MIT Press,journal-article,non_numeric_or_complex,unknown,4
journal_186238c00e627d8e,MIT Press - Journals,journal-article,explicit_numeric_range,1-3,3466
journal_186238c00e627d8e,MIT Press - Journals,journal-article,explicit_numeric_range,10-19,93
journal_186238c00e627d8e,MIT Press - Journals,journal-article,explicit_numeric_range,20-39,262
journal_186238c00e627d8e,MIT Press - Journals,journal-article,explicit_numeric_range,4-9,126
journal_186238c00e627d8e,MIT Press - Journals,journal-article,explicit_numeric_range,40-200,12
journal_186238c00e627d8e,MIT Press - Journals,journal-article,non_numeric_or_complex,unknown,9
journal_186238c00e627d8e,MIT Press - Journals,journal-issue,missing,unknown,42
journal_18b9b876e4599c56,CAIRN,journal-article,explicit_numeric_range,1-3,10
journal_18b9b876e4599c56,CAIRN,journal-article,explicit_numeric_range,10-19,27
journal_18b9b876e4599c56,CAIRN,journal-article,explicit_numeric_range,20-39,20
journal_18b9b876e4599c56,CAIRN,journal-article,explicit_numeric_range,4-9,8
journal_18b9b876e4599c56,CAIRN,journal-article,explicit_numeric_range,40-200,2
journal_18b9b876e4599c56,CAIRN.INFO,journal-article,explicit_numeric_range,1-3,10
journal_18b9b876e4599c56,CAIRN.INFO,journal-article,explicit_numeric_range,10-19,19
journal_18b9b876e4599c56,CAIRN.INFO,journal-article,explicit_numeric_range,20-39,13
journal_18b9b876e4599c56,CAIRN.INFO,journal-article,explicit_numeric_range,4-9,18
journal_18b9b876e4599c56,CAIRN.INFO,journal-article,explicit_numeric_range,40-200,2
journal_1afb8b667f1ae5c3,Brepols Publishers NV,journal-article,explicit_numeric_range,1-3,292
journal_1afb8b667f1ae5c3,Brepols Publishers NV,journal-article,explicit_numeric_range,10-19,206
journal_1afb8b667f1ae5c3,Brepols Publishers NV,journal-article,explicit_numeric_range,20-39,188
journal_1afb8b667f1ae5c3,Brepols Publishers NV,journal-article,explicit_numeric_range,4-9,311
journal_1afb8b667f1ae5c3,Brepols Publishers NV,journal-article,explicit_numeric_range,40-200,40
journal_1afb8b667f1ae5c3,Brepols Publishers NV,journal-article,non_numeric_or_complex,unknown,23
journal_1afb8b667f1ae5c3,Brepols Publishers NV,journal-issue,missing,unknown,32
journal_1b4c993862f3c909,SAGE Publications,journal-article,explicit_numeric_range,1-3,143
journal_1b4c993862f3c909,SAGE Publications,journal-article,explicit_numeric_range,10-19,459
journal_1b4c993862f3c909,SAGE Publications,journal-article,explicit_numeric_range,20-39,602
journal_1b4c993862f3c909,SAGE Publications,journal-article,explicit_numeric_range,4-9,343
journal_1b4c993862f3c909,SAGE Publications,journal-article,explicit_numeric_range,40-200,2
journal_1b4c993862f3c909,SAGE Publications,journal-article,missing,unknown,29
journal_1b4c993862f3c909,SAGE Publications,journal-article,non_numeric_or_complex,unknown,4
journal_1b504ae54f900909,Informa UK Limited,journal-article,explicit_numeric_range,1-3,30
journal_1b504ae54f900909,Informa UK Limited,journal-article,explicit_numeric_range,10-19,54
journal_1b504ae54f900909,Informa UK Limited,journal-article,explicit_numeric_range,20-39,20
journal_1b504ae54f900909,Informa UK Limited,journal-article,explicit_numeric_range,4-9,7
journal_1b86c431903b1bf8,Cambridge University Press (CUP),journal-article,explicit_numeric_range,1-3,157
journal_1b86c431903b1bf8,Cambridge University Press (CUP),journal-article,explicit_numeric_range,10-19,28
journal_1b86c431903b1bf8,Cambridge University Press (CUP),journal-article,explicit_numeric_range,20-39,79
journal_1b86c431903b1bf8,Cambridge University Press (CUP),journal-article,explicit_numeric_range,4-9,91
journal_1b86c431903b1bf8,Cambridge University Press (CUP),journal-article,explicit_numeric_range,40-200,4
journal_1b86c431903b1bf8,Cambridge University Press (CUP),journal-article,non_numeric_or_complex,unknown,47
journal_1c7b5476f23090dc,University of Chicago Press,journal-article,explicit_numeric_range,1-3,2096
journal_1c7b5476f23090dc,University of Chicago Press,journal-article,explicit_numeric_range,10-19,847
journal_1c7b5476f23090dc,University of Chicago Press,journal-article,explicit_numeric_range,20-39,411
journal_1c7b5476f23090dc,University of Chicago Press,journal-article,explicit_numeric_range,4-9,882
journal_1c7b5476f23090dc,University of Chicago Press,journal-article,explicit_numeric_range,40-200,74
journal_1c7b5476f23090dc,University of Chicago Press,journal-article,missing,unknown,281
journal_1c7b5476f23090dc,University of Chicago Press,journal-article,non_numeric_or_complex,unknown,90
journal_1cbec499c3288335,Informa UK Limited,journal-article,explicit_numeric_range,1-3,230
journal_1cbec499c3288335,Informa UK Limited,journal-article,explicit_numeric_range,10-19,341
journal_1cbec499c3288335,Informa UK Limited,journal-article,explicit_numeric_range,20-39,232
journal_1cbec499c3288335,Informa UK Limited,journal-article,explicit_numeric_range,4-9,47
journal_1cbec499c3288335,Informa UK Limited,journal-article,explicit_numeric_range,40-200,4
journal_1cbec499c3288335,Informa UK Limited,journal-article,non_numeric_or_complex,unknown,3
journal_1d2f5edf681df07a,Project MUSE,journal-article,explicit_numeric_range,1-3,42
journal_1d2f5edf681df07a,Project MUSE,journal-article,explicit_numeric_range,10-19,1
journal_1d2f5edf681df07a,Project MUSE,journal-article,explicit_numeric_range,20-39,6
journal_1d2f5edf681df07a,Project MUSE,journal-article,explicit_numeric_range,4-9,6
journal_1d2f5edf681df07a,Project MUSE,journal-article,explicit_numeric_range,40-200,1
journal_1d2f5edf681df07a,Project MUSE,journal-article,missing,unknown,73
journal_1d2f5edf681df07a,Project MUSE,journal-article,non_numeric_or_complex,unknown,2
journal_1d2f5edf681df07a,Project MUSE,journal-article,start_only,unknown,848
journal_1d3e57485ef758f2,CAIRN,journal-article,explicit_numeric_range,1-3,19
journal_1d3e57485ef758f2,CAIRN,journal-article,explicit_numeric_range,10-19,216
journal_1d3e57485ef758f2,CAIRN,journal-article,explicit_numeric_range,20-39,29
journal_1d3e57485ef758f2,CAIRN,journal-article,explicit_numeric_range,4-9,50
journal_1d3e57485ef758f2,CAIRN,journal-article,explicit_numeric_range,40-200,1
journal_1d3e57485ef758f2,CAIRN,journal-article,non_numeric_or_complex,unknown,484
journal_1d3e57485ef758f2,CAIRN.INFO,journal-article,explicit_numeric_range,1-3,169
journal_1d3e57485ef758f2,CAIRN.INFO,journal-article,explicit_numeric_range,10-19,102
journal_1d3e57485ef758f2,CAIRN.INFO,journal-article,explicit_numeric_range,20-39,5
journal_1d3e57485ef758f2,CAIRN.INFO,journal-article,explicit_numeric_range,4-9,67
journal_1d3e57485ef758f2,CAIRN.INFO,journal-article,non_numeric_or_complex,unknown,6
journal_1d41a7564c5d12b7,Franco Angeli,journal-article,explicit_numeric_range,1-3,16
journal_1d41a7564c5d12b7,Franco Angeli,journal-article,explicit_numeric_range,10-19,80
journal_1d41a7564c5d12b7,Franco Angeli,journal-article,explicit_numeric_range,20-39,125
journal_1d41a7564c5d12b7,Franco Angeli,journal-article,explicit_numeric_range,4-9,40
journal_1d41a7564c5d12b7,Franco Angeli,journal-article,explicit_numeric_range,40-200,15
journal_1d41a7564c5d12b7,Franco Angeli,journal-article,missing,unknown,1
journal_1e179fb66763df00,Informa UK Limited,journal-article,explicit_numeric_range,1-3,145
journal_1e179fb66763df00,Informa UK Limited,journal-article,explicit_numeric_range,10-19,427
journal_1e179fb66763df00,Informa UK Limited,journal-article,explicit_numeric_range,20-39,387
journal_1e179fb66763df00,Informa UK Limited,journal-article,explicit_numeric_range,4-9,226
journal_1e179fb66763df00,Informa UK Limited,journal-article,explicit_numeric_range,40-200,9
journal_1e179fb66763df00,Informa UK Limited,journal-article,missing,unknown,1
journal_1e179fb66763df00,Informa UK Limited,journal-article,non_numeric_or_complex,unknown,16
journal_1f31b643beaca0dd,Cambridge University Press (CUP),journal-article,explicit_numeric_range,1-3,23
journal_1f31b643beaca0dd,Cambridge University Press (CUP),journal-article,explicit_numeric_range,10-19,42
journal_1f31b643beaca0dd,Cambridge University Press (CUP),journal-article,explicit_numeric_range,20-39,95
journal_1f31b643beaca0dd,Cambridge University Press (CUP),journal-article,explicit_numeric_range,4-9,156
journal_1f31b643beaca0dd,Cambridge University Press (CUP),journal-article,non_numeric_or_complex,unknown,53
journal_2119b0e45870cd6f,PERSEE Program,journal-article,explicit_numeric_range,1-3,17
journal_2119b0e45870cd6f,PERSEE Program,journal-article,explicit_numeric_range,10-19,13
journal_2119b0e45870cd6f,PERSEE Program,journal-article,explicit_numeric_range,20-39,2
journal_2119b0e45870cd6f,PERSEE Program,journal-article,explicit_numeric_range,4-9,22
journal_231bcd1c47c023b4,Walter de Gruyter GmbH,journal-article,explicit_numeric_range,1-3,17
journal_231bcd1c47c023b4,Walter de Gruyter GmbH,journal-article,explicit_numeric_range,10-19,44
journal_231bcd1c47c023b4,Walter de Gruyter GmbH,journal-article,explicit_numeric_range,20-39,1
journal_231bcd1c47c023b4,Walter de Gruyter GmbH,journal-article,explicit_numeric_range,4-9,36
journal_231bcd1c47c023b4,Walter de Gruyter GmbH,journal-article,missing,unknown,57
journal_231bcd1c47c023b4,Walter de Gruyter GmbH,journal-article,non_numeric_or_complex,unknown,11
journal_237c04bd38e91dd0,Informa UK Limited,journal-article,explicit_numeric_range,1-3,173
journal_237c04bd38e91dd0,Informa UK Limited,journal-article,explicit_numeric_range,10-19,229
journal_237c04bd38e91dd0,Informa UK Limited,journal-article,explicit_numeric_range,20-39,185
journal_237c04bd38e91dd0,Informa UK Limited,journal-article,explicit_numeric_range,4-9,190
journal_237c04bd38e91dd0,Informa UK Limited,journal-article,explicit_numeric_range,40-200,19
journal_237c04bd38e91dd0,Informa UK Limited,journal-article,non_numeric_or_complex,unknown,36
journal_25b3b25c0672ff34,Liverpool University Press,journal-article,expanded_abbreviated_range,10-19,4
journal_25b3b25c0672ff34,Liverpool University Press,journal-article,expanded_abbreviated_range,20-39,8
journal_25b3b25c0672ff34,Liverpool University Press,journal-article,explicit_numeric_range,1-3,324
journal_25b3b25c0672ff34,Liverpool University Press,journal-article,explicit_numeric_range,10-19,128
journal_25b3b25c0672ff34,Liverpool University Press,journal-article,explicit_numeric_range,20-39,535
journal_25b3b25c0672ff34,Liverpool University Press,journal-article,explicit_numeric_range,4-9,191
journal_25b3b25c0672ff34,Liverpool University Press,journal-article,explicit_numeric_range,40-200,15
journal_25b3b25c0672ff34,Liverpool University Press,journal-article,missing,unknown,1
journal_25b3b25c0672ff34,Liverpool University Press,journal-article,non_numeric_or_complex,unknown,18
journal_25b3b25c0672ff34,Liverpool University Press,journal-article,reversed_range,unknown,2
journal_25b3b25c0672ff34,Liverpool University Press,journal-article,start_only,unknown,1
journal_25fe68c2c0186186,Elsevier BV,journal-article,explicit_numeric_range,1-3,44
journal_25fe68c2c0186186,Elsevier BV,journal-article,explicit_numeric_range,10-19,469
journal_25fe68c2c0186186,Elsevier BV,journal-article,explicit_numeric_range,20-39,608
journal_25fe68c2c0186186,Elsevier BV,journal-article,explicit_numeric_range,4-9,83
journal_25fe68c2c0186186,Elsevier BV,journal-article,explicit_numeric_range,40-200,18
journal_25fe68c2c0186186,Elsevier BV,journal-article,missing,unknown,3
journal_25fe68c2c0186186,Elsevier BV,journal-article,non_numeric_or_complex,unknown,175
journal_25fe68c2c0186186,Elsevier BV,journal-article,start_only,unknown,390
journal_2601706da5173a25,Informa UK Limited,journal-article,explicit_numeric_range,1-3,101
journal_2601706da5173a25,Informa UK Limited,journal-article,explicit_numeric_range,10-19,171
journal_2601706da5173a25,Informa UK Limited,journal-article,explicit_numeric_range,20-39,173
journal_2601706da5173a25,Informa UK Limited,journal-article,explicit_numeric_range,4-9,234
journal_2601706da5173a25,Informa UK Limited,journal-article,explicit_numeric_range,40-200,9
journal_2601706da5173a25,Informa UK Limited,journal-article,missing,unknown,2
journal_2601706da5173a25,Informa UK Limited,journal-article,non_numeric_or_complex,unknown,1
journal_264c39cda506d1ec,Project MUSE,journal-article,explicit_numeric_range,1-3,711
journal_264c39cda506d1ec,Project MUSE,journal-article,explicit_numeric_range,10-19,39
journal_264c39cda506d1ec,Project MUSE,journal-article,explicit_numeric_range,20-39,138
journal_264c39cda506d1ec,Project MUSE,journal-article,explicit_numeric_range,4-9,125
journal_264c39cda506d1ec,Project MUSE,journal-article,explicit_numeric_range,40-200,8
journal_264c39cda506d1ec,Project MUSE,journal-article,non_numeric_or_complex,unknown,4
journal_264c39cda506d1ec,University of Toronto Press Inc. (UTPress),journal-article,explicit_numeric_range,1-3,6198
journal_264c39cda506d1ec,University of Toronto Press Inc. (UTPress),journal-article,explicit_numeric_range,10-19,782
journal_264c39cda506d1ec,University of Toronto Press Inc. (UTPress),journal-article,explicit_numeric_range,20-39,960
journal_264c39cda506d1ec,University of Toronto Press Inc. (UTPress),journal-article,explicit_numeric_range,4-9,1030
journal_264c39cda506d1ec,University of Toronto Press Inc. (UTPress),journal-article,explicit_numeric_range,40-200,95
journal_264c39cda506d1ec,University of Toronto Press Inc. (UTPress),journal-article,missing,unknown,1
journal_264c39cda506d1ec,University of Toronto Press Inc. (UTPress),journal-article,non_numeric_or_complex,unknown,67
journal_264c39cda506d1ec,University of Toronto Press Inc. (UTPress),journal-article,range_needs_review,unknown,205
journal_264c39cda506d1ec,University of Toronto Press Inc. (UTPress),journal-article,start_only,unknown,5
journal_2945cb5c5cc8af94,Cambridge University Press (CUP),journal-article,explicit_numeric_range,1-3,330
journal_2945cb5c5cc8af94,Cambridge University Press (CUP),journal-article,explicit_numeric_range,10-19,257
journal_2945cb5c5cc8af94,Cambridge University Press (CUP),journal-article,explicit_numeric_range,20-39,219
journal_2945cb5c5cc8af94,Cambridge University Press (CUP),journal-article,explicit_numeric_range,4-9,29
journal_2945cb5c5cc8af94,Cambridge University Press (CUP),journal-article,explicit_numeric_range,40-200,2
journal_2945cb5c5cc8af94,Cambridge University Press (CUP),journal-article,non_numeric_or_complex,unknown,108
journal_2945cb5c5cc8af94,Cambridge University Press (CUP),journal-article,start_only,unknown,1
journal_29d4cfabb5270347,Universitat Pompeu Fabra,journal-article,explicit_numeric_range,1-3,18
journal_29d4cfabb5270347,Universitat Pompeu Fabra,journal-article,explicit_numeric_range,10-19,4
journal_29d4cfabb5270347,Universitat Pompeu Fabra,journal-article,explicit_numeric_range,20-39,62
journal_29d4cfabb5270347,Universitat Pompeu Fabra,journal-article,explicit_numeric_range,4-9,32
journal_29d4cfabb5270347,Universitat Pompeu Fabra,journal-article,missing,unknown,34
journal_2af88744d50502c3,Informa UK Limited,journal-article,explicit_numeric_range,1-3,222
journal_2af88744d50502c3,Informa UK Limited,journal-article,explicit_numeric_range,10-19,241
journal_2af88744d50502c3,Informa UK Limited,journal-article,explicit_numeric_range,20-39,403
journal_2af88744d50502c3,Informa UK Limited,journal-article,explicit_numeric_range,4-9,95
journal_2af88744d50502c3,Informa UK Limited,journal-article,explicit_numeric_range,40-200,16
journal_2af88744d50502c3,Informa UK Limited,journal-article,missing,unknown,1
journal_2af88744d50502c3,Informa UK Limited,journal-article,non_numeric_or_complex,unknown,64
journal_2b8522c13948819d,SAGE Publications,journal-article,explicit_numeric_range,1-3,160
journal_2b8522c13948819d,SAGE Publications,journal-article,explicit_numeric_range,10-19,794
journal_2b8522c13948819d,SAGE Publications,journal-article,explicit_numeric_range,20-39,912
journal_2b8522c13948819d,SAGE Publications,journal-article,explicit_numeric_range,4-9,847
journal_2b8522c13948819d,SAGE Publications,journal-article,explicit_numeric_range,40-200,40
journal_2b8522c13948819d,SAGE Publications,journal-article,missing,unknown,32
journal_2b8522c13948819d,SAGE Publications,journal-article,non_numeric_or_complex,unknown,2
journal_2b8522c13948819d,SAGE Publications,journal-article,start_only,unknown,1
journal_2c098277f043966a,Uniwersytet Mikolaja Kopernika/Nicolaus Copernicus University,journal-article,explicit_numeric_range,10-19,4
journal_2c098277f043966a,Uniwersytet Mikolaja Kopernika/Nicolaus Copernicus University,journal-article,explicit_numeric_range,20-39,14
journal_2c098277f043966a,Uniwersytet Mikolaja Kopernika/Nicolaus Copernicus University,journal-article,explicit_numeric_range,4-9,7
journal_2c098277f043966a,Uniwersytet Mikolaja Kopernika/Nicolaus Copernicus University,journal-article,explicit_numeric_range,40-200,4
journal_2c098277f043966a,Uniwersytet Mikolaja Kopernika/Nicolaus Copernicus University,journal-article,missing,unknown,27
journal_2c098277f043966a,Uniwersytet Mikolaja Kopernika/Nicolaus Copernicus University,journal-article,start_only,unknown,156
journal_2c835362abb13fca,Wiley,journal-article,explicit_numeric_range,1-3,3041
journal_2c835362abb13fca,Wiley,journal-article,explicit_numeric_range,10-19,640
journal_2c835362abb13fca,Wiley,journal-article,explicit_numeric_range,20-39,275
journal_2c835362abb13fca,Wiley,journal-article,explicit_numeric_range,4-9,942
journal_2c835362abb13fca,Wiley,journal-article,missing,unknown,132
journal_2c835362abb13fca,Wiley,journal-article,non_numeric_or_complex,unknown,135
journal_2c835362abb13fca,Wiley,journal-article,start_only,unknown,57
journal_2c835362abb13fca,Wiley,journal-issue,missing,unknown,252
journal_2dfeedfb997d608a,OpenEdition,journal-article,missing,unknown,179
journal_2dfeedfb997d608a,OpenEdition,journal-issue,missing,unknown,40
journal_2e04fa56f6705ec2,Editorial CSIC,journal-article,explicit_numeric_range,1-3,2
journal_2e04fa56f6705ec2,Editorial CSIC,journal-article,explicit_numeric_range,10-19,191
journal_2e04fa56f6705ec2,Editorial CSIC,journal-article,explicit_numeric_range,20-39,597
journal_2e04fa56f6705ec2,Editorial CSIC,journal-article,explicit_numeric_range,4-9,12
journal_2e04fa56f6705ec2,Editorial CSIC,journal-article,explicit_numeric_range,40-200,141
journal_2e04fa56f6705ec2,Editorial CSIC,journal-article,start_only,unknown,131
journal_2e04fa56f6705ec2,Editorial CSIC,journal-issue,missing,unknown,66
journal_2e0fda8be73ce644,Suomen Historiallinen Seura,journal-article,explicit_numeric_range,1-3,3338
journal_2e0fda8be73ce644,Suomen Historiallinen Seura,journal-article,explicit_numeric_range,10-19,694
journal_2e0fda8be73ce644,Suomen Historiallinen Seura,journal-article,explicit_numeric_range,20-39,144
journal_2e0fda8be73ce644,Suomen Historiallinen Seura,journal-article,explicit_numeric_range,4-9,2276
journal_2e0fda8be73ce644,Suomen Historiallinen Seura,journal-article,explicit_numeric_range,40-200,13
journal_2e0fda8be73ce644,Suomen Historiallinen Seura,journal-article,missing,unknown,2255
journal_2e0fda8be73ce644,Suomen Historiallinen Seura,journal-article,start_only,unknown,562
journal_2e3ccb52f5b36377,Informa UK Limited,journal-article,explicit_numeric_range,1-3,9
journal_2e3ccb52f5b36377,Informa UK Limited,journal-article,explicit_numeric_range,10-19,86
journal_2e3ccb52f5b36377,Informa UK Limited,journal-article,explicit_numeric_range,20-39,65
journal_2e3ccb52f5b36377,Informa UK Limited,journal-article,explicit_numeric_range,4-9,14
journal_2e3ccb52f5b36377,Informa UK Limited,journal-article,explicit_numeric_range,40-200,1
journal_2e3ccb52f5b36377,Informa UK Limited,journal-article,non_numeric_or_complex,unknown,1
journal_2e6e57ae34ea1b42,Pontificia Universidad Catolica de Valparaiso,journal-article,explicit_numeric_range,20-39,22
journal_2e6e57ae34ea1b42,Pontificia Universidad Catolica de Valparaiso,journal-article,explicit_numeric_range,4-9,2
journal_2e6e57ae34ea1b42,Pontificia Universidad Catolica de Valparaiso,journal-article,missing,unknown,1
journal_2e6e57ae34ea1b42,Pontificia Universidad Catolica de Valparaiso,journal-article,start_only,unknown,129
journal_2f149169331d4289,Universidad de Valladolid,journal-article,explicit_numeric_range,1-3,58
journal_2f149169331d4289,Universidad de Valladolid,journal-article,explicit_numeric_range,10-19,4
journal_2f149169331d4289,Universidad de Valladolid,journal-article,explicit_numeric_range,20-39,101
journal_2f149169331d4289,Universidad de Valladolid,journal-article,explicit_numeric_range,4-9,136
journal_2f149169331d4289,Universidad de Valladolid,journal-article,explicit_numeric_range,40-200,25
journal_2f149169331d4289,Universidad de Valladolid,journal-article,start_only,unknown,27
journal_2f149169331d4289,Universidad de Valladolid,journal-issue,missing,unknown,13
journal_301d620d70ac04c6,Estonian Academy Publishers,journal-article,explicit_numeric_range,1-3,1
journal_301d620d70ac04c6,Estonian Academy Publishers,journal-article,explicit_numeric_range,10-19,80
journal_301d620d70ac04c6,Estonian Academy Publishers,journal-article,explicit_numeric_range,20-39,141
journal_301d620d70ac04c6,Estonian Academy Publishers,journal-article,explicit_numeric_range,4-9,8
journal_301d620d70ac04c6,Estonian Academy Publishers,journal-article,explicit_numeric_range,40-200,21
journal_30f867b31cdf447a,Wiley,journal-article,explicit_numeric_range,1-3,437
journal_30f867b31cdf447a,Wiley,journal-article,explicit_numeric_range,10-19,501
journal_30f867b31cdf447a,Wiley,journal-article,explicit_numeric_range,20-39,435
journal_30f867b31cdf447a,Wiley,journal-article,explicit_numeric_range,4-9,240
journal_30f867b31cdf447a,Wiley,journal-article,explicit_numeric_range,40-200,50
journal_30f867b31cdf447a,Wiley,journal-article,missing,unknown,171
journal_30f867b31cdf447a,Wiley,journal-article,range_needs_review,unknown,5
journal_30f867b31cdf447a,Wiley,journal-issue,missing,unknown,141
journal_31e5d822b53d053f,Oxford University Press (OUP),journal-article,explicit_numeric_range,1-3,381
journal_31e5d822b53d053f,Oxford University Press (OUP),journal-article,explicit_numeric_range,10-19,68
journal_31e5d822b53d053f,Oxford University Press (OUP),journal-article,explicit_numeric_range,20-39,156
journal_31e5d822b53d053f,Oxford University Press (OUP),journal-article,explicit_numeric_range,4-9,151
journal_31e5d822b53d053f,Oxford University Press (OUP),journal-article,explicit_numeric_range,40-200,39
journal_31e5d822b53d053f,Oxford University Press (OUP),journal-article,missing,unknown,7
journal_31e5d822b53d053f,Oxford University Press (OUP),journal-article,non_numeric_or_complex,unknown,25
journal_31e5d822b53d053f,Oxford University Press (OUP),journal-article,range_needs_review,unknown,1
journal_31e5d822b53d053f,Oxford University Press (OUP),journal-article,start_only,unknown,2173
journal_321a8cfc8ab54ea0,Cambridge University Press (CUP),journal-article,explicit_numeric_range,1-3,108
journal_321a8cfc8ab54ea0,Cambridge University Press (CUP),journal-article,explicit_numeric_range,10-19,658
journal_321a8cfc8ab54ea0,Cambridge University Press (CUP),journal-article,explicit_numeric_range,20-39,356
journal_321a8cfc8ab54ea0,Cambridge University Press (CUP),journal-article,explicit_numeric_range,4-9,188
journal_321a8cfc8ab54ea0,Cambridge University Press (CUP),journal-article,explicit_numeric_range,40-200,4
journal_321a8cfc8ab54ea0,Cambridge University Press (CUP),journal-article,missing,unknown,111
journal_321a8cfc8ab54ea0,Cambridge University Press (CUP),journal-article,non_numeric_or_complex,unknown,256
journal_321a8cfc8ab54ea0,Cambridge University Press (CUP),journal-article,range_needs_review,unknown,3
journal_3261cd2551a8f4ca,University of Illinois Press,journal-article,explicit_numeric_range,1-3,2003
journal_3261cd2551a8f4ca,University of Illinois Press,journal-article,explicit_numeric_range,10-19,84
journal_3261cd2551a8f4ca,University of Illinois Press,journal-article,explicit_numeric_range,20-39,251
journal_3261cd2551a8f4ca,University of Illinois Press,journal-article,explicit_numeric_range,4-9,298
journal_3261cd2551a8f4ca,University of Illinois Press,journal-article,explicit_numeric_range,40-200,19
journal_3261cd2551a8f4ca,University of Illinois Press,journal-article,missing,unknown,31
journal_3261cd2551a8f4ca,University of Illinois Press,journal-article,non_numeric_or_complex,unknown,4
journal_3261cd2551a8f4ca,University of Illinois Press,journal-article,range_needs_review,unknown,2
journal_3261cd2551a8f4ca,University of Illinois Press,journal-article,reversed_range,unknown,1
journal_3261cd2551a8f4ca,University of Illinois Press,journal-article,start_only,unknown,27
journal_34e0333c4604a050,Duke University Press,journal-article,explicit_numeric_range,1-3,881
journal_34e0333c4604a050,Duke University Press,journal-article,explicit_numeric_range,10-19,675
journal_34e0333c4604a050,Duke University Press,journal-article,explicit_numeric_range,20-39,1224
journal_34e0333c4604a050,Duke University Press,journal-article,explicit_numeric_range,4-9,640
journal_34e0333c4604a050,Duke University Press,journal-article,explicit_numeric_range,40-200,120
journal_34e0333c4604a050,Duke University Press,journal-article,missing,unknown,21
journal_34e0333c4604a050,Duke University Press,journal-article,non_numeric_or_complex,unknown,3
journal_34e0333c4604a050,Duke University Press,journal-article,reversed_range,unknown,1
journal_366b2c11ffcdece3,Imprint Academic Ltd,journal-article,explicit_numeric_range,10-19,9
journal_366b2c11ffcdece3,Imprint Academic Ltd,journal-article,explicit_numeric_range,20-39,77
journal_366b2c11ffcdece3,Imprint Academic Ltd,journal-article,explicit_numeric_range,40-200,1
journal_38e479e715d9523d,JSTOR,journal-article,non_numeric_or_complex,unknown,13
journal_38e479e715d9523d,JSTOR,journal-article,start_only,unknown,5878
journal_38e479e715d9523d,Project MUSE,journal-article,expanded_abbreviated_range,4-9,1
journal_38e479e715d9523d,Project MUSE,journal-article,explicit_numeric_range,1-3,5472
journal_38e479e715d9523d,Project MUSE,journal-article,explicit_numeric_range,10-19,322
journal_38e479e715d9523d,Project MUSE,journal-article,explicit_numeric_range,20-39,830
journal_38e479e715d9523d,Project MUSE,journal-article,explicit_numeric_range,4-9,677
journal_38e479e715d9523d,Project MUSE,journal-article,explicit_numeric_range,40-200,58
journal_38e479e715d9523d,Project MUSE,journal-article,missing,unknown,4
journal_38e479e715d9523d,Project MUSE,journal-article,non_numeric_or_complex,unknown,90
journal_38e479e715d9523d,Project MUSE,journal-article,range_needs_review,unknown,1
journal_38e479e715d9523d,Project MUSE,journal-article,reversed_range,unknown,1
journal_3979fc76be7c4768,Walter de Gruyter GmbH,journal-article,explicit_numeric_range,1-3,8
journal_3979fc76be7c4768,Walter de Gruyter GmbH,journal-article,explicit_numeric_range,10-19,33
journal_3979fc76be7c4768,Walter de Gruyter GmbH,journal-article,explicit_numeric_range,20-39,100
journal_3979fc76be7c4768,Walter de Gruyter GmbH,journal-article,explicit_numeric_range,4-9,9
journal_3979fc76be7c4768,Walter de Gruyter GmbH,journal-article,explicit_numeric_range,40-200,10
journal_3ad0b129b00ae4ae,Informa UK Limited,journal-article,explicit_numeric_range,1-3,246
journal_3ad0b129b00ae4ae,Informa UK Limited,journal-article,explicit_numeric_range,10-19,319
journal_3ad0b129b00ae4ae,Informa UK Limited,journal-article,explicit_numeric_range,20-39,261
journal_3ad0b129b00ae4ae,Informa UK Limited,journal-article,explicit_numeric_range,4-9,115
journal_3ad0b129b00ae4ae,Informa UK Limited,journal-article,explicit_numeric_range,40-200,2
journal_3ad0b129b00ae4ae,Informa UK Limited,journal-article,non_numeric_or_complex,unknown,7
journal_3c679fa7ce9ce3b7,Informa UK Limited,journal-article,explicit_numeric_range,1-3,668
journal_3c679fa7ce9ce3b7,Informa UK Limited,journal-article,explicit_numeric_range,10-19,641
journal_3c679fa7ce9ce3b7,Informa UK Limited,journal-article,explicit_numeric_range,20-39,373
journal_3c679fa7ce9ce3b7,Informa UK Limited,journal-article,explicit_numeric_range,4-9,342
journal_3c679fa7ce9ce3b7,Informa UK Limited,journal-article,explicit_numeric_range,40-200,15
journal_3c679fa7ce9ce3b7,Informa UK Limited,journal-article,non_numeric_or_complex,unknown,82
journal_3d173a064b1993c6,Walter de Gruyter GmbH,journal-article,explicit_numeric_range,1-3,1000
journal_3d173a064b1993c6,Walter de Gruyter GmbH,journal-article,explicit_numeric_range,10-19,129
journal_3d173a064b1993c6,Walter de Gruyter GmbH,journal-article,explicit_numeric_range,20-39,231
journal_3d173a064b1993c6,Walter de Gruyter GmbH,journal-article,explicit_numeric_range,4-9,245
journal_3d173a064b1993c6,Walter de Gruyter GmbH,journal-article,explicit_numeric_range,40-200,10
journal_3d173a064b1993c6,Walter de Gruyter GmbH,journal-article,non_numeric_or_complex,unknown,11
journal_3d173a064b1993c6,Walter de Gruyter GmbH,journal-article,start_only,unknown,23
journal_3d33767a76e5aca1,University of Chicago Press,journal-article,explicit_numeric_range,1-3,1093
journal_3d33767a76e5aca1,University of Chicago Press,journal-article,explicit_numeric_range,10-19,212
journal_3d33767a76e5aca1,University of Chicago Press,journal-article,explicit_numeric_range,20-39,316
journal_3d33767a76e5aca1,University of Chicago Press,journal-article,explicit_numeric_range,4-9,386
journal_3d33767a76e5aca1,University of Chicago Press,journal-article,explicit_numeric_range,40-200,52
journal_3d33767a76e5aca1,University of Chicago Press,journal-article,missing,unknown,195
journal_3d33767a76e5aca1,University of Chicago Press,journal-article,non_numeric_or_complex,unknown,24
journal_3d33767a76e5aca1,University of Chicago Press,journal-issue,missing,unknown,93
journal_3d98833a0d8281f8,University of California Press,journal-article,explicit_numeric_range,1-3,9213
journal_3d98833a0d8281f8,University of California Press,journal-article,explicit_numeric_range,10-19,842
journal_3d98833a0d8281f8,University of California Press,journal-article,explicit_numeric_range,20-39,863
journal_3d98833a0d8281f8,University of California Press,journal-article,explicit_numeric_range,4-9,742
journal_3d98833a0d8281f8,University of California Press,journal-article,explicit_numeric_range,40-200,45
journal_3d98833a0d8281f8,University of California Press,journal-article,missing,unknown,311
journal_3d98833a0d8281f8,University of California Press,journal-article,non_numeric_or_complex,unknown,162
journal_3d98833a0d8281f8,University of California Press,journal-article,start_only,unknown,1
journal_3d98833a0d8281f8,University of California Press,journal-issue,missing,unknown,19
journal_3e25012edc96e37a,JSTOR,journal-article,explicit_numeric_range,1-3,2
journal_3e25012edc96e37a,JSTOR,journal-article,explicit_numeric_range,4-9,2
journal_3e25012edc96e37a,University of California Press,journal-article,explicit_numeric_range,1-3,1843
journal_3e25012edc96e37a,University of California Press,journal-article,explicit_numeric_range,10-19,526
journal_3e25012edc96e37a,University of California Press,journal-article,explicit_numeric_range,20-39,305
journal_3e25012edc96e37a,University of California Press,journal-article,explicit_numeric_range,4-9,452
journal_3e25012edc96e37a,University of California Press,journal-article,explicit_numeric_range,40-200,62
journal_3e25012edc96e37a,University of California Press,journal-article,missing,unknown,298
journal_3e25012edc96e37a,University of California Press,journal-article,non_numeric_or_complex,unknown,13
journal_3f383aa8e45b2601,Cambridge University Press (CUP),journal-article,explicit_numeric_range,1-3,3931
journal_3f383aa8e45b2601,Cambridge University Press (CUP),journal-article,explicit_numeric_range,10-19,265
journal_3f383aa8e45b2601,Cambridge University Press (CUP),journal-article,explicit_numeric_range,20-39,942
journal_3f383aa8e45b2601,Cambridge University Press (CUP),journal-article,explicit_numeric_range,4-9,290
journal_3f383aa8e45b2601,Cambridge University Press (CUP),journal-article,explicit_numeric_range,40-200,16
journal_3f383aa8e45b2601,Cambridge University Press (CUP),journal-article,missing,unknown,253
journal_3f383aa8e45b2601,Cambridge University Press (CUP),journal-article,non_numeric_or_complex,unknown,363
journal_3f383aa8e45b2601,Cambridge University Press (CUP),journal-article,start_only,unknown,2
journal_3f383aa8e45b2601,Cambridge University Press (CUP),journal-issue,missing,unknown,147
journal_3f55dca82ed716b2,Informa UK Limited,journal-article,explicit_numeric_range,1-3,282
journal_3f55dca82ed716b2,Informa UK Limited,journal-article,explicit_numeric_range,10-19,171
journal_3f55dca82ed716b2,Informa UK Limited,journal-article,explicit_numeric_range,20-39,379
journal_3f55dca82ed716b2,Informa UK Limited,journal-article,explicit_numeric_range,4-9,124
journal_3f55dca82ed716b2,Informa UK Limited,journal-article,explicit_numeric_range,40-200,4
journal_3f55dca82ed716b2,Informa UK Limited,journal-article,non_numeric_or_complex,unknown,9
journal_3f66d54b263d36b2,JSTOR,journal-article,explicit_numeric_range,1-3,25
journal_3f66d54b263d36b2,JSTOR,journal-article,explicit_numeric_range,10-19,12
journal_3f66d54b263d36b2,JSTOR,journal-article,explicit_numeric_range,20-39,27
journal_3f66d54b263d36b2,JSTOR,journal-article,explicit_numeric_range,4-9,9
journal_3f66d54b263d36b2,JSTOR,journal-article,explicit_numeric_range,40-200,3
journal_3f66d54b263d36b2,The Pennsylvania State University Press,journal-article,explicit_numeric_range,1-3,39
journal_3f66d54b263d36b2,The Pennsylvania State University Press,journal-article,explicit_numeric_range,10-19,16
journal_3f66d54b263d36b2,The Pennsylvania State University Press,journal-article,explicit_numeric_range,20-39,58
journal_3f66d54b263d36b2,The Pennsylvania State University Press,journal-article,explicit_numeric_range,4-9,30
journal_3f66d54b263d36b2,The Pennsylvania State University Press,journal-article,explicit_numeric_range,40-200,19
journal_3f66d54b263d36b2,The Pennsylvania State University Press,journal-article,non_numeric_or_complex,unknown,22
journal_3ff498241f0fb6c6,Informa UK Limited,journal-article,explicit_numeric_range,1-3,683
journal_3ff498241f0fb6c6,Informa UK Limited,journal-article,explicit_numeric_range,10-19,141
journal_3ff498241f0fb6c6,Informa UK Limited,journal-article,explicit_numeric_range,20-39,83
journal_3ff498241f0fb6c6,Informa UK Limited,journal-article,explicit_numeric_range,4-9,16
journal_3ff498241f0fb6c6,Informa UK Limited,journal-article,explicit_numeric_range,40-200,1
journal_3ff498241f0fb6c6,Informa UK Limited,journal-article,missing,unknown,1
journal_3ff498241f0fb6c6,Informa UK Limited,journal-article,non_numeric_or_complex,unknown,7
journal_4037fa4fe9ea5914,Wiley,journal-article,explicit_numeric_range,1-3,686
journal_4037fa4fe9ea5914,Wiley,journal-article,explicit_numeric_range,10-19,142
journal_4037fa4fe9ea5914,Wiley,journal-article,explicit_numeric_range,20-39,395
journal_4037fa4fe9ea5914,Wiley,journal-article,explicit_numeric_range,4-9,223
journal_4037fa4fe9ea5914,Wiley,journal-article,explicit_numeric_range,40-200,15
journal_4037fa4fe9ea5914,Wiley,journal-article,missing,unknown,23
journal_4037fa4fe9ea5914,Wiley,journal-article,non_numeric_or_complex,unknown,1
journal_4037fa4fe9ea5914,Wiley,journal-issue,missing,unknown,118
journal_40dae856794b879a,Nomos Verlag,journal-article,explicit_numeric_range,1-3,74
journal_40dae856794b879a,Nomos Verlag,journal-article,explicit_numeric_range,10-19,214
journal_40dae856794b879a,Nomos Verlag,journal-article,explicit_numeric_range,20-39,161
journal_40dae856794b879a,Nomos Verlag,journal-article,explicit_numeric_range,4-9,140
journal_40dae856794b879a,Nomos Verlag,journal-article,explicit_numeric_range,40-200,2
journal_40dae856794b879a,Nomos Verlag,journal-issue,missing,unknown,41
journal_422a2a3e5b661577,Informa UK Limited,journal-article,explicit_numeric_range,1-3,330
journal_422a2a3e5b661577,Informa UK Limited,journal-article,explicit_numeric_range,10-19,436
journal_422a2a3e5b661577,Informa UK Limited,journal-article,explicit_numeric_range,20-39,329
journal_422a2a3e5b661577,Informa UK Limited,journal-article,explicit_numeric_range,4-9,351
journal_422a2a3e5b661577,Informa UK Limited,journal-article,explicit_numeric_range,40-200,69
journal_422a2a3e5b661577,Informa UK Limited,journal-article,missing,unknown,1
journal_422a2a3e5b661577,Informa UK Limited,journal-article,non_numeric_or_complex,unknown,9
journal_423100a5a865d9cb,Cambridge University Press (CUP),journal-article,explicit_numeric_range,1-3,1320
journal_423100a5a865d9cb,Cambridge University Press (CUP),journal-article,explicit_numeric_range,10-19,100
journal_423100a5a865d9cb,Cambridge University Press (CUP),journal-article,explicit_numeric_range,20-39,473
journal_423100a5a865d9cb,Cambridge University Press (CUP),journal-article,explicit_numeric_range,4-9,348
journal_423100a5a865d9cb,Cambridge University Press (CUP),journal-article,explicit_numeric_range,40-200,237
journal_423100a5a865d9cb,Cambridge University Press (CUP),journal-article,non_numeric_or_complex,unknown,349
journal_423100a5a865d9cb,Cambridge University Press (CUP),journal-article,start_only,unknown,11
journal_430c5c5a636cf950,Oxford University Press (OUP),journal-article,explicit_numeric_range,1-3,4379
journal_430c5c5a636cf950,Oxford University Press (OUP),journal-article,explicit_numeric_range,10-19,583
journal_430c5c5a636cf950,Oxford University Press (OUP),journal-article,explicit_numeric_range,20-39,701
journal_430c5c5a636cf950,Oxford University Press (OUP),journal-article,explicit_numeric_range,4-9,821
journal_430c5c5a636cf950,Oxford University Press (OUP),journal-article,explicit_numeric_range,40-200,70
journal_430c5c5a636cf950,Oxford University Press (OUP),journal-article,missing,unknown,69
journal_430c5c5a636cf950,Oxford University Press (OUP),journal-article,non_numeric_or_complex,unknown,1531
journal_430c5c5a636cf950,Oxford University Press (OUP),journal-article,range_needs_review,unknown,6
journal_430c5c5a636cf950,Oxford University Press (OUP),journal-article,reversed_range,unknown,3
journal_43b50270ea079854,Informa UK Limited,journal-article,explicit_numeric_range,1-3,15
journal_43b50270ea079854,Informa UK Limited,journal-article,explicit_numeric_range,10-19,118
journal_43b50270ea079854,Informa UK Limited,journal-article,explicit_numeric_range,20-39,189
journal_43b50270ea079854,Informa UK Limited,journal-article,explicit_numeric_range,4-9,30
journal_43b50270ea079854,Informa UK Limited,journal-article,explicit_numeric_range,40-200,2
journal_43b50270ea079854,Informa UK Limited,journal-article,missing,unknown,3
journal_43b50270ea079854,Informa UK Limited,journal-article,non_numeric_or_complex,unknown,5
journal_4455dbe3edff263b,Cambridge University Press (CUP),journal-article,explicit_numeric_range,1-3,249
journal_4455dbe3edff263b,Cambridge University Press (CUP),journal-article,explicit_numeric_range,10-19,100
journal_4455dbe3edff263b,Cambridge University Press (CUP),journal-article,explicit_numeric_range,20-39,364
journal_4455dbe3edff263b,Cambridge University Press (CUP),journal-article,explicit_numeric_range,4-9,56
journal_4455dbe3edff263b,Cambridge University Press (CUP),journal-article,non_numeric_or_complex,unknown,96
journal_4630cadaf7561ba5,Duke University Press,journal-article,explicit_numeric_range,1-3,314
journal_4630cadaf7561ba5,Duke University Press,journal-article,explicit_numeric_range,10-19,701
journal_4630cadaf7561ba5,Duke University Press,journal-article,explicit_numeric_range,20-39,546
journal_4630cadaf7561ba5,Duke University Press,journal-article,explicit_numeric_range,4-9,691
journal_4630cadaf7561ba5,Duke University Press,journal-article,explicit_numeric_range,40-200,17
journal_465233074c92587e,University of Chicago Press,journal-article,expanded_abbreviated_range,1-3,1
journal_465233074c92587e,University of Chicago Press,journal-article,explicit_numeric_range,1-3,13653
journal_465233074c92587e,University of Chicago Press,journal-article,explicit_numeric_range,10-19,675
journal_465233074c92587e,University of Chicago Press,journal-article,explicit_numeric_range,20-39,975
journal_465233074c92587e,University of Chicago Press,journal-article,explicit_numeric_range,4-9,1524
journal_465233074c92587e,University of Chicago Press,journal-article,explicit_numeric_range,40-200,189
journal_465233074c92587e,University of Chicago Press,journal-article,missing,unknown,531
journal_465233074c92587e,University of Chicago Press,journal-article,non_numeric_or_complex,unknown,180
journal_465233074c92587e,University of Chicago Press,journal-article,range_needs_review,unknown,1
journal_465233074c92587e,University of Chicago Press,journal-article,reversed_range,unknown,44
journal_465233074c92587e,University of Chicago Press,journal-article,start_only,unknown,1
journal_465233074c92587e,University of Chicago Press,journal-issue,missing,unknown,341
journal_46f60c2239c241af,Universidad de Oviedo,journal-article,explicit_numeric_range,1-3,4
journal_46f60c2239c241af,Universidad de Oviedo,journal-article,explicit_numeric_range,10-19,25
journal_46f60c2239c241af,Universidad de Oviedo,journal-article,explicit_numeric_range,20-39,112
journal_46f60c2239c241af,Universidad de Oviedo,journal-article,explicit_numeric_range,4-9,46
journal_46f60c2239c241af,Universidad de Oviedo,journal-article,explicit_numeric_range,40-200,25
journal_46f60c2239c241af,Universidad de Oviedo,journal-article,missing,unknown,7
journal_46f60c2239c241af,Universidad de Oviedo,journal-article,start_only,unknown,165
journal_46f60c2239c241af,Universidad de Oviedo,journal-issue,missing,unknown,11
journal_472e21a0b18f882a,Universidad Nacional de La Pampa,journal-article,explicit_numeric_range,1-3,19
journal_472e21a0b18f882a,Universidad Nacional de La Pampa,journal-article,explicit_numeric_range,10-19,33
journal_472e21a0b18f882a,Universidad Nacional de La Pampa,journal-article,explicit_numeric_range,20-39,161
journal_472e21a0b18f882a,Universidad Nacional de La Pampa,journal-article,explicit_numeric_range,4-9,81
journal_472e21a0b18f882a,Universidad Nacional de La Pampa,journal-article,explicit_numeric_range,40-200,1
journal_472e21a0b18f882a,Universidad Nacional de La Pampa,journal-article,missing,unknown,1
journal_48084857eb5bdc78,Uchitel Publishing House,journal-article,explicit_numeric_range,1-3,1
journal_48084857eb5bdc78,Uchitel Publishing House,journal-article,explicit_numeric_range,10-19,28
journal_48084857eb5bdc78,Uchitel Publishing House,journal-article,explicit_numeric_range,20-39,40
journal_48084857eb5bdc78,Uchitel Publishing House,journal-article,explicit_numeric_range,4-9,16
journal_48084857eb5bdc78,Uchitel Publishing House,journal-article,explicit_numeric_range,40-200,4
journal_48084857eb5bdc78,Uchitel Publishing House,journal-article,missing,unknown,82
journal_48084857eb5bdc78,Uchitel Publishing House,journal-issue,missing,unknown,17
journal_48176cf0ef384b8d,Walter de Gruyter GmbH,journal-article,explicit_numeric_range,1-3,99
journal_48176cf0ef384b8d,Walter de Gruyter GmbH,journal-article,explicit_numeric_range,10-19,7
journal_48176cf0ef384b8d,Walter de Gruyter GmbH,journal-article,explicit_numeric_range,20-39,52
journal_48176cf0ef384b8d,Walter de Gruyter GmbH,journal-article,explicit_numeric_range,4-9,24
journal_48176cf0ef384b8d,Walter de Gruyter GmbH,journal-article,explicit_numeric_range,40-200,19
journal_48176cf0ef384b8d,Walter de Gruyter GmbH,journal-article,non_numeric_or_complex,unknown,3
journal_48176cf0ef384b8d,Walter de Gruyter GmbH,journal-article,start_only,unknown,2
journal_483c5dbb9cc38f4f,JSTOR,journal-article,missing,unknown,1
journal_483c5dbb9cc38f4f,JSTOR,journal-article,start_only,unknown,666
journal_4a594fa2503f3313,JSTOR,journal-article,start_only,unknown,31
journal_4ab29e2dc4c42863,SAGE Publications,journal-article,explicit_numeric_range,1-3,35
journal_4ab29e2dc4c42863,SAGE Publications,journal-article,explicit_numeric_range,10-19,99
journal_4ab29e2dc4c42863,SAGE Publications,journal-article,explicit_numeric_range,20-39,49
journal_4ab29e2dc4c42863,SAGE Publications,journal-article,explicit_numeric_range,4-9,69
journal_4cb3ce45f1001168,Liverpool University Press,journal-article,explicit_numeric_range,1-3,414
journal_4cb3ce45f1001168,Liverpool University Press,journal-article,explicit_numeric_range,10-19,130
journal_4cb3ce45f1001168,Liverpool University Press,journal-article,explicit_numeric_range,20-39,548
journal_4cb3ce45f1001168,Liverpool University Press,journal-article,explicit_numeric_range,4-9,141
journal_4cb3ce45f1001168,Liverpool University Press,journal-article,explicit_numeric_range,40-200,48
journal_4cb3ce45f1001168,Liverpool University Press,journal-article,missing,unknown,163
journal_4cb3ce45f1001168,Liverpool University Press,journal-article,non_numeric_or_complex,unknown,2
journal_4d7fa7f3dd0dba0e,Duke University Press,journal-article,explicit_numeric_range,1-3,1166
journal_4d7fa7f3dd0dba0e,Duke University Press,journal-article,explicit_numeric_range,10-19,150
journal_4d7fa7f3dd0dba0e,Duke University Press,journal-article,explicit_numeric_range,20-39,424
journal_4d7fa7f3dd0dba0e,Duke University Press,journal-article,explicit_numeric_range,4-9,143
journal_4d7fa7f3dd0dba0e,Duke University Press,journal-article,explicit_numeric_range,40-200,16
journal_4d7fa7f3dd0dba0e,Duke University Press,journal-article,missing,unknown,31
journal_4d7fa7f3dd0dba0e,Duke University Press,journal-article,non_numeric_or_complex,unknown,8
journal_4d7fa7f3dd0dba0e,Duke University Press,journal-article,range_needs_review,unknown,2
journal_4d7fa7f3dd0dba0e,Duke University Press,journal-article,start_only,unknown,613
journal_4d7fa7f3dd0dba0e,Duke University Press,journal-issue,missing,unknown,3
journal_4d911409059178f9,Liverpool University Press,journal-article,explicit_numeric_range,1-3,434
journal_4d911409059178f9,Liverpool University Press,journal-article,explicit_numeric_range,10-19,355
journal_4d911409059178f9,Liverpool University Press,journal-article,explicit_numeric_range,20-39,328
journal_4d911409059178f9,Liverpool University Press,journal-article,explicit_numeric_range,4-9,307
journal_4d911409059178f9,Liverpool University Press,journal-article,explicit_numeric_range,40-200,28
journal_4d911409059178f9,Liverpool University Press,journal-article,missing,unknown,3
journal_4d911409059178f9,Liverpool University Press,journal-article,start_only,unknown,1
journal_4d911409059178f9,Liverpool University Press,journal-issue,missing,unknown,6
journal_4e8ff5bd7ff87fe6,Walter de Gruyter GmbH,journal-article,explicit_numeric_range,1-3,21
journal_4e8ff5bd7ff87fe6,Walter de Gruyter GmbH,journal-article,explicit_numeric_range,10-19,16
journal_4e8ff5bd7ff87fe6,Walter de Gruyter GmbH,journal-article,explicit_numeric_range,20-39,32
journal_4e8ff5bd7ff87fe6,Walter de Gruyter GmbH,journal-article,explicit_numeric_range,4-9,2
journal_4e8ff5bd7ff87fe6,Walter de Gruyter GmbH,journal-article,explicit_numeric_range,40-200,1
journal_4e8ff5bd7ff87fe6,Walter de Gruyter GmbH,journal-article,non_numeric_or_complex,unknown,1
journal_4e8ff5bd7ff87fe6,Walter de Gruyter GmbH,journal-article,start_only,unknown,6
journal_4f86aafee1743ee1,Editorial CSIC,journal-article,non_numeric_or_complex,unknown,246
journal_4f86aafee1743ee1,Editorial CSIC,journal-article,start_only,unknown,59
journal_4f86aafee1743ee1,Editorial CSIC,journal-issue,missing,unknown,29
journal_50571d41b70f9a9f,Wiley,journal-article,explicit_numeric_range,1-3,1305
journal_50571d41b70f9a9f,Wiley,journal-article,explicit_numeric_range,10-19,505
journal_50571d41b70f9a9f,Wiley,journal-article,explicit_numeric_range,20-39,200
journal_50571d41b70f9a9f,Wiley,journal-article,explicit_numeric_range,4-9,322
journal_50571d41b70f9a9f,Wiley,journal-article,explicit_numeric_range,40-200,13
journal_50571d41b70f9a9f,Wiley,journal-article,missing,unknown,90
journal_50571d41b70f9a9f,Wiley,journal-article,non_numeric_or_complex,unknown,5
journal_50571d41b70f9a9f,Wiley,journal-article,reversed_range,unknown,1
journal_50571d41b70f9a9f,Wiley,journal-article,start_only,unknown,12
journal_50571d41b70f9a9f,Wiley,journal-issue,missing,unknown,165
journal_513aa84d8ec855f3,Emerald,journal-article,explicit_numeric_range,1-3,9
journal_513aa84d8ec855f3,Emerald,journal-article,explicit_numeric_range,10-19,33
journal_513aa84d8ec855f3,Emerald,journal-article,explicit_numeric_range,20-39,60
journal_513aa84d8ec855f3,Emerald,journal-article,explicit_numeric_range,4-9,11
journal_513aa84d8ec855f3,Emerald,journal-article,explicit_numeric_range,40-200,4
journal_513aa84d8ec855f3,Emerald,journal-article,missing,unknown,13
journal_52d81008d00a13c6,Liverpool University Press,journal-article,explicit_numeric_range,1-3,83
journal_52d81008d00a13c6,Liverpool University Press,journal-article,explicit_numeric_range,10-19,23
journal_52d81008d00a13c6,Liverpool University Press,journal-article,explicit_numeric_range,20-39,115
journal_52d81008d00a13c6,Liverpool University Press,journal-article,explicit_numeric_range,4-9,28
journal_52d81008d00a13c6,Liverpool University Press,journal-article,explicit_numeric_range,40-200,1
journal_52d81008d00a13c6,Liverpool University Press,journal-article,missing,unknown,18
journal_52d81008d00a13c6,Liverpool University Press,journal-article,non_numeric_or_complex,unknown,42
journal_52d81008d00a13c6,Liverpool University Press,journal-article,start_only,unknown,2743
journal_52d81008d00a13c6,Liverpool University Press,journal-issue,missing,unknown,8
journal_53d0ad654c4a87ff,University of Chicago Press,journal-article,explicit_numeric_range,1-3,11
journal_53d0ad654c4a87ff,University of Chicago Press,journal-article,explicit_numeric_range,10-19,46
journal_53d0ad654c4a87ff,University of Chicago Press,journal-article,explicit_numeric_range,20-39,204
journal_53d0ad654c4a87ff,University of Chicago Press,journal-article,explicit_numeric_range,4-9,48
journal_53d0ad654c4a87ff,University of Chicago Press,journal-article,explicit_numeric_range,40-200,49
journal_53d0ad654c4a87ff,University of Chicago Press,journal-article,missing,unknown,46
journal_53d0ad654c4a87ff,University of Chicago Press,journal-article,range_needs_review,unknown,1
journal_54275c61f233de7b,Universidad Complutense de Madrid (UCM),journal-article,explicit_numeric_range,1-3,82
journal_54275c61f233de7b,Universidad Complutense de Madrid (UCM),journal-article,explicit_numeric_range,10-19,35
journal_54275c61f233de7b,Universidad Complutense de Madrid (UCM),journal-article,explicit_numeric_range,20-39,148
journal_54275c61f233de7b,Universidad Complutense de Madrid (UCM),journal-article,explicit_numeric_range,4-9,91
journal_54275c61f233de7b,Universidad Complutense de Madrid (UCM),journal-article,missing,unknown,26
journal_54275c61f233de7b,Universidad Complutense de Madrid (UCM),journal-article,reversed_range,unknown,1
journal_54275c61f233de7b,Universidad Complutense de Madrid (UCM),journal-article,start_only,unknown,1
journal_55b2862e091c93c6,Cambridge University Press (CUP),journal-article,explicit_numeric_range,1-3,76
journal_55b2862e091c93c6,Cambridge University Press (CUP),journal-article,explicit_numeric_range,10-19,376
journal_55b2862e091c93c6,Cambridge University Press (CUP),journal-article,explicit_numeric_range,20-39,420
journal_55b2862e091c93c6,Cambridge University Press (CUP),journal-article,explicit_numeric_range,4-9,231
journal_55b2862e091c93c6,Cambridge University Press (CUP),journal-article,explicit_numeric_range,40-200,58
journal_55b2862e091c93c6,Cambridge University Press (CUP),journal-article,non_numeric_or_complex,unknown,102
journal_55b2862e091c93c6,Cambridge University Press (CUP),journal-article,start_only,unknown,4
journal_5616638fc5b421be,JSTOR,journal-article,explicit_numeric_range,1-3,2
journal_5616638fc5b421be,JSTOR,journal-article,explicit_numeric_range,10-19,1
journal_5616638fc5b421be,JSTOR,journal-article,explicit_numeric_range,4-9,2
journal_5616638fc5b421be,JSTOR,journal-article,missing,unknown,44
journal_5616638fc5b421be,JSTOR,journal-article,start_only,unknown,16
journal_5616638fc5b421be,Oxford University Press (OUP),journal-article,explicit_numeric_range,1-3,2367
journal_5616638fc5b421be,Oxford University Press (OUP),journal-article,explicit_numeric_range,10-19,188
journal_5616638fc5b421be,Oxford University Press (OUP),journal-article,explicit_numeric_range,20-39,210
journal_5616638fc5b421be,Oxford University Press (OUP),journal-article,explicit_numeric_range,4-9,351
journal_5616638fc5b421be,Oxford University Press (OUP),journal-article,explicit_numeric_range,40-200,1
journal_5616638fc5b421be,Oxford University Press (OUP),journal-article,missing,unknown,72
journal_5616638fc5b421be,Oxford University Press (OUP),journal-article,non_numeric_or_complex,unknown,149
journal_5616638fc5b421be,Oxford University Press (OUP),journal-article,range_needs_review,unknown,1
journal_5616638fc5b421be,Oxford University Press (OUP),journal-article,start_only,unknown,5063
journal_567d4902fd507274,Human Kinetics,journal-article,explicit_numeric_range,1-3,134
journal_567d4902fd507274,Human Kinetics,journal-article,explicit_numeric_range,10-19,158
journal_567d4902fd507274,Human Kinetics,journal-article,explicit_numeric_range,20-39,146
journal_567d4902fd507274,Human Kinetics,journal-article,explicit_numeric_range,4-9,58
journal_567d4902fd507274,Human Kinetics,journal-article,non_numeric_or_complex,unknown,3
journal_567d4902fd507274,Human Kinetics,journal-article,start_only,unknown,6
journal_57a3505b8688a2ce,JSTOR,journal-article,missing,unknown,1
journal_57a3505b8688a2ce,University of Chicago Press,journal-article,explicit_numeric_range,1-3,276
journal_57a3505b8688a2ce,University of Chicago Press,journal-article,explicit_numeric_range,10-19,43
journal_57a3505b8688a2ce,University of Chicago Press,journal-article,explicit_numeric_range,20-39,53
journal_57a3505b8688a2ce,University of Chicago Press,journal-article,explicit_numeric_range,4-9,37
journal_57a3505b8688a2ce,University of Chicago Press,journal-article,non_numeric_or_complex,unknown,1
journal_5821106d7b9088f4,Walter de Gruyter GmbH,journal-article,explicit_numeric_range,1-3,232
journal_5821106d7b9088f4,Walter de Gruyter GmbH,journal-article,explicit_numeric_range,10-19,75
journal_5821106d7b9088f4,Walter de Gruyter GmbH,journal-article,explicit_numeric_range,20-39,308
journal_5821106d7b9088f4,Walter de Gruyter GmbH,journal-article,explicit_numeric_range,4-9,124
journal_5821106d7b9088f4,Walter de Gruyter GmbH,journal-article,explicit_numeric_range,40-200,14
journal_5821106d7b9088f4,Walter de Gruyter GmbH,journal-article,non_numeric_or_complex,unknown,11
journal_5821106d7b9088f4,Walter de Gruyter GmbH,journal-article,start_only,unknown,24
journal_5a828d39d05d6fb8,JSTOR,journal-article,explicit_numeric_range,1-3,63
journal_5a828d39d05d6fb8,JSTOR,journal-article,explicit_numeric_range,10-19,18
journal_5a828d39d05d6fb8,JSTOR,journal-article,explicit_numeric_range,20-39,51
journal_5a828d39d05d6fb8,JSTOR,journal-article,explicit_numeric_range,4-9,59
journal_5a828d39d05d6fb8,JSTOR,journal-article,explicit_numeric_range,40-200,8
journal_5a828d39d05d6fb8,The Pennsylvania State University Press,journal-article,explicit_numeric_range,1-3,257
journal_5a828d39d05d6fb8,The Pennsylvania State University Press,journal-article,explicit_numeric_range,10-19,116
journal_5a828d39d05d6fb8,The Pennsylvania State University Press,journal-article,explicit_numeric_range,20-39,183
journal_5a828d39d05d6fb8,The Pennsylvania State University Press,journal-article,explicit_numeric_range,4-9,325
journal_5a828d39d05d6fb8,The Pennsylvania State University Press,journal-article,explicit_numeric_range,40-200,24
journal_5a828d39d05d6fb8,The Pennsylvania State University Press,journal-article,non_numeric_or_complex,unknown,51
journal_5a828d39d05d6fb8,The Pennsylvania State University Press,journal-article,reversed_range,unknown,1
journal_5a828d39d05d6fb8,The Pennsylvania State University Press,journal-article,start_only,unknown,26
journal_5b3d779e522e957e,JSTOR,journal-article,start_only,unknown,2132
journal_5b5389388885c1fc,Editorial CSIC,journal-article,explicit_numeric_range,1-3,39
journal_5b5389388885c1fc,Editorial CSIC,journal-article,explicit_numeric_range,10-19,409
journal_5b5389388885c1fc,Editorial CSIC,journal-article,explicit_numeric_range,20-39,343
journal_5b5389388885c1fc,Editorial CSIC,journal-article,explicit_numeric_range,4-9,64
journal_5b5389388885c1fc,Editorial CSIC,journal-article,explicit_numeric_range,40-200,92
journal_5b5389388885c1fc,Editorial CSIC,journal-article,missing,unknown,9
journal_5b5389388885c1fc,Editorial CSIC,journal-article,start_only,unknown,117
journal_5b5389388885c1fc,Editorial CSIC,journal-issue,missing,unknown,67
journal_5de8246e0b40b7e2,Informa UK Limited,journal-article,explicit_numeric_range,1-3,472
journal_5de8246e0b40b7e2,Informa UK Limited,journal-article,explicit_numeric_range,10-19,834
journal_5de8246e0b40b7e2,Informa UK Limited,journal-article,explicit_numeric_range,20-39,849
journal_5de8246e0b40b7e2,Informa UK Limited,journal-article,explicit_numeric_range,4-9,382
journal_5de8246e0b40b7e2,Informa UK Limited,journal-article,explicit_numeric_range,40-200,76
journal_5de8246e0b40b7e2,Informa UK Limited,journal-article,non_numeric_or_complex,unknown,91
journal_5de8246e0b40b7e2,Informa UK Limited,journal-article,range_needs_review,unknown,2
journal_5e0a17306de38521,Peeters Publishers,journal-article,explicit_numeric_range,1-3,3
journal_5e0a17306de38521,Peeters Publishers,journal-article,explicit_numeric_range,10-19,123
journal_5e0a17306de38521,Peeters Publishers,journal-article,explicit_numeric_range,20-39,120
journal_5e0a17306de38521,Peeters Publishers,journal-article,explicit_numeric_range,4-9,29
journal_5e0a17306de38521,Peeters Publishers,journal-article,explicit_numeric_range,40-200,29
journal_5e2c4b4321a8e81d,Walter de Gruyter GmbH,journal-article,explicit_numeric_range,1-3,10
journal_5e2c4b4321a8e81d,Walter de Gruyter GmbH,journal-article,explicit_numeric_range,10-19,18
journal_5e2c4b4321a8e81d,Walter de Gruyter GmbH,journal-article,explicit_numeric_range,20-39,170
journal_5e2c4b4321a8e81d,Walter de Gruyter GmbH,journal-article,explicit_numeric_range,4-9,6
journal_5e2c4b4321a8e81d,Walter de Gruyter GmbH,journal-article,explicit_numeric_range,40-200,1
journal_5e2c4b4321a8e81d,Walter de Gruyter GmbH,journal-article,non_numeric_or_complex,unknown,4
journal_607f3bb0a5c3ec5c,Informa UK Limited,journal-article,explicit_numeric_range,1-3,216
journal_607f3bb0a5c3ec5c,Informa UK Limited,journal-article,explicit_numeric_range,10-19,388
journal_607f3bb0a5c3ec5c,Informa UK Limited,journal-article,explicit_numeric_range,20-39,652
journal_607f3bb0a5c3ec5c,Informa UK Limited,journal-article,explicit_numeric_range,4-9,155
journal_607f3bb0a5c3ec5c,Informa UK Limited,journal-article,explicit_numeric_range,40-200,6
journal_607f3bb0a5c3ec5c,Informa UK Limited,journal-article,missing,unknown,1
journal_607f3bb0a5c3ec5c,Informa UK Limited,journal-article,non_numeric_or_complex,unknown,40
journal_60c629672bd0f92f,Universitatea Stefan cel Mare din Suceava,journal-article,explicit_numeric_range,1-3,1
journal_60c629672bd0f92f,Universitatea Stefan cel Mare din Suceava,journal-article,explicit_numeric_range,10-19,36
journal_60c629672bd0f92f,Universitatea Stefan cel Mare din Suceava,journal-article,explicit_numeric_range,20-39,106
journal_60c629672bd0f92f,Universitatea Stefan cel Mare din Suceava,journal-article,explicit_numeric_range,4-9,12
journal_60c629672bd0f92f,Universitatea Stefan cel Mare din Suceava,journal-issue,missing,unknown,14
journal_647183c1e131cf7a,Cambridge University Press (CUP),journal-article,explicit_numeric_range,1-3,815
journal_647183c1e131cf7a,Cambridge University Press (CUP),journal-article,explicit_numeric_range,10-19,391
journal_647183c1e131cf7a,Cambridge University Press (CUP),journal-article,explicit_numeric_range,20-39,1429
journal_647183c1e131cf7a,Cambridge University Press (CUP),journal-article,explicit_numeric_range,4-9,352
journal_647183c1e131cf7a,Cambridge University Press (CUP),journal-article,explicit_numeric_range,40-200,48
journal_647183c1e131cf7a,Cambridge University Press (CUP),journal-article,missing,unknown,40
journal_647183c1e131cf7a,Cambridge University Press (CUP),journal-article,non_numeric_or_complex,unknown,423
journal_647183c1e131cf7a,Cambridge University Press (CUP),journal-article,start_only,unknown,1
journal_64cf927ba34d3582,Cambridge University Press (CUP),journal-article,explicit_numeric_range,1-3,2518
journal_64cf927ba34d3582,Cambridge University Press (CUP),journal-article,explicit_numeric_range,10-19,271
journal_64cf927ba34d3582,Cambridge University Press (CUP),journal-article,explicit_numeric_range,20-39,675
journal_64cf927ba34d3582,Cambridge University Press (CUP),journal-article,explicit_numeric_range,4-9,659
journal_64cf927ba34d3582,Cambridge University Press (CUP),journal-article,explicit_numeric_range,40-200,46
journal_64cf927ba34d3582,Cambridge University Press (CUP),journal-article,non_numeric_or_complex,unknown,410
journal_64cf927ba34d3582,Cambridge University Press (CUP),journal-article,start_only,unknown,1
journal_64eed992b3141a9f,Zwingliana,journal-article,explicit_numeric_range,1-3,909
journal_64eed992b3141a9f,Zwingliana,journal-article,explicit_numeric_range,10-19,305
journal_64eed992b3141a9f,Zwingliana,journal-article,explicit_numeric_range,20-39,270
journal_64eed992b3141a9f,Zwingliana,journal-article,explicit_numeric_range,4-9,579
journal_64eed992b3141a9f,Zwingliana,journal-article,explicit_numeric_range,40-200,60
journal_64eed992b3141a9f,Zwingliana,journal-article,missing,unknown,2
journal_64eed992b3141a9f,Zwingliana,journal-article,non_numeric_or_complex,unknown,13
journal_64eed992b3141a9f,Zwingliana,journal-article,start_only,unknown,276
journal_65dd21715536a35f,Cambridge University Press (CUP),journal-article,explicit_numeric_range,1-3,9975
journal_65dd21715536a35f,Cambridge University Press (CUP),journal-article,explicit_numeric_range,10-19,1232
journal_65dd21715536a35f,Cambridge University Press (CUP),journal-article,explicit_numeric_range,20-39,1526
journal_65dd21715536a35f,Cambridge University Press (CUP),journal-article,explicit_numeric_range,4-9,3052
journal_65dd21715536a35f,Cambridge University Press (CUP),journal-article,explicit_numeric_range,40-200,105
journal_65dd21715536a35f,Cambridge University Press (CUP),journal-article,non_numeric_or_complex,unknown,1484
journal_65dd21715536a35f,Cambridge University Press (CUP),journal-article,range_needs_review,unknown,1
journal_65dd21715536a35f,Cambridge University Press (CUP),journal-article,reversed_range,unknown,1
journal_65dd21715536a35f,Cambridge University Press (CUP),journal-article,start_only,unknown,2
journal_65dd21715536a35f,PERSEE Program,journal-article,explicit_numeric_range,1-3,1
journal_65dd21715536a35f,PERSEE Program,journal-article,explicit_numeric_range,20-39,1
journal_65dd21715536a35f,PERSEE Program,journal-article,explicit_numeric_range,4-9,1
journal_65dd21715536a35f,Project MUSE,journal-article,explicit_numeric_range,1-3,438
journal_65dd21715536a35f,Project MUSE,journal-article,explicit_numeric_range,10-19,26
journal_65dd21715536a35f,Project MUSE,journal-article,explicit_numeric_range,20-39,49
journal_65dd21715536a35f,Project MUSE,journal-article,explicit_numeric_range,4-9,91
journal_65dd21715536a35f,Project MUSE,journal-article,explicit_numeric_range,40-200,4
journal_65dd21715536a35f,Project MUSE,journal-article,non_numeric_or_complex,unknown,20
journal_65dd21715536a35f,Project MUSE,journal-article,start_only,unknown,1
journal_65e984143e40bede,National Documentation Centre (EKT),journal-article,missing,unknown,169
journal_65e984143e40bede,National Documentation Centre (EKT),journal-article,start_only,unknown,271
journal_691748060487dd52,Australian Early Medieval Association,journal-article,explicit_numeric_range,1-3,31
journal_691748060487dd52,Australian Early Medieval Association,journal-article,explicit_numeric_range,10-19,21
journal_691748060487dd52,Australian Early Medieval Association,journal-article,explicit_numeric_range,20-39,45
journal_691748060487dd52,Australian Early Medieval Association,journal-article,explicit_numeric_range,4-9,1
journal_691748060487dd52,Australian Early Medieval Association,journal-article,explicit_numeric_range,40-200,1
journal_691748060487dd52,Australian Early Medieval Association,journal-article,missing,unknown,5
journal_691748060487dd52,Australian Early Medieval Association,journal-article,start_only,unknown,4
journal_691748060487dd52,Australian Early Medieval Association,journal-issue,missing,unknown,16
journal_69b32aaa614295f7,Informa UK Limited,journal-article,explicit_numeric_range,1-3,3290
journal_69b32aaa614295f7,Informa UK Limited,journal-article,explicit_numeric_range,10-19,667
journal_69b32aaa614295f7,Informa UK Limited,journal-article,explicit_numeric_range,20-39,1255
journal_69b32aaa614295f7,Informa UK Limited,journal-article,explicit_numeric_range,4-9,188
journal_69b32aaa614295f7,Informa UK Limited,journal-article,explicit_numeric_range,40-200,24
journal_69b32aaa614295f7,Informa UK Limited,journal-article,non_numeric_or_complex,unknown,30
journal_6c1110e1ca9a1ad1,Walter de Gruyter GmbH,journal-article,explicit_numeric_range,1-3,197
journal_6c1110e1ca9a1ad1,Walter de Gruyter GmbH,journal-article,explicit_numeric_range,10-19,606
journal_6c1110e1ca9a1ad1,Walter de Gruyter GmbH,journal-article,explicit_numeric_range,20-39,528
journal_6c1110e1ca9a1ad1,Walter de Gruyter GmbH,journal-article,explicit_numeric_range,4-9,199
journal_6c1110e1ca9a1ad1,Walter de Gruyter GmbH,journal-article,explicit_numeric_range,40-200,98
journal_6c1110e1ca9a1ad1,Walter de Gruyter GmbH,journal-article,missing,unknown,8
journal_6c1110e1ca9a1ad1,Walter de Gruyter GmbH,journal-article,non_numeric_or_complex,unknown,131
journal_6c1110e1ca9a1ad1,Walter de Gruyter GmbH,journal-issue,missing,unknown,11
journal_6d9388bf4f2e1a99,Oxford University Press (OUP),journal-article,explicit_numeric_range,1-3,2855
journal_6d9388bf4f2e1a99,Oxford University Press (OUP),journal-article,explicit_numeric_range,10-19,439
journal_6d9388bf4f2e1a99,Oxford University Press (OUP),journal-article,explicit_numeric_range,20-39,624
journal_6d9388bf4f2e1a99,Oxford University Press (OUP),journal-article,explicit_numeric_range,4-9,115
journal_6d9388bf4f2e1a99,Oxford University Press (OUP),journal-article,explicit_numeric_range,40-200,5
journal_6d9388bf4f2e1a99,Oxford University Press (OUP),journal-article,missing,unknown,146
journal_6d9388bf4f2e1a99,Oxford University Press (OUP),journal-article,non_numeric_or_complex,unknown,168
journal_6d9388bf4f2e1a99,Oxford University Press (OUP),journal-article,range_needs_review,unknown,1
journal_6e5b6b13fb51ee4f,Informa UK Limited,journal-article,explicit_numeric_range,1-3,112
journal_6e5b6b13fb51ee4f,Informa UK Limited,journal-article,explicit_numeric_range,10-19,306
journal_6e5b6b13fb51ee4f,Informa UK Limited,journal-article,explicit_numeric_range,20-39,194
journal_6e5b6b13fb51ee4f,Informa UK Limited,journal-article,explicit_numeric_range,4-9,81
journal_6e5b6b13fb51ee4f,Informa UK Limited,journal-article,explicit_numeric_range,40-200,3
journal_6e5b6b13fb51ee4f,Informa UK Limited,journal-article,non_numeric_or_complex,unknown,54
journal_6fcb20cb67be1401,Informa UK Limited,journal-article,explicit_numeric_range,1-3,29
journal_6fcb20cb67be1401,Informa UK Limited,journal-article,explicit_numeric_range,10-19,418
journal_6fcb20cb67be1401,Informa UK Limited,journal-article,explicit_numeric_range,20-39,495
journal_6fcb20cb67be1401,Informa UK Limited,journal-article,explicit_numeric_range,4-9,87
journal_6fcb20cb67be1401,Informa UK Limited,journal-article,explicit_numeric_range,40-200,27
journal_6fcb20cb67be1401,Informa UK Limited,journal-article,non_numeric_or_complex,unknown,34
journal_70e76363b3fe29d9,CAIRN,journal-article,explicit_numeric_range,1-3,112
journal_70e76363b3fe29d9,CAIRN,journal-article,explicit_numeric_range,10-19,529
journal_70e76363b3fe29d9,CAIRN,journal-article,explicit_numeric_range,20-39,179
journal_70e76363b3fe29d9,CAIRN,journal-article,explicit_numeric_range,4-9,152
journal_70e76363b3fe29d9,CAIRN,journal-article,range_needs_review,unknown,1
journal_70e76363b3fe29d9,CAIRN.INFO,journal-article,explicit_numeric_range,1-3,34
journal_70e76363b3fe29d9,CAIRN.INFO,journal-article,explicit_numeric_range,10-19,57
journal_70e76363b3fe29d9,CAIRN.INFO,journal-article,explicit_numeric_range,20-39,24
journal_70e76363b3fe29d9,CAIRN.INFO,journal-article,explicit_numeric_range,4-9,18
journal_70e76363b3fe29d9,CAIRN.INFO,journal-article,non_numeric_or_complex,unknown,216
journal_714fc18dceabbefd,CAIRN,journal-article,expanded_abbreviated_range,4-9,4
journal_714fc18dceabbefd,CAIRN,journal-article,explicit_numeric_range,1-3,198
journal_714fc18dceabbefd,CAIRN,journal-article,explicit_numeric_range,10-19,112
journal_714fc18dceabbefd,CAIRN,journal-article,explicit_numeric_range,20-39,500
journal_714fc18dceabbefd,CAIRN,journal-article,explicit_numeric_range,4-9,87
journal_714fc18dceabbefd,CAIRN,journal-article,explicit_numeric_range,40-200,159
journal_714fc18dceabbefd,CAIRN,journal-article,non_numeric_or_complex,unknown,4
journal_714fc18dceabbefd,CAIRN,journal-article,reversed_range,unknown,1
journal_714fc18dceabbefd,CAIRN,journal-article,start_only,unknown,12
journal_714fc18dceabbefd,CAIRN.INFO,journal-article,explicit_numeric_range,1-3,50
journal_714fc18dceabbefd,CAIRN.INFO,journal-article,explicit_numeric_range,10-19,6
journal_714fc18dceabbefd,CAIRN.INFO,journal-article,explicit_numeric_range,20-39,42
journal_714fc18dceabbefd,CAIRN.INFO,journal-article,explicit_numeric_range,4-9,20
journal_714fc18dceabbefd,CAIRN.INFO,journal-article,explicit_numeric_range,40-200,6
journal_714fc18dceabbefd,CAIRN.INFO,journal-article,non_numeric_or_complex,unknown,2780
journal_7179bd45aeb8209a,Universitat Autonoma de Barcelona,journal-article,explicit_numeric_range,10-19,31
journal_7179bd45aeb8209a,Universitat Autonoma de Barcelona,journal-article,explicit_numeric_range,20-39,37
journal_7179bd45aeb8209a,Universitat Autonoma de Barcelona,journal-article,explicit_numeric_range,4-9,2
journal_7179bd45aeb8209a,Universitat Autonoma de Barcelona,journal-article,explicit_numeric_range,40-200,1
journal_7179bd45aeb8209a,Universitat Autonoma de Barcelona,journal-article,start_only,unknown,277
journal_7179bd45aeb8209a,Universitat Autonoma de Barcelona,journal-issue,missing,unknown,5
journal_71accc8bf8209681,Walter de Gruyter GmbH,journal-article,explicit_numeric_range,1-3,100
journal_71accc8bf8209681,Walter de Gruyter GmbH,journal-article,explicit_numeric_range,10-19,137
journal_71accc8bf8209681,Walter de Gruyter GmbH,journal-article,explicit_numeric_range,20-39,311
journal_71accc8bf8209681,Walter de Gruyter GmbH,journal-article,explicit_numeric_range,4-9,142
journal_71accc8bf8209681,Walter de Gruyter GmbH,journal-article,explicit_numeric_range,40-200,62
journal_71accc8bf8209681,Walter de Gruyter GmbH,journal-article,non_numeric_or_complex,unknown,10
journal_71accc8bf8209681,Walter de Gruyter GmbH,journal-article,start_only,unknown,14
journal_72c9ee8b2d7bcf0f,Universidad Complutense de Madrid (UCM),journal-article,explicit_numeric_range,1-3,83
journal_72c9ee8b2d7bcf0f,Universidad Complutense de Madrid (UCM),journal-article,explicit_numeric_range,10-19,110
journal_72c9ee8b2d7bcf0f,Universidad Complutense de Madrid (UCM),journal-article,explicit_numeric_range,20-39,38
journal_72c9ee8b2d7bcf0f,Universidad Complutense de Madrid (UCM),journal-article,explicit_numeric_range,4-9,33
journal_72c9ee8b2d7bcf0f,Universidad Complutense de Madrid (UCM),journal-article,explicit_numeric_range,40-200,1
journal_72c9ee8b2d7bcf0f,Universidad Complutense de Madrid (UCM),journal-article,missing,unknown,2
journal_72c9ee8b2d7bcf0f,Universidad Complutense de Madrid (UCM),journal-article,non_numeric_or_complex,unknown,38
journal_72c9ee8b2d7bcf0f,Universidad Complutense de Madrid (UCM),journal-article,start_only,unknown,3
journal_73cfe4dd8669d4b5,Informa UK Limited,journal-article,explicit_numeric_range,1-3,206
journal_73cfe4dd8669d4b5,Informa UK Limited,journal-article,explicit_numeric_range,10-19,353
journal_73cfe4dd8669d4b5,Informa UK Limited,journal-article,explicit_numeric_range,20-39,392
journal_73cfe4dd8669d4b5,Informa UK Limited,journal-article,explicit_numeric_range,4-9,261
journal_73cfe4dd8669d4b5,Informa UK Limited,journal-article,explicit_numeric_range,40-200,8
journal_73cfe4dd8669d4b5,Informa UK Limited,journal-article,missing,unknown,4
journal_73cfe4dd8669d4b5,Informa UK Limited,journal-article,non_numeric_or_complex,unknown,14
journal_757056d67864f4e8,Informa UK Limited,journal-article,explicit_numeric_range,1-3,124
journal_757056d67864f4e8,Informa UK Limited,journal-article,explicit_numeric_range,10-19,224
journal_757056d67864f4e8,Informa UK Limited,journal-article,explicit_numeric_range,20-39,58
journal_757056d67864f4e8,Informa UK Limited,journal-article,explicit_numeric_range,4-9,64
journal_759510c0ed4a2f0e,Walter de Gruyter GmbH,journal-article,explicit_numeric_range,1-3,58
journal_759510c0ed4a2f0e,Walter de Gruyter GmbH,journal-article,explicit_numeric_range,10-19,40
journal_759510c0ed4a2f0e,Walter de Gruyter GmbH,journal-article,explicit_numeric_range,20-39,142
journal_759510c0ed4a2f0e,Walter de Gruyter GmbH,journal-article,explicit_numeric_range,4-9,87
journal_759510c0ed4a2f0e,Walter de Gruyter GmbH,journal-article,explicit_numeric_range,40-200,1
journal_759510c0ed4a2f0e,Walter de Gruyter GmbH,journal-article,non_numeric_or_complex,unknown,6
journal_759510c0ed4a2f0e,Walter de Gruyter GmbH,journal-issue,missing,unknown,25
journal_75c6a08ade7751b8,Informa UK Limited,journal-article,explicit_numeric_range,1-3,138
journal_75c6a08ade7751b8,Informa UK Limited,journal-article,explicit_numeric_range,10-19,114
journal_75c6a08ade7751b8,Informa UK Limited,journal-article,explicit_numeric_range,20-39,55
journal_75c6a08ade7751b8,Informa UK Limited,journal-article,explicit_numeric_range,4-9,32
journal_75c6a08ade7751b8,Informa UK Limited,journal-article,explicit_numeric_range,40-200,3
journal_75c6a08ade7751b8,Informa UK Limited,journal-article,non_numeric_or_complex,unknown,6
journal_7632f05d8be4b918,University of Chicago Press,journal-article,explicit_numeric_range,1-3,258
journal_7632f05d8be4b918,University of Chicago Press,journal-article,explicit_numeric_range,10-19,54
journal_7632f05d8be4b918,University of Chicago Press,journal-article,explicit_numeric_range,20-39,124
journal_7632f05d8be4b918,University of Chicago Press,journal-article,explicit_numeric_range,4-9,93
journal_7632f05d8be4b918,University of Chicago Press,journal-article,explicit_numeric_range,40-200,6
journal_7632f05d8be4b918,University of Chicago Press,journal-article,missing,unknown,23
journal_7632f05d8be4b918,University of Chicago Press,journal-article,range_needs_review,unknown,2
journal_77695299ceedc9b2,Project MUSE,journal-article,explicit_numeric_range,1-3,580
journal_77695299ceedc9b2,Project MUSE,journal-article,explicit_numeric_range,10-19,79
journal_77695299ceedc9b2,Project MUSE,journal-article,explicit_numeric_range,20-39,414
journal_77695299ceedc9b2,Project MUSE,journal-article,explicit_numeric_range,4-9,668
journal_77695299ceedc9b2,Project MUSE,journal-article,explicit_numeric_range,40-200,46
journal_77695299ceedc9b2,Project MUSE,journal-article,missing,unknown,28
journal_77695299ceedc9b2,Project MUSE,journal-article,non_numeric_or_complex,unknown,2
journal_7779b0949c5eba6b,Oxford University Press (OUP),journal-article,explicit_numeric_range,1-3,51
journal_7779b0949c5eba6b,Oxford University Press (OUP),journal-article,explicit_numeric_range,10-19,56
journal_7779b0949c5eba6b,Oxford University Press (OUP),journal-article,explicit_numeric_range,20-39,461
journal_7779b0949c5eba6b,Oxford University Press (OUP),journal-article,explicit_numeric_range,4-9,15
journal_7779b0949c5eba6b,Oxford University Press (OUP),journal-article,explicit_numeric_range,40-200,18
journal_7779b0949c5eba6b,Oxford University Press (OUP),journal-article,missing,unknown,33
journal_7779b0949c5eba6b,Oxford University Press (OUP),journal-article,non_numeric_or_complex,unknown,18
journal_77a3ca6064c87819,Indiana University Press,journal-article,explicit_numeric_range,1-3,5
journal_77a3ca6064c87819,Indiana University Press,journal-article,explicit_numeric_range,10-19,6
journal_77a3ca6064c87819,Indiana University Press,journal-article,explicit_numeric_range,20-39,48
journal_77a3ca6064c87819,Indiana University Press,journal-article,explicit_numeric_range,4-9,2
journal_77a3ca6064c87819,Indiana University Press,journal-article,explicit_numeric_range,40-200,1
journal_77a3ca6064c87819,Indiana University Press,journal-article,missing,unknown,38
journal_77a3ca6064c87819,Indiana University Press,journal-article,non_numeric_or_complex,unknown,1
journal_77a3ca6064c87819,Indiana University Press,journal-article,start_only,unknown,266
journal_77a3ca6064c87819,Indiana University Press,journal-issue,missing,unknown,17
journal_77a3ca6064c87819,Project MUSE,journal-article,explicit_numeric_range,1-3,18
journal_77a3ca6064c87819,Project MUSE,journal-article,explicit_numeric_range,10-19,9
journal_77a3ca6064c87819,Project MUSE,journal-article,explicit_numeric_range,20-39,65
journal_77a3ca6064c87819,Project MUSE,journal-article,explicit_numeric_range,4-9,4
journal_77a3ca6064c87819,Project MUSE,journal-article,explicit_numeric_range,40-200,10
journal_78af5311fd3dff5a,JSTOR,journal-article,missing,unknown,6
journal_78af5311fd3dff5a,JSTOR,journal-article,non_numeric_or_complex,unknown,1
journal_78af5311fd3dff5a,JSTOR,journal-article,start_only,unknown,51843
journal_78af5311fd3dff5a,Oxford University Press (OUP),journal-article,expanded_abbreviated_range,1-3,1
journal_78af5311fd3dff5a,Oxford University Press (OUP),journal-article,expanded_abbreviated_range,40-200,1
journal_78af5311fd3dff5a,Oxford University Press (OUP),journal-article,explicit_numeric_range,1-3,74246
journal_78af5311fd3dff5a,Oxford University Press (OUP),journal-article,explicit_numeric_range,10-19,1589
journal_78af5311fd3dff5a,Oxford University Press (OUP),journal-article,explicit_numeric_range,20-39,1913
journal_78af5311fd3dff5a,Oxford University Press (OUP),journal-article,explicit_numeric_range,4-9,2355
journal_78af5311fd3dff5a,Oxford University Press (OUP),journal-article,explicit_numeric_range,40-200,368
journal_78af5311fd3dff5a,Oxford University Press (OUP),journal-article,missing,unknown,277
journal_78af5311fd3dff5a,Oxford University Press (OUP),journal-article,non_numeric_or_complex,unknown,783
journal_78af5311fd3dff5a,Oxford University Press (OUP),journal-article,range_needs_review,unknown,13
journal_78af5311fd3dff5a,Oxford University Press (OUP),journal-article,reversed_range,unknown,73
journal_78af5311fd3dff5a,Oxford University Press (OUP),journal-article,start_only,unknown,770
journal_78af5311fd3dff5a,Oxford University Press (OUP),journal-issue,missing,unknown,336
journal_78af5311fd3dff5a,Test accounts,journal-article,start_only,unknown,1
journal_798c8a7ecbd4ce8b,Oxford University Press (OUP),journal-article,explicit_numeric_range,1-3,2119
journal_798c8a7ecbd4ce8b,Oxford University Press (OUP),journal-article,explicit_numeric_range,10-19,246
journal_798c8a7ecbd4ce8b,Oxford University Press (OUP),journal-article,explicit_numeric_range,20-39,503
journal_798c8a7ecbd4ce8b,Oxford University Press (OUP),journal-article,explicit_numeric_range,4-9,218
journal_798c8a7ecbd4ce8b,Oxford University Press (OUP),journal-article,explicit_numeric_range,40-200,5
journal_798c8a7ecbd4ce8b,Oxford University Press (OUP),journal-article,missing,unknown,27
journal_798c8a7ecbd4ce8b,Oxford University Press (OUP),journal-article,non_numeric_or_complex,unknown,99
journal_7a73310b46e86f18,EUM - Edizioni Università di Macerata,journal-article,explicit_numeric_range,1-3,43
journal_7a73310b46e86f18,EUM - Edizioni Università di Macerata,journal-article,explicit_numeric_range,10-19,331
journal_7a73310b46e86f18,EUM - Edizioni Università di Macerata,journal-article,explicit_numeric_range,20-39,160
journal_7a73310b46e86f18,EUM - Edizioni Università di Macerata,journal-article,explicit_numeric_range,4-9,131
journal_7a73310b46e86f18,EUM - Edizioni Università di Macerata,journal-article,explicit_numeric_range,40-200,6
journal_7a73310b46e86f18,EUM - Edizioni Università di Macerata,journal-article,missing,unknown,2
journal_7a73310b46e86f18,EUM - Edizioni Università di Macerata,journal-article,start_only,unknown,2
journal_7a73310b46e86f18,EUM - Edizioni Università di Macerata,journal-issue,missing,unknown,38
journal_7b35c15d5248d085,Elsevier BV,journal-article,explicit_numeric_range,1-3,3190
journal_7b35c15d5248d085,Elsevier BV,journal-article,explicit_numeric_range,10-19,1005
journal_7b35c15d5248d085,Elsevier BV,journal-article,explicit_numeric_range,20-39,333
journal_7b35c15d5248d085,Elsevier BV,journal-article,explicit_numeric_range,4-9,368
journal_7b35c15d5248d085,Elsevier BV,journal-article,explicit_numeric_range,40-200,3
journal_7b35c15d5248d085,Elsevier BV,journal-article,missing,unknown,6
journal_7b35c15d5248d085,Elsevier BV,journal-article,non_numeric_or_complex,unknown,134
journal_7b35c15d5248d085,Elsevier BV,journal-article,start_only,unknown,664
journal_7b94787a9b8edf12,Cambridge University Press (CUP),journal-article,explicit_numeric_range,1-3,13577
journal_7b94787a9b8edf12,Cambridge University Press (CUP),journal-article,explicit_numeric_range,10-19,1152
journal_7b94787a9b8edf12,Cambridge University Press (CUP),journal-article,explicit_numeric_range,20-39,729
journal_7b94787a9b8edf12,Cambridge University Press (CUP),journal-article,explicit_numeric_range,4-9,790
journal_7b94787a9b8edf12,Cambridge University Press (CUP),journal-article,explicit_numeric_range,40-200,46
journal_7b94787a9b8edf12,Cambridge University Press (CUP),journal-article,non_numeric_or_complex,unknown,700
journal_7b94787a9b8edf12,Cambridge University Press (CUP),journal-article,start_only,unknown,328
journal_7bfa328cb1f8254a,Informa UK Limited,journal-article,explicit_numeric_range,1-3,371
journal_7bfa328cb1f8254a,Informa UK Limited,journal-article,explicit_numeric_range,10-19,190
journal_7bfa328cb1f8254a,Informa UK Limited,journal-article,explicit_numeric_range,20-39,387
journal_7bfa328cb1f8254a,Informa UK Limited,journal-article,explicit_numeric_range,4-9,158
journal_7bfa328cb1f8254a,Informa UK Limited,journal-article,explicit_numeric_range,40-200,11
journal_7bfa328cb1f8254a,Informa UK Limited,journal-article,non_numeric_or_complex,unknown,13
journal_7bfa328cb1f8254a,Informa UK Limited,journal-article,range_needs_review,unknown,1
journal_7c1762a74e99d9a6,Cambridge University Press (CUP),journal-article,explicit_numeric_range,1-3,5518
journal_7c1762a74e99d9a6,Cambridge University Press (CUP),journal-article,explicit_numeric_range,10-19,885
journal_7c1762a74e99d9a6,Cambridge University Press (CUP),journal-article,explicit_numeric_range,20-39,671
journal_7c1762a74e99d9a6,Cambridge University Press (CUP),journal-article,explicit_numeric_range,4-9,675
journal_7c1762a74e99d9a6,Cambridge University Press (CUP),journal-article,explicit_numeric_range,40-200,39
journal_7c1762a74e99d9a6,Cambridge University Press (CUP),journal-article,non_numeric_or_complex,unknown,574
journal_7c1762a74e99d9a6,Cambridge University Press (CUP),journal-article,start_only,unknown,1
journal_7e0d413e53aebefb,Wiley,journal-article,explicit_numeric_range,1-3,26
journal_7e0d413e53aebefb,Wiley,journal-article,explicit_numeric_range,10-19,600
journal_7e0d413e53aebefb,Wiley,journal-article,explicit_numeric_range,20-39,155
journal_7e0d413e53aebefb,Wiley,journal-article,explicit_numeric_range,4-9,118
journal_7e0d413e53aebefb,Wiley,journal-article,explicit_numeric_range,40-200,5
journal_7e0d413e53aebefb,Wiley,journal-article,missing,unknown,655
journal_7e0d413e53aebefb,Wiley,journal-article,non_numeric_or_complex,unknown,3
journal_7e0d413e53aebefb,Wiley,journal-issue,missing,unknown,217
journal_7f61c29f57730a14,Berghahn Books,journal-article,explicit_numeric_range,1-3,3
journal_7f61c29f57730a14,Berghahn Books,journal-article,explicit_numeric_range,10-19,52
journal_7f61c29f57730a14,Berghahn Books,journal-article,explicit_numeric_range,20-39,139
journal_7f61c29f57730a14,Berghahn Books,journal-article,explicit_numeric_range,4-9,16
journal_7f61c29f57730a14,Berghahn Books,journal-article,explicit_numeric_range,40-200,2
journal_7f61c29f57730a14,Berghahn Books,journal-article,missing,unknown,61
journal_7f61c29f57730a14,Berghahn Books,journal-article,non_numeric_or_complex,unknown,3
journal_7f61c29f57730a14,Berghahn Books,journal-article,start_only,unknown,2
journal_7f61c29f57730a14,Walter de Gruyter GmbH,journal-article,missing,unknown,12
journal_805acfa65470a411,Cambridge University Press (CUP),journal-article,explicit_numeric_range,1-3,1812
journal_805acfa65470a411,Cambridge University Press (CUP),journal-article,explicit_numeric_range,10-19,108
journal_805acfa65470a411,Cambridge University Press (CUP),journal-article,explicit_numeric_range,20-39,539
journal_805acfa65470a411,Cambridge University Press (CUP),journal-article,explicit_numeric_range,4-9,388
journal_805acfa65470a411,Cambridge University Press (CUP),journal-article,explicit_numeric_range,40-200,114
journal_805acfa65470a411,Cambridge University Press (CUP),journal-article,missing,unknown,2
journal_805acfa65470a411,Cambridge University Press (CUP),journal-article,non_numeric_or_complex,unknown,240
journal_807321c1e1922a76,Informa UK Limited,journal-article,explicit_numeric_range,1-3,652
journal_807321c1e1922a76,Informa UK Limited,journal-article,explicit_numeric_range,10-19,327
journal_807321c1e1922a76,Informa UK Limited,journal-article,explicit_numeric_range,20-39,285
journal_807321c1e1922a76,Informa UK Limited,journal-article,explicit_numeric_range,4-9,90
journal_807321c1e1922a76,Informa UK Limited,journal-article,explicit_numeric_range,40-200,1
journal_807321c1e1922a76,Informa UK Limited,journal-article,non_numeric_or_complex,unknown,2
journal_808afeaacb5f4b11,Informa UK Limited,journal-article,explicit_numeric_range,1-3,43
journal_808afeaacb5f4b11,Informa UK Limited,journal-article,explicit_numeric_range,10-19,187
journal_808afeaacb5f4b11,Informa UK Limited,journal-article,explicit_numeric_range,20-39,320
journal_808afeaacb5f4b11,Informa UK Limited,journal-article,explicit_numeric_range,4-9,62
journal_808afeaacb5f4b11,Informa UK Limited,journal-article,explicit_numeric_range,40-200,6
journal_808afeaacb5f4b11,Informa UK Limited,journal-article,non_numeric_or_complex,unknown,6
journal_811c9bfd83714935,University of Chicago Press,journal-article,explicit_numeric_range,1-3,1399
journal_811c9bfd83714935,University of Chicago Press,journal-article,explicit_numeric_range,10-19,181
journal_811c9bfd83714935,University of Chicago Press,journal-article,explicit_numeric_range,20-39,313
journal_811c9bfd83714935,University of Chicago Press,journal-article,explicit_numeric_range,4-9,333
journal_811c9bfd83714935,University of Chicago Press,journal-article,explicit_numeric_range,40-200,1
journal_811c9bfd83714935,University of Chicago Press,journal-article,missing,unknown,140
journal_811c9bfd83714935,University of Chicago Press,journal-article,non_numeric_or_complex,unknown,45
journal_8190ce597550789c,JSTOR,journal-article,missing,unknown,3
journal_8190ce597550789c,JSTOR,journal-article,start_only,unknown,2471
journal_8190ce597550789c,Project MUSE,journal-article,explicit_numeric_range,1-3,155
journal_8190ce597550789c,Project MUSE,journal-article,explicit_numeric_range,10-19,282
journal_8190ce597550789c,Project MUSE,journal-article,explicit_numeric_range,20-39,664
journal_8190ce597550789c,Project MUSE,journal-article,explicit_numeric_range,4-9,117
journal_8190ce597550789c,Project MUSE,journal-article,explicit_numeric_range,40-200,3
journal_8190ce597550789c,Project MUSE,journal-article,missing,unknown,32
journal_8190ce597550789c,Project MUSE,journal-article,non_numeric_or_complex,unknown,3
journal_8216afcd658d2b61,National Documentation Centre (EKT),journal-article,missing,unknown,1
journal_8216afcd658d2b61,National Documentation Centre (EKT),journal-article,start_only,unknown,265
journal_82377ada849877fd,Informa UK Limited,journal-article,expanded_abbreviated_range,4-9,1
journal_82377ada849877fd,Informa UK Limited,journal-article,explicit_numeric_range,1-3,535
journal_82377ada849877fd,Informa UK Limited,journal-article,explicit_numeric_range,10-19,523
journal_82377ada849877fd,Informa UK Limited,journal-article,explicit_numeric_range,20-39,653
journal_82377ada849877fd,Informa UK Limited,journal-article,explicit_numeric_range,4-9,144
journal_82377ada849877fd,Informa UK Limited,journal-article,explicit_numeric_range,40-200,54
journal_82377ada849877fd,Informa UK Limited,journal-article,non_numeric_or_complex,unknown,62
journal_824e0c40e74b1fc3,CAIRN,journal-article,explicit_numeric_range,1-3,84
journal_824e0c40e74b1fc3,CAIRN,journal-article,explicit_numeric_range,10-19,459
journal_824e0c40e74b1fc3,CAIRN,journal-article,explicit_numeric_range,20-39,476
journal_824e0c40e74b1fc3,CAIRN,journal-article,explicit_numeric_range,4-9,170
journal_824e0c40e74b1fc3,CAIRN,journal-article,explicit_numeric_range,40-200,70
journal_824e0c40e74b1fc3,CAIRN,journal-article,non_numeric_or_complex,unknown,1106
journal_824e0c40e74b1fc3,CAIRN.INFO,journal-article,explicit_numeric_range,1-3,23
journal_824e0c40e74b1fc3,CAIRN.INFO,journal-article,explicit_numeric_range,10-19,38
journal_824e0c40e74b1fc3,CAIRN.INFO,journal-article,explicit_numeric_range,20-39,46
journal_824e0c40e74b1fc3,CAIRN.INFO,journal-article,explicit_numeric_range,4-9,32
journal_824e0c40e74b1fc3,CAIRN.INFO,journal-article,explicit_numeric_range,40-200,16
journal_824e0c40e74b1fc3,PERSEE Program,journal-article,explicit_numeric_range,1-3,112
journal_824e0c40e74b1fc3,PERSEE Program,journal-article,explicit_numeric_range,10-19,913
journal_824e0c40e74b1fc3,PERSEE Program,journal-article,explicit_numeric_range,20-39,542
journal_824e0c40e74b1fc3,PERSEE Program,journal-article,explicit_numeric_range,4-9,527
journal_824e0c40e74b1fc3,PERSEE Program,journal-article,explicit_numeric_range,40-200,82
journal_824e0c40e74b1fc3,PERSEE Program,journal-article,start_only,unknown,11
journal_84203dbdbd3796c3,Oxford University Press (OUP),journal-article,explicit_numeric_range,1-3,784
journal_84203dbdbd3796c3,Oxford University Press (OUP),journal-article,explicit_numeric_range,10-19,494
journal_84203dbdbd3796c3,Oxford University Press (OUP),journal-article,explicit_numeric_range,20-39,589
journal_84203dbdbd3796c3,Oxford University Press (OUP),journal-article,explicit_numeric_range,4-9,838
journal_84203dbdbd3796c3,Oxford University Press (OUP),journal-article,explicit_numeric_range,40-200,15
journal_84203dbdbd3796c3,Oxford University Press (OUP),journal-article,missing,unknown,13
journal_84203dbdbd3796c3,Oxford University Press (OUP),journal-article,non_numeric_or_complex,unknown,202
journal_84203dbdbd3796c3,Oxford University Press (OUP),journal-article,reversed_range,unknown,2
journal_8427ca6e04ef4a41,Universidad de Alicante Servicio de Publicaciones,journal-article,start_only,unknown,522
journal_8427ca6e04ef4a41,Universidad de Alicante Servicio de Publicaciones,journal-issue,missing,unknown,35
journal_84e0dc80bd203264,Informa UK Limited,journal-article,explicit_numeric_range,1-3,261
journal_84e0dc80bd203264,Informa UK Limited,journal-article,explicit_numeric_range,10-19,127
journal_84e0dc80bd203264,Informa UK Limited,journal-article,explicit_numeric_range,20-39,136
journal_84e0dc80bd203264,Informa UK Limited,journal-article,explicit_numeric_range,4-9,32
journal_84e0dc80bd203264,Informa UK Limited,journal-article,non_numeric_or_complex,unknown,11
journal_85759916e0bae0c5,Walter de Gruyter GmbH,journal-article,explicit_numeric_range,1-3,6
journal_85759916e0bae0c5,Walter de Gruyter GmbH,journal-article,explicit_numeric_range,10-19,25
journal_85759916e0bae0c5,Walter de Gruyter GmbH,journal-article,explicit_numeric_range,20-39,82
journal_85759916e0bae0c5,Walter de Gruyter GmbH,journal-article,explicit_numeric_range,4-9,10
journal_85759916e0bae0c5,Walter de Gruyter GmbH,journal-article,explicit_numeric_range,40-200,36
journal_85759916e0bae0c5,Walter de Gruyter GmbH,journal-article,non_numeric_or_complex,unknown,4
journal_85759916e0bae0c5,Walter de Gruyter GmbH,journal-article,start_only,unknown,2
journal_86ee003c94c7951e,Cambridge University Press (CUP),journal-article,explicit_numeric_range,1-3,141
journal_86ee003c94c7951e,Cambridge University Press (CUP),journal-article,explicit_numeric_range,10-19,42
journal_86ee003c94c7951e,Cambridge University Press (CUP),journal-article,explicit_numeric_range,20-39,123
journal_86ee003c94c7951e,Cambridge University Press (CUP),journal-article,explicit_numeric_range,4-9,162
journal_86ee003c94c7951e,Cambridge University Press (CUP),journal-article,explicit_numeric_range,40-200,8
journal_86ee003c94c7951e,Cambridge University Press (CUP),journal-article,non_numeric_or_complex,unknown,36
journal_8786da46168acc00,Informa UK Limited,journal-article,explicit_numeric_range,1-3,9
journal_8786da46168acc00,Informa UK Limited,journal-article,explicit_numeric_range,10-19,193
journal_8786da46168acc00,Informa UK Limited,journal-article,explicit_numeric_range,20-39,196
journal_8786da46168acc00,Informa UK Limited,journal-article,explicit_numeric_range,4-9,30
journal_8786da46168acc00,Informa UK Limited,journal-article,explicit_numeric_range,40-200,1
journal_8786da46168acc00,Informa UK Limited,journal-article,missing,unknown,1
journal_8786da46168acc00,Informa UK Limited,journal-article,non_numeric_or_complex,unknown,4
journal_8786da46168acc00,Informa UK Limited,journal-article,start_only,unknown,1
journal_88109e0093fdd947,Informa UK Limited,journal-article,explicit_numeric_range,1-3,106
journal_88109e0093fdd947,Informa UK Limited,journal-article,explicit_numeric_range,10-19,549
journal_88109e0093fdd947,Informa UK Limited,journal-article,explicit_numeric_range,20-39,101
journal_88109e0093fdd947,Informa UK Limited,journal-article,explicit_numeric_range,4-9,127
journal_88109e0093fdd947,Informa UK Limited,journal-article,missing,unknown,1
journal_88109e0093fdd947,Informa UK Limited,journal-article,non_numeric_or_complex,unknown,12
journal_887b02cb52ffc529,Walter de Gruyter GmbH,journal-article,explicit_numeric_range,1-3,2
journal_887b02cb52ffc529,Walter de Gruyter GmbH,journal-article,explicit_numeric_range,10-19,61
journal_887b02cb52ffc529,Walter de Gruyter GmbH,journal-article,explicit_numeric_range,20-39,99
journal_887b02cb52ffc529,Walter de Gruyter GmbH,journal-article,explicit_numeric_range,4-9,15
journal_887b02cb52ffc529,Walter de Gruyter GmbH,journal-article,explicit_numeric_range,40-200,4
journal_887b02cb52ffc529,Walter de Gruyter GmbH,journal-article,non_numeric_or_complex,unknown,3
journal_887b02cb52ffc529,Walter de Gruyter GmbH,journal-article,start_only,unknown,24
journal_88eb32c3285de5d0,Informa UK Limited,journal-article,explicit_numeric_range,1-3,277
journal_88eb32c3285de5d0,Informa UK Limited,journal-article,explicit_numeric_range,10-19,254
journal_88eb32c3285de5d0,Informa UK Limited,journal-article,explicit_numeric_range,20-39,402
journal_88eb32c3285de5d0,Informa UK Limited,journal-article,explicit_numeric_range,4-9,106
journal_88eb32c3285de5d0,Informa UK Limited,journal-article,explicit_numeric_range,40-200,11
journal_88eb32c3285de5d0,Informa UK Limited,journal-article,non_numeric_or_complex,unknown,16
journal_88eb32c3285de5d0,Routledge,book,missing,unknown,1
journal_88eb32c3285de5d0,Routledge,book-chapter,explicit_numeric_range,1-3,3
journal_88eb32c3285de5d0,Routledge,book-chapter,explicit_numeric_range,10-19,19
journal_88eb32c3285de5d0,Routledge,book-chapter,explicit_numeric_range,20-39,26
journal_88eb32c3285de5d0,Routledge,book-chapter,explicit_numeric_range,4-9,9
journal_88eb32c3285de5d0,Routledge,book-chapter,explicit_numeric_range,40-200,2
journal_88eb32c3285de5d0,Routledge,book-chapter,missing,unknown,34
journal_88eb32c3285de5d0,Routledge,other,explicit_numeric_range,10-19,1
journal_88eb32c3285de5d0,Routledge,other,explicit_numeric_range,4-9,1
journal_88eb32c3285de5d0,Routledge,other,missing,unknown,3
journal_88eb32c3285de5d0,Routledge,other,non_numeric_or_complex,unknown,2
journal_8a7c26ca6615de05,Cambridge University Press (CUP),journal-article,explicit_numeric_range,1-3,961
journal_8a7c26ca6615de05,Cambridge University Press (CUP),journal-article,explicit_numeric_range,10-19,365
journal_8a7c26ca6615de05,Cambridge University Press (CUP),journal-article,explicit_numeric_range,20-39,1125
journal_8a7c26ca6615de05,Cambridge University Press (CUP),journal-article,explicit_numeric_range,4-9,591
journal_8a7c26ca6615de05,Cambridge University Press (CUP),journal-article,explicit_numeric_range,40-200,128
journal_8a7c26ca6615de05,Cambridge University Press (CUP),journal-article,non_numeric_or_complex,unknown,344
journal_8a7c26ca6615de05,Cambridge University Press (CUP),journal-article,range_needs_review,unknown,5
journal_8a7c26ca6615de05,Cambridge University Press (CUP),journal-article,start_only,unknown,1
journal_8ab78befbed06155,Cambridge University Press (CUP),journal-article,explicit_numeric_range,1-3,942
journal_8ab78befbed06155,Cambridge University Press (CUP),journal-article,explicit_numeric_range,10-19,109
journal_8ab78befbed06155,Cambridge University Press (CUP),journal-article,explicit_numeric_range,20-39,370
journal_8ab78befbed06155,Cambridge University Press (CUP),journal-article,explicit_numeric_range,4-9,621
journal_8ab78befbed06155,Cambridge University Press (CUP),journal-article,explicit_numeric_range,40-200,7
journal_8ab78befbed06155,Cambridge University Press (CUP),journal-article,non_numeric_or_complex,unknown,522
journal_8ab78befbed06155,Cambridge University Press (CUP),journal-issue,missing,unknown,63
journal_8ab78befbed06155,JSTOR,journal-article,missing,unknown,2
journal_8ab78befbed06155,JSTOR,journal-article,start_only,unknown,2589
journal_8bec0e86e7c4a53e,University of Illinois Press,journal-article,explicit_numeric_range,1-3,295
journal_8bec0e86e7c4a53e,University of Illinois Press,journal-article,explicit_numeric_range,10-19,106
journal_8bec0e86e7c4a53e,University of Illinois Press,journal-article,explicit_numeric_range,20-39,257
journal_8bec0e86e7c4a53e,University of Illinois Press,journal-article,explicit_numeric_range,4-9,243
journal_8bec0e86e7c4a53e,University of Illinois Press,journal-article,explicit_numeric_range,40-200,63
journal_8bec0e86e7c4a53e,University of Illinois Press,journal-article,missing,unknown,34
journal_8bec0e86e7c4a53e,University of Illinois Press,journal-article,non_numeric_or_complex,unknown,46
journal_8c0a1181448bc235,Cambridge University Press (CUP),journal-article,explicit_numeric_range,1-3,3039
journal_8c0a1181448bc235,Cambridge University Press (CUP),journal-article,explicit_numeric_range,10-19,424
journal_8c0a1181448bc235,Cambridge University Press (CUP),journal-article,explicit_numeric_range,20-39,412
journal_8c0a1181448bc235,Cambridge University Press (CUP),journal-article,explicit_numeric_range,4-9,419
journal_8c0a1181448bc235,Cambridge University Press (CUP),journal-article,explicit_numeric_range,40-200,11
journal_8c0a1181448bc235,Cambridge University Press (CUP),journal-article,non_numeric_or_complex,unknown,247
journal_8c0a1181448bc235,Cambridge University Press (CUP),journal-article,start_only,unknown,6
journal_8c92d015d9ca95a2,Informa UK Limited,journal-article,explicit_numeric_range,1-3,518
journal_8c92d015d9ca95a2,Informa UK Limited,journal-article,explicit_numeric_range,10-19,641
journal_8c92d015d9ca95a2,Informa UK Limited,journal-article,explicit_numeric_range,20-39,433
journal_8c92d015d9ca95a2,Informa UK Limited,journal-article,explicit_numeric_range,4-9,398
journal_8c92d015d9ca95a2,Informa UK Limited,journal-article,explicit_numeric_range,40-200,28
journal_8c92d015d9ca95a2,Informa UK Limited,journal-article,missing,unknown,1
journal_8c92d015d9ca95a2,Informa UK Limited,journal-article,non_numeric_or_complex,unknown,1
journal_8c92d015d9ca95a2,Informa UK Limited,journal-article,range_needs_review,unknown,1
journal_8c92d015d9ca95a2,Maney Publishing,journal-article,explicit_numeric_range,1-3,92
journal_8c92d015d9ca95a2,Maney Publishing,journal-article,explicit_numeric_range,10-19,44
journal_8c92d015d9ca95a2,Maney Publishing,journal-article,explicit_numeric_range,20-39,15
journal_8c92d015d9ca95a2,Maney Publishing,journal-article,explicit_numeric_range,4-9,53
journal_8c92d015d9ca95a2,Maney Publishing,journal-article,explicit_numeric_range,40-200,5
journal_8ca2dcb0199b28f9,University of Chicago Press,journal-article,explicit_numeric_range,1-3,17535
journal_8ca2dcb0199b28f9,University of Chicago Press,journal-article,explicit_numeric_range,10-19,1028
journal_8ca2dcb0199b28f9,University of Chicago Press,journal-article,explicit_numeric_range,20-39,795
journal_8ca2dcb0199b28f9,University of Chicago Press,journal-article,explicit_numeric_range,4-9,2330
journal_8ca2dcb0199b28f9,University of Chicago Press,journal-article,explicit_numeric_range,40-200,170
journal_8ca2dcb0199b28f9,University of Chicago Press,journal-article,missing,unknown,314
journal_8ca2dcb0199b28f9,University of Chicago Press,journal-article,non_numeric_or_complex,unknown,140
journal_8ca2dcb0199b28f9,University of Chicago Press,journal-article,range_needs_review,unknown,36
journal_8ca2dcb0199b28f9,University of Chicago Press,journal-issue,missing,unknown,394
journal_8cb6f3595878e6b7,Fundación Instituto de Historia Social,journal-article,explicit_numeric_range,1-3,1
journal_8cb6f3595878e6b7,Fundación Instituto de Historia Social,journal-article,explicit_numeric_range,10-19,25
journal_8cb6f3595878e6b7,Fundación Instituto de Historia Social,journal-article,explicit_numeric_range,20-39,81
journal_8cb6f3595878e6b7,Fundación Instituto de Historia Social,journal-article,explicit_numeric_range,4-9,7
journal_8cb6f3595878e6b7,Fundación Instituto de Historia Social,journal-article,explicit_numeric_range,40-200,1
journal_8dd065a0e32535b3,Editorial CSIC,journal-article,explicit_numeric_range,1-3,7
journal_8dd065a0e32535b3,Editorial CSIC,journal-article,explicit_numeric_range,10-19,169
journal_8dd065a0e32535b3,Editorial CSIC,journal-article,explicit_numeric_range,20-39,728
journal_8dd065a0e32535b3,Editorial CSIC,journal-article,explicit_numeric_range,4-9,36
journal_8dd065a0e32535b3,Editorial CSIC,journal-article,explicit_numeric_range,40-200,51
journal_8dd065a0e32535b3,Editorial CSIC,journal-article,non_numeric_or_complex,unknown,11
journal_8dd065a0e32535b3,Editorial CSIC,journal-article,start_only,unknown,107
journal_8dd065a0e32535b3,Editorial CSIC,journal-issue,missing,unknown,118
journal_8fa6d55b62619679,Harrassowitz Publishing House,journal-article,explicit_numeric_range,1-3,3
journal_8fa6d55b62619679,Harrassowitz Publishing House,journal-article,explicit_numeric_range,10-19,6
journal_8fa6d55b62619679,Harrassowitz Publishing House,journal-article,explicit_numeric_range,20-39,30
journal_8fa6d55b62619679,Harrassowitz Publishing House,journal-article,explicit_numeric_range,4-9,17
journal_8fa6d55b62619679,Harrassowitz Publishing House,journal-article,explicit_numeric_range,40-200,4
journal_8fa6d55b62619679,Harrassowitz Publishing House,journal-article,missing,unknown,17
journal_8fa6d55b62619679,Harrassowitz Publishing House,journal-article,non_numeric_or_complex,unknown,11
journal_8fa6d55b62619679,Harrassowitz Publishing House,journal-article,start_only,unknown,171
journal_90cf8ded2289c4e2,Uniwersytet Mikolaja Kopernika/Nicolaus Copernicus University,journal-article,explicit_numeric_range,1-3,13
journal_90cf8ded2289c4e2,Uniwersytet Mikolaja Kopernika/Nicolaus Copernicus University,journal-article,explicit_numeric_range,10-19,72
journal_90cf8ded2289c4e2,Uniwersytet Mikolaja Kopernika/Nicolaus Copernicus University,journal-article,explicit_numeric_range,20-39,184
journal_90cf8ded2289c4e2,Uniwersytet Mikolaja Kopernika/Nicolaus Copernicus University,journal-article,explicit_numeric_range,4-9,23
journal_90cf8ded2289c4e2,Uniwersytet Mikolaja Kopernika/Nicolaus Copernicus University,journal-article,explicit_numeric_range,40-200,48
journal_90cf8ded2289c4e2,Uniwersytet Mikolaja Kopernika/Nicolaus Copernicus University,journal-article,non_numeric_or_complex,unknown,1
journal_919d0c14e01dd6ed,University of Chicago Press,journal-article,explicit_numeric_range,1-3,313
journal_919d0c14e01dd6ed,University of Chicago Press,journal-article,explicit_numeric_range,10-19,112
journal_919d0c14e01dd6ed,University of Chicago Press,journal-article,explicit_numeric_range,20-39,38
journal_919d0c14e01dd6ed,University of Chicago Press,journal-article,explicit_numeric_range,4-9,43
journal_919d0c14e01dd6ed,University of Chicago Press,journal-article,explicit_numeric_range,40-200,4
journal_919d0c14e01dd6ed,University of Chicago Press,journal-article,non_numeric_or_complex,unknown,2
journal_919d0c14e01dd6ed,University of Chicago Press,journal-article,start_only,unknown,1
journal_91f1c756cb33896f,University of New Brunswick Libraries - UNB,journal-article,explicit_numeric_range,1-3,11
journal_91f1c756cb33896f,University of New Brunswick Libraries - UNB,journal-article,explicit_numeric_range,10-19,1
journal_91f1c756cb33896f,University of New Brunswick Libraries - UNB,journal-article,explicit_numeric_range,20-39,18
journal_91f1c756cb33896f,University of New Brunswick Libraries - UNB,journal-article,explicit_numeric_range,4-9,9
journal_91f1c756cb33896f,University of New Brunswick Libraries - UNB,journal-article,explicit_numeric_range,40-200,1
journal_91f1c756cb33896f,University of New Brunswick Libraries - UNB,journal-article,range_needs_review,unknown,1
journal_9391847d5e9cffe7,Oxford University Press (OUP),journal-article,explicit_numeric_range,1-3,463
journal_9391847d5e9cffe7,Oxford University Press (OUP),journal-article,explicit_numeric_range,10-19,430
journal_9391847d5e9cffe7,Oxford University Press (OUP),journal-article,explicit_numeric_range,20-39,842
journal_9391847d5e9cffe7,Oxford University Press (OUP),journal-article,explicit_numeric_range,4-9,1010
journal_9391847d5e9cffe7,Oxford University Press (OUP),journal-article,explicit_numeric_range,40-200,22
journal_9391847d5e9cffe7,Oxford University Press (OUP),journal-article,missing,unknown,59
journal_9391847d5e9cffe7,Oxford University Press (OUP),journal-article,non_numeric_or_complex,unknown,241
journal_9391847d5e9cffe7,Oxford University Press (OUP),journal-article,range_needs_review,unknown,1
journal_9391847d5e9cffe7,Oxford University Press (OUP),journal-article,reversed_range,unknown,1
journal_9391847d5e9cffe7,Oxford University Press (OUP),journal-issue,missing,unknown,116
journal_94cac3e8a12573d7,Ediciones Universidad de Salamanca,journal-article,explicit_numeric_range,10-19,4
journal_94cac3e8a12573d7,Ediciones Universidad de Salamanca,journal-article,explicit_numeric_range,20-39,70
journal_94cac3e8a12573d7,Ediciones Universidad de Salamanca,journal-article,explicit_numeric_range,4-9,4
journal_94cac3e8a12573d7,Ediciones Universidad de Salamanca,journal-article,explicit_numeric_range,40-200,6
journal_94cac3e8a12573d7,Ediciones Universidad de Salamanca,journal-article,start_only,unknown,69
journal_94cac3e8a12573d7,Ediciones Universidad de Salamanca,journal-issue,missing,unknown,10
journal_95d1a1a5f3c42882,University of Toronto Press Inc. (UTPress),journal-article,expanded_abbreviated_range,10-19,1
journal_95d1a1a5f3c42882,University of Toronto Press Inc. (UTPress),journal-article,explicit_numeric_range,1-3,1138
journal_95d1a1a5f3c42882,University of Toronto Press Inc. (UTPress),journal-article,explicit_numeric_range,10-19,367
journal_95d1a1a5f3c42882,University of Toronto Press Inc. (UTPress),journal-article,explicit_numeric_range,20-39,112
journal_95d1a1a5f3c42882,University of Toronto Press Inc. (UTPress),journal-article,explicit_numeric_range,4-9,227
journal_95d1a1a5f3c42882,University of Toronto Press Inc. (UTPress),journal-article,explicit_numeric_range,40-200,6
journal_95d1a1a5f3c42882,University of Toronto Press Inc. (UTPress),journal-article,missing,unknown,2
journal_95d1a1a5f3c42882,University of Toronto Press Inc. (UTPress),journal-article,non_numeric_or_complex,unknown,2
journal_95d1a1a5f3c42882,University of Toronto Press Inc. (UTPress),journal-article,start_only,unknown,111
journal_96e925e588a01d43,Informa UK Limited,journal-article,explicit_numeric_range,1-3,375
journal_96e925e588a01d43,Informa UK Limited,journal-article,explicit_numeric_range,10-19,557
journal_96e925e588a01d43,Informa UK Limited,journal-article,explicit_numeric_range,20-39,514
journal_96e925e588a01d43,Informa UK Limited,journal-article,explicit_numeric_range,4-9,224
journal_96e925e588a01d43,Informa UK Limited,journal-article,explicit_numeric_range,40-200,11
journal_96e925e588a01d43,Informa UK Limited,journal-article,non_numeric_or_complex,unknown,7
journal_96e925e588a01d43,Maney Publishing,journal-article,explicit_numeric_range,1-3,52
journal_96e925e588a01d43,Maney Publishing,journal-article,explicit_numeric_range,10-19,20
journal_96e925e588a01d43,Maney Publishing,journal-article,explicit_numeric_range,20-39,13
journal_96e925e588a01d43,Maney Publishing,journal-article,explicit_numeric_range,4-9,20
journal_970e4c11481041d7,Duke University Press,journal-article,expanded_abbreviated_range,1-3,1
journal_970e4c11481041d7,Duke University Press,journal-article,expanded_abbreviated_range,40-200,1
journal_970e4c11481041d7,Duke University Press,journal-article,explicit_numeric_range,1-3,19400
journal_970e4c11481041d7,Duke University Press,journal-article,explicit_numeric_range,10-19,595
journal_970e4c11481041d7,Duke University Press,journal-article,explicit_numeric_range,20-39,1159
journal_970e4c11481041d7,Duke University Press,journal-article,explicit_numeric_range,4-9,1093
journal_970e4c11481041d7,Duke University Press,journal-article,explicit_numeric_range,40-200,103
journal_970e4c11481041d7,Duke University Press,journal-article,missing,unknown,48
journal_970e4c11481041d7,Duke University Press,journal-article,non_numeric_or_complex,unknown,200
journal_970e4c11481041d7,Duke University Press,journal-article,range_needs_review,unknown,5
journal_970e4c11481041d7,Duke University Press,journal-article,reversed_range,unknown,15
journal_970e4c11481041d7,JSTOR,journal-article,missing,unknown,6
journal_970e4c11481041d7,JSTOR,journal-article,start_only,unknown,10592
journal_97cc033e49a4f22b,Cambridge University Press (CUP),journal-article,explicit_numeric_range,1-3,2096
journal_97cc033e49a4f22b,Cambridge University Press (CUP),journal-article,explicit_numeric_range,10-19,501
journal_97cc033e49a4f22b,Cambridge University Press (CUP),journal-article,explicit_numeric_range,20-39,736
journal_97cc033e49a4f22b,Cambridge University Press (CUP),journal-article,explicit_numeric_range,4-9,222
journal_97cc033e49a4f22b,Cambridge University Press (CUP),journal-article,explicit_numeric_range,40-200,48
journal_97cc033e49a4f22b,Cambridge University Press (CUP),journal-article,non_numeric_or_complex,unknown,196
journal_97cc033e49a4f22b,Cambridge University Press (CUP),journal-article,start_only,unknown,1
journal_98ba9d1de9eef297,Liverpool University Press,journal-article,explicit_numeric_range,1-3,15
journal_98ba9d1de9eef297,Liverpool University Press,journal-article,explicit_numeric_range,10-19,86
journal_98ba9d1de9eef297,Liverpool University Press,journal-article,explicit_numeric_range,20-39,250
journal_98ba9d1de9eef297,Liverpool University Press,journal-article,explicit_numeric_range,4-9,87
journal_98ba9d1de9eef297,Liverpool University Press,journal-article,explicit_numeric_range,40-200,20
journal_98ba9d1de9eef297,Liverpool University Press,journal-article,reversed_range,unknown,1
journal_996df5230b13e08b,PERSEE Program,journal-article,explicit_numeric_range,1-3,3
journal_996df5230b13e08b,PERSEE Program,journal-article,explicit_numeric_range,10-19,11
journal_996df5230b13e08b,PERSEE Program,journal-article,explicit_numeric_range,20-39,3
journal_996df5230b13e08b,PERSEE Program,journal-article,explicit_numeric_range,4-9,7
journal_9a03579a38d60741,"Institute of Art History, Czech Academy of Sciences",journal-article,explicit_numeric_range,10-19,7
journal_9a03579a38d60741,"Institute of Art History, Czech Academy of Sciences",journal-article,explicit_numeric_range,20-39,5
journal_9a03579a38d60741,"Institute of Art History, Czech Academy of Sciences",journal-article,explicit_numeric_range,4-9,2
journal_9c4f10e776b54df4,CAIRN,journal-article,explicit_numeric_range,1-3,37
journal_9c4f10e776b54df4,CAIRN,journal-article,explicit_numeric_range,10-19,271
journal_9c4f10e776b54df4,CAIRN,journal-article,explicit_numeric_range,20-39,338
journal_9c4f10e776b54df4,CAIRN,journal-article,explicit_numeric_range,4-9,53
journal_9c4f10e776b54df4,CAIRN,journal-article,explicit_numeric_range,40-200,65
journal_9c4f10e776b54df4,CAIRN,journal-article,non_numeric_or_complex,unknown,19
journal_9c4f10e776b54df4,CAIRN,journal-article,reversed_range,unknown,1
journal_9c4f10e776b54df4,CAIRN.INFO,journal-article,explicit_numeric_range,1-3,8
journal_9c4f10e776b54df4,CAIRN.INFO,journal-article,explicit_numeric_range,10-19,46
journal_9c4f10e776b54df4,CAIRN.INFO,journal-article,explicit_numeric_range,20-39,61
journal_9c4f10e776b54df4,CAIRN.INFO,journal-article,explicit_numeric_range,4-9,14
journal_9c4f10e776b54df4,CAIRN.INFO,journal-article,explicit_numeric_range,40-200,10
journal_9c4f10e776b54df4,CAIRN.INFO,journal-article,non_numeric_or_complex,unknown,7
journal_9c4f10e776b54df4,PERSEE Program,journal-article,explicit_numeric_range,1-3,52
journal_9c4f10e776b54df4,PERSEE Program,journal-article,explicit_numeric_range,10-19,298
journal_9c4f10e776b54df4,PERSEE Program,journal-article,explicit_numeric_range,20-39,278
journal_9c4f10e776b54df4,PERSEE Program,journal-article,explicit_numeric_range,4-9,126
journal_9c4f10e776b54df4,PERSEE Program,journal-article,explicit_numeric_range,40-200,68
journal_9c4f10e776b54df4,PERSEE Program,journal-article,start_only,unknown,10
journal_9c6f44fb42920fdc,Universidad del Atlántico,journal-article,explicit_numeric_range,1-3,4
journal_9c6f44fb42920fdc,Universidad del Atlántico,journal-article,explicit_numeric_range,10-19,1
journal_9c6f44fb42920fdc,Universidad del Atlántico,journal-article,explicit_numeric_range,20-39,50
journal_9c6f44fb42920fdc,Universidad del Atlántico,journal-article,explicit_numeric_range,4-9,20
journal_9c6f44fb42920fdc,Universidad del Atlántico,journal-article,explicit_numeric_range,40-200,4
journal_9c6f44fb42920fdc,Universidad del Atlántico,journal-article,missing,unknown,267
journal_9c6f44fb42920fdc,Universidad del Atlántico,journal-article,range_needs_review,unknown,15
journal_9c6f44fb42920fdc,Universidad del Atlántico,journal-issue,missing,unknown,13
journal_9caf0673e1a3b685,Franco Angeli,journal-article,explicit_numeric_range,1-3,7
journal_9caf0673e1a3b685,Franco Angeli,journal-article,explicit_numeric_range,10-19,166
journal_9caf0673e1a3b685,Franco Angeli,journal-article,explicit_numeric_range,20-39,60
journal_9caf0673e1a3b685,Franco Angeli,journal-article,explicit_numeric_range,4-9,35
journal_9d03148c52b1a89d,Indiana University Press,journal-article,explicit_numeric_range,1-3,1
journal_9d03148c52b1a89d,Indiana University Press,journal-article,explicit_numeric_range,10-19,44
journal_9d03148c52b1a89d,Indiana University Press,journal-article,explicit_numeric_range,20-39,121
journal_9d03148c52b1a89d,Indiana University Press,journal-article,explicit_numeric_range,4-9,16
journal_9d03148c52b1a89d,Indiana University Press,journal-article,explicit_numeric_range,40-200,17
journal_9d03148c52b1a89d,Indiana University Press,journal-article,missing,unknown,38
journal_9d03148c52b1a89d,Indiana University Press,journal-article,non_numeric_or_complex,unknown,1
journal_9d03148c52b1a89d,Indiana University Press,journal-article,start_only,unknown,261
journal_9d03148c52b1a89d,Indiana University Press,journal-issue,missing,unknown,27
journal_9dac4f2eb2dce0f8,Center for Korean History,journal-article,explicit_numeric_range,1-3,1
journal_9dac4f2eb2dce0f8,Center for Korean History,journal-article,explicit_numeric_range,10-19,27
journal_9dac4f2eb2dce0f8,Center for Korean History,journal-article,explicit_numeric_range,20-39,121
journal_9dac4f2eb2dce0f8,Center for Korean History,journal-article,explicit_numeric_range,4-9,23
journal_9dac4f2eb2dce0f8,Center for Korean History,journal-article,explicit_numeric_range,40-200,45
journal_9ed6094437f11ea2,The Pennsylvania State University Press,journal-article,explicit_numeric_range,1-3,2
journal_9ed6094437f11ea2,The Pennsylvania State University Press,journal-article,explicit_numeric_range,10-19,20
journal_9ed6094437f11ea2,The Pennsylvania State University Press,journal-article,explicit_numeric_range,20-39,49
journal_9ed6094437f11ea2,The Pennsylvania State University Press,journal-article,explicit_numeric_range,4-9,17
journal_9ed6094437f11ea2,The Pennsylvania State University Press,journal-article,explicit_numeric_range,40-200,1
journal_9ed6094437f11ea2,The Pennsylvania State University Press,journal-article,non_numeric_or_complex,unknown,10
journal_9ed6094437f11ea2,The Pennsylvania State University Press,journal-article,start_only,unknown,19
journal_a00c9347fa743603,Wiley,journal-article,explicit_numeric_range,1-3,615
journal_a00c9347fa743603,Wiley,journal-article,explicit_numeric_range,10-19,635
journal_a00c9347fa743603,Wiley,journal-article,explicit_numeric_range,20-39,558
journal_a00c9347fa743603,Wiley,journal-article,explicit_numeric_range,4-9,235
journal_a00c9347fa743603,Wiley,journal-article,explicit_numeric_range,40-200,8
journal_a00c9347fa743603,Wiley,journal-article,missing,unknown,82
journal_a00c9347fa743603,Wiley,journal-article,non_numeric_or_complex,unknown,6
journal_a00c9347fa743603,Wiley,journal-issue,missing,unknown,113
journal_a09ca3d405b3ee2d,MIT Press,journal-article,explicit_numeric_range,1-3,109
journal_a09ca3d405b3ee2d,MIT Press,journal-article,explicit_numeric_range,10-19,16
journal_a09ca3d405b3ee2d,MIT Press,journal-article,explicit_numeric_range,20-39,112
journal_a09ca3d405b3ee2d,MIT Press,journal-article,explicit_numeric_range,4-9,45
journal_a09ca3d405b3ee2d,MIT Press,journal-article,explicit_numeric_range,40-200,31
journal_a09ca3d405b3ee2d,MIT Press,journal-article,non_numeric_or_complex,unknown,8
journal_a09ca3d405b3ee2d,MIT Press - Journals,journal-article,explicit_numeric_range,1-3,1189
journal_a09ca3d405b3ee2d,MIT Press - Journals,journal-article,explicit_numeric_range,10-19,57
journal_a09ca3d405b3ee2d,MIT Press - Journals,journal-article,explicit_numeric_range,20-39,299
journal_a09ca3d405b3ee2d,MIT Press - Journals,journal-article,explicit_numeric_range,4-9,251
journal_a09ca3d405b3ee2d,MIT Press - Journals,journal-article,explicit_numeric_range,40-200,81
journal_a09ca3d405b3ee2d,MIT Press - Journals,journal-article,non_numeric_or_complex,unknown,54
journal_a09ca3d405b3ee2d,MIT Press - Journals,journal-issue,missing,unknown,36
journal_a0ecba92e4f263e1,SAGE Publications,journal-article,explicit_numeric_range,1-3,263
journal_a0ecba92e4f263e1,SAGE Publications,journal-article,explicit_numeric_range,10-19,616
journal_a0ecba92e4f263e1,SAGE Publications,journal-article,explicit_numeric_range,20-39,526
journal_a0ecba92e4f263e1,SAGE Publications,journal-article,explicit_numeric_range,4-9,138
journal_a0ecba92e4f263e1,SAGE Publications,journal-article,explicit_numeric_range,40-200,9
journal_a0ecba92e4f263e1,SAGE Publications,journal-article,missing,unknown,27
journal_a0ecba92e4f263e1,SAGE Publications,journal-article,non_numeric_or_complex,unknown,1
journal_a13036715c908b55,Ateneo de Manila University,journal-article,explicit_numeric_range,1-3,17
journal_a13036715c908b55,Ateneo de Manila University,journal-article,explicit_numeric_range,10-19,8
journal_a13036715c908b55,Ateneo de Manila University,journal-article,explicit_numeric_range,20-39,31
journal_a13036715c908b55,Ateneo de Manila University,journal-article,explicit_numeric_range,4-9,40
journal_a13036715c908b55,Ateneo de Manila University,journal-article,explicit_numeric_range,40-200,5
journal_a13036715c908b55,Ateneo de Manila University,journal-article,missing,unknown,4031
journal_a13036715c908b55,Ateneo de Manila University,journal-article,non_numeric_or_complex,unknown,1
journal_a13036715c908b55,Ateneo de Manila University,journal-issue,missing,unknown,10
journal_a13036715c908b55,Project MUSE,journal-article,explicit_numeric_range,1-3,53
journal_a13036715c908b55,Project MUSE,journal-article,explicit_numeric_range,10-19,34
journal_a13036715c908b55,Project MUSE,journal-article,explicit_numeric_range,20-39,136
journal_a13036715c908b55,Project MUSE,journal-article,explicit_numeric_range,4-9,147
journal_a13036715c908b55,Project MUSE,journal-article,explicit_numeric_range,40-200,15
journal_a3c5811a564c9812,Walter de Gruyter GmbH,journal-article,explicit_numeric_range,1-3,36
journal_a3c5811a564c9812,Walter de Gruyter GmbH,journal-article,explicit_numeric_range,10-19,41
journal_a3c5811a564c9812,Walter de Gruyter GmbH,journal-article,explicit_numeric_range,20-39,136
journal_a3c5811a564c9812,Walter de Gruyter GmbH,journal-article,explicit_numeric_range,4-9,57
journal_a3c5811a564c9812,Walter de Gruyter GmbH,journal-article,explicit_numeric_range,40-200,6
journal_a3c5811a564c9812,Walter de Gruyter GmbH,journal-article,non_numeric_or_complex,unknown,4
journal_a3c5811a564c9812,Walter de Gruyter GmbH,journal-article,start_only,unknown,1
journal_a43b2d9e9ee6d8b0,Informa UK Limited,journal-article,explicit_numeric_range,1-3,625
journal_a43b2d9e9ee6d8b0,Informa UK Limited,journal-article,explicit_numeric_range,10-19,401
journal_a43b2d9e9ee6d8b0,Informa UK Limited,journal-article,explicit_numeric_range,20-39,772
journal_a43b2d9e9ee6d8b0,Informa UK Limited,journal-article,explicit_numeric_range,4-9,140
journal_a43b2d9e9ee6d8b0,Informa UK Limited,journal-article,explicit_numeric_range,40-200,17
journal_a43b2d9e9ee6d8b0,Informa UK Limited,journal-article,missing,unknown,3
journal_a43b2d9e9ee6d8b0,Informa UK Limited,journal-article,non_numeric_or_complex,unknown,45
journal_a47aa9a4395e5225,National Library of Serbia,journal-article,explicit_numeric_range,10-19,143
journal_a47aa9a4395e5225,National Library of Serbia,journal-article,explicit_numeric_range,20-39,78
journal_a47aa9a4395e5225,National Library of Serbia,journal-article,explicit_numeric_range,4-9,47
journal_a47aa9a4395e5225,National Library of Serbia,journal-article,explicit_numeric_range,40-200,3
journal_a5ffa3668c8cb0b3,Cambridge University Press (CUP),journal-article,explicit_numeric_range,1-3,298
journal_a5ffa3668c8cb0b3,Cambridge University Press (CUP),journal-article,explicit_numeric_range,10-19,608
journal_a5ffa3668c8cb0b3,Cambridge University Press (CUP),journal-article,explicit_numeric_range,20-39,915
journal_a5ffa3668c8cb0b3,Cambridge University Press (CUP),journal-article,explicit_numeric_range,4-9,235
journal_a5ffa3668c8cb0b3,Cambridge University Press (CUP),journal-article,explicit_numeric_range,40-200,120
journal_a5ffa3668c8cb0b3,Cambridge University Press (CUP),journal-article,missing,unknown,1
journal_a5ffa3668c8cb0b3,Cambridge University Press (CUP),journal-article,non_numeric_or_complex,unknown,205
journal_a5ffa3668c8cb0b3,Cambridge University Press (CUP),journal-article,start_only,unknown,56
journal_a60d063c840e1fcd,Cambridge University Press (CUP),journal-article,explicit_numeric_range,1-3,3621
journal_a60d063c840e1fcd,Cambridge University Press (CUP),journal-article,explicit_numeric_range,10-19,670
journal_a60d063c840e1fcd,Cambridge University Press (CUP),journal-article,explicit_numeric_range,20-39,776
journal_a60d063c840e1fcd,Cambridge University Press (CUP),journal-article,explicit_numeric_range,4-9,306
journal_a60d063c840e1fcd,Cambridge University Press (CUP),journal-article,explicit_numeric_range,40-200,519
journal_a60d063c840e1fcd,Cambridge University Press (CUP),journal-article,missing,unknown,54
journal_a60d063c840e1fcd,Cambridge University Press (CUP),journal-article,non_numeric_or_complex,unknown,348
journal_a67e93621de863b1,Walter de Gruyter GmbH,journal-article,explicit_numeric_range,1-3,100
journal_a67e93621de863b1,Walter de Gruyter GmbH,journal-article,explicit_numeric_range,10-19,77
journal_a67e93621de863b1,Walter de Gruyter GmbH,journal-article,explicit_numeric_range,20-39,350
journal_a67e93621de863b1,Walter de Gruyter GmbH,journal-article,explicit_numeric_range,4-9,25
journal_a67e93621de863b1,Walter de Gruyter GmbH,journal-article,explicit_numeric_range,40-200,15
journal_a67e93621de863b1,Walter de Gruyter GmbH,journal-article,missing,unknown,3
journal_a67e93621de863b1,Walter de Gruyter GmbH,journal-article,non_numeric_or_complex,unknown,27
journal_a67e93621de863b1,Walter de Gruyter GmbH,journal-article,range_needs_review,unknown,1
journal_a67e93621de863b1,Walter de Gruyter GmbH,journal-article,start_only,unknown,1
journal_a67e93621de863b1,Walter de Gruyter GmbH,journal-issue,missing,unknown,23
journal_a6e068f32590fd4a,Indiana University Press,journal-article,explicit_numeric_range,20-39,3
journal_a6e068f32590fd4a,Indiana University Press,journal-article,explicit_numeric_range,4-9,1
journal_a6e068f32590fd4a,Indiana University Press,journal-article,missing,unknown,1
journal_a6e068f32590fd4a,University of Illinois Press,journal-article,explicit_numeric_range,1-3,1132
journal_a6e068f32590fd4a,University of Illinois Press,journal-article,explicit_numeric_range,10-19,213
journal_a6e068f32590fd4a,University of Illinois Press,journal-article,explicit_numeric_range,20-39,72
journal_a6e068f32590fd4a,University of Illinois Press,journal-article,explicit_numeric_range,4-9,97
journal_a6e068f32590fd4a,University of Illinois Press,journal-article,missing,unknown,31
journal_a6e068f32590fd4a,University of Illinois Press,journal-article,non_numeric_or_complex,unknown,1
journal_a8aa6b4722fceb2e,Informa UK Limited,journal-article,explicit_numeric_range,1-3,484
journal_a8aa6b4722fceb2e,Informa UK Limited,journal-article,explicit_numeric_range,10-19,431
journal_a8aa6b4722fceb2e,Informa UK Limited,journal-article,explicit_numeric_range,20-39,418
journal_a8aa6b4722fceb2e,Informa UK Limited,journal-article,explicit_numeric_range,4-9,191
journal_a8aa6b4722fceb2e,Informa UK Limited,journal-article,explicit_numeric_range,40-200,21
journal_a8aa6b4722fceb2e,Informa UK Limited,journal-article,non_numeric_or_complex,unknown,6
journal_aa1243d525819115,JSTOR,journal-article,missing,unknown,3
journal_aa1243d525819115,JSTOR,journal-article,non_numeric_or_complex,unknown,4
journal_aa1243d525819115,JSTOR,journal-article,start_only,unknown,8773
journal_aa1243d525819115,Wiley,journal-article,explicit_numeric_range,1-3,2357
journal_aa1243d525819115,Wiley,journal-article,explicit_numeric_range,10-19,913
journal_aa1243d525819115,Wiley,journal-article,explicit_numeric_range,20-39,1379
journal_aa1243d525819115,Wiley,journal-article,explicit_numeric_range,4-9,532
journal_aa1243d525819115,Wiley,journal-article,explicit_numeric_range,40-200,192
journal_aa1243d525819115,Wiley,journal-article,missing,unknown,88
journal_aa1243d525819115,Wiley,journal-article,non_numeric_or_complex,unknown,2
journal_aa1243d525819115,Wiley,journal-article,range_needs_review,unknown,1
journal_aa1243d525819115,Wiley,journal-issue,missing,unknown,331
journal_ab2613b233799692,Walter de Gruyter GmbH,journal-article,explicit_numeric_range,1-3,220
journal_ab2613b233799692,Walter de Gruyter GmbH,journal-article,explicit_numeric_range,10-19,342
journal_ab2613b233799692,Walter de Gruyter GmbH,journal-article,explicit_numeric_range,20-39,331
journal_ab2613b233799692,Walter de Gruyter GmbH,journal-article,explicit_numeric_range,4-9,345
journal_ab2613b233799692,Walter de Gruyter GmbH,journal-article,explicit_numeric_range,40-200,48
journal_ab2613b233799692,Walter de Gruyter GmbH,journal-article,non_numeric_or_complex,unknown,21
journal_ab2613b233799692,Walter de Gruyter GmbH,journal-article,start_only,unknown,82
journal_abdcba84ad2aa0dc,Cambridge University Press (CUP),journal-article,explicit_numeric_range,1-3,3878
journal_abdcba84ad2aa0dc,Cambridge University Press (CUP),journal-article,explicit_numeric_range,10-19,514
journal_abdcba84ad2aa0dc,Cambridge University Press (CUP),journal-article,explicit_numeric_range,20-39,700
journal_abdcba84ad2aa0dc,Cambridge University Press (CUP),journal-article,explicit_numeric_range,4-9,357
journal_abdcba84ad2aa0dc,Cambridge University Press (CUP),journal-article,explicit_numeric_range,40-200,78
journal_abdcba84ad2aa0dc,Cambridge University Press (CUP),journal-article,missing,unknown,2
journal_abdcba84ad2aa0dc,Cambridge University Press (CUP),journal-article,non_numeric_or_complex,unknown,348
journal_abfd10f3a0d4ea8e,SAGE Publications,journal-article,explicit_numeric_range,1-3,888
journal_abfd10f3a0d4ea8e,SAGE Publications,journal-article,explicit_numeric_range,10-19,152
journal_abfd10f3a0d4ea8e,SAGE Publications,journal-article,explicit_numeric_range,20-39,116
journal_abfd10f3a0d4ea8e,SAGE Publications,journal-article,explicit_numeric_range,4-9,136
journal_abfd10f3a0d4ea8e,SAGE Publications,journal-article,explicit_numeric_range,40-200,18
journal_abfd10f3a0d4ea8e,SAGE Publications,journal-article,missing,unknown,10
journal_abfd10f3a0d4ea8e,SAGE Publications,journal-article,non_numeric_or_complex,unknown,1
journal_adee8b7eb5501f25,Liverpool University Press,journal-article,explicit_numeric_range,1-3,35
journal_adee8b7eb5501f25,Liverpool University Press,journal-article,explicit_numeric_range,10-19,93
journal_adee8b7eb5501f25,Liverpool University Press,journal-article,explicit_numeric_range,20-39,196
journal_adee8b7eb5501f25,Liverpool University Press,journal-article,explicit_numeric_range,4-9,54
journal_adee8b7eb5501f25,Liverpool University Press,journal-article,explicit_numeric_range,40-200,36
journal_adee8b7eb5501f25,Liverpool University Press,journal-article,missing,unknown,5
journal_adee8b7eb5501f25,Liverpool University Press,journal-issue,missing,unknown,4
journal_aefa3b842e9299d0,Brepols Publishers NV,journal-article,explicit_numeric_range,1-3,154
journal_aefa3b842e9299d0,Brepols Publishers NV,journal-article,explicit_numeric_range,10-19,13
journal_aefa3b842e9299d0,Brepols Publishers NV,journal-article,explicit_numeric_range,20-39,82
journal_aefa3b842e9299d0,Brepols Publishers NV,journal-article,explicit_numeric_range,4-9,23
journal_aefa3b842e9299d0,Brepols Publishers NV,journal-article,explicit_numeric_range,40-200,10
journal_aefa3b842e9299d0,Brepols Publishers NV,journal-article,missing,unknown,1
journal_aefa3b842e9299d0,Brepols Publishers NV,journal-article,non_numeric_or_complex,unknown,8
journal_aefa3b842e9299d0,Brepols Publishers NV,journal-issue,missing,unknown,14
journal_af321c83d77f929c,CAIRN,journal-article,explicit_numeric_range,1-3,4
journal_af321c83d77f929c,CAIRN,journal-article,explicit_numeric_range,10-19,28
journal_af321c83d77f929c,CAIRN,journal-article,explicit_numeric_range,20-39,37
journal_af321c83d77f929c,CAIRN,journal-article,explicit_numeric_range,4-9,22
journal_af321c83d77f929c,CAIRN,journal-article,explicit_numeric_range,40-200,9
journal_af321c83d77f929c,CAIRN.INFO,journal-article,explicit_numeric_range,10-19,4
journal_af321c83d77f929c,CAIRN.INFO,journal-article,explicit_numeric_range,20-39,2
journal_af9eb2a59f476770,JSTOR,journal-article,missing,unknown,1
journal_af9eb2a59f476770,JSTOR,journal-article,start_only,unknown,28
journal_af9eb2a59f476770,Oxford University Press (OUP),journal-article,explicit_numeric_range,1-3,11328
journal_af9eb2a59f476770,Oxford University Press (OUP),journal-article,explicit_numeric_range,10-19,345
journal_af9eb2a59f476770,Oxford University Press (OUP),journal-article,explicit_numeric_range,20-39,535
journal_af9eb2a59f476770,Oxford University Press (OUP),journal-article,explicit_numeric_range,4-9,614
journal_af9eb2a59f476770,Oxford University Press (OUP),journal-article,explicit_numeric_range,40-200,97
journal_af9eb2a59f476770,Oxford University Press (OUP),journal-article,missing,unknown,118
journal_af9eb2a59f476770,Oxford University Press (OUP),journal-article,non_numeric_or_complex,unknown,247
journal_af9eb2a59f476770,Oxford University Press (OUP),journal-article,start_only,unknown,21986
journal_b02e7da77e614967,Early Modern Low Countries,journal-article,explicit_numeric_range,1-3,74
journal_b02e7da77e614967,Early Modern Low Countries,journal-article,explicit_numeric_range,10-19,26
journal_b02e7da77e614967,Early Modern Low Countries,journal-article,explicit_numeric_range,20-39,66
journal_b02e7da77e614967,Early Modern Low Countries,journal-article,explicit_numeric_range,4-9,17
journal_b02e7da77e614967,Early Modern Low Countries,journal-article,explicit_numeric_range,40-200,3
journal_b02e7da77e614967,Early Modern Low Countries,journal-article,missing,unknown,24
journal_b02e7da77e614967,Uopen Journals,journal-article,explicit_numeric_range,1-3,6
journal_b02e7da77e614967,Uopen Journals,journal-article,explicit_numeric_range,10-19,1
journal_b02e7da77e614967,Uopen Journals,journal-article,explicit_numeric_range,20-39,1
journal_b02e7da77e614967,Uopen Journals,journal-article,explicit_numeric_range,4-9,2
journal_b02e7da77e614967,Uopen Journals,journal-article,start_only,unknown,24
journal_b07a7af7b61dace6,Informa UK Limited,journal-article,explicit_numeric_range,1-3,961
journal_b07a7af7b61dace6,Informa UK Limited,journal-article,explicit_numeric_range,10-19,565
journal_b07a7af7b61dace6,Informa UK Limited,journal-article,explicit_numeric_range,20-39,299
journal_b07a7af7b61dace6,Informa UK Limited,journal-article,explicit_numeric_range,4-9,193
journal_b07a7af7b61dace6,Informa UK Limited,journal-article,explicit_numeric_range,40-200,8
journal_b07a7af7b61dace6,Informa UK Limited,journal-article,non_numeric_or_complex,unknown,44
journal_b08fd4802c40b034,JSTOR,journal-article,start_only,unknown,7171
journal_b08fd4802c40b034,MIT Press,journal-article,explicit_numeric_range,1-3,46
journal_b08fd4802c40b034,MIT Press,journal-article,explicit_numeric_range,10-19,18
journal_b08fd4802c40b034,MIT Press,journal-article,explicit_numeric_range,20-39,72
journal_b08fd4802c40b034,MIT Press,journal-article,explicit_numeric_range,4-9,88
journal_b08fd4802c40b034,MIT Press,journal-article,explicit_numeric_range,40-200,8
journal_b08fd4802c40b034,MIT Press - Journals,journal-article,explicit_numeric_range,1-3,465
journal_b08fd4802c40b034,MIT Press - Journals,journal-article,explicit_numeric_range,10-19,59
journal_b08fd4802c40b034,MIT Press - Journals,journal-article,explicit_numeric_range,20-39,186
journal_b08fd4802c40b034,MIT Press - Journals,journal-article,explicit_numeric_range,4-9,338
journal_b08fd4802c40b034,MIT Press - Journals,journal-article,explicit_numeric_range,40-200,42
journal_b08fd4802c40b034,MIT Press - Journals,journal-article,non_numeric_or_complex,unknown,4
journal_b08fd4802c40b034,MIT Press - Journals,journal-issue,missing,unknown,7
journal_b11573f4d81e9f89,JSTOR,journal-article,explicit_numeric_range,1-3,48
journal_b11573f4d81e9f89,JSTOR,journal-article,explicit_numeric_range,10-19,8
journal_b11573f4d81e9f89,JSTOR,journal-article,explicit_numeric_range,20-39,12
journal_b11573f4d81e9f89,JSTOR,journal-article,explicit_numeric_range,4-9,9
journal_b11573f4d81e9f89,The Pennsylvania State University Press,journal-article,explicit_numeric_range,1-3,238
journal_b11573f4d81e9f89,The Pennsylvania State University Press,journal-article,explicit_numeric_range,10-19,23
journal_b11573f4d81e9f89,The Pennsylvania State University Press,journal-article,explicit_numeric_range,20-39,76
journal_b11573f4d81e9f89,The Pennsylvania State University Press,journal-article,explicit_numeric_range,4-9,17
journal_b11573f4d81e9f89,The Pennsylvania State University Press,journal-article,explicit_numeric_range,40-200,1
journal_b11573f4d81e9f89,The Pennsylvania State University Press,journal-article,missing,unknown,2
journal_b11573f4d81e9f89,The Pennsylvania State University Press,journal-article,non_numeric_or_complex,unknown,16
journal_b11573f4d81e9f89,The Pennsylvania State University Press,journal-article,start_only,unknown,22
journal_b20b0d03cbc378be,Informa UK Limited,journal-article,explicit_numeric_range,1-3,1162
journal_b20b0d03cbc378be,Informa UK Limited,journal-article,explicit_numeric_range,10-19,448
journal_b20b0d03cbc378be,Informa UK Limited,journal-article,explicit_numeric_range,20-39,193
journal_b20b0d03cbc378be,Informa UK Limited,journal-article,explicit_numeric_range,4-9,408
journal_b20b0d03cbc378be,Informa UK Limited,journal-article,explicit_numeric_range,40-200,6
journal_b20b0d03cbc378be,Informa UK Limited,journal-article,missing,unknown,5
journal_b20b0d03cbc378be,Informa UK Limited,journal-article,non_numeric_or_complex,unknown,74
journal_b20b0d03cbc378be,Informa UK Limited,journal-article,range_needs_review,unknown,1
journal_b29c1b490cd7f2af,JSTOR,journal-article,start_only,unknown,2392
journal_b2aca6e2c5b0a211,Oxford University Press (OUP),journal-article,explicit_numeric_range,1-3,166
journal_b2aca6e2c5b0a211,Oxford University Press (OUP),journal-article,explicit_numeric_range,10-19,363
journal_b2aca6e2c5b0a211,Oxford University Press (OUP),journal-article,explicit_numeric_range,20-39,1274
journal_b2aca6e2c5b0a211,Oxford University Press (OUP),journal-article,explicit_numeric_range,4-9,221
journal_b2aca6e2c5b0a211,Oxford University Press (OUP),journal-article,explicit_numeric_range,40-200,364
journal_b2aca6e2c5b0a211,Oxford University Press (OUP),journal-article,missing,unknown,40
journal_b2aca6e2c5b0a211,Oxford University Press (OUP),journal-article,non_numeric_or_complex,unknown,60
journal_b2aca6e2c5b0a211,Oxford University Press (OUP),journal-article,reversed_range,unknown,1
journal_b2c77d0bf6c9b20c,University of Chicago Press,journal-article,explicit_numeric_range,1-3,30
journal_b2c77d0bf6c9b20c,University of Chicago Press,journal-article,explicit_numeric_range,10-19,20
journal_b2c77d0bf6c9b20c,University of Chicago Press,journal-article,explicit_numeric_range,20-39,97
journal_b2c77d0bf6c9b20c,University of Chicago Press,journal-article,explicit_numeric_range,4-9,7
journal_b2c77d0bf6c9b20c,University of Chicago Press,journal-article,explicit_numeric_range,40-200,14
journal_b2c77d0bf6c9b20c,University of Chicago Press,journal-article,missing,unknown,37
journal_b333afd6f217e269,Informa UK Limited,journal-article,explicit_numeric_range,1-3,105
journal_b333afd6f217e269,Informa UK Limited,journal-article,explicit_numeric_range,10-19,590
journal_b333afd6f217e269,Informa UK Limited,journal-article,explicit_numeric_range,20-39,498
journal_b333afd6f217e269,Informa UK Limited,journal-article,explicit_numeric_range,4-9,153
journal_b333afd6f217e269,Informa UK Limited,journal-article,explicit_numeric_range,40-200,21
journal_b333afd6f217e269,Informa UK Limited,journal-article,missing,unknown,1
journal_b333afd6f217e269,Informa UK Limited,journal-article,non_numeric_or_complex,unknown,137
journal_b333afd6f217e269,Informa UK Limited,journal-article,start_only,unknown,126
journal_b3ca8061d47a3438,Cambridge University Press (CUP),journal-article,explicit_numeric_range,1-3,202
journal_b3ca8061d47a3438,Cambridge University Press (CUP),journal-article,explicit_numeric_range,10-19,27
journal_b3ca8061d47a3438,Cambridge University Press (CUP),journal-article,explicit_numeric_range,20-39,212
journal_b3ca8061d47a3438,Cambridge University Press (CUP),journal-article,explicit_numeric_range,4-9,27
journal_b3ca8061d47a3438,Cambridge University Press (CUP),journal-article,explicit_numeric_range,40-200,29
journal_b3ca8061d47a3438,Cambridge University Press (CUP),journal-article,non_numeric_or_complex,unknown,137
journal_b3ca8061d47a3438,JSTOR,journal-article,start_only,unknown,458
journal_b3ca8061d47a3438,"Ubiquity Press, Ltd.",journal-article,missing,unknown,4
journal_b43fdf40584be57d,CAIRN,journal-article,explicit_numeric_range,1-3,122
journal_b43fdf40584be57d,CAIRN,journal-article,explicit_numeric_range,10-19,255
journal_b43fdf40584be57d,CAIRN,journal-article,explicit_numeric_range,20-39,98
journal_b43fdf40584be57d,CAIRN,journal-article,explicit_numeric_range,4-9,153
journal_b43fdf40584be57d,CAIRN,journal-article,non_numeric_or_complex,unknown,153
journal_b43fdf40584be57d,CAIRN.INFO,journal-article,explicit_numeric_range,1-3,8
journal_b43fdf40584be57d,CAIRN.INFO,journal-article,explicit_numeric_range,10-19,13
journal_b43fdf40584be57d,CAIRN.INFO,journal-article,explicit_numeric_range,20-39,19
journal_b43fdf40584be57d,CAIRN.INFO,journal-article,explicit_numeric_range,4-9,5
journal_b5b188191ea8d9f7,Cambridge University Press (CUP),journal-article,explicit_numeric_range,1-3,9975
journal_b5b188191ea8d9f7,Cambridge University Press (CUP),journal-article,explicit_numeric_range,10-19,1232
journal_b5b188191ea8d9f7,Cambridge University Press (CUP),journal-article,explicit_numeric_range,20-39,1526
journal_b5b188191ea8d9f7,Cambridge University Press (CUP),journal-article,explicit_numeric_range,4-9,3052
journal_b5b188191ea8d9f7,Cambridge University Press (CUP),journal-article,explicit_numeric_range,40-200,105
journal_b5b188191ea8d9f7,Cambridge University Press (CUP),journal-article,non_numeric_or_complex,unknown,1484
journal_b5b188191ea8d9f7,Cambridge University Press (CUP),journal-article,range_needs_review,unknown,1
journal_b5b188191ea8d9f7,Cambridge University Press (CUP),journal-article,reversed_range,unknown,1
journal_b5b188191ea8d9f7,Cambridge University Press (CUP),journal-article,start_only,unknown,2
journal_b5b188191ea8d9f7,PERSEE Program,journal-article,explicit_numeric_range,1-3,1
journal_b5b188191ea8d9f7,PERSEE Program,journal-article,explicit_numeric_range,20-39,1
journal_b5b188191ea8d9f7,PERSEE Program,journal-article,explicit_numeric_range,4-9,1
journal_b5b188191ea8d9f7,Project MUSE,journal-article,explicit_numeric_range,1-3,438
journal_b5b188191ea8d9f7,Project MUSE,journal-article,explicit_numeric_range,10-19,26
journal_b5b188191ea8d9f7,Project MUSE,journal-article,explicit_numeric_range,20-39,49
journal_b5b188191ea8d9f7,Project MUSE,journal-article,explicit_numeric_range,4-9,91
journal_b5b188191ea8d9f7,Project MUSE,journal-article,explicit_numeric_range,40-200,4
journal_b5b188191ea8d9f7,Project MUSE,journal-article,non_numeric_or_complex,unknown,20
journal_b5b188191ea8d9f7,Project MUSE,journal-article,start_only,unknown,1
journal_b5cc1afac0a59b60,Central Library of the Slovak Academy of Sciences,journal-article,explicit_numeric_range,10-19,26
journal_b5cc1afac0a59b60,Central Library of the Slovak Academy of Sciences,journal-article,explicit_numeric_range,20-39,6
journal_b5cc1afac0a59b60,Central Library of the Slovak Academy of Sciences,journal-article,explicit_numeric_range,4-9,7
journal_b5cc1afac0a59b60,Central Library of the Slovak Academy of Sciences,journal-article,missing,unknown,95
journal_b8545866db1e00ae,Informa UK Limited,journal-article,explicit_numeric_range,1-3,98
journal_b8545866db1e00ae,Informa UK Limited,journal-article,explicit_numeric_range,10-19,279
journal_b8545866db1e00ae,Informa UK Limited,journal-article,explicit_numeric_range,20-39,362
journal_b8545866db1e00ae,Informa UK Limited,journal-article,explicit_numeric_range,4-9,135
journal_b8545866db1e00ae,Informa UK Limited,journal-article,explicit_numeric_range,40-200,26
journal_b8545866db1e00ae,Informa UK Limited,journal-article,missing,unknown,1
journal_b8545866db1e00ae,Informa UK Limited,journal-article,non_numeric_or_complex,unknown,39
journal_b87bc42725143f37,Uniwersytet Jagiellonski - Wydawnictwo Uniwersytetu Jagiellonskiego,journal-article,expanded_abbreviated_range,10-19,1
journal_b87bc42725143f37,Uniwersytet Jagiellonski - Wydawnictwo Uniwersytetu Jagiellonskiego,journal-article,explicit_numeric_range,1-3,44
journal_b87bc42725143f37,Uniwersytet Jagiellonski - Wydawnictwo Uniwersytetu Jagiellonskiego,journal-article,explicit_numeric_range,10-19,38
journal_b87bc42725143f37,Uniwersytet Jagiellonski - Wydawnictwo Uniwersytetu Jagiellonskiego,journal-article,explicit_numeric_range,20-39,30
journal_b87bc42725143f37,Uniwersytet Jagiellonski - Wydawnictwo Uniwersytetu Jagiellonskiego,journal-article,explicit_numeric_range,4-9,26
journal_b87bc42725143f37,Uniwersytet Jagiellonski - Wydawnictwo Uniwersytetu Jagiellonskiego,journal-article,explicit_numeric_range,40-200,3
journal_b87bc42725143f37,Uniwersytet Jagiellonski - Wydawnictwo Uniwersytetu Jagiellonskiego,journal-article,missing,unknown,35
journal_b87bc42725143f37,Uniwersytet Jagiellonski - Wydawnictwo Uniwersytetu Jagiellonskiego,journal-article,range_needs_review,unknown,1
journal_b87bc42725143f37,Uniwersytet Jagiellonski - Wydawnictwo Uniwersytetu Jagiellonskiego,journal-article,start_only,unknown,52
journal_b8bc3aaecbd1501f,University of Chicago Press,journal-article,explicit_numeric_range,1-3,2387
journal_b8bc3aaecbd1501f,University of Chicago Press,journal-article,explicit_numeric_range,10-19,194
journal_b8bc3aaecbd1501f,University of Chicago Press,journal-article,explicit_numeric_range,20-39,558
journal_b8bc3aaecbd1501f,University of Chicago Press,journal-article,explicit_numeric_range,4-9,279
journal_b8bc3aaecbd1501f,University of Chicago Press,journal-article,explicit_numeric_range,40-200,14
journal_b8bc3aaecbd1501f,University of Chicago Press,journal-article,missing,unknown,162
journal_b8bc3aaecbd1501f,University of Chicago Press,journal-article,non_numeric_or_complex,unknown,22
journal_b8bc3aaecbd1501f,University of Chicago Press,journal-article,range_needs_review,unknown,5
journal_b8bc3aaecbd1501f,University of Chicago Press,journal-article,start_only,unknown,1
journal_b94d9fb6ecebd296,Sveuciliste u Mostaru,journal-article,explicit_numeric_range,10-19,22
journal_b94d9fb6ecebd296,Sveuciliste u Mostaru,journal-article,explicit_numeric_range,20-39,78
journal_b94d9fb6ecebd296,Sveuciliste u Mostaru,journal-article,explicit_numeric_range,40-200,23
journal_b94d9fb6ecebd296,Sveuciliste u Mostaru,journal-article,missing,unknown,1
journal_b94d9fb6ecebd296,Sveuciliste u Mostaru,journal-issue,missing,unknown,12
journal_bb186df994dfcc83,Cambridge University Press (CUP),journal-article,explicit_numeric_range,1-3,531
journal_bb186df994dfcc83,Cambridge University Press (CUP),journal-article,explicit_numeric_range,10-19,363
journal_bb186df994dfcc83,Cambridge University Press (CUP),journal-article,explicit_numeric_range,20-39,408
journal_bb186df994dfcc83,Cambridge University Press (CUP),journal-article,explicit_numeric_range,4-9,473
journal_bb186df994dfcc83,Cambridge University Press (CUP),journal-article,explicit_numeric_range,40-200,4
journal_bb186df994dfcc83,Cambridge University Press (CUP),journal-article,non_numeric_or_complex,unknown,188
journal_bb186df994dfcc83,Cambridge University Press (CUP),journal-article,start_only,unknown,1
journal_bbcb45648f11880b,University of Wisconsin Press,journal-article,explicit_numeric_range,1-3,10
journal_bbcb45648f11880b,University of Wisconsin Press,journal-article,explicit_numeric_range,10-19,24
journal_bbcb45648f11880b,University of Wisconsin Press,journal-article,explicit_numeric_range,20-39,117
journal_bbcb45648f11880b,University of Wisconsin Press,journal-article,explicit_numeric_range,4-9,12
journal_bbcb45648f11880b,University of Wisconsin Press,journal-article,explicit_numeric_range,40-200,4
journal_bbcb45648f11880b,University of Wisconsin Press,journal-article,start_only,unknown,757
journal_bc9a224a0c7ddec6,Walter de Gruyter GmbH,journal-article,explicit_numeric_range,1-3,65
journal_bc9a224a0c7ddec6,Walter de Gruyter GmbH,journal-article,explicit_numeric_range,10-19,20
journal_bc9a224a0c7ddec6,Walter de Gruyter GmbH,journal-article,explicit_numeric_range,20-39,98
journal_bc9a224a0c7ddec6,Walter de Gruyter GmbH,journal-article,explicit_numeric_range,4-9,46
journal_bc9a224a0c7ddec6,Walter de Gruyter GmbH,journal-article,explicit_numeric_range,40-200,6
journal_bc9a224a0c7ddec6,Walter de Gruyter GmbH,journal-article,non_numeric_or_complex,unknown,4
journal_bc9a224a0c7ddec6,Walter de Gruyter GmbH,journal-article,start_only,unknown,3
journal_bcbdf33aaac0ed1d,Informa UK Limited,journal-article,explicit_numeric_range,1-3,786
journal_bcbdf33aaac0ed1d,Informa UK Limited,journal-article,explicit_numeric_range,10-19,506
journal_bcbdf33aaac0ed1d,Informa UK Limited,journal-article,explicit_numeric_range,20-39,328
journal_bcbdf33aaac0ed1d,Informa UK Limited,journal-article,explicit_numeric_range,4-9,214
journal_bcbdf33aaac0ed1d,Informa UK Limited,journal-article,explicit_numeric_range,40-200,9
journal_bcbdf33aaac0ed1d,Informa UK Limited,journal-article,non_numeric_or_complex,unknown,16
journal_bd5a46a99fe5bd14,"El Colegio de Mexico, A.C.",journal-article,explicit_numeric_range,1-3,17
journal_bd5a46a99fe5bd14,"El Colegio de Mexico, A.C.",journal-article,explicit_numeric_range,10-19,68
journal_bd5a46a99fe5bd14,"El Colegio de Mexico, A.C.",journal-article,explicit_numeric_range,20-39,92
journal_bd5a46a99fe5bd14,"El Colegio de Mexico, A.C.",journal-article,explicit_numeric_range,4-9,614
journal_bd5a46a99fe5bd14,"El Colegio de Mexico, A.C.",journal-article,explicit_numeric_range,40-200,270
journal_bd5a46a99fe5bd14,"El Colegio de Mexico, A.C.",journal-article,missing,unknown,237
journal_bd5a46a99fe5bd14,"El Colegio de Mexico, A.C.",journal-article,reversed_range,unknown,1
journal_bd5a46a99fe5bd14,"El Colegio de Mexico, A.C.",journal-article,start_only,unknown,17
journal_be8760a9bb1f774e,Liverpool University Press,journal-article,explicit_numeric_range,1-3,110
journal_be8760a9bb1f774e,Liverpool University Press,journal-article,explicit_numeric_range,10-19,173
journal_be8760a9bb1f774e,Liverpool University Press,journal-article,explicit_numeric_range,20-39,176
journal_be8760a9bb1f774e,Liverpool University Press,journal-article,explicit_numeric_range,4-9,67
journal_be8760a9bb1f774e,Liverpool University Press,journal-article,explicit_numeric_range,40-200,11
journal_be8760a9bb1f774e,Liverpool University Press,journal-article,missing,unknown,8
journal_be8760a9bb1f774e,Liverpool University Press,journal-issue,missing,unknown,18
journal_bff810e388b95a3f,JSTOR,journal-article,start_only,unknown,874
journal_bff810e388b95a3f,The Michigan Historical Review (Project Muse),journal-article,missing,unknown,32
journal_bff810e388b95a3f,The Michigan Historical Review (Project Muse),journal-article,non_numeric_or_complex,unknown,24
journal_bff810e388b95a3f,The Michigan Historical Review (Project Muse),journal-article,start_only,unknown,451
journal_c1e5fe398786a42c,Duke University Press,journal-article,explicit_numeric_range,1-3,10
journal_c1e5fe398786a42c,Duke University Press,journal-article,explicit_numeric_range,10-19,60
journal_c1e5fe398786a42c,Duke University Press,journal-article,explicit_numeric_range,20-39,99
journal_c1e5fe398786a42c,Duke University Press,journal-article,explicit_numeric_range,4-9,48
journal_c1e5fe398786a42c,Duke University Press,journal-article,explicit_numeric_range,40-200,2
journal_c1e5fe398786a42c,Duke University Press,journal-article,non_numeric_or_complex,unknown,18
journal_c234c6c00846d8e3,Brepols Publishers NV,journal-article,explicit_numeric_range,1-3,506
journal_c234c6c00846d8e3,Brepols Publishers NV,journal-article,explicit_numeric_range,10-19,492
journal_c234c6c00846d8e3,Brepols Publishers NV,journal-article,explicit_numeric_range,20-39,446
journal_c234c6c00846d8e3,Brepols Publishers NV,journal-article,explicit_numeric_range,4-9,344
journal_c234c6c00846d8e3,Brepols Publishers NV,journal-article,explicit_numeric_range,40-200,78
journal_c234c6c00846d8e3,Brepols Publishers NV,journal-article,missing,unknown,14
journal_c234c6c00846d8e3,Brepols Publishers NV,journal-article,non_numeric_or_complex,unknown,3
journal_c234c6c00846d8e3,Brepols Publishers NV,journal-issue,missing,unknown,213
journal_c234c6c00846d8e3,Wiley,journal-article,explicit_numeric_range,1-3,2
journal_c234c6c00846d8e3,Wiley,journal-article,explicit_numeric_range,10-19,16
journal_c234c6c00846d8e3,Wiley,journal-article,explicit_numeric_range,20-39,3
journal_c234c6c00846d8e3,Wiley,journal-article,explicit_numeric_range,4-9,3
journal_c234c6c00846d8e3,Wiley,journal-article,explicit_numeric_range,40-200,2
journal_c2452c54fca6f59e,Editorial Universidad de Sevilla,journal-article,explicit_numeric_range,10-19,5
journal_c2452c54fca6f59e,Editorial Universidad de Sevilla,journal-article,explicit_numeric_range,20-39,44
journal_c2452c54fca6f59e,Editorial Universidad de Sevilla,journal-article,explicit_numeric_range,40-200,11
journal_c2461bf533cd622a,Walter de Gruyter GmbH,journal-article,explicit_numeric_range,1-3,244
journal_c2461bf533cd622a,Walter de Gruyter GmbH,journal-article,explicit_numeric_range,10-19,272
journal_c2461bf533cd622a,Walter de Gruyter GmbH,journal-article,explicit_numeric_range,20-39,598
journal_c2461bf533cd622a,Walter de Gruyter GmbH,journal-article,explicit_numeric_range,4-9,284
journal_c2461bf533cd622a,Walter de Gruyter GmbH,journal-article,explicit_numeric_range,40-200,235
journal_c2461bf533cd622a,Walter de Gruyter GmbH,journal-article,non_numeric_or_complex,unknown,8
journal_c2461bf533cd622a,Walter de Gruyter GmbH,journal-article,start_only,unknown,50
journal_c293897f8b6f4bd9,Croatian Academy of Sciences and Arts,journal-article,explicit_numeric_range,10-19,32
journal_c293897f8b6f4bd9,Croatian Academy of Sciences and Arts,journal-article,explicit_numeric_range,20-39,84
journal_c293897f8b6f4bd9,Croatian Academy of Sciences and Arts,journal-article,explicit_numeric_range,40-200,37
journal_c3a89c9c58a756cc,Emerald,journal-article,explicit_numeric_range,1-3,80
journal_c3a89c9c58a756cc,Emerald,journal-article,explicit_numeric_range,10-19,269
journal_c3a89c9c58a756cc,Emerald,journal-article,explicit_numeric_range,20-39,18
journal_c3a89c9c58a756cc,Emerald,journal-article,explicit_numeric_range,4-9,28
journal_c3a89c9c58a756cc,Emerald,journal-article,missing,unknown,5
journal_c3ea04dfb8fa5d34,Walter de Gruyter GmbH,journal-article,explicit_numeric_range,1-3,643
journal_c3ea04dfb8fa5d34,Walter de Gruyter GmbH,journal-article,explicit_numeric_range,10-19,987
journal_c3ea04dfb8fa5d34,Walter de Gruyter GmbH,journal-article,explicit_numeric_range,20-39,664
journal_c3ea04dfb8fa5d34,Walter de Gruyter GmbH,journal-article,explicit_numeric_range,4-9,1341
journal_c3ea04dfb8fa5d34,Walter de Gruyter GmbH,journal-article,explicit_numeric_range,40-200,233
journal_c3ea04dfb8fa5d34,Walter de Gruyter GmbH,journal-article,missing,unknown,217
journal_c3ea04dfb8fa5d34,Walter de Gruyter GmbH,journal-article,non_numeric_or_complex,unknown,142
journal_c3ea04dfb8fa5d34,Walter de Gruyter GmbH,journal-article,range_needs_review,unknown,1
journal_c581690fb5cc4430,Croatian Institute of History (Hrvatski Institut za Povijest),journal-article,explicit_numeric_range,10-19,25
journal_c581690fb5cc4430,Croatian Institute of History (Hrvatski Institut za Povijest),journal-article,explicit_numeric_range,20-39,102
journal_c581690fb5cc4430,Croatian Institute of History (Hrvatski Institut za Povijest),journal-article,explicit_numeric_range,40-200,30
journal_c581690fb5cc4430,Croatian Institute of History (Hrvatski Institut za Povijest),journal-article,missing,unknown,24
journal_c6b43684f97d61b4,Editorial Universidad de Sevilla,journal-article,explicit_numeric_range,1-3,6
journal_c6b43684f97d61b4,Editorial Universidad de Sevilla,journal-article,explicit_numeric_range,10-19,26
journal_c6b43684f97d61b4,Editorial Universidad de Sevilla,journal-article,explicit_numeric_range,20-39,161
journal_c6b43684f97d61b4,Editorial Universidad de Sevilla,journal-article,explicit_numeric_range,4-9,47
journal_c6b43684f97d61b4,Editorial Universidad de Sevilla,journal-article,explicit_numeric_range,40-200,2
journal_c6b43684f97d61b4,Editorial Universidad de Sevilla,journal-article,missing,unknown,2
journal_c782341e2d63843a,Oxford University Press (OUP),journal-article,explicit_numeric_range,1-3,630
journal_c782341e2d63843a,Oxford University Press (OUP),journal-article,explicit_numeric_range,10-19,80
journal_c782341e2d63843a,Oxford University Press (OUP),journal-article,explicit_numeric_range,20-39,535
journal_c782341e2d63843a,Oxford University Press (OUP),journal-article,explicit_numeric_range,4-9,212
journal_c782341e2d63843a,Oxford University Press (OUP),journal-article,explicit_numeric_range,40-200,7
journal_c782341e2d63843a,Oxford University Press (OUP),journal-article,missing,unknown,19
journal_c782341e2d63843a,Oxford University Press (OUP),journal-article,non_numeric_or_complex,unknown,33
journal_c7c09979aff15611,Catholic Faculty of Theology,journal-article,explicit_numeric_range,10-19,29
journal_c7c09979aff15611,Catholic Faculty of Theology,journal-article,explicit_numeric_range,20-39,43
journal_c7c09979aff15611,Catholic Faculty of Theology,journal-article,explicit_numeric_range,4-9,3
journal_c9168e421ddebe7a,OpenEdition,journal-article,explicit_numeric_range,1-3,380
journal_c9168e421ddebe7a,OpenEdition,journal-article,explicit_numeric_range,10-19,147
journal_c9168e421ddebe7a,OpenEdition,journal-article,explicit_numeric_range,20-39,301
journal_c9168e421ddebe7a,OpenEdition,journal-article,explicit_numeric_range,4-9,389
journal_c9168e421ddebe7a,OpenEdition,journal-article,explicit_numeric_range,40-200,24
journal_c9168e421ddebe7a,OpenEdition,journal-article,missing,unknown,4
journal_c9168e421ddebe7a,OpenEdition,journal-issue,missing,unknown,86
journal_c9168e421ddebe7a,PERSEE Program,journal-article,explicit_numeric_range,1-3,4
journal_c9168e421ddebe7a,PERSEE Program,journal-article,explicit_numeric_range,10-19,269
journal_c9168e421ddebe7a,PERSEE Program,journal-article,explicit_numeric_range,20-39,389
journal_c9168e421ddebe7a,PERSEE Program,journal-article,explicit_numeric_range,4-9,79
journal_c9168e421ddebe7a,PERSEE Program,journal-article,explicit_numeric_range,40-200,90
journal_c9168e421ddebe7a,PERSEE Program,journal-article,start_only,unknown,2
journal_c97a546045c469c8,Informa UK Limited,journal-article,explicit_numeric_range,1-3,243
journal_c97a546045c469c8,Informa UK Limited,journal-article,explicit_numeric_range,10-19,528
journal_c97a546045c469c8,Informa UK Limited,journal-article,explicit_numeric_range,20-39,628
journal_c97a546045c469c8,Informa UK Limited,journal-article,explicit_numeric_range,4-9,344
journal_c97a546045c469c8,Informa UK Limited,journal-article,explicit_numeric_range,40-200,58
journal_c97a546045c469c8,Informa UK Limited,journal-article,non_numeric_or_complex,unknown,12
journal_ca95e71681fc7e1a,Institut za Savremenu Istoriju,journal-article,explicit_numeric_range,10-19,223
journal_ca95e71681fc7e1a,Institut za Savremenu Istoriju,journal-article,explicit_numeric_range,20-39,146
journal_ca95e71681fc7e1a,Institut za Savremenu Istoriju,journal-article,explicit_numeric_range,4-9,8
journal_ca95e71681fc7e1a,Institut za Savremenu Istoriju,journal-article,start_only,unknown,39
journal_ca95e71681fc7e1a,Institut za Savremenu Istoriju,journal-issue,missing,unknown,31
journal_cbd6a933b40e0219,Walter de Gruyter GmbH,journal-article,explicit_numeric_range,1-3,8
journal_cbd6a933b40e0219,Walter de Gruyter GmbH,journal-article,explicit_numeric_range,10-19,7
journal_cbd6a933b40e0219,Walter de Gruyter GmbH,journal-article,explicit_numeric_range,20-39,46
journal_cbd6a933b40e0219,Walter de Gruyter GmbH,journal-article,explicit_numeric_range,4-9,8
journal_cbd6a933b40e0219,Walter de Gruyter GmbH,journal-article,explicit_numeric_range,40-200,2
journal_cc0994c4fffcf676,CAIRN.INFO,journal-article,explicit_numeric_range,1-3,13
journal_cc0994c4fffcf676,CAIRN.INFO,journal-article,explicit_numeric_range,10-19,3
journal_cc0994c4fffcf676,CAIRN.INFO,journal-article,explicit_numeric_range,20-39,7
journal_cc0994c4fffcf676,CAIRN.INFO,journal-article,explicit_numeric_range,4-9,20
journal_cc0994c4fffcf676,OpenEdition,journal-article,explicit_numeric_range,1-3,333
journal_cc0994c4fffcf676,OpenEdition,journal-article,explicit_numeric_range,10-19,281
journal_cc0994c4fffcf676,OpenEdition,journal-article,explicit_numeric_range,20-39,494
journal_cc0994c4fffcf676,OpenEdition,journal-article,explicit_numeric_range,4-9,632
journal_cc0994c4fffcf676,OpenEdition,journal-article,explicit_numeric_range,40-200,49
journal_cc0994c4fffcf676,OpenEdition,journal-article,missing,unknown,144
journal_cc0994c4fffcf676,OpenEdition,journal-article,non_numeric_or_complex,unknown,10
journal_cc0994c4fffcf676,OpenEdition,journal-article,start_only,unknown,1
journal_cc0994c4fffcf676,OpenEdition,journal-issue,missing,unknown,71
journal_cc0994c4fffcf676,PERSEE Program,journal-article,explicit_numeric_range,10-19,78
journal_cc0994c4fffcf676,PERSEE Program,journal-article,explicit_numeric_range,20-39,59
journal_cc0994c4fffcf676,PERSEE Program,journal-article,explicit_numeric_range,4-9,15
journal_cc0994c4fffcf676,PERSEE Program,journal-article,explicit_numeric_range,40-200,9
journal_cc21c94c66fe3843,Project MUSE,journal-article,explicit_numeric_range,1-3,690
journal_cc21c94c66fe3843,Project MUSE,journal-article,explicit_numeric_range,10-19,90
journal_cc21c94c66fe3843,Project MUSE,journal-article,explicit_numeric_range,20-39,269
journal_cc21c94c66fe3843,Project MUSE,journal-article,explicit_numeric_range,4-9,267
journal_cc21c94c66fe3843,Project MUSE,journal-article,explicit_numeric_range,40-200,16
journal_cc21c94c66fe3843,Project MUSE,journal-article,missing,unknown,3
journal_cc21c94c66fe3843,Project MUSE,journal-article,non_numeric_or_complex,unknown,127
journal_cceba9b53846150a,Universidad Nacional de Rosario,journal-article,explicit_numeric_range,1-3,11
journal_cceba9b53846150a,Universidad Nacional de Rosario,journal-article,explicit_numeric_range,10-19,46
journal_cceba9b53846150a,Universidad Nacional de Rosario,journal-article,explicit_numeric_range,20-39,82
journal_cceba9b53846150a,Universidad Nacional de Rosario,journal-article,explicit_numeric_range,4-9,18
journal_cceba9b53846150a,Universidad Nacional de Rosario,journal-article,missing,unknown,118
journal_cd8ea342913754b3,CAIRN,journal-article,explicit_numeric_range,1-3,232
journal_cd8ea342913754b3,CAIRN,journal-article,explicit_numeric_range,10-19,268
journal_cd8ea342913754b3,CAIRN,journal-article,explicit_numeric_range,20-39,227
journal_cd8ea342913754b3,CAIRN,journal-article,explicit_numeric_range,4-9,118
journal_cd8ea342913754b3,CAIRN,journal-article,explicit_numeric_range,40-200,2
journal_cd8ea342913754b3,CAIRN,journal-article,non_numeric_or_complex,unknown,92
journal_cd8ea342913754b3,CAIRN.INFO,journal-article,explicit_numeric_range,10-19,14
journal_cd8ea342913754b3,CAIRN.INFO,journal-article,explicit_numeric_range,20-39,9
journal_cd8ea342913754b3,CAIRN.INFO,journal-article,explicit_numeric_range,4-9,4
journal_cd8ea342913754b3,Société française d'histoire urbaine,book-chapter,explicit_numeric_range,1-3,12
journal_cd8ea342913754b3,Société française d'histoire urbaine,book-chapter,explicit_numeric_range,10-19,29
journal_cd8ea342913754b3,Société française d'histoire urbaine,book-chapter,explicit_numeric_range,20-39,31
journal_cd8ea342913754b3,Société française d'histoire urbaine,book-chapter,explicit_numeric_range,4-9,18
journal_cd8ea342913754b3,Société française d'histoire urbaine,book-chapter,non_numeric_or_complex,unknown,30
journal_cd8ea342913754b3,Société française d'histoire urbaine,monograph,missing,unknown,7
journal_ce1f623ed2219e26,Cambridge University Press (CUP),journal-article,explicit_numeric_range,1-3,786
journal_ce1f623ed2219e26,Cambridge University Press (CUP),journal-article,explicit_numeric_range,10-19,362
journal_ce1f623ed2219e26,Cambridge University Press (CUP),journal-article,explicit_numeric_range,20-39,311
journal_ce1f623ed2219e26,Cambridge University Press (CUP),journal-article,explicit_numeric_range,4-9,851
journal_ce1f623ed2219e26,Cambridge University Press (CUP),journal-article,explicit_numeric_range,40-200,2
journal_ce1f623ed2219e26,Cambridge University Press (CUP),journal-article,missing,unknown,10
journal_ce1f623ed2219e26,Cambridge University Press (CUP),journal-article,non_numeric_or_complex,unknown,167
journal_ce1f623ed2219e26,Cambridge University Press (CUP),journal-article,range_needs_review,unknown,1
journal_ce86c0d0153d20cd,Walter de Gruyter GmbH,journal-article,explicit_numeric_range,1-3,285
journal_ce86c0d0153d20cd,Walter de Gruyter GmbH,journal-article,explicit_numeric_range,10-19,132
journal_ce86c0d0153d20cd,Walter de Gruyter GmbH,journal-article,explicit_numeric_range,20-39,394
journal_ce86c0d0153d20cd,Walter de Gruyter GmbH,journal-article,explicit_numeric_range,4-9,147
journal_ce86c0d0153d20cd,Walter de Gruyter GmbH,journal-article,explicit_numeric_range,40-200,51
journal_ce86c0d0153d20cd,Walter de Gruyter GmbH,journal-article,non_numeric_or_complex,unknown,7
journal_ce86c0d0153d20cd,Walter de Gruyter GmbH,journal-article,start_only,unknown,13
journal_d046d761f06295b8,Walter de Gruyter GmbH,journal-article,explicit_numeric_range,1-3,248
journal_d046d761f06295b8,Walter de Gruyter GmbH,journal-article,explicit_numeric_range,10-19,408
journal_d046d761f06295b8,Walter de Gruyter GmbH,journal-article,explicit_numeric_range,20-39,384
journal_d046d761f06295b8,Walter de Gruyter GmbH,journal-article,explicit_numeric_range,4-9,129
journal_d046d761f06295b8,Walter de Gruyter GmbH,journal-article,explicit_numeric_range,40-200,58
journal_d046d761f06295b8,Walter de Gruyter GmbH,journal-article,non_numeric_or_complex,unknown,23
journal_d046d761f06295b8,Walter de Gruyter GmbH,journal-article,start_only,unknown,32
journal_d0aa0fce346501e1,Michigan State University Press,journal-article,explicit_numeric_range,10-19,20
journal_d0aa0fce346501e1,Michigan State University Press,journal-article,explicit_numeric_range,20-39,73
journal_d0aa0fce346501e1,Michigan State University Press,journal-article,explicit_numeric_range,4-9,2
journal_d0aa0fce346501e1,Michigan State University Press,journal-article,explicit_numeric_range,40-200,4
journal_d0aa0fce346501e1,Michigan State University Press,journal-article,missing,unknown,6
journal_d0aa0fce346501e1,Michigan State University Press,journal-article,non_numeric_or_complex,unknown,12
journal_d0b016607a360c95,Walter de Gruyter GmbH,journal-article,explicit_numeric_range,1-3,578
journal_d0b016607a360c95,Walter de Gruyter GmbH,journal-article,explicit_numeric_range,10-19,146
journal_d0b016607a360c95,Walter de Gruyter GmbH,journal-article,explicit_numeric_range,20-39,163
journal_d0b016607a360c95,Walter de Gruyter GmbH,journal-article,explicit_numeric_range,4-9,270
journal_d0b016607a360c95,Walter de Gruyter GmbH,journal-article,explicit_numeric_range,40-200,2
journal_d0b016607a360c95,Walter de Gruyter GmbH,journal-article,non_numeric_or_complex,unknown,4
journal_d0b016607a360c95,Walter de Gruyter GmbH,journal-article,start_only,unknown,3
journal_d14b6c9eeebdd0d6,University of Chicago Press,journal-article,explicit_numeric_range,1-3,48
journal_d14b6c9eeebdd0d6,University of Chicago Press,journal-article,explicit_numeric_range,10-19,265
journal_d14b6c9eeebdd0d6,University of Chicago Press,journal-article,explicit_numeric_range,20-39,424
journal_d14b6c9eeebdd0d6,University of Chicago Press,journal-article,explicit_numeric_range,4-9,63
journal_d14b6c9eeebdd0d6,University of Chicago Press,journal-article,explicit_numeric_range,40-200,56
journal_d14b6c9eeebdd0d6,University of Chicago Press,journal-article,missing,unknown,15
journal_d14b6c9eeebdd0d6,University of Chicago Press,journal-article,non_numeric_or_complex,unknown,57
journal_d14b6c9eeebdd0d6,University of Chicago Press,journal-article,range_needs_review,unknown,5
journal_d14b6c9eeebdd0d6,University of Chicago Press,journal-issue,missing,unknown,38
journal_d1e73b074516df50,Walter de Gruyter GmbH,journal-article,explicit_numeric_range,1-3,747
journal_d1e73b074516df50,Walter de Gruyter GmbH,journal-article,explicit_numeric_range,10-19,242
journal_d1e73b074516df50,Walter de Gruyter GmbH,journal-article,explicit_numeric_range,20-39,453
journal_d1e73b074516df50,Walter de Gruyter GmbH,journal-article,explicit_numeric_range,4-9,842
journal_d1e73b074516df50,Walter de Gruyter GmbH,journal-article,explicit_numeric_range,40-200,231
journal_d1e73b074516df50,Walter de Gruyter GmbH,journal-article,missing,unknown,1
journal_d1e73b074516df50,Walter de Gruyter GmbH,journal-article,non_numeric_or_complex,unknown,96
journal_d21e2f0682668ea4,Cambridge University Press (CUP),journal-article,explicit_numeric_range,1-3,100
journal_d21e2f0682668ea4,Cambridge University Press (CUP),journal-article,explicit_numeric_range,10-19,137
journal_d21e2f0682668ea4,Cambridge University Press (CUP),journal-article,explicit_numeric_range,20-39,573
journal_d21e2f0682668ea4,Cambridge University Press (CUP),journal-article,explicit_numeric_range,4-9,182
journal_d21e2f0682668ea4,Cambridge University Press (CUP),journal-article,explicit_numeric_range,40-200,21
journal_d21e2f0682668ea4,Cambridge University Press (CUP),journal-article,non_numeric_or_complex,unknown,333
journal_d21e2f0682668ea4,Cambridge University Press (CUP),journal-article,start_only,unknown,1
journal_d2ba6f0dddefaf57,Eksa Editions,journal-article,start_only,unknown,13
journal_d318e15fefc2343c,Zveza zgodovinskih drustev Slovenije,journal-article,explicit_numeric_range,10-19,12
journal_d318e15fefc2343c,Zveza zgodovinskih drustev Slovenije,journal-article,explicit_numeric_range,20-39,38
journal_d318e15fefc2343c,Zveza zgodovinskih drustev Slovenije,journal-article,explicit_numeric_range,40-200,8
journal_d318e15fefc2343c,Zveza zgodovinskih drustev Slovenije,journal-article,missing,unknown,27
journal_d318e15fefc2343c,Zveza zgodovinskih drustev Slovenije,journal-article,range_needs_review,unknown,1
journal_d318e15fefc2343c,Zveza zgodovinskih drustev Slovenije,journal-issue,missing,unknown,9
journal_d374e610cfd52bac,Department of International Relations,journal-article,explicit_numeric_range,1-3,19
journal_d374e610cfd52bac,Department of International Relations,journal-article,explicit_numeric_range,10-19,36
journal_d374e610cfd52bac,Department of International Relations,journal-article,explicit_numeric_range,20-39,26
journal_d374e610cfd52bac,Department of International Relations,journal-article,explicit_numeric_range,4-9,32
journal_d374e610cfd52bac,Department of International Relations,journal-article,explicit_numeric_range,40-200,3
journal_d374e610cfd52bac,Department of International Relations,journal-issue,missing,unknown,16
journal_d374e610cfd52bac,Department of Law - Tallinn University of Technology,journal-article,explicit_numeric_range,1-3,13
journal_d374e610cfd52bac,Department of Law - Tallinn University of Technology,journal-article,explicit_numeric_range,10-19,64
journal_d374e610cfd52bac,Department of Law - Tallinn University of Technology,journal-article,explicit_numeric_range,20-39,44
journal_d374e610cfd52bac,Department of Law - Tallinn University of Technology,journal-article,explicit_numeric_range,4-9,26
journal_d374e610cfd52bac,Department of Law - Tallinn University of Technology,journal-article,explicit_numeric_range,40-200,5
journal_d374e610cfd52bac,Department of Law - Tallinn University of Technology,journal-issue,missing,unknown,10
journal_d3fdfb4668463677,Informa UK Limited,journal-article,explicit_numeric_range,1-3,325
journal_d3fdfb4668463677,Informa UK Limited,journal-article,explicit_numeric_range,10-19,321
journal_d3fdfb4668463677,Informa UK Limited,journal-article,explicit_numeric_range,20-39,240
journal_d3fdfb4668463677,Informa UK Limited,journal-article,explicit_numeric_range,4-9,257
journal_d3fdfb4668463677,Informa UK Limited,journal-article,explicit_numeric_range,40-200,18
journal_d3fdfb4668463677,Informa UK Limited,journal-article,non_numeric_or_complex,unknown,19
journal_d3fdfb4668463677,Maney Publishing,journal-article,explicit_numeric_range,1-3,4
journal_d3fdfb4668463677,Maney Publishing,journal-article,explicit_numeric_range,10-19,15
journal_d3fdfb4668463677,Maney Publishing,journal-article,explicit_numeric_range,20-39,9
journal_d3fdfb4668463677,Maney Publishing,journal-article,explicit_numeric_range,4-9,11
journal_d3fdfb4668463677,Maney Publishing,journal-article,explicit_numeric_range,40-200,2
journal_d3fdfb4668463677,Maney Publishing,journal-article,missing,unknown,2
journal_d3fdfb4668463677,Maney Publishing,journal-article,non_numeric_or_complex,unknown,1
journal_d49ff3b1ae59979f,Informa UK Limited,journal-article,explicit_numeric_range,1-3,202
journal_d49ff3b1ae59979f,Informa UK Limited,journal-article,explicit_numeric_range,10-19,215
journal_d49ff3b1ae59979f,Informa UK Limited,journal-article,explicit_numeric_range,20-39,133
journal_d49ff3b1ae59979f,Informa UK Limited,journal-article,explicit_numeric_range,4-9,119
journal_d49ff3b1ae59979f,Informa UK Limited,journal-article,explicit_numeric_range,40-200,7
journal_d49ff3b1ae59979f,Informa UK Limited,journal-article,non_numeric_or_complex,unknown,3
journal_d529db383a51b85a,Brepols Publishers NV,journal-article,explicit_numeric_range,1-3,9
journal_d529db383a51b85a,Brepols Publishers NV,journal-article,explicit_numeric_range,10-19,185
journal_d529db383a51b85a,Brepols Publishers NV,journal-article,explicit_numeric_range,20-39,269
journal_d529db383a51b85a,Brepols Publishers NV,journal-article,explicit_numeric_range,4-9,81
journal_d529db383a51b85a,Brepols Publishers NV,journal-article,explicit_numeric_range,40-200,10
journal_d529db383a51b85a,Brepols Publishers NV,journal-article,non_numeric_or_complex,unknown,28
journal_d529db383a51b85a,Brepols Publishers NV,journal-article,range_needs_review,unknown,1
journal_d529db383a51b85a,Brepols Publishers NV,journal-issue,missing,unknown,43
journal_d607b2b37a8c04f3,Informa UK Limited,journal-article,explicit_numeric_range,1-3,2021
journal_d607b2b37a8c04f3,Informa UK Limited,journal-article,explicit_numeric_range,10-19,1338
journal_d607b2b37a8c04f3,Informa UK Limited,journal-article,explicit_numeric_range,20-39,439
journal_d607b2b37a8c04f3,Informa UK Limited,journal-article,explicit_numeric_range,4-9,1253
journal_d607b2b37a8c04f3,Informa UK Limited,journal-article,explicit_numeric_range,40-200,23
journal_d607b2b37a8c04f3,Informa UK Limited,journal-article,missing,unknown,8
journal_d607b2b37a8c04f3,Informa UK Limited,journal-article,non_numeric_or_complex,unknown,128
journal_d607b2b37a8c04f3,Informa UK Limited,journal-article,start_only,unknown,1
journal_d620de9e27dd4317,Cambridge University Press (CUP),journal-article,explicit_numeric_range,1-3,33
journal_d620de9e27dd4317,Cambridge University Press (CUP),journal-article,explicit_numeric_range,10-19,289
journal_d620de9e27dd4317,Cambridge University Press (CUP),journal-article,explicit_numeric_range,20-39,567
journal_d620de9e27dd4317,Cambridge University Press (CUP),journal-article,explicit_numeric_range,4-9,52
journal_d620de9e27dd4317,Cambridge University Press (CUP),journal-article,explicit_numeric_range,40-200,2
journal_d620de9e27dd4317,Cambridge University Press (CUP),journal-article,non_numeric_or_complex,unknown,99
journal_d63c3d93c03ef931,Informa UK Limited,journal-article,explicit_numeric_range,1-3,69
journal_d63c3d93c03ef931,Informa UK Limited,journal-article,explicit_numeric_range,10-19,29
journal_d63c3d93c03ef931,Informa UK Limited,journal-article,explicit_numeric_range,20-39,118
journal_d63c3d93c03ef931,Informa UK Limited,journal-article,explicit_numeric_range,4-9,45
journal_d63c3d93c03ef931,Informa UK Limited,journal-article,explicit_numeric_range,40-200,10
journal_d63c3d93c03ef931,Informa UK Limited,journal-article,non_numeric_or_complex,unknown,6
journal_d70bc8b4433eab4e,Informa UK Limited,journal-article,explicit_numeric_range,1-3,159
journal_d70bc8b4433eab4e,Informa UK Limited,journal-article,explicit_numeric_range,10-19,120
journal_d70bc8b4433eab4e,Informa UK Limited,journal-article,explicit_numeric_range,20-39,131
journal_d70bc8b4433eab4e,Informa UK Limited,journal-article,explicit_numeric_range,4-9,89
journal_d70bc8b4433eab4e,Informa UK Limited,journal-article,explicit_numeric_range,40-200,18
journal_d70bc8b4433eab4e,Informa UK Limited,journal-article,non_numeric_or_complex,unknown,10
journal_d70bc8b4433eab4e,Maney Publishing,journal-article,missing,unknown,20
journal_d73bba16eb647404,The Research Center of the Slovenian Academy of Sciences and Arts (ZRC SAZU),journal-article,explicit_numeric_range,10-19,7
journal_d73bba16eb647404,The Research Center of the Slovenian Academy of Sciences and Arts (ZRC SAZU),journal-article,explicit_numeric_range,20-39,7
journal_d73bba16eb647404,The Research Center of the Slovenian Academy of Sciences and Arts (ZRC SAZU),journal-article,explicit_numeric_range,40-200,4
journal_d73bba16eb647404,The Research Center of the Slovenian Academy of Sciences and Arts (ZRC SAZU),journal-article,missing,unknown,74
journal_d73bba16eb647404,The Research Center of the Slovenian Academy of Sciences and Arts / Znanstvenoraziskovalni center Slovenske akademije znanosti in umetnosti (ZRC SAZU),journal-article,missing,unknown,40
journal_d95c189c6494a6b0,Walter de Gruyter GmbH,journal-article,explicit_numeric_range,1-3,29
journal_d95c189c6494a6b0,Walter de Gruyter GmbH,journal-article,explicit_numeric_range,10-19,7
journal_d95c189c6494a6b0,Walter de Gruyter GmbH,journal-article,explicit_numeric_range,20-39,136
journal_d95c189c6494a6b0,Walter de Gruyter GmbH,journal-article,explicit_numeric_range,4-9,22
journal_d95c189c6494a6b0,Walter de Gruyter GmbH,journal-article,explicit_numeric_range,40-200,27
journal_d95c189c6494a6b0,Walter de Gruyter GmbH,journal-article,non_numeric_or_complex,unknown,4
journal_d95c189c6494a6b0,Walter de Gruyter GmbH,journal-article,start_only,unknown,2
journal_d990835e95820881,University of California Press,journal-article,explicit_numeric_range,1-3,2716
journal_d990835e95820881,University of California Press,journal-article,explicit_numeric_range,10-19,538
journal_d990835e95820881,University of California Press,journal-article,explicit_numeric_range,20-39,395
journal_d990835e95820881,University of California Press,journal-article,explicit_numeric_range,4-9,1407
journal_d990835e95820881,University of California Press,journal-article,explicit_numeric_range,40-200,7
journal_d990835e95820881,University of California Press,journal-article,missing,unknown,15
journal_d990835e95820881,University of California Press,journal-article,non_numeric_or_complex,unknown,75
journal_d990835e95820881,University of California Press,journal-issue,missing,unknown,23
journal_d9b4415efa8a311d,Instituto Colombiano de Antropologia e Historia (ICANH),journal-article,explicit_numeric_range,1-3,7
journal_d9b4415efa8a311d,Instituto Colombiano de Antropologia e Historia (ICANH),journal-article,explicit_numeric_range,10-19,31
journal_d9b4415efa8a311d,Instituto Colombiano de Antropologia e Historia (ICANH),journal-article,explicit_numeric_range,20-39,379
journal_d9b4415efa8a311d,Instituto Colombiano de Antropologia e Historia (ICANH),journal-article,explicit_numeric_range,4-9,77
journal_d9b4415efa8a311d,Instituto Colombiano de Antropologia e Historia (ICANH),journal-article,explicit_numeric_range,40-200,19
journal_d9b4415efa8a311d,Instituto Colombiano de Antropologia e Historia (ICANH),journal-article,missing,unknown,1
journal_d9b4415efa8a311d,Instituto Colombiano de Antropologia e Historia (ICANH),journal-article,start_only,unknown,13
journal_da73a59f384f79a3,Informa UK Limited,journal-article,explicit_numeric_range,1-3,54
journal_da73a59f384f79a3,Informa UK Limited,journal-article,explicit_numeric_range,10-19,29
journal_da73a59f384f79a3,Informa UK Limited,journal-article,explicit_numeric_range,20-39,88
journal_da73a59f384f79a3,Informa UK Limited,journal-article,explicit_numeric_range,4-9,184
journal_da73a59f384f79a3,Informa UK Limited,journal-article,explicit_numeric_range,40-200,4
journal_da73a59f384f79a3,Informa UK Limited,journal-article,missing,unknown,1
journal_da73a59f384f79a3,Informa UK Limited,journal-article,non_numeric_or_complex,unknown,1
journal_db43394a79456ab5,Springer Science and Business Media LLC,journal-article,explicit_numeric_range,1-3,113
journal_db43394a79456ab5,Springer Science and Business Media LLC,journal-article,explicit_numeric_range,10-19,26
journal_db43394a79456ab5,Springer Science and Business Media LLC,journal-article,explicit_numeric_range,20-39,22
journal_db43394a79456ab5,Springer Science and Business Media LLC,journal-article,explicit_numeric_range,4-9,49
journal_db43394a79456ab5,Springer Science and Business Media LLC,journal-article,explicit_numeric_range,40-200,3
journal_db43394a79456ab5,Walter de Gruyter GmbH,journal-article,explicit_numeric_range,1-3,615
journal_db43394a79456ab5,Walter de Gruyter GmbH,journal-article,explicit_numeric_range,10-19,659
journal_db43394a79456ab5,Walter de Gruyter GmbH,journal-article,explicit_numeric_range,20-39,705
journal_db43394a79456ab5,Walter de Gruyter GmbH,journal-article,explicit_numeric_range,4-9,681
journal_db43394a79456ab5,Walter de Gruyter GmbH,journal-article,explicit_numeric_range,40-200,313
journal_db43394a79456ab5,Walter de Gruyter GmbH,journal-article,non_numeric_or_complex,unknown,25
journal_db43394a79456ab5,Walter de Gruyter GmbH,journal-article,range_needs_review,unknown,3
journal_db43394a79456ab5,Walter de Gruyter GmbH,journal-article,start_only,unknown,138
journal_dd5aeee8c86c93fa,EDIPUCRS,journal-article,missing,unknown,216
journal_dd5aeee8c86c93fa,EDIPUCRS,journal-article,non_numeric_or_complex,unknown,257
journal_dd5aeee8c86c93fa,EDIPUCRS,journal-article,start_only,unknown,923
journal_dd5aeee8c86c93fa,EDIPUCRS,journal-issue,missing,unknown,102
journal_deea893c9dccfcc7,Informa UK Limited,journal-article,explicit_numeric_range,1-3,158
journal_deea893c9dccfcc7,Informa UK Limited,journal-article,explicit_numeric_range,10-19,134
journal_deea893c9dccfcc7,Informa UK Limited,journal-article,explicit_numeric_range,20-39,135
journal_deea893c9dccfcc7,Informa UK Limited,journal-article,explicit_numeric_range,4-9,223
journal_deea893c9dccfcc7,Informa UK Limited,journal-article,explicit_numeric_range,40-200,27
journal_deea893c9dccfcc7,Informa UK Limited,journal-article,non_numeric_or_complex,unknown,2
journal_e02602c2913ad82a,Informa UK Limited,journal-article,explicit_numeric_range,1-3,296
journal_e02602c2913ad82a,Informa UK Limited,journal-article,explicit_numeric_range,10-19,390
journal_e02602c2913ad82a,Informa UK Limited,journal-article,explicit_numeric_range,20-39,188
journal_e02602c2913ad82a,Informa UK Limited,journal-article,explicit_numeric_range,4-9,167
journal_e02602c2913ad82a,Informa UK Limited,journal-article,explicit_numeric_range,40-200,10
journal_e02602c2913ad82a,Informa UK Limited,journal-article,non_numeric_or_complex,unknown,5
journal_e02602c2913ad82a,Maney Publishing,journal-article,explicit_numeric_range,1-3,10
journal_e02602c2913ad82a,Maney Publishing,journal-article,explicit_numeric_range,10-19,9
journal_e02602c2913ad82a,Maney Publishing,journal-article,explicit_numeric_range,20-39,6
journal_e02602c2913ad82a,Maney Publishing,journal-article,explicit_numeric_range,4-9,7
journal_e02602c2913ad82a,Maney Publishing,journal-article,explicit_numeric_range,40-200,1
journal_e272cda784553865,University of Chicago Press,journal-article,explicit_numeric_range,1-3,19014
journal_e272cda784553865,University of Chicago Press,journal-article,explicit_numeric_range,10-19,1028
journal_e272cda784553865,University of Chicago Press,journal-article,explicit_numeric_range,20-39,961
journal_e272cda784553865,University of Chicago Press,journal-article,explicit_numeric_range,4-9,3339
journal_e272cda784553865,University of Chicago Press,journal-article,explicit_numeric_range,40-200,176
journal_e272cda784553865,University of Chicago Press,journal-article,missing,unknown,810
journal_e272cda784553865,University of Chicago Press,journal-article,non_numeric_or_complex,unknown,171
journal_e272cda784553865,University of Chicago Press,journal-article,range_needs_review,unknown,1
journal_e272cda784553865,University of Chicago Press,journal-article,reversed_range,unknown,1
journal_e272cda784553865,University of Chicago Press,journal-article,start_only,unknown,2046
journal_e36f736779fd97b7,Oxford University Press (OUP),journal-article,explicit_numeric_range,1-3,4088
journal_e36f736779fd97b7,Oxford University Press (OUP),journal-article,explicit_numeric_range,10-19,405
journal_e36f736779fd97b7,Oxford University Press (OUP),journal-article,explicit_numeric_range,20-39,527
journal_e36f736779fd97b7,Oxford University Press (OUP),journal-article,explicit_numeric_range,4-9,476
journal_e36f736779fd97b7,Oxford University Press (OUP),journal-article,explicit_numeric_range,40-200,17
journal_e36f736779fd97b7,Oxford University Press (OUP),journal-article,missing,unknown,15
journal_e36f736779fd97b7,Oxford University Press (OUP),journal-article,non_numeric_or_complex,unknown,73
journal_e391690d1620df07,Informa UK Limited,journal-article,explicit_numeric_range,1-3,4
journal_e391690d1620df07,Informa UK Limited,journal-article,explicit_numeric_range,10-19,44
journal_e391690d1620df07,Informa UK Limited,journal-article,explicit_numeric_range,20-39,143
journal_e391690d1620df07,Informa UK Limited,journal-article,explicit_numeric_range,4-9,8
journal_e391690d1620df07,Informa UK Limited,journal-article,explicit_numeric_range,40-200,10
journal_e391690d1620df07,Informa UK Limited,journal-article,missing,unknown,2
journal_e391690d1620df07,Informa UK Limited,journal-article,non_numeric_or_complex,unknown,21
journal_e4bfecd95b129a38,SAGE Publications,journal-article,explicit_numeric_range,1-3,1227
journal_e4bfecd95b129a38,SAGE Publications,journal-article,explicit_numeric_range,10-19,232
journal_e4bfecd95b129a38,SAGE Publications,journal-article,explicit_numeric_range,20-39,512
journal_e4bfecd95b129a38,SAGE Publications,journal-article,explicit_numeric_range,4-9,149
journal_e4bfecd95b129a38,SAGE Publications,journal-article,explicit_numeric_range,40-200,13
journal_e4bfecd95b129a38,SAGE Publications,journal-article,missing,unknown,44
journal_e4bfecd95b129a38,SAGE Publications,journal-article,non_numeric_or_complex,unknown,3
journal_e58627135946a4e7,Informa UK Limited,journal-article,explicit_numeric_range,1-3,161
journal_e58627135946a4e7,Informa UK Limited,journal-article,explicit_numeric_range,10-19,110
journal_e58627135946a4e7,Informa UK Limited,journal-article,explicit_numeric_range,20-39,102
journal_e58627135946a4e7,Informa UK Limited,journal-article,explicit_numeric_range,4-9,121
journal_e58627135946a4e7,Informa UK Limited,journal-article,explicit_numeric_range,40-200,23
journal_e58627135946a4e7,Informa UK Limited,journal-article,non_numeric_or_complex,unknown,4
journal_e6929b124f9137bc,Duke University Press,journal-article,explicit_numeric_range,1-3,1106
journal_e6929b124f9137bc,Duke University Press,journal-article,explicit_numeric_range,10-19,98
journal_e6929b124f9137bc,Duke University Press,journal-article,explicit_numeric_range,20-39,492
journal_e6929b124f9137bc,Duke University Press,journal-article,explicit_numeric_range,4-9,187
journal_e6929b124f9137bc,Duke University Press,journal-article,explicit_numeric_range,40-200,28
journal_e6929b124f9137bc,Duke University Press,journal-article,non_numeric_or_complex,unknown,1
journal_e6929b124f9137bc,JSTOR,journal-article,missing,unknown,1
journal_e6929b124f9137bc,JSTOR,journal-article,start_only,unknown,2706
journal_e826de5b0944e7f4,Saint Petersburg State University,journal-article,explicit_numeric_range,10-19,118
journal_e826de5b0944e7f4,Saint Petersburg State University,journal-article,explicit_numeric_range,20-39,53
journal_e826de5b0944e7f4,Saint Petersburg State University,journal-article,explicit_numeric_range,4-9,33
journal_e826de5b0944e7f4,Saint Petersburg State University,journal-article,missing,unknown,20
journal_e86963327015c29b,Walter de Gruyter GmbH,journal-article,explicit_numeric_range,1-3,6071
journal_e86963327015c29b,Walter de Gruyter GmbH,journal-article,explicit_numeric_range,10-19,1002
journal_e86963327015c29b,Walter de Gruyter GmbH,journal-article,explicit_numeric_range,20-39,1718
journal_e86963327015c29b,Walter de Gruyter GmbH,journal-article,explicit_numeric_range,4-9,1359
journal_e86963327015c29b,Walter de Gruyter GmbH,journal-article,explicit_numeric_range,40-200,1771
journal_e86963327015c29b,Walter de Gruyter GmbH,journal-article,missing,unknown,776
journal_e86963327015c29b,Walter de Gruyter GmbH,journal-article,non_numeric_or_complex,unknown,870
journal_e86963327015c29b,Walter de Gruyter GmbH,journal-article,range_needs_review,unknown,13
journal_e86963327015c29b,Walter de Gruyter GmbH,journal-article,start_only,unknown,573
journal_ea759c416ef0daad,Croatian Academy of Sciences and Arts,journal-article,explicit_numeric_range,10-19,12
journal_ea759c416ef0daad,Croatian Academy of Sciences and Arts,journal-article,explicit_numeric_range,20-39,37
journal_ea759c416ef0daad,Croatian Academy of Sciences and Arts,journal-article,explicit_numeric_range,40-200,9
journal_ebe7717166683b58,Institute of History of the Czech Academy of Sciences,journal-article,explicit_numeric_range,10-19,18
journal_ebe7717166683b58,Institute of History of the Czech Academy of Sciences,journal-article,explicit_numeric_range,20-39,23
journal_ebe7717166683b58,Institute of History of the Czech Academy of Sciences,journal-article,explicit_numeric_range,40-200,3
journal_ec3bc593890aed44,Universidad Nacional de La Plata,journal-article,non_numeric_or_complex,unknown,257
journal_ec3bc593890aed44,Universidad Nacional de La Plata,journal-article,start_only,unknown,36
journal_ec6114ac32c92f0e,SAGE Publications,journal-article,explicit_numeric_range,1-3,321
journal_ec6114ac32c92f0e,SAGE Publications,journal-article,explicit_numeric_range,10-19,194
journal_ec6114ac32c92f0e,SAGE Publications,journal-article,explicit_numeric_range,20-39,200
journal_ec6114ac32c92f0e,SAGE Publications,journal-article,explicit_numeric_range,4-9,295
journal_ec6114ac32c92f0e,SAGE Publications,journal-article,explicit_numeric_range,40-200,12
journal_ec6114ac32c92f0e,SAGE Publications,journal-article,missing,unknown,1
journal_ec6114ac32c92f0e,SAGE Publications,journal-article,non_numeric_or_complex,unknown,12
journal_ec74f244f54d7364,Project MUSE,journal-article,explicit_numeric_range,1-3,438
journal_ec74f244f54d7364,Project MUSE,journal-article,explicit_numeric_range,10-19,372
journal_ec74f244f54d7364,Project MUSE,journal-article,explicit_numeric_range,20-39,775
journal_ec74f244f54d7364,Project MUSE,journal-article,explicit_numeric_range,4-9,680
journal_ec74f244f54d7364,Project MUSE,journal-article,explicit_numeric_range,40-200,3
journal_ec74f244f54d7364,Project MUSE,journal-article,missing,unknown,1
journal_ec7cbde01f926330,Archivos de historia del movimiento obrero y la izquierda,journal-article,explicit_numeric_range,1-3,99
journal_ec7cbde01f926330,Archivos de historia del movimiento obrero y la izquierda,journal-article,explicit_numeric_range,10-19,28
journal_ec7cbde01f926330,Archivos de historia del movimiento obrero y la izquierda,journal-article,explicit_numeric_range,20-39,193
journal_ec7cbde01f926330,Archivos de historia del movimiento obrero y la izquierda,journal-article,explicit_numeric_range,4-9,71
journal_ec7cbde01f926330,Archivos de historia del movimiento obrero y la izquierda,journal-article,explicit_numeric_range,40-200,19
journal_ec7cbde01f926330,Archivos de historia del movimiento obrero y la izquierda,journal-article,range_needs_review,unknown,9
journal_ecbd320c8d6e9372,Cambridge University Press (CUP),journal-article,explicit_numeric_range,1-3,169
journal_ecbd320c8d6e9372,Cambridge University Press (CUP),journal-article,explicit_numeric_range,10-19,113
journal_ecbd320c8d6e9372,Cambridge University Press (CUP),journal-article,explicit_numeric_range,20-39,263
journal_ecbd320c8d6e9372,Cambridge University Press (CUP),journal-article,explicit_numeric_range,4-9,62
journal_ecbd320c8d6e9372,Cambridge University Press (CUP),journal-article,explicit_numeric_range,40-200,20
journal_ecbd320c8d6e9372,Cambridge University Press (CUP),journal-article,non_numeric_or_complex,unknown,111
journal_ed00abc0414f5a9f,Edinburgh University Press,journal-article,explicit_numeric_range,1-3,324
journal_ed00abc0414f5a9f,Edinburgh University Press,journal-article,explicit_numeric_range,10-19,148
journal_ed00abc0414f5a9f,Edinburgh University Press,journal-article,explicit_numeric_range,20-39,134
journal_ed00abc0414f5a9f,Edinburgh University Press,journal-article,explicit_numeric_range,4-9,130
journal_ed00abc0414f5a9f,Edinburgh University Press,journal-article,explicit_numeric_range,40-200,3
journal_ed00abc0414f5a9f,Edinburgh University Press,journal-article,missing,unknown,34
journal_ed00abc0414f5a9f,Edinburgh University Press,journal-article,non_numeric_or_complex,unknown,51
journal_ed00abc0414f5a9f,Edinburgh University Press,journal-article,start_only,unknown,28
journal_ed00abc0414f5a9f,Edinburgh University Press,journal-issue,missing,unknown,1
journal_ed54031020e6f922,Indiana University Press,journal-article,explicit_numeric_range,10-19,1
journal_ed54031020e6f922,Indiana University Press,journal-article,missing,unknown,54
journal_ed54031020e6f922,Indiana University Press,journal-article,non_numeric_or_complex,unknown,6
journal_ed54031020e6f922,Indiana University Press,journal-article,start_only,unknown,631
journal_ef1613e97ed2256c,University of Chicago Press,journal-article,explicit_numeric_range,1-3,13827
journal_ef1613e97ed2256c,University of Chicago Press,journal-article,explicit_numeric_range,10-19,413
journal_ef1613e97ed2256c,University of Chicago Press,journal-article,explicit_numeric_range,20-39,575
journal_ef1613e97ed2256c,University of Chicago Press,journal-article,explicit_numeric_range,4-9,1436
journal_ef1613e97ed2256c,University of Chicago Press,journal-article,explicit_numeric_range,40-200,316
journal_ef1613e97ed2256c,University of Chicago Press,journal-article,missing,unknown,254
journal_ef1613e97ed2256c,University of Chicago Press,journal-article,non_numeric_or_complex,unknown,146
journal_ef1613e97ed2256c,University of Chicago Press,journal-article,range_needs_review,unknown,1
journal_ef1613e97ed2256c,University of Chicago Press,journal-issue,missing,unknown,24
journal_ef5d6bc586ea9c38,Cambridge University Press (CUP),journal-article,explicit_numeric_range,1-3,2190
journal_ef5d6bc586ea9c38,Cambridge University Press (CUP),journal-article,explicit_numeric_range,10-19,296
journal_ef5d6bc586ea9c38,Cambridge University Press (CUP),journal-article,explicit_numeric_range,20-39,294
journal_ef5d6bc586ea9c38,Cambridge University Press (CUP),journal-article,explicit_numeric_range,4-9,330
journal_ef5d6bc586ea9c38,Cambridge University Press (CUP),journal-article,explicit_numeric_range,40-200,36
journal_ef5d6bc586ea9c38,Cambridge University Press (CUP),journal-article,non_numeric_or_complex,unknown,128
journal_ef5d6bc586ea9c38,Cambridge University Press (CUP),journal-article,start_only,unknown,2
journal_efceea525a4eea2c,Wiley,journal-article,explicit_numeric_range,1-3,1551
journal_efceea525a4eea2c,Wiley,journal-article,explicit_numeric_range,10-19,714
journal_efceea525a4eea2c,Wiley,journal-article,explicit_numeric_range,20-39,390
journal_efceea525a4eea2c,Wiley,journal-article,explicit_numeric_range,4-9,155
journal_efceea525a4eea2c,Wiley,journal-article,explicit_numeric_range,40-200,9
journal_efceea525a4eea2c,Wiley,journal-article,missing,unknown,46
journal_efceea525a4eea2c,Wiley,journal-article,non_numeric_or_complex,unknown,1
journal_efceea525a4eea2c,Wiley,journal-issue,missing,unknown,181
journal_f0ff8d2c0ee1f500,Uniwersytet Mikolaja Kopernika/Nicolaus Copernicus University,journal-article,explicit_numeric_range,10-19,20
journal_f0ff8d2c0ee1f500,Uniwersytet Mikolaja Kopernika/Nicolaus Copernicus University,journal-article,explicit_numeric_range,20-39,98
journal_f0ff8d2c0ee1f500,Uniwersytet Mikolaja Kopernika/Nicolaus Copernicus University,journal-article,explicit_numeric_range,4-9,4
journal_f0ff8d2c0ee1f500,Uniwersytet Mikolaja Kopernika/Nicolaus Copernicus University,journal-article,explicit_numeric_range,40-200,18
journal_f0ff8d2c0ee1f500,Uniwersytet Mikolaja Kopernika/Nicolaus Copernicus University,journal-article,start_only,unknown,259
journal_f13d6292fe84a3b8,Universidad de Navarra,journal-article,expanded_abbreviated_range,40-200,1
journal_f13d6292fe84a3b8,Universidad de Navarra,journal-article,explicit_numeric_range,1-3,1683
journal_f13d6292fe84a3b8,Universidad de Navarra,journal-article,explicit_numeric_range,10-19,271
journal_f13d6292fe84a3b8,Universidad de Navarra,journal-article,explicit_numeric_range,20-39,321
journal_f13d6292fe84a3b8,Universidad de Navarra,journal-article,explicit_numeric_range,4-9,467
journal_f13d6292fe84a3b8,Universidad de Navarra,journal-article,explicit_numeric_range,40-200,35
journal_f13d6292fe84a3b8,Universidad de Navarra,journal-article,missing,unknown,4
journal_f13d6292fe84a3b8,Universidad de Navarra,journal-article,reversed_range,unknown,3
journal_f13d6292fe84a3b8,Universidad de Navarra,journal-article,start_only,unknown,774
journal_f1858a37c3515a13,University of Chicago Press,journal-article,explicit_numeric_range,1-3,13446
journal_f1858a37c3515a13,University of Chicago Press,journal-article,explicit_numeric_range,10-19,594
journal_f1858a37c3515a13,University of Chicago Press,journal-article,explicit_numeric_range,20-39,651
journal_f1858a37c3515a13,University of Chicago Press,journal-article,explicit_numeric_range,4-9,974
journal_f1858a37c3515a13,University of Chicago Press,journal-article,explicit_numeric_range,40-200,31
journal_f1858a37c3515a13,University of Chicago Press,journal-article,missing,unknown,315
journal_f33abcd156e85bc9,University of Chicago Press,journal-article,explicit_numeric_range,1-3,704
journal_f33abcd156e85bc9,University of Chicago Press,journal-article,explicit_numeric_range,10-19,118
journal_f33abcd156e85bc9,University of Chicago Press,journal-article,explicit_numeric_range,20-39,7
journal_f33abcd156e85bc9,University of Chicago Press,journal-article,explicit_numeric_range,4-9,129
journal_f33abcd156e85bc9,University of Chicago Press,journal-article,range_needs_review,unknown,1
journal_f33abcd156e85bc9,University of Chicago Press,journal-article,start_only,unknown,1
journal_f3de9e4ca398c804,Institut Za Noviju Istoriju Srbije,journal-article,explicit_numeric_range,10-19,92
journal_f3de9e4ca398c804,Institut Za Noviju Istoriju Srbije,journal-article,explicit_numeric_range,20-39,282
journal_f3de9e4ca398c804,Institut Za Noviju Istoriju Srbije,journal-article,explicit_numeric_range,4-9,5
journal_f3de9e4ca398c804,Institut Za Noviju Istoriju Srbije,journal-article,explicit_numeric_range,40-200,9
journal_f3de9e4ca398c804,Institut Za Noviju Istoriju Srbije,journal-article,missing,unknown,1
journal_f3de9e4ca398c804,Institut Za Noviju Istoriju Srbije,journal-article,start_only,unknown,49
journal_f3de9e4ca398c804,Institut Za Noviju Istoriju Srbije,journal-issue,missing,unknown,39
journal_f40eafadb04073aa,Informa UK Limited,journal-article,explicit_numeric_range,1-3,323
journal_f40eafadb04073aa,Informa UK Limited,journal-article,explicit_numeric_range,10-19,126
journal_f40eafadb04073aa,Informa UK Limited,journal-article,explicit_numeric_range,20-39,240
journal_f40eafadb04073aa,Informa UK Limited,journal-article,explicit_numeric_range,4-9,98
journal_f40eafadb04073aa,Informa UK Limited,journal-article,explicit_numeric_range,40-200,20
journal_f40eafadb04073aa,Informa UK Limited,journal-article,non_numeric_or_complex,unknown,45
journal_f522caac01d8a34a,Duke University Press,journal-article,explicit_numeric_range,1-3,103
journal_f522caac01d8a34a,Duke University Press,journal-article,explicit_numeric_range,10-19,134
journal_f522caac01d8a34a,Duke University Press,journal-article,explicit_numeric_range,20-39,542
journal_f522caac01d8a34a,Duke University Press,journal-article,explicit_numeric_range,4-9,75
journal_f522caac01d8a34a,Duke University Press,journal-article,explicit_numeric_range,40-200,14
journal_f522caac01d8a34a,Duke University Press,journal-article,non_numeric_or_complex,unknown,4
journal_f522caac01d8a34a,JSTOR,journal-article,start_only,unknown,693
journal_f54a2269518da5c0,Project MUSE,journal-article,explicit_numeric_range,1-3,146
journal_f54a2269518da5c0,Project MUSE,journal-article,explicit_numeric_range,10-19,83
journal_f54a2269518da5c0,Project MUSE,journal-article,explicit_numeric_range,20-39,341
journal_f54a2269518da5c0,Project MUSE,journal-article,explicit_numeric_range,4-9,47
journal_f54a2269518da5c0,Project MUSE,journal-article,explicit_numeric_range,40-200,22
journal_f54a2269518da5c0,Project MUSE,journal-article,missing,unknown,135
journal_f54a2269518da5c0,Project MUSE,journal-article,non_numeric_or_complex,unknown,115
journal_f6713658693c61b7,University of California Press,journal-article,explicit_numeric_range,1-3,4429
journal_f6713658693c61b7,University of California Press,journal-article,explicit_numeric_range,10-19,520
journal_f6713658693c61b7,University of California Press,journal-article,explicit_numeric_range,20-39,472
journal_f6713658693c61b7,University of California Press,journal-article,explicit_numeric_range,4-9,926
journal_f6713658693c61b7,University of California Press,journal-article,explicit_numeric_range,40-200,28
journal_f6713658693c61b7,University of California Press,journal-article,missing,unknown,365
journal_f6713658693c61b7,University of California Press,journal-article,non_numeric_or_complex,unknown,38
journal_f6713658693c61b7,University of California Press,journal-article,range_needs_review,unknown,1
journal_f6713658693c61b7,University of California Press,journal-article,reversed_range,unknown,1
journal_f6713658693c61b7,University of California Press,journal-article,start_only,unknown,3
journal_f79eaa7c902e07c9,JSTOR,journal-article,non_numeric_or_complex,unknown,2
journal_f79eaa7c902e07c9,JSTOR,journal-article,start_only,unknown,306
journal_f7f5c76bcfa26287,Walter de Gruyter GmbH,journal-article,explicit_numeric_range,1-3,356
journal_f7f5c76bcfa26287,Walter de Gruyter GmbH,journal-article,explicit_numeric_range,10-19,144
journal_f7f5c76bcfa26287,Walter de Gruyter GmbH,journal-article,explicit_numeric_range,20-39,401
journal_f7f5c76bcfa26287,Walter de Gruyter GmbH,journal-article,explicit_numeric_range,4-9,177
journal_f7f5c76bcfa26287,Walter de Gruyter GmbH,journal-article,explicit_numeric_range,40-200,34
journal_f7f5c76bcfa26287,Walter de Gruyter GmbH,journal-article,non_numeric_or_complex,unknown,4
journal_f7f5c76bcfa26287,Walter de Gruyter GmbH,journal-article,start_only,unknown,11
journal_f945b16485034b24,Cambridge University Press (CUP),journal-article,explicit_numeric_range,1-3,9506
journal_f945b16485034b24,Cambridge University Press (CUP),journal-article,explicit_numeric_range,10-19,833
journal_f945b16485034b24,Cambridge University Press (CUP),journal-article,explicit_numeric_range,20-39,1382
journal_f945b16485034b24,Cambridge University Press (CUP),journal-article,explicit_numeric_range,4-9,1296
journal_f945b16485034b24,Cambridge University Press (CUP),journal-article,explicit_numeric_range,40-200,145
journal_f945b16485034b24,Cambridge University Press (CUP),journal-article,missing,unknown,29
journal_f945b16485034b24,Cambridge University Press (CUP),journal-article,non_numeric_or_complex,unknown,546
journal_f945b16485034b24,Cambridge University Press (CUP),journal-article,start_only,unknown,2
journal_f94d1b95f9753857,Informa UK Limited,journal-article,explicit_numeric_range,1-3,138
journal_f94d1b95f9753857,Informa UK Limited,journal-article,explicit_numeric_range,10-19,40
journal_f94d1b95f9753857,Informa UK Limited,journal-article,explicit_numeric_range,20-39,118
journal_f94d1b95f9753857,Informa UK Limited,journal-article,explicit_numeric_range,4-9,68
journal_f94d1b95f9753857,Informa UK Limited,journal-article,explicit_numeric_range,40-200,5
journal_f94d1b95f9753857,Informa UK Limited,journal-article,non_numeric_or_complex,unknown,1
journal_fa867d3a552b6485,Cambridge University Press (CUP),journal-article,explicit_numeric_range,1-3,1880
journal_fa867d3a552b6485,Cambridge University Press (CUP),journal-article,explicit_numeric_range,10-19,557
journal_fa867d3a552b6485,Cambridge University Press (CUP),journal-article,explicit_numeric_range,20-39,394
journal_fa867d3a552b6485,Cambridge University Press (CUP),journal-article,explicit_numeric_range,4-9,415
journal_fa867d3a552b6485,Cambridge University Press (CUP),journal-article,explicit_numeric_range,40-200,20
journal_fa867d3a552b6485,Cambridge University Press (CUP),journal-article,non_numeric_or_complex,unknown,284
journal_fa9bf2f89281677e,Oxford University Press (OUP),journal-article,explicit_numeric_range,1-3,493
journal_fa9bf2f89281677e,Oxford University Press (OUP),journal-article,explicit_numeric_range,10-19,375
journal_fa9bf2f89281677e,Oxford University Press (OUP),journal-article,explicit_numeric_range,20-39,365
journal_fa9bf2f89281677e,Oxford University Press (OUP),journal-article,explicit_numeric_range,4-9,534
journal_fa9bf2f89281677e,Oxford University Press (OUP),journal-article,explicit_numeric_range,40-200,2
journal_fa9bf2f89281677e,Oxford University Press (OUP),journal-article,missing,unknown,21
journal_fa9bf2f89281677e,Oxford University Press (OUP),journal-article,non_numeric_or_complex,unknown,3
journal_fb2e541ced15c90d,Oxford University Press (OUP),journal-article,explicit_numeric_range,1-3,29398
journal_fb2e541ced15c90d,Oxford University Press (OUP),journal-article,explicit_numeric_range,10-19,1267
journal_fb2e541ced15c90d,Oxford University Press (OUP),journal-article,explicit_numeric_range,20-39,1827
journal_fb2e541ced15c90d,Oxford University Press (OUP),journal-article,explicit_numeric_range,4-9,3689
journal_fb2e541ced15c90d,Oxford University Press (OUP),journal-article,explicit_numeric_range,40-200,122
journal_fb2e541ced15c90d,Oxford University Press (OUP),journal-article,missing,unknown,97
journal_fb2e541ced15c90d,Oxford University Press (OUP),journal-article,non_numeric_or_complex,unknown,13586
journal_fb2e541ced15c90d,Oxford University Press (OUP),journal-article,range_needs_review,unknown,4
journal_fb2e541ced15c90d,Oxford University Press (OUP),journal-article,reversed_range,unknown,3
journal_fdceba6666bdce96,Academic Publishing House Researcher,journal-article,missing,unknown,99
journal_fdceba6666bdce96,Cherkas Global University Press,journal-article,missing,unknown,1725
journal_fdceba6666bdce96,Cherkas Global University Press,journal-issue,missing,unknown,40
journal_fde910319ee8dd75,Informa UK Limited,journal-article,explicit_numeric_range,1-3,408
journal_fde910319ee8dd75,Informa UK Limited,journal-article,explicit_numeric_range,10-19,482
journal_fde910319ee8dd75,Informa UK Limited,journal-article,explicit_numeric_range,20-39,111
journal_fde910319ee8dd75,Informa UK Limited,journal-article,explicit_numeric_range,4-9,260
journal_fde910319ee8dd75,Informa UK Limited,journal-article,explicit_numeric_range,40-200,3
journal_fde910319ee8dd75,Informa UK Limited,journal-article,non_numeric_or_complex,unknown,52
journal_fe3758f7a5626a04,Informa UK Limited,journal-article,explicit_numeric_range,1-3,752
journal_fe3758f7a5626a04,Informa UK Limited,journal-article,explicit_numeric_range,10-19,516
journal_fe3758f7a5626a04,Informa UK Limited,journal-article,explicit_numeric_range,20-39,530
journal_fe3758f7a5626a04,Informa UK Limited,journal-article,explicit_numeric_range,4-9,154
journal_fe3758f7a5626a04,Informa UK Limited,journal-article,explicit_numeric_range,40-200,9
journal_fe3758f7a5626a04,Informa UK Limited,journal-article,non_numeric_or_complex,unknown,18
journal_fec8730d1b37f6d3,Walter de Gruyter GmbH,journal-article,explicit_numeric_range,1-3,28
journal_fec8730d1b37f6d3,Walter de Gruyter GmbH,journal-article,explicit_numeric_range,10-19,17
journal_fec8730d1b37f6d3,Walter de Gruyter GmbH,journal-article,explicit_numeric_range,20-39,74
journal_fec8730d1b37f6d3,Walter de Gruyter GmbH,journal-article,explicit_numeric_range,4-9,70
journal_fec8730d1b37f6d3,Walter de Gruyter GmbH,journal-article,explicit_numeric_range,40-200,44
journal_fec8730d1b37f6d3,Walter de Gruyter GmbH,journal-article,non_numeric_or_complex,unknown,4
journal_fec8730d1b37f6d3,Walter de Gruyter GmbH,journal-article,start_only,unknown,2
journal_ff36bfe8f9406a9c,Oxford University Press (OUP),journal-article,explicit_numeric_range,1-3,1179
journal_ff36bfe8f9406a9c,Oxford University Press (OUP),journal-article,explicit_numeric_range,10-19,307
journal_ff36bfe8f9406a9c,Oxford University Press (OUP),journal-article,explicit_numeric_range,20-39,371
journal_ff36bfe8f9406a9c,Oxford University Press (OUP),journal-article,explicit_numeric_range,4-9,527
journal_ff36bfe8f9406a9c,Oxford University Press (OUP),journal-article,explicit_numeric_range,40-200,45
journal_ff36bfe8f9406a9c,Oxford University Press (OUP),journal-article,missing,unknown,18
journal_ff36bfe8f9406a9c,Oxford University Press (OUP),journal-article,non_numeric_or_complex,unknown,120
journal_ff5dd150e367cfe0,University of Tartu,journal-article,explicit_numeric_range,1-3,5
journal_ff5dd150e367cfe0,University of Tartu,journal-article,explicit_numeric_range,10-19,27
journal_ff5dd150e367cfe0,University of Tartu,journal-article,explicit_numeric_range,20-39,39
journal_ff5dd150e367cfe0,University of Tartu,journal-article,explicit_numeric_range,4-9,7
journal_ff5dd150e367cfe0,University of Tartu,journal-article,explicit_numeric_range,40-200,8
journal_ff5dd150e367cfe0,University of Tartu,journal-article,missing,unknown,21
journal_ff5dd150e367cfe0,University of Tartu,journal-article,start_only,unknown,91
