journal_key,container_title,publication_year,records
initial:annales_1929,Annales d'histoire économique et sociale,1929,1
initial:annales_1929,Annales d’histoire économique et sociale,1929,38
initial:annales_1929,Annales d’histoire économique et sociale,1930,55
initial:annales_1929,Annales d’histoire économique et sociale,1931,59
initial:annales_1929,Annales d’histoire économique et sociale,1932,54
initial:annales_english,Annales (English ed.),2012,35
initial:annales_english,Annales (English ed.),2013,36
initial:annales_english,Annales (English ed.),2014,18
initial:annales_english,Annales (English ed.),2015,31
initial:annales_english,"Annales. Histoire, Sciences Sociales",2016,18
initial:annales_english,"Annales. Histoire, Sciences Sociales",2017,39
initial:annales_english,"Annales. Histoire, Sciences Sociales",2018,41
initial:annales_english,"Annales. Histoire, Sciences Sociales",2019,19
initial:annales_english,"Annales. Histoire, Sciences Sociales",2023,2
initial:annales_english,"Annales. Histoire, Sciences Sociales",2024,4
initial:annales_english,"Annales. Histoire, Sciences Sociales",2025,6
initial:annales_english,"Annales. Histoire, Sciences Sociales (English edition)",2016,18
initial:cambridge_historical_journal,Cambridge Historical Journal,1923,12
initial:cambridge_historical_journal,Cambridge Historical Journal,1924,15
initial:cambridge_historical_journal,Cambridge Historical Journal,1925,14
initial:cambridge_historical_journal,Cambridge Historical Journal,1926,12
initial:cambridge_historical_journal,Cambridge Historical Journal,1927,11
initial:cambridge_historical_journal,Cambridge Historical Journal,1928,13
initial:cambridge_historical_journal,Cambridge Historical Journal,1929,13
initial:cambridge_historical_journal,Cambridge Historical Journal,1930,10
initial:cambridge_historical_journal,Cambridge Historical Journal,1931,11
initial:cambridge_historical_journal,Cambridge Historical Journal,1932,9
initial:cambridge_historical_journal,Cambridge Historical Journal,1933,9
initial:cambridge_historical_journal,Cambridge Historical Journal,1934,11
initial:cambridge_historical_journal,Cambridge Historical Journal,1935,10
initial:cambridge_historical_journal,Cambridge Historical Journal,1936,10
initial:cambridge_historical_journal,Cambridge Historical Journal,1937,10
initial:cambridge_historical_journal,Cambridge Historical Journal,1938,9
initial:cambridge_historical_journal,Cambridge Historical Journal,1939,7
initial:cambridge_historical_journal,Cambridge Historical Journal,1940,6
initial:cambridge_historical_journal,Cambridge Historical Journal,1941,6
initial:cambridge_historical_journal,Cambridge Historical Journal,1942,6
initial:cambridge_historical_journal,Cambridge Historical Journal,1943,6
initial:cambridge_historical_journal,Cambridge Historical Journal,1944,6
initial:cambridge_historical_journal,Cambridge Historical Journal,1945,6
initial:cambridge_historical_journal,Cambridge Historical Journal,1946,12
initial:cambridge_historical_journal,Cambridge Historical Journal,1947,12
initial:cambridge_historical_journal,Cambridge Historical Journal,1948,10
initial:cambridge_historical_journal,Cambridge Historical Journal,1949,10
initial:cambridge_historical_journal,Cambridge Historical Journal,1950,9
initial:cambridge_historical_journal,Cambridge Historical Journal,1951,9
initial:cambridge_historical_journal,Cambridge Historical Journal,1952,11
initial:cambridge_historical_journal,Cambridge Historical Journal,1953,9
initial:cambridge_historical_journal,Cambridge Historical Journal,1954,11
initial:cambridge_historical_journal,Cambridge Historical Journal,1955,11
initial:cambridge_historical_journal,Cambridge Historical Journal,1956,31
initial:cambridge_historical_journal,Cambridge Historical Journal,1957,27
initial:canadian_journal_history,Canadian Journal of History,1966,71
initial:canadian_journal_history,Canadian Journal of History,1967,51
initial:canadian_journal_history,Canadian Journal of History,1968,98
initial:canadian_journal_history,Canadian Journal of History,1969,66
initial:canadian_journal_history,Canadian Journal of History,1970,72
initial:canadian_journal_history,Canadian Journal of History,1971,105
initial:canadian_journal_history,Canadian Journal of History,1972,96
initial:canadian_journal_history,Canadian Journal of History,1973,63
initial:canadian_journal_history,Canadian Journal of History,1974,103
initial:canadian_journal_history,Canadian Journal of History,1975,135
initial:canadian_journal_history,Canadian Journal of History,1976,146
initial:canadian_journal_history,Canadian Journal of History,1977,117
initial:canadian_journal_history,Canadian Journal of History,1978,181
initial:canadian_journal_history,Canadian Journal of History,1979,151
initial:canadian_journal_history,Canadian Journal of History,1980,143
initial:canadian_journal_history,Canadian Journal of History,1981,160
initial:canadian_journal_history,Canadian Journal of History,1982,153
initial:canadian_journal_history,Canadian Journal of History,1983,129
initial:canadian_journal_history,Canadian Journal of History,1984,178
initial:canadian_journal_history,Canadian Journal of History,1985,142
initial:canadian_journal_history,Canadian Journal of History,1986,138
initial:canadian_journal_history,Canadian Journal of History,1987,137
initial:canadian_journal_history,Canadian Journal of History,1988,139
initial:canadian_journal_history,Canadian Journal of History,1989,146
initial:canadian_journal_history,Canadian Journal of History,1990,141
initial:canadian_journal_history,Canadian Journal of History,1991,140
initial:canadian_journal_history,Canadian Journal of History,1992,128
initial:canadian_journal_history,Canadian Journal of History,1993,140
initial:canadian_journal_history,Canadian Journal of History,1994,132
initial:canadian_journal_history,Canadian Journal of History,1995,138
initial:canadian_journal_history,Canadian Journal of History,1996,139
initial:canadian_journal_history,Canadian Journal of History,1997,135
initial:canadian_journal_history,Canadian Journal of History,1998,136
initial:canadian_journal_history,Canadian Journal of History,1999,149
initial:canadian_journal_history,Canadian Journal of History,2000,197
initial:canadian_journal_history,Canadian Journal of History,2001,205
initial:canadian_journal_history,Canadian Journal of History,2002,195
initial:canadian_journal_history,Canadian Journal of History,2003,119
initial:canadian_journal_history,Canadian Journal of History,2004,196
initial:canadian_journal_history,Canadian Journal of History,2005,197
initial:canadian_journal_history,Canadian Journal of History,2006,193
initial:canadian_journal_history,Canadian Journal of History,2007,187
initial:canadian_journal_history,Canadian Journal of History,2008,169
initial:canadian_journal_history,Canadian Journal of History,2009,165
initial:canadian_journal_history,Canadian Journal of History,2010,166
initial:canadian_journal_history,Canadian Journal of History,2011,192
initial:canadian_journal_history,Canadian Journal of History,2012,168
initial:canadian_journal_history,Canadian Journal of History,2013,166
initial:canadian_journal_history,Canadian Journal of History,2014,165
initial:canadian_journal_history,Canadian Journal of History,2015,175
initial:canadian_journal_history,Canadian Journal of History,2016,189
initial:canadian_journal_history,Canadian Journal of History,2017,153
initial:canadian_journal_history,Canadian Journal of History,2018,166
initial:canadian_journal_history,Canadian Journal of History,2019,111
initial:canadian_journal_history,Canadian Journal of History,2020,48
initial:canadian_journal_history,Canadian Journal of History,2021,63
initial:canadian_journal_history,Canadian Journal of History,2022,48
initial:canadian_journal_history,Canadian Journal of History / Annales canadienne d'histoire,2014,2
initial:canadian_journal_history,Canadian Journal of History / Annales canadiennes d'histoire,2015,4
initial:canadian_journal_history,Journal of History,2022,48
initial:canadian_journal_history,Journal of History,2023,33
initial:canadian_journal_history,Journal of History,2024,22
initial:canadian_journal_history,Journal of History,2025,18
initial:canadian_journal_history,Journal of History,2026,12
initial:contemporary_history,Journal of Contemporary History,1966,41
initial:contemporary_history,Journal of Contemporary History,1967,59
initial:contemporary_history,Journal of Contemporary History,1968,56
initial:contemporary_history,Journal of Contemporary History,1969,48
initial:contemporary_history,Journal of Contemporary History,1970,44
initial:contemporary_history,Journal of Contemporary History,1971,40
initial:contemporary_history,Journal of Contemporary History,1972,32
initial:contemporary_history,Journal of Contemporary History,1973,32
initial:contemporary_history,Journal of Contemporary History,1974,38
initial:contemporary_history,Journal of Contemporary History,1975,31
initial:contemporary_history,Journal of Contemporary History,1976,38
initial:contemporary_history,Journal of Contemporary History,1977,36
initial:contemporary_history,Journal of Contemporary History,1978,41
initial:contemporary_history,Journal of Contemporary History,1979,35
initial:contemporary_history,Journal of Contemporary History,1980,40
initial:contemporary_history,Journal of Contemporary History,1981,39
initial:contemporary_history,Journal of Contemporary History,1982,34
initial:contemporary_history,Journal of Contemporary History,1983,33
initial:contemporary_history,Journal of Contemporary History,1984,34
initial:contemporary_history,Journal of Contemporary History,1985,38
initial:contemporary_history,Journal of Contemporary History,1986,27
initial:contemporary_history,Journal of Contemporary History,1987,34
initial:contemporary_history,Journal of Contemporary History,1988,33
initial:contemporary_history,Journal of Contemporary History,1989,30
initial:contemporary_history,Journal of Contemporary History,1990,26
initial:contemporary_history,Journal of Contemporary History,1991,30
initial:contemporary_history,Journal of Contemporary History,1992,32
initial:contemporary_history,Journal of Contemporary History,1993,33
initial:contemporary_history,Journal of Contemporary History,1994,27
initial:contemporary_history,Journal of Contemporary History,1995,31
initial:contemporary_history,Journal of Contemporary History,1996,33
initial:contemporary_history,Journal of Contemporary History,1997,32
initial:contemporary_history,Journal of Contemporary History,1998,25
initial:contemporary_history,Journal of Contemporary History,1999,26
initial:contemporary_history,Journal of Contemporary History,2000,47
initial:contemporary_history,Journal of Contemporary History,2001,43
initial:contemporary_history,Journal of Contemporary History,2002,45
initial:contemporary_history,Journal of Contemporary History,2003,40
initial:contemporary_history,Journal of Contemporary History,2004,44
initial:contemporary_history,Journal of Contemporary History,2005,49
initial:contemporary_history,Journal of Contemporary History,2006,45
initial:contemporary_history,Journal of Contemporary History,2007,49
initial:contemporary_history,Journal of Contemporary History,2008,46
initial:contemporary_history,Journal of Contemporary History,2009,116
initial:contemporary_history,Journal of Contemporary History,2010,98
initial:contemporary_history,Journal of Contemporary History,2011,87
initial:contemporary_history,Journal of Contemporary History,2012,87
initial:contemporary_history,Journal of Contemporary History,2013,63
initial:contemporary_history,Journal of Contemporary History,2014,93
initial:contemporary_history,Journal of Contemporary History,2015,36
initial:contemporary_history,Journal of Contemporary History,2016,100
initial:contemporary_history,Journal of Contemporary History,2017,101
initial:contemporary_history,Journal of Contemporary History,2018,82
initial:contemporary_history,Journal of Contemporary History,2019,75
initial:contemporary_history,Journal of Contemporary History,2020,117
initial:contemporary_history,Journal of Contemporary History,2021,84
initial:contemporary_history,Journal of Contemporary History,2022,88
initial:contemporary_history,Journal of Contemporary History,2023,71
initial:contemporary_history,Journal of Contemporary History,2024,38
initial:contemporary_history,Journal of Contemporary History,2025,84
initial:contemporary_history,Journal of Contemporary History,2026,47
initial:historical_journal,The Historical Journal,1958,30
initial:historical_journal,The Historical Journal,1959,27
initial:historical_journal,The Historical Journal,1960,28
initial:historical_journal,The Historical Journal,1961,29
initial:historical_journal,The Historical Journal,1962,31
initial:historical_journal,The Historical Journal,1963,34
initial:historical_journal,The Historical Journal,1964,34
initial:historical_journal,The Historical Journal,1965,42
initial:historical_journal,The Historical Journal,1966,46
initial:historical_journal,The Historical Journal,1967,61
initial:historical_journal,The Historical Journal,1968,60
initial:historical_journal,The Historical Journal,1969,73
initial:historical_journal,The Historical Journal,1970,73
initial:historical_journal,The Historical Journal,1971,73
initial:historical_journal,The Historical Journal,1972,77
initial:historical_journal,The Historical Journal,1973,77
initial:historical_journal,The Historical Journal,1974,72
initial:historical_journal,The Historical Journal,1975,88
initial:historical_journal,The Historical Journal,1976,84
initial:historical_journal,The Historical Journal,1977,64
initial:historical_journal,The Historical Journal,1978,75
initial:historical_journal,The Historical Journal,1979,64
initial:historical_journal,The Historical Journal,1980,70
initial:historical_journal,The Historical Journal,1981,77
initial:historical_journal,The Historical Journal,1982,80
initial:historical_journal,The Historical Journal,1983,74
initial:historical_journal,The Historical Journal,1984,62
initial:historical_journal,The Historical Journal,1985,69
initial:historical_journal,The Historical Journal,1986,62
initial:historical_journal,The Historical Journal,1987,70
initial:historical_journal,The Historical Journal,1988,80
initial:historical_journal,The Historical Journal,1989,97
initial:historical_journal,The Historical Journal,1990,83
initial:historical_journal,The Historical Journal,1991,74
initial:historical_journal,The Historical Journal,1992,76
initial:historical_journal,The Historical Journal,1993,77
initial:historical_journal,The Historical Journal,1994,80
initial:historical_journal,The Historical Journal,1995,86
initial:historical_journal,The Historical Journal,1996,86
initial:historical_journal,The Historical Journal,1997,67
initial:historical_journal,The Historical Journal,1998,63
initial:historical_journal,The Historical Journal,1999,68
initial:historical_journal,The Historical Journal,2000,70
initial:historical_journal,The Historical Journal,2001,62
initial:historical_journal,The Historical Journal,2002,56
initial:historical_journal,The Historical Journal,2003,62
initial:historical_journal,The Historical Journal,2004,59
initial:historical_journal,The Historical Journal,2005,69
initial:historical_journal,The Historical Journal,2006,64
initial:historical_journal,The Historical Journal,2007,54
initial:historical_journal,The Historical Journal,2008,67
initial:historical_journal,The Historical Journal,2009,79
initial:historical_journal,The Historical Journal,2010,70
initial:historical_journal,The Historical Journal,2011,60
initial:historical_journal,The Historical Journal,2012,60
initial:historical_journal,The Historical Journal,2013,53
initial:historical_journal,The Historical Journal,2014,55
initial:historical_journal,The Historical Journal,2015,71
initial:historical_journal,The Historical Journal,2016,65
initial:historical_journal,The Historical Journal,2017,63
initial:historical_journal,The Historical Journal,2018,59
initial:historical_journal,The Historical Journal,2019,57
initial:historical_journal,The Historical Journal,2020,79
initial:historical_journal,The Historical Journal,2021,89
initial:historical_journal,The Historical Journal,2022,43
initial:historical_journal,The Historical Journal,2023,58
initial:historical_journal,The Historical Journal,2024,74
initial:historical_journal,The Historical Journal,2025,73
initial:historical_journal,The Historical Journal,2026,58
initial:history_theory,History and Theory,1960,7
initial:history_theory,History and Theory,1961,16
initial:history_theory,History and Theory,1962,19
initial:history_theory,History and Theory,1963,45
initial:history_theory,History and Theory,1964,19
initial:history_theory,History and Theory,1965,25
initial:history_theory,History and Theory,1966,35
initial:history_theory,History and Theory,1967,37
initial:history_theory,History and Theory,1968,32
initial:history_theory,History and Theory,1969,29
initial:history_theory,History and Theory,1970,26
initial:history_theory,History and Theory,1971,29
initial:history_theory,History and Theory,1972,23
initial:history_theory,History and Theory,1973,24
initial:history_theory,History and Theory,1974,24
initial:history_theory,History and Theory,1975,26
initial:history_theory,History and Theory,1976,32
initial:history_theory,History and Theory,1977,26
initial:history_theory,History and Theory,1978,29
initial:history_theory,History and Theory,1979,24
initial:history_theory,History and Theory,1980,29
initial:history_theory,History and Theory,1981,29
initial:history_theory,History and Theory,1982,30
initial:history_theory,History and Theory,1983,29
initial:history_theory,History and Theory,1984,26
initial:history_theory,History and Theory,1985,23
initial:history_theory,History and Theory,1986,31
initial:history_theory,History and Theory,1987,31
initial:history_theory,History and Theory,1988,33
initial:history_theory,History and Theory,1989,22
initial:history_theory,History and Theory,1990,31
initial:history_theory,History and Theory,1991,32
initial:history_theory,History and Theory,1992,32
initial:history_theory,History and Theory,1993,31
initial:history_theory,History and Theory,1994,30
initial:history_theory,History and Theory,1995,31
initial:history_theory,History and Theory,1996,26
initial:history_theory,History and Theory,1997,38
initial:history_theory,History and Theory,1998,42
initial:history_theory,History and Theory,1999,40
initial:history_theory,History and Theory,2000,43
initial:history_theory,History and Theory,2001,43
initial:history_theory,History and Theory,2002,42
initial:history_theory,History and Theory,2003,40
initial:history_theory,History and Theory,2004,46
initial:history_theory,History and Theory,2005,45
initial:history_theory,History and Theory,2006,47
initial:history_theory,History and Theory,2007,48
initial:history_theory,History and Theory,2008,54
initial:history_theory,History and Theory,2009,47
initial:history_theory,History and Theory,2010,44
initial:history_theory,History and Theory,2011,48
initial:history_theory,History and Theory,2012,46
initial:history_theory,History and Theory,2013,45
initial:history_theory,History and Theory,2014,50
initial:history_theory,History and Theory,2015,50
initial:history_theory,History and Theory,2016,52
initial:history_theory,History and Theory,2017,55
initial:history_theory,History and Theory,2018,53
initial:history_theory,History and Theory,2019,55
initial:history_theory,History and Theory,2020,51
initial:history_theory,History and Theory,2021,57
initial:history_theory,History and Theory,2022,50
initial:history_theory,History and Theory,2023,48
initial:history_theory,History and Theory,2024,45
initial:history_theory,History and Theory,2025,51
initial:history_theory,History and Theory,2026,23
initial:labour_le_travail,Labour / Le Travail,1976,7
initial:labour_le_travail,Labour / Le Travail,1977,8
initial:labour_le_travail,Labour / Le Travail,1978,8
initial:labour_le_travail,Labour / Le Travail,1979,18
initial:labour_le_travail,Labour / Le Travail,1980,62
initial:labour_le_travail,Labour / Le Travail,1981,102
initial:labour_le_travail,Labour / Le Travail,1982,53
initial:labour_le_travail,Labour / Le Travail,1983,184
initial:labour_le_travail,Labour / Le Travail,1984,138
initial:labour_le_travail,Labour / Le Travail,1985,144
initial:labour_le_travail,Labour / Le Travail,1986,152
initial:labour_le_travail,Labour / Le Travail,1987,156
initial:labour_le_travail,Labour / Le Travail,1988,169
initial:labour_le_travail,Labour / Le Travail,1989,185
initial:labour_le_travail,Labour / Le Travail,1990,149
initial:labour_le_travail,Labour / Le Travail,1991,106
initial:labour_le_travail,Labour / Le Travail,1992,84
initial:labour_le_travail,Labour / Le Travail,1993,103
initial:labour_le_travail,Labour / Le Travail,1994,105
initial:labour_le_travail,Labour / Le Travail,1995,108
initial:labour_le_travail,Labour / Le Travail,1996,59
initial:labour_le_travail,Labour / Le Travail,1997,104
initial:labour_le_travail,Labour / Le Travail,1998,93
initial:labour_le_travail,Labour / Le Travail,1999,86
initial:labour_le_travail,Labour / Le Travail,2000,51
initial:labour_le_travail,Labour / Le Travail,2001,82
initial:labour_le_travail,Labour / Le Travail,2002,105
initial:labour_le_travail,Labour / Le Travail,2003,102
initial:labour_le_travail,Labour / Le Travail,2004,101
initial:labour_le_travail,Labour / Le Travail,2016,97
initial:labour_le_travail,Labour / Le Travail,2017,82
initial:labour_le_travail,Labour / Le Travail,2018,74
initial:labour_le_travail,Labour / Le Travail,2019,65
initial:labour_le_travail,Labour / Le Travail,2020,64
initial:labour_le_travail,Labour / Le Travail,2021,50
initial:labour_le_travail,Labour / Le Travail,2022,76
initial:labour_le_travail,Labour / Le Travail,2023,60
initial:labour_le_travail,Labour / Le Travail,2024,55
initial:labour_le_travail,Labour / Le Travail,2025,42
initial:labour_le_travail,Labour / Le Travail,2026,31
initial:mississippi_valley,The Mississippi Valley Historical Review,1914,130
initial:mississippi_valley,The Mississippi Valley Historical Review,1915,112
initial:mississippi_valley,The Mississippi Valley Historical Review,1916,130
initial:mississippi_valley,The Mississippi Valley Historical Review,1917,130
initial:mississippi_valley,The Mississippi Valley Historical Review,1918,121
initial:mississippi_valley,The Mississippi Valley Historical Review,1919,141
initial:mississippi_valley,The Mississippi Valley Historical Review,1920,113
initial:mississippi_valley,The Mississippi Valley Historical Review,1921,86
initial:mississippi_valley,The Mississippi Valley Historical Review,1922,77
initial:mississippi_valley,The Mississippi Valley Historical Review,1923,81
initial:mississippi_valley,The Mississippi Valley Historical Review,1924,119
initial:mississippi_valley,The Mississippi Valley Historical Review,1925,114
initial:mississippi_valley,The Mississippi Valley Historical Review,1926,122
initial:mississippi_valley,The Mississippi Valley Historical Review,1927,131
initial:mississippi_valley,The Mississippi Valley Historical Review,1928,116
initial:mississippi_valley,The Mississippi Valley Historical Review,1929,106
initial:mississippi_valley,The Mississippi Valley Historical Review,1930,102
initial:mississippi_valley,The Mississippi Valley Historical Review,1931,209
initial:mississippi_valley,The Mississippi Valley Historical Review,1932,287
initial:mississippi_valley,The Mississippi Valley Historical Review,1933,261
initial:mississippi_valley,The Mississippi Valley Historical Review,1934,212
initial:mississippi_valley,The Mississippi Valley Historical Review,1935,211
initial:mississippi_valley,The Mississippi Valley Historical Review,1936,205
initial:mississippi_valley,The Mississippi Valley Historical Review,1937,203
initial:mississippi_valley,The Mississippi Valley Historical Review,1938,213
initial:mississippi_valley,The Mississippi Valley Historical Review,1939,244
initial:mississippi_valley,The Mississippi Valley Historical Review,1940,293
initial:mississippi_valley,The Mississippi Valley Historical Review,1941,267
initial:mississippi_valley,The Mississippi Valley Historical Review,1942,167
initial:mississippi_valley,The Mississippi Valley Historical Review,1943,163
initial:mississippi_valley,The Mississippi Valley Historical Review,1944,177
initial:mississippi_valley,The Mississippi Valley Historical Review,1945,163
initial:mississippi_valley,The Mississippi Valley Historical Review,1946,145
initial:mississippi_valley,The Mississippi Valley Historical Review,1947,168
initial:mississippi_valley,The Mississippi Valley Historical Review,1948,191
initial:mississippi_valley,The Mississippi Valley Historical Review,1949,191
initial:mississippi_valley,The Mississippi Valley Historical Review,1950,223
initial:mississippi_valley,The Mississippi Valley Historical Review,1951,215
initial:mississippi_valley,The Mississippi Valley Historical Review,1952,203
initial:mississippi_valley,The Mississippi Valley Historical Review,1953,217
initial:mississippi_valley,The Mississippi Valley Historical Review,1954,199
initial:mississippi_valley,The Mississippi Valley Historical Review,1955,171
initial:mississippi_valley,The Mississippi Valley Historical Review,1956,174
initial:mississippi_valley,The Mississippi Valley Historical Review,1957,173
initial:mississippi_valley,The Mississippi Valley Historical Review,1958,178
initial:mississippi_valley,The Mississippi Valley Historical Review,1959,199
initial:mississippi_valley,The Mississippi Valley Historical Review,1960,212
initial:mississippi_valley,The Mississippi Valley Historical Review,1961,197
initial:mississippi_valley,The Mississippi Valley Historical Review,1962,196
initial:mississippi_valley,The Mississippi Valley Historical Review,1963,178
initial:mississippi_valley,The Mississippi Valley Historical Review,1964,36
initial:william_mary,The William and Mary Quarterly,1892,16
initial:william_mary,The William and Mary Quarterly,1893,51
initial:william_mary,The William and Mary Quarterly,1894,75
initial:william_mary,The William and Mary Quarterly,1895,89
initial:william_mary,The William and Mary Quarterly,1896,102
initial:william_mary,The William and Mary Quarterly,1897,107
initial:william_mary,The William and Mary Quarterly,1898,84
initial:william_mary,The William and Mary Quarterly,1899,116
initial:william_mary,The William and Mary Quarterly,1900,77
initial:william_mary,The William and Mary Quarterly,1901,77
initial:william_mary,The William and Mary Quarterly,1902,70
initial:william_mary,The William and Mary Quarterly,1903,60
initial:william_mary,The William and Mary Quarterly,1904,63
initial:william_mary,The William and Mary Quarterly,1905,89
initial:william_mary,The William and Mary Quarterly,1906,71
initial:william_mary,The William and Mary Quarterly,1907,55
initial:william_mary,The William and Mary Quarterly,1908,49
initial:william_mary,The William and Mary Quarterly,1909,44
initial:william_mary,The William and Mary Quarterly,1910,69
initial:william_mary,The William and Mary Quarterly,1911,50
initial:william_mary,The William and Mary Quarterly,1912,74
initial:william_mary,The William and Mary Quarterly,1913,49
initial:william_mary,The William and Mary Quarterly,1914,61
initial:william_mary,The William and Mary Quarterly,1915,64
initial:william_mary,The William and Mary Quarterly,1916,55
initial:william_mary,The William and Mary Quarterly,1917,67
initial:william_mary,The William and Mary Quarterly,1918,38
initial:william_mary,The William and Mary Quarterly,1919,29
initial:william_mary,The William and Mary Quarterly,1921,49
initial:william_mary,The William and Mary Quarterly,1922,53
initial:william_mary,The William and Mary Quarterly,1923,53
initial:william_mary,The William and Mary Quarterly,1924,49
initial:william_mary,The William and Mary Quarterly,1925,62
initial:william_mary,The William and Mary Quarterly,1926,66
initial:william_mary,The William and Mary Quarterly,1927,53
initial:william_mary,The William and Mary Quarterly,1928,54
initial:william_mary,The William and Mary Quarterly,1929,54
initial:william_mary,The William and Mary Quarterly,1930,67
initial:william_mary,The William and Mary Quarterly,1931,71
initial:william_mary,The William and Mary Quarterly,1932,52
initial:william_mary,The William and Mary Quarterly,1933,44
initial:william_mary,The William and Mary Quarterly,1934,63
initial:william_mary,The William and Mary Quarterly,1935,63
initial:william_mary,The William and Mary Quarterly,1936,79
initial:william_mary,The William and Mary Quarterly,1937,68
initial:william_mary,The William and Mary Quarterly,1938,86
initial:william_mary,The William and Mary Quarterly,1939,100
initial:william_mary,The William and Mary Quarterly,1940,88
initial:william_mary,The William and Mary Quarterly,1941,71
initial:william_mary,The William and Mary Quarterly,1942,82
initial:william_mary,The William and Mary Quarterly,1943,72
initial:william_mary,The William and Mary Quarterly,1944,42
initial:william_mary,The William and Mary Quarterly,1945,37
initial:william_mary,The William and Mary Quarterly,1946,66
initial:william_mary,The William and Mary Quarterly,1947,99
initial:william_mary,The William and Mary Quarterly,1948,100
initial:william_mary,The William and Mary Quarterly,1949,133
initial:william_mary,The William and Mary Quarterly,1950,157
initial:william_mary,The William and Mary Quarterly,1951,129
initial:william_mary,The William and Mary Quarterly,1952,111
initial:william_mary,The William and Mary Quarterly,1953,132
initial:william_mary,The William and Mary Quarterly,1954,111
initial:william_mary,The William and Mary Quarterly,1955,99
initial:william_mary,The William and Mary Quarterly,1956,103
initial:william_mary,The William and Mary Quarterly,1957,88
initial:william_mary,The William and Mary Quarterly,1958,102
initial:william_mary,The William and Mary Quarterly,1959,113
initial:william_mary,The William and Mary Quarterly,1960,117
initial:william_mary,The William and Mary Quarterly,1961,94
initial:william_mary,The William and Mary Quarterly,1962,121
initial:william_mary,The William and Mary Quarterly,1963,114
initial:william_mary,The William and Mary Quarterly,1964,107
initial:william_mary,The William and Mary Quarterly,1965,109
initial:william_mary,The William and Mary Quarterly,1966,102
initial:william_mary,The William and Mary Quarterly,1967,117
initial:william_mary,The William and Mary Quarterly,1968,110
initial:william_mary,The William and Mary Quarterly,1969,98
initial:william_mary,The William and Mary Quarterly,1970,105
initial:william_mary,The William and Mary Quarterly,1971,99
initial:william_mary,The William and Mary Quarterly,1972,88
initial:william_mary,The William and Mary Quarterly,1973,109
initial:william_mary,The William and Mary Quarterly,1974,93
initial:william_mary,The William and Mary Quarterly,1975,103
initial:william_mary,The William and Mary Quarterly,1976,90
initial:william_mary,The William and Mary Quarterly,1977,124
initial:william_mary,The William and Mary Quarterly,1978,98
initial:william_mary,The William and Mary Quarterly,1979,100
initial:william_mary,The William and Mary Quarterly,1980,92
initial:william_mary,The William and Mary Quarterly,1981,82
initial:william_mary,The William and Mary Quarterly,1982,77
initial:william_mary,The William and Mary Quarterly,1983,93
initial:william_mary,The William and Mary Quarterly,1984,100
initial:william_mary,The William and Mary Quarterly,1985,82
initial:william_mary,The William and Mary Quarterly,1986,84
initial:william_mary,The William and Mary Quarterly,1987,90
initial:william_mary,The William and Mary Quarterly,1988,109
initial:william_mary,The William and Mary Quarterly,1989,99
initial:william_mary,The William and Mary Quarterly,1990,81
initial:william_mary,The William and Mary Quarterly,1991,79
initial:william_mary,The William and Mary Quarterly,1992,97
initial:william_mary,The William and Mary Quarterly,1993,127
initial:william_mary,The William and Mary Quarterly,1994,138
initial:william_mary,The William and Mary Quarterly,1995,123
initial:william_mary,The William and Mary Quarterly,1996,117
initial:william_mary,The William and Mary Quarterly,1997,118
initial:william_mary,The William and Mary Quarterly,1998,123
initial:william_mary,The William and Mary Quarterly,1999,123
initial:william_mary,The William and Mary Quarterly,2000,106
initial:william_mary,The William and Mary Quarterly,2001,112
initial:william_mary,The William and Mary Quarterly,2002,103
initial:william_mary,The William and Mary Quarterly,2007,32
initial:william_mary,The William and Mary Quarterly,2008,50
initial:william_mary,The William and Mary Quarterly,2010,52
initial:william_mary,The William and Mary Quarterly,2011,85
initial:william_mary,The William and Mary Quarterly,2012,83
initial:william_mary,The William and Mary Quarterly,2013,61
initial:william_mary,The William and Mary Quarterly,2014,61
initial:william_mary,The William and Mary Quarterly,2015,60
initial:william_mary,The William and Mary Quarterly,2016,65
initial:william_mary,The William and Mary Quarterly,2017,82
initial:william_mary,The William and Mary Quarterly,2018,69
initial:william_mary,The William and Mary Quarterly,2019,75
initial:william_mary,The William and Mary Quarterly,2020,32
initial:william_mary,The William and Mary Quarterly,2021,42
initial:william_mary,The William and Mary Quarterly,2022,52
initial:william_mary,The William and Mary Quarterly,2023,68
initial:william_mary,The William and Mary Quarterly,2024,68
initial:william_mary,The William and Mary Quarterly,2025,58
initial:william_mary,The William and Mary Quarterly,2026,49
initial:william_mary,William and Mary Quarterly,2003,94
initial:william_mary,William and Mary Quarterly,2004,69
initial:william_mary,William and Mary Quarterly,2005,71
initial:william_mary,William and Mary Quarterly,2006,17
initial:william_mary,William and Mary Quarterly,2018,2
journal_016ce76060061eb0,Anuario Colombiano de Historia Social y de la Cultura,2014,31
journal_016ce76060061eb0,Anuario Colombiano de Historia Social y de la Cultura,2015,41
journal_016ce76060061eb0,Anuario Colombiano de Historia Social y de la Cultura,2016,67
journal_016ce76060061eb0,Anuario Colombiano de Historia Social y de la Cultura,2017,20
journal_016ce76060061eb0,Anuario Colombiano de Historia Social y de la Cultura,2018,38
journal_016ce76060061eb0,Anuario Colombiano de Historia Social y de la Cultura,2019,34
journal_016ce76060061eb0,Anuario Colombiano de Historia Social y de la Cultura,2020,62
journal_016ce76060061eb0,Anuario Colombiano de Historia Social y de la Cultura,2021,46
journal_016ce76060061eb0,Anuario Colombiano de Historia Social y de la Cultura,2022,43
journal_016ce76060061eb0,Anuario Colombiano de Historia Social y de la Cultura,2023,43
journal_016ce76060061eb0,Anuario Colombiano de Historia Social y de la Cultura,2024,42
journal_016ce76060061eb0,Anuario Colombiano de Historia Social y de la Cultura,2025,24
journal_016ce76060061eb0,Anuario Colombiano de Historia Social y de la Cultura,2026,10
journal_02374963f4ea4849,Journal of Early American History,2011,21
journal_02374963f4ea4849,Journal of Early American History,2012,18
journal_02374963f4ea4849,Journal of Early American History,2013,16
journal_02374963f4ea4849,Journal of Early American History,2014,24
journal_02374963f4ea4849,Journal of Early American History,2015,21
journal_02374963f4ea4849,Journal of Early American History,2016,19
journal_02374963f4ea4849,Journal of Early American History,2017,14
journal_02374963f4ea4849,Journal of Early American History,2018,16
journal_02374963f4ea4849,Journal of Early American History,2019,22
journal_02374963f4ea4849,Journal of Early American History,2020,24
journal_02374963f4ea4849,Journal of Early American History,2021,26
journal_02374963f4ea4849,Journal of Early American History,2022,32
journal_02374963f4ea4849,Journal of Early American History,2023,27
journal_02374963f4ea4849,Journal of Early American History,2024,17
journal_02374963f4ea4849,Journal of Early American History,2025,16
journal_02374963f4ea4849,Journal of Early American History,2026,25
journal_02eec3b72cd5349d,Forest &amp; Conservation History,1981,1
journal_02eec3b72cd5349d,Forest &amp; Conservation History,1994,1
journal_02eec3b72cd5349d,Forest and Conservation History,1990,69
journal_02eec3b72cd5349d,Forest and Conservation History,1991,74
journal_02eec3b72cd5349d,Forest and Conservation History,1992,95
journal_02eec3b72cd5349d,Forest and Conservation History,1993,88
journal_02eec3b72cd5349d,Forest and Conservation History,1994,74
journal_02eec3b72cd5349d,Forest and Conservation History,1995,67
journal_03730bc252490e14,Social Science History,1976,8
journal_03730bc252490e14,Social Science History,1977,41
journal_03730bc252490e14,Social Science History,1978,48
journal_03730bc252490e14,Social Science History,1979,50
journal_03730bc252490e14,Social Science History,1980,57
journal_03730bc252490e14,Social Science History,1981,70
journal_03730bc252490e14,Social Science History,1982,51
journal_03730bc252490e14,Social Science History,1983,66
journal_03730bc252490e14,Social Science History,1984,45
journal_03730bc252490e14,Social Science History,1985,54
journal_03730bc252490e14,Social Science History,1986,56
journal_03730bc252490e14,Social Science History,1987,41
journal_03730bc252490e14,Social Science History,1988,50
journal_03730bc252490e14,Social Science History,1989,39
journal_03730bc252490e14,Social Science History,1990,43
journal_03730bc252490e14,Social Science History,1991,46
journal_03730bc252490e14,Social Science History,1992,41
journal_03730bc252490e14,Social Science History,1993,39
journal_03730bc252490e14,Social Science History,1994,41
journal_03730bc252490e14,Social Science History,1995,47
journal_03730bc252490e14,Social Science History,1996,39
journal_03730bc252490e14,Social Science History,1997,30
journal_03730bc252490e14,Social Science History,1998,43
journal_03730bc252490e14,Social Science History,1999,29
journal_03730bc252490e14,Social Science History,2000,69
journal_03730bc252490e14,Social Science History,2001,56
journal_03730bc252490e14,Social Science History,2002,52
journal_03730bc252490e14,Social Science History,2003,50
journal_03730bc252490e14,Social Science History,2004,55
journal_03730bc252490e14,Social Science History,2005,47
journal_03730bc252490e14,Social Science History,2006,52
journal_03730bc252490e14,Social Science History,2007,52
journal_03730bc252490e14,Social Science History,2008,51
journal_03730bc252490e14,Social Science History,2009,45
journal_03730bc252490e14,Social Science History,2010,60
journal_03730bc252490e14,Social Science History,2011,46
journal_03730bc252490e14,Social Science History,2012,60
journal_03730bc252490e14,Social Science History,2013,51
journal_03730bc252490e14,Social Science History,2014,32
journal_03730bc252490e14,Social Science History,2015,36
journal_03730bc252490e14,Social Science History,2016,40
journal_03730bc252490e14,Social Science History,2017,49
journal_03730bc252490e14,Social Science History,2018,42
journal_03730bc252490e14,Social Science History,2019,43
journal_03730bc252490e14,Social Science History,2020,51
journal_03730bc252490e14,Social Science History,2021,46
journal_03730bc252490e14,Social Science History,2022,49
journal_03730bc252490e14,Social Science History,2023,46
journal_03730bc252490e14,Social Science History,2024,46
journal_03730bc252490e14,Social Science History,2025,50
journal_03730bc252490e14,Social Science History,2026,28
journal_03fcc30800ae6fd9,International Journal of Maritime History,1989,84
journal_03fcc30800ae6fd9,International Journal of Maritime History,1990,69
journal_03fcc30800ae6fd9,International Journal of Maritime History,1991,76
journal_03fcc30800ae6fd9,International Journal of Maritime History,1992,78
journal_03fcc30800ae6fd9,International Journal of Maritime History,1993,78
journal_03fcc30800ae6fd9,International Journal of Maritime History,1994,56
journal_03fcc30800ae6fd9,International Journal of Maritime History,1995,43
journal_03fcc30800ae6fd9,International Journal of Maritime History,1996,58
journal_03fcc30800ae6fd9,International Journal of Maritime History,1997,71
journal_03fcc30800ae6fd9,International Journal of Maritime History,1998,73
journal_03fcc30800ae6fd9,International Journal of Maritime History,1999,56
journal_03fcc30800ae6fd9,International Journal of Maritime History,2000,149
journal_03fcc30800ae6fd9,International Journal of Maritime History,2001,192
journal_03fcc30800ae6fd9,International Journal of Maritime History,2002,210
journal_03fcc30800ae6fd9,International Journal of Maritime History,2003,186
journal_03fcc30800ae6fd9,International Journal of Maritime History,2004,219
journal_03fcc30800ae6fd9,International Journal of Maritime History,2005,196
journal_03fcc30800ae6fd9,International Journal of Maritime History,2006,231
journal_03fcc30800ae6fd9,International Journal of Maritime History,2007,182
journal_03fcc30800ae6fd9,International Journal of Maritime History,2008,181
journal_03fcc30800ae6fd9,International Journal of Maritime History,2009,214
journal_03fcc30800ae6fd9,International Journal of Maritime History,2010,186
journal_03fcc30800ae6fd9,International Journal of Maritime History,2011,189
journal_03fcc30800ae6fd9,International Journal of Maritime History,2012,185
journal_03fcc30800ae6fd9,International Journal of Maritime History,2013,141
journal_03fcc30800ae6fd9,International Journal of Maritime History,2014,133
journal_03fcc30800ae6fd9,International Journal of Maritime History,2015,166
journal_03fcc30800ae6fd9,International Journal of Maritime History,2016,141
journal_03fcc30800ae6fd9,International Journal of Maritime History,2017,169
journal_03fcc30800ae6fd9,International Journal of Maritime History,2018,133
journal_03fcc30800ae6fd9,International Journal of Maritime History,2019,130
journal_03fcc30800ae6fd9,International Journal of Maritime History,2020,118
journal_03fcc30800ae6fd9,International Journal of Maritime History,2021,60
journal_03fcc30800ae6fd9,International Journal of Maritime History,2022,72
journal_03fcc30800ae6fd9,International Journal of Maritime History,2023,94
journal_03fcc30800ae6fd9,International Journal of Maritime History,2024,110
journal_03fcc30800ae6fd9,International Journal of Maritime History,2025,118
journal_03fcc30800ae6fd9,International Journal of Maritime History,2026,105
journal_05418473995006e9,Cliometrica,2007,21
journal_05418473995006e9,Cliometrica,2008,13
journal_05418473995006e9,Cliometrica,2009,14
journal_05418473995006e9,Cliometrica,2010,11
journal_05418473995006e9,Cliometrica,2011,15
journal_05418473995006e9,Cliometrica,2012,15
journal_05418473995006e9,Cliometrica,2013,16
journal_05418473995006e9,Cliometrica,2014,18
journal_05418473995006e9,Cliometrica,2015,16
journal_05418473995006e9,Cliometrica,2016,18
journal_05418473995006e9,Cliometrica,2017,12
journal_05418473995006e9,Cliometrica,2018,12
journal_05418473995006e9,Cliometrica,2019,18
journal_05418473995006e9,Cliometrica,2020,20
journal_05418473995006e9,Cliometrica,2021,21
journal_05418473995006e9,Cliometrica,2022,22
journal_05418473995006e9,Cliometrica,2023,16
journal_05418473995006e9,Cliometrica,2024,23
journal_05418473995006e9,Cliometrica,2025,25
journal_05418473995006e9,Cliometrica,2026,18
journal_054d070a681aafc6,Le Mouvement Social,1990,14
journal_054d070a681aafc6,Le Mouvement Social,1991,15
journal_054d070a681aafc6,Le Mouvement Social,1992,19
journal_054d070a681aafc6,Le Mouvement Social,1993,28
journal_054d070a681aafc6,Le Mouvement Social,1994,25
journal_054d070a681aafc6,Le Mouvement Social,1995,36
journal_054d070a681aafc6,Le Mouvement Social,1996,30
journal_054d070a681aafc6,Le Mouvement Social,1997,36
journal_054d070a681aafc6,Le Mouvement Social,1998,32
journal_054d070a681aafc6,Le Mouvement Social,1999,29
journal_054d070a681aafc6,Le Mouvement Social,2000,19
journal_054d070a681aafc6,Le Mouvement Social,2001,28
journal_054d070a681aafc6,Le Mouvement Social,2002,43
journal_054d070a681aafc6,Le Mouvement Social,2003,46
journal_054d070a681aafc6,Le Mouvement Social,2004,41
journal_054d070a681aafc6,Le Mouvement Social,2005,36
journal_054d070a681aafc6,Le Mouvement Social,2006,30
journal_054d070a681aafc6,Le Mouvement Social,2007,62
journal_054d070a681aafc6,Le Mouvement Social,2008,103
journal_054d070a681aafc6,Le Mouvement Social,2009,96
journal_054d070a681aafc6,Le Mouvement Social,2010,96
journal_054d070a681aafc6,Le Mouvement Social,2011,86
journal_054d070a681aafc6,Le Mouvement Social,2012,86
journal_054d070a681aafc6,Le Mouvement Social,2013,95
journal_054d070a681aafc6,Le Mouvement Social,2014,71
journal_054d070a681aafc6,Le Mouvement Social,2015,73
journal_054d070a681aafc6,Le Mouvement Social,2016,62
journal_054d070a681aafc6,Le Mouvement Social,2017,105
journal_054d070a681aafc6,Le Mouvement Social,2018,99
journal_054d070a681aafc6,Le Mouvement Social,2019,77
journal_054d070a681aafc6,Le Mouvement Social,2020,103
journal_054d070a681aafc6,Le Mouvement Social,2021,96
journal_054d070a681aafc6,Le Mouvement Social,2022,96
journal_054d070a681aafc6,Le Mouvement Social,2023,82
journal_054d070a681aafc6,Le Mouvement Social,2024,48
journal_054d070a681aafc6,Le Mouvement Social,2025,154
journal_054d070a681aafc6,Le Mouvement Social,2026,52
journal_054d070a681aafc6,Le Mouvement social,1960,5
journal_054d070a681aafc6,Le Mouvement social,1961,14
journal_054d070a681aafc6,Le Mouvement social,1962,37
journal_054d070a681aafc6,Le Mouvement social,1963,68
journal_054d070a681aafc6,Le Mouvement social,1964,63
journal_054d070a681aafc6,Le Mouvement social,1965,49
journal_054d070a681aafc6,Le Mouvement social,1966,55
journal_054d070a681aafc6,Le Mouvement social,1967,58
journal_054d070a681aafc6,Le Mouvement social,1968,44
journal_054d070a681aafc6,Le Mouvement social,1969,57
journal_054d070a681aafc6,Le Mouvement social,1970,53
journal_054d070a681aafc6,Le Mouvement social,1971,42
journal_054d070a681aafc6,Le Mouvement social,1972,63
journal_054d070a681aafc6,Le Mouvement social,1973,40
journal_054d070a681aafc6,Le Mouvement social,1974,62
journal_054d070a681aafc6,Le Mouvement social,1975,61
journal_054d070a681aafc6,Le Mouvement social,1976,45
journal_054d070a681aafc6,Le Mouvement social,1977,65
journal_054d070a681aafc6,Le Mouvement social,1978,62
journal_054d070a681aafc6,Le Mouvement social,1979,58
journal_054d070a681aafc6,Le Mouvement social,1980,77
journal_054d070a681aafc6,Le Mouvement social,1981,66
journal_054d070a681aafc6,Le Mouvement social,1982,63
journal_054d070a681aafc6,Le Mouvement social,1983,53
journal_054d070a681aafc6,Le Mouvement social,1984,51
journal_054d070a681aafc6,Le Mouvement social,1985,69
journal_054d070a681aafc6,Le Mouvement social,1986,61
journal_054d070a681aafc6,Le Mouvement social,1987,72
journal_054d070a681aafc6,Le Mouvement social,1988,66
journal_054d070a681aafc6,Le Mouvement social,1989,102
journal_054d070a681aafc6,Le Mouvement social,1990,76
journal_054d070a681aafc6,Le Mouvement social,1991,66
journal_054d070a681aafc6,Le Mouvement social,1992,66
journal_054d070a681aafc6,Le Mouvement social,1993,70
journal_054d070a681aafc6,Le Mouvement social,1994,63
journal_054d070a681aafc6,Le Mouvement social,1995,66
journal_054d070a681aafc6,Le Mouvement social,1996,65
journal_054d070a681aafc6,Le Mouvement social,1997,106
journal_054d070a681aafc6,Le Mouvement social,1998,74
journal_054d070a681aafc6,Le Mouvement social,1999,69
journal_054d070a681aafc6,Le Mouvement social,2000,72
journal_054d070a681aafc6,Le Mouvement social,2001,77
journal_054d070a681aafc6,Le Mouvement social,2002,89
journal_054d070a681aafc6,Le Mouvement social,2003,69
journal_054d070a681aafc6,Le Mouvement social,2004,76
journal_054d070a681aafc6,Le mouvement social,2009,6
journal_054d070a681aafc6,Le mouvement social,2010,58
journal_054d070a681aafc6,Le mouvement social,2011,21
journal_05682cc5619c8c31,Annales d'histoire sociale,1939,18
journal_05682cc5619c8c31,Annales d'histoire sociale,1940,18
journal_05682cc5619c8c31,Annales d'histoire sociale,1941,15
journal_057f4e95b6bd7edb,Journal of Modern European History,2003,10
journal_057f4e95b6bd7edb,Journal of Modern European History,2004,17
journal_057f4e95b6bd7edb,Journal of Modern European History,2005,17
journal_057f4e95b6bd7edb,Journal of Modern European History,2006,16
journal_057f4e95b6bd7edb,Journal of Modern European History,2007,17
journal_057f4e95b6bd7edb,Journal of Modern European History,2008,19
journal_057f4e95b6bd7edb,Journal of Modern European History,2009,17
journal_057f4e95b6bd7edb,Journal of Modern European History,2010,16
journal_057f4e95b6bd7edb,Journal of Modern European History,2011,27
journal_057f4e95b6bd7edb,Journal of Modern European History,2012,40
journal_057f4e95b6bd7edb,Journal of Modern European History,2013,19
journal_057f4e95b6bd7edb,Journal of Modern European History,2014,42
journal_057f4e95b6bd7edb,Journal of Modern European History,2015,51
journal_057f4e95b6bd7edb,Journal of Modern European History,2016,51
journal_057f4e95b6bd7edb,Journal of Modern European History,2017,45
journal_057f4e95b6bd7edb,Journal of Modern European History,2018,47
journal_057f4e95b6bd7edb,Journal of Modern European History,2019,47
journal_057f4e95b6bd7edb,Journal of Modern European History,2020,43
journal_057f4e95b6bd7edb,Journal of Modern European History,2021,29
journal_057f4e95b6bd7edb,Journal of Modern European History,2022,46
journal_057f4e95b6bd7edb,Journal of Modern European History,2023,33
journal_057f4e95b6bd7edb,Journal of Modern European History,2024,27
journal_057f4e95b6bd7edb,Journal of Modern European History,2025,33
journal_057f4e95b6bd7edb,Journal of Modern European History,2026,23
journal_05b07cc1ed9ec31d,Journal of Planning History,2002,27
journal_05b07cc1ed9ec31d,Journal of Planning History,2003,20
journal_05b07cc1ed9ec31d,Journal of Planning History,2004,18
journal_05b07cc1ed9ec31d,Journal of Planning History,2005,22
journal_05b07cc1ed9ec31d,Journal of Planning History,2006,26
journal_05b07cc1ed9ec31d,Journal of Planning History,2007,14
journal_05b07cc1ed9ec31d,Journal of Planning History,2008,21
journal_05b07cc1ed9ec31d,Journal of Planning History,2009,12
journal_05b07cc1ed9ec31d,Journal of Planning History,2010,20
journal_05b07cc1ed9ec31d,Journal of Planning History,2011,25
journal_05b07cc1ed9ec31d,Journal of Planning History,2012,19
journal_05b07cc1ed9ec31d,Journal of Planning History,2013,26
journal_05b07cc1ed9ec31d,Journal of Planning History,2014,20
journal_05b07cc1ed9ec31d,Journal of Planning History,2015,13
journal_05b07cc1ed9ec31d,Journal of Planning History,2016,25
journal_05b07cc1ed9ec31d,Journal of Planning History,2017,15
journal_05b07cc1ed9ec31d,Journal of Planning History,2018,23
journal_05b07cc1ed9ec31d,Journal of Planning History,2019,18
journal_05b07cc1ed9ec31d,Journal of Planning History,2020,24
journal_05b07cc1ed9ec31d,Journal of Planning History,2021,26
journal_05b07cc1ed9ec31d,Journal of Planning History,2022,25
journal_05b07cc1ed9ec31d,Journal of Planning History,2023,17
journal_05b07cc1ed9ec31d,Journal of Planning History,2024,24
journal_05b07cc1ed9ec31d,Journal of Planning History,2025,21
journal_05b07cc1ed9ec31d,Journal of Planning History,2026,21
journal_06580f980c0bb576,The Journal of Holocaust Research,2019,19
journal_06580f980c0bb576,The Journal of Holocaust Research,2020,25
journal_06580f980c0bb576,The Journal of Holocaust Research,2021,18
journal_06580f980c0bb576,The Journal of Holocaust Research,2022,25
journal_06580f980c0bb576,The Journal of Holocaust Research,2023,34
journal_06580f980c0bb576,The Journal of Holocaust Research,2024,21
journal_06580f980c0bb576,The Journal of Holocaust Research,2025,15
journal_06580f980c0bb576,The Journal of Holocaust Research,2026,14
journal_06d93b627ca5596b,Anuario de Estudios Americanos,1990,21
journal_06d93b627ca5596b,Anuario de Estudios Americanos,1991,18
journal_06d93b627ca5596b,Anuario de Estudios Americanos,1992,22
journal_06d93b627ca5596b,Anuario de Estudios Americanos,1993,24
journal_06d93b627ca5596b,Anuario de Estudios Americanos,1994,51
journal_06d93b627ca5596b,Anuario de Estudios Americanos,1995,47
journal_06d93b627ca5596b,Anuario de Estudios Americanos,1996,53
journal_06d93b627ca5596b,Anuario de Estudios Americanos,1997,47
journal_06d93b627ca5596b,Anuario de Estudios Americanos,1998,52
journal_06d93b627ca5596b,Anuario de Estudios Americanos,1999,50
journal_06d93b627ca5596b,Anuario de Estudios Americanos,2000,44
journal_06d93b627ca5596b,Anuario de Estudios Americanos,2001,53
journal_06d93b627ca5596b,Anuario de Estudios Americanos,2002,44
journal_06d93b627ca5596b,Anuario de Estudios Americanos,2003,39
journal_06d93b627ca5596b,Anuario de Estudios Americanos,2004,27
journal_06d93b627ca5596b,Anuario de Estudios Americanos,2005,43
journal_06d93b627ca5596b,Anuario de Estudios Americanos,2006,44
journal_06d93b627ca5596b,Anuario de Estudios Americanos,2007,38
journal_06d93b627ca5596b,Anuario de Estudios Americanos,2008,52
journal_06d93b627ca5596b,Anuario de Estudios Americanos,2009,40
journal_06d93b627ca5596b,Anuario de Estudios Americanos,2010,41
journal_06d93b627ca5596b,Anuario de Estudios Americanos,2011,32
journal_06d93b627ca5596b,Anuario de Estudios Americanos,2012,24
journal_06d93b627ca5596b,Anuario de Estudios Americanos,2013,24
journal_06d93b627ca5596b,Anuario de Estudios Americanos,2014,24
journal_06d93b627ca5596b,Anuario de Estudios Americanos,2015,24
journal_06d93b627ca5596b,Anuario de Estudios Americanos,2016,25
journal_06d93b627ca5596b,Anuario de Estudios Americanos,2017,26
journal_06d93b627ca5596b,Anuario de Estudios Americanos,2018,26
journal_06d93b627ca5596b,Anuario de Estudios Americanos,2019,25
journal_06d93b627ca5596b,Anuario de Estudios Americanos,2020,25
journal_06d93b627ca5596b,Anuario de Estudios Americanos,2021,24
journal_06d93b627ca5596b,Anuario de Estudios Americanos,2022,43
journal_06d93b627ca5596b,Anuario de Estudios Americanos,2023,44
journal_06d93b627ca5596b,Anuario de Estudios Americanos,2024,45
journal_06d93b627ca5596b,Anuario de Estudios Americanos,2025,38
journal_06d93b627ca5596b,Anuario de Estudios Americanos,2026,19
journal_074a5b70dab9caaf,Arbeiderhistorie,2017,9
journal_074a5b70dab9caaf,Arbeiderhistorie,2018,11
journal_074a5b70dab9caaf,Arbeiderhistorie,2019,11
journal_074a5b70dab9caaf,Arbeiderhistorie,2020,11
journal_074a5b70dab9caaf,Arbeiderhistorie,2021,11
journal_074a5b70dab9caaf,Arbeiderhistorie,2022,17
journal_074a5b70dab9caaf,Arbeiderhistorie,2023,15
journal_074a5b70dab9caaf,Arbeiderhistorie,2024,9
journal_074a5b70dab9caaf,Arbeiderhistorie,2025,9
journal_074a5b70dab9caaf,Arbeiderhistorie,2026,9
journal_07ccddae5a67c1fa,Journal of the History of Sexuality,2001,78
journal_07ccddae5a67c1fa,Journal of the History of Sexuality,2002,63
journal_07ccddae5a67c1fa,Journal of the History of Sexuality,2003,77
journal_07ccddae5a67c1fa,Journal of the History of Sexuality,2004,72
journal_07ccddae5a67c1fa,Journal of the History of Sexuality,2005,60
journal_07ccddae5a67c1fa,Journal of the History of Sexuality,2006,34
journal_07ccddae5a67c1fa,Journal of the History of Sexuality,2007,58
journal_07ccddae5a67c1fa,Journal of the History of Sexuality,2008,41
journal_07ccddae5a67c1fa,Journal of the History of Sexuality,2009,33
journal_07ccddae5a67c1fa,Journal of the History of Sexuality,2010,59
journal_07ccddae5a67c1fa,Journal of the History of Sexuality,2011,47
journal_07ccddae5a67c1fa,Journal of the History of Sexuality,2012,72
journal_07ccddae5a67c1fa,Journal of the History of Sexuality,2013,21
journal_07ccddae5a67c1fa,Journal of the History of Sexuality,2014,19
journal_07ccddae5a67c1fa,Journal of the History of Sexuality,2015,20
journal_07ccddae5a67c1fa,Journal of the History of Sexuality,2016,20
journal_07ccddae5a67c1fa,Journal of the History of Sexuality,2017,20
journal_07ccddae5a67c1fa,Journal of the History of Sexuality,2018,17
journal_07ccddae5a67c1fa,Journal of the History of Sexuality,2019,18
journal_07ccddae5a67c1fa,Journal of the History of Sexuality,2020,18
journal_07ccddae5a67c1fa,Journal of the History of Sexuality,2021,19
journal_07ccddae5a67c1fa,Journal of the History of Sexuality,2022,15
journal_07ccddae5a67c1fa,Journal of the History of Sexuality,2023,21
journal_07ccddae5a67c1fa,Journal of the History of Sexuality,2024,19
journal_07ccddae5a67c1fa,Journal of the History of Sexuality,2025,48
journal_07ccddae5a67c1fa,Journal of the History of Sexuality,2026,45
journal_07d22e9c6b79ee21,European History Quarterly,1984,52
journal_07d22e9c6b79ee21,European History Quarterly,1985,34
journal_07d22e9c6b79ee21,European History Quarterly,1986,70
journal_07d22e9c6b79ee21,European History Quarterly,1987,57
journal_07d22e9c6b79ee21,European History Quarterly,1988,64
journal_07d22e9c6b79ee21,European History Quarterly,1989,53
journal_07d22e9c6b79ee21,European History Quarterly,1990,62
journal_07d22e9c6b79ee21,European History Quarterly,1991,66
journal_07d22e9c6b79ee21,European History Quarterly,1992,73
journal_07d22e9c6b79ee21,European History Quarterly,1993,121
journal_07d22e9c6b79ee21,European History Quarterly,1994,122
journal_07d22e9c6b79ee21,European History Quarterly,1995,76
journal_07d22e9c6b79ee21,European History Quarterly,1996,61
journal_07d22e9c6b79ee21,European History Quarterly,1997,61
journal_07d22e9c6b79ee21,European History Quarterly,1998,57
journal_07d22e9c6b79ee21,European History Quarterly,1999,41
journal_07d22e9c6b79ee21,European History Quarterly,2000,56
journal_07d22e9c6b79ee21,European History Quarterly,2001,47
journal_07d22e9c6b79ee21,European History Quarterly,2002,59
journal_07d22e9c6b79ee21,European History Quarterly,2003,31
journal_07d22e9c6b79ee21,European History Quarterly,2004,40
journal_07d22e9c6b79ee21,European History Quarterly,2005,96
journal_07d22e9c6b79ee21,European History Quarterly,2006,140
journal_07d22e9c6b79ee21,European History Quarterly,2007,116
journal_07d22e9c6b79ee21,European History Quarterly,2008,153
journal_07d22e9c6b79ee21,European History Quarterly,2009,195
journal_07d22e9c6b79ee21,European History Quarterly,2010,207
journal_07d22e9c6b79ee21,European History Quarterly,2011,195
journal_07d22e9c6b79ee21,European History Quarterly,2012,181
journal_07d22e9c6b79ee21,European History Quarterly,2013,201
journal_07d22e9c6b79ee21,European History Quarterly,2014,257
journal_07d22e9c6b79ee21,European History Quarterly,2015,123
journal_07d22e9c6b79ee21,European History Quarterly,2016,228
journal_07d22e9c6b79ee21,European History Quarterly,2017,168
journal_07d22e9c6b79ee21,European History Quarterly,2018,160
journal_07d22e9c6b79ee21,European History Quarterly,2019,147
journal_07d22e9c6b79ee21,European History Quarterly,2020,130
journal_07d22e9c6b79ee21,European History Quarterly,2021,67
journal_07d22e9c6b79ee21,European History Quarterly,2022,37
journal_07d22e9c6b79ee21,European History Quarterly,2023,102
journal_07d22e9c6b79ee21,European History Quarterly,2024,57
journal_07d22e9c6b79ee21,European History Quarterly,2025,96
journal_07d22e9c6b79ee21,European History Quarterly,2026,49
journal_0835598cd9000a22,Radovi Zavoda za povijesne znanosti HAZU u Zadru,2017,18
journal_0835598cd9000a22,Radovi Zavoda za povijesne znanosti HAZU u Zadru,2018,13
journal_0835598cd9000a22,Radovi Zavoda za povijesne znanosti HAZU u Zadru,2019,15
journal_0835598cd9000a22,Radovi Zavoda za povijesne znanosti HAZU u Zadru,2020,15
journal_0835598cd9000a22,Radovi Zavoda za povijesne znanosti HAZU u Zadru,2021,13
journal_0835598cd9000a22,Radovi Zavoda za povijesne znanosti HAZU u Zadru,2022,11
journal_0835598cd9000a22,Radovi Zavoda za povijesne znanosti HAZU u Zadru,2023,12
journal_0835598cd9000a22,Radovi Zavoda za povijesne znanosti HAZU u Zadru,2024,14
journal_0835598cd9000a22,Radovi Zavoda za povijesne znanosti HAZU u Zadru,2025,10
journal_09012fb45eab4d3e,Journal of Intelligence History,2001,17
journal_09012fb45eab4d3e,Journal of Intelligence History,2002,15
journal_09012fb45eab4d3e,Journal of Intelligence History,2003,17
journal_09012fb45eab4d3e,Journal of Intelligence History,2004,14
journal_09012fb45eab4d3e,Journal of Intelligence History,2005,18
journal_09012fb45eab4d3e,Journal of Intelligence History,2006,14
journal_09012fb45eab4d3e,Journal of Intelligence History,2007,11
journal_09012fb45eab4d3e,Journal of Intelligence History,2008,14
journal_09012fb45eab4d3e,Journal of Intelligence History,2009,10
journal_09012fb45eab4d3e,Journal of Intelligence History,2013,26
journal_09012fb45eab4d3e,Journal of Intelligence History,2014,21
journal_09012fb45eab4d3e,Journal of Intelligence History,2015,20
journal_09012fb45eab4d3e,Journal of Intelligence History,2016,16
journal_09012fb45eab4d3e,Journal of Intelligence History,2017,35
journal_09012fb45eab4d3e,Journal of Intelligence History,2018,11
journal_09012fb45eab4d3e,Journal of Intelligence History,2019,18
journal_09012fb45eab4d3e,Journal of Intelligence History,2020,28
journal_09012fb45eab4d3e,Journal of Intelligence History,2021,24
journal_09012fb45eab4d3e,Journal of Intelligence History,2022,23
journal_09012fb45eab4d3e,Journal of Intelligence History,2023,13
journal_09012fb45eab4d3e,Journal of Intelligence History,2024,22
journal_09012fb45eab4d3e,Journal of Intelligence History,2025,6
journal_09012fb45eab4d3e,Journal of Intelligence History,2026,8
journal_09fc2f1a6d52501a,Radovi Instituta za povijest umjetnosti,2017,19
journal_09fc2f1a6d52501a,Radovi Instituta za povijest umjetnosti,2019,33
journal_09fc2f1a6d52501a,Radovi Instituta za povijest umjetnosti,2020,15
journal_09fc2f1a6d52501a,Radovi Instituta za povijest umjetnosti,2021,33
journal_09fc2f1a6d52501a,Radovi Instituta za povijest umjetnosti,2022,15
journal_09fc2f1a6d52501a,Radovi Instituta za povijest umjetnosti,2023,1
journal_09fc2f1a6d52501a,Radovi Instituta za povijest umjetnosti,2024,23
journal_09fc2f1a6d52501a,Radovi Instituta za povijest umjetnosti,2025,1
journal_0aa5f8709a0dfd0f,East Central Europe,1975,13
journal_0aa5f8709a0dfd0f,East Central Europe,1976,19
journal_0aa5f8709a0dfd0f,East Central Europe,1977,18
journal_0aa5f8709a0dfd0f,East Central Europe,1978,7
journal_0aa5f8709a0dfd0f,East Central Europe,1979,22
journal_0aa5f8709a0dfd0f,East Central Europe,1980,25
journal_0aa5f8709a0dfd0f,East Central Europe,1981,12
journal_0aa5f8709a0dfd0f,East Central Europe,1982,21
journal_0aa5f8709a0dfd0f,East Central Europe,1983,21
journal_0aa5f8709a0dfd0f,East Central Europe,1984,12
journal_0aa5f8709a0dfd0f,East Central Europe,1985,15
journal_0aa5f8709a0dfd0f,East Central Europe,1986,9
journal_0aa5f8709a0dfd0f,East Central Europe,1987,18
journal_0aa5f8709a0dfd0f,East Central Europe,1989,13
journal_0aa5f8709a0dfd0f,East Central Europe,1990,8
journal_0aa5f8709a0dfd0f,East Central Europe,1991,9
journal_0aa5f8709a0dfd0f,East Central Europe,1992,27
journal_0aa5f8709a0dfd0f,East Central Europe,1993,62
journal_0aa5f8709a0dfd0f,East Central Europe,1997,20
journal_0aa5f8709a0dfd0f,East Central Europe,1999,100
journal_0aa5f8709a0dfd0f,East Central Europe,2000,37
journal_0aa5f8709a0dfd0f,East Central Europe,2001,15
journal_0aa5f8709a0dfd0f,East Central Europe,2002,64
journal_0aa5f8709a0dfd0f,East Central Europe,2003,20
journal_0aa5f8709a0dfd0f,East Central Europe,2004,13
journal_0aa5f8709a0dfd0f,East Central Europe,2005,27
journal_0aa5f8709a0dfd0f,East Central Europe,2006,21
journal_0aa5f8709a0dfd0f,East Central Europe,2007,25
journal_0aa5f8709a0dfd0f,East Central Europe,2008,26
journal_0aa5f8709a0dfd0f,East Central Europe,2009,29
journal_0aa5f8709a0dfd0f,East Central Europe,2010,43
journal_0aa5f8709a0dfd0f,East Central Europe,2011,27
journal_0aa5f8709a0dfd0f,East Central Europe,2012,24
journal_0aa5f8709a0dfd0f,East Central Europe,2013,30
journal_0aa5f8709a0dfd0f,East Central Europe,2014,29
journal_0aa5f8709a0dfd0f,East Central Europe,2015,26
journal_0aa5f8709a0dfd0f,East Central Europe,2016,25
journal_0aa5f8709a0dfd0f,East Central Europe,2017,25
journal_0aa5f8709a0dfd0f,East Central Europe,2018,23
journal_0aa5f8709a0dfd0f,East Central Europe,2019,20
journal_0aa5f8709a0dfd0f,East Central Europe,2020,20
journal_0aa5f8709a0dfd0f,East Central Europe,2021,25
journal_0aa5f8709a0dfd0f,East Central Europe,2022,23
journal_0aa5f8709a0dfd0f,East Central Europe,2023,23
journal_0aa5f8709a0dfd0f,East Central Europe,2024,17
journal_0aa5f8709a0dfd0f,East Central Europe,2025,19
journal_0aa5f8709a0dfd0f,East Central Europe,2026,6
journal_0ab656c2753f6d74,History Australia,2003,18
journal_0ab656c2753f6d74,History Australia,2005,114
journal_0ab656c2753f6d74,History Australia,2006,76
journal_0ab656c2753f6d74,History Australia,2007,76
journal_0ab656c2753f6d74,History Australia,2008,100
journal_0ab656c2753f6d74,History Australia,2009,96
journal_0ab656c2753f6d74,History Australia,2010,86
journal_0ab656c2753f6d74,History Australia,2011,47
journal_0ab656c2753f6d74,History Australia,2012,43
journal_0ab656c2753f6d74,History Australia,2013,54
journal_0ab656c2753f6d74,History Australia,2014,47
journal_0ab656c2753f6d74,History Australia,2015,52
journal_0ab656c2753f6d74,History Australia,2016,79
journal_0ab656c2753f6d74,History Australia,2017,86
journal_0ab656c2753f6d74,History Australia,2018,84
journal_0ab656c2753f6d74,History Australia,2019,94
journal_0ab656c2753f6d74,History Australia,2020,98
journal_0ab656c2753f6d74,History Australia,2021,120
journal_0ab656c2753f6d74,History Australia,2022,109
journal_0ab656c2753f6d74,History Australia,2023,71
journal_0ab656c2753f6d74,History Australia,2024,87
journal_0ab656c2753f6d74,History Australia,2025,94
journal_0ab656c2753f6d74,History Australia,2026,49
journal_0ade3b13475fde7c,Journal of Social History,1967,12
journal_0ade3b13475fde7c,Journal of Social History,1968,30
journal_0ade3b13475fde7c,Journal of Social History,1969,38
journal_0ade3b13475fde7c,Journal of Social History,1970,39
journal_0ade3b13475fde7c,Journal of Social History,1971,35
journal_0ade3b13475fde7c,Journal of Social History,1972,39
journal_0ade3b13475fde7c,Journal of Social History,1973,37
journal_0ade3b13475fde7c,Journal of Social History,1974,62
journal_0ade3b13475fde7c,Journal of Social History,1975,65
journal_0ade3b13475fde7c,Journal of Social History,1976,56
journal_0ade3b13475fde7c,Journal of Social History,1977,62
journal_0ade3b13475fde7c,Journal of Social History,1978,59
journal_0ade3b13475fde7c,Journal of Social History,1979,68
journal_0ade3b13475fde7c,Journal of Social History,1980,85
journal_0ade3b13475fde7c,Journal of Social History,1981,101
journal_0ade3b13475fde7c,Journal of Social History,1982,93
journal_0ade3b13475fde7c,Journal of Social History,1983,108
journal_0ade3b13475fde7c,Journal of Social History,1984,102
journal_0ade3b13475fde7c,Journal of Social History,1985,111
journal_0ade3b13475fde7c,Journal of Social History,1986,109
journal_0ade3b13475fde7c,Journal of Social History,1987,134
journal_0ade3b13475fde7c,Journal of Social History,1988,123
journal_0ade3b13475fde7c,Journal of Social History,1989,111
journal_0ade3b13475fde7c,Journal of Social History,1990,153
journal_0ade3b13475fde7c,Journal of Social History,1991,149
journal_0ade3b13475fde7c,Journal of Social History,1992,149
journal_0ade3b13475fde7c,Journal of Social History,1993,143
journal_0ade3b13475fde7c,Journal of Social History,1994,172
journal_0ade3b13475fde7c,Journal of Social History,1995,170
journal_0ade3b13475fde7c,Journal of Social History,1996,147
journal_0ade3b13475fde7c,Journal of Social History,1997,147
journal_0ade3b13475fde7c,Journal of Social History,1998,151
journal_0ade3b13475fde7c,Journal of Social History,1999,172
journal_0ade3b13475fde7c,Journal of Social History,2000,172
journal_0ade3b13475fde7c,Journal of Social History,2001,159
journal_0ade3b13475fde7c,Journal of Social History,2002,160
journal_0ade3b13475fde7c,Journal of Social History,2003,166
journal_0ade3b13475fde7c,Journal of Social History,2004,150
journal_0ade3b13475fde7c,Journal of Social History,2005,169
journal_0ade3b13475fde7c,Journal of Social History,2006,147
journal_0ade3b13475fde7c,Journal of Social History,2007,161
journal_0ade3b13475fde7c,Journal of Social History,2008,144
journal_0ade3b13475fde7c,Journal of Social History,2009,216
journal_0ade3b13475fde7c,Journal of Social History,2010,170
journal_0ade3b13475fde7c,Journal of Social History,2011,202
journal_0ade3b13475fde7c,Journal of Social History,2012,144
journal_0ade3b13475fde7c,Journal of Social History,2013,108
journal_0ade3b13475fde7c,Journal of Social History,2014,131
journal_0ade3b13475fde7c,Journal of Social History,2015,168
journal_0ade3b13475fde7c,Journal of Social History,2016,144
journal_0ade3b13475fde7c,Journal of Social History,2017,167
journal_0ade3b13475fde7c,Journal of Social History,2018,130
journal_0ade3b13475fde7c,Journal of Social History,2019,108
journal_0ade3b13475fde7c,Journal of Social History,2020,92
journal_0ade3b13475fde7c,Journal of Social History,2021,86
journal_0ade3b13475fde7c,Journal of Social History,2022,67
journal_0ade3b13475fde7c,Journal of Social History,2023,84
journal_0ade3b13475fde7c,Journal of Social History,2024,80
journal_0ade3b13475fde7c,Journal of Social History,2025,127
journal_0ade3b13475fde7c,Journal of Social History,2026,47
journal_0b541c9b34dc482a,Journal on European history of law,2010,17
journal_0b541c9b34dc482a,Journal on European history of law,2011,56
journal_0b541c9b34dc482a,Journal on European history of law,2012,51
journal_0b541c9b34dc482a,Journal on European history of law,2013,52
journal_0b541c9b34dc482a,Journal on European history of law,2014,63
journal_0b541c9b34dc482a,Journal on European history of law,2015,51
journal_0b541c9b34dc482a,Journal on European history of law,2016,32
journal_0b541c9b34dc482a,Journal on European history of law,2017,59
journal_0b541c9b34dc482a,Journal on European history of law,2018,63
journal_0b541c9b34dc482a,Journal on European history of law,2019,57
journal_0b541c9b34dc482a,Journal on European history of law,2020,59
journal_0b541c9b34dc482a,Journal on European history of law,2021,54
journal_0b541c9b34dc482a,Journal on European history of law,2022,83
journal_0b541c9b34dc482a,Journal on European history of law,2023,66
journal_0b541c9b34dc482a,Journal on European history of law,2024,92
journal_0b541c9b34dc482a,Journal on European history of law,2025,53
journal_0b541c9b34dc482a,Journal on European history of law,2026,27
journal_0e1cecd651790c35,Jewish History,1986,13
journal_0e1cecd651790c35,Jewish History,1987,11
journal_0e1cecd651790c35,Jewish History,1988,15
journal_0e1cecd651790c35,Jewish History,1989,7
journal_0e1cecd651790c35,Jewish History,1990,9
journal_0e1cecd651790c35,Jewish History,1991,14
journal_0e1cecd651790c35,Jewish History,1992,19
journal_0e1cecd651790c35,Jewish History,1993,23
journal_0e1cecd651790c35,Jewish History,1994,18
journal_0e1cecd651790c35,Jewish History,1995,18
journal_0e1cecd651790c35,Jewish History,1996,16
journal_0e1cecd651790c35,Jewish History,1997,24
journal_0e1cecd651790c35,Jewish History,1998,23
journal_0e1cecd651790c35,Jewish History,1999,19
journal_0e1cecd651790c35,Jewish History,2000,30
journal_0e1cecd651790c35,Jewish History,2001,23
journal_0e1cecd651790c35,Jewish History,2002,19
journal_0e1cecd651790c35,Jewish History,2003,26
journal_0e1cecd651790c35,Jewish History,2004,16
journal_0e1cecd651790c35,Jewish History,2005,22
journal_0e1cecd651790c35,Jewish History,2006,33
journal_0e1cecd651790c35,Jewish History,2007,23
journal_0e1cecd651790c35,Jewish History,2008,29
journal_0e1cecd651790c35,Jewish History,2009,18
journal_0e1cecd651790c35,Jewish History,2010,36
journal_0e1cecd651790c35,Jewish History,2011,14
journal_0e1cecd651790c35,Jewish History,2012,21
journal_0e1cecd651790c35,Jewish History,2013,30
journal_0e1cecd651790c35,Jewish History,2014,28
journal_0e1cecd651790c35,Jewish History,2015,25
journal_0e1cecd651790c35,Jewish History,2016,23
journal_0e1cecd651790c35,Jewish History,2017,9
journal_0e1cecd651790c35,Jewish History,2018,24
journal_0e1cecd651790c35,Jewish History,2019,38
journal_0e1cecd651790c35,Jewish History,2020,24
journal_0e1cecd651790c35,Jewish History,2021,33
journal_0e1cecd651790c35,Jewish History,2022,18
journal_0e1cecd651790c35,Jewish History,2023,7
journal_0e1cecd651790c35,Jewish History,2024,19
journal_0e1cecd651790c35,Jewish History,2025,20
journal_0e1cecd651790c35,Jewish History,2026,6
journal_0f2e6daed59d611b,Paedagogica Historica,1961,22
journal_0f2e6daed59d611b,Paedagogica Historica,1962,16
journal_0f2e6daed59d611b,Paedagogica Historica,1963,18
journal_0f2e6daed59d611b,Paedagogica Historica,1964,23
journal_0f2e6daed59d611b,Paedagogica Historica,1965,23
journal_0f2e6daed59d611b,Paedagogica Historica,1966,17
journal_0f2e6daed59d611b,Paedagogica Historica,1967,21
journal_0f2e6daed59d611b,Paedagogica Historica,1968,21
journal_0f2e6daed59d611b,Paedagogica Historica,1969,24
journal_0f2e6daed59d611b,Paedagogica Historica,1970,29
journal_0f2e6daed59d611b,Paedagogica Historica,1971,24
journal_0f2e6daed59d611b,Paedagogica Historica,1972,24
journal_0f2e6daed59d611b,Paedagogica Historica,1973,23
journal_0f2e6daed59d611b,Paedagogica Historica,1974,22
journal_0f2e6daed59d611b,Paedagogica Historica,1975,20
journal_0f2e6daed59d611b,Paedagogica Historica,1976,20
journal_0f2e6daed59d611b,Paedagogica Historica,1977,23
journal_0f2e6daed59d611b,Paedagogica Historica,1978,24
journal_0f2e6daed59d611b,Paedagogica Historica,1979,22
journal_0f2e6daed59d611b,Paedagogica Historica,1980,15
journal_0f2e6daed59d611b,Paedagogica Historica,1981,20
journal_0f2e6daed59d611b,Paedagogica Historica,1982,14
journal_0f2e6daed59d611b,Paedagogica Historica,1983,12
journal_0f2e6daed59d611b,Paedagogica Historica,1984,39
journal_0f2e6daed59d611b,Paedagogica Historica,1985,12
journal_0f2e6daed59d611b,Paedagogica Historica,1990,35
journal_0f2e6daed59d611b,Paedagogica Historica,1991,27
journal_0f2e6daed59d611b,Paedagogica Historica,1992,35
journal_0f2e6daed59d611b,Paedagogica Historica,1993,45
journal_0f2e6daed59d611b,Paedagogica Historica,1994,40
journal_0f2e6daed59d611b,Paedagogica Historica,1995,61
journal_0f2e6daed59d611b,Paedagogica Historica,1996,53
journal_0f2e6daed59d611b,Paedagogica Historica,1997,44
journal_0f2e6daed59d611b,Paedagogica Historica,1998,91
journal_0f2e6daed59d611b,Paedagogica Historica,1999,60
journal_0f2e6daed59d611b,Paedagogica Historica,2000,46
journal_0f2e6daed59d611b,Paedagogica Historica,2001,39
journal_0f2e6daed59d611b,Paedagogica Historica,2002,33
journal_0f2e6daed59d611b,Paedagogica Historica,2003,49
journal_0f2e6daed59d611b,Paedagogica Historica,2004,45
journal_0f2e6daed59d611b,Paedagogica Historica,2005,42
journal_0f2e6daed59d611b,Paedagogica Historica,2006,47
journal_0f2e6daed59d611b,Paedagogica Historica,2007,58
journal_0f2e6daed59d611b,Paedagogica Historica,2008,51
journal_0f2e6daed59d611b,Paedagogica Historica,2009,59
journal_0f2e6daed59d611b,Paedagogica Historica,2010,60
journal_0f2e6daed59d611b,Paedagogica Historica,2011,60
journal_0f2e6daed59d611b,Paedagogica Historica,2012,68
journal_0f2e6daed59d611b,Paedagogica Historica,2013,71
journal_0f2e6daed59d611b,Paedagogica Historica,2014,70
journal_0f2e6daed59d611b,Paedagogica Historica,2015,50
journal_0f2e6daed59d611b,Paedagogica Historica,2016,76
journal_0f2e6daed59d611b,Paedagogica Historica,2017,74
journal_0f2e6daed59d611b,Paedagogica Historica,2018,59
journal_0f2e6daed59d611b,Paedagogica Historica,2019,83
journal_0f2e6daed59d611b,Paedagogica Historica,2020,62
journal_0f2e6daed59d611b,Paedagogica Historica,2021,85
journal_0f2e6daed59d611b,Paedagogica Historica,2022,83
journal_0f2e6daed59d611b,Paedagogica Historica,2023,46
journal_0f2e6daed59d611b,Paedagogica Historica,2024,43
journal_0f2e6daed59d611b,Paedagogica Historica,2025,61
journal_0f2e6daed59d611b,Paedagogica Historica,2026,48
journal_0ff5c17fd43c4f65,Journal of Historical Sociology,1988,25
journal_0ff5c17fd43c4f65,Journal of Historical Sociology,1989,22
journal_0ff5c17fd43c4f65,Journal of Historical Sociology,1990,24
journal_0ff5c17fd43c4f65,Journal of Historical Sociology,1991,27
journal_0ff5c17fd43c4f65,Journal of Historical Sociology,1992,25
journal_0ff5c17fd43c4f65,Journal of Historical Sociology,1993,27
journal_0ff5c17fd43c4f65,Journal of Historical Sociology,1994,28
journal_0ff5c17fd43c4f65,Journal of Historical Sociology,1995,23
journal_0ff5c17fd43c4f65,Journal of Historical Sociology,1996,26
journal_0ff5c17fd43c4f65,Journal of Historical Sociology,1997,26
journal_0ff5c17fd43c4f65,Journal of Historical Sociology,1998,30
journal_0ff5c17fd43c4f65,Journal of Historical Sociology,1999,29
journal_0ff5c17fd43c4f65,Journal of Historical Sociology,2000,34
journal_0ff5c17fd43c4f65,Journal of Historical Sociology,2001,34
journal_0ff5c17fd43c4f65,Journal of Historical Sociology,2002,37
journal_0ff5c17fd43c4f65,Journal of Historical Sociology,2003,33
journal_0ff5c17fd43c4f65,Journal of Historical Sociology,2004,23
journal_0ff5c17fd43c4f65,Journal of Historical Sociology,2005,26
journal_0ff5c17fd43c4f65,Journal of Historical Sociology,2006,32
journal_0ff5c17fd43c4f65,Journal of Historical Sociology,2007,33
journal_0ff5c17fd43c4f65,Journal of Historical Sociology,2008,24
journal_0ff5c17fd43c4f65,Journal of Historical Sociology,2009,27
journal_0ff5c17fd43c4f65,Journal of Historical Sociology,2010,26
journal_0ff5c17fd43c4f65,Journal of Historical Sociology,2011,37
journal_0ff5c17fd43c4f65,Journal of Historical Sociology,2012,28
journal_0ff5c17fd43c4f65,Journal of Historical Sociology,2013,41
journal_0ff5c17fd43c4f65,Journal of Historical Sociology,2014,49
journal_0ff5c17fd43c4f65,Journal of Historical Sociology,2015,23
journal_0ff5c17fd43c4f65,Journal of Historical Sociology,2016,34
journal_0ff5c17fd43c4f65,Journal of Historical Sociology,2017,41
journal_0ff5c17fd43c4f65,Journal of Historical Sociology,2018,41
journal_0ff5c17fd43c4f65,Journal of Historical Sociology,2019,42
journal_0ff5c17fd43c4f65,Journal of Historical Sociology,2020,53
journal_0ff5c17fd43c4f65,Journal of Historical Sociology,2021,52
journal_0ff5c17fd43c4f65,Journal of Historical Sociology,2022,44
journal_123c05bc2318b339,War &amp; Society,1983,13
journal_123c05bc2318b339,War &amp; Society,1984,17
journal_123c05bc2318b339,War &amp; Society,1985,14
journal_123c05bc2318b339,War &amp; Society,1986,19
journal_123c05bc2318b339,War &amp; Society,1987,13
journal_123c05bc2318b339,War &amp; Society,1988,14
journal_123c05bc2318b339,War &amp; Society,1989,20
journal_123c05bc2318b339,War &amp; Society,1990,16
journal_123c05bc2318b339,War &amp; Society,1991,15
journal_123c05bc2318b339,War &amp; Society,1992,14
journal_123c05bc2318b339,War &amp; Society,1993,20
journal_123c05bc2318b339,War &amp; Society,1994,14
journal_123c05bc2318b339,War &amp; Society,1995,15
journal_123c05bc2318b339,War &amp; Society,1996,22
journal_123c05bc2318b339,War &amp; Society,1997,16
journal_123c05bc2318b339,War &amp; Society,1998,15
journal_123c05bc2318b339,War &amp; Society,1999,16
journal_123c05bc2318b339,War &amp; Society,2000,19
journal_123c05bc2318b339,War &amp; Society,2001,18
journal_123c05bc2318b339,War &amp; Society,2002,18
journal_123c05bc2318b339,War &amp; Society,2003,18
journal_123c05bc2318b339,War &amp; Society,2004,14
journal_123c05bc2318b339,War &amp; Society,2005,24
journal_123c05bc2318b339,War &amp; Society,2006,14
journal_123c05bc2318b339,War &amp; Society,2007,14
journal_123c05bc2318b339,War &amp; Society,2008,18
journal_123c05bc2318b339,War &amp; Society,2009,14
journal_123c05bc2318b339,War &amp; Society,2010,9
journal_123c05bc2318b339,War &amp; Society,2011,12
journal_123c05bc2318b339,War &amp; Society,2012,13
journal_123c05bc2318b339,War &amp; Society,2013,13
journal_123c05bc2318b339,War &amp; Society,2014,17
journal_123c05bc2318b339,War &amp; Society,2015,19
journal_123c05bc2318b339,War &amp; Society,2016,18
journal_123c05bc2318b339,War &amp; Society,2017,22
journal_123c05bc2318b339,War &amp; Society,2018,17
journal_123c05bc2318b339,War &amp; Society,2019,20
journal_123c05bc2318b339,War &amp; Society,2020,20
journal_123c05bc2318b339,War &amp; Society,2021,19
journal_123c05bc2318b339,War &amp; Society,2022,30
journal_123c05bc2318b339,War &amp; Society,2023,28
journal_123c05bc2318b339,War &amp; Society,2024,28
journal_123c05bc2318b339,War &amp; Society,2025,35
journal_123c05bc2318b339,War &amp; Society,2026,19
journal_123c05bc2318b339,War and Society,2005,1
journal_12aa1a6827133fc8,Baptist Quarterly,1922,32
journal_12aa1a6827133fc8,Baptist Quarterly,1923,33
journal_12aa1a6827133fc8,Baptist Quarterly,1924,32
journal_12aa1a6827133fc8,Baptist Quarterly,1925,33
journal_12aa1a6827133fc8,Baptist Quarterly,1926,27
journal_12aa1a6827133fc8,Baptist Quarterly,1927,29
journal_12aa1a6827133fc8,Baptist Quarterly,1928,32
journal_12aa1a6827133fc8,Baptist Quarterly,1929,27
journal_12aa1a6827133fc8,Baptist Quarterly,1930,29
journal_12aa1a6827133fc8,Baptist Quarterly,1931,36
journal_12aa1a6827133fc8,Baptist Quarterly,1932,38
journal_12aa1a6827133fc8,Baptist Quarterly,1933,25
journal_12aa1a6827133fc8,Baptist Quarterly,1934,29
journal_12aa1a6827133fc8,Baptist Quarterly,1935,29
journal_12aa1a6827133fc8,Baptist Quarterly,1936,36
journal_12aa1a6827133fc8,Baptist Quarterly,1937,37
journal_12aa1a6827133fc8,Baptist Quarterly,1938,41
journal_12aa1a6827133fc8,Baptist Quarterly,1939,42
journal_12aa1a6827133fc8,Baptist Quarterly,1940,45
journal_12aa1a6827133fc8,Baptist Quarterly,1941,38
journal_12aa1a6827133fc8,Baptist Quarterly,1942,20
journal_12aa1a6827133fc8,Baptist Quarterly,1943,9
journal_12aa1a6827133fc8,Baptist Quarterly,1944,21
journal_12aa1a6827133fc8,Baptist Quarterly,1945,19
journal_12aa1a6827133fc8,Baptist Quarterly,1946,17
journal_12aa1a6827133fc8,Baptist Quarterly,1947,25
journal_12aa1a6827133fc8,Baptist Quarterly,1948,22
journal_12aa1a6827133fc8,Baptist Quarterly,1949,29
journal_12aa1a6827133fc8,Baptist Quarterly,1950,30
journal_12aa1a6827133fc8,Baptist Quarterly,1951,31
journal_12aa1a6827133fc8,Baptist Quarterly,1952,28
journal_12aa1a6827133fc8,Baptist Quarterly,1953,25
journal_12aa1a6827133fc8,Baptist Quarterly,1954,26
journal_12aa1a6827133fc8,Baptist Quarterly,1955,23
journal_12aa1a6827133fc8,Baptist Quarterly,1956,29
journal_12aa1a6827133fc8,Baptist Quarterly,1957,28
journal_12aa1a6827133fc8,Baptist Quarterly,1958,22
journal_12aa1a6827133fc8,Baptist Quarterly,1959,24
journal_12aa1a6827133fc8,Baptist Quarterly,1960,26
journal_12aa1a6827133fc8,Baptist Quarterly,1961,24
journal_12aa1a6827133fc8,Baptist Quarterly,1962,24
journal_12aa1a6827133fc8,Baptist Quarterly,1963,27
journal_12aa1a6827133fc8,Baptist Quarterly,1964,26
journal_12aa1a6827133fc8,Baptist Quarterly,1965,49
journal_12aa1a6827133fc8,Baptist Quarterly,1967,24
journal_12aa1a6827133fc8,Baptist Quarterly,1968,32
journal_12aa1a6827133fc8,Baptist Quarterly,1969,26
journal_12aa1a6827133fc8,Baptist Quarterly,1970,27
journal_12aa1a6827133fc8,Baptist Quarterly,1971,25
journal_12aa1a6827133fc8,Baptist Quarterly,1972,32
journal_12aa1a6827133fc8,Baptist Quarterly,1973,21
journal_12aa1a6827133fc8,Baptist Quarterly,1974,19
journal_12aa1a6827133fc8,Baptist Quarterly,1975,24
journal_12aa1a6827133fc8,Baptist Quarterly,1976,23
journal_12aa1a6827133fc8,Baptist Quarterly,1977,22
journal_12aa1a6827133fc8,Baptist Quarterly,1978,21
journal_12aa1a6827133fc8,Baptist Quarterly,1979,26
journal_12aa1a6827133fc8,Baptist Quarterly,1980,25
journal_12aa1a6827133fc8,Baptist Quarterly,1981,27
journal_12aa1a6827133fc8,Baptist Quarterly,1982,25
journal_12aa1a6827133fc8,Baptist Quarterly,1983,30
journal_12aa1a6827133fc8,Baptist Quarterly,1984,33
journal_12aa1a6827133fc8,Baptist Quarterly,1985,32
journal_12aa1a6827133fc8,Baptist Quarterly,1986,27
journal_12aa1a6827133fc8,Baptist Quarterly,1987,35
journal_12aa1a6827133fc8,Baptist Quarterly,1988,26
journal_12aa1a6827133fc8,Baptist Quarterly,1989,35
journal_12aa1a6827133fc8,Baptist Quarterly,1990,30
journal_12aa1a6827133fc8,Baptist Quarterly,1991,40
journal_12aa1a6827133fc8,Baptist Quarterly,1992,26
journal_12aa1a6827133fc8,Baptist Quarterly,1993,25
journal_12aa1a6827133fc8,Baptist Quarterly,1994,29
journal_12aa1a6827133fc8,Baptist Quarterly,1995,27
journal_12aa1a6827133fc8,Baptist Quarterly,1996,29
journal_12aa1a6827133fc8,Baptist Quarterly,1997,25
journal_12aa1a6827133fc8,Baptist Quarterly,1998,25
journal_12aa1a6827133fc8,Baptist Quarterly,1999,31
journal_12aa1a6827133fc8,Baptist Quarterly,2000,23
journal_12aa1a6827133fc8,Baptist Quarterly,2001,30
journal_12aa1a6827133fc8,Baptist Quarterly,2002,30
journal_12aa1a6827133fc8,Baptist Quarterly,2003,31
journal_12aa1a6827133fc8,Baptist Quarterly,2004,28
journal_12aa1a6827133fc8,Baptist Quarterly,2005,36
journal_12aa1a6827133fc8,Baptist Quarterly,2006,22
journal_12aa1a6827133fc8,Baptist Quarterly,2007,40
journal_12aa1a6827133fc8,Baptist Quarterly,2008,29
journal_12aa1a6827133fc8,Baptist Quarterly,2009,26
journal_12aa1a6827133fc8,Baptist Quarterly,2010,23
journal_12aa1a6827133fc8,Baptist Quarterly,2011,23
journal_12aa1a6827133fc8,Baptist Quarterly,2012,26
journal_12aa1a6827133fc8,Baptist Quarterly,2013,23
journal_12aa1a6827133fc8,Baptist Quarterly,2014,28
journal_12aa1a6827133fc8,Baptist Quarterly,2015,20
journal_12aa1a6827133fc8,Baptist Quarterly,2016,29
journal_12aa1a6827133fc8,Baptist Quarterly,2017,68
journal_12aa1a6827133fc8,Baptist Quarterly,2018,29
journal_12aa1a6827133fc8,Baptist Quarterly,2019,40
journal_12aa1a6827133fc8,Baptist Quarterly,2020,30
journal_12aa1a6827133fc8,Baptist Quarterly,2021,49
journal_12aa1a6827133fc8,Baptist Quarterly,2022,35
journal_12aa1a6827133fc8,Baptist Quarterly,2023,41
journal_12aa1a6827133fc8,Baptist Quarterly,2024,39
journal_12aa1a6827133fc8,Baptist Quarterly,2025,51
journal_12aa1a6827133fc8,Baptist Quarterly,2026,44
journal_12bf31db16a72aab,Historical Studies in the Natural Sciences,2008,39
journal_12bf31db16a72aab,Historical Studies in the Natural Sciences,2009,32
journal_12bf31db16a72aab,Historical Studies in the Natural Sciences,2010,33
journal_12bf31db16a72aab,Historical Studies in the Natural Sciences,2011,29
journal_12bf31db16a72aab,Historical Studies in the Natural Sciences,2012,98
journal_12bf31db16a72aab,Historical Studies in the Natural Sciences,2013,15
journal_12bf31db16a72aab,Historical Studies in the Natural Sciences,2014,35
journal_12bf31db16a72aab,Historical Studies in the Natural Sciences,2015,25
journal_12bf31db16a72aab,Historical Studies in the Natural Sciences,2016,25
journal_12bf31db16a72aab,Historical Studies in the Natural Sciences,2017,27
journal_12bf31db16a72aab,Historical Studies in the Natural Sciences,2018,30
journal_12bf31db16a72aab,Historical Studies in the Natural Sciences,2019,22
journal_12bf31db16a72aab,Historical Studies in the Natural Sciences,2020,36
journal_12bf31db16a72aab,Historical Studies in the Natural Sciences,2021,31
journal_12bf31db16a72aab,Historical Studies in the Natural Sciences,2022,27
journal_12bf31db16a72aab,Historical Studies in the Natural Sciences,2023,30
journal_12bf31db16a72aab,Historical Studies in the Natural Sciences,2024,41
journal_12bf31db16a72aab,Historical Studies in the Natural Sciences,2025,25
journal_12bf31db16a72aab,Historical Studies in the Natural Sciences,2026,21
journal_12fdca399e8d8d40,Museum History Journal,2008,17
journal_12fdca399e8d8d40,Museum History Journal,2009,18
journal_12fdca399e8d8d40,Museum History Journal,2010,19
journal_12fdca399e8d8d40,Museum History Journal,2011,17
journal_12fdca399e8d8d40,Museum History Journal,2012,21
journal_12fdca399e8d8d40,Museum History Journal,2013,16
journal_12fdca399e8d8d40,Museum History Journal,2014,18
journal_12fdca399e8d8d40,Museum History Journal,2015,18
journal_12fdca399e8d8d40,Museum History Journal,2016,22
journal_12fdca399e8d8d40,Museum History Journal,2017,11
journal_12fdca399e8d8d40,Museum History Journal,2018,11
journal_12fdca399e8d8d40,Museum History Journal,2019,14
journal_12fdca399e8d8d40,Museum History Journal,2020,14
journal_12fdca399e8d8d40,Museum History Journal,2021,5
journal_12fdca399e8d8d40,Museum History Journal,2022,12
journal_12fdca399e8d8d40,Museum History Journal,2023,12
journal_12fdca399e8d8d40,Museum History Journal,2024,16
journal_12fdca399e8d8d40,Museum History Journal,2025,15
journal_12fdca399e8d8d40,Museum History Journal,2026,18
journal_152934bf5a838f6b,Revista de Historia Americana y Argentina,2021,18
journal_152934bf5a838f6b,Revista de Historia Americana y Argentina,2022,17
journal_152934bf5a838f6b,Revista de Historia Americana y Argentina,2023,16
journal_152934bf5a838f6b,Revista de Historia Americana y Argentina,2024,14
journal_152934bf5a838f6b,Revista de Historia Americana y Argentina,2025,14
journal_1594f7d6e473ab43,Hispania Antiqua,2018,1
journal_1594f7d6e473ab43,Hispania Antiqua,2019,1
journal_1594f7d6e473ab43,Hispania Antiqua,2020,1
journal_1594f7d6e473ab43,Hispania Antiqua,2021,1
journal_1594f7d6e473ab43,Hispania Antiqua,2022,18
journal_1594f7d6e473ab43,Hispania Antiqua,2023,7
journal_1594f7d6e473ab43,Hispania Antiqua,2024,10
journal_1594f7d6e473ab43,Hispania Antiqua,2025,12
journal_15b0eb0d40baa4d7,Aspasia,2007,23
journal_15b0eb0d40baa4d7,Aspasia,2008,22
journal_15b0eb0d40baa4d7,Aspasia,2009,16
journal_15b0eb0d40baa4d7,Aspasia,2010,12
journal_15b0eb0d40baa4d7,Aspasia,2011,13
journal_15b0eb0d40baa4d7,Aspasia,2012,12
journal_15b0eb0d40baa4d7,Aspasia,2013,12
journal_15b0eb0d40baa4d7,Aspasia,2014,12
journal_15b0eb0d40baa4d7,Aspasia,2015,13
journal_15b0eb0d40baa4d7,Aspasia,2016,10
journal_15b0eb0d40baa4d7,Aspasia,2017,9
journal_15b0eb0d40baa4d7,Aspasia,2018,12
journal_15b0eb0d40baa4d7,Aspasia,2019,18
journal_15b0eb0d40baa4d7,Aspasia,2020,16
journal_15b0eb0d40baa4d7,Aspasia,2021,12
journal_15b0eb0d40baa4d7,Aspasia,2022,14
journal_15b0eb0d40baa4d7,Aspasia,2023,12
journal_15b0eb0d40baa4d7,Aspasia,2024,13
journal_15b0eb0d40baa4d7,Aspasia,2025,11
journal_16c2606d6dc20ebf,American Nineteenth Century History,2000,23
journal_16c2606d6dc20ebf,American Nineteenth Century History,2001,24
journal_16c2606d6dc20ebf,American Nineteenth Century History,2002,20
journal_16c2606d6dc20ebf,American Nineteenth Century History,2003,16
journal_16c2606d6dc20ebf,American Nineteenth Century History,2004,19
journal_16c2606d6dc20ebf,American Nineteenth Century History,2005,25
journal_16c2606d6dc20ebf,American Nineteenth Century History,2006,25
journal_16c2606d6dc20ebf,American Nineteenth Century History,2007,22
journal_16c2606d6dc20ebf,American Nineteenth Century History,2008,24
journal_16c2606d6dc20ebf,American Nineteenth Century History,2009,43
journal_16c2606d6dc20ebf,American Nineteenth Century History,2010,58
journal_16c2606d6dc20ebf,American Nineteenth Century History,2011,58
journal_16c2606d6dc20ebf,American Nineteenth Century History,2012,45
journal_16c2606d6dc20ebf,American Nineteenth Century History,2013,56
journal_16c2606d6dc20ebf,American Nineteenth Century History,2014,56
journal_16c2606d6dc20ebf,American Nineteenth Century History,2015,54
journal_16c2606d6dc20ebf,American Nineteenth Century History,2016,46
journal_16c2606d6dc20ebf,American Nineteenth Century History,2017,44
journal_16c2606d6dc20ebf,American Nineteenth Century History,2018,54
journal_16c2606d6dc20ebf,American Nineteenth Century History,2019,59
journal_16c2606d6dc20ebf,American Nineteenth Century History,2020,57
journal_16c2606d6dc20ebf,American Nineteenth Century History,2021,55
journal_16c2606d6dc20ebf,American Nineteenth Century History,2022,53
journal_16c2606d6dc20ebf,American Nineteenth Century History,2023,43
journal_16c2606d6dc20ebf,American Nineteenth Century History,2024,50
journal_16c2606d6dc20ebf,American Nineteenth Century History,2025,41
journal_16c2606d6dc20ebf,American Nineteenth Century History,2026,15
journal_186238c00e627d8e,Journal of Interdisciplinary History,1970,10
journal_186238c00e627d8e,Journal of Interdisciplinary History,1971,70
journal_186238c00e627d8e,Journal of Interdisciplinary History,1972,80
journal_186238c00e627d8e,Journal of Interdisciplinary History,1973,74
journal_186238c00e627d8e,Journal of Interdisciplinary History,1974,79
journal_186238c00e627d8e,Journal of Interdisciplinary History,1975,83
journal_186238c00e627d8e,Journal of Interdisciplinary History,1976,102
journal_186238c00e627d8e,Journal of Interdisciplinary History,1977,96
journal_186238c00e627d8e,Journal of Interdisciplinary History,1978,120
journal_186238c00e627d8e,Journal of Interdisciplinary History,1979,153
journal_186238c00e627d8e,Journal of Interdisciplinary History,1980,141
journal_186238c00e627d8e,Journal of Interdisciplinary History,1981,117
journal_186238c00e627d8e,Journal of Interdisciplinary History,1982,150
journal_186238c00e627d8e,Journal of Interdisciplinary History,1983,97
journal_186238c00e627d8e,Journal of Interdisciplinary History,1984,158
journal_186238c00e627d8e,Journal of Interdisciplinary History,1985,128
journal_186238c00e627d8e,Journal of Interdisciplinary History,1986,116
journal_186238c00e627d8e,Journal of Interdisciplinary History,1987,124
journal_186238c00e627d8e,Journal of Interdisciplinary History,1988,179
journal_186238c00e627d8e,Journal of Interdisciplinary History,1989,162
journal_186238c00e627d8e,Journal of Interdisciplinary History,1990,162
journal_186238c00e627d8e,Journal of Interdisciplinary History,1991,161
journal_186238c00e627d8e,Journal of Interdisciplinary History,1992,234
journal_186238c00e627d8e,Journal of Interdisciplinary History,1993,182
journal_186238c00e627d8e,Journal of Interdisciplinary History,1994,212
journal_186238c00e627d8e,Journal of Interdisciplinary History,1995,316
journal_186238c00e627d8e,Journal of Interdisciplinary History,1996,263
journal_186238c00e627d8e,Journal of Interdisciplinary History,1997,262
journal_186238c00e627d8e,Journal of Interdisciplinary History,1998,4
journal_186238c00e627d8e,Journal of Interdisciplinary History,1999,63
journal_186238c00e627d8e,Journal of Interdisciplinary History,2000,42
journal_186238c00e627d8e,Journal of Interdisciplinary History,2001,3
journal_186238c00e627d8e,Journal of Interdisciplinary History,2002,4
journal_186238c00e627d8e,Journal of Interdisciplinary History,2003,4
journal_186238c00e627d8e,Journal of Interdisciplinary History,2004,4
journal_186238c00e627d8e,Journal of Interdisciplinary History,2005,4
journal_186238c00e627d8e,Journal of Interdisciplinary History,2006,4
journal_186238c00e627d8e,Journal of Interdisciplinary History,2007,4
journal_186238c00e627d8e,Journal of Interdisciplinary History,2008,3
journal_186238c00e627d8e,Journal of Interdisciplinary History,2009,1
journal_186238c00e627d8e,The Journal of Interdisciplinary History,1998,97
journal_186238c00e627d8e,The Journal of Interdisciplinary History,1999,123
journal_186238c00e627d8e,The Journal of Interdisciplinary History,2000,242
journal_186238c00e627d8e,The Journal of Interdisciplinary History,2001,194
journal_186238c00e627d8e,The Journal of Interdisciplinary History,2002,174
journal_186238c00e627d8e,The Journal of Interdisciplinary History,2003,181
journal_186238c00e627d8e,The Journal of Interdisciplinary History,2004,199
journal_186238c00e627d8e,The Journal of Interdisciplinary History,2005,174
journal_186238c00e627d8e,The Journal of Interdisciplinary History,2006,148
journal_186238c00e627d8e,The Journal of Interdisciplinary History,2007,250
journal_186238c00e627d8e,The Journal of Interdisciplinary History,2008,214
journal_186238c00e627d8e,The Journal of Interdisciplinary History,2009,165
journal_186238c00e627d8e,The Journal of Interdisciplinary History,2010,234
journal_186238c00e627d8e,The Journal of Interdisciplinary History,2011,139
journal_186238c00e627d8e,The Journal of Interdisciplinary History,2012,145
journal_186238c00e627d8e,The Journal of Interdisciplinary History,2013,140
journal_186238c00e627d8e,The Journal of Interdisciplinary History,2014,142
journal_186238c00e627d8e,The Journal of Interdisciplinary History,2015,141
journal_186238c00e627d8e,The Journal of Interdisciplinary History,2016,140
journal_186238c00e627d8e,The Journal of Interdisciplinary History,2017,141
journal_186238c00e627d8e,The Journal of Interdisciplinary History,2018,141
journal_186238c00e627d8e,The Journal of Interdisciplinary History,2019,145
journal_186238c00e627d8e,The Journal of Interdisciplinary History,2020,145
journal_186238c00e627d8e,The Journal of Interdisciplinary History,2021,138
journal_186238c00e627d8e,The Journal of Interdisciplinary History,2022,142
journal_186238c00e627d8e,The Journal of Interdisciplinary History,2023,90
journal_186238c00e627d8e,The Journal of Interdisciplinary History,2024,63
journal_186238c00e627d8e,The Journal of Interdisciplinary History,2025,37
journal_186238c00e627d8e,The Journal of Interdisciplinary History,2026,22
journal_18b9b876e4599c56,Annales de Bourgogne,2022,17
journal_18b9b876e4599c56,Annales de Bourgogne,2023,16
journal_18b9b876e4599c56,Annales de Bourgogne,2024,34
journal_18b9b876e4599c56,Annales de Bourgogne,2025,32
journal_18b9b876e4599c56,Annales de Bourgogne,2026,30
journal_1afb8b667f1ae5c3,Peritia,1982,31
journal_1afb8b667f1ae5c3,Peritia,1983,28
journal_1afb8b667f1ae5c3,Peritia,1984,44
journal_1afb8b667f1ae5c3,Peritia,1985,33
journal_1afb8b667f1ae5c3,Peritia,1986,33
journal_1afb8b667f1ae5c3,Peritia,1987,45
journal_1afb8b667f1ae5c3,Peritia,1994,42
journal_1afb8b667f1ae5c3,Peritia,1995,41
journal_1afb8b667f1ae5c3,Peritia,1996,34
journal_1afb8b667f1ae5c3,Peritia,1997,45
journal_1afb8b667f1ae5c3,Peritia,1998,39
journal_1afb8b667f1ae5c3,Peritia,1999,37
journal_1afb8b667f1ae5c3,Peritia,2000,35
journal_1afb8b667f1ae5c3,Peritia,2001,49
journal_1afb8b667f1ae5c3,Peritia,2002,53
journal_1afb8b667f1ae5c3,Peritia,2003,43
journal_1afb8b667f1ae5c3,Peritia,2005,29
journal_1afb8b667f1ae5c3,Peritia,2008,27
journal_1afb8b667f1ae5c3,Peritia,2010,40
journal_1afb8b667f1ae5c3,Peritia,2011,27
journal_1afb8b667f1ae5c3,Peritia,2014,28
journal_1afb8b667f1ae5c3,Peritia,2015,36
journal_1afb8b667f1ae5c3,Peritia,2016,37
journal_1afb8b667f1ae5c3,Peritia,2017,35
journal_1afb8b667f1ae5c3,Peritia,2018,27
journal_1afb8b667f1ae5c3,Peritia,2019,30
journal_1afb8b667f1ae5c3,Peritia,2020,27
journal_1afb8b667f1ae5c3,Peritia,2021,28
journal_1afb8b667f1ae5c3,Peritia,2022,29
journal_1afb8b667f1ae5c3,Peritia,2023,25
journal_1afb8b667f1ae5c3,Peritia,2024,21
journal_1afb8b667f1ae5c3,Peritia,2025,14
journal_1b4c993862f3c909,History of the Human Sciences,1988,28
journal_1b4c993862f3c909,History of the Human Sciences,1989,41
journal_1b4c993862f3c909,History of the Human Sciences,1990,49
journal_1b4c993862f3c909,History of the Human Sciences,1991,56
journal_1b4c993862f3c909,History of the Human Sciences,1992,58
journal_1b4c993862f3c909,History of the Human Sciences,1993,40
journal_1b4c993862f3c909,History of the Human Sciences,1994,42
journal_1b4c993862f3c909,History of the Human Sciences,1995,43
journal_1b4c993862f3c909,History of the Human Sciences,1996,43
journal_1b4c993862f3c909,History of the Human Sciences,1997,47
journal_1b4c993862f3c909,History of the Human Sciences,1998,39
journal_1b4c993862f3c909,History of the Human Sciences,1999,64
journal_1b4c993862f3c909,History of the Human Sciences,2000,41
journal_1b4c993862f3c909,History of the Human Sciences,2001,31
journal_1b4c993862f3c909,History of the Human Sciences,2002,32
journal_1b4c993862f3c909,History of the Human Sciences,2003,39
journal_1b4c993862f3c909,History of the Human Sciences,2004,24
journal_1b4c993862f3c909,History of the Human Sciences,2005,27
journal_1b4c993862f3c909,History of the Human Sciences,2006,29
journal_1b4c993862f3c909,History of the Human Sciences,2007,32
journal_1b4c993862f3c909,History of the Human Sciences,2008,38
journal_1b4c993862f3c909,History of the Human Sciences,2009,41
journal_1b4c993862f3c909,History of the Human Sciences,2010,50
journal_1b4c993862f3c909,History of the Human Sciences,2011,45
journal_1b4c993862f3c909,History of the Human Sciences,2012,47
journal_1b4c993862f3c909,History of the Human Sciences,2013,52
journal_1b4c993862f3c909,History of the Human Sciences,2014,40
journal_1b4c993862f3c909,History of the Human Sciences,2015,39
journal_1b4c993862f3c909,History of the Human Sciences,2016,32
journal_1b4c993862f3c909,History of the Human Sciences,2017,40
journal_1b4c993862f3c909,History of the Human Sciences,2018,42
journal_1b4c993862f3c909,History of the Human Sciences,2019,38
journal_1b4c993862f3c909,History of the Human Sciences,2020,60
journal_1b4c993862f3c909,History of the Human Sciences,2021,44
journal_1b4c993862f3c909,History of the Human Sciences,2022,37
journal_1b4c993862f3c909,History of the Human Sciences,2023,34
journal_1b4c993862f3c909,History of the Human Sciences,2024,28
journal_1b4c993862f3c909,History of the Human Sciences,2025,47
journal_1b4c993862f3c909,History of the Human Sciences,2026,23
journal_1b504ae54f900909,International Journal of Regional and Local History,2013,11
journal_1b504ae54f900909,International Journal of Regional and Local History,2014,9
journal_1b504ae54f900909,International Journal of Regional and Local History,2015,9
journal_1b504ae54f900909,International Journal of Regional and Local History,2016,11
journal_1b504ae54f900909,International Journal of Regional and Local History,2017,11
journal_1b504ae54f900909,International Journal of Regional and Local History,2018,14
journal_1b504ae54f900909,International Journal of Regional and Local History,2019,12
journal_1b504ae54f900909,International Journal of Regional and Local History,2020,13
journal_1b504ae54f900909,International Journal of Regional and Local History,2021,9
journal_1b504ae54f900909,International Journal of Regional and Local History,2022,12
journal_1b86c431903b1bf8,British Catholic History,2014,41
journal_1b86c431903b1bf8,British Catholic History,2015,34
journal_1b86c431903b1bf8,British Catholic History,2016,39
journal_1b86c431903b1bf8,British Catholic History,2017,40
journal_1b86c431903b1bf8,British Catholic History,2018,40
journal_1b86c431903b1bf8,British Catholic History,2019,42
journal_1b86c431903b1bf8,British Catholic History,2020,30
journal_1b86c431903b1bf8,British Catholic History,2021,24
journal_1b86c431903b1bf8,British Catholic History,2022,35
journal_1b86c431903b1bf8,British Catholic History,2023,30
journal_1b86c431903b1bf8,British Catholic History,2024,26
journal_1b86c431903b1bf8,British Catholic History,2025,22
journal_1b86c431903b1bf8,British Catholic History,2026,3
journal_1c7b5476f23090dc,The Journal of Negro History,1916,47
journal_1c7b5476f23090dc,The Journal of Negro History,1917,51
journal_1c7b5476f23090dc,The Journal of Negro History,1918,48
journal_1c7b5476f23090dc,The Journal of Negro History,1919,49
journal_1c7b5476f23090dc,The Journal of Negro History,1920,54
journal_1c7b5476f23090dc,The Journal of Negro History,1921,53
journal_1c7b5476f23090dc,The Journal of Negro History,1922,49
journal_1c7b5476f23090dc,The Journal of Negro History,1923,63
journal_1c7b5476f23090dc,The Journal of Negro History,1924,56
journal_1c7b5476f23090dc,The Journal of Negro History,1925,62
journal_1c7b5476f23090dc,The Journal of Negro History,1926,62
journal_1c7b5476f23090dc,The Journal of Negro History,1927,59
journal_1c7b5476f23090dc,The Journal of Negro History,1928,50
journal_1c7b5476f23090dc,The Journal of Negro History,1929,53
journal_1c7b5476f23090dc,The Journal of Negro History,1930,42
journal_1c7b5476f23090dc,The Journal of Negro History,1931,57
journal_1c7b5476f23090dc,The Journal of Negro History,1932,53
journal_1c7b5476f23090dc,The Journal of Negro History,1933,49
journal_1c7b5476f23090dc,The Journal of Negro History,1934,46
journal_1c7b5476f23090dc,The Journal of Negro History,1935,58
journal_1c7b5476f23090dc,The Journal of Negro History,1936,54
journal_1c7b5476f23090dc,The Journal of Negro History,1937,70
journal_1c7b5476f23090dc,The Journal of Negro History,1938,69
journal_1c7b5476f23090dc,The Journal of Negro History,1939,72
journal_1c7b5476f23090dc,The Journal of Negro History,1940,96
journal_1c7b5476f23090dc,The Journal of Negro History,1941,72
journal_1c7b5476f23090dc,The Journal of Negro History,1942,76
journal_1c7b5476f23090dc,The Journal of Negro History,1943,74
journal_1c7b5476f23090dc,The Journal of Negro History,1944,72
journal_1c7b5476f23090dc,The Journal of Negro History,1945,80
journal_1c7b5476f23090dc,The Journal of Negro History,1946,66
journal_1c7b5476f23090dc,The Journal of Negro History,1947,76
journal_1c7b5476f23090dc,The Journal of Negro History,1948,76
journal_1c7b5476f23090dc,The Journal of Negro History,1949,60
journal_1c7b5476f23090dc,The Journal of Negro History,1950,65
journal_1c7b5476f23090dc,The Journal of Negro History,1951,65
journal_1c7b5476f23090dc,The Journal of Negro History,1952,65
journal_1c7b5476f23090dc,The Journal of Negro History,1953,71
journal_1c7b5476f23090dc,The Journal of Negro History,1954,65
journal_1c7b5476f23090dc,The Journal of Negro History,1955,63
journal_1c7b5476f23090dc,The Journal of Negro History,1956,62
journal_1c7b5476f23090dc,The Journal of Negro History,1957,59
journal_1c7b5476f23090dc,The Journal of Negro History,1958,55
journal_1c7b5476f23090dc,The Journal of Negro History,1959,55
journal_1c7b5476f23090dc,The Journal of Negro History,1960,54
journal_1c7b5476f23090dc,The Journal of Negro History,1961,57
journal_1c7b5476f23090dc,The Journal of Negro History,1962,52
journal_1c7b5476f23090dc,The Journal of Negro History,1963,52
journal_1c7b5476f23090dc,The Journal of Negro History,1964,54
journal_1c7b5476f23090dc,The Journal of Negro History,1965,55
journal_1c7b5476f23090dc,The Journal of Negro History,1966,53
journal_1c7b5476f23090dc,The Journal of Negro History,1967,61
journal_1c7b5476f23090dc,The Journal of Negro History,1968,67
journal_1c7b5476f23090dc,The Journal of Negro History,1969,79
journal_1c7b5476f23090dc,The Journal of Negro History,1970,60
journal_1c7b5476f23090dc,The Journal of Negro History,1971,50
journal_1c7b5476f23090dc,The Journal of Negro History,1972,88
journal_1c7b5476f23090dc,The Journal of Negro History,1973,75
journal_1c7b5476f23090dc,The Journal of Negro History,1974,54
journal_1c7b5476f23090dc,The Journal of Negro History,1975,55
journal_1c7b5476f23090dc,The Journal of Negro History,1976,59
journal_1c7b5476f23090dc,The Journal of Negro History,1977,57
journal_1c7b5476f23090dc,The Journal of Negro History,1978,60
journal_1c7b5476f23090dc,The Journal of Negro History,1979,58
journal_1c7b5476f23090dc,The Journal of Negro History,1980,63
journal_1c7b5476f23090dc,The Journal of Negro History,1981,91
journal_1c7b5476f23090dc,The Journal of Negro History,1982,78
journal_1c7b5476f23090dc,The Journal of Negro History,1983,71
journal_1c7b5476f23090dc,The Journal of Negro History,1984,23
journal_1c7b5476f23090dc,The Journal of Negro History,1985,16
journal_1c7b5476f23090dc,The Journal of Negro History,1986,6
journal_1c7b5476f23090dc,The Journal of Negro History,1987,17
journal_1c7b5476f23090dc,The Journal of Negro History,1988,5
journal_1c7b5476f23090dc,The Journal of Negro History,1989,6
journal_1c7b5476f23090dc,The Journal of Negro History,1990,18
journal_1c7b5476f23090dc,The Journal of Negro History,1991,11
journal_1c7b5476f23090dc,The Journal of Negro History,1992,26
journal_1c7b5476f23090dc,The Journal of Negro History,1993,37
journal_1c7b5476f23090dc,The Journal of Negro History,1994,37
journal_1c7b5476f23090dc,The Journal of Negro History,1995,26
journal_1c7b5476f23090dc,The Journal of Negro History,1996,12
journal_1c7b5476f23090dc,The Journal of Negro History,1997,54
journal_1c7b5476f23090dc,The Journal of Negro History,1998,45
journal_1c7b5476f23090dc,The Journal of Negro History,1999,43
journal_1c7b5476f23090dc,The Journal of Negro History,2000,49
journal_1c7b5476f23090dc,The Journal of Negro History,2001,48
journal_1cbec499c3288335,Midland History,1971,19
journal_1cbec499c3288335,Midland History,1972,12
journal_1cbec499c3288335,Midland History,1973,13
journal_1cbec499c3288335,Midland History,1974,11
journal_1cbec499c3288335,Midland History,1975,15
journal_1cbec499c3288335,Midland History,1976,8
journal_1cbec499c3288335,Midland History,1977,9
journal_1cbec499c3288335,Midland History,1978,7
journal_1cbec499c3288335,Midland History,1979,9
journal_1cbec499c3288335,Midland History,1981,8
journal_1cbec499c3288335,Midland History,1982,9
journal_1cbec499c3288335,Midland History,1983,10
journal_1cbec499c3288335,Midland History,1984,8
journal_1cbec499c3288335,Midland History,1985,8
journal_1cbec499c3288335,Midland History,1986,7
journal_1cbec499c3288335,Midland History,1987,8
journal_1cbec499c3288335,Midland History,1988,7
journal_1cbec499c3288335,Midland History,1989,7
journal_1cbec499c3288335,Midland History,1990,8
journal_1cbec499c3288335,Midland History,1991,8
journal_1cbec499c3288335,Midland History,1992,8
journal_1cbec499c3288335,Midland History,1993,9
journal_1cbec499c3288335,Midland History,1994,9
journal_1cbec499c3288335,Midland History,1995,9
journal_1cbec499c3288335,Midland History,1996,10
journal_1cbec499c3288335,Midland History,1997,9
journal_1cbec499c3288335,Midland History,1998,10
journal_1cbec499c3288335,Midland History,1999,11
journal_1cbec499c3288335,Midland History,2000,12
journal_1cbec499c3288335,Midland History,2001,11
journal_1cbec499c3288335,Midland History,2002,13
journal_1cbec499c3288335,Midland History,2003,11
journal_1cbec499c3288335,Midland History,2004,10
journal_1cbec499c3288335,Midland History,2005,11
journal_1cbec499c3288335,Midland History,2006,9
journal_1cbec499c3288335,Midland History,2007,11
journal_1cbec499c3288335,Midland History,2008,16
journal_1cbec499c3288335,Midland History,2009,15
journal_1cbec499c3288335,Midland History,2010,16
journal_1cbec499c3288335,Midland History,2011,19
journal_1cbec499c3288335,Midland History,2012,15
journal_1cbec499c3288335,Midland History,2013,15
journal_1cbec499c3288335,Midland History,2014,15
journal_1cbec499c3288335,Midland History,2015,15
journal_1cbec499c3288335,Midland History,2016,16
journal_1cbec499c3288335,Midland History,2017,32
journal_1cbec499c3288335,Midland History,2018,30
journal_1cbec499c3288335,Midland History,2019,27
journal_1cbec499c3288335,Midland History,2020,62
journal_1cbec499c3288335,Midland History,2021,38
journal_1cbec499c3288335,Midland History,2022,38
journal_1cbec499c3288335,Midland History,2023,36
journal_1cbec499c3288335,Midland History,2024,34
journal_1cbec499c3288335,Midland History,2025,42
journal_1cbec499c3288335,Midland History,2026,22
journal_1d2f5edf681df07a,Oregon Historical Quarterly,2010,142
journal_1d2f5edf681df07a,Oregon Historical Quarterly,2011,93
journal_1d2f5edf681df07a,Oregon Historical Quarterly,2012,92
journal_1d2f5edf681df07a,Oregon Historical Quarterly,2013,97
journal_1d2f5edf681df07a,Oregon Historical Quarterly,2014,89
journal_1d2f5edf681df07a,Oregon Historical Quarterly,2015,79
journal_1d2f5edf681df07a,Oregon Historical Quarterly,2016,72
journal_1d2f5edf681df07a,Oregon Historical Quarterly,2017,80
journal_1d2f5edf681df07a,Oregon Historical Quarterly,2018,79
journal_1d2f5edf681df07a,Oregon Historical Quarterly,2019,65
journal_1d2f5edf681df07a,Oregon Historical Quarterly,2020,42
journal_1d2f5edf681df07a,Oregon Historical Quarterly,2021,49
journal_1d3e57485ef758f2,20 &amp; 21. Revue d'histoire,2019,198
journal_1d3e57485ef758f2,20 &amp; 21. Revue d'histoire,2020,148
journal_1d3e57485ef758f2,20 &amp; 21. Revue d'histoire,2021,179
journal_1d3e57485ef758f2,20 &amp; 21. Revue d'histoire,2022,136
journal_1d3e57485ef758f2,20 &amp; 21. Revue d'histoire,2023,102
journal_1d3e57485ef758f2,20 &amp; 21. Revue d'histoire,2024,175
journal_1d3e57485ef758f2,20 &amp; 21. Revue d'histoire,2025,118
journal_1d3e57485ef758f2,20 &amp; 21. Revue d'histoire,2026,92
journal_1d41a7564c5d12b7,HISTORY OF ECONOMIC THOUGHT AND POLICY,2009,31
journal_1d41a7564c5d12b7,HISTORY OF ECONOMIC THOUGHT AND POLICY,2010,9
journal_1d41a7564c5d12b7,HISTORY OF ECONOMIC THOUGHT AND POLICY,2011,9
journal_1d41a7564c5d12b7,HISTORY OF ECONOMIC THOUGHT AND POLICY,2012,23
journal_1d41a7564c5d12b7,HISTORY OF ECONOMIC THOUGHT AND POLICY,2013,18
journal_1d41a7564c5d12b7,HISTORY OF ECONOMIC THOUGHT AND POLICY,2014,15
journal_1d41a7564c5d12b7,HISTORY OF ECONOMIC THOUGHT AND POLICY,2015,14
journal_1d41a7564c5d12b7,HISTORY OF ECONOMIC THOUGHT AND POLICY,2016,16
journal_1d41a7564c5d12b7,HISTORY OF ECONOMIC THOUGHT AND POLICY,2017,15
journal_1d41a7564c5d12b7,HISTORY OF ECONOMIC THOUGHT AND POLICY,2018,6
journal_1d41a7564c5d12b7,HISTORY OF ECONOMIC THOUGHT AND POLICY,2019,14
journal_1d41a7564c5d12b7,HISTORY OF ECONOMIC THOUGHT AND POLICY,2020,7
journal_1d41a7564c5d12b7,HISTORY OF ECONOMIC THOUGHT AND POLICY,2021,25
journal_1d41a7564c5d12b7,HISTORY OF ECONOMIC THOUGHT AND POLICY,2022,18
journal_1d41a7564c5d12b7,HISTORY OF ECONOMIC THOUGHT AND POLICY,2023,5
journal_1d41a7564c5d12b7,HISTORY OF ECONOMIC THOUGHT AND POLICY,2024,16
journal_1d41a7564c5d12b7,HISTORY OF ECONOMIC THOUGHT AND POLICY,2025,27
journal_1d41a7564c5d12b7,HISTORY OF ECONOMIC THOUGHT AND POLICY,2026,9
journal_1e179fb66763df00,Rethinking History,1997,29
journal_1e179fb66763df00,Rethinking History,1998,33
journal_1e179fb66763df00,Rethinking History,1999,37
journal_1e179fb66763df00,Rethinking History,2000,50
journal_1e179fb66763df00,Rethinking History,2001,65
journal_1e179fb66763df00,Rethinking History,2002,31
journal_1e179fb66763df00,Rethinking History,2003,32
journal_1e179fb66763df00,Rethinking History,2004,43
journal_1e179fb66763df00,Rethinking History,2005,39
journal_1e179fb66763df00,Rethinking History,2006,38
journal_1e179fb66763df00,Rethinking History,2007,49
journal_1e179fb66763df00,Rethinking History,2008,36
journal_1e179fb66763df00,Rethinking History,2009,42
journal_1e179fb66763df00,Rethinking History,2010,47
journal_1e179fb66763df00,Rethinking History,2011,42
journal_1e179fb66763df00,Rethinking History,2012,45
journal_1e179fb66763df00,Rethinking History,2013,54
journal_1e179fb66763df00,Rethinking History,2014,70
journal_1e179fb66763df00,Rethinking History,2015,32
journal_1e179fb66763df00,Rethinking History,2016,49
journal_1e179fb66763df00,Rethinking History,2017,35
journal_1e179fb66763df00,Rethinking History,2018,40
journal_1e179fb66763df00,Rethinking History,2019,29
journal_1e179fb66763df00,Rethinking History,2020,35
journal_1e179fb66763df00,Rethinking History,2021,29
journal_1e179fb66763df00,Rethinking History,2022,32
journal_1e179fb66763df00,Rethinking History,2023,33
journal_1e179fb66763df00,Rethinking History,2024,34
journal_1e179fb66763df00,Rethinking History,2025,56
journal_1e179fb66763df00,Rethinking History,2026,25
journal_1f31b643beaca0dd,Modern American History,2018,62
journal_1f31b643beaca0dd,Modern American History,2019,37
journal_1f31b643beaca0dd,Modern American History,2020,23
journal_1f31b643beaca0dd,Modern American History,2021,28
journal_1f31b643beaca0dd,Modern American History,2022,25
journal_1f31b643beaca0dd,Modern American History,2023,51
journal_1f31b643beaca0dd,Modern American History,2024,50
journal_1f31b643beaca0dd,Modern American History,2025,50
journal_1f31b643beaca0dd,Modern American History,2026,43
journal_2119b0e45870cd6f,Mélanges d’histoire sociale,1943,28
journal_2119b0e45870cd6f,Mélanges d’histoire sociale,1944,26
journal_231bcd1c47c023b4,International Public History,2018,21
journal_231bcd1c47c023b4,International Public History,2019,22
journal_231bcd1c47c023b4,International Public History,2020,14
journal_231bcd1c47c023b4,International Public History,2021,18
journal_231bcd1c47c023b4,International Public History,2022,22
journal_231bcd1c47c023b4,International Public History,2023,17
journal_231bcd1c47c023b4,International Public History,2024,17
journal_231bcd1c47c023b4,International Public History,2025,28
journal_231bcd1c47c023b4,International Public History,2026,7
journal_237c04bd38e91dd0,Mediterranean Historical Review,1986,18
journal_237c04bd38e91dd0,Mediterranean Historical Review,1987,16
journal_237c04bd38e91dd0,Mediterranean Historical Review,1988,24
journal_237c04bd38e91dd0,Mediterranean Historical Review,1989,26
journal_237c04bd38e91dd0,Mediterranean Historical Review,1990,18
journal_237c04bd38e91dd0,Mediterranean Historical Review,1991,28
journal_237c04bd38e91dd0,Mediterranean Historical Review,1992,17
journal_237c04bd38e91dd0,Mediterranean Historical Review,1993,16
journal_237c04bd38e91dd0,Mediterranean Historical Review,1994,15
journal_237c04bd38e91dd0,Mediterranean Historical Review,1995,26
journal_237c04bd38e91dd0,Mediterranean Historical Review,1996,15
journal_237c04bd38e91dd0,Mediterranean Historical Review,1997,14
journal_237c04bd38e91dd0,Mediterranean Historical Review,1998,16
journal_237c04bd38e91dd0,Mediterranean Historical Review,1999,16
journal_237c04bd38e91dd0,Mediterranean Historical Review,2000,22
journal_237c04bd38e91dd0,Mediterranean Historical Review,2001,19
journal_237c04bd38e91dd0,Mediterranean Historical Review,2002,17
journal_237c04bd38e91dd0,Mediterranean Historical Review,2003,12
journal_237c04bd38e91dd0,Mediterranean Historical Review,2004,14
journal_237c04bd38e91dd0,Mediterranean Historical Review,2005,14
journal_237c04bd38e91dd0,Mediterranean Historical Review,2006,14
journal_237c04bd38e91dd0,Mediterranean Historical Review,2007,21
journal_237c04bd38e91dd0,Mediterranean Historical Review,2008,9
journal_237c04bd38e91dd0,Mediterranean Historical Review,2009,22
journal_237c04bd38e91dd0,Mediterranean Historical Review,2010,16
journal_237c04bd38e91dd0,Mediterranean Historical Review,2011,23
journal_237c04bd38e91dd0,Mediterranean Historical Review,2012,19
journal_237c04bd38e91dd0,Mediterranean Historical Review,2013,35
journal_237c04bd38e91dd0,Mediterranean Historical Review,2014,34
journal_237c04bd38e91dd0,Mediterranean Historical Review,2015,25
journal_237c04bd38e91dd0,Mediterranean Historical Review,2016,25
journal_237c04bd38e91dd0,Mediterranean Historical Review,2017,27
journal_237c04bd38e91dd0,Mediterranean Historical Review,2018,27
journal_237c04bd38e91dd0,Mediterranean Historical Review,2019,34
journal_237c04bd38e91dd0,Mediterranean Historical Review,2020,26
journal_237c04bd38e91dd0,Mediterranean Historical Review,2021,23
journal_237c04bd38e91dd0,Mediterranean Historical Review,2022,23
journal_237c04bd38e91dd0,Mediterranean Historical Review,2023,22
journal_237c04bd38e91dd0,Mediterranean Historical Review,2024,16
journal_237c04bd38e91dd0,Mediterranean Historical Review,2025,19
journal_237c04bd38e91dd0,Mediterranean Historical Review,2026,9
journal_25b3b25c0672ff34,Environment and History,1995,25
journal_25b3b25c0672ff34,Environment and History,1996,28
journal_25b3b25c0672ff34,Environment and History,1997,25
journal_25b3b25c0672ff34,Environment and History,1998,24
journal_25b3b25c0672ff34,Environment and History,1999,24
journal_25b3b25c0672ff34,Environment and History,2000,30
journal_25b3b25c0672ff34,Environment and History,2001,31
journal_25b3b25c0672ff34,Environment and History,2002,45
journal_25b3b25c0672ff34,Environment and History,2003,41
journal_25b3b25c0672ff34,Environment and History,2004,37
journal_25b3b25c0672ff34,Environment and History,2005,35
journal_25b3b25c0672ff34,Environment and History,2006,27
journal_25b3b25c0672ff34,Environment and History,2007,30
journal_25b3b25c0672ff34,Environment and History,2008,34
journal_25b3b25c0672ff34,Environment and History,2009,30
journal_25b3b25c0672ff34,Environment and History,2010,30
journal_25b3b25c0672ff34,Environment and History,2011,34
journal_25b3b25c0672ff34,Environment and History,2012,31
journal_25b3b25c0672ff34,Environment and History,2013,28
journal_25b3b25c0672ff34,Environment and History,2014,34
journal_25b3b25c0672ff34,Environment and History,2015,48
journal_25b3b25c0672ff34,Environment and History,2016,42
journal_25b3b25c0672ff34,Environment and History,2017,42
journal_25b3b25c0672ff34,Environment and History,2018,43
journal_25b3b25c0672ff34,Environment and History,2019,43
journal_25b3b25c0672ff34,Environment and History,2020,41
journal_25b3b25c0672ff34,Environment and History,2021,44
journal_25b3b25c0672ff34,Environment and History,2022,50
journal_25b3b25c0672ff34,Environment and History,2023,66
journal_25b3b25c0672ff34,Environment and History,2024,59
journal_25b3b25c0672ff34,Environment and History,2025,66
journal_25b3b25c0672ff34,Environment and History,2026,60
journal_25fe68c2c0186186,Explorations in Economic History,1969,36
journal_25fe68c2c0186186,Explorations in Economic History,1970,13
journal_25fe68c2c0186186,Explorations in Economic History,1971,39
journal_25fe68c2c0186186,Explorations in Economic History,1972,7
journal_25fe68c2c0186186,Explorations in Economic History,1973,22
journal_25fe68c2c0186186,Explorations in Economic History,1974,27
journal_25fe68c2c0186186,Explorations in Economic History,1975,24
journal_25fe68c2c0186186,Explorations in Economic History,1976,27
journal_25fe68c2c0186186,Explorations in Economic History,1977,28
journal_25fe68c2c0186186,Explorations in Economic History,1978,31
journal_25fe68c2c0186186,Explorations in Economic History,1979,31
journal_25fe68c2c0186186,Explorations in Economic History,1980,25
journal_25fe68c2c0186186,Explorations in Economic History,1981,27
journal_25fe68c2c0186186,Explorations in Economic History,1982,25
journal_25fe68c2c0186186,Explorations in Economic History,1983,29
journal_25fe68c2c0186186,Explorations in Economic History,1984,28
journal_25fe68c2c0186186,Explorations in Economic History,1985,23
journal_25fe68c2c0186186,Explorations in Economic History,1986,21
journal_25fe68c2c0186186,Explorations in Economic History,1987,24
journal_25fe68c2c0186186,Explorations in Economic History,1988,24
journal_25fe68c2c0186186,Explorations in Economic History,1989,27
journal_25fe68c2c0186186,Explorations in Economic History,1990,27
journal_25fe68c2c0186186,Explorations in Economic History,1991,28
journal_25fe68c2c0186186,Explorations in Economic History,1992,28
journal_25fe68c2c0186186,Explorations in Economic History,1993,22
journal_25fe68c2c0186186,Explorations in Economic History,1994,23
journal_25fe68c2c0186186,Explorations in Economic History,1995,25
journal_25fe68c2c0186186,Explorations in Economic History,1996,30
journal_25fe68c2c0186186,Explorations in Economic History,1997,24
journal_25fe68c2c0186186,Explorations in Economic History,1998,20
journal_25fe68c2c0186186,Explorations in Economic History,1999,22
journal_25fe68c2c0186186,Explorations in Economic History,2000,17
journal_25fe68c2c0186186,Explorations in Economic History,2001,27
journal_25fe68c2c0186186,Explorations in Economic History,2002,25
journal_25fe68c2c0186186,Explorations in Economic History,2003,32
journal_25fe68c2c0186186,Explorations in Economic History,2004,39
journal_25fe68c2c0186186,Explorations in Economic History,2005,39
journal_25fe68c2c0186186,Explorations in Economic History,2006,37
journal_25fe68c2c0186186,Explorations in Economic History,2007,44
journal_25fe68c2c0186186,Explorations in Economic History,2008,37
journal_25fe68c2c0186186,Explorations in Economic History,2009,38
journal_25fe68c2c0186186,Explorations in Economic History,2010,44
journal_25fe68c2c0186186,Explorations in Economic History,2011,51
journal_25fe68c2c0186186,Explorations in Economic History,2012,45
journal_25fe68c2c0186186,Explorations in Economic History,2013,48
journal_25fe68c2c0186186,Explorations in Economic History,2014,36
journal_25fe68c2c0186186,Explorations in Economic History,2015,33
journal_25fe68c2c0186186,Explorations in Economic History,2016,36
journal_25fe68c2c0186186,Explorations in Economic History,2017,40
journal_25fe68c2c0186186,Explorations in Economic History,2018,33
journal_25fe68c2c0186186,Explorations in Economic History,2019,30
journal_25fe68c2c0186186,Explorations in Economic History,2020,28
journal_25fe68c2c0186186,Explorations in Economic History,2021,27
journal_25fe68c2c0186186,Explorations in Economic History,2022,27
journal_25fe68c2c0186186,Explorations in Economic History,2023,41
journal_25fe68c2c0186186,Explorations in Economic History,2024,50
journal_25fe68c2c0186186,Explorations in Economic History,2025,63
journal_25fe68c2c0186186,Explorations in Economic History,2026,36
journal_2601706da5173a25,Global Intellectual History,2016,26
journal_2601706da5173a25,Global Intellectual History,2017,54
journal_2601706da5173a25,Global Intellectual History,2018,69
journal_2601706da5173a25,Global Intellectual History,2019,66
journal_2601706da5173a25,Global Intellectual History,2020,80
journal_2601706da5173a25,Global Intellectual History,2021,48
journal_2601706da5173a25,Global Intellectual History,2022,63
journal_2601706da5173a25,Global Intellectual History,2023,92
journal_2601706da5173a25,Global Intellectual History,2024,49
journal_2601706da5173a25,Global Intellectual History,2025,88
journal_2601706da5173a25,Global Intellectual History,2026,56
journal_264c39cda506d1ec,Canadian Historical Review,1920,79
journal_264c39cda506d1ec,Canadian Historical Review,1921,74
journal_264c39cda506d1ec,Canadian Historical Review,1922,102
journal_264c39cda506d1ec,Canadian Historical Review,1923,88
journal_264c39cda506d1ec,Canadian Historical Review,1924,126
journal_264c39cda506d1ec,Canadian Historical Review,1925,148
journal_264c39cda506d1ec,Canadian Historical Review,1926,180
journal_264c39cda506d1ec,Canadian Historical Review,1927,62
journal_264c39cda506d1ec,Canadian Historical Review,1928,172
journal_264c39cda506d1ec,Canadian Historical Review,1929,154
journal_264c39cda506d1ec,Canadian Historical Review,1930,165
journal_264c39cda506d1ec,Canadian Historical Review,1931,228
journal_264c39cda506d1ec,Canadian Historical Review,1932,241
journal_264c39cda506d1ec,Canadian Historical Review,1933,182
journal_264c39cda506d1ec,Canadian Historical Review,1934,173
journal_264c39cda506d1ec,Canadian Historical Review,1935,173
journal_264c39cda506d1ec,Canadian Historical Review,1936,169
journal_264c39cda506d1ec,Canadian Historical Review,1937,126
journal_264c39cda506d1ec,Canadian Historical Review,1938,169
journal_264c39cda506d1ec,Canadian Historical Review,1939,49
journal_264c39cda506d1ec,Canadian Historical Review,1940,163
journal_264c39cda506d1ec,Canadian Historical Review,1941,58
journal_264c39cda506d1ec,Canadian Historical Review,1942,122
journal_264c39cda506d1ec,Canadian Historical Review,1943,129
journal_264c39cda506d1ec,Canadian Historical Review,1944,140
journal_264c39cda506d1ec,Canadian Historical Review,1945,129
journal_264c39cda506d1ec,Canadian Historical Review,1946,124
journal_264c39cda506d1ec,Canadian Historical Review,1947,151
journal_264c39cda506d1ec,Canadian Historical Review,1948,67
journal_264c39cda506d1ec,Canadian Historical Review,1949,93
journal_264c39cda506d1ec,Canadian Historical Review,1950,151
journal_264c39cda506d1ec,Canadian Historical Review,1951,145
journal_264c39cda506d1ec,Canadian Historical Review,1952,131
journal_264c39cda506d1ec,Canadian Historical Review,1953,40
journal_264c39cda506d1ec,Canadian Historical Review,1954,125
journal_264c39cda506d1ec,Canadian Historical Review,1955,125
journal_264c39cda506d1ec,Canadian Historical Review,1956,134
journal_264c39cda506d1ec,Canadian Historical Review,1957,171
journal_264c39cda506d1ec,Canadian Historical Review,1958,153
journal_264c39cda506d1ec,Canadian Historical Review,1959,190
journal_264c39cda506d1ec,Canadian Historical Review,1960,183
journal_264c39cda506d1ec,Canadian Historical Review,1961,212
journal_264c39cda506d1ec,Canadian Historical Review,1962,181
journal_264c39cda506d1ec,Canadian Historical Review,1963,222
journal_264c39cda506d1ec,Canadian Historical Review,1964,223
journal_264c39cda506d1ec,Canadian Historical Review,1965,223
journal_264c39cda506d1ec,Canadian Historical Review,1966,203
journal_264c39cda506d1ec,Canadian Historical Review,1967,190
journal_264c39cda506d1ec,Canadian Historical Review,1968,216
journal_264c39cda506d1ec,Canadian Historical Review,1969,18
journal_264c39cda506d1ec,Canadian Historical Review,1970,19
journal_264c39cda506d1ec,Canadian Historical Review,1971,18
journal_264c39cda506d1ec,Canadian Historical Review,1972,15
journal_264c39cda506d1ec,Canadian Historical Review,1973,15
journal_264c39cda506d1ec,Canadian Historical Review,1974,15
journal_264c39cda506d1ec,Canadian Historical Review,1975,14
journal_264c39cda506d1ec,Canadian Historical Review,1976,12
journal_264c39cda506d1ec,Canadian Historical Review,1977,19
journal_264c39cda506d1ec,Canadian Historical Review,1978,16
journal_264c39cda506d1ec,Canadian Historical Review,1979,16
journal_264c39cda506d1ec,Canadian Historical Review,1980,16
journal_264c39cda506d1ec,Canadian Historical Review,1981,18
journal_264c39cda506d1ec,Canadian Historical Review,1982,18
journal_264c39cda506d1ec,Canadian Historical Review,1983,16
journal_264c39cda506d1ec,Canadian Historical Review,1984,16
journal_264c39cda506d1ec,Canadian Historical Review,1985,16
journal_264c39cda506d1ec,Canadian Historical Review,1986,16
journal_264c39cda506d1ec,Canadian Historical Review,1987,16
journal_264c39cda506d1ec,Canadian Historical Review,1988,13
journal_264c39cda506d1ec,Canadian Historical Review,1989,15
journal_264c39cda506d1ec,Canadian Historical Review,1990,14
journal_264c39cda506d1ec,Canadian Historical Review,1991,15
journal_264c39cda506d1ec,Canadian Historical Review,1992,14
journal_264c39cda506d1ec,Canadian Historical Review,1993,14
journal_264c39cda506d1ec,Canadian Historical Review,1994,13
journal_264c39cda506d1ec,Canadian Historical Review,1995,18
journal_264c39cda506d1ec,Canadian Historical Review,1996,15
journal_264c39cda506d1ec,Canadian Historical Review,1997,17
journal_264c39cda506d1ec,Canadian Historical Review,1998,18
journal_264c39cda506d1ec,Canadian Historical Review,1999,19
journal_264c39cda506d1ec,Canadian Historical Review,2000,23
journal_264c39cda506d1ec,Canadian Historical Review,2001,23
journal_264c39cda506d1ec,Canadian Historical Review,2002,17
journal_264c39cda506d1ec,Canadian Historical Review,2003,20
journal_264c39cda506d1ec,Canadian Historical Review,2004,21
journal_264c39cda506d1ec,Canadian Historical Review,2005,24
journal_264c39cda506d1ec,Canadian Historical Review,2006,24
journal_264c39cda506d1ec,Canadian Historical Review,2007,29
journal_264c39cda506d1ec,Canadian Historical Review,2008,29
journal_264c39cda506d1ec,Canadian Historical Review,2009,25
journal_264c39cda506d1ec,Canadian Historical Review,2010,27
journal_264c39cda506d1ec,Canadian Historical Review,2011,33
journal_264c39cda506d1ec,Canadian Historical Review,2012,28
journal_264c39cda506d1ec,Canadian Historical Review,2013,26
journal_264c39cda506d1ec,Canadian Historical Review,2014,37
journal_264c39cda506d1ec,Canadian Historical Review,2015,76
journal_264c39cda506d1ec,Canadian Historical Review,2016,75
journal_264c39cda506d1ec,Canadian Historical Review,2017,104
journal_264c39cda506d1ec,Canadian Historical Review,2018,100
journal_264c39cda506d1ec,Canadian Historical Review,2019,109
journal_264c39cda506d1ec,Canadian Historical Review,2020,109
journal_264c39cda506d1ec,Canadian Historical Review,2021,173
journal_264c39cda506d1ec,Canadian Historical Review,2022,109
journal_264c39cda506d1ec,Canadian Historical Review,2023,102
journal_264c39cda506d1ec,Canadian Historical Review,2024,103
journal_264c39cda506d1ec,Canadian Historical Review,2025,100
journal_264c39cda506d1ec,Canadian Historical Review,2026,49
journal_264c39cda506d1ec,The Canadian Historical Review,1930,1
journal_264c39cda506d1ec,The Canadian Historical Review,1984,1
journal_264c39cda506d1ec,The Canadian Historical Review,1985,1
journal_264c39cda506d1ec,The Canadian Historical Review,1990,1
journal_264c39cda506d1ec,The Canadian Historical Review,1991,1
journal_264c39cda506d1ec,The Canadian Historical Review,1992,1
journal_264c39cda506d1ec,The Canadian Historical Review,1997,3
journal_264c39cda506d1ec,The Canadian Historical Review,1999,1
journal_264c39cda506d1ec,The Canadian Historical Review,2004,196
journal_264c39cda506d1ec,The Canadian Historical Review,2005,109
journal_264c39cda506d1ec,The Canadian Historical Review,2006,112
journal_264c39cda506d1ec,The Canadian Historical Review,2007,74
journal_264c39cda506d1ec,The Canadian Historical Review,2008,109
journal_264c39cda506d1ec,The Canadian Historical Review,2009,119
journal_264c39cda506d1ec,The Canadian Historical Review,2010,111
journal_264c39cda506d1ec,The Canadian Historical Review,2011,74
journal_264c39cda506d1ec,The Canadian Historical Review,2012,89
journal_264c39cda506d1ec,The Canadian Historical Review,2013,22
journal_2945cb5c5cc8af94,Rural History,1990,27
journal_2945cb5c5cc8af94,Rural History,1991,31
journal_2945cb5c5cc8af94,Rural History,1992,26
journal_2945cb5c5cc8af94,Rural History,1993,37
journal_2945cb5c5cc8af94,Rural History,1994,35
journal_2945cb5c5cc8af94,Rural History,1995,22
journal_2945cb5c5cc8af94,Rural History,1996,31
journal_2945cb5c5cc8af94,Rural History,1997,30
journal_2945cb5c5cc8af94,Rural History,1998,25
journal_2945cb5c5cc8af94,Rural History,1999,22
journal_2945cb5c5cc8af94,Rural History,2000,36
journal_2945cb5c5cc8af94,Rural History,2001,36
journal_2945cb5c5cc8af94,Rural History,2002,28
journal_2945cb5c5cc8af94,Rural History,2003,17
journal_2945cb5c5cc8af94,Rural History,2004,18
journal_2945cb5c5cc8af94,Rural History,2005,19
journal_2945cb5c5cc8af94,Rural History,2006,25
journal_2945cb5c5cc8af94,Rural History,2007,26
journal_2945cb5c5cc8af94,Rural History,2008,19
journal_2945cb5c5cc8af94,Rural History,2009,21
journal_2945cb5c5cc8af94,Rural History,2010,24
journal_2945cb5c5cc8af94,Rural History,2011,26
journal_2945cb5c5cc8af94,Rural History,2012,33
journal_2945cb5c5cc8af94,Rural History,2013,22
journal_2945cb5c5cc8af94,Rural History,2014,24
journal_2945cb5c5cc8af94,Rural History,2015,23
journal_2945cb5c5cc8af94,Rural History,2016,25
journal_2945cb5c5cc8af94,Rural History,2017,21
journal_2945cb5c5cc8af94,Rural History,2018,21
journal_2945cb5c5cc8af94,Rural History,2019,29
journal_2945cb5c5cc8af94,Rural History,2020,30
journal_2945cb5c5cc8af94,Rural History,2021,30
journal_2945cb5c5cc8af94,Rural History,2022,25
journal_2945cb5c5cc8af94,Rural History,2023,21
journal_2945cb5c5cc8af94,Rural History,2024,18
journal_2945cb5c5cc8af94,Rural History,2025,27
journal_2945cb5c5cc8af94,Rural History,2026,16
journal_29d4cfabb5270347,Illes i imperis,2018,13
journal_29d4cfabb5270347,Illes i imperis,2019,21
journal_29d4cfabb5270347,Illes i imperis,2020,20
journal_29d4cfabb5270347,Illes i imperis,2021,23
journal_29d4cfabb5270347,Illes i imperis,2022,23
journal_29d4cfabb5270347,Illes i imperis,2023,18
journal_29d4cfabb5270347,Illes i imperis,2024,14
journal_29d4cfabb5270347,Illes i imperis,2025,18
journal_2af88744d50502c3,Immigrants &amp; Minorities,1982,25
journal_2af88744d50502c3,Immigrants &amp; Minorities,1983,31
journal_2af88744d50502c3,Immigrants &amp; Minorities,1984,27
journal_2af88744d50502c3,Immigrants &amp; Minorities,1985,26
journal_2af88744d50502c3,Immigrants &amp; Minorities,1986,25
journal_2af88744d50502c3,Immigrants &amp; Minorities,1987,28
journal_2af88744d50502c3,Immigrants &amp; Minorities,1988,28
journal_2af88744d50502c3,Immigrants &amp; Minorities,1989,23
journal_2af88744d50502c3,Immigrants &amp; Minorities,1990,25
journal_2af88744d50502c3,Immigrants &amp; Minorities,1991,22
journal_2af88744d50502c3,Immigrants &amp; Minorities,1992,30
journal_2af88744d50502c3,Immigrants &amp; Minorities,1993,29
journal_2af88744d50502c3,Immigrants &amp; Minorities,1994,19
journal_2af88744d50502c3,Immigrants &amp; Minorities,1995,26
journal_2af88744d50502c3,Immigrants &amp; Minorities,1996,25
journal_2af88744d50502c3,Immigrants &amp; Minorities,1997,24
journal_2af88744d50502c3,Immigrants &amp; Minorities,1998,32
journal_2af88744d50502c3,Immigrants &amp; Minorities,1999,25
journal_2af88744d50502c3,Immigrants &amp; Minorities,2000,24
journal_2af88744d50502c3,Immigrants &amp; Minorities,2001,22
journal_2af88744d50502c3,Immigrants &amp; Minorities,2002,24
journal_2af88744d50502c3,Immigrants &amp; Minorities,2003,24
journal_2af88744d50502c3,Immigrants &amp; Minorities,2005,19
journal_2af88744d50502c3,Immigrants &amp; Minorities,2006,17
journal_2af88744d50502c3,Immigrants &amp; Minorities,2007,15
journal_2af88744d50502c3,Immigrants &amp; Minorities,2008,14
journal_2af88744d50502c3,Immigrants &amp; Minorities,2009,18
journal_2af88744d50502c3,Immigrants &amp; Minorities,2010,22
journal_2af88744d50502c3,Immigrants &amp; Minorities,2011,25
journal_2af88744d50502c3,Immigrants &amp; Minorities,2012,23
journal_2af88744d50502c3,Immigrants &amp; Minorities,2013,38
journal_2af88744d50502c3,Immigrants &amp; Minorities,2014,24
journal_2af88744d50502c3,Immigrants &amp; Minorities,2015,18
journal_2af88744d50502c3,Immigrants &amp; Minorities,2016,23
journal_2af88744d50502c3,Immigrants &amp; Minorities,2017,11
journal_2af88744d50502c3,Immigrants &amp; Minorities,2018,21
journal_2af88744d50502c3,Immigrants &amp; Minorities,2019,16
journal_2af88744d50502c3,Immigrants &amp; Minorities,2020,19
journal_2af88744d50502c3,Immigrants &amp; Minorities,2021,18
journal_2af88744d50502c3,Immigrants &amp; Minorities,2022,23
journal_2af88744d50502c3,Immigrants &amp; Minorities,2023,8
journal_2af88744d50502c3,Immigrants &amp; Minorities,2024,30
journal_2af88744d50502c3,Immigrants &amp; Minorities,2025,45
journal_2af88744d50502c3,Immigrants &amp; Minorities,2026,31
journal_2b8522c13948819d,Journal of Urban History,1974,10
journal_2b8522c13948819d,Journal of Urban History,1975,35
journal_2b8522c13948819d,Journal of Urban History,1976,28
journal_2b8522c13948819d,Journal of Urban History,1977,26
journal_2b8522c13948819d,Journal of Urban History,1978,27
journal_2b8522c13948819d,Journal of Urban History,1979,28
journal_2b8522c13948819d,Journal of Urban History,1980,26
journal_2b8522c13948819d,Journal of Urban History,1981,24
journal_2b8522c13948819d,Journal of Urban History,1982,27
journal_2b8522c13948819d,Journal of Urban History,1983,23
journal_2b8522c13948819d,Journal of Urban History,1984,26
journal_2b8522c13948819d,Journal of Urban History,1985,30
journal_2b8522c13948819d,Journal of Urban History,1986,26
journal_2b8522c13948819d,Journal of Urban History,1987,30
journal_2b8522c13948819d,Journal of Urban History,1988,26
journal_2b8522c13948819d,Journal of Urban History,1989,29
journal_2b8522c13948819d,Journal of Urban History,1990,26
journal_2b8522c13948819d,Journal of Urban History,1991,25
journal_2b8522c13948819d,Journal of Urban History,1992,30
journal_2b8522c13948819d,Journal of Urban History,1993,31
journal_2b8522c13948819d,Journal of Urban History,1994,32
journal_2b8522c13948819d,Journal of Urban History,1995,37
journal_2b8522c13948819d,Journal of Urban History,1996,43
journal_2b8522c13948819d,Journal of Urban History,1997,46
journal_2b8522c13948819d,Journal of Urban History,1998,47
journal_2b8522c13948819d,Journal of Urban History,1999,56
journal_2b8522c13948819d,Journal of Urban History,2000,63
journal_2b8522c13948819d,Journal of Urban History,2001,59
journal_2b8522c13948819d,Journal of Urban History,2002,55
journal_2b8522c13948819d,Journal of Urban History,2003,67
journal_2b8522c13948819d,Journal of Urban History,2004,49
journal_2b8522c13948819d,Journal of Urban History,2005,57
journal_2b8522c13948819d,Journal of Urban History,2006,61
journal_2b8522c13948819d,Journal of Urban History,2007,69
journal_2b8522c13948819d,Journal of Urban History,2008,67
journal_2b8522c13948819d,Journal of Urban History,2009,77
journal_2b8522c13948819d,Journal of Urban History,2010,58
journal_2b8522c13948819d,Journal of Urban History,2011,54
journal_2b8522c13948819d,Journal of Urban History,2012,103
journal_2b8522c13948819d,Journal of Urban History,2013,67
journal_2b8522c13948819d,Journal of Urban History,2014,72
journal_2b8522c13948819d,Journal of Urban History,2015,123
journal_2b8522c13948819d,Journal of Urban History,2016,85
journal_2b8522c13948819d,Journal of Urban History,2017,101
journal_2b8522c13948819d,Journal of Urban History,2018,97
journal_2b8522c13948819d,Journal of Urban History,2019,104
journal_2b8522c13948819d,Journal of Urban History,2020,120
journal_2b8522c13948819d,Journal of Urban History,2021,67
journal_2b8522c13948819d,Journal of Urban History,2022,91
journal_2b8522c13948819d,Journal of Urban History,2023,77
journal_2b8522c13948819d,Journal of Urban History,2024,82
journal_2b8522c13948819d,Journal of Urban History,2025,47
journal_2b8522c13948819d,Journal of Urban History,2026,22
journal_2c098277f043966a,Biuletyn Polskiej Misji Historycznej,2008,1
journal_2c098277f043966a,Biuletyn Polskiej Misji Historycznej,2010,1
journal_2c098277f043966a,Biuletyn Polskiej Misji Historycznej,2011,18
journal_2c098277f043966a,Biuletyn Polskiej Misji Historycznej,2012,12
journal_2c098277f043966a,Biuletyn Polskiej Misji Historycznej,2013,18
journal_2c098277f043966a,Biuletyn Polskiej Misji Historycznej,2014,15
journal_2c098277f043966a,Biuletyn Polskiej Misji Historycznej,2015,17
journal_2c098277f043966a,Biuletyn Polskiej Misji Historycznej,2016,16
journal_2c098277f043966a,Biuletyn Polskiej Misji Historycznej,2017,13
journal_2c098277f043966a,Biuletyn Polskiej Misji Historycznej,2018,20
journal_2c098277f043966a,Biuletyn Polskiej Misji Historycznej,2019,20
journal_2c098277f043966a,Biuletyn Polskiej Misji Historycznej,2020,17
journal_2c098277f043966a,Biuletyn Polskiej Misji Historycznej,2021,17
journal_2c098277f043966a,Biuletyn Polskiej Misji Historycznej,2022,15
journal_2c098277f043966a,Biuletyn Polskiej Misji Historycznej,2024,12
journal_2c835362abb13fca,Journal of the History of the Behavioral Sciences,1965,65
journal_2c835362abb13fca,Journal of the History of the Behavioral Sciences,1966,63
journal_2c835362abb13fca,Journal of the History of the Behavioral Sciences,1967,81
journal_2c835362abb13fca,Journal of the History of the Behavioral Sciences,1968,70
journal_2c835362abb13fca,Journal of the History of the Behavioral Sciences,1969,77
journal_2c835362abb13fca,Journal of the History of the Behavioral Sciences,1970,82
journal_2c835362abb13fca,Journal of the History of the Behavioral Sciences,1971,79
journal_2c835362abb13fca,Journal of the History of the Behavioral Sciences,1972,81
journal_2c835362abb13fca,Journal of the History of the Behavioral Sciences,1973,73
journal_2c835362abb13fca,Journal of the History of the Behavioral Sciences,1974,71
journal_2c835362abb13fca,Journal of the History of the Behavioral Sciences,1975,75
journal_2c835362abb13fca,Journal of the History of the Behavioral Sciences,1976,58
journal_2c835362abb13fca,Journal of the History of the Behavioral Sciences,1977,57
journal_2c835362abb13fca,Journal of the History of the Behavioral Sciences,1978,82
journal_2c835362abb13fca,Journal of the History of the Behavioral Sciences,1979,62
journal_2c835362abb13fca,Journal of the History of the Behavioral Sciences,1980,62
journal_2c835362abb13fca,Journal of the History of the Behavioral Sciences,1981,84
journal_2c835362abb13fca,Journal of the History of the Behavioral Sciences,1982,82
journal_2c835362abb13fca,Journal of the History of the Behavioral Sciences,1983,110
journal_2c835362abb13fca,Journal of the History of the Behavioral Sciences,1984,99
journal_2c835362abb13fca,Journal of the History of the Behavioral Sciences,1985,129
journal_2c835362abb13fca,Journal of the History of the Behavioral Sciences,1986,99
journal_2c835362abb13fca,Journal of the History of the Behavioral Sciences,1987,95
journal_2c835362abb13fca,Journal of the History of the Behavioral Sciences,1988,107
journal_2c835362abb13fca,Journal of the History of the Behavioral Sciences,1989,113
journal_2c835362abb13fca,Journal of the History of the Behavioral Sciences,1990,124
journal_2c835362abb13fca,Journal of the History of the Behavioral Sciences,1991,96
journal_2c835362abb13fca,Journal of the History of the Behavioral Sciences,1992,153
journal_2c835362abb13fca,Journal of the History of the Behavioral Sciences,1993,114
journal_2c835362abb13fca,Journal of the History of the Behavioral Sciences,1994,112
journal_2c835362abb13fca,Journal of the History of the Behavioral Sciences,1995,104
journal_2c835362abb13fca,Journal of the History of the Behavioral Sciences,1996,135
journal_2c835362abb13fca,Journal of the History of the Behavioral Sciences,1997,136
journal_2c835362abb13fca,Journal of the History of the Behavioral Sciences,1998,249
journal_2c835362abb13fca,Journal of the History of the Behavioral Sciences,1999,159
journal_2c835362abb13fca,Journal of the History of the Behavioral Sciences,2000,185
journal_2c835362abb13fca,Journal of the History of the Behavioral Sciences,2001,146
journal_2c835362abb13fca,Journal of the History of the Behavioral Sciences,2002,109
journal_2c835362abb13fca,Journal of the History of the Behavioral Sciences,2003,112
journal_2c835362abb13fca,Journal of the History of the Behavioral Sciences,2004,70
journal_2c835362abb13fca,Journal of the History of the Behavioral Sciences,2005,91
journal_2c835362abb13fca,Journal of the History of the Behavioral Sciences,2006,57
journal_2c835362abb13fca,Journal of the History of the Behavioral Sciences,2007,72
journal_2c835362abb13fca,Journal of the History of the Behavioral Sciences,2008,72
journal_2c835362abb13fca,Journal of the History of the Behavioral Sciences,2009,67
journal_2c835362abb13fca,Journal of the History of the Behavioral Sciences,2010,64
journal_2c835362abb13fca,Journal of the History of the Behavioral Sciences,2011,61
journal_2c835362abb13fca,Journal of the History of the Behavioral Sciences,2012,69
journal_2c835362abb13fca,Journal of the History of the Behavioral Sciences,2013,60
journal_2c835362abb13fca,Journal of the History of the Behavioral Sciences,2014,68
journal_2c835362abb13fca,Journal of the History of the Behavioral Sciences,2015,63
journal_2c835362abb13fca,Journal of the History of the Behavioral Sciences,2016,67
journal_2c835362abb13fca,Journal of the History of the Behavioral Sciences,2017,62
journal_2c835362abb13fca,Journal of the History of the Behavioral Sciences,2018,64
journal_2c835362abb13fca,Journal of the History of the Behavioral Sciences,2019,69
journal_2c835362abb13fca,Journal of the History of the Behavioral Sciences,2020,53
journal_2c835362abb13fca,Journal of the History of the Behavioral Sciences,2021,103
journal_2c835362abb13fca,Journal of the History of the Behavioral Sciences,2022,75
journal_2c835362abb13fca,Journal of the History of the Behavioral Sciences,2023,55
journal_2c835362abb13fca,Journal of the History of the Behavioral Sciences,2024,54
journal_2c835362abb13fca,Journal of the History of the Behavioral Sciences,2025,41
journal_2c835362abb13fca,Journal of the History of the Behavioral Sciences,2026,27
journal_2dfeedfb997d608a,Afriques,2010,21
journal_2dfeedfb997d608a,Afriques,2011,12
journal_2dfeedfb997d608a,Afriques,2012,1
journal_2dfeedfb997d608a,Afriques,2013,13
journal_2dfeedfb997d608a,Afriques,2014,16
journal_2dfeedfb997d608a,Afriques,2015,13
journal_2dfeedfb997d608a,Afriques,2016,9
journal_2dfeedfb997d608a,Afriques,2017,5
journal_2dfeedfb997d608a,Afriques,2018,5
journal_2dfeedfb997d608a,Afriques,2019,9
journal_2dfeedfb997d608a,Afriques,2020,7
journal_2dfeedfb997d608a,Afriques,2021,59
journal_2dfeedfb997d608a,Afriques,2022,5
journal_2dfeedfb997d608a,Afriques,2023,16
journal_2dfeedfb997d608a,Afriques,2024,10
journal_2dfeedfb997d608a,Afriques,2025,15
journal_2dfeedfb997d608a,Afriques,2026,3
journal_2e04fa56f6705ec2,Anuario de Estudios Medievales,1990,22
journal_2e04fa56f6705ec2,Anuario de Estudios Medievales,1991,29
journal_2e04fa56f6705ec2,Anuario de Estudios Medievales,1992,30
journal_2e04fa56f6705ec2,Anuario de Estudios Medievales,1993,22
journal_2e04fa56f6705ec2,Anuario de Estudios Medievales,1994,41
journal_2e04fa56f6705ec2,Anuario de Estudios Medievales,1995,31
journal_2e04fa56f6705ec2,Anuario de Estudios Medievales,1996,28
journal_2e04fa56f6705ec2,Anuario de Estudios Medievales,1997,33
journal_2e04fa56f6705ec2,Anuario de Estudios Medievales,1998,45
journal_2e04fa56f6705ec2,Anuario de Estudios Medievales,1999,55
journal_2e04fa56f6705ec2,Anuario de Estudios Medievales,2000,24
journal_2e04fa56f6705ec2,Anuario de Estudios Medievales,2001,23
journal_2e04fa56f6705ec2,Anuario de Estudios Medievales,2002,24
journal_2e04fa56f6705ec2,Anuario de Estudios Medievales,2003,24
journal_2e04fa56f6705ec2,Anuario de Estudios Medievales,2004,22
journal_2e04fa56f6705ec2,Anuario de Estudios Medievales,2005,27
journal_2e04fa56f6705ec2,Anuario de Estudios Medievales,2006,22
journal_2e04fa56f6705ec2,Anuario de Estudios Medievales,2007,26
journal_2e04fa56f6705ec2,Anuario de Estudios Medievales,2008,32
journal_2e04fa56f6705ec2,Anuario de Estudios Medievales,2009,28
journal_2e04fa56f6705ec2,Anuario de Estudios Medievales,2010,32
journal_2e04fa56f6705ec2,Anuario de Estudios Medievales,2011,29
journal_2e04fa56f6705ec2,Anuario de Estudios Medievales,2012,32
journal_2e04fa56f6705ec2,Anuario de Estudios Medievales,2013,27
journal_2e04fa56f6705ec2,Anuario de Estudios Medievales,2014,27
journal_2e04fa56f6705ec2,Anuario de Estudios Medievales,2015,27
journal_2e04fa56f6705ec2,Anuario de Estudios Medievales,2016,27
journal_2e04fa56f6705ec2,Anuario de Estudios Medievales,2017,28
journal_2e04fa56f6705ec2,Anuario de Estudios Medievales,2018,29
journal_2e04fa56f6705ec2,Anuario de Estudios Medievales,2019,28
journal_2e04fa56f6705ec2,Anuario de Estudios Medievales,2020,28
journal_2e04fa56f6705ec2,Anuario de Estudios Medievales,2021,32
journal_2e04fa56f6705ec2,Anuario de Estudios Medievales,2022,33
journal_2e04fa56f6705ec2,Anuario de Estudios Medievales,2023,37
journal_2e04fa56f6705ec2,Anuario de Estudios Medievales,2024,58
journal_2e04fa56f6705ec2,Anuario de Estudios Medievales,2025,58
journal_2e04fa56f6705ec2,Anuario de Estudios Medievales,2026,20
journal_2e0fda8be73ce644,Historiallinen Aikakauskirja,1903,27
journal_2e0fda8be73ce644,Historiallinen Aikakauskirja,1904,37
journal_2e0fda8be73ce644,Historiallinen Aikakauskirja,1905,47
journal_2e0fda8be73ce644,Historiallinen Aikakauskirja,1906,36
journal_2e0fda8be73ce644,Historiallinen Aikakauskirja,1907,43
journal_2e0fda8be73ce644,Historiallinen Aikakauskirja,1908,45
journal_2e0fda8be73ce644,Historiallinen Aikakauskirja,1909,38
journal_2e0fda8be73ce644,Historiallinen Aikakauskirja,1910,40
journal_2e0fda8be73ce644,Historiallinen Aikakauskirja,1911,75
journal_2e0fda8be73ce644,Historiallinen Aikakauskirja,1912,100
journal_2e0fda8be73ce644,Historiallinen Aikakauskirja,1913,80
journal_2e0fda8be73ce644,Historiallinen Aikakauskirja,1914,109
journal_2e0fda8be73ce644,Historiallinen Aikakauskirja,1915,90
journal_2e0fda8be73ce644,Historiallinen Aikakauskirja,1916,82
journal_2e0fda8be73ce644,Historiallinen Aikakauskirja,1917,72
journal_2e0fda8be73ce644,Historiallinen Aikakauskirja,1918,21
journal_2e0fda8be73ce644,Historiallinen Aikakauskirja,1919,42
journal_2e0fda8be73ce644,Historiallinen Aikakauskirja,1920,46
journal_2e0fda8be73ce644,Historiallinen Aikakauskirja,1921,49
journal_2e0fda8be73ce644,Historiallinen Aikakauskirja,1922,45
journal_2e0fda8be73ce644,Historiallinen Aikakauskirja,1923,58
journal_2e0fda8be73ce644,Historiallinen Aikakauskirja,1924,56
journal_2e0fda8be73ce644,Historiallinen Aikakauskirja,1925,54
journal_2e0fda8be73ce644,Historiallinen Aikakauskirja,1926,66
journal_2e0fda8be73ce644,Historiallinen Aikakauskirja,1927,69
journal_2e0fda8be73ce644,Historiallinen Aikakauskirja,1928,66
journal_2e0fda8be73ce644,Historiallinen Aikakauskirja,1929,58
journal_2e0fda8be73ce644,Historiallinen Aikakauskirja,1930,59
journal_2e0fda8be73ce644,Historiallinen Aikakauskirja,1931,52
journal_2e0fda8be73ce644,Historiallinen Aikakauskirja,1932,55
journal_2e0fda8be73ce644,Historiallinen Aikakauskirja,1933,59
journal_2e0fda8be73ce644,Historiallinen Aikakauskirja,1934,67
journal_2e0fda8be73ce644,Historiallinen Aikakauskirja,1935,55
journal_2e0fda8be73ce644,Historiallinen Aikakauskirja,1936,46
journal_2e0fda8be73ce644,Historiallinen Aikakauskirja,1937,65
journal_2e0fda8be73ce644,Historiallinen Aikakauskirja,1938,59
journal_2e0fda8be73ce644,Historiallinen Aikakauskirja,1939,50
journal_2e0fda8be73ce644,Historiallinen Aikakauskirja,1940,56
journal_2e0fda8be73ce644,Historiallinen Aikakauskirja,1941,43
journal_2e0fda8be73ce644,Historiallinen Aikakauskirja,1942,39
journal_2e0fda8be73ce644,Historiallinen Aikakauskirja,1943,52
journal_2e0fda8be73ce644,Historiallinen Aikakauskirja,1944,42
journal_2e0fda8be73ce644,Historiallinen Aikakauskirja,1945,58
journal_2e0fda8be73ce644,Historiallinen Aikakauskirja,1946,48
journal_2e0fda8be73ce644,Historiallinen Aikakauskirja,1947,42
journal_2e0fda8be73ce644,Historiallinen Aikakauskirja,1948,50
journal_2e0fda8be73ce644,Historiallinen Aikakauskirja,1949,69
journal_2e0fda8be73ce644,Historiallinen Aikakauskirja,1950,57
journal_2e0fda8be73ce644,Historiallinen Aikakauskirja,1951,54
journal_2e0fda8be73ce644,Historiallinen Aikakauskirja,1952,46
journal_2e0fda8be73ce644,Historiallinen Aikakauskirja,1953,46
journal_2e0fda8be73ce644,Historiallinen Aikakauskirja,1954,41
journal_2e0fda8be73ce644,Historiallinen Aikakauskirja,1955,51
journal_2e0fda8be73ce644,Historiallinen Aikakauskirja,1956,67
journal_2e0fda8be73ce644,Historiallinen Aikakauskirja,1957,78
journal_2e0fda8be73ce644,Historiallinen Aikakauskirja,1958,77
journal_2e0fda8be73ce644,Historiallinen Aikakauskirja,1959,108
journal_2e0fda8be73ce644,Historiallinen Aikakauskirja,1960,108
journal_2e0fda8be73ce644,Historiallinen Aikakauskirja,1961,96
journal_2e0fda8be73ce644,Historiallinen Aikakauskirja,1962,86
journal_2e0fda8be73ce644,Historiallinen Aikakauskirja,1963,86
journal_2e0fda8be73ce644,Historiallinen Aikakauskirja,1964,96
journal_2e0fda8be73ce644,Historiallinen Aikakauskirja,1965,76
journal_2e0fda8be73ce644,Historiallinen Aikakauskirja,1966,80
journal_2e0fda8be73ce644,Historiallinen Aikakauskirja,1967,71
journal_2e0fda8be73ce644,Historiallinen Aikakauskirja,1968,92
journal_2e0fda8be73ce644,Historiallinen Aikakauskirja,1969,98
journal_2e0fda8be73ce644,Historiallinen Aikakauskirja,1970,85
journal_2e0fda8be73ce644,Historiallinen Aikakauskirja,1971,89
journal_2e0fda8be73ce644,Historiallinen Aikakauskirja,1972,81
journal_2e0fda8be73ce644,Historiallinen Aikakauskirja,1973,82
journal_2e0fda8be73ce644,Historiallinen Aikakauskirja,1974,82
journal_2e0fda8be73ce644,Historiallinen Aikakauskirja,1975,70
journal_2e0fda8be73ce644,Historiallinen Aikakauskirja,1976,74
journal_2e0fda8be73ce644,Historiallinen Aikakauskirja,1977,78
journal_2e0fda8be73ce644,Historiallinen Aikakauskirja,1978,70
journal_2e0fda8be73ce644,Historiallinen Aikakauskirja,1979,80
journal_2e0fda8be73ce644,Historiallinen Aikakauskirja,1980,91
journal_2e0fda8be73ce644,Historiallinen Aikakauskirja,1981,93
journal_2e0fda8be73ce644,Historiallinen Aikakauskirja,1982,87
journal_2e0fda8be73ce644,Historiallinen Aikakauskirja,1983,127
journal_2e0fda8be73ce644,Historiallinen Aikakauskirja,1984,126
journal_2e0fda8be73ce644,Historiallinen Aikakauskirja,1985,131
journal_2e0fda8be73ce644,Historiallinen Aikakauskirja,1986,111
journal_2e0fda8be73ce644,Historiallinen Aikakauskirja,1987,125
journal_2e0fda8be73ce644,Historiallinen Aikakauskirja,1988,117
journal_2e0fda8be73ce644,Historiallinen Aikakauskirja,1989,101
journal_2e0fda8be73ce644,Historiallinen Aikakauskirja,1990,94
journal_2e0fda8be73ce644,Historiallinen Aikakauskirja,1991,88
journal_2e0fda8be73ce644,Historiallinen Aikakauskirja,1992,89
journal_2e0fda8be73ce644,Historiallinen Aikakauskirja,1993,99
journal_2e0fda8be73ce644,Historiallinen Aikakauskirja,1994,98
journal_2e0fda8be73ce644,Historiallinen Aikakauskirja,1995,102
journal_2e0fda8be73ce644,Historiallinen Aikakauskirja,1996,96
journal_2e0fda8be73ce644,Historiallinen Aikakauskirja,1997,81
journal_2e0fda8be73ce644,Historiallinen Aikakauskirja,1998,87
journal_2e0fda8be73ce644,Historiallinen Aikakauskirja,1999,76
journal_2e0fda8be73ce644,Historiallinen Aikakauskirja,2000,85
journal_2e0fda8be73ce644,Historiallinen Aikakauskirja,2001,95
journal_2e0fda8be73ce644,Historiallinen Aikakauskirja,2002,90
journal_2e0fda8be73ce644,Historiallinen Aikakauskirja,2003,93
journal_2e0fda8be73ce644,Historiallinen Aikakauskirja,2004,95
journal_2e0fda8be73ce644,Historiallinen Aikakauskirja,2005,84
journal_2e0fda8be73ce644,Historiallinen Aikakauskirja,2006,104
journal_2e0fda8be73ce644,Historiallinen Aikakauskirja,2007,111
journal_2e0fda8be73ce644,Historiallinen Aikakauskirja,2008,91
journal_2e0fda8be73ce644,Historiallinen Aikakauskirja,2009,92
journal_2e0fda8be73ce644,Historiallinen Aikakauskirja,2010,101
journal_2e0fda8be73ce644,Historiallinen Aikakauskirja,2011,95
journal_2e0fda8be73ce644,Historiallinen Aikakauskirja,2012,109
journal_2e0fda8be73ce644,Historiallinen Aikakauskirja,2013,119
journal_2e0fda8be73ce644,Historiallinen Aikakauskirja,2014,105
journal_2e0fda8be73ce644,Historiallinen Aikakauskirja,2015,97
journal_2e0fda8be73ce644,Historiallinen Aikakauskirja,2016,103
journal_2e0fda8be73ce644,Historiallinen Aikakauskirja,2017,99
journal_2e0fda8be73ce644,Historiallinen Aikakauskirja,2018,97
journal_2e0fda8be73ce644,Historiallinen Aikakauskirja,2019,94
journal_2e0fda8be73ce644,Historiallinen Aikakauskirja,2020,99
journal_2e0fda8be73ce644,Historiallinen Aikakauskirja,2021,80
journal_2e0fda8be73ce644,Historiallinen Aikakauskirja,2022,71
journal_2e0fda8be73ce644,Historiallinen Aikakauskirja,2024,59
journal_2e0fda8be73ce644,Historiallinen Aikakauskirja,2025,73
journal_2e3ccb52f5b36377,History of Retailing and Consumption,2015,17
journal_2e3ccb52f5b36377,History of Retailing and Consumption,2016,15
journal_2e3ccb52f5b36377,History of Retailing and Consumption,2017,13
journal_2e3ccb52f5b36377,History of Retailing and Consumption,2018,16
journal_2e3ccb52f5b36377,History of Retailing and Consumption,2019,17
journal_2e3ccb52f5b36377,History of Retailing and Consumption,2020,12
journal_2e3ccb52f5b36377,History of Retailing and Consumption,2021,17
journal_2e3ccb52f5b36377,History of Retailing and Consumption,2022,17
journal_2e3ccb52f5b36377,History of Retailing and Consumption,2023,20
journal_2e3ccb52f5b36377,History of Retailing and Consumption,2024,13
journal_2e3ccb52f5b36377,History of Retailing and Consumption,2025,13
journal_2e3ccb52f5b36377,History of Retailing and Consumption,2026,6
journal_2e6e57ae34ea1b42,Historia 396,2022,24
journal_2e6e57ae34ea1b42,Historia 396,2023,31
journal_2e6e57ae34ea1b42,Historia 396,2024,45
journal_2e6e57ae34ea1b42,Historia 396,2025,27
journal_2e6e57ae34ea1b42,Historia 396,2026,27
journal_2f149169331d4289,Edad Media. Revista de Historia,2014,1
journal_2f149169331d4289,Edad Media. Revista de Historia,2017,30
journal_2f149169331d4289,Edad Media. Revista de Historia,2018,33
journal_2f149169331d4289,Edad Media. Revista de Historia,2019,36
journal_2f149169331d4289,Edad Media. Revista de Historia,2020,43
journal_2f149169331d4289,Edad Media. Revista de Historia,2021,37
journal_2f149169331d4289,Edad Media. Revista de Historia,2022,32
journal_2f149169331d4289,Edad Media. Revista de Historia,2023,45
journal_2f149169331d4289,Edad Media. Revista de Historia,2024,37
journal_2f149169331d4289,Edad Media. Revista de Historia,2025,35
journal_2f149169331d4289,Edad Media. Revista de Historia,2026,35
journal_301d620d70ac04c6,Acta Historica Tallinnensia,1997,8
journal_301d620d70ac04c6,Acta Historica Tallinnensia,1998,5
journal_301d620d70ac04c6,Acta Historica Tallinnensia,1999,9
journal_301d620d70ac04c6,Acta Historica Tallinnensia,2000,7
journal_301d620d70ac04c6,Acta Historica Tallinnensia,2001,9
journal_301d620d70ac04c6,Acta Historica Tallinnensia,2002,11
journal_301d620d70ac04c6,Acta Historica Tallinnensia,2003,8
journal_301d620d70ac04c6,Acta Historica Tallinnensia,2004,7
journal_301d620d70ac04c6,Acta Historica Tallinnensia,2005,10
journal_301d620d70ac04c6,Acta Historica Tallinnensia,2006,10
journal_301d620d70ac04c6,Acta Historica Tallinnensia,2007,8
journal_301d620d70ac04c6,Acta Historica Tallinnensia,2008,13
journal_301d620d70ac04c6,Acta Historica Tallinnensia,2009,6
journal_301d620d70ac04c6,Acta Historica Tallinnensia,2010,9
journal_301d620d70ac04c6,Acta Historica Tallinnensia,2011,16
journal_301d620d70ac04c6,Acta Historica Tallinnensia,2012,6
journal_301d620d70ac04c6,Acta Historica Tallinnensia,2013,6
journal_301d620d70ac04c6,Acta Historica Tallinnensia,2014,6
journal_301d620d70ac04c6,Acta Historica Tallinnensia,2015,5
journal_301d620d70ac04c6,Acta Historica Tallinnensia,2016,6
journal_301d620d70ac04c6,Acta Historica Tallinnensia,2017,7
journal_301d620d70ac04c6,Acta Historica Tallinnensia,2018,6
journal_301d620d70ac04c6,Acta Historica Tallinnensia,2019,7
journal_301d620d70ac04c6,Acta Historica Tallinnensia,2020,9
journal_301d620d70ac04c6,Acta Historica Tallinnensia,2021,12
journal_301d620d70ac04c6,Acta Historica Tallinnensia,2022,12
journal_301d620d70ac04c6,Acta Historica Tallinnensia,2023,9
journal_301d620d70ac04c6,Acta Historica Tallinnensia,2024,11
journal_301d620d70ac04c6,Acta Historica Tallinnensia,2025,9
journal_301d620d70ac04c6,Acta Historica Tallinnensia,2026,4
journal_30f867b31cdf447a,Parliamentary History,1982,16
journal_30f867b31cdf447a,Parliamentary History,1983,14
journal_30f867b31cdf447a,Parliamentary History,1984,15
journal_30f867b31cdf447a,Parliamentary History,1985,16
journal_30f867b31cdf447a,Parliamentary History,1986,14
journal_30f867b31cdf447a,Parliamentary History,1987,23
journal_30f867b31cdf447a,Parliamentary History,1988,26
journal_30f867b31cdf447a,Parliamentary History,1989,23
journal_30f867b31cdf447a,Parliamentary History,1990,22
journal_30f867b31cdf447a,Parliamentary History,1991,25
journal_30f867b31cdf447a,Parliamentary History,1992,19
journal_30f867b31cdf447a,Parliamentary History,1993,29
journal_30f867b31cdf447a,Parliamentary History,1994,25
journal_30f867b31cdf447a,Parliamentary History,1995,23
journal_30f867b31cdf447a,Parliamentary History,1996,31
journal_30f867b31cdf447a,Parliamentary History,1997,24
journal_30f867b31cdf447a,Parliamentary History,1998,28
journal_30f867b31cdf447a,Parliamentary History,1999,21
journal_30f867b31cdf447a,Parliamentary History,2000,25
journal_30f867b31cdf447a,Parliamentary History,2001,20
journal_30f867b31cdf447a,Parliamentary History,2002,24
journal_30f867b31cdf447a,Parliamentary History,2003,22
journal_30f867b31cdf447a,Parliamentary History,2004,25
journal_30f867b31cdf447a,Parliamentary History,2005,21
journal_30f867b31cdf447a,Parliamentary History,2006,18
journal_30f867b31cdf447a,Parliamentary History,2007,40
journal_30f867b31cdf447a,Parliamentary History,2008,120
journal_30f867b31cdf447a,Parliamentary History,2009,95
journal_30f867b31cdf447a,Parliamentary History,2010,101
journal_30f867b31cdf447a,Parliamentary History,2011,96
journal_30f867b31cdf447a,Parliamentary History,2012,98
journal_30f867b31cdf447a,Parliamentary History,2013,69
journal_30f867b31cdf447a,Parliamentary History,2014,73
journal_30f867b31cdf447a,Parliamentary History,2015,68
journal_30f867b31cdf447a,Parliamentary History,2016,77
journal_30f867b31cdf447a,Parliamentary History,2017,66
journal_30f867b31cdf447a,Parliamentary History,2018,71
journal_30f867b31cdf447a,Parliamentary History,2019,64
journal_30f867b31cdf447a,Parliamentary History,2020,64
journal_30f867b31cdf447a,Parliamentary History,2021,66
journal_30f867b31cdf447a,Parliamentary History,2022,69
journal_30f867b31cdf447a,Parliamentary History,2023,56
journal_30f867b31cdf447a,Parliamentary History,2024,57
journal_30f867b31cdf447a,Parliamentary History,2025,51
journal_30f867b31cdf447a,Parliamentary History,2026,30
journal_31e5d822b53d053f,American Journal of Legal History,1957,8
journal_31e5d822b53d053f,American Journal of Legal History,1958,5
journal_31e5d822b53d053f,American Journal of Legal History,1959,3
journal_31e5d822b53d053f,American Journal of Legal History,1960,4
journal_31e5d822b53d053f,American Journal of Legal History,1962,2
journal_31e5d822b53d053f,American Journal of Legal History,1963,11
journal_31e5d822b53d053f,American Journal of Legal History,1966,10
journal_31e5d822b53d053f,American Journal of Legal History,1967,12
journal_31e5d822b53d053f,American Journal of Legal History,1969,2
journal_31e5d822b53d053f,American Journal of Legal History,1970,8
journal_31e5d822b53d053f,American Journal of Legal History,1971,12
journal_31e5d822b53d053f,American Journal of Legal History,1972,16
journal_31e5d822b53d053f,American Journal of Legal History,1973,13
journal_31e5d822b53d053f,American Journal of Legal History,1976,9
journal_31e5d822b53d053f,American Journal of Legal History,1979,13
journal_31e5d822b53d053f,American Journal of Legal History,1980,9
journal_31e5d822b53d053f,American Journal of Legal History,1981,16
journal_31e5d822b53d053f,American Journal of Legal History,1982,4
journal_31e5d822b53d053f,American Journal of Legal History,1983,4
journal_31e5d822b53d053f,American Journal of Legal History,1984,4
journal_31e5d822b53d053f,American Journal of Legal History,1985,4
journal_31e5d822b53d053f,American Journal of Legal History,1986,5
journal_31e5d822b53d053f,American Journal of Legal History,1987,4
journal_31e5d822b53d053f,American Journal of Legal History,1988,4
journal_31e5d822b53d053f,American Journal of Legal History,1989,4
journal_31e5d822b53d053f,American Journal of Legal History,1990,4
journal_31e5d822b53d053f,American Journal of Legal History,1991,4
journal_31e5d822b53d053f,American Journal of Legal History,1992,5
journal_31e5d822b53d053f,American Journal of Legal History,1993,4
journal_31e5d822b53d053f,American Journal of Legal History,1994,4
journal_31e5d822b53d053f,American Journal of Legal History,1995,4
journal_31e5d822b53d053f,American Journal of Legal History,1996,4
journal_31e5d822b53d053f,American Journal of Legal History,1997,4
journal_31e5d822b53d053f,American Journal of Legal History,1998,4
journal_31e5d822b53d053f,American Journal of Legal History,1999,21
journal_31e5d822b53d053f,American Journal of Legal History,2000,2
journal_31e5d822b53d053f,American Journal of Legal History,2001,4
journal_31e5d822b53d053f,American Journal of Legal History,2004,4
journal_31e5d822b53d053f,American Journal of Legal History,2005,4
journal_31e5d822b53d053f,American Journal of Legal History,2006,5
journal_31e5d822b53d053f,American Journal of Legal History,2007,61
journal_31e5d822b53d053f,American Journal of Legal History,2010,41
journal_31e5d822b53d053f,American Journal of Legal History,2011,26
journal_31e5d822b53d053f,American Journal of Legal History,2012,78
journal_31e5d822b53d053f,American Journal of Legal History,2013,43
journal_31e5d822b53d053f,American Journal of Legal History,2014,15
journal_31e5d822b53d053f,American Journal of Legal History,2015,17
journal_31e5d822b53d053f,American Journal of Legal History,2016,42
journal_31e5d822b53d053f,American Journal of Legal History,2017,38
journal_31e5d822b53d053f,American Journal of Legal History,2018,33
journal_31e5d822b53d053f,American Journal of Legal History,2019,29
journal_31e5d822b53d053f,American Journal of Legal History,2020,31
journal_31e5d822b53d053f,American Journal of Legal History,2021,29
journal_31e5d822b53d053f,American Journal of Legal History,2022,24
journal_31e5d822b53d053f,American Journal of Legal History,2023,28
journal_31e5d822b53d053f,American Journal of Legal History,2024,22
journal_31e5d822b53d053f,American Journal of Legal History,2025,7
journal_31e5d822b53d053f,The American Journal of Legal History,1957,28
journal_31e5d822b53d053f,The American Journal of Legal History,1958,28
journal_31e5d822b53d053f,The American Journal of Legal History,1959,33
journal_31e5d822b53d053f,The American Journal of Legal History,1960,39
journal_31e5d822b53d053f,The American Journal of Legal History,1961,38
journal_31e5d822b53d053f,The American Journal of Legal History,1962,37
journal_31e5d822b53d053f,The American Journal of Legal History,1963,26
journal_31e5d822b53d053f,The American Journal of Legal History,1964,35
journal_31e5d822b53d053f,The American Journal of Legal History,1965,35
journal_31e5d822b53d053f,The American Journal of Legal History,1966,22
journal_31e5d822b53d053f,The American Journal of Legal History,1967,24
journal_31e5d822b53d053f,The American Journal of Legal History,1968,24
journal_31e5d822b53d053f,The American Journal of Legal History,1969,31
journal_31e5d822b53d053f,The American Journal of Legal History,1970,26
journal_31e5d822b53d053f,The American Journal of Legal History,1971,36
journal_31e5d822b53d053f,The American Journal of Legal History,1972,32
journal_31e5d822b53d053f,The American Journal of Legal History,1973,30
journal_31e5d822b53d053f,The American Journal of Legal History,1974,36
journal_31e5d822b53d053f,The American Journal of Legal History,1975,37
journal_31e5d822b53d053f,The American Journal of Legal History,1976,24
journal_31e5d822b53d053f,The American Journal of Legal History,1977,38
journal_31e5d822b53d053f,The American Journal of Legal History,1978,52
journal_31e5d822b53d053f,The American Journal of Legal History,1979,26
journal_31e5d822b53d053f,The American Journal of Legal History,1980,24
journal_31e5d822b53d053f,The American Journal of Legal History,1981,37
journal_31e5d822b53d053f,The American Journal of Legal History,1982,59
journal_31e5d822b53d053f,The American Journal of Legal History,1983,36
journal_31e5d822b53d053f,The American Journal of Legal History,1984,37
journal_31e5d822b53d053f,The American Journal of Legal History,1985,40
journal_31e5d822b53d053f,The American Journal of Legal History,1986,39
journal_31e5d822b53d053f,The American Journal of Legal History,1987,36
journal_31e5d822b53d053f,The American Journal of Legal History,1988,21
journal_31e5d822b53d053f,The American Journal of Legal History,1989,50
journal_31e5d822b53d053f,The American Journal of Legal History,1990,72
journal_31e5d822b53d053f,The American Journal of Legal History,1991,43
journal_31e5d822b53d053f,The American Journal of Legal History,1992,52
journal_31e5d822b53d053f,The American Journal of Legal History,1993,72
journal_31e5d822b53d053f,The American Journal of Legal History,1994,51
journal_31e5d822b53d053f,The American Journal of Legal History,1995,75
journal_31e5d822b53d053f,The American Journal of Legal History,1996,59
journal_31e5d822b53d053f,The American Journal of Legal History,1997,83
journal_31e5d822b53d053f,The American Journal of Legal History,1998,131
journal_31e5d822b53d053f,The American Journal of Legal History,1999,60
journal_31e5d822b53d053f,The American Journal of Legal History,2000,136
journal_31e5d822b53d053f,The American Journal of Legal History,2001,59
journal_31e5d822b53d053f,The American Journal of Legal History,2004,40
journal_31e5d822b53d053f,The American Journal of Legal History,2005,67
journal_31e5d822b53d053f,The American Journal of Legal History,2006,58
journal_321a8cfc8ab54ea0,Contemporary European History,1992,39
journal_321a8cfc8ab54ea0,Contemporary European History,1993,34
journal_321a8cfc8ab54ea0,Contemporary European History,1994,40
journal_321a8cfc8ab54ea0,Contemporary European History,1995,39
journal_321a8cfc8ab54ea0,Contemporary European History,1996,41
journal_321a8cfc8ab54ea0,Contemporary European History,1997,37
journal_321a8cfc8ab54ea0,Contemporary European History,1998,38
journal_321a8cfc8ab54ea0,Contemporary European History,1999,35
journal_321a8cfc8ab54ea0,Contemporary European History,2000,35
journal_321a8cfc8ab54ea0,Contemporary European History,2001,35
journal_321a8cfc8ab54ea0,Contemporary European History,2002,48
journal_321a8cfc8ab54ea0,Contemporary European History,2003,40
journal_321a8cfc8ab54ea0,Contemporary European History,2004,38
journal_321a8cfc8ab54ea0,Contemporary European History,2005,39
journal_321a8cfc8ab54ea0,Contemporary European History,2006,34
journal_321a8cfc8ab54ea0,Contemporary European History,2007,36
journal_321a8cfc8ab54ea0,Contemporary European History,2008,34
journal_321a8cfc8ab54ea0,Contemporary European History,2009,51
journal_321a8cfc8ab54ea0,Contemporary European History,2010,36
journal_321a8cfc8ab54ea0,Contemporary European History,2011,39
journal_321a8cfc8ab54ea0,Contemporary European History,2012,47
journal_321a8cfc8ab54ea0,Contemporary European History,2013,38
journal_321a8cfc8ab54ea0,Contemporary European History,2014,41
journal_321a8cfc8ab54ea0,Contemporary European History,2015,43
journal_321a8cfc8ab54ea0,Contemporary European History,2016,64
journal_321a8cfc8ab54ea0,Contemporary European History,2017,40
journal_321a8cfc8ab54ea0,Contemporary European History,2018,59
journal_321a8cfc8ab54ea0,Contemporary European History,2019,63
journal_321a8cfc8ab54ea0,Contemporary European History,2020,49
journal_321a8cfc8ab54ea0,Contemporary European History,2021,59
journal_321a8cfc8ab54ea0,Contemporary European History,2022,108
journal_321a8cfc8ab54ea0,Contemporary European History,2023,86
journal_321a8cfc8ab54ea0,Contemporary European History,2024,42
journal_321a8cfc8ab54ea0,Contemporary European History,2025,113
journal_321a8cfc8ab54ea0,Contemporary European History,2026,64
journal_3261cd2551a8f4ca,Journal of American Ethnic History,1999,37
journal_3261cd2551a8f4ca,Journal of American Ethnic History,2000,119
journal_3261cd2551a8f4ca,Journal of American Ethnic History,2001,124
journal_3261cd2551a8f4ca,Journal of American Ethnic History,2002,147
journal_3261cd2551a8f4ca,Journal of American Ethnic History,2003,129
journal_3261cd2551a8f4ca,Journal of American Ethnic History,2004,132
journal_3261cd2551a8f4ca,Journal of American Ethnic History,2005,112
journal_3261cd2551a8f4ca,Journal of American Ethnic History,2006,109
journal_3261cd2551a8f4ca,Journal of American Ethnic History,2007,107
journal_3261cd2551a8f4ca,Journal of American Ethnic History,2008,73
journal_3261cd2551a8f4ca,Journal of American Ethnic History,2009,105
journal_3261cd2551a8f4ca,Journal of American Ethnic History,2010,125
journal_3261cd2551a8f4ca,Journal of American Ethnic History,2011,140
journal_3261cd2551a8f4ca,Journal of American Ethnic History,2012,147
journal_3261cd2551a8f4ca,Journal of American Ethnic History,2013,138
journal_3261cd2551a8f4ca,Journal of American Ethnic History,2014,94
journal_3261cd2551a8f4ca,Journal of American Ethnic History,2015,69
journal_3261cd2551a8f4ca,Journal of American Ethnic History,2016,91
journal_3261cd2551a8f4ca,Journal of American Ethnic History,2017,127
journal_3261cd2551a8f4ca,Journal of American Ethnic History,2018,104
journal_3261cd2551a8f4ca,Journal of American Ethnic History,2019,87
journal_3261cd2551a8f4ca,Journal of American Ethnic History,2020,76
journal_3261cd2551a8f4ca,Journal of American Ethnic History,2021,67
journal_3261cd2551a8f4ca,Journal of American Ethnic History,2022,52
journal_3261cd2551a8f4ca,Journal of American Ethnic History,2023,38
journal_3261cd2551a8f4ca,Journal of American Ethnic History,2024,54
journal_3261cd2551a8f4ca,Journal of American Ethnic History,2025,56
journal_3261cd2551a8f4ca,Journal of American Ethnic History,2026,61
journal_34e0333c4604a050,History of Political Economy,1969,23
journal_34e0333c4604a050,History of Political Economy,1970,20
journal_34e0333c4604a050,History of Political Economy,1971,26
journal_34e0333c4604a050,History of Political Economy,1972,30
journal_34e0333c4604a050,History of Political Economy,1973,26
journal_34e0333c4604a050,History of Political Economy,1974,31
journal_34e0333c4604a050,History of Political Economy,1975,43
journal_34e0333c4604a050,History of Political Economy,1976,51
journal_34e0333c4604a050,History of Political Economy,1977,60
journal_34e0333c4604a050,History of Political Economy,1978,56
journal_34e0333c4604a050,History of Political Economy,1979,47
journal_34e0333c4604a050,History of Political Economy,1980,62
journal_34e0333c4604a050,History of Political Economy,1981,54
journal_34e0333c4604a050,History of Political Economy,1982,62
journal_34e0333c4604a050,History of Political Economy,1983,56
journal_34e0333c4604a050,History of Political Economy,1984,58
journal_34e0333c4604a050,History of Political Economy,1985,71
journal_34e0333c4604a050,History of Political Economy,1986,73
journal_34e0333c4604a050,History of Political Economy,1987,54
journal_34e0333c4604a050,History of Political Economy,1988,65
journal_34e0333c4604a050,History of Political Economy,1989,64
journal_34e0333c4604a050,History of Political Economy,1990,71
journal_34e0333c4604a050,History of Political Economy,1991,65
journal_34e0333c4604a050,History of Political Economy,1992,92
journal_34e0333c4604a050,History of Political Economy,1993,77
journal_34e0333c4604a050,History of Political Economy,1994,81
journal_34e0333c4604a050,History of Political Economy,1995,75
journal_34e0333c4604a050,History of Political Economy,1996,72
journal_34e0333c4604a050,History of Political Economy,1997,60
journal_34e0333c4604a050,History of Political Economy,1998,48
journal_34e0333c4604a050,History of Political Economy,1999,78
journal_34e0333c4604a050,History of Political Economy,2000,102
journal_34e0333c4604a050,History of Political Economy,2001,75
journal_34e0333c4604a050,History of Political Economy,2002,74
journal_34e0333c4604a050,History of Political Economy,2003,91
journal_34e0333c4604a050,History of Political Economy,2004,62
journal_34e0333c4604a050,History of Political Economy,2005,73
journal_34e0333c4604a050,History of Political Economy,2006,61
journal_34e0333c4604a050,History of Political Economy,2007,77
journal_34e0333c4604a050,History of Political Economy,2008,66
journal_34e0333c4604a050,History of Political Economy,2009,63
journal_34e0333c4604a050,History of Political Economy,2010,63
journal_34e0333c4604a050,History of Political Economy,2011,65
journal_34e0333c4604a050,History of Political Economy,2012,79
journal_34e0333c4604a050,History of Political Economy,2013,62
journal_34e0333c4604a050,History of Political Economy,2014,65
journal_34e0333c4604a050,History of Political Economy,2015,52
journal_34e0333c4604a050,History of Political Economy,2016,48
journal_34e0333c4604a050,History of Political Economy,2017,48
journal_34e0333c4604a050,History of Political Economy,2018,58
journal_34e0333c4604a050,History of Political Economy,2019,80
journal_34e0333c4604a050,History of Political Economy,2020,66
journal_34e0333c4604a050,History of Political Economy,2021,66
journal_34e0333c4604a050,History of Political Economy,2022,91
journal_34e0333c4604a050,History of Political Economy,2023,59
journal_34e0333c4604a050,History of Political Economy,2024,48
journal_34e0333c4604a050,History of Political Economy,2025,58
journal_34e0333c4604a050,History of Political Economy,2026,62
journal_366b2c11ffcdece3,History of Political Thought,2023,14
journal_366b2c11ffcdece3,History of Political Thought,2024,30
journal_366b2c11ffcdece3,History of Political Thought,2025,30
journal_366b2c11ffcdece3,History of Political Thought,2026,13
journal_38e479e715d9523d,Technology and Culture,1959,13
journal_38e479e715d9523d,Technology and Culture,1960,56
journal_38e479e715d9523d,Technology and Culture,1961,113
journal_38e479e715d9523d,Technology and Culture,1962,111
journal_38e479e715d9523d,Technology and Culture,1963,102
journal_38e479e715d9523d,Technology and Culture,1964,135
journal_38e479e715d9523d,Technology and Culture,1965,169
journal_38e479e715d9523d,Technology and Culture,1966,149
journal_38e479e715d9523d,Technology and Culture,1967,127
journal_38e479e715d9523d,Technology and Culture,1968,147
journal_38e479e715d9523d,Technology and Culture,1969,254
journal_38e479e715d9523d,Technology and Culture,1970,283
journal_38e479e715d9523d,Technology and Culture,1971,245
journal_38e479e715d9523d,Technology and Culture,1972,150
journal_38e479e715d9523d,Technology and Culture,1973,179
journal_38e479e715d9523d,Technology and Culture,1974,160
journal_38e479e715d9523d,Technology and Culture,1975,158
journal_38e479e715d9523d,Technology and Culture,1976,207
journal_38e479e715d9523d,Technology and Culture,1977,180
journal_38e479e715d9523d,Technology and Culture,1978,192
journal_38e479e715d9523d,Technology and Culture,1979,161
journal_38e479e715d9523d,Technology and Culture,1980,180
journal_38e479e715d9523d,Technology and Culture,1981,196
journal_38e479e715d9523d,Technology and Culture,1982,163
journal_38e479e715d9523d,Technology and Culture,1983,160
journal_38e479e715d9523d,Technology and Culture,1984,179
journal_38e479e715d9523d,Technology and Culture,1985,175
journal_38e479e715d9523d,Technology and Culture,1986,191
journal_38e479e715d9523d,Technology and Culture,1987,199
journal_38e479e715d9523d,Technology and Culture,1988,362
journal_38e479e715d9523d,Technology and Culture,1989,354
journal_38e479e715d9523d,Technology and Culture,1990,353
journal_38e479e715d9523d,Technology and Culture,1991,352
journal_38e479e715d9523d,Technology and Culture,1992,375
journal_38e479e715d9523d,Technology and Culture,1993,330
journal_38e479e715d9523d,Technology and Culture,1994,282
journal_38e479e715d9523d,Technology and Culture,1995,306
journal_38e479e715d9523d,Technology and Culture,1996,269
journal_38e479e715d9523d,Technology and Culture,1997,322
journal_38e479e715d9523d,Technology and Culture,1998,347
journal_38e479e715d9523d,Technology and Culture,1999,197
journal_38e479e715d9523d,Technology and Culture,2000,186
journal_38e479e715d9523d,Technology and Culture,2001,197
journal_38e479e715d9523d,Technology and Culture,2002,196
journal_38e479e715d9523d,Technology and Culture,2003,187
journal_38e479e715d9523d,Technology and Culture,2004,210
journal_38e479e715d9523d,Technology and Culture,2005,207
journal_38e479e715d9523d,Technology and Culture,2006,211
journal_38e479e715d9523d,Technology and Culture,2007,193
journal_38e479e715d9523d,Technology and Culture,2008,189
journal_38e479e715d9523d,Technology and Culture,2009,193
journal_38e479e715d9523d,Technology and Culture,2010,172
journal_38e479e715d9523d,Technology and Culture,2011,167
journal_38e479e715d9523d,Technology and Culture,2012,161
journal_38e479e715d9523d,Technology and Culture,2013,146
journal_38e479e715d9523d,Technology and Culture,2014,134
journal_38e479e715d9523d,Technology and Culture,2015,142
journal_38e479e715d9523d,Technology and Culture,2016,145
journal_38e479e715d9523d,Technology and Culture,2017,140
journal_38e479e715d9523d,Technology and Culture,2018,123
journal_38e479e715d9523d,Technology and Culture,2019,124
journal_38e479e715d9523d,Technology and Culture,2020,156
journal_38e479e715d9523d,Technology and Culture,2021,198
journal_38e479e715d9523d,Technology and Culture,2022,206
journal_38e479e715d9523d,Technology and Culture,2023,221
journal_38e479e715d9523d,Technology and Culture,2024,211
journal_38e479e715d9523d,Technology and Culture,2025,200
journal_38e479e715d9523d,Technology and Culture,2026,149
journal_3979fc76be7c4768,Frontiers of History in China,2006,29
journal_3979fc76be7c4768,Frontiers of History in China,2007,30
journal_3979fc76be7c4768,Frontiers of History in China,2008,26
journal_3979fc76be7c4768,Frontiers of History in China,2009,18
journal_3979fc76be7c4768,Frontiers of History in China,2010,29
journal_3979fc76be7c4768,Frontiers of History in China,2011,28
journal_3ad0b129b00ae4ae,Intellectual History Review,2007,23
journal_3ad0b129b00ae4ae,Intellectual History Review,2008,34
journal_3ad0b129b00ae4ae,Intellectual History Review,2009,34
journal_3ad0b129b00ae4ae,Intellectual History Review,2010,72
journal_3ad0b129b00ae4ae,Intellectual History Review,2011,50
journal_3ad0b129b00ae4ae,Intellectual History Review,2012,48
journal_3ad0b129b00ae4ae,Intellectual History Review,2013,62
journal_3ad0b129b00ae4ae,Intellectual History Review,2014,57
journal_3ad0b129b00ae4ae,Intellectual History Review,2015,26
journal_3ad0b129b00ae4ae,Intellectual History Review,2016,54
journal_3ad0b129b00ae4ae,Intellectual History Review,2017,50
journal_3ad0b129b00ae4ae,Intellectual History Review,2018,34
journal_3ad0b129b00ae4ae,Intellectual History Review,2019,56
journal_3ad0b129b00ae4ae,Intellectual History Review,2020,46
journal_3ad0b129b00ae4ae,Intellectual History Review,2021,42
journal_3ad0b129b00ae4ae,Intellectual History Review,2022,54
journal_3ad0b129b00ae4ae,Intellectual History Review,2023,66
journal_3ad0b129b00ae4ae,Intellectual History Review,2024,40
journal_3ad0b129b00ae4ae,Intellectual History Review,2025,48
journal_3ad0b129b00ae4ae,Intellectual History Review,2026,54
journal_3c679fa7ce9ce3b7,Journal of Pacific History,2000,2
journal_3c679fa7ce9ce3b7,Journal of Pacific History,2001,11
journal_3c679fa7ce9ce3b7,The Journal of Pacific History,1966,23
journal_3c679fa7ce9ce3b7,The Journal of Pacific History,1967,23
journal_3c679fa7ce9ce3b7,The Journal of Pacific History,1968,22
journal_3c679fa7ce9ce3b7,The Journal of Pacific History,1969,19
journal_3c679fa7ce9ce3b7,The Journal of Pacific History,1970,17
journal_3c679fa7ce9ce3b7,The Journal of Pacific History,1971,17
journal_3c679fa7ce9ce3b7,The Journal of Pacific History,1972,22
journal_3c679fa7ce9ce3b7,The Journal of Pacific History,1973,23
journal_3c679fa7ce9ce3b7,The Journal of Pacific History,1974,20
journal_3c679fa7ce9ce3b7,The Journal of Pacific History,1975,26
journal_3c679fa7ce9ce3b7,The Journal of Pacific History,1976,23
journal_3c679fa7ce9ce3b7,The Journal of Pacific History,1977,24
journal_3c679fa7ce9ce3b7,The Journal of Pacific History,1978,28
journal_3c679fa7ce9ce3b7,The Journal of Pacific History,1979,23
journal_3c679fa7ce9ce3b7,The Journal of Pacific History,1980,24
journal_3c679fa7ce9ce3b7,The Journal of Pacific History,1981,21
journal_3c679fa7ce9ce3b7,The Journal of Pacific History,1982,24
journal_3c679fa7ce9ce3b7,The Journal of Pacific History,1983,22
journal_3c679fa7ce9ce3b7,The Journal of Pacific History,1984,25
journal_3c679fa7ce9ce3b7,The Journal of Pacific History,1985,23
journal_3c679fa7ce9ce3b7,The Journal of Pacific History,1986,23
journal_3c679fa7ce9ce3b7,The Journal of Pacific History,1987,24
journal_3c679fa7ce9ce3b7,The Journal of Pacific History,1988,26
journal_3c679fa7ce9ce3b7,The Journal of Pacific History,1989,25
journal_3c679fa7ce9ce3b7,The Journal of Pacific History,1990,21
journal_3c679fa7ce9ce3b7,The Journal of Pacific History,1991,44
journal_3c679fa7ce9ce3b7,The Journal of Pacific History,1992,34
journal_3c679fa7ce9ce3b7,The Journal of Pacific History,1993,33
journal_3c679fa7ce9ce3b7,The Journal of Pacific History,1994,25
journal_3c679fa7ce9ce3b7,The Journal of Pacific History,1995,22
journal_3c679fa7ce9ce3b7,The Journal of Pacific History,1996,27
journal_3c679fa7ce9ce3b7,The Journal of Pacific History,1997,31
journal_3c679fa7ce9ce3b7,The Journal of Pacific History,1998,32
journal_3c679fa7ce9ce3b7,The Journal of Pacific History,1999,33
journal_3c679fa7ce9ce3b7,The Journal of Pacific History,2000,25
journal_3c679fa7ce9ce3b7,The Journal of Pacific History,2001,31
journal_3c679fa7ce9ce3b7,The Journal of Pacific History,2002,27
journal_3c679fa7ce9ce3b7,The Journal of Pacific History,2003,32
journal_3c679fa7ce9ce3b7,The Journal of Pacific History,2004,30
journal_3c679fa7ce9ce3b7,The Journal of Pacific History,2005,30
journal_3c679fa7ce9ce3b7,The Journal of Pacific History,2006,33
journal_3c679fa7ce9ce3b7,The Journal of Pacific History,2007,33
journal_3c679fa7ce9ce3b7,The Journal of Pacific History,2008,29
journal_3c679fa7ce9ce3b7,The Journal of Pacific History,2009,27
journal_3c679fa7ce9ce3b7,The Journal of Pacific History,2010,29
journal_3c679fa7ce9ce3b7,The Journal of Pacific History,2011,55
journal_3c679fa7ce9ce3b7,The Journal of Pacific History,2012,62
journal_3c679fa7ce9ce3b7,The Journal of Pacific History,2013,66
journal_3c679fa7ce9ce3b7,The Journal of Pacific History,2014,63
journal_3c679fa7ce9ce3b7,The Journal of Pacific History,2015,69
journal_3c679fa7ce9ce3b7,The Journal of Pacific History,2016,73
journal_3c679fa7ce9ce3b7,The Journal of Pacific History,2017,76
journal_3c679fa7ce9ce3b7,The Journal of Pacific History,2018,67
journal_3c679fa7ce9ce3b7,The Journal of Pacific History,2019,75
journal_3c679fa7ce9ce3b7,The Journal of Pacific History,2020,45
journal_3c679fa7ce9ce3b7,The Journal of Pacific History,2021,47
journal_3c679fa7ce9ce3b7,The Journal of Pacific History,2022,60
journal_3c679fa7ce9ce3b7,The Journal of Pacific History,2023,38
journal_3c679fa7ce9ce3b7,The Journal of Pacific History,2024,40
journal_3c679fa7ce9ce3b7,The Journal of Pacific History,2025,64
journal_3c679fa7ce9ce3b7,The Journal of Pacific History,2026,33
journal_3d173a064b1993c6,Church History and Religious Culture,1971,8
journal_3d173a064b1993c6,Church History and Religious Culture,2006,13
journal_3d173a064b1993c6,Church History and Religious Culture,2007,125
journal_3d173a064b1993c6,Church History and Religious Culture,2008,79
journal_3d173a064b1993c6,Church History and Religious Culture,2009,61
journal_3d173a064b1993c6,Church History and Religious Culture,2010,169
journal_3d173a064b1993c6,Church History and Religious Culture,2011,173
journal_3d173a064b1993c6,Church History and Religious Culture,2012,105
journal_3d173a064b1993c6,Church History and Religious Culture,2013,94
journal_3d173a064b1993c6,Church History and Religious Culture,2014,106
journal_3d173a064b1993c6,Church History and Religious Culture,2015,89
journal_3d173a064b1993c6,Church History and Religious Culture,2016,79
journal_3d173a064b1993c6,Church History and Religious Culture,2017,80
journal_3d173a064b1993c6,Church History and Religious Culture,2018,59
journal_3d173a064b1993c6,Church History and Religious Culture,2019,65
journal_3d173a064b1993c6,Church History and Religious Culture,2020,69
journal_3d173a064b1993c6,Church History and Religious Culture,2021,59
journal_3d173a064b1993c6,Church History and Religious Culture,2022,67
journal_3d173a064b1993c6,Church History and Religious Culture,2023,44
journal_3d173a064b1993c6,Church History and Religious Culture,2024,45
journal_3d173a064b1993c6,Church History and Religious Culture,2025,42
journal_3d173a064b1993c6,Church History and Religious Culture,2026,18
journal_3d33767a76e5aca1,Winterthur Portfolio,1964,20
journal_3d33767a76e5aca1,Winterthur Portfolio,1965,16
journal_3d33767a76e5aca1,Winterthur Portfolio,1967,12
journal_3d33767a76e5aca1,Winterthur Portfolio,1968,17
journal_3d33767a76e5aca1,Winterthur Portfolio,1969,12
journal_3d33767a76e5aca1,Winterthur Portfolio,1970,13
journal_3d33767a76e5aca1,Winterthur Portfolio,1972,12
journal_3d33767a76e5aca1,Winterthur Portfolio,1973,14
journal_3d33767a76e5aca1,Winterthur Portfolio,1974,11
journal_3d33767a76e5aca1,Winterthur Portfolio,1975,12
journal_3d33767a76e5aca1,Winterthur Portfolio,1976,11
journal_3d33767a76e5aca1,Winterthur Portfolio,1977,13
journal_3d33767a76e5aca1,Winterthur Portfolio,1979,83
journal_3d33767a76e5aca1,Winterthur Portfolio,1980,88
journal_3d33767a76e5aca1,Winterthur Portfolio,1981,75
journal_3d33767a76e5aca1,Winterthur Portfolio,1982,60
journal_3d33767a76e5aca1,Winterthur Portfolio,1983,55
journal_3d33767a76e5aca1,Winterthur Portfolio,1984,59
journal_3d33767a76e5aca1,Winterthur Portfolio,1985,58
journal_3d33767a76e5aca1,Winterthur Portfolio,1986,62
journal_3d33767a76e5aca1,Winterthur Portfolio,1987,55
journal_3d33767a76e5aca1,Winterthur Portfolio,1988,53
journal_3d33767a76e5aca1,Winterthur Portfolio,1989,72
journal_3d33767a76e5aca1,Winterthur Portfolio,1990,65
journal_3d33767a76e5aca1,Winterthur Portfolio,1991,60
journal_3d33767a76e5aca1,Winterthur Portfolio,1992,49
journal_3d33767a76e5aca1,Winterthur Portfolio,1993,49
journal_3d33767a76e5aca1,Winterthur Portfolio,1994,51
journal_3d33767a76e5aca1,Winterthur Portfolio,1995,49
journal_3d33767a76e5aca1,Winterthur Portfolio,1996,40
journal_3d33767a76e5aca1,Winterthur Portfolio,1997,44
journal_3d33767a76e5aca1,Winterthur Portfolio,1998,38
journal_3d33767a76e5aca1,Winterthur Portfolio,1999,55
journal_3d33767a76e5aca1,Winterthur Portfolio,2000,43
journal_3d33767a76e5aca1,Winterthur Portfolio,2001,42
journal_3d33767a76e5aca1,Winterthur Portfolio,2002,28
journal_3d33767a76e5aca1,Winterthur Portfolio,2003,37
journal_3d33767a76e5aca1,Winterthur Portfolio,2004,37
journal_3d33767a76e5aca1,Winterthur Portfolio,2005,21
journal_3d33767a76e5aca1,Winterthur Portfolio,2007,38
journal_3d33767a76e5aca1,Winterthur Portfolio,2008,52
journal_3d33767a76e5aca1,Winterthur Portfolio,2009,53
journal_3d33767a76e5aca1,Winterthur Portfolio,2010,42
journal_3d33767a76e5aca1,Winterthur Portfolio,2011,33
journal_3d33767a76e5aca1,Winterthur Portfolio,2012,46
journal_3d33767a76e5aca1,Winterthur Portfolio,2013,42
journal_3d33767a76e5aca1,Winterthur Portfolio,2014,34
journal_3d33767a76e5aca1,Winterthur Portfolio,2015,31
journal_3d33767a76e5aca1,Winterthur Portfolio,2016,48
journal_3d33767a76e5aca1,Winterthur Portfolio,2017,41
journal_3d33767a76e5aca1,Winterthur Portfolio,2018,39
journal_3d33767a76e5aca1,Winterthur Portfolio,2019,41
journal_3d33767a76e5aca1,Winterthur Portfolio,2020,37
journal_3d33767a76e5aca1,Winterthur Portfolio,2021,46
journal_3d33767a76e5aca1,Winterthur Portfolio,2022,36
journal_3d33767a76e5aca1,Winterthur Portfolio,2023,35
journal_3d33767a76e5aca1,Winterthur Portfolio,2024,36
journal_3d33767a76e5aca1,Winterthur Portfolio,2025,33
journal_3d33767a76e5aca1,Winterthur Portfolio,2026,17
journal_3d98833a0d8281f8,PACIFIC HISTORICAL REVIEW,2006,2
journal_3d98833a0d8281f8,Pacific Historical Review,1932,73
journal_3d98833a0d8281f8,Pacific Historical Review,1933,66
journal_3d98833a0d8281f8,Pacific Historical Review,1934,67
journal_3d98833a0d8281f8,Pacific Historical Review,1935,61
journal_3d98833a0d8281f8,Pacific Historical Review,1936,68
journal_3d98833a0d8281f8,Pacific Historical Review,1937,82
journal_3d98833a0d8281f8,Pacific Historical Review,1938,99
journal_3d98833a0d8281f8,Pacific Historical Review,1939,102
journal_3d98833a0d8281f8,Pacific Historical Review,1940,136
journal_3d98833a0d8281f8,Pacific Historical Review,1941,227
journal_3d98833a0d8281f8,Pacific Historical Review,1942,194
journal_3d98833a0d8281f8,Pacific Historical Review,1943,161
journal_3d98833a0d8281f8,Pacific Historical Review,1944,198
journal_3d98833a0d8281f8,Pacific Historical Review,1945,224
journal_3d98833a0d8281f8,Pacific Historical Review,1946,156
journal_3d98833a0d8281f8,Pacific Historical Review,1947,158
journal_3d98833a0d8281f8,Pacific Historical Review,1948,167
journal_3d98833a0d8281f8,Pacific Historical Review,1949,171
journal_3d98833a0d8281f8,Pacific Historical Review,1950,159
journal_3d98833a0d8281f8,Pacific Historical Review,1951,149
journal_3d98833a0d8281f8,Pacific Historical Review,1952,136
journal_3d98833a0d8281f8,Pacific Historical Review,1953,143
journal_3d98833a0d8281f8,Pacific Historical Review,1954,120
journal_3d98833a0d8281f8,Pacific Historical Review,1955,122
journal_3d98833a0d8281f8,Pacific Historical Review,1956,107
journal_3d98833a0d8281f8,Pacific Historical Review,1957,99
journal_3d98833a0d8281f8,Pacific Historical Review,1958,116
journal_3d98833a0d8281f8,Pacific Historical Review,1959,114
journal_3d98833a0d8281f8,Pacific Historical Review,1960,98
journal_3d98833a0d8281f8,Pacific Historical Review,1961,89
journal_3d98833a0d8281f8,Pacific Historical Review,1962,96
journal_3d98833a0d8281f8,Pacific Historical Review,1963,137
journal_3d98833a0d8281f8,Pacific Historical Review,1964,135
journal_3d98833a0d8281f8,Pacific Historical Review,1965,98
journal_3d98833a0d8281f8,Pacific Historical Review,1966,76
journal_3d98833a0d8281f8,Pacific Historical Review,1967,71
journal_3d98833a0d8281f8,Pacific Historical Review,1968,83
journal_3d98833a0d8281f8,Pacific Historical Review,1969,134
journal_3d98833a0d8281f8,Pacific Historical Review,1970,139
journal_3d98833a0d8281f8,Pacific Historical Review,1971,137
journal_3d98833a0d8281f8,Pacific Historical Review,1972,141
journal_3d98833a0d8281f8,Pacific Historical Review,1973,121
journal_3d98833a0d8281f8,Pacific Historical Review,1974,143
journal_3d98833a0d8281f8,Pacific Historical Review,1975,134
journal_3d98833a0d8281f8,Pacific Historical Review,1976,138
journal_3d98833a0d8281f8,Pacific Historical Review,1977,153
journal_3d98833a0d8281f8,Pacific Historical Review,1978,123
journal_3d98833a0d8281f8,Pacific Historical Review,1979,127
journal_3d98833a0d8281f8,Pacific Historical Review,1980,135
journal_3d98833a0d8281f8,Pacific Historical Review,1981,130
journal_3d98833a0d8281f8,Pacific Historical Review,1982,141
journal_3d98833a0d8281f8,Pacific Historical Review,1983,146
journal_3d98833a0d8281f8,Pacific Historical Review,1984,164
journal_3d98833a0d8281f8,Pacific Historical Review,1985,143
journal_3d98833a0d8281f8,Pacific Historical Review,1986,164
journal_3d98833a0d8281f8,Pacific Historical Review,1987,138
journal_3d98833a0d8281f8,Pacific Historical Review,1988,153
journal_3d98833a0d8281f8,Pacific Historical Review,1989,110
journal_3d98833a0d8281f8,Pacific Historical Review,1990,137
journal_3d98833a0d8281f8,Pacific Historical Review,1991,141
journal_3d98833a0d8281f8,Pacific Historical Review,1992,151
journal_3d98833a0d8281f8,Pacific Historical Review,1993,143
journal_3d98833a0d8281f8,Pacific Historical Review,1994,146
journal_3d98833a0d8281f8,Pacific Historical Review,1995,153
journal_3d98833a0d8281f8,Pacific Historical Review,1996,150
journal_3d98833a0d8281f8,Pacific Historical Review,1997,164
journal_3d98833a0d8281f8,Pacific Historical Review,1998,169
journal_3d98833a0d8281f8,Pacific Historical Review,1999,150
journal_3d98833a0d8281f8,Pacific Historical Review,2000,154
journal_3d98833a0d8281f8,Pacific Historical Review,2001,38
journal_3d98833a0d8281f8,Pacific Historical Review,2002,31
journal_3d98833a0d8281f8,Pacific Historical Review,2003,63
journal_3d98833a0d8281f8,Pacific Historical Review,2004,157
journal_3d98833a0d8281f8,Pacific Historical Review,2005,132
journal_3d98833a0d8281f8,Pacific Historical Review,2006,141
journal_3d98833a0d8281f8,Pacific Historical Review,2007,167
journal_3d98833a0d8281f8,Pacific Historical Review,2008,173
journal_3d98833a0d8281f8,Pacific Historical Review,2009,175
journal_3d98833a0d8281f8,Pacific Historical Review,2010,164
journal_3d98833a0d8281f8,Pacific Historical Review,2011,144
journal_3d98833a0d8281f8,Pacific Historical Review,2012,361
journal_3d98833a0d8281f8,Pacific Historical Review,2013,15
journal_3d98833a0d8281f8,Pacific Historical Review,2014,124
journal_3d98833a0d8281f8,Pacific Historical Review,2015,111
journal_3d98833a0d8281f8,Pacific Historical Review,2016,128
journal_3d98833a0d8281f8,Pacific Historical Review,2017,139
journal_3d98833a0d8281f8,Pacific Historical Review,2018,150
journal_3d98833a0d8281f8,Pacific Historical Review,2019,136
journal_3d98833a0d8281f8,Pacific Historical Review,2020,87
journal_3d98833a0d8281f8,Pacific Historical Review,2021,68
journal_3d98833a0d8281f8,Pacific Historical Review,2022,56
journal_3d98833a0d8281f8,Pacific Historical Review,2023,77
journal_3d98833a0d8281f8,Pacific Historical Review,2024,93
journal_3d98833a0d8281f8,Pacific Historical Review,2025,78
journal_3d98833a0d8281f8,Pacific Historical Review,2026,58
journal_3e25012edc96e37a,California History,1925,13
journal_3e25012edc96e37a,California History,1926,13
journal_3e25012edc96e37a,California History,1927,10
journal_3e25012edc96e37a,California History,1928,12
journal_3e25012edc96e37a,California History,1929,16
journal_3e25012edc96e37a,California History,1930,14
journal_3e25012edc96e37a,California History,1931,9
journal_3e25012edc96e37a,California History,1932,12
journal_3e25012edc96e37a,California History,1933,7
journal_3e25012edc96e37a,California History,1934,11
journal_3e25012edc96e37a,California History,1935,10
journal_3e25012edc96e37a,California History,1936,18
journal_3e25012edc96e37a,California History,1937,12
journal_3e25012edc96e37a,California History,1938,13
journal_3e25012edc96e37a,California History,1939,15
journal_3e25012edc96e37a,California History,1940,17
journal_3e25012edc96e37a,California History,1941,12
journal_3e25012edc96e37a,California History,1942,14
journal_3e25012edc96e37a,California History,1943,12
journal_3e25012edc96e37a,California History,1944,12
journal_3e25012edc96e37a,California History,1945,15
journal_3e25012edc96e37a,California History,1946,10
journal_3e25012edc96e37a,California History,1947,19
journal_3e25012edc96e37a,California History,1948,15
journal_3e25012edc96e37a,California History,1949,14
journal_3e25012edc96e37a,California History,1950,12
journal_3e25012edc96e37a,California History,1951,15
journal_3e25012edc96e37a,California History,1952,15
journal_3e25012edc96e37a,California History,1953,15
journal_3e25012edc96e37a,California History,1954,15
journal_3e25012edc96e37a,California History,1955,14
journal_3e25012edc96e37a,California History,1956,10
journal_3e25012edc96e37a,California History,1957,14
journal_3e25012edc96e37a,California History,1958,12
journal_3e25012edc96e37a,California History,1959,17
journal_3e25012edc96e37a,California History,1960,12
journal_3e25012edc96e37a,California History,1961,23
journal_3e25012edc96e37a,California History,1962,24
journal_3e25012edc96e37a,California History,1963,14
journal_3e25012edc96e37a,California History,1964,16
journal_3e25012edc96e37a,California History,1965,16
journal_3e25012edc96e37a,California History,1966,13
journal_3e25012edc96e37a,California History,1967,18
journal_3e25012edc96e37a,California History,1968,7
journal_3e25012edc96e37a,California History,1969,24
journal_3e25012edc96e37a,California History,1970,17
journal_3e25012edc96e37a,California History,1971,17
journal_3e25012edc96e37a,California History,1976,20
journal_3e25012edc96e37a,California History,1977,20
journal_3e25012edc96e37a,California History,1978,69
journal_3e25012edc96e37a,California History,1979,67
journal_3e25012edc96e37a,California History,1980,54
journal_3e25012edc96e37a,California History,1981,64
journal_3e25012edc96e37a,California History,1982,35
journal_3e25012edc96e37a,California History,1983,58
journal_3e25012edc96e37a,California History,1984,81
journal_3e25012edc96e37a,California History,1985,74
journal_3e25012edc96e37a,California History,1986,74
journal_3e25012edc96e37a,California History,1987,64
journal_3e25012edc96e37a,California History,1988,73
journal_3e25012edc96e37a,California History,1989,58
journal_3e25012edc96e37a,California History,1990,77
journal_3e25012edc96e37a,California History,1991,73
journal_3e25012edc96e37a,California History,1992,75
journal_3e25012edc96e37a,California History,1993,68
journal_3e25012edc96e37a,California History,1994,66
journal_3e25012edc96e37a,California History,1995,83
journal_3e25012edc96e37a,California History,1996,76
journal_3e25012edc96e37a,California History,1997,53
journal_3e25012edc96e37a,California History,1998,62
journal_3e25012edc96e37a,California History,1999,71
journal_3e25012edc96e37a,California History,2000,69
journal_3e25012edc96e37a,California History,2001,43
journal_3e25012edc96e37a,California History,2002,26
journal_3e25012edc96e37a,California History,2003,13
journal_3e25012edc96e37a,California History,2004,46
journal_3e25012edc96e37a,California History,2005,54
journal_3e25012edc96e37a,California History,2006,68
journal_3e25012edc96e37a,California History,2007,47
journal_3e25012edc96e37a,California History,2008,59
journal_3e25012edc96e37a,California History,2009,59
journal_3e25012edc96e37a,California History,2010,69
journal_3e25012edc96e37a,California History,2011,62
journal_3e25012edc96e37a,California History,2012,58
journal_3e25012edc96e37a,California History,2013,19
journal_3e25012edc96e37a,California History,2014,52
journal_3e25012edc96e37a,California History,2015,34
journal_3e25012edc96e37a,California History,2016,28
journal_3e25012edc96e37a,California History,2017,32
journal_3e25012edc96e37a,California History,2018,34
journal_3e25012edc96e37a,California History,2019,80
journal_3e25012edc96e37a,California History,2020,59
journal_3e25012edc96e37a,California History,2021,60
journal_3e25012edc96e37a,California History,2022,63
journal_3e25012edc96e37a,California History,2023,67
journal_3e25012edc96e37a,California History,2024,45
journal_3e25012edc96e37a,California History,2025,41
journal_3e25012edc96e37a,California History,2026,36
journal_3f383aa8e45b2601,Journal of British Studies,1961,14
journal_3f383aa8e45b2601,Journal of British Studies,1962,26
journal_3f383aa8e45b2601,Journal of British Studies,1963,28
journal_3f383aa8e45b2601,Journal of British Studies,1964,25
journal_3f383aa8e45b2601,Journal of British Studies,1965,25
journal_3f383aa8e45b2601,Journal of British Studies,1966,22
journal_3f383aa8e45b2601,Journal of British Studies,1967,25
journal_3f383aa8e45b2601,Journal of British Studies,1968,27
journal_3f383aa8e45b2601,Journal of British Studies,1969,29
journal_3f383aa8e45b2601,Journal of British Studies,1970,26
journal_3f383aa8e45b2601,Journal of British Studies,1971,22
journal_3f383aa8e45b2601,Journal of British Studies,1972,22
journal_3f383aa8e45b2601,Journal of British Studies,1973,22
journal_3f383aa8e45b2601,Journal of British Studies,1974,20
journal_3f383aa8e45b2601,Journal of British Studies,1975,21
journal_3f383aa8e45b2601,Journal of British Studies,1976,23
journal_3f383aa8e45b2601,Journal of British Studies,1977,24
journal_3f383aa8e45b2601,Journal of British Studies,1978,21
journal_3f383aa8e45b2601,Journal of British Studies,1979,24
journal_3f383aa8e45b2601,Journal of British Studies,1980,24
journal_3f383aa8e45b2601,Journal of British Studies,1981,13
journal_3f383aa8e45b2601,Journal of British Studies,1982,11
journal_3f383aa8e45b2601,Journal of British Studies,1983,11
journal_3f383aa8e45b2601,Journal of British Studies,1984,10
journal_3f383aa8e45b2601,Journal of British Studies,1985,31
journal_3f383aa8e45b2601,Journal of British Studies,1986,29
journal_3f383aa8e45b2601,Journal of British Studies,1987,29
journal_3f383aa8e45b2601,Journal of British Studies,1988,25
journal_3f383aa8e45b2601,Journal of British Studies,1989,28
journal_3f383aa8e45b2601,Journal of British Studies,1990,26
journal_3f383aa8e45b2601,Journal of British Studies,1991,28
journal_3f383aa8e45b2601,Journal of British Studies,1992,27
journal_3f383aa8e45b2601,Journal of British Studies,1993,28
journal_3f383aa8e45b2601,Journal of British Studies,1994,28
journal_3f383aa8e45b2601,Journal of British Studies,1995,32
journal_3f383aa8e45b2601,Journal of British Studies,1996,33
journal_3f383aa8e45b2601,Journal of British Studies,1997,27
journal_3f383aa8e45b2601,Journal of British Studies,1998,33
journal_3f383aa8e45b2601,Journal of British Studies,1999,32
journal_3f383aa8e45b2601,Journal of British Studies,2000,29
journal_3f383aa8e45b2601,Journal of British Studies,2001,26
journal_3f383aa8e45b2601,Journal of British Studies,2002,28
journal_3f383aa8e45b2601,Journal of British Studies,2003,31
journal_3f383aa8e45b2601,Journal of British Studies,2004,29
journal_3f383aa8e45b2601,Journal of British Studies,2005,131
journal_3f383aa8e45b2601,Journal of British Studies,2006,212
journal_3f383aa8e45b2601,Journal of British Studies,2007,202
journal_3f383aa8e45b2601,Journal of British Studies,2008,206
journal_3f383aa8e45b2601,Journal of British Studies,2009,200
journal_3f383aa8e45b2601,Journal of British Studies,2010,160
journal_3f383aa8e45b2601,Journal of British Studies,2011,165
journal_3f383aa8e45b2601,Journal of British Studies,2012,174
journal_3f383aa8e45b2601,Journal of British Studies,2013,243
journal_3f383aa8e45b2601,Journal of British Studies,2014,220
journal_3f383aa8e45b2601,Journal of British Studies,2015,219
journal_3f383aa8e45b2601,Journal of British Studies,2016,171
journal_3f383aa8e45b2601,Journal of British Studies,2017,238
journal_3f383aa8e45b2601,Journal of British Studies,2018,231
journal_3f383aa8e45b2601,Journal of British Studies,2019,222
journal_3f383aa8e45b2601,Journal of British Studies,2020,221
journal_3f383aa8e45b2601,Journal of British Studies,2021,247
journal_3f383aa8e45b2601,Journal of British Studies,2022,226
journal_3f383aa8e45b2601,Journal of British Studies,2023,235
journal_3f383aa8e45b2601,Journal of British Studies,2024,235
journal_3f383aa8e45b2601,Journal of British Studies,2025,158
journal_3f383aa8e45b2601,Journal of British Studies,2026,92
journal_3f383aa8e45b2601,The Journal of British Studies,1977,1
journal_3f383aa8e45b2601,The Journal of British Studies,1981,10
journal_3f383aa8e45b2601,The Journal of British Studies,1982,10
journal_3f383aa8e45b2601,The Journal of British Studies,1983,8
journal_3f383aa8e45b2601,The Journal of British Studies,1985,11
journal_3f383aa8e45b2601,The Journal of British Studies,1986,9
journal_3f383aa8e45b2601,The Journal of British Studies,1987,9
journal_3f383aa8e45b2601,The Journal of British Studies,1988,9
journal_3f383aa8e45b2601,The Journal of British Studies,1989,10
journal_3f383aa8e45b2601,The Journal of British Studies,1990,11
journal_3f383aa8e45b2601,The Journal of British Studies,1991,10
journal_3f383aa8e45b2601,The Journal of British Studies,1992,9
journal_3f383aa8e45b2601,The Journal of British Studies,1993,8
journal_3f383aa8e45b2601,The Journal of British Studies,1994,8
journal_3f383aa8e45b2601,The Journal of British Studies,1995,11
journal_3f383aa8e45b2601,The Journal of British Studies,1996,11
journal_3f383aa8e45b2601,The Journal of British Studies,1997,10
journal_3f383aa8e45b2601,The Journal of British Studies,1998,10
journal_3f383aa8e45b2601,The Journal of British Studies,1999,9
journal_3f383aa8e45b2601,The Journal of British Studies,2000,10
journal_3f383aa8e45b2601,The Journal of British Studies,2001,10
journal_3f383aa8e45b2601,The Journal of British Studies,2002,11
journal_3f383aa8e45b2601,The Journal of British Studies,2003,9
journal_3f383aa8e45b2601,The Journal of British Studies,2004,10
journal_3f383aa8e45b2601,The Journal of British Studies,2005,80
journal_3f383aa8e45b2601,The Journal of British Studies,2006,59
journal_3f383aa8e45b2601,The Journal of British Studies,2007,72
journal_3f383aa8e45b2601,The Journal of British Studies,2008,67
journal_3f383aa8e45b2601,The Journal of British Studies,2009,54
journal_3f383aa8e45b2601,The Journal of British Studies,2010,41
journal_3f383aa8e45b2601,The Journal of British Studies,2011,54
journal_3f383aa8e45b2601,The Journal of British Studies,2012,56
journal_3f55dca82ed716b2,Sport in History,2003,20
journal_3f55dca82ed716b2,Sport in History,2004,10
journal_3f55dca82ed716b2,Sport in History,2005,29
journal_3f55dca82ed716b2,Sport in History,2006,31
journal_3f55dca82ed716b2,Sport in History,2007,27
journal_3f55dca82ed716b2,Sport in History,2008,35
journal_3f55dca82ed716b2,Sport in History,2009,34
journal_3f55dca82ed716b2,Sport in History,2010,32
journal_3f55dca82ed716b2,Sport in History,2011,40
journal_3f55dca82ed716b2,Sport in History,2012,64
journal_3f55dca82ed716b2,Sport in History,2013,70
journal_3f55dca82ed716b2,Sport in History,2014,69
journal_3f55dca82ed716b2,Sport in History,2015,60
journal_3f55dca82ed716b2,Sport in History,2016,43
journal_3f55dca82ed716b2,Sport in History,2017,66
journal_3f55dca82ed716b2,Sport in History,2018,59
journal_3f55dca82ed716b2,Sport in History,2019,50
journal_3f55dca82ed716b2,Sport in History,2020,54
journal_3f55dca82ed716b2,Sport in History,2021,39
journal_3f55dca82ed716b2,Sport in History,2022,30
journal_3f55dca82ed716b2,Sport in History,2023,28
journal_3f55dca82ed716b2,Sport in History,2024,27
journal_3f55dca82ed716b2,Sport in History,2025,34
journal_3f55dca82ed716b2,Sport in History,2026,18
journal_3f66d54b263d36b2,Journal of Moravian History,2007,11
journal_3f66d54b263d36b2,Journal of Moravian History,2008,13
journal_3f66d54b263d36b2,Journal of Moravian History,2009,19
journal_3f66d54b263d36b2,Journal of Moravian History,2010,18
journal_3f66d54b263d36b2,Journal of Moravian History,2011,15
journal_3f66d54b263d36b2,Journal of Moravian History,2012,14
journal_3f66d54b263d36b2,Journal of Moravian History,2013,14
journal_3f66d54b263d36b2,Journal of Moravian History,2014,15
journal_3f66d54b263d36b2,Journal of Moravian History,2015,14
journal_3f66d54b263d36b2,Journal of Moravian History,2016,11
journal_3f66d54b263d36b2,Journal of Moravian History,2017,10
journal_3f66d54b263d36b2,Journal of Moravian History,2018,18
journal_3f66d54b263d36b2,Journal of Moravian History,2019,15
journal_3f66d54b263d36b2,Journal of Moravian History,2020,11
journal_3f66d54b263d36b2,Journal of Moravian History,2021,14
journal_3f66d54b263d36b2,Journal of Moravian History,2022,16
journal_3f66d54b263d36b2,Journal of Moravian History,2023,10
journal_3f66d54b263d36b2,Journal of Moravian History,2024,10
journal_3f66d54b263d36b2,Journal of Moravian History,2025,8
journal_3f66d54b263d36b2,Journal of Moravian History,2026,4
journal_3ff498241f0fb6c6,First World War Studies,2010,32
journal_3ff498241f0fb6c6,First World War Studies,2011,28
journal_3ff498241f0fb6c6,First World War Studies,2012,30
journal_3ff498241f0fb6c6,First World War Studies,2013,36
journal_3ff498241f0fb6c6,First World War Studies,2014,45
journal_3ff498241f0fb6c6,First World War Studies,2015,36
journal_3ff498241f0fb6c6,First World War Studies,2016,41
journal_3ff498241f0fb6c6,First World War Studies,2017,24
journal_3ff498241f0fb6c6,First World War Studies,2018,52
journal_3ff498241f0fb6c6,First World War Studies,2019,59
journal_3ff498241f0fb6c6,First World War Studies,2020,68
journal_3ff498241f0fb6c6,First World War Studies,2021,41
journal_3ff498241f0fb6c6,First World War Studies,2022,48
journal_3ff498241f0fb6c6,First World War Studies,2023,92
journal_3ff498241f0fb6c6,First World War Studies,2024,110
journal_3ff498241f0fb6c6,First World War Studies,2025,107
journal_3ff498241f0fb6c6,First World War Studies,2026,83
journal_4037fa4fe9ea5914,Early Medieval Europe,1992,8
journal_4037fa4fe9ea5914,Early Medieval Europe,1993,12
journal_4037fa4fe9ea5914,Early Medieval Europe,1994,14
journal_4037fa4fe9ea5914,Early Medieval Europe,1995,17
journal_4037fa4fe9ea5914,Early Medieval Europe,1996,14
journal_4037fa4fe9ea5914,Early Medieval Europe,1997,16
journal_4037fa4fe9ea5914,Early Medieval Europe,1998,23
journal_4037fa4fe9ea5914,Early Medieval Europe,1999,23
journal_4037fa4fe9ea5914,Early Medieval Europe,2000,24
journal_4037fa4fe9ea5914,Early Medieval Europe,2001,24
journal_4037fa4fe9ea5914,Early Medieval Europe,2002,25
journal_4037fa4fe9ea5914,Early Medieval Europe,2003,31
journal_4037fa4fe9ea5914,Early Medieval Europe,2005,28
journal_4037fa4fe9ea5914,Early Medieval Europe,2006,37
journal_4037fa4fe9ea5914,Early Medieval Europe,2007,58
journal_4037fa4fe9ea5914,Early Medieval Europe,2008,69
journal_4037fa4fe9ea5914,Early Medieval Europe,2009,68
journal_4037fa4fe9ea5914,Early Medieval Europe,2010,72
journal_4037fa4fe9ea5914,Early Medieval Europe,2011,62
journal_4037fa4fe9ea5914,Early Medieval Europe,2012,59
journal_4037fa4fe9ea5914,Early Medieval Europe,2013,70
journal_4037fa4fe9ea5914,Early Medieval Europe,2014,40
journal_4037fa4fe9ea5914,Early Medieval Europe,2015,42
journal_4037fa4fe9ea5914,Early Medieval Europe,2016,57
journal_4037fa4fe9ea5914,Early Medieval Europe,2017,67
journal_4037fa4fe9ea5914,Early Medieval Europe,2018,70
journal_4037fa4fe9ea5914,Early Medieval Europe,2019,70
journal_4037fa4fe9ea5914,Early Medieval Europe,2020,81
journal_4037fa4fe9ea5914,Early Medieval Europe,2021,73
journal_4037fa4fe9ea5914,Early Medieval Europe,2022,88
journal_4037fa4fe9ea5914,Early Medieval Europe,2023,94
journal_4037fa4fe9ea5914,Early Medieval Europe,2024,60
journal_4037fa4fe9ea5914,Early Medieval Europe,2025,59
journal_4037fa4fe9ea5914,Early Medieval Europe,2026,48
journal_40dae856794b879a,Journal of European Integration History,2006,29
journal_40dae856794b879a,Journal of European Integration History,2007,27
journal_40dae856794b879a,Journal of European Integration History,2008,29
journal_40dae856794b879a,Journal of European Integration History,2009,30
journal_40dae856794b879a,Journal of European Integration History,2010,34
journal_40dae856794b879a,Journal of European Integration History,2011,34
journal_40dae856794b879a,Journal of European Integration History,2012,30
journal_40dae856794b879a,Journal of European Integration History,2013,31
journal_40dae856794b879a,Journal of European Integration History,2014,33
journal_40dae856794b879a,Journal of European Integration History,2015,39
journal_40dae856794b879a,Journal of European Integration History,2016,32
journal_40dae856794b879a,Journal of European Integration History,2017,29
journal_40dae856794b879a,Journal of European Integration History,2018,31
journal_40dae856794b879a,Journal of European Integration History,2019,30
journal_40dae856794b879a,Journal of European Integration History,2020,29
journal_40dae856794b879a,Journal of European Integration History,2021,27
journal_40dae856794b879a,Journal of European Integration History,2022,30
journal_40dae856794b879a,Journal of European Integration History,2023,31
journal_40dae856794b879a,Journal of European Integration History,2024,30
journal_40dae856794b879a,Journal of European Integration History,2025,30
journal_40dae856794b879a,Journal of European Integration History,2026,17
journal_422a2a3e5b661577,Chinese Studies in History,1967,9
journal_422a2a3e5b661577,Chinese Studies in History,1968,28
journal_422a2a3e5b661577,Chinese Studies in History,1969,29
journal_422a2a3e5b661577,Chinese Studies in History,1970,13
journal_422a2a3e5b661577,Chinese Studies in History,1971,48
journal_422a2a3e5b661577,Chinese Studies in History,1972,23
journal_422a2a3e5b661577,Chinese Studies in History,1973,20
journal_422a2a3e5b661577,Chinese Studies in History,1974,12
journal_422a2a3e5b661577,Chinese Studies in History,1975,46
journal_422a2a3e5b661577,Chinese Studies in History,1976,16
journal_422a2a3e5b661577,Chinese Studies in History,1977,26
journal_422a2a3e5b661577,Chinese Studies in History,1978,28
journal_422a2a3e5b661577,Chinese Studies in History,1979,24
journal_422a2a3e5b661577,Chinese Studies in History,1980,62
journal_422a2a3e5b661577,Chinese Studies in History,1981,23
journal_422a2a3e5b661577,Chinese Studies in History,1982,23
journal_422a2a3e5b661577,Chinese Studies in History,1983,26
journal_422a2a3e5b661577,Chinese Studies in History,1984,22
journal_422a2a3e5b661577,Chinese Studies in History,1985,21
journal_422a2a3e5b661577,Chinese Studies in History,1986,14
journal_422a2a3e5b661577,Chinese Studies in History,1987,15
journal_422a2a3e5b661577,Chinese Studies in History,1988,9
journal_422a2a3e5b661577,Chinese Studies in History,1989,41
journal_422a2a3e5b661577,Chinese Studies in History,1990,17
journal_422a2a3e5b661577,Chinese Studies in History,1991,20
journal_422a2a3e5b661577,Chinese Studies in History,1992,22
journal_422a2a3e5b661577,Chinese Studies in History,1993,70
journal_422a2a3e5b661577,Chinese Studies in History,1994,35
journal_422a2a3e5b661577,Chinese Studies in History,1995,18
journal_422a2a3e5b661577,Chinese Studies in History,1996,14
journal_422a2a3e5b661577,Chinese Studies in History,1997,40
journal_422a2a3e5b661577,Chinese Studies in History,1998,25
journal_422a2a3e5b661577,Chinese Studies in History,1999,30
journal_422a2a3e5b661577,Chinese Studies in History,2000,20
journal_422a2a3e5b661577,Chinese Studies in History,2001,17
journal_422a2a3e5b661577,Chinese Studies in History,2002,62
journal_422a2a3e5b661577,Chinese Studies in History,2003,21
journal_422a2a3e5b661577,Chinese Studies in History,2004,11
journal_422a2a3e5b661577,Chinese Studies in History,2005,13
journal_422a2a3e5b661577,Chinese Studies in History,2006,12
journal_422a2a3e5b661577,Chinese Studies in History,2007,27
journal_422a2a3e5b661577,Chinese Studies in History,2008,16
journal_422a2a3e5b661577,Chinese Studies in History,2009,31
journal_422a2a3e5b661577,Chinese Studies in History,2010,26
journal_422a2a3e5b661577,Chinese Studies in History,2011,26
journal_422a2a3e5b661577,Chinese Studies in History,2012,17
journal_422a2a3e5b661577,Chinese Studies in History,2013,25
journal_422a2a3e5b661577,Chinese Studies in History,2014,17
journal_422a2a3e5b661577,Chinese Studies in History,2015,13
journal_422a2a3e5b661577,Chinese Studies in History,2016,19
journal_422a2a3e5b661577,Chinese Studies in History,2017,27
journal_422a2a3e5b661577,Chinese Studies in History,2018,23
journal_422a2a3e5b661577,Chinese Studies in History,2019,25
journal_422a2a3e5b661577,Chinese Studies in History,2020,19
journal_422a2a3e5b661577,Chinese Studies in History,2021,20
journal_422a2a3e5b661577,Chinese Studies in History,2022,30
journal_422a2a3e5b661577,Chinese Studies in History,2023,39
journal_422a2a3e5b661577,Chinese Studies in History,2024,36
journal_422a2a3e5b661577,Chinese Studies in History,2025,39
journal_422a2a3e5b661577,Chinese Studies in History,2026,25
journal_423100a5a865d9cb,Law and History Review,1983,21
journal_423100a5a865d9cb,Law and History Review,1984,28
journal_423100a5a865d9cb,Law and History Review,1985,34
journal_423100a5a865d9cb,Law and History Review,1986,42
journal_423100a5a865d9cb,Law and History Review,1987,37
journal_423100a5a865d9cb,Law and History Review,1988,27
journal_423100a5a865d9cb,Law and History Review,1989,15
journal_423100a5a865d9cb,Law and History Review,1990,20
journal_423100a5a865d9cb,Law and History Review,1991,26
journal_423100a5a865d9cb,Law and History Review,1992,30
journal_423100a5a865d9cb,Law and History Review,1993,33
journal_423100a5a865d9cb,Law and History Review,1994,38
journal_423100a5a865d9cb,Law and History Review,1995,59
journal_423100a5a865d9cb,Law and History Review,1996,67
journal_423100a5a865d9cb,Law and History Review,1997,86
journal_423100a5a865d9cb,Law and History Review,1998,88
journal_423100a5a865d9cb,Law and History Review,1999,76
journal_423100a5a865d9cb,Law and History Review,2000,98
journal_423100a5a865d9cb,Law and History Review,2001,79
journal_423100a5a865d9cb,Law and History Review,2002,77
journal_423100a5a865d9cb,Law and History Review,2003,72
journal_423100a5a865d9cb,Law and History Review,2004,73
journal_423100a5a865d9cb,Law and History Review,2005,76
journal_423100a5a865d9cb,Law and History Review,2006,74
journal_423100a5a865d9cb,Law and History Review,2007,103
journal_423100a5a865d9cb,Law and History Review,2008,105
journal_423100a5a865d9cb,Law and History Review,2009,100
journal_423100a5a865d9cb,Law and History Review,2010,142
journal_423100a5a865d9cb,Law and History Review,2011,81
journal_423100a5a865d9cb,Law and History Review,2012,94
journal_423100a5a865d9cb,Law and History Review,2013,67
journal_423100a5a865d9cb,Law and History Review,2014,69
journal_423100a5a865d9cb,Law and History Review,2015,88
journal_423100a5a865d9cb,Law and History Review,2016,67
journal_423100a5a865d9cb,Law and History Review,2017,64
journal_423100a5a865d9cb,Law and History Review,2018,69
journal_423100a5a865d9cb,Law and History Review,2019,81
journal_423100a5a865d9cb,Law and History Review,2020,65
journal_423100a5a865d9cb,Law and History Review,2021,67
journal_423100a5a865d9cb,Law and History Review,2022,68
journal_423100a5a865d9cb,Law and History Review,2023,64
journal_423100a5a865d9cb,Law and History Review,2024,47
journal_423100a5a865d9cb,Law and History Review,2025,76
journal_423100a5a865d9cb,Law and History Review,2026,45
journal_430c5c5a636cf950,Journal Of The History Of Medicine And Allied Sciences,2019,1
journal_430c5c5a636cf950,Journal of the History of Medicine and Allied Sciences,1946,80
journal_430c5c5a636cf950,Journal of the History of Medicine and Allied Sciences,1947,88
journal_430c5c5a636cf950,Journal of the History of Medicine and Allied Sciences,1948,83
journal_430c5c5a636cf950,Journal of the History of Medicine and Allied Sciences,1949,67
journal_430c5c5a636cf950,Journal of the History of Medicine and Allied Sciences,1950,89
journal_430c5c5a636cf950,Journal of the History of Medicine and Allied Sciences,1951,93
journal_430c5c5a636cf950,Journal of the History of Medicine and Allied Sciences,1952,92
journal_430c5c5a636cf950,Journal of the History of Medicine and Allied Sciences,1953,141
journal_430c5c5a636cf950,Journal of the History of Medicine and Allied Sciences,1954,121
journal_430c5c5a636cf950,Journal of the History of Medicine and Allied Sciences,1955,133
journal_430c5c5a636cf950,Journal of the History of Medicine and Allied Sciences,1956,134
journal_430c5c5a636cf950,Journal of the History of Medicine and Allied Sciences,1957,122
journal_430c5c5a636cf950,Journal of the History of Medicine and Allied Sciences,1958,140
journal_430c5c5a636cf950,Journal of the History of Medicine and Allied Sciences,1959,143
journal_430c5c5a636cf950,Journal of the History of Medicine and Allied Sciences,1960,134
journal_430c5c5a636cf950,Journal of the History of Medicine and Allied Sciences,1961,91
journal_430c5c5a636cf950,Journal of the History of Medicine and Allied Sciences,1962,112
journal_430c5c5a636cf950,Journal of the History of Medicine and Allied Sciences,1963,132
journal_430c5c5a636cf950,Journal of the History of Medicine and Allied Sciences,1964,122
journal_430c5c5a636cf950,Journal of the History of Medicine and Allied Sciences,1965,152
journal_430c5c5a636cf950,Journal of the History of Medicine and Allied Sciences,1966,130
journal_430c5c5a636cf950,Journal of the History of Medicine and Allied Sciences,1967,109
journal_430c5c5a636cf950,Journal of the History of Medicine and Allied Sciences,1968,108
journal_430c5c5a636cf950,Journal of the History of Medicine and Allied Sciences,1969,120
journal_430c5c5a636cf950,Journal of the History of Medicine and Allied Sciences,1970,114
journal_430c5c5a636cf950,Journal of the History of Medicine and Allied Sciences,1971,122
journal_430c5c5a636cf950,Journal of the History of Medicine and Allied Sciences,1972,123
journal_430c5c5a636cf950,Journal of the History of Medicine and Allied Sciences,1973,108
journal_430c5c5a636cf950,Journal of the History of Medicine and Allied Sciences,1974,95
journal_430c5c5a636cf950,Journal of the History of Medicine and Allied Sciences,1975,84
journal_430c5c5a636cf950,Journal of the History of Medicine and Allied Sciences,1976,91
journal_430c5c5a636cf950,Journal of the History of Medicine and Allied Sciences,1977,95
journal_430c5c5a636cf950,Journal of the History of Medicine and Allied Sciences,1978,116
journal_430c5c5a636cf950,Journal of the History of Medicine and Allied Sciences,1979,137
journal_430c5c5a636cf950,Journal of the History of Medicine and Allied Sciences,1980,175
journal_430c5c5a636cf950,Journal of the History of Medicine and Allied Sciences,1981,131
journal_430c5c5a636cf950,Journal of the History of Medicine and Allied Sciences,1982,195
journal_430c5c5a636cf950,Journal of the History of Medicine and Allied Sciences,1983,163
journal_430c5c5a636cf950,Journal of the History of Medicine and Allied Sciences,1984,138
journal_430c5c5a636cf950,Journal of the History of Medicine and Allied Sciences,1985,164
journal_430c5c5a636cf950,Journal of the History of Medicine and Allied Sciences,1986,159
journal_430c5c5a636cf950,Journal of the History of Medicine and Allied Sciences,1987,173
journal_430c5c5a636cf950,Journal of the History of Medicine and Allied Sciences,1988,158
journal_430c5c5a636cf950,Journal of the History of Medicine and Allied Sciences,1989,137
journal_430c5c5a636cf950,Journal of the History of Medicine and Allied Sciences,1990,104
journal_430c5c5a636cf950,Journal of the History of Medicine and Allied Sciences,1991,105
journal_430c5c5a636cf950,Journal of the History of Medicine and Allied Sciences,1992,115
journal_430c5c5a636cf950,Journal of the History of Medicine and Allied Sciences,1993,83
journal_430c5c5a636cf950,Journal of the History of Medicine and Allied Sciences,1994,107
journal_430c5c5a636cf950,Journal of the History of Medicine and Allied Sciences,1995,89
journal_430c5c5a636cf950,Journal of the History of Medicine and Allied Sciences,1996,102
journal_430c5c5a636cf950,Journal of the History of Medicine and Allied Sciences,1997,61
journal_430c5c5a636cf950,Journal of the History of Medicine and Allied Sciences,1998,58
journal_430c5c5a636cf950,Journal of the History of Medicine and Allied Sciences,1999,65
journal_430c5c5a636cf950,Journal of the History of Medicine and Allied Sciences,2000,55
journal_430c5c5a636cf950,Journal of the History of Medicine and Allied Sciences,2001,82
journal_430c5c5a636cf950,Journal of the History of Medicine and Allied Sciences,2002,80
journal_430c5c5a636cf950,Journal of the History of Medicine and Allied Sciences,2003,121
journal_430c5c5a636cf950,Journal of the History of Medicine and Allied Sciences,2004,164
journal_430c5c5a636cf950,Journal of the History of Medicine and Allied Sciences,2005,100
journal_430c5c5a636cf950,Journal of the History of Medicine and Allied Sciences,2006,59
journal_430c5c5a636cf950,Journal of the History of Medicine and Allied Sciences,2007,74
journal_430c5c5a636cf950,Journal of the History of Medicine and Allied Sciences,2008,61
journal_430c5c5a636cf950,Journal of the History of Medicine and Allied Sciences,2009,61
journal_430c5c5a636cf950,Journal of the History of Medicine and Allied Sciences,2010,84
journal_430c5c5a636cf950,Journal of the History of Medicine and Allied Sciences,2011,67
journal_430c5c5a636cf950,Journal of the History of Medicine and Allied Sciences,2012,84
journal_430c5c5a636cf950,Journal of the History of Medicine and Allied Sciences,2013,66
journal_430c5c5a636cf950,Journal of the History of Medicine and Allied Sciences,2014,52
journal_430c5c5a636cf950,Journal of the History of Medicine and Allied Sciences,2015,57
journal_430c5c5a636cf950,Journal of the History of Medicine and Allied Sciences,2016,45
journal_430c5c5a636cf950,Journal of the History of Medicine and Allied Sciences,2017,74
journal_430c5c5a636cf950,Journal of the History of Medicine and Allied Sciences,2018,44
journal_430c5c5a636cf950,Journal of the History of Medicine and Allied Sciences,2019,61
journal_430c5c5a636cf950,Journal of the History of Medicine and Allied Sciences,2020,55
journal_430c5c5a636cf950,Journal of the History of Medicine and Allied Sciences,2021,54
journal_430c5c5a636cf950,Journal of the History of Medicine and Allied Sciences,2022,44
journal_430c5c5a636cf950,Journal of the History of Medicine and Allied Sciences,2023,91
journal_430c5c5a636cf950,Journal of the History of Medicine and Allied Sciences,2024,47
journal_430c5c5a636cf950,Journal of the History of Medicine and Allied Sciences,2025,33
journal_430c5c5a636cf950,Journal of the History of Medicine and Allied Sciences,2026,44
journal_43b50270ea079854,Journal of Medieval Iberian Studies,2009,17
journal_43b50270ea079854,Journal of Medieval Iberian Studies,2010,17
journal_43b50270ea079854,Journal of Medieval Iberian Studies,2011,17
journal_43b50270ea079854,Journal of Medieval Iberian Studies,2012,31
journal_43b50270ea079854,Journal of Medieval Iberian Studies,2013,21
journal_43b50270ea079854,Journal of Medieval Iberian Studies,2014,16
journal_43b50270ea079854,Journal of Medieval Iberian Studies,2015,20
journal_43b50270ea079854,Journal of Medieval Iberian Studies,2016,20
journal_43b50270ea079854,Journal of Medieval Iberian Studies,2017,14
journal_43b50270ea079854,Journal of Medieval Iberian Studies,2018,13
journal_43b50270ea079854,Journal of Medieval Iberian Studies,2019,18
journal_43b50270ea079854,Journal of Medieval Iberian Studies,2020,16
journal_43b50270ea079854,Journal of Medieval Iberian Studies,2021,22
journal_43b50270ea079854,Journal of Medieval Iberian Studies,2022,27
journal_43b50270ea079854,Journal of Medieval Iberian Studies,2023,22
journal_43b50270ea079854,Journal of Medieval Iberian Studies,2024,25
journal_43b50270ea079854,Journal of Medieval Iberian Studies,2025,27
journal_43b50270ea079854,Journal of Medieval Iberian Studies,2026,19
journal_4455dbe3edff263b,Journal of Global History,2006,34
journal_4455dbe3edff263b,Journal of Global History,2007,38
journal_4455dbe3edff263b,Journal of Global History,2008,51
journal_4455dbe3edff263b,Journal of Global History,2009,53
journal_4455dbe3edff263b,Journal of Global History,2010,45
journal_4455dbe3edff263b,Journal of Global History,2011,53
journal_4455dbe3edff263b,Journal of Global History,2012,52
journal_4455dbe3edff263b,Journal of Global History,2013,45
journal_4455dbe3edff263b,Journal of Global History,2014,42
journal_4455dbe3edff263b,Journal of Global History,2015,43
journal_4455dbe3edff263b,Journal of Global History,2016,41
journal_4455dbe3edff263b,Journal of Global History,2017,38
journal_4455dbe3edff263b,Journal of Global History,2018,42
journal_4455dbe3edff263b,Journal of Global History,2019,43
journal_4455dbe3edff263b,Journal of Global History,2020,52
journal_4455dbe3edff263b,Journal of Global History,2021,46
journal_4455dbe3edff263b,Journal of Global History,2022,31
journal_4455dbe3edff263b,Journal of Global History,2023,31
journal_4455dbe3edff263b,Journal of Global History,2024,16
journal_4455dbe3edff263b,Journal of Global History,2025,33
journal_4455dbe3edff263b,Journal of Global History,2026,36
journal_4630cadaf7561ba5,Radical History Review,1975,10
journal_4630cadaf7561ba5,Radical History Review,1976,25
journal_4630cadaf7561ba5,Radical History Review,1977,15
journal_4630cadaf7561ba5,Radical History Review,1978,33
journal_4630cadaf7561ba5,Radical History Review,1979,54
journal_4630cadaf7561ba5,Radical History Review,1980,40
journal_4630cadaf7561ba5,Radical History Review,1981,13
journal_4630cadaf7561ba5,Radical History Review,1982,15
journal_4630cadaf7561ba5,Radical History Review,1983,13
journal_4630cadaf7561ba5,Radical History Review,1984,46
journal_4630cadaf7561ba5,Radical History Review,1985,27
journal_4630cadaf7561ba5,Radical History Review,1986,38
journal_4630cadaf7561ba5,Radical History Review,1987,46
journal_4630cadaf7561ba5,Radical History Review,1988,38
journal_4630cadaf7561ba5,Radical History Review,1989,45
journal_4630cadaf7561ba5,Radical History Review,1990,45
journal_4630cadaf7561ba5,Radical History Review,1991,50
journal_4630cadaf7561ba5,Radical History Review,1992,46
journal_4630cadaf7561ba5,Radical History Review,1993,65
journal_4630cadaf7561ba5,Radical History Review,1994,69
journal_4630cadaf7561ba5,Radical History Review,1995,62
journal_4630cadaf7561ba5,Radical History Review,1996,62
journal_4630cadaf7561ba5,Radical History Review,1997,58
journal_4630cadaf7561ba5,Radical History Review,1998,73
journal_4630cadaf7561ba5,Radical History Review,1999,50
journal_4630cadaf7561ba5,Radical History Review,2000,47
journal_4630cadaf7561ba5,Radical History Review,2001,52
journal_4630cadaf7561ba5,Radical History Review,2002,54
journal_4630cadaf7561ba5,Radical History Review,2003,60
journal_4630cadaf7561ba5,Radical History Review,2004,52
journal_4630cadaf7561ba5,Radical History Review,2005,63
journal_4630cadaf7561ba5,Radical History Review,2006,55
journal_4630cadaf7561ba5,Radical History Review,2007,45
journal_4630cadaf7561ba5,Radical History Review,2008,60
journal_4630cadaf7561ba5,Radical History Review,2009,49
journal_4630cadaf7561ba5,Radical History Review,2010,42
journal_4630cadaf7561ba5,Radical History Review,2011,49
journal_4630cadaf7561ba5,Radical History Review,2012,49
journal_4630cadaf7561ba5,Radical History Review,2013,42
journal_4630cadaf7561ba5,Radical History Review,2014,47
journal_4630cadaf7561ba5,Radical History Review,2015,41
journal_4630cadaf7561ba5,Radical History Review,2016,48
journal_4630cadaf7561ba5,Radical History Review,2017,37
journal_4630cadaf7561ba5,Radical History Review,2018,40
journal_4630cadaf7561ba5,Radical History Review,2019,34
journal_4630cadaf7561ba5,Radical History Review,2020,38
journal_4630cadaf7561ba5,Radical History Review,2021,39
journal_4630cadaf7561ba5,Radical History Review,2022,39
journal_4630cadaf7561ba5,Radical History Review,2023,33
journal_4630cadaf7561ba5,Radical History Review,2024,51
journal_4630cadaf7561ba5,Radical History Review,2025,36
journal_4630cadaf7561ba5,Radical History Review,2026,29
journal_465233074c92587e,The Journal of Modern History,1929,135
journal_465233074c92587e,The Journal of Modern History,1930,151
journal_465233074c92587e,The Journal of Modern History,1931,152
journal_465233074c92587e,The Journal of Modern History,1932,145
journal_465233074c92587e,The Journal of Modern History,1933,136
journal_465233074c92587e,The Journal of Modern History,1934,114
journal_465233074c92587e,The Journal of Modern History,1935,103
journal_465233074c92587e,The Journal of Modern History,1936,98
journal_465233074c92587e,The Journal of Modern History,1937,122
journal_465233074c92587e,The Journal of Modern History,1938,108
journal_465233074c92587e,The Journal of Modern History,1939,145
journal_465233074c92587e,The Journal of Modern History,1940,121
journal_465233074c92587e,The Journal of Modern History,1941,132
journal_465233074c92587e,The Journal of Modern History,1942,113
journal_465233074c92587e,The Journal of Modern History,1943,110
journal_465233074c92587e,The Journal of Modern History,1944,95
journal_465233074c92587e,The Journal of Modern History,1945,119
journal_465233074c92587e,The Journal of Modern History,1946,111
journal_465233074c92587e,The Journal of Modern History,1947,106
journal_465233074c92587e,The Journal of Modern History,1948,75
journal_465233074c92587e,The Journal of Modern History,1949,87
journal_465233074c92587e,The Journal of Modern History,1950,79
journal_465233074c92587e,The Journal of Modern History,1951,97
journal_465233074c92587e,The Journal of Modern History,1952,98
journal_465233074c92587e,The Journal of Modern History,1953,110
journal_465233074c92587e,The Journal of Modern History,1954,108
journal_465233074c92587e,The Journal of Modern History,1955,100
journal_465233074c92587e,The Journal of Modern History,1956,125
journal_465233074c92587e,The Journal of Modern History,1957,206
journal_465233074c92587e,The Journal of Modern History,1958,149
journal_465233074c92587e,The Journal of Modern History,1959,89
journal_465233074c92587e,The Journal of Modern History,1960,349
journal_465233074c92587e,The Journal of Modern History,1961,297
journal_465233074c92587e,The Journal of Modern History,1962,250
journal_465233074c92587e,The Journal of Modern History,1963,335
journal_465233074c92587e,The Journal of Modern History,1964,344
journal_465233074c92587e,The Journal of Modern History,1965,304
journal_465233074c92587e,The Journal of Modern History,1966,232
journal_465233074c92587e,The Journal of Modern History,1967,183
journal_465233074c92587e,The Journal of Modern History,1968,194
journal_465233074c92587e,The Journal of Modern History,1969,182
journal_465233074c92587e,The Journal of Modern History,1970,168
journal_465233074c92587e,The Journal of Modern History,1971,134
journal_465233074c92587e,The Journal of Modern History,1972,199
journal_465233074c92587e,The Journal of Modern History,1973,290
journal_465233074c92587e,The Journal of Modern History,1974,144
journal_465233074c92587e,The Journal of Modern History,1975,117
journal_465233074c92587e,The Journal of Modern History,1976,169
journal_465233074c92587e,The Journal of Modern History,1977,149
journal_465233074c92587e,The Journal of Modern History,1978,207
journal_465233074c92587e,The Journal of Modern History,1979,224
journal_465233074c92587e,The Journal of Modern History,1980,208
journal_465233074c92587e,The Journal of Modern History,1981,194
journal_465233074c92587e,The Journal of Modern History,1982,194
journal_465233074c92587e,The Journal of Modern History,1983,216
journal_465233074c92587e,The Journal of Modern History,1984,169
journal_465233074c92587e,The Journal of Modern History,1985,179
journal_465233074c92587e,The Journal of Modern History,1986,236
journal_465233074c92587e,The Journal of Modern History,1987,188
journal_465233074c92587e,The Journal of Modern History,1988,181
journal_465233074c92587e,The Journal of Modern History,1989,231
journal_465233074c92587e,The Journal of Modern History,1990,211
journal_465233074c92587e,The Journal of Modern History,1991,181
journal_465233074c92587e,The Journal of Modern History,1992,198
journal_465233074c92587e,The Journal of Modern History,1993,183
journal_465233074c92587e,The Journal of Modern History,1994,243
journal_465233074c92587e,The Journal of Modern History,1995,294
journal_465233074c92587e,The Journal of Modern History,1996,213
journal_465233074c92587e,The Journal of Modern History,1997,220
journal_465233074c92587e,The Journal of Modern History,1998,194
journal_465233074c92587e,The Journal of Modern History,1999,230
journal_465233074c92587e,The Journal of Modern History,2000,226
journal_465233074c92587e,The Journal of Modern History,2001,177
journal_465233074c92587e,The Journal of Modern History,2002,188
journal_465233074c92587e,The Journal of Modern History,2003,207
journal_465233074c92587e,The Journal of Modern History,2004,196
journal_465233074c92587e,The Journal of Modern History,2005,287
journal_465233074c92587e,The Journal of Modern History,2006,234
journal_465233074c92587e,The Journal of Modern History,2007,199
journal_465233074c92587e,The Journal of Modern History,2008,238
journal_465233074c92587e,The Journal of Modern History,2009,249
journal_465233074c92587e,The Journal of Modern History,2010,227
journal_465233074c92587e,The Journal of Modern History,2011,231
journal_465233074c92587e,The Journal of Modern History,2012,233
journal_465233074c92587e,The Journal of Modern History,2013,190
journal_465233074c92587e,The Journal of Modern History,2014,226
journal_465233074c92587e,The Journal of Modern History,2015,230
journal_465233074c92587e,The Journal of Modern History,2016,230
journal_465233074c92587e,The Journal of Modern History,2017,239
journal_465233074c92587e,The Journal of Modern History,2018,227
journal_465233074c92587e,The Journal of Modern History,2019,200
journal_465233074c92587e,The Journal of Modern History,2020,212
journal_465233074c92587e,The Journal of Modern History,2021,179
journal_465233074c92587e,The Journal of Modern History,2022,187
journal_465233074c92587e,The Journal of Modern History,2023,229
journal_465233074c92587e,The Journal of Modern History,2024,210
journal_465233074c92587e,The Journal of Modern History,2025,229
journal_465233074c92587e,The Journal of Modern History,2026,162
journal_46f60c2239c241af,Historia Constitucional,2015,22
journal_46f60c2239c241af,Historia Constitucional,2016,19
journal_46f60c2239c241af,Historia Constitucional,2017,19
journal_46f60c2239c241af,Historia Constitucional,2018,38
journal_46f60c2239c241af,Historia Constitucional,2019,49
journal_46f60c2239c241af,Historia Constitucional,2020,29
journal_46f60c2239c241af,Historia Constitucional,2021,49
journal_46f60c2239c241af,Historia Constitucional,2022,36
journal_46f60c2239c241af,Historia Constitucional,2023,41
journal_46f60c2239c241af,Historia Constitucional,2024,56
journal_46f60c2239c241af,Historia Constitucional,2025,37
journal_472e21a0b18f882a,Quinto Sol,2017,10
journal_472e21a0b18f882a,Quinto Sol,2018,17
journal_472e21a0b18f882a,Quinto Sol,2019,33
journal_472e21a0b18f882a,Quinto Sol,2020,33
journal_472e21a0b18f882a,Quinto Sol,2021,29
journal_472e21a0b18f882a,Quinto Sol,2022,37
journal_472e21a0b18f882a,Quinto Sol,2023,29
journal_472e21a0b18f882a,Quinto Sol,2024,48
journal_472e21a0b18f882a,Quinto Sol,2025,35
journal_472e21a0b18f882a,Quinto Sol,2026,25
journal_48084857eb5bdc78,Social Evolution &amp; History,2018,27
journal_48084857eb5bdc78,Social Evolution &amp; History,2019,29
journal_48084857eb5bdc78,Social Evolution &amp; History,2020,18
journal_48084857eb5bdc78,Social Evolution &amp; History,2021,19
journal_48084857eb5bdc78,Social Evolution &amp; History,2022,16
journal_48084857eb5bdc78,Social Evolution &amp; History,2023,21
journal_48084857eb5bdc78,Social Evolution &amp; History,2024,19
journal_48084857eb5bdc78,Social Evolution &amp; History,2025,29
journal_48084857eb5bdc78,Social Evolution &amp; History,2026,10
journal_48176cf0ef384b8d,Journal of Chinese Military History,2012,17
journal_48176cf0ef384b8d,Journal of Chinese Military History,2013,8
journal_48176cf0ef384b8d,Journal of Chinese Military History,2014,23
journal_48176cf0ef384b8d,Journal of Chinese Military History,2015,17
journal_48176cf0ef384b8d,Journal of Chinese Military History,2016,13
journal_48176cf0ef384b8d,Journal of Chinese Military History,2017,14
journal_48176cf0ef384b8d,Journal of Chinese Military History,2018,15
journal_48176cf0ef384b8d,Journal of Chinese Military History,2019,15
journal_48176cf0ef384b8d,Journal of Chinese Military History,2020,12
journal_48176cf0ef384b8d,Journal of Chinese Military History,2021,12
journal_48176cf0ef384b8d,Journal of Chinese Military History,2022,14
journal_48176cf0ef384b8d,Journal of Chinese Military History,2023,18
journal_48176cf0ef384b8d,Journal of Chinese Military History,2024,12
journal_48176cf0ef384b8d,Journal of Chinese Military History,2025,10
journal_48176cf0ef384b8d,Journal of Chinese Military History,2026,6
journal_483c5dbb9cc38f4f,Clogher Record,1953,6
journal_483c5dbb9cc38f4f,Clogher Record,1954,7
journal_483c5dbb9cc38f4f,Clogher Record,1955,14
journal_483c5dbb9cc38f4f,Clogher Record,1956,9
journal_483c5dbb9cc38f4f,Clogher Record,1957,12
journal_483c5dbb9cc38f4f,Clogher Record,1958,14
journal_483c5dbb9cc38f4f,Clogher Record,1959,19
journal_483c5dbb9cc38f4f,Clogher Record,1960,11
journal_483c5dbb9cc38f4f,Clogher Record,1962,17
journal_483c5dbb9cc38f4f,Clogher Record,1963,10
journal_483c5dbb9cc38f4f,Clogher Record,1964,10
journal_483c5dbb9cc38f4f,Clogher Record,1965,8
journal_483c5dbb9cc38f4f,Clogher Record,1966,11
journal_483c5dbb9cc38f4f,Clogher Record,1967,10
journal_483c5dbb9cc38f4f,Clogher Record,1968,12
journal_483c5dbb9cc38f4f,Clogher Record,1969,12
journal_483c5dbb9cc38f4f,Clogher Record,1970,10
journal_483c5dbb9cc38f4f,Clogher Record,1971,14
journal_483c5dbb9cc38f4f,Clogher Record,1973,12
journal_483c5dbb9cc38f4f,Clogher Record,1974,10
journal_483c5dbb9cc38f4f,Clogher Record,1975,26
journal_483c5dbb9cc38f4f,Clogher Record,1976,12
journal_483c5dbb9cc38f4f,Clogher Record,1977,10
journal_483c5dbb9cc38f4f,Clogher Record,1978,15
journal_483c5dbb9cc38f4f,Clogher Record,1979,13
journal_483c5dbb9cc38f4f,Clogher Record,1980,15
journal_483c5dbb9cc38f4f,Clogher Record,1981,15
journal_483c5dbb9cc38f4f,Clogher Record,1982,13
journal_483c5dbb9cc38f4f,Clogher Record,1983,16
journal_483c5dbb9cc38f4f,Clogher Record,1984,15
journal_483c5dbb9cc38f4f,Clogher Record,1985,19
journal_483c5dbb9cc38f4f,Clogher Record,1986,11
journal_483c5dbb9cc38f4f,Clogher Record,1987,22
journal_483c5dbb9cc38f4f,Clogher Record,1988,17
journal_483c5dbb9cc38f4f,Clogher Record,1989,15
journal_483c5dbb9cc38f4f,Clogher Record,1990,13
journal_483c5dbb9cc38f4f,Clogher Record,1991,8
journal_483c5dbb9cc38f4f,Clogher Record,1992,14
journal_483c5dbb9cc38f4f,Clogher Record,1993,10
journal_483c5dbb9cc38f4f,Clogher Record,1994,13
journal_483c5dbb9cc38f4f,Clogher Record,1995,8
journal_483c5dbb9cc38f4f,Clogher Record,1996,7
journal_483c5dbb9cc38f4f,Clogher Record,1997,15
journal_483c5dbb9cc38f4f,Clogher Record,1998,12
journal_483c5dbb9cc38f4f,Clogher Record,1999,17
journal_483c5dbb9cc38f4f,Clogher Record,2000,1
journal_483c5dbb9cc38f4f,Clogher Record,2001,1
journal_483c5dbb9cc38f4f,Clogher Record,2002,16
journal_483c5dbb9cc38f4f,Clogher Record,2003,13
journal_483c5dbb9cc38f4f,Clogher Record,2004,13
journal_483c5dbb9cc38f4f,Clogher Record,2005,11
journal_483c5dbb9cc38f4f,Clogher Record,2006,19
journal_483c5dbb9cc38f4f,Clogher Record,2007,14
journal_4a594fa2503f3313,New York History,2012,16
journal_4a594fa2503f3313,New York History,2013,15
journal_4ab29e2dc4c42863,History and Sociology of South Asia,2010,14
journal_4ab29e2dc4c42863,History and Sociology of South Asia,2011,16
journal_4ab29e2dc4c42863,History and Sociology of South Asia,2012,17
journal_4ab29e2dc4c42863,History and Sociology of South Asia,2013,8
journal_4ab29e2dc4c42863,History and Sociology of South Asia,2014,13
journal_4ab29e2dc4c42863,History and Sociology of South Asia,2015,25
journal_4ab29e2dc4c42863,History and Sociology of South Asia,2016,18
journal_4ab29e2dc4c42863,History and Sociology of South Asia,2017,24
journal_4ab29e2dc4c42863,History and Sociology of South Asia,2018,8
journal_4ab29e2dc4c42863,History and Sociology of South Asia,2019,11
journal_4ab29e2dc4c42863,History and Sociology of South Asia,2020,6
journal_4ab29e2dc4c42863,History and Sociology of South Asia,2021,6
journal_4ab29e2dc4c42863,History and Sociology of South Asia,2022,16
journal_4ab29e2dc4c42863,History and Sociology of South Asia,2023,22
journal_4ab29e2dc4c42863,History and Sociology of South Asia,2024,25
journal_4ab29e2dc4c42863,History and Sociology of South Asia,2025,16
journal_4ab29e2dc4c42863,History and Sociology of South Asia,2026,7
journal_4cb3ce45f1001168,Continuity and Change,1986,40
journal_4cb3ce45f1001168,Continuity and Change,1987,35
journal_4cb3ce45f1001168,Continuity and Change,1988,32
journal_4cb3ce45f1001168,Continuity and Change,1989,29
journal_4cb3ce45f1001168,Continuity and Change,1990,35
journal_4cb3ce45f1001168,Continuity and Change,1991,37
journal_4cb3ce45f1001168,Continuity and Change,1992,46
journal_4cb3ce45f1001168,Continuity and Change,1993,36
journal_4cb3ce45f1001168,Continuity and Change,1994,34
journal_4cb3ce45f1001168,Continuity and Change,1995,59
journal_4cb3ce45f1001168,Continuity and Change,1996,48
journal_4cb3ce45f1001168,Continuity and Change,1997,41
journal_4cb3ce45f1001168,Continuity and Change,1998,38
journal_4cb3ce45f1001168,Continuity and Change,1999,64
journal_4cb3ce45f1001168,Continuity and Change,2000,29
journal_4cb3ce45f1001168,Continuity and Change,2001,46
journal_4cb3ce45f1001168,Continuity and Change,2002,34
journal_4cb3ce45f1001168,Continuity and Change,2003,28
journal_4cb3ce45f1001168,Continuity and Change,2004,36
journal_4cb3ce45f1001168,Continuity and Change,2005,29
journal_4cb3ce45f1001168,Continuity and Change,2006,27
journal_4cb3ce45f1001168,Continuity and Change,2007,43
journal_4cb3ce45f1001168,Continuity and Change,2008,33
journal_4cb3ce45f1001168,Continuity and Change,2009,38
journal_4cb3ce45f1001168,Continuity and Change,2010,34
journal_4cb3ce45f1001168,Continuity and Change,2011,26
journal_4cb3ce45f1001168,Continuity and Change,2012,26
journal_4cb3ce45f1001168,Continuity and Change,2013,40
journal_4cb3ce45f1001168,Continuity and Change,2014,30
journal_4cb3ce45f1001168,Continuity and Change,2015,39
journal_4cb3ce45f1001168,Continuity and Change,2016,35
journal_4cb3ce45f1001168,Continuity and Change,2017,36
journal_4cb3ce45f1001168,Continuity and Change,2018,32
journal_4cb3ce45f1001168,Continuity and Change,2019,37
journal_4cb3ce45f1001168,Continuity and Change,2020,31
journal_4cb3ce45f1001168,Continuity and Change,2021,32
journal_4cb3ce45f1001168,Continuity and Change,2022,31
journal_4cb3ce45f1001168,Continuity and Change,2023,30
journal_4cb3ce45f1001168,Continuity and Change,2024,33
journal_4cb3ce45f1001168,Continuity and Change,2025,27
journal_4cb3ce45f1001168,Continuity and Change,2026,10
journal_4d7fa7f3dd0dba0e,Agricultural History,2000,93
journal_4d7fa7f3dd0dba0e,Agricultural History,2001,120
journal_4d7fa7f3dd0dba0e,Agricultural History,2002,146
journal_4d7fa7f3dd0dba0e,Agricultural History,2003,73
journal_4d7fa7f3dd0dba0e,Agricultural History,2004,126
journal_4d7fa7f3dd0dba0e,Agricultural History,2005,151
journal_4d7fa7f3dd0dba0e,Agricultural History,2006,172
journal_4d7fa7f3dd0dba0e,Agricultural History,2007,137
journal_4d7fa7f3dd0dba0e,Agricultural History,2008,144
journal_4d7fa7f3dd0dba0e,Agricultural History,2009,132
journal_4d7fa7f3dd0dba0e,Agricultural History,2010,138
journal_4d7fa7f3dd0dba0e,Agricultural History,2011,22
journal_4d7fa7f3dd0dba0e,Agricultural History,2012,28
journal_4d7fa7f3dd0dba0e,Agricultural History,2013,25
journal_4d7fa7f3dd0dba0e,Agricultural History,2014,32
journal_4d7fa7f3dd0dba0e,Agricultural History,2015,156
journal_4d7fa7f3dd0dba0e,Agricultural History,2016,126
journal_4d7fa7f3dd0dba0e,Agricultural History,2017,130
journal_4d7fa7f3dd0dba0e,Agricultural History,2018,94
journal_4d7fa7f3dd0dba0e,Agricultural History,2019,77
journal_4d7fa7f3dd0dba0e,Agricultural History,2020,29
journal_4d7fa7f3dd0dba0e,Agricultural History,2021,29
journal_4d7fa7f3dd0dba0e,Agricultural History,2022,82
journal_4d7fa7f3dd0dba0e,Agricultural History,2023,89
journal_4d7fa7f3dd0dba0e,Agricultural History,2024,84
journal_4d7fa7f3dd0dba0e,Agricultural History,2025,71
journal_4d7fa7f3dd0dba0e,Agricultural History,2026,50
journal_4d911409059178f9,Labour History Review,1960,8
journal_4d911409059178f9,Labour History Review,1961,22
journal_4d911409059178f9,Labour History Review,1962,28
journal_4d911409059178f9,Labour History Review,1963,23
journal_4d911409059178f9,Labour History Review,1964,21
journal_4d911409059178f9,Labour History Review,1965,18
journal_4d911409059178f9,Labour History Review,1966,23
journal_4d911409059178f9,Labour History Review,1967,19
journal_4d911409059178f9,Labour History Review,1968,19
journal_4d911409059178f9,Labour History Review,1969,20
journal_4d911409059178f9,Labour History Review,1970,23
journal_4d911409059178f9,Labour History Review,1971,19
journal_4d911409059178f9,Labour History Review,1972,25
journal_4d911409059178f9,Labour History Review,1973,24
journal_4d911409059178f9,Labour History Review,1974,24
journal_4d911409059178f9,Labour History Review,1975,20
journal_4d911409059178f9,Labour History Review,1976,23
journal_4d911409059178f9,Labour History Review,1977,23
journal_4d911409059178f9,Labour History Review,1978,21
journal_4d911409059178f9,Labour History Review,1979,25
journal_4d911409059178f9,Labour History Review,1980,29
journal_4d911409059178f9,Labour History Review,1981,15
journal_4d911409059178f9,Labour History Review,1982,17
journal_4d911409059178f9,Labour History Review,1983,23
journal_4d911409059178f9,Labour History Review,1984,25
journal_4d911409059178f9,Labour History Review,1985,12
journal_4d911409059178f9,Labour History Review,1986,33
journal_4d911409059178f9,Labour History Review,1987,26
journal_4d911409059178f9,Labour History Review,1988,28
journal_4d911409059178f9,Labour History Review,1989,24
journal_4d911409059178f9,Labour History Review,1990,26
journal_4d911409059178f9,Labour History Review,1991,18
journal_4d911409059178f9,Labour History Review,1992,26
journal_4d911409059178f9,Labour History Review,1993,28
journal_4d911409059178f9,Labour History Review,1994,28
journal_4d911409059178f9,Labour History Review,1995,31
journal_4d911409059178f9,Labour History Review,1996,28
journal_4d911409059178f9,Labour History Review,1997,27
journal_4d911409059178f9,Labour History Review,1998,24
journal_4d911409059178f9,Labour History Review,1999,23
journal_4d911409059178f9,Labour History Review,2000,24
journal_4d911409059178f9,Labour History Review,2001,30
journal_4d911409059178f9,Labour History Review,2002,33
journal_4d911409059178f9,Labour History Review,2003,28
journal_4d911409059178f9,Labour History Review,2004,30
journal_4d911409059178f9,Labour History Review,2005,25
journal_4d911409059178f9,Labour History Review,2006,20
journal_4d911409059178f9,Labour History Review,2007,19
journal_4d911409059178f9,Labour History Review,2008,20
journal_4d911409059178f9,Labour History Review,2009,26
journal_4d911409059178f9,Labour History Review,2010,28
journal_4d911409059178f9,Labour History Review,2011,21
journal_4d911409059178f9,Labour History Review,2012,21
journal_4d911409059178f9,Labour History Review,2013,19
journal_4d911409059178f9,Labour History Review,2014,18
journal_4d911409059178f9,Labour History Review,2015,15
journal_4d911409059178f9,Labour History Review,2016,16
journal_4d911409059178f9,Labour History Review,2017,13
journal_4d911409059178f9,Labour History Review,2018,14
journal_4d911409059178f9,Labour History Review,2019,15
journal_4d911409059178f9,Labour History Review,2020,15
journal_4d911409059178f9,Labour History Review,2021,23
journal_4d911409059178f9,Labour History Review,2022,17
journal_4d911409059178f9,Labour History Review,2023,14
journal_4d911409059178f9,Labour History Review,2024,13
journal_4d911409059178f9,Labour History Review,2025,16
journal_4d911409059178f9,Labour History Review,2026,10
journal_4e8ff5bd7ff87fe6,Vulcan,2013,6
journal_4e8ff5bd7ff87fe6,Vulcan,2014,6
journal_4e8ff5bd7ff87fe6,Vulcan,2015,7
journal_4e8ff5bd7ff87fe6,Vulcan,2016,6
journal_4e8ff5bd7ff87fe6,Vulcan,2017,6
journal_4e8ff5bd7ff87fe6,Vulcan,2018,5
journal_4e8ff5bd7ff87fe6,Vulcan,2019,13
journal_4e8ff5bd7ff87fe6,Vulcan,2020,11
journal_4e8ff5bd7ff87fe6,Vulcan,2022,15
journal_4e8ff5bd7ff87fe6,Vulcan,2024,4
journal_4f86aafee1743ee1,Culture &amp; History Digital Journal,2012,17
journal_4f86aafee1743ee1,Culture &amp; History Digital Journal,2013,22
journal_4f86aafee1743ee1,Culture &amp; History Digital Journal,2014,25
journal_4f86aafee1743ee1,Culture &amp; History Digital Journal,2015,21
journal_4f86aafee1743ee1,Culture &amp; History Digital Journal,2016,21
journal_4f86aafee1743ee1,Culture &amp; History Digital Journal,2017,20
journal_4f86aafee1743ee1,Culture &amp; History Digital Journal,2018,21
journal_4f86aafee1743ee1,Culture &amp; History Digital Journal,2019,24
journal_4f86aafee1743ee1,Culture &amp; History Digital Journal,2020,21
journal_4f86aafee1743ee1,Culture &amp; History Digital Journal,2021,23
journal_4f86aafee1743ee1,Culture &amp; History Digital Journal,2022,28
journal_4f86aafee1743ee1,Culture &amp; History Digital Journal,2023,27
journal_4f86aafee1743ee1,Culture &amp; History Digital Journal,2024,21
journal_4f86aafee1743ee1,Culture &amp; History Digital Journal,2025,31
journal_4f86aafee1743ee1,Culture &amp; History Digital Journal,2026,12
journal_50571d41b70f9a9f,Berichte zur Wissenschafts-Geschichte,2002,43
journal_50571d41b70f9a9f,Berichte zur Wissenschafts-Geschichte,2005,48
journal_50571d41b70f9a9f,Berichte zur Wissenschaftsgeschichte,1978,29
journal_50571d41b70f9a9f,Berichte zur Wissenschaftsgeschichte,1979,31
journal_50571d41b70f9a9f,Berichte zur Wissenschaftsgeschichte,1980,31
journal_50571d41b70f9a9f,Berichte zur Wissenschaftsgeschichte,1981,40
journal_50571d41b70f9a9f,Berichte zur Wissenschaftsgeschichte,1982,42
journal_50571d41b70f9a9f,Berichte zur Wissenschaftsgeschichte,1983,37
journal_50571d41b70f9a9f,Berichte zur Wissenschaftsgeschichte,1984,44
journal_50571d41b70f9a9f,Berichte zur Wissenschaftsgeschichte,1985,59
journal_50571d41b70f9a9f,Berichte zur Wissenschaftsgeschichte,1986,45
journal_50571d41b70f9a9f,Berichte zur Wissenschaftsgeschichte,1987,80
journal_50571d41b70f9a9f,Berichte zur Wissenschaftsgeschichte,1988,57
journal_50571d41b70f9a9f,Berichte zur Wissenschaftsgeschichte,1989,41
journal_50571d41b70f9a9f,Berichte zur Wissenschaftsgeschichte,1990,70
journal_50571d41b70f9a9f,Berichte zur Wissenschaftsgeschichte,1991,68
journal_50571d41b70f9a9f,Berichte zur Wissenschaftsgeschichte,1992,57
journal_50571d41b70f9a9f,Berichte zur Wissenschaftsgeschichte,1993,43
journal_50571d41b70f9a9f,Berichte zur Wissenschaftsgeschichte,1994,50
journal_50571d41b70f9a9f,Berichte zur Wissenschaftsgeschichte,1995,78
journal_50571d41b70f9a9f,Berichte zur Wissenschaftsgeschichte,1996,54
journal_50571d41b70f9a9f,Berichte zur Wissenschaftsgeschichte,1997,39
journal_50571d41b70f9a9f,Berichte zur Wissenschaftsgeschichte,1998,68
journal_50571d41b70f9a9f,Berichte zur Wissenschaftsgeschichte,1999,83
journal_50571d41b70f9a9f,Berichte zur Wissenschaftsgeschichte,2000,70
journal_50571d41b70f9a9f,Berichte zur Wissenschaftsgeschichte,2001,59
journal_50571d41b70f9a9f,Berichte zur Wissenschaftsgeschichte,2002,14
journal_50571d41b70f9a9f,Berichte zur Wissenschaftsgeschichte,2003,76
journal_50571d41b70f9a9f,Berichte zur Wissenschaftsgeschichte,2004,79
journal_50571d41b70f9a9f,Berichte zur Wissenschaftsgeschichte,2006,76
journal_50571d41b70f9a9f,Berichte zur Wissenschaftsgeschichte,2007,70
journal_50571d41b70f9a9f,Berichte zur Wissenschaftsgeschichte,2008,65
journal_50571d41b70f9a9f,Berichte zur Wissenschaftsgeschichte,2009,57
journal_50571d41b70f9a9f,Berichte zur Wissenschaftsgeschichte,2010,59
journal_50571d41b70f9a9f,Berichte zur Wissenschaftsgeschichte,2011,49
journal_50571d41b70f9a9f,Berichte zur Wissenschaftsgeschichte,2012,56
journal_50571d41b70f9a9f,Berichte zur Wissenschaftsgeschichte,2013,59
journal_50571d41b70f9a9f,Berichte zur Wissenschaftsgeschichte,2014,59
journal_50571d41b70f9a9f,Berichte zur Wissenschaftsgeschichte,2015,60
journal_50571d41b70f9a9f,Berichte zur Wissenschaftsgeschichte,2016,56
journal_50571d41b70f9a9f,Berichte zur Wissenschaftsgeschichte,2017,62
journal_50571d41b70f9a9f,Berichte zur Wissenschaftsgeschichte,2018,88
journal_50571d41b70f9a9f,Berichte zur Wissenschaftsgeschichte,2019,32
journal_50571d41b70f9a9f,Berichte zur Wissenschaftsgeschichte,2020,44
journal_50571d41b70f9a9f,Berichte zur Wissenschaftsgeschichte,2021,33
journal_50571d41b70f9a9f,Berichte zur Wissenschaftsgeschichte,2022,51
journal_50571d41b70f9a9f,Berichte zur Wissenschaftsgeschichte,2023,29
journal_50571d41b70f9a9f,Berichte zur Wissenschaftsgeschichte,2024,29
journal_50571d41b70f9a9f,Berichte zur Wissenschaftsgeschichte,2025,27
journal_50571d41b70f9a9f,Berichte zur Wissenschaftsgeschichte,2026,22
journal_513aa84d8ec855f3,Journal of Management History,2018,1
journal_513aa84d8ec855f3,Journal of Management History,2019,6
journal_513aa84d8ec855f3,Journal of Management History,2023,2
journal_513aa84d8ec855f3,Journal of Management History,2024,34
journal_513aa84d8ec855f3,Journal of Management History,2025,46
journal_513aa84d8ec855f3,Journal of Management History,2026,41
journal_52d81008d00a13c6,Labour History,1963,17
journal_52d81008d00a13c6,Labour History,1964,22
journal_52d81008d00a13c6,Labour History,1965,36
journal_52d81008d00a13c6,Labour History,1966,29
journal_52d81008d00a13c6,Labour History,1967,20
journal_52d81008d00a13c6,Labour History,1968,30
journal_52d81008d00a13c6,Labour History,1969,33
journal_52d81008d00a13c6,Labour History,1970,33
journal_52d81008d00a13c6,Labour History,1971,25
journal_52d81008d00a13c6,Labour History,1972,20
journal_52d81008d00a13c6,Labour History,1973,27
journal_52d81008d00a13c6,Labour History,1974,38
journal_52d81008d00a13c6,Labour History,1975,44
journal_52d81008d00a13c6,Labour History,1976,33
journal_52d81008d00a13c6,Labour History,1977,41
journal_52d81008d00a13c6,Labour History,1978,34
journal_52d81008d00a13c6,Labour History,1979,42
journal_52d81008d00a13c6,Labour History,1980,49
journal_52d81008d00a13c6,Labour History,1981,40
journal_52d81008d00a13c6,Labour History,1982,48
journal_52d81008d00a13c6,Labour History,1983,61
journal_52d81008d00a13c6,Labour History,1984,63
journal_52d81008d00a13c6,Labour History,1985,54
journal_52d81008d00a13c6,Labour History,1986,28
journal_52d81008d00a13c6,Labour History,1987,62
journal_52d81008d00a13c6,Labour History,1988,52
journal_52d81008d00a13c6,Labour History,1989,47
journal_52d81008d00a13c6,Labour History,1990,52
journal_52d81008d00a13c6,Labour History,1991,49
journal_52d81008d00a13c6,Labour History,1992,50
journal_52d81008d00a13c6,Labour History,1993,58
journal_52d81008d00a13c6,Labour History,1994,56
journal_52d81008d00a13c6,Labour History,1995,49
journal_52d81008d00a13c6,Labour History,1996,45
journal_52d81008d00a13c6,Labour History,1997,75
journal_52d81008d00a13c6,Labour History,1998,58
journal_52d81008d00a13c6,Labour History,1999,61
journal_52d81008d00a13c6,Labour History,2000,61
journal_52d81008d00a13c6,Labour History,2001,58
journal_52d81008d00a13c6,Labour History,2002,65
journal_52d81008d00a13c6,Labour History,2003,56
journal_52d81008d00a13c6,Labour History,2004,59
journal_52d81008d00a13c6,Labour History,2005,65
journal_52d81008d00a13c6,Labour History,2006,60
journal_52d81008d00a13c6,Labour History,2007,64
journal_52d81008d00a13c6,Labour History,2008,70
journal_52d81008d00a13c6,Labour History,2010,105
journal_52d81008d00a13c6,Labour History,2011,67
journal_52d81008d00a13c6,Labour History,2012,73
journal_52d81008d00a13c6,Labour History,2013,71
journal_52d81008d00a13c6,Labour History,2014,60
journal_52d81008d00a13c6,Labour History,2015,76
journal_52d81008d00a13c6,Labour History,2016,62
journal_52d81008d00a13c6,Labour History,2017,55
journal_52d81008d00a13c6,Labour History,2018,85
journal_52d81008d00a13c6,Labour History,2019,29
journal_52d81008d00a13c6,Labour History,2020,35
journal_52d81008d00a13c6,Labour History,2021,33
journal_52d81008d00a13c6,Labour History,2022,35
journal_52d81008d00a13c6,Labour History,2023,30
journal_52d81008d00a13c6,Labour History,2024,47
journal_52d81008d00a13c6,Labour History,2025,41
journal_52d81008d00a13c6,Labour History,2026,18
journal_53d0ad654c4a87ff,I Tatti Studies,2023,6
journal_53d0ad654c4a87ff,I Tatti Studies,2024,15
journal_53d0ad654c4a87ff,I Tatti Studies,2025,12
journal_53d0ad654c4a87ff,I Tatti Studies,2026,8
journal_53d0ad654c4a87ff,I Tatti Studies in the Italian Renaissance,1985,11
journal_53d0ad654c4a87ff,I Tatti Studies in the Italian Renaissance,1987,10
journal_53d0ad654c4a87ff,I Tatti Studies in the Italian Renaissance,1989,9
journal_53d0ad654c4a87ff,I Tatti Studies in the Italian Renaissance,1991,11
journal_53d0ad654c4a87ff,I Tatti Studies in the Italian Renaissance,1993,10
journal_53d0ad654c4a87ff,I Tatti Studies in the Italian Renaissance,1995,10
journal_53d0ad654c4a87ff,I Tatti Studies in the Italian Renaissance,1997,10
journal_53d0ad654c4a87ff,I Tatti Studies in the Italian Renaissance,1999,9
journal_53d0ad654c4a87ff,I Tatti Studies in the Italian Renaissance,2001,7
journal_53d0ad654c4a87ff,I Tatti Studies in the Italian Renaissance,2005,7
journal_53d0ad654c4a87ff,I Tatti Studies in the Italian Renaissance,2007,9
journal_53d0ad654c4a87ff,I Tatti Studies in the Italian Renaissance,2009,9
journal_53d0ad654c4a87ff,I Tatti Studies in the Italian Renaissance,2010,7
journal_53d0ad654c4a87ff,I Tatti Studies in the Italian Renaissance,2011,9
journal_53d0ad654c4a87ff,I Tatti Studies in the Italian Renaissance,2013,25
journal_53d0ad654c4a87ff,I Tatti Studies in the Italian Renaissance,2014,19
journal_53d0ad654c4a87ff,I Tatti Studies in the Italian Renaissance,2015,20
journal_53d0ad654c4a87ff,I Tatti Studies in the Italian Renaissance,2016,21
journal_53d0ad654c4a87ff,I Tatti Studies in the Italian Renaissance,2017,19
journal_53d0ad654c4a87ff,I Tatti Studies in the Italian Renaissance,2018,19
journal_53d0ad654c4a87ff,I Tatti Studies in the Italian Renaissance,2019,32
journal_53d0ad654c4a87ff,I Tatti Studies in the Italian Renaissance,2020,20
journal_53d0ad654c4a87ff,I Tatti Studies in the Italian Renaissance,2021,21
journal_53d0ad654c4a87ff,I Tatti Studies in the Italian Renaissance,2022,20
journal_53d0ad654c4a87ff,I Tatti Studies in the Italian Renaissance,2023,20
journal_54275c61f233de7b,Revista Complutense de Historia de América,1970,78
journal_54275c61f233de7b,Revista Complutense de Historia de América,2010,13
journal_54275c61f233de7b,Revista Complutense de Historia de América,2012,22
journal_54275c61f233de7b,Revista Complutense de Historia de América,2013,10
journal_54275c61f233de7b,Revista Complutense de Historia de América,2014,13
journal_54275c61f233de7b,Revista Complutense de Historia de América,2019,33
journal_54275c61f233de7b,Revista Complutense de Historia de América,2020,23
journal_54275c61f233de7b,Revista Complutense de Historia de América,2021,30
journal_54275c61f233de7b,Revista Complutense de Historia de América,2022,28
journal_54275c61f233de7b,Revista Complutense de Historia de América,2023,22
journal_54275c61f233de7b,Revista Complutense de Historia de América,2024,48
journal_54275c61f233de7b,Revista Complutense de Historia de América,2025,44
journal_54275c61f233de7b,Revista Complutense de Historia de América,2026,20
journal_55b2862e091c93c6,History in Africa,1895,2
journal_55b2862e091c93c6,History in Africa,1974,19
journal_55b2862e091c93c6,History in Africa,1975,14
journal_55b2862e091c93c6,History in Africa,1976,19
journal_55b2862e091c93c6,History in Africa,1977,20
journal_55b2862e091c93c6,History in Africa,1978,30
journal_55b2862e091c93c6,History in Africa,1979,19
journal_55b2862e091c93c6,History in Africa,1980,31
journal_55b2862e091c93c6,History in Africa,1981,30
journal_55b2862e091c93c6,History in Africa,1982,29
journal_55b2862e091c93c6,History in Africa,1983,23
journal_55b2862e091c93c6,History in Africa,1984,29
journal_55b2862e091c93c6,History in Africa,1985,29
journal_55b2862e091c93c6,History in Africa,1986,25
journal_55b2862e091c93c6,History in Africa,1987,26
journal_55b2862e091c93c6,History in Africa,1988,25
journal_55b2862e091c93c6,History in Africa,1989,26
journal_55b2862e091c93c6,History in Africa,1990,27
journal_55b2862e091c93c6,History in Africa,1991,29
journal_55b2862e091c93c6,History in Africa,1992,23
journal_55b2862e091c93c6,History in Africa,1993,33
journal_55b2862e091c93c6,History in Africa,1994,25
journal_55b2862e091c93c6,History in Africa,1995,26
journal_55b2862e091c93c6,History in Africa,1996,29
journal_55b2862e091c93c6,History in Africa,1997,36
journal_55b2862e091c93c6,History in Africa,1998,29
journal_55b2862e091c93c6,History in Africa,1999,22
journal_55b2862e091c93c6,History in Africa,2000,30
journal_55b2862e091c93c6,History in Africa,2001,28
journal_55b2862e091c93c6,History in Africa,2002,21
journal_55b2862e091c93c6,History in Africa,2003,26
journal_55b2862e091c93c6,History in Africa,2004,31
journal_55b2862e091c93c6,History in Africa,2005,28
journal_55b2862e091c93c6,History in Africa,2006,27
journal_55b2862e091c93c6,History in Africa,2007,27
journal_55b2862e091c93c6,History in Africa,2008,22
journal_55b2862e091c93c6,History in Africa,2009,21
journal_55b2862e091c93c6,History in Africa,2010,18
journal_55b2862e091c93c6,History in Africa,2011,21
journal_55b2862e091c93c6,History in Africa,2012,20
journal_55b2862e091c93c6,History in Africa,2013,29
journal_55b2862e091c93c6,History in Africa,2014,23
journal_55b2862e091c93c6,History in Africa,2015,31
journal_55b2862e091c93c6,History in Africa,2016,16
journal_55b2862e091c93c6,History in Africa,2017,14
journal_55b2862e091c93c6,History in Africa,2018,26
journal_55b2862e091c93c6,History in Africa,2019,27
journal_55b2862e091c93c6,History in Africa,2020,17
journal_55b2862e091c93c6,History in Africa,2021,20
journal_55b2862e091c93c6,History in Africa,2022,19
journal_55b2862e091c93c6,History in Africa,2023,17
journal_55b2862e091c93c6,History in Africa,2024,11
journal_55b2862e091c93c6,History in Africa,2025,10
journal_55b2862e091c93c6,History in Africa,2026,12
journal_5616638fc5b421be,The Western Historical Quarterly,1970,83
journal_5616638fc5b421be,The Western Historical Quarterly,1971,76
journal_5616638fc5b421be,The Western Historical Quarterly,1972,68
journal_5616638fc5b421be,The Western Historical Quarterly,1973,60
journal_5616638fc5b421be,The Western Historical Quarterly,1974,105
journal_5616638fc5b421be,The Western Historical Quarterly,1975,133
journal_5616638fc5b421be,The Western Historical Quarterly,1976,83
journal_5616638fc5b421be,The Western Historical Quarterly,1977,117
journal_5616638fc5b421be,The Western Historical Quarterly,1978,129
journal_5616638fc5b421be,The Western Historical Quarterly,1979,117
journal_5616638fc5b421be,The Western Historical Quarterly,1980,112
journal_5616638fc5b421be,The Western Historical Quarterly,1981,111
journal_5616638fc5b421be,The Western Historical Quarterly,1982,112
journal_5616638fc5b421be,The Western Historical Quarterly,1983,127
journal_5616638fc5b421be,The Western Historical Quarterly,1984,157
journal_5616638fc5b421be,The Western Historical Quarterly,1985,144
journal_5616638fc5b421be,The Western Historical Quarterly,1986,163
journal_5616638fc5b421be,The Western Historical Quarterly,1987,156
journal_5616638fc5b421be,The Western Historical Quarterly,1988,156
journal_5616638fc5b421be,The Western Historical Quarterly,1989,147
journal_5616638fc5b421be,The Western Historical Quarterly,1990,137
journal_5616638fc5b421be,The Western Historical Quarterly,1991,142
journal_5616638fc5b421be,The Western Historical Quarterly,1992,175
journal_5616638fc5b421be,The Western Historical Quarterly,1993,186
journal_5616638fc5b421be,The Western Historical Quarterly,1994,170
journal_5616638fc5b421be,The Western Historical Quarterly,1995,182
journal_5616638fc5b421be,The Western Historical Quarterly,1996,151
journal_5616638fc5b421be,The Western Historical Quarterly,1997,149
journal_5616638fc5b421be,The Western Historical Quarterly,1998,148
journal_5616638fc5b421be,The Western Historical Quarterly,1999,151
journal_5616638fc5b421be,The Western Historical Quarterly,2000,139
journal_5616638fc5b421be,The Western Historical Quarterly,2001,116
journal_5616638fc5b421be,The Western Historical Quarterly,2002,133
journal_5616638fc5b421be,The Western Historical Quarterly,2003,155
journal_5616638fc5b421be,The Western Historical Quarterly,2004,149
journal_5616638fc5b421be,The Western Historical Quarterly,2005,155
journal_5616638fc5b421be,The Western Historical Quarterly,2006,152
journal_5616638fc5b421be,The Western Historical Quarterly,2007,75
journal_5616638fc5b421be,The Western Historical Quarterly,2008,59
journal_5616638fc5b421be,The Western Historical Quarterly,2010,190
journal_5616638fc5b421be,The Western Historical Quarterly,2011,198
journal_5616638fc5b421be,The Western Historical Quarterly,2012,177
journal_5616638fc5b421be,The Western Historical Quarterly,2013,161
journal_5616638fc5b421be,The Western Historical Quarterly,2014,142
journal_5616638fc5b421be,The Western Historical Quarterly,2015,141
journal_5616638fc5b421be,The Western Historical Quarterly,2016,1
journal_5616638fc5b421be,The Western Historical Quarterly,2023,151
journal_5616638fc5b421be,The Western Historical Quarterly,2024,78
journal_5616638fc5b421be,The Western Historical Quarterly,2025,87
journal_5616638fc5b421be,The Western Historical Quarterly,2026,65
journal_5616638fc5b421be,Western Historical Quarterly,1970,13
journal_5616638fc5b421be,Western Historical Quarterly,1971,17
journal_5616638fc5b421be,Western Historical Quarterly,1972,15
journal_5616638fc5b421be,Western Historical Quarterly,1973,14
journal_5616638fc5b421be,Western Historical Quarterly,1974,13
journal_5616638fc5b421be,Western Historical Quarterly,1975,15
journal_5616638fc5b421be,Western Historical Quarterly,1976,15
journal_5616638fc5b421be,Western Historical Quarterly,1977,15
journal_5616638fc5b421be,Western Historical Quarterly,1978,15
journal_5616638fc5b421be,Western Historical Quarterly,1979,16
journal_5616638fc5b421be,Western Historical Quarterly,1980,14
journal_5616638fc5b421be,Western Historical Quarterly,1981,15
journal_5616638fc5b421be,Western Historical Quarterly,1982,14
journal_5616638fc5b421be,Western Historical Quarterly,1983,15
journal_5616638fc5b421be,Western Historical Quarterly,1984,14
journal_5616638fc5b421be,Western Historical Quarterly,1985,15
journal_5616638fc5b421be,Western Historical Quarterly,1986,14
journal_5616638fc5b421be,Western Historical Quarterly,1987,14
journal_5616638fc5b421be,Western Historical Quarterly,1988,14
journal_5616638fc5b421be,Western Historical Quarterly,1989,14
journal_5616638fc5b421be,Western Historical Quarterly,1990,14
journal_5616638fc5b421be,Western Historical Quarterly,1991,13
journal_5616638fc5b421be,Western Historical Quarterly,1992,12
journal_5616638fc5b421be,Western Historical Quarterly,1993,13
journal_5616638fc5b421be,Western Historical Quarterly,1994,15
journal_5616638fc5b421be,Western Historical Quarterly,1995,12
journal_5616638fc5b421be,Western Historical Quarterly,1996,12
journal_5616638fc5b421be,Western Historical Quarterly,1997,13
journal_5616638fc5b421be,Western Historical Quarterly,1998,13
journal_5616638fc5b421be,Western Historical Quarterly,1999,13
journal_5616638fc5b421be,Western Historical Quarterly,2000,16
journal_5616638fc5b421be,Western Historical Quarterly,2001,15
journal_5616638fc5b421be,Western Historical Quarterly,2002,12
journal_5616638fc5b421be,Western Historical Quarterly,2003,12
journal_5616638fc5b421be,Western Historical Quarterly,2004,13
journal_5616638fc5b421be,Western Historical Quarterly,2005,13
journal_5616638fc5b421be,Western Historical Quarterly,2006,12
journal_5616638fc5b421be,Western Historical Quarterly,2007,98
journal_5616638fc5b421be,Western Historical Quarterly,2008,99
journal_5616638fc5b421be,Western Historical Quarterly,2009,171
journal_5616638fc5b421be,Western Historical Quarterly,2014,44
journal_5616638fc5b421be,Western Historical Quarterly,2015,47
journal_5616638fc5b421be,Western Historical Quarterly,2016,233
journal_5616638fc5b421be,Western Historical Quarterly,2017,131
journal_5616638fc5b421be,Western Historical Quarterly,2018,131
journal_5616638fc5b421be,Western Historical Quarterly,2019,129
journal_5616638fc5b421be,Western Historical Quarterly,2020,141
journal_5616638fc5b421be,Western Historical Quarterly,2021,154
journal_5616638fc5b421be,Western Historical Quarterly,2022,99
journal_5616638fc5b421be,Western Historical Quarterly,2023,5
journal_567d4902fd507274,Sport History Review,1996,22
journal_567d4902fd507274,Sport History Review,1997,23
journal_567d4902fd507274,Sport History Review,1998,25
journal_567d4902fd507274,Sport History Review,1999,10
journal_567d4902fd507274,Sport History Review,2000,10
journal_567d4902fd507274,Sport History Review,2001,20
journal_567d4902fd507274,Sport History Review,2002,16
journal_567d4902fd507274,Sport History Review,2003,9
journal_567d4902fd507274,Sport History Review,2004,11
journal_567d4902fd507274,Sport History Review,2005,14
journal_567d4902fd507274,Sport History Review,2006,14
journal_567d4902fd507274,Sport History Review,2007,11
journal_567d4902fd507274,Sport History Review,2008,10
journal_567d4902fd507274,Sport History Review,2009,11
journal_567d4902fd507274,Sport History Review,2010,10
journal_567d4902fd507274,Sport History Review,2011,11
journal_567d4902fd507274,Sport History Review,2012,11
journal_567d4902fd507274,Sport History Review,2013,13
journal_567d4902fd507274,Sport History Review,2014,12
journal_567d4902fd507274,Sport History Review,2015,22
journal_567d4902fd507274,Sport History Review,2016,12
journal_567d4902fd507274,Sport History Review,2017,15
journal_567d4902fd507274,Sport History Review,2018,20
journal_567d4902fd507274,Sport History Review,2019,21
journal_567d4902fd507274,Sport History Review,2020,24
journal_567d4902fd507274,Sport History Review,2021,24
journal_567d4902fd507274,Sport History Review,2022,29
journal_567d4902fd507274,Sport History Review,2023,22
journal_567d4902fd507274,Sport History Review,2024,20
journal_567d4902fd507274,Sport History Review,2025,22
journal_567d4902fd507274,Sport History Review,2026,11
journal_57a3505b8688a2ce,Environmental History Review,1990,53
journal_57a3505b8688a2ce,Environmental History Review,1991,83
journal_57a3505b8688a2ce,Environmental History Review,1992,79
journal_57a3505b8688a2ce,Environmental History Review,1993,76
journal_57a3505b8688a2ce,Environmental History Review,1994,56
journal_57a3505b8688a2ce,Environmental History Review,1995,64
journal_5821106d7b9088f4,Journal of American-East Asian Relations,1992,21
journal_5821106d7b9088f4,Journal of American-East Asian Relations,1993,20
journal_5821106d7b9088f4,Journal of American-East Asian Relations,1994,33
journal_5821106d7b9088f4,Journal of American-East Asian Relations,1995,35
journal_5821106d7b9088f4,Journal of American-East Asian Relations,1996,16
journal_5821106d7b9088f4,Journal of American-East Asian Relations,1997,14
journal_5821106d7b9088f4,Journal of American-East Asian Relations,1998,16
journal_5821106d7b9088f4,Journal of American-East Asian Relations,1999,8
journal_5821106d7b9088f4,Journal of American-East Asian Relations,2000,14
journal_5821106d7b9088f4,Journal of American-East Asian Relations,2001,13
journal_5821106d7b9088f4,Journal of American-East Asian Relations,2002,10
journal_5821106d7b9088f4,Journal of American-East Asian Relations,2003,18
journal_5821106d7b9088f4,Journal of American-East Asian Relations,2006,8
journal_5821106d7b9088f4,Journal of American-East Asian Relations,2007,8
journal_5821106d7b9088f4,Journal of American-East Asian Relations,2008,10
journal_5821106d7b9088f4,Journal of American-East Asian Relations,2009,17
journal_5821106d7b9088f4,Journal of American-East Asian Relations,2010,26
journal_5821106d7b9088f4,Journal of American-East Asian Relations,2011,20
journal_5821106d7b9088f4,Journal of American-East Asian Relations,2020,23
journal_5821106d7b9088f4,Journal of American-East Asian Relations,2025,6
journal_5821106d7b9088f4,Journal of American-East Asian Relations,2026,22
journal_5821106d7b9088f4,The Journal of American-East Asian Relations,2012,26
journal_5821106d7b9088f4,The Journal of American-East Asian Relations,2013,35
journal_5821106d7b9088f4,The Journal of American-East Asian Relations,2014,32
journal_5821106d7b9088f4,The Journal of American-East Asian Relations,2015,36
journal_5821106d7b9088f4,The Journal of American-East Asian Relations,2016,39
journal_5821106d7b9088f4,The Journal of American-East Asian Relations,2017,34
journal_5821106d7b9088f4,The Journal of American-East Asian Relations,2018,36
journal_5821106d7b9088f4,The Journal of American-East Asian Relations,2019,34
journal_5821106d7b9088f4,The Journal of American-East Asian Relations,2020,17
journal_5821106d7b9088f4,The Journal of American-East Asian Relations,2021,24
journal_5821106d7b9088f4,The Journal of American-East Asian Relations,2022,30
journal_5821106d7b9088f4,The Journal of American-East Asian Relations,2023,30
journal_5821106d7b9088f4,The Journal of American-East Asian Relations,2024,31
journal_5821106d7b9088f4,The Journal of American-East Asian Relations,2025,26
journal_5a828d39d05d6fb8,Pennsylvania History: A Journal of Mid-Atlantic Studies,2005,48
journal_5a828d39d05d6fb8,Pennsylvania History: A Journal of Mid-Atlantic Studies,2006,29
journal_5a828d39d05d6fb8,Pennsylvania History: A Journal of Mid-Atlantic Studies,2007,41
journal_5a828d39d05d6fb8,Pennsylvania History: A Journal of Mid-Atlantic Studies,2008,35
journal_5a828d39d05d6fb8,Pennsylvania History: A Journal of Mid-Atlantic Studies,2009,46
journal_5a828d39d05d6fb8,Pennsylvania History: A Journal of Mid-Atlantic Studies,2010,69
journal_5a828d39d05d6fb8,Pennsylvania History: A Journal of Mid-Atlantic Studies,2011,38
journal_5a828d39d05d6fb8,Pennsylvania History: A Journal of Mid-Atlantic Studies,2012,47
journal_5a828d39d05d6fb8,Pennsylvania History: A Journal of Mid-Atlantic Studies,2013,61
journal_5a828d39d05d6fb8,Pennsylvania History: A Journal of Mid-Atlantic Studies,2014,51
journal_5a828d39d05d6fb8,Pennsylvania History: A Journal of Mid-Atlantic Studies,2015,60
journal_5a828d39d05d6fb8,Pennsylvania History: A Journal of Mid-Atlantic Studies,2016,54
journal_5a828d39d05d6fb8,Pennsylvania History: A Journal of Mid-Atlantic Studies,2017,57
journal_5a828d39d05d6fb8,Pennsylvania History: A Journal of Mid-Atlantic Studies,2018,44
journal_5a828d39d05d6fb8,Pennsylvania History: A Journal of Mid-Atlantic Studies,2019,48
journal_5a828d39d05d6fb8,Pennsylvania History: A Journal of Mid-Atlantic Studies,2020,76
journal_5a828d39d05d6fb8,Pennsylvania History: A Journal of Mid-Atlantic Studies,2021,66
journal_5a828d39d05d6fb8,Pennsylvania History: A Journal of Mid-Atlantic Studies,2022,65
journal_5a828d39d05d6fb8,Pennsylvania History: A Journal of Mid-Atlantic Studies,2023,61
journal_5a828d39d05d6fb8,Pennsylvania History: A Journal of Mid-Atlantic Studies,2024,63
journal_5a828d39d05d6fb8,Pennsylvania History: A Journal of Mid-Atlantic Studies,2025,60
journal_5a828d39d05d6fb8,Pennsylvania History: A Journal of Mid-Atlantic Studies,2026,63
journal_5b3d779e522e957e,Reviews in American History,1973,99
journal_5b3d779e522e957e,Reviews in American History,1974,100
journal_5b3d779e522e957e,Reviews in American History,1975,91
journal_5b3d779e522e957e,Reviews in American History,1976,95
journal_5b3d779e522e957e,Reviews in American History,1977,84
journal_5b3d779e522e957e,Reviews in American History,1978,91
journal_5b3d779e522e957e,Reviews in American History,1979,90
journal_5b3d779e522e957e,Reviews in American History,1980,89
journal_5b3d779e522e957e,Reviews in American History,1981,96
journal_5b3d779e522e957e,Reviews in American History,1982,99
journal_5b3d779e522e957e,Reviews in American History,1983,108
journal_5b3d779e522e957e,Reviews in American History,1984,98
journal_5b3d779e522e957e,Reviews in American History,1985,99
journal_5b3d779e522e957e,Reviews in American History,1986,84
journal_5b3d779e522e957e,Reviews in American History,1987,105
journal_5b3d779e522e957e,Reviews in American History,1988,105
journal_5b3d779e522e957e,Reviews in American History,1989,96
journal_5b3d779e522e957e,Reviews in American History,1990,86
journal_5b3d779e522e957e,Reviews in American History,1991,92
journal_5b3d779e522e957e,Reviews in American History,1992,92
journal_5b3d779e522e957e,Reviews in American History,1993,117
journal_5b3d779e522e957e,Reviews in American History,1994,116
journal_5b5389388885c1fc,Hispania Sacra,1996,26
journal_5b5389388885c1fc,Hispania Sacra,1997,29
journal_5b5389388885c1fc,Hispania Sacra,1998,27
journal_5b5389388885c1fc,Hispania Sacra,1999,33
journal_5b5389388885c1fc,Hispania Sacra,2000,42
journal_5b5389388885c1fc,Hispania Sacra,2001,42
journal_5b5389388885c1fc,Hispania Sacra,2002,25
journal_5b5389388885c1fc,Hispania Sacra,2003,23
journal_5b5389388885c1fc,Hispania Sacra,2004,25
journal_5b5389388885c1fc,Hispania Sacra,2005,25
journal_5b5389388885c1fc,Hispania Sacra,2006,21
journal_5b5389388885c1fc,Hispania Sacra,2007,25
journal_5b5389388885c1fc,Hispania Sacra,2008,29
journal_5b5389388885c1fc,Hispania Sacra,2009,25
journal_5b5389388885c1fc,Hispania Sacra,2010,24
journal_5b5389388885c1fc,Hispania Sacra,2011,26
journal_5b5389388885c1fc,Hispania Sacra,2012,35
journal_5b5389388885c1fc,Hispania Sacra,2013,50
journal_5b5389388885c1fc,Hispania Sacra,2014,55
journal_5b5389388885c1fc,Hispania Sacra,2015,22
journal_5b5389388885c1fc,Hispania Sacra,2016,51
journal_5b5389388885c1fc,Hispania Sacra,2017,49
journal_5b5389388885c1fc,Hispania Sacra,2018,49
journal_5b5389388885c1fc,Hispania Sacra,2019,50
journal_5b5389388885c1fc,Hispania Sacra,2020,46
journal_5b5389388885c1fc,Hispania Sacra,2021,46
journal_5b5389388885c1fc,Hispania Sacra,2022,57
journal_5b5389388885c1fc,Hispania Sacra,2023,62
journal_5b5389388885c1fc,Hispania Sacra,2024,54
journal_5b5389388885c1fc,Hispania Sacra,2025,56
journal_5b5389388885c1fc,Hispania Sacra,2026,11
journal_5de8246e0b40b7e2,Labor History,1960,22
journal_5de8246e0b40b7e2,Labor History,1961,25
journal_5de8246e0b40b7e2,Labor History,1962,27
journal_5de8246e0b40b7e2,Labor History,1963,19
journal_5de8246e0b40b7e2,Labor History,1964,22
journal_5de8246e0b40b7e2,Labor History,1965,21
journal_5de8246e0b40b7e2,Labor History,1966,28
journal_5de8246e0b40b7e2,Labor History,1967,25
journal_5de8246e0b40b7e2,Labor History,1968,39
journal_5de8246e0b40b7e2,Labor History,1969,38
journal_5de8246e0b40b7e2,Labor History,1970,44
journal_5de8246e0b40b7e2,Labor History,1971,40
journal_5de8246e0b40b7e2,Labor History,1972,45
journal_5de8246e0b40b7e2,Labor History,1973,42
journal_5de8246e0b40b7e2,Labor History,1974,43
journal_5de8246e0b40b7e2,Labor History,1975,46
journal_5de8246e0b40b7e2,Labor History,1976,50
journal_5de8246e0b40b7e2,Labor History,1977,51
journal_5de8246e0b40b7e2,Labor History,1978,51
journal_5de8246e0b40b7e2,Labor History,1979,54
journal_5de8246e0b40b7e2,Labor History,1980,31
journal_5de8246e0b40b7e2,Labor History,1981,39
journal_5de8246e0b40b7e2,Labor History,1982,50
journal_5de8246e0b40b7e2,Labor History,1983,47
journal_5de8246e0b40b7e2,Labor History,1984,44
journal_5de8246e0b40b7e2,Labor History,1985,49
journal_5de8246e0b40b7e2,Labor History,1986,31
journal_5de8246e0b40b7e2,Labor History,1987,32
journal_5de8246e0b40b7e2,Labor History,1988,38
journal_5de8246e0b40b7e2,Labor History,1989,40
journal_5de8246e0b40b7e2,Labor History,1990,54
journal_5de8246e0b40b7e2,Labor History,1991,44
journal_5de8246e0b40b7e2,Labor History,1992,32
journal_5de8246e0b40b7e2,Labor History,1993,36
journal_5de8246e0b40b7e2,Labor History,1994,37
journal_5de8246e0b40b7e2,Labor History,1995,38
journal_5de8246e0b40b7e2,Labor History,1996,28
journal_5de8246e0b40b7e2,Labor History,1997,15
journal_5de8246e0b40b7e2,Labor History,1998,26
journal_5de8246e0b40b7e2,Labor History,1999,26
journal_5de8246e0b40b7e2,Labor History,2000,30
journal_5de8246e0b40b7e2,Labor History,2001,38
journal_5de8246e0b40b7e2,Labor History,2002,34
journal_5de8246e0b40b7e2,Labor History,2003,36
journal_5de8246e0b40b7e2,Labor History,2004,25
journal_5de8246e0b40b7e2,Labor History,2005,29
journal_5de8246e0b40b7e2,Labor History,2006,29
journal_5de8246e0b40b7e2,Labor History,2007,26
journal_5de8246e0b40b7e2,Labor History,2008,24
journal_5de8246e0b40b7e2,Labor History,2009,51
journal_5de8246e0b40b7e2,Labor History,2010,33
journal_5de8246e0b40b7e2,Labor History,2011,61
journal_5de8246e0b40b7e2,Labor History,2012,75
journal_5de8246e0b40b7e2,Labor History,2013,58
journal_5de8246e0b40b7e2,Labor History,2014,41
journal_5de8246e0b40b7e2,Labor History,2015,55
journal_5de8246e0b40b7e2,Labor History,2016,59
journal_5de8246e0b40b7e2,Labor History,2017,33
journal_5de8246e0b40b7e2,Labor History,2018,60
journal_5de8246e0b40b7e2,Labor History,2019,47
journal_5de8246e0b40b7e2,Labor History,2020,37
journal_5de8246e0b40b7e2,Labor History,2021,42
journal_5de8246e0b40b7e2,Labor History,2022,59
journal_5de8246e0b40b7e2,Labor History,2023,68
journal_5de8246e0b40b7e2,Labor History,2024,72
journal_5de8246e0b40b7e2,Labor History,2025,74
journal_5de8246e0b40b7e2,Labor History,2026,41
journal_5e0a17306de38521,Ancient Society,1986,15
journal_5e0a17306de38521,Ancient Society,1987,15
journal_5e0a17306de38521,Ancient Society,1988,12
journal_5e0a17306de38521,Ancient Society,1989,17
journal_5e0a17306de38521,Ancient Society,1990,16
journal_5e0a17306de38521,Ancient Society,1991,17
journal_5e0a17306de38521,Ancient Society,1992,14
journal_5e0a17306de38521,Ancient Society,1993,15
journal_5e0a17306de38521,Ancient Society,1994,15
journal_5e0a17306de38521,Ancient Society,1995,12
journal_5e0a17306de38521,Ancient Society,1996,12
journal_5e0a17306de38521,Ancient Society,1997,13
journal_5e0a17306de38521,Ancient Society,1999,10
journal_5e0a17306de38521,Ancient Society,2000,13
journal_5e0a17306de38521,Ancient Society,2001,10
journal_5e0a17306de38521,Ancient Society,2002,12
journal_5e0a17306de38521,Ancient Society,2003,12
journal_5e0a17306de38521,Ancient Society,2004,11
journal_5e0a17306de38521,Ancient Society,2005,12
journal_5e0a17306de38521,Ancient Society,2006,14
journal_5e0a17306de38521,Ancient Society,2007,13
journal_5e0a17306de38521,Ancient Society,2008,12
journal_5e0a17306de38521,Ancient Society,2009,12
journal_5e2c4b4321a8e81d,Journal of Migration History,2015,12
journal_5e2c4b4321a8e81d,Journal of Migration History,2016,15
journal_5e2c4b4321a8e81d,Journal of Migration History,2017,14
journal_5e2c4b4321a8e81d,Journal of Migration History,2018,15
journal_5e2c4b4321a8e81d,Journal of Migration History,2019,20
journal_5e2c4b4321a8e81d,Journal of Migration History,2020,20
journal_5e2c4b4321a8e81d,Journal of Migration History,2021,16
journal_5e2c4b4321a8e81d,Journal of Migration History,2022,23
journal_5e2c4b4321a8e81d,Journal of Migration History,2023,17
journal_5e2c4b4321a8e81d,Journal of Migration History,2024,21
journal_5e2c4b4321a8e81d,Journal of Migration History,2025,21
journal_5e2c4b4321a8e81d,Journal of Migration History,2026,15
journal_607f3bb0a5c3ec5c,Scandinavian Journal of History,1976,16
journal_607f3bb0a5c3ec5c,Scandinavian Journal of History,1977,18
journal_607f3bb0a5c3ec5c,Scandinavian Journal of History,1978,18
journal_607f3bb0a5c3ec5c,Scandinavian Journal of History,1979,17
journal_607f3bb0a5c3ec5c,Scandinavian Journal of History,1980,19
journal_607f3bb0a5c3ec5c,Scandinavian Journal of History,1981,16
journal_607f3bb0a5c3ec5c,Scandinavian Journal of History,1982,17
journal_607f3bb0a5c3ec5c,Scandinavian Journal of History,1983,16
journal_607f3bb0a5c3ec5c,Scandinavian Journal of History,1984,24
journal_607f3bb0a5c3ec5c,Scandinavian Journal of History,1985,22
journal_607f3bb0a5c3ec5c,Scandinavian Journal of History,1986,26
journal_607f3bb0a5c3ec5c,Scandinavian Journal of History,1987,28
journal_607f3bb0a5c3ec5c,Scandinavian Journal of History,1988,31
journal_607f3bb0a5c3ec5c,Scandinavian Journal of History,1989,26
journal_607f3bb0a5c3ec5c,Scandinavian Journal of History,1990,21
journal_607f3bb0a5c3ec5c,Scandinavian Journal of History,1991,19
journal_607f3bb0a5c3ec5c,Scandinavian Journal of History,1992,18
journal_607f3bb0a5c3ec5c,Scandinavian Journal of History,1993,23
journal_607f3bb0a5c3ec5c,Scandinavian Journal of History,1994,23
journal_607f3bb0a5c3ec5c,Scandinavian Journal of History,1995,21
journal_607f3bb0a5c3ec5c,Scandinavian Journal of History,1996,25
journal_607f3bb0a5c3ec5c,Scandinavian Journal of History,1997,24
journal_607f3bb0a5c3ec5c,Scandinavian Journal of History,1998,15
journal_607f3bb0a5c3ec5c,Scandinavian Journal of History,1999,23
journal_607f3bb0a5c3ec5c,Scandinavian Journal of History,2000,23
journal_607f3bb0a5c3ec5c,Scandinavian Journal of History,2001,22
journal_607f3bb0a5c3ec5c,Scandinavian Journal of History,2002,20
journal_607f3bb0a5c3ec5c,Scandinavian Journal of History,2003,71
journal_607f3bb0a5c3ec5c,Scandinavian Journal of History,2004,33
journal_607f3bb0a5c3ec5c,Scandinavian Journal of History,2005,30
journal_607f3bb0a5c3ec5c,Scandinavian Journal of History,2006,33
journal_607f3bb0a5c3ec5c,Scandinavian Journal of History,2007,26
journal_607f3bb0a5c3ec5c,Scandinavian Journal of History,2008,30
journal_607f3bb0a5c3ec5c,Scandinavian Journal of History,2009,52
journal_607f3bb0a5c3ec5c,Scandinavian Journal of History,2010,33
journal_607f3bb0a5c3ec5c,Scandinavian Journal of History,2011,43
journal_607f3bb0a5c3ec5c,Scandinavian Journal of History,2012,51
journal_607f3bb0a5c3ec5c,Scandinavian Journal of History,2013,43
journal_607f3bb0a5c3ec5c,Scandinavian Journal of History,2014,47
journal_607f3bb0a5c3ec5c,Scandinavian Journal of History,2015,39
journal_607f3bb0a5c3ec5c,Scandinavian Journal of History,2016,42
journal_607f3bb0a5c3ec5c,Scandinavian Journal of History,2017,34
journal_607f3bb0a5c3ec5c,Scandinavian Journal of History,2018,46
journal_607f3bb0a5c3ec5c,Scandinavian Journal of History,2019,40
journal_607f3bb0a5c3ec5c,Scandinavian Journal of History,2020,28
journal_607f3bb0a5c3ec5c,Scandinavian Journal of History,2021,22
journal_607f3bb0a5c3ec5c,Scandinavian Journal of History,2022,38
journal_607f3bb0a5c3ec5c,Scandinavian Journal of History,2023,27
journal_607f3bb0a5c3ec5c,Scandinavian Journal of History,2024,27
journal_607f3bb0a5c3ec5c,Scandinavian Journal of History,2025,25
journal_607f3bb0a5c3ec5c,Scandinavian Journal of History,2026,27
journal_60c629672bd0f92f,Codrul Cosminului,2019,25
journal_60c629672bd0f92f,Codrul Cosminului,2020,26
journal_60c629672bd0f92f,Codrul Cosminului,2021,23
journal_60c629672bd0f92f,Codrul Cosminului,2022,21
journal_60c629672bd0f92f,Codrul Cosminului,2023,22
journal_60c629672bd0f92f,Codrul Cosminului,2024,25
journal_60c629672bd0f92f,Codrul Cosminului,2025,27
journal_647183c1e131cf7a,Comparative Studies in Society and History,1958,12
journal_647183c1e131cf7a,Comparative Studies in Society and History,1959,48
journal_647183c1e131cf7a,Comparative Studies in Society and History,1960,43
journal_647183c1e131cf7a,Comparative Studies in Society and History,1961,48
journal_647183c1e131cf7a,Comparative Studies in Society and History,1962,40
journal_647183c1e131cf7a,Comparative Studies in Society and History,1963,46
journal_647183c1e131cf7a,Comparative Studies in Society and History,1964,44
journal_647183c1e131cf7a,Comparative Studies in Society and History,1965,44
journal_647183c1e131cf7a,Comparative Studies in Society and History,1966,45
journal_647183c1e131cf7a,Comparative Studies in Society and History,1967,35
journal_647183c1e131cf7a,Comparative Studies in Society and History,1968,34
journal_647183c1e131cf7a,Comparative Studies in Society and History,1969,46
journal_647183c1e131cf7a,Comparative Studies in Society and History,1970,51
journal_647183c1e131cf7a,Comparative Studies in Society and History,1971,39
journal_647183c1e131cf7a,Comparative Studies in Society and History,1972,42
journal_647183c1e131cf7a,Comparative Studies in Society and History,1973,44
journal_647183c1e131cf7a,Comparative Studies in Society and History,1974,38
journal_647183c1e131cf7a,Comparative Studies in Society and History,1975,43
journal_647183c1e131cf7a,Comparative Studies in Society and History,1976,42
journal_647183c1e131cf7a,Comparative Studies in Society and History,1977,42
journal_647183c1e131cf7a,Comparative Studies in Society and History,1978,43
journal_647183c1e131cf7a,Comparative Studies in Society and History,1979,63
journal_647183c1e131cf7a,Comparative Studies in Society and History,1980,53
journal_647183c1e131cf7a,Comparative Studies in Society and History,1981,49
journal_647183c1e131cf7a,Comparative Studies in Society and History,1982,51
journal_647183c1e131cf7a,Comparative Studies in Society and History,1983,47
journal_647183c1e131cf7a,Comparative Studies in Society and History,1984,58
journal_647183c1e131cf7a,Comparative Studies in Society and History,1985,67
journal_647183c1e131cf7a,Comparative Studies in Society and History,1986,68
journal_647183c1e131cf7a,Comparative Studies in Society and History,1987,70
journal_647183c1e131cf7a,Comparative Studies in Society and History,1988,62
journal_647183c1e131cf7a,Comparative Studies in Society and History,1989,67
journal_647183c1e131cf7a,Comparative Studies in Society and History,1990,53
journal_647183c1e131cf7a,Comparative Studies in Society and History,1991,57
journal_647183c1e131cf7a,Comparative Studies in Society and History,1992,83
journal_647183c1e131cf7a,Comparative Studies in Society and History,1993,63
journal_647183c1e131cf7a,Comparative Studies in Society and History,1994,64
journal_647183c1e131cf7a,Comparative Studies in Society and History,1995,49
journal_647183c1e131cf7a,Comparative Studies in Society and History,1996,57
journal_647183c1e131cf7a,Comparative Studies in Society and History,1997,39
journal_647183c1e131cf7a,Comparative Studies in Society and History,1998,35
journal_647183c1e131cf7a,Comparative Studies in Society and History,1999,47
journal_647183c1e131cf7a,Comparative Studies in Society and History,2000,37
journal_647183c1e131cf7a,Comparative Studies in Society and History,2001,25
journal_647183c1e131cf7a,Comparative Studies in Society and History,2002,56
journal_647183c1e131cf7a,Comparative Studies in Society and History,2003,52
journal_647183c1e131cf7a,Comparative Studies in Society and History,2004,50
journal_647183c1e131cf7a,Comparative Studies in Society and History,2005,49
journal_647183c1e131cf7a,Comparative Studies in Society and History,2006,53
journal_647183c1e131cf7a,Comparative Studies in Society and History,2007,41
journal_647183c1e131cf7a,Comparative Studies in Society and History,2008,79
journal_647183c1e131cf7a,Comparative Studies in Society and History,2009,69
journal_647183c1e131cf7a,Comparative Studies in Society and History,2010,49
journal_647183c1e131cf7a,Comparative Studies in Society and History,2011,68
journal_647183c1e131cf7a,Comparative Studies in Society and History,2012,68
journal_647183c1e131cf7a,Comparative Studies in Society and History,2013,91
journal_647183c1e131cf7a,Comparative Studies in Society and History,2014,53
journal_647183c1e131cf7a,Comparative Studies in Society and History,2015,66
journal_647183c1e131cf7a,Comparative Studies in Society and History,2016,70
journal_647183c1e131cf7a,Comparative Studies in Society and History,2017,47
journal_647183c1e131cf7a,Comparative Studies in Society and History,2018,65
journal_647183c1e131cf7a,Comparative Studies in Society and History,2019,35
journal_647183c1e131cf7a,Comparative Studies in Society and History,2020,42
journal_647183c1e131cf7a,Comparative Studies in Society and History,2021,51
journal_647183c1e131cf7a,Comparative Studies in Society and History,2022,52
journal_647183c1e131cf7a,Comparative Studies in Society and History,2023,45
journal_647183c1e131cf7a,Comparative Studies in Society and History,2024,38
journal_647183c1e131cf7a,Comparative Studies in Society and History,2025,47
journal_647183c1e131cf7a,Comparative Studies in Society and History,2026,30
journal_64cf927ba34d3582,Central European History,1968,39
journal_64cf927ba34d3582,Central European History,1969,41
journal_64cf927ba34d3582,Central European History,1970,32
journal_64cf927ba34d3582,Central European History,1971,30
journal_64cf927ba34d3582,Central European History,1972,31
journal_64cf927ba34d3582,Central European History,1973,42
journal_64cf927ba34d3582,Central European History,1974,39
journal_64cf927ba34d3582,Central European History,1975,35
journal_64cf927ba34d3582,Central European History,1976,28
journal_64cf927ba34d3582,Central European History,1977,33
journal_64cf927ba34d3582,Central European History,1978,36
journal_64cf927ba34d3582,Central European History,1979,35
journal_64cf927ba34d3582,Central European History,1980,33
journal_64cf927ba34d3582,Central European History,1981,35
journal_64cf927ba34d3582,Central European History,1982,29
journal_64cf927ba34d3582,Central European History,1983,30
journal_64cf927ba34d3582,Central European History,1984,31
journal_64cf927ba34d3582,Central European History,1985,28
journal_64cf927ba34d3582,Central European History,1986,32
journal_64cf927ba34d3582,Central European History,1987,27
journal_64cf927ba34d3582,Central European History,1988,29
journal_64cf927ba34d3582,Central European History,1989,32
journal_64cf927ba34d3582,Central European History,1990,27
journal_64cf927ba34d3582,Central European History,1991,53
journal_64cf927ba34d3582,Central European History,1992,79
journal_64cf927ba34d3582,Central European History,1993,79
journal_64cf927ba34d3582,Central European History,1994,90
journal_64cf927ba34d3582,Central European History,1995,90
journal_64cf927ba34d3582,Central European History,1996,99
journal_64cf927ba34d3582,Central European History,1997,112
journal_64cf927ba34d3582,Central European History,1998,72
journal_64cf927ba34d3582,Central European History,1999,99
journal_64cf927ba34d3582,Central European History,2000,98
journal_64cf927ba34d3582,Central European History,2001,120
journal_64cf927ba34d3582,Central European History,2002,134
journal_64cf927ba34d3582,Central European History,2003,117
journal_64cf927ba34d3582,Central European History,2004,117
journal_64cf927ba34d3582,Central European History,2005,149
journal_64cf927ba34d3582,Central European History,2006,92
journal_64cf927ba34d3582,Central European History,2007,100
journal_64cf927ba34d3582,Central European History,2008,101
journal_64cf927ba34d3582,Central European History,2009,110
journal_64cf927ba34d3582,Central European History,2010,118
journal_64cf927ba34d3582,Central European History,2011,116
journal_64cf927ba34d3582,Central European History,2012,116
journal_64cf927ba34d3582,Central European History,2013,123
journal_64cf927ba34d3582,Central European History,2014,118
journal_64cf927ba34d3582,Central European History,2015,108
journal_64cf927ba34d3582,Central European History,2016,94
journal_64cf927ba34d3582,Central European History,2017,86
journal_64cf927ba34d3582,Central European History,2018,77
journal_64cf927ba34d3582,Central European History,2019,65
journal_64cf927ba34d3582,Central European History,2020,126
journal_64cf927ba34d3582,Central European History,2021,165
journal_64cf927ba34d3582,Central European History,2022,148
journal_64cf927ba34d3582,Central European History,2023,157
journal_64cf927ba34d3582,Central European History,2024,138
journal_64cf927ba34d3582,Central European History,2025,78
journal_64cf927ba34d3582,Central European History,2026,82
journal_64eed992b3141a9f,Zwingliana,2009,18
journal_64eed992b3141a9f,Zwingliana,2010,2098
journal_64eed992b3141a9f,Zwingliana,2011,28
journal_64eed992b3141a9f,Zwingliana,2012,24
journal_64eed992b3141a9f,Zwingliana,2013,23
journal_64eed992b3141a9f,Zwingliana,2014,18
journal_64eed992b3141a9f,Zwingliana,2015,20
journal_64eed992b3141a9f,Zwingliana,2016,17
journal_64eed992b3141a9f,Zwingliana,2017,21
journal_64eed992b3141a9f,Zwingliana,2018,10
journal_64eed992b3141a9f,Zwingliana,2019,17
journal_64eed992b3141a9f,Zwingliana,2020,18
journal_64eed992b3141a9f,Zwingliana,2021,16
journal_64eed992b3141a9f,Zwingliana,2022,14
journal_64eed992b3141a9f,Zwingliana,2023,10
journal_64eed992b3141a9f,Zwingliana,2024,27
journal_64eed992b3141a9f,Zwingliana,2025,28
journal_64eed992b3141a9f,Zwingliana,2026,7
journal_65dd21715536a35f,"Annales. Economies, sociétés, civilisations",1962,1
journal_65dd21715536a35f,"Annales. Economies, sociétés, civilisations",1993,1
journal_65dd21715536a35f,"Annales. Histoire, Sciences Sociales",1946,91
journal_65dd21715536a35f,"Annales. Histoire, Sciences Sociales",1947,123
journal_65dd21715536a35f,"Annales. Histoire, Sciences Sociales",1948,154
journal_65dd21715536a35f,"Annales. Histoire, Sciences Sociales",1949,185
journal_65dd21715536a35f,"Annales. Histoire, Sciences Sociales",1950,235
journal_65dd21715536a35f,"Annales. Histoire, Sciences Sociales",1951,253
journal_65dd21715536a35f,"Annales. Histoire, Sciences Sociales",1952,207
journal_65dd21715536a35f,"Annales. Histoire, Sciences Sociales",1953,200
journal_65dd21715536a35f,"Annales. Histoire, Sciences Sociales",1954,156
journal_65dd21715536a35f,"Annales. Histoire, Sciences Sociales",1955,222
journal_65dd21715536a35f,"Annales. Histoire, Sciences Sociales",1956,167
journal_65dd21715536a35f,"Annales. Histoire, Sciences Sociales",1957,134
journal_65dd21715536a35f,"Annales. Histoire, Sciences Sociales",1958,199
journal_65dd21715536a35f,"Annales. Histoire, Sciences Sociales",1959,185
journal_65dd21715536a35f,"Annales. Histoire, Sciences Sociales",1960,229
journal_65dd21715536a35f,"Annales. Histoire, Sciences Sociales",1961,225
journal_65dd21715536a35f,"Annales. Histoire, Sciences Sociales",1962,272
journal_65dd21715536a35f,"Annales. Histoire, Sciences Sociales",1963,190
journal_65dd21715536a35f,"Annales. Histoire, Sciences Sociales",1964,222
journal_65dd21715536a35f,"Annales. Histoire, Sciences Sociales",1965,216
journal_65dd21715536a35f,"Annales. Histoire, Sciences Sociales",1966,230
journal_65dd21715536a35f,"Annales. Histoire, Sciences Sociales",1967,189
journal_65dd21715536a35f,"Annales. Histoire, Sciences Sociales",1968,277
journal_65dd21715536a35f,"Annales. Histoire, Sciences Sociales",1969,236
journal_65dd21715536a35f,"Annales. Histoire, Sciences Sociales",1970,327
journal_65dd21715536a35f,"Annales. Histoire, Sciences Sociales",1971,194
journal_65dd21715536a35f,"Annales. Histoire, Sciences Sociales",1972,225
journal_65dd21715536a35f,"Annales. Histoire, Sciences Sociales",1973,311
journal_65dd21715536a35f,"Annales. Histoire, Sciences Sociales",1974,328
journal_65dd21715536a35f,"Annales. Histoire, Sciences Sociales",1975,208
journal_65dd21715536a35f,"Annales. Histoire, Sciences Sociales",1976,183
journal_65dd21715536a35f,"Annales. Histoire, Sciences Sociales",1977,219
journal_65dd21715536a35f,"Annales. Histoire, Sciences Sociales",1978,192
journal_65dd21715536a35f,"Annales. Histoire, Sciences Sociales",1979,211
journal_65dd21715536a35f,"Annales. Histoire, Sciences Sociales",1980,237
journal_65dd21715536a35f,"Annales. Histoire, Sciences Sociales",1981,199
journal_65dd21715536a35f,"Annales. Histoire, Sciences Sociales",1982,188
journal_65dd21715536a35f,"Annales. Histoire, Sciences Sociales",1983,246
journal_65dd21715536a35f,"Annales. Histoire, Sciences Sociales",1984,232
journal_65dd21715536a35f,"Annales. Histoire, Sciences Sociales",1985,255
journal_65dd21715536a35f,"Annales. Histoire, Sciences Sociales",1986,219
journal_65dd21715536a35f,"Annales. Histoire, Sciences Sociales",1987,243
journal_65dd21715536a35f,"Annales. Histoire, Sciences Sociales",1988,267
journal_65dd21715536a35f,"Annales. Histoire, Sciences Sociales",1989,324
journal_65dd21715536a35f,"Annales. Histoire, Sciences Sociales",1990,294
journal_65dd21715536a35f,"Annales. Histoire, Sciences Sociales",1991,317
journal_65dd21715536a35f,"Annales. Histoire, Sciences Sociales",1992,251
journal_65dd21715536a35f,"Annales. Histoire, Sciences Sociales",1993,261
journal_65dd21715536a35f,"Annales. Histoire, Sciences Sociales",1994,251
journal_65dd21715536a35f,"Annales. Histoire, Sciences Sociales",1995,246
journal_65dd21715536a35f,"Annales. Histoire, Sciences Sociales",1996,249
journal_65dd21715536a35f,"Annales. Histoire, Sciences Sociales",1997,237
journal_65dd21715536a35f,"Annales. Histoire, Sciences Sociales",1998,238
journal_65dd21715536a35f,"Annales. Histoire, Sciences Sociales",1999,309
journal_65dd21715536a35f,"Annales. Histoire, Sciences Sociales",2000,249
journal_65dd21715536a35f,"Annales. Histoire, Sciences Sociales",2001,308
journal_65dd21715536a35f,"Annales. Histoire, Sciences Sociales",2002,337
journal_65dd21715536a35f,"Annales. Histoire, Sciences Sociales",2003,286
journal_65dd21715536a35f,"Annales. Histoire, Sciences Sociales",2004,223
journal_65dd21715536a35f,"Annales. Histoire, Sciences Sociales",2005,266
journal_65dd21715536a35f,"Annales. Histoire, Sciences Sociales",2006,245
journal_65dd21715536a35f,"Annales. Histoire, Sciences Sociales",2007,304
journal_65dd21715536a35f,"Annales. Histoire, Sciences Sociales",2008,302
journal_65dd21715536a35f,"Annales. Histoire, Sciences Sociales",2009,274
journal_65dd21715536a35f,"Annales. Histoire, Sciences Sociales",2010,265
journal_65dd21715536a35f,"Annales. Histoire, Sciences Sociales",2011,206
journal_65dd21715536a35f,"Annales. Histoire, Sciences Sociales",2012,240
journal_65dd21715536a35f,"Annales. Histoire, Sciences Sociales",2013,223
journal_65dd21715536a35f,"Annales. Histoire, Sciences Sociales",2014,261
journal_65dd21715536a35f,"Annales. Histoire, Sciences Sociales",2015,214
journal_65dd21715536a35f,"Annales. Histoire, Sciences Sociales",2016,217
journal_65dd21715536a35f,"Annales. Histoire, Sciences Sociales",2017,225
journal_65dd21715536a35f,"Annales. Histoire, Sciences Sociales",2018,182
journal_65dd21715536a35f,"Annales. Histoire, Sciences Sociales",2019,152
journal_65dd21715536a35f,"Annales. Histoire, Sciences Sociales",2020,98
journal_65dd21715536a35f,"Annales. Histoire, Sciences Sociales",2021,147
journal_65dd21715536a35f,"Annales. Histoire, Sciences Sociales",2022,153
journal_65dd21715536a35f,"Annales. Histoire, Sciences Sociales",2023,123
journal_65dd21715536a35f,"Annales. Histoire, Sciences Sociales",2024,72
journal_65dd21715536a35f,"Annales. Histoire, Sciences Sociales",2025,72
journal_65dd21715536a35f,"Annales. Histoire, Sciences Sociales",2026,47
journal_65dd21715536a35f,"Annales. Histoire, Sciences sociales (French Edition)",2014,7
journal_65dd21715536a35f,"Annales. Histoire, Sciences sociales (French Edition)",2015,8
journal_65dd21715536a35f,"Annales. Histoire, Sciences sociales (French Edition)",2016,44
journal_65e984143e40bede,Historein,2000,13
journal_65e984143e40bede,Historein,2001,13
journal_65e984143e40bede,Historein,2002,11
journal_65e984143e40bede,Historein,2004,14
journal_65e984143e40bede,Historein,2006,12
journal_65e984143e40bede,Historein,2007,13
journal_65e984143e40bede,Historein,2008,8
journal_65e984143e40bede,Historein,2009,13
journal_65e984143e40bede,Historein,2010,15
journal_65e984143e40bede,Historein,2011,14
journal_65e984143e40bede,Historein,2012,17
journal_65e984143e40bede,Historein,2013,47
journal_65e984143e40bede,Historein,2014,27
journal_65e984143e40bede,Historein,2015,19
journal_65e984143e40bede,Historein,2016,15
journal_65e984143e40bede,Historein,2017,23
journal_65e984143e40bede,Historein,2018,33
journal_65e984143e40bede,Historein,2019,24
journal_65e984143e40bede,Historein,2020,15
journal_65e984143e40bede,Historein,2021,18
journal_65e984143e40bede,Historein,2022,22
journal_65e984143e40bede,Historein,2023,23
journal_65e984143e40bede,Historein,2024,17
journal_65e984143e40bede,Historein,2025,14
journal_691748060487dd52,Journal of the Australian Early Medieval Association,2010,1
journal_691748060487dd52,Journal of the Australian Early Medieval Association,2011,1
journal_691748060487dd52,Journal of the Australian Early Medieval Association,2012,1
journal_691748060487dd52,Journal of the Australian Early Medieval Association,2013,5
journal_691748060487dd52,Journal of the Australian Early Medieval Association,2014,6
journal_691748060487dd52,Journal of the Australian Early Medieval Association,2015,5
journal_691748060487dd52,Journal of the Australian Early Medieval Association,2016,5
journal_691748060487dd52,Journal of the Australian Early Medieval Association,2017,7
journal_691748060487dd52,Journal of the Australian Early Medieval Association,2018,4
journal_691748060487dd52,Journal of the Australian Early Medieval Association,2019,22
journal_691748060487dd52,Journal of the Australian Early Medieval Association,2020,23
journal_691748060487dd52,Journal of the Australian Early Medieval Association,2021,10
journal_691748060487dd52,Journal of the Australian Early Medieval Association,2022,9
journal_691748060487dd52,Journal of the Australian Early Medieval Association,2023,10
journal_691748060487dd52,Journal of the Australian Early Medieval Association,2024,11
journal_691748060487dd52,Journal of the Australian Early Medieval Association,2025,4
journal_69b32aaa614295f7,Business History,1958,12
journal_69b32aaa614295f7,Business History,1959,26
journal_69b32aaa614295f7,Business History,1960,27
journal_69b32aaa614295f7,Business History,1961,33
journal_69b32aaa614295f7,Business History,1962,31
journal_69b32aaa614295f7,Business History,1963,34
journal_69b32aaa614295f7,Business History,1964,14
journal_69b32aaa614295f7,Business History,1965,26
journal_69b32aaa614295f7,Business History,1966,31
journal_69b32aaa614295f7,Business History,1967,24
journal_69b32aaa614295f7,Business History,1968,31
journal_69b32aaa614295f7,Business History,1969,34
journal_69b32aaa614295f7,Business History,1970,38
journal_69b32aaa614295f7,Business History,1971,36
journal_69b32aaa614295f7,Business History,1972,39
journal_69b32aaa614295f7,Business History,1973,40
journal_69b32aaa614295f7,Business History,1974,31
journal_69b32aaa614295f7,Business History,1975,30
journal_69b32aaa614295f7,Business History,1976,29
journal_69b32aaa614295f7,Business History,1977,35
journal_69b32aaa614295f7,Business History,1978,40
journal_69b32aaa614295f7,Business History,1979,38
journal_69b32aaa614295f7,Business History,1980,45
journal_69b32aaa614295f7,Business History,1981,76
journal_69b32aaa614295f7,Business History,1982,71
journal_69b32aaa614295f7,Business History,1983,59
journal_69b32aaa614295f7,Business History,1984,67
journal_69b32aaa614295f7,Business History,1985,67
journal_69b32aaa614295f7,Business History,1986,101
journal_69b32aaa614295f7,Business History,1987,110
journal_69b32aaa614295f7,Business History,1988,99
journal_69b32aaa614295f7,Business History,1989,122
journal_69b32aaa614295f7,Business History,1990,175
journal_69b32aaa614295f7,Business History,1991,159
journal_69b32aaa614295f7,Business History,1992,151
journal_69b32aaa614295f7,Business History,1993,161
journal_69b32aaa614295f7,Business History,1994,175
journal_69b32aaa614295f7,Business History,1995,172
journal_69b32aaa614295f7,Business History,1996,173
journal_69b32aaa614295f7,Business History,1997,174
journal_69b32aaa614295f7,Business History,1998,187
journal_69b32aaa614295f7,Business History,1999,198
journal_69b32aaa614295f7,Business History,2000,171
journal_69b32aaa614295f7,Business History,2001,37
journal_69b32aaa614295f7,Business History,2002,35
journal_69b32aaa614295f7,Business History,2003,36
journal_69b32aaa614295f7,Business History,2004,32
journal_69b32aaa614295f7,Business History,2005,34
journal_69b32aaa614295f7,Business History,2006,27
journal_69b32aaa614295f7,Business History,2007,49
journal_69b32aaa614295f7,Business History,2008,47
journal_69b32aaa614295f7,Business History,2009,96
journal_69b32aaa614295f7,Business History,2010,112
journal_69b32aaa614295f7,Business History,2011,91
journal_69b32aaa614295f7,Business History,2012,99
journal_69b32aaa614295f7,Business History,2013,145
journal_69b32aaa614295f7,Business History,2014,31
journal_69b32aaa614295f7,Business History,2015,132
journal_69b32aaa614295f7,Business History,2016,79
journal_69b32aaa614295f7,Business History,2017,138
journal_69b32aaa614295f7,Business History,2018,114
journal_69b32aaa614295f7,Business History,2019,103
journal_69b32aaa614295f7,Business History,2020,121
journal_69b32aaa614295f7,Business History,2021,76
journal_69b32aaa614295f7,Business History,2022,74
journal_69b32aaa614295f7,Business History,2023,72
journal_69b32aaa614295f7,Business History,2024,104
journal_69b32aaa614295f7,Business History,2025,90
journal_69b32aaa614295f7,Business History,2026,88
journal_6c1110e1ca9a1ad1,Saeculum,1950,31
journal_6c1110e1ca9a1ad1,Saeculum,1951,34
journal_6c1110e1ca9a1ad1,Saeculum,1952,33
journal_6c1110e1ca9a1ad1,Saeculum,1953,29
journal_6c1110e1ca9a1ad1,Saeculum,1954,25
journal_6c1110e1ca9a1ad1,Saeculum,1955,25
journal_6c1110e1ca9a1ad1,Saeculum,1956,22
journal_6c1110e1ca9a1ad1,Saeculum,1957,28
journal_6c1110e1ca9a1ad1,Saeculum,1958,26
journal_6c1110e1ca9a1ad1,Saeculum,1959,23
journal_6c1110e1ca9a1ad1,Saeculum,1960,14
journal_6c1110e1ca9a1ad1,Saeculum,1961,25
journal_6c1110e1ca9a1ad1,Saeculum,1962,19
journal_6c1110e1ca9a1ad1,Saeculum,1963,24
journal_6c1110e1ca9a1ad1,Saeculum,1964,27
journal_6c1110e1ca9a1ad1,Saeculum,1965,20
journal_6c1110e1ca9a1ad1,Saeculum,1966,18
journal_6c1110e1ca9a1ad1,Saeculum,1967,18
journal_6c1110e1ca9a1ad1,Saeculum,1968,29
journal_6c1110e1ca9a1ad1,Saeculum,1969,25
journal_6c1110e1ca9a1ad1,Saeculum,1970,29
journal_6c1110e1ca9a1ad1,Saeculum,1971,22
journal_6c1110e1ca9a1ad1,Saeculum,1972,28
journal_6c1110e1ca9a1ad1,Saeculum,1973,27
journal_6c1110e1ca9a1ad1,Saeculum,1974,22
journal_6c1110e1ca9a1ad1,Saeculum,1975,31
journal_6c1110e1ca9a1ad1,Saeculum,1976,29
journal_6c1110e1ca9a1ad1,Saeculum,1977,35
journal_6c1110e1ca9a1ad1,Saeculum,1978,26
journal_6c1110e1ca9a1ad1,Saeculum,1979,33
journal_6c1110e1ca9a1ad1,Saeculum,1980,23
journal_6c1110e1ca9a1ad1,Saeculum,1981,29
journal_6c1110e1ca9a1ad1,Saeculum,1982,32
journal_6c1110e1ca9a1ad1,Saeculum,1983,32
journal_6c1110e1ca9a1ad1,Saeculum,1984,26
journal_6c1110e1ca9a1ad1,Saeculum,1985,28
journal_6c1110e1ca9a1ad1,Saeculum,1986,29
journal_6c1110e1ca9a1ad1,Saeculum,1987,24
journal_6c1110e1ca9a1ad1,Saeculum,1988,33
journal_6c1110e1ca9a1ad1,Saeculum,1989,30
journal_6c1110e1ca9a1ad1,Saeculum,1990,23
journal_6c1110e1ca9a1ad1,Saeculum,1991,30
journal_6c1110e1ca9a1ad1,Saeculum,1992,26
journal_6c1110e1ca9a1ad1,Saeculum,1993,20
journal_6c1110e1ca9a1ad1,Saeculum,1994,19
journal_6c1110e1ca9a1ad1,Saeculum,1995,18
journal_6c1110e1ca9a1ad1,Saeculum,1996,19
journal_6c1110e1ca9a1ad1,Saeculum,1997,15
journal_6c1110e1ca9a1ad1,Saeculum,1998,17
journal_6c1110e1ca9a1ad1,Saeculum,1999,20
journal_6c1110e1ca9a1ad1,Saeculum,2000,17
journal_6c1110e1ca9a1ad1,Saeculum,2001,18
journal_6c1110e1ca9a1ad1,Saeculum,2002,13
journal_6c1110e1ca9a1ad1,Saeculum,2003,30
journal_6c1110e1ca9a1ad1,Saeculum,2004,19
journal_6c1110e1ca9a1ad1,Saeculum,2005,18
journal_6c1110e1ca9a1ad1,Saeculum,2006,19
journal_6c1110e1ca9a1ad1,Saeculum,2007,17
journal_6c1110e1ca9a1ad1,Saeculum,2008,20
journal_6c1110e1ca9a1ad1,Saeculum,2010,24
journal_6c1110e1ca9a1ad1,Saeculum,2011,23
journal_6c1110e1ca9a1ad1,Saeculum,2012,21
journal_6c1110e1ca9a1ad1,Saeculum,2013,22
journal_6c1110e1ca9a1ad1,Saeculum,2014,24
journal_6c1110e1ca9a1ad1,Saeculum,2015,20
journal_6c1110e1ca9a1ad1,Saeculum,2016,23
journal_6c1110e1ca9a1ad1,Saeculum,2017,19
journal_6c1110e1ca9a1ad1,Saeculum,2018,23
journal_6c1110e1ca9a1ad1,Saeculum,2019,19
journal_6c1110e1ca9a1ad1,Saeculum,2020,23
journal_6c1110e1ca9a1ad1,Saeculum,2021,24
journal_6c1110e1ca9a1ad1,Saeculum,2022,19
journal_6c1110e1ca9a1ad1,Saeculum,2023,22
journal_6c1110e1ca9a1ad1,Saeculum,2024,19
journal_6c1110e1ca9a1ad1,Saeculum,2025,12
journal_6d9388bf4f2e1a99,Social History Of Medicine,2018,1
journal_6d9388bf4f2e1a99,Social History Of Medicine,2020,1
journal_6d9388bf4f2e1a99,Social History Of Medicine,2022,3
journal_6d9388bf4f2e1a99,Social History Of Medicine,2023,14
journal_6d9388bf4f2e1a99,Social History Of Medicine,2025,1
journal_6d9388bf4f2e1a99,Social History Of Medicine,2026,4
journal_6d9388bf4f2e1a99,Social History of Medicine,1988,84
journal_6d9388bf4f2e1a99,Social History of Medicine,1989,81
journal_6d9388bf4f2e1a99,Social History of Medicine,1990,128
journal_6d9388bf4f2e1a99,Social History of Medicine,1991,97
journal_6d9388bf4f2e1a99,Social History of Medicine,1992,112
journal_6d9388bf4f2e1a99,Social History of Medicine,1993,123
journal_6d9388bf4f2e1a99,Social History of Medicine,1994,100
journal_6d9388bf4f2e1a99,Social History of Medicine,1995,109
journal_6d9388bf4f2e1a99,Social History of Medicine,1996,107
journal_6d9388bf4f2e1a99,Social History of Medicine,1997,115
journal_6d9388bf4f2e1a99,Social History of Medicine,1998,109
journal_6d9388bf4f2e1a99,Social History of Medicine,1999,93
journal_6d9388bf4f2e1a99,Social History of Medicine,2000,101
journal_6d9388bf4f2e1a99,Social History of Medicine,2001,103
journal_6d9388bf4f2e1a99,Social History of Medicine,2002,96
journal_6d9388bf4f2e1a99,Social History of Medicine,2003,88
journal_6d9388bf4f2e1a99,Social History of Medicine,2004,85
journal_6d9388bf4f2e1a99,Social History of Medicine,2005,73
journal_6d9388bf4f2e1a99,Social History of Medicine,2006,109
journal_6d9388bf4f2e1a99,Social History of Medicine,2007,114
journal_6d9388bf4f2e1a99,Social History of Medicine,2008,134
journal_6d9388bf4f2e1a99,Social History of Medicine,2009,100
journal_6d9388bf4f2e1a99,Social History of Medicine,2010,123
journal_6d9388bf4f2e1a99,Social History of Medicine,2011,195
journal_6d9388bf4f2e1a99,Social History of Medicine,2012,137
journal_6d9388bf4f2e1a99,Social History of Medicine,2013,106
journal_6d9388bf4f2e1a99,Social History of Medicine,2014,133
journal_6d9388bf4f2e1a99,Social History of Medicine,2015,131
journal_6d9388bf4f2e1a99,Social History of Medicine,2016,133
journal_6d9388bf4f2e1a99,Social History of Medicine,2017,138
journal_6d9388bf4f2e1a99,Social History of Medicine,2018,122
journal_6d9388bf4f2e1a99,Social History of Medicine,2019,126
journal_6d9388bf4f2e1a99,Social History of Medicine,2020,122
journal_6d9388bf4f2e1a99,Social History of Medicine,2021,139
journal_6d9388bf4f2e1a99,Social History of Medicine,2022,71
journal_6d9388bf4f2e1a99,Social History of Medicine,2023,92
journal_6d9388bf4f2e1a99,Social History of Medicine,2024,98
journal_6d9388bf4f2e1a99,Social History of Medicine,2025,107
journal_6d9388bf4f2e1a99,Social History of Medicine,2026,95
journal_6e5b6b13fb51ee4f,Jewish Culture and History,1998,25
journal_6e5b6b13fb51ee4f,Jewish Culture and History,1999,20
journal_6e5b6b13fb51ee4f,Jewish Culture and History,2000,18
journal_6e5b6b13fb51ee4f,Jewish Culture and History,2001,28
journal_6e5b6b13fb51ee4f,Jewish Culture and History,2002,22
journal_6e5b6b13fb51ee4f,Jewish Culture and History,2003,25
journal_6e5b6b13fb51ee4f,Jewish Culture and History,2004,32
journal_6e5b6b13fb51ee4f,Jewish Culture and History,2006,25
journal_6e5b6b13fb51ee4f,Jewish Culture and History,2007,25
journal_6e5b6b13fb51ee4f,Jewish Culture and History,2008,22
journal_6e5b6b13fb51ee4f,Jewish Culture and History,2009,30
journal_6e5b6b13fb51ee4f,Jewish Culture and History,2010,33
journal_6e5b6b13fb51ee4f,Jewish Culture and History,2012,17
journal_6e5b6b13fb51ee4f,Jewish Culture and History,2013,15
journal_6e5b6b13fb51ee4f,Jewish Culture and History,2014,35
journal_6e5b6b13fb51ee4f,Jewish Culture and History,2015,27
journal_6e5b6b13fb51ee4f,Jewish Culture and History,2016,34
journal_6e5b6b13fb51ee4f,Jewish Culture and History,2017,31
journal_6e5b6b13fb51ee4f,Jewish Culture and History,2018,27
journal_6e5b6b13fb51ee4f,Jewish Culture and History,2019,24
journal_6e5b6b13fb51ee4f,Jewish Culture and History,2020,24
journal_6e5b6b13fb51ee4f,Jewish Culture and History,2021,31
journal_6e5b6b13fb51ee4f,Jewish Culture and History,2022,29
journal_6e5b6b13fb51ee4f,Jewish Culture and History,2023,33
journal_6e5b6b13fb51ee4f,Jewish Culture and History,2024,43
journal_6e5b6b13fb51ee4f,Jewish Culture and History,2025,49
journal_6e5b6b13fb51ee4f,Jewish Culture and History,2026,26
journal_6fcb20cb67be1401,History and Anthropology,1984,12
journal_6fcb20cb67be1401,History and Anthropology,1985,22
journal_6fcb20cb67be1401,History and Anthropology,1986,12
journal_6fcb20cb67be1401,History and Anthropology,1987,14
journal_6fcb20cb67be1401,History and Anthropology,1989,10
journal_6fcb20cb67be1401,History and Anthropology,1990,11
journal_6fcb20cb67be1401,History and Anthropology,1991,5
journal_6fcb20cb67be1401,History and Anthropology,1992,11
journal_6fcb20cb67be1401,History and Anthropology,1993,5
journal_6fcb20cb67be1401,History and Anthropology,1994,35
journal_6fcb20cb67be1401,History and Anthropology,1995,6
journal_6fcb20cb67be1401,History and Anthropology,1996,21
journal_6fcb20cb67be1401,History and Anthropology,1997,6
journal_6fcb20cb67be1401,History and Anthropology,1998,10
journal_6fcb20cb67be1401,History and Anthropology,1999,15
journal_6fcb20cb67be1401,History and Anthropology,2000,4
journal_6fcb20cb67be1401,History and Anthropology,2001,12
journal_6fcb20cb67be1401,History and Anthropology,2002,18
journal_6fcb20cb67be1401,History and Anthropology,2003,22
journal_6fcb20cb67be1401,History and Anthropology,2004,24
journal_6fcb20cb67be1401,History and Anthropology,2005,28
journal_6fcb20cb67be1401,History and Anthropology,2006,23
journal_6fcb20cb67be1401,History and Anthropology,2007,29
journal_6fcb20cb67be1401,History and Anthropology,2008,20
journal_6fcb20cb67be1401,History and Anthropology,2009,26
journal_6fcb20cb67be1401,History and Anthropology,2010,29
journal_6fcb20cb67be1401,History and Anthropology,2011,31
journal_6fcb20cb67be1401,History and Anthropology,2012,28
journal_6fcb20cb67be1401,History and Anthropology,2013,38
journal_6fcb20cb67be1401,History and Anthropology,2014,36
journal_6fcb20cb67be1401,History and Anthropology,2015,32
journal_6fcb20cb67be1401,History and Anthropology,2016,44
journal_6fcb20cb67be1401,History and Anthropology,2017,45
journal_6fcb20cb67be1401,History and Anthropology,2018,38
journal_6fcb20cb67be1401,History and Anthropology,2019,62
journal_6fcb20cb67be1401,History and Anthropology,2020,50
journal_6fcb20cb67be1401,History and Anthropology,2021,49
journal_6fcb20cb67be1401,History and Anthropology,2022,41
journal_6fcb20cb67be1401,History and Anthropology,2023,52
journal_6fcb20cb67be1401,History and Anthropology,2024,30
journal_6fcb20cb67be1401,History and Anthropology,2025,25
journal_6fcb20cb67be1401,History and Anthropology,2026,59
journal_70e76363b3fe29d9,Guerres mondiales et conflits contemporains,2001,53
journal_70e76363b3fe29d9,Guerres mondiales et conflits contemporains,2002,49
journal_70e76363b3fe29d9,Guerres mondiales et conflits contemporains,2003,60
journal_70e76363b3fe29d9,Guerres mondiales et conflits contemporains,2004,54
journal_70e76363b3fe29d9,Guerres mondiales et conflits contemporains,2005,56
journal_70e76363b3fe29d9,Guerres mondiales et conflits contemporains,2006,58
journal_70e76363b3fe29d9,Guerres mondiales et conflits contemporains,2007,59
journal_70e76363b3fe29d9,Guerres mondiales et conflits contemporains,2008,30
journal_70e76363b3fe29d9,Guerres mondiales et conflits contemporains,2009,59
journal_70e76363b3fe29d9,Guerres mondiales et conflits contemporains,2010,51
journal_70e76363b3fe29d9,Guerres mondiales et conflits contemporains,2011,44
journal_70e76363b3fe29d9,Guerres mondiales et conflits contemporains,2012,49
journal_70e76363b3fe29d9,Guerres mondiales et conflits contemporains,2013,53
journal_70e76363b3fe29d9,Guerres mondiales et conflits contemporains,2014,54
journal_70e76363b3fe29d9,Guerres mondiales et conflits contemporains,2015,47
journal_70e76363b3fe29d9,Guerres mondiales et conflits contemporains,2016,45
journal_70e76363b3fe29d9,Guerres mondiales et conflits contemporains,2017,49
journal_70e76363b3fe29d9,Guerres mondiales et conflits contemporains,2018,47
journal_70e76363b3fe29d9,Guerres mondiales et conflits contemporains,2019,50
journal_70e76363b3fe29d9,Guerres mondiales et conflits contemporains,2020,48
journal_70e76363b3fe29d9,Guerres mondiales et conflits contemporains,2021,59
journal_70e76363b3fe29d9,Guerres mondiales et conflits contemporains,2022,50
journal_70e76363b3fe29d9,Guerres mondiales et conflits contemporains,2023,53
journal_70e76363b3fe29d9,Guerres mondiales et conflits contemporains,2024,66
journal_70e76363b3fe29d9,Guerres mondiales et conflits contemporains,2025,55
journal_70e76363b3fe29d9,Guerres mondiales et conflits contemporains,2026,24
journal_714fc18dceabbefd,Revue historique,1992,21
journal_714fc18dceabbefd,Revue historique,1993,23
journal_714fc18dceabbefd,Revue historique,1994,24
journal_714fc18dceabbefd,Revue historique,1995,20
journal_714fc18dceabbefd,Revue historique,1996,15
journal_714fc18dceabbefd,Revue historique,1997,18
journal_714fc18dceabbefd,Revue historique,1998,22
journal_714fc18dceabbefd,Revue historique,1999,23
journal_714fc18dceabbefd,Revue historique,2000,6
journal_714fc18dceabbefd,Revue historique,2001,161
journal_714fc18dceabbefd,Revue historique,2002,170
journal_714fc18dceabbefd,Revue historique,2003,182
journal_714fc18dceabbefd,Revue historique,2004,150
journal_714fc18dceabbefd,Revue historique,2005,156
journal_714fc18dceabbefd,Revue historique,2006,188
journal_714fc18dceabbefd,Revue historique,2007,202
journal_714fc18dceabbefd,Revue historique,2008,132
journal_714fc18dceabbefd,Revue historique,2009,280
journal_714fc18dceabbefd,Revue historique,2010,84
journal_714fc18dceabbefd,Revue historique,2011,234
journal_714fc18dceabbefd,Revue historique,2012,128
journal_714fc18dceabbefd,Revue historique,2013,204
journal_714fc18dceabbefd,Revue historique,2014,179
journal_714fc18dceabbefd,Revue historique,2015,139
journal_714fc18dceabbefd,Revue historique,2016,183
journal_714fc18dceabbefd,Revue historique,2017,133
journal_714fc18dceabbefd,Revue historique,2018,217
journal_714fc18dceabbefd,Revue historique,2019,156
journal_714fc18dceabbefd,Revue historique,2020,72
journal_714fc18dceabbefd,Revue historique,2021,91
journal_714fc18dceabbefd,Revue historique,2022,134
journal_714fc18dceabbefd,Revue historique,2023,84
journal_714fc18dceabbefd,Revue historique,2024,72
journal_714fc18dceabbefd,Revue historique,2025,46
journal_714fc18dceabbefd,Revue historique,2026,32
journal_7179bd45aeb8209a,Locus Amoenus,1995,19
journal_7179bd45aeb8209a,Locus Amoenus,1996,18
journal_7179bd45aeb8209a,Locus Amoenus,1997,17
journal_7179bd45aeb8209a,Locus Amoenus,1998,17
journal_7179bd45aeb8209a,Locus Amoenus,2000,19
journal_7179bd45aeb8209a,Locus Amoenus,2002,18
journal_7179bd45aeb8209a,Locus Amoenus,2004,19
journal_7179bd45aeb8209a,Locus Amoenus,2006,20
journal_7179bd45aeb8209a,Locus Amoenus,2008,21
journal_7179bd45aeb8209a,Locus Amoenus,2010,19
journal_7179bd45aeb8209a,Locus Amoenus,2012,14
journal_7179bd45aeb8209a,Locus Amoenus,2014,13
journal_7179bd45aeb8209a,Locus Amoenus,2015,13
journal_7179bd45aeb8209a,Locus Amoenus,2016,15
journal_7179bd45aeb8209a,Locus Amoenus,2017,15
journal_7179bd45aeb8209a,Locus Amoenus,2018,16
journal_7179bd45aeb8209a,Locus Amoenus,2019,9
journal_7179bd45aeb8209a,Locus Amoenus,2020,11
journal_7179bd45aeb8209a,Locus Amoenus,2022,26
journal_7179bd45aeb8209a,Locus Amoenus,2023,12
journal_7179bd45aeb8209a,Locus Amoenus,2024,11
journal_7179bd45aeb8209a,Locus Amoenus,2025,11
journal_71accc8bf8209681,Medieval Encounters,1995,17
journal_71accc8bf8209681,Medieval Encounters,1996,22
journal_71accc8bf8209681,Medieval Encounters,1997,19
journal_71accc8bf8209681,Medieval Encounters,1998,19
journal_71accc8bf8209681,Medieval Encounters,1999,31
journal_71accc8bf8209681,Medieval Encounters,2000,5
journal_71accc8bf8209681,Medieval Encounters,2001,11
journal_71accc8bf8209681,Medieval Encounters,2002,12
journal_71accc8bf8209681,Medieval Encounters,2003,14
journal_71accc8bf8209681,Medieval Encounters,2004,15
journal_71accc8bf8209681,Medieval Encounters,2005,6
journal_71accc8bf8209681,Medieval Encounters,2006,32
journal_71accc8bf8209681,Medieval Encounters,2007,65
journal_71accc8bf8209681,Medieval Encounters,2008,13
journal_71accc8bf8209681,Medieval Encounters,2009,34
journal_71accc8bf8209681,Medieval Encounters,2010,24
journal_71accc8bf8209681,Medieval Encounters,2011,32
journal_71accc8bf8209681,Medieval Encounters,2012,24
journal_71accc8bf8209681,Medieval Encounters,2013,32
journal_71accc8bf8209681,Medieval Encounters,2014,26
journal_71accc8bf8209681,Medieval Encounters,2015,32
journal_71accc8bf8209681,Medieval Encounters,2016,27
journal_71accc8bf8209681,Medieval Encounters,2017,22
journal_71accc8bf8209681,Medieval Encounters,2018,25
journal_71accc8bf8209681,Medieval Encounters,2019,21
journal_71accc8bf8209681,Medieval Encounters,2020,28
journal_71accc8bf8209681,Medieval Encounters,2021,28
journal_71accc8bf8209681,Medieval Encounters,2022,43
journal_71accc8bf8209681,Medieval Encounters,2023,26
journal_71accc8bf8209681,Medieval Encounters,2024,20
journal_71accc8bf8209681,Medieval Encounters,2025,29
journal_71accc8bf8209681,Medieval Encounters,2026,22
journal_72c9ee8b2d7bcf0f,De Medio Aevo,2019,23
journal_72c9ee8b2d7bcf0f,De Medio Aevo,2020,37
journal_72c9ee8b2d7bcf0f,De Medio Aevo,2021,61
journal_72c9ee8b2d7bcf0f,De Medio Aevo,2022,30
journal_72c9ee8b2d7bcf0f,De Medio Aevo,2023,51
journal_72c9ee8b2d7bcf0f,De Medio Aevo,2024,32
journal_72c9ee8b2d7bcf0f,De Medio Aevo,2025,34
journal_72c9ee8b2d7bcf0f,De Medio Aevo,2026,40
journal_73cfe4dd8669d4b5,Journal of Genocide Research,1999,53
journal_73cfe4dd8669d4b5,Journal of Genocide Research,2000,33
journal_73cfe4dd8669d4b5,Journal of Genocide Research,2001,63
journal_73cfe4dd8669d4b5,Journal of Genocide Research,2002,44
journal_73cfe4dd8669d4b5,Journal of Genocide Research,2003,49
journal_73cfe4dd8669d4b5,Journal of Genocide Research,2004,41
journal_73cfe4dd8669d4b5,Journal of Genocide Research,2005,42
journal_73cfe4dd8669d4b5,Journal of Genocide Research,2006,36
journal_73cfe4dd8669d4b5,Journal of Genocide Research,2007,50
journal_73cfe4dd8669d4b5,Journal of Genocide Research,2008,39
journal_73cfe4dd8669d4b5,Journal of Genocide Research,2009,27
journal_73cfe4dd8669d4b5,Journal of Genocide Research,2010,30
journal_73cfe4dd8669d4b5,Journal of Genocide Research,2011,53
journal_73cfe4dd8669d4b5,Journal of Genocide Research,2012,41
journal_73cfe4dd8669d4b5,Journal of Genocide Research,2013,40
journal_73cfe4dd8669d4b5,Journal of Genocide Research,2014,30
journal_73cfe4dd8669d4b5,Journal of Genocide Research,2015,20
journal_73cfe4dd8669d4b5,Journal of Genocide Research,2016,41
journal_73cfe4dd8669d4b5,Journal of Genocide Research,2017,33
journal_73cfe4dd8669d4b5,Journal of Genocide Research,2018,53
journal_73cfe4dd8669d4b5,Journal of Genocide Research,2019,74
journal_73cfe4dd8669d4b5,Journal of Genocide Research,2020,69
journal_73cfe4dd8669d4b5,Journal of Genocide Research,2021,53
journal_73cfe4dd8669d4b5,Journal of Genocide Research,2022,29
journal_73cfe4dd8669d4b5,Journal of Genocide Research,2023,32
journal_73cfe4dd8669d4b5,Journal of Genocide Research,2024,46
journal_73cfe4dd8669d4b5,Journal of Genocide Research,2025,92
journal_73cfe4dd8669d4b5,Journal of Genocide Research,2026,25
journal_757056d67864f4e8,Family &amp; Community History,1998,8
journal_757056d67864f4e8,Family &amp; Community History,1999,16
journal_757056d67864f4e8,Family &amp; Community History,2000,16
journal_757056d67864f4e8,Family &amp; Community History,2001,16
journal_757056d67864f4e8,Family &amp; Community History,2002,16
journal_757056d67864f4e8,Family &amp; Community History,2003,18
journal_757056d67864f4e8,Family &amp; Community History,2004,16
journal_757056d67864f4e8,Family &amp; Community History,2005,13
journal_757056d67864f4e8,Family &amp; Community History,2006,16
journal_757056d67864f4e8,Family &amp; Community History,2007,16
journal_757056d67864f4e8,Family &amp; Community History,2008,15
journal_757056d67864f4e8,Family &amp; Community History,2009,16
journal_757056d67864f4e8,Family &amp; Community History,2010,14
journal_757056d67864f4e8,Family &amp; Community History,2011,13
journal_757056d67864f4e8,Family &amp; Community History,2012,12
journal_757056d67864f4e8,Family &amp; Community History,2013,12
journal_757056d67864f4e8,Family &amp; Community History,2014,12
journal_757056d67864f4e8,Family &amp; Community History,2015,14
journal_757056d67864f4e8,Family &amp; Community History,2016,14
journal_757056d67864f4e8,Family &amp; Community History,2017,21
journal_757056d67864f4e8,Family &amp; Community History,2018,19
journal_757056d67864f4e8,Family &amp; Community History,2019,16
journal_757056d67864f4e8,Family &amp; Community History,2020,16
journal_757056d67864f4e8,Family &amp; Community History,2021,16
journal_757056d67864f4e8,Family &amp; Community History,2022,17
journal_757056d67864f4e8,Family &amp; Community History,2023,17
journal_757056d67864f4e8,Family &amp; Community History,2024,17
journal_757056d67864f4e8,Family &amp; Community History,2025,37
journal_757056d67864f4e8,Family &amp; Community History,2026,21
journal_759510c0ed4a2f0e,zeitgeschichte,2018,39
journal_759510c0ed4a2f0e,zeitgeschichte,2019,38
journal_759510c0ed4a2f0e,zeitgeschichte,2020,37
journal_759510c0ed4a2f0e,zeitgeschichte,2021,54
journal_759510c0ed4a2f0e,zeitgeschichte,2022,39
journal_759510c0ed4a2f0e,zeitgeschichte,2023,41
journal_759510c0ed4a2f0e,zeitgeschichte,2024,50
journal_759510c0ed4a2f0e,zeitgeschichte,2025,41
journal_759510c0ed4a2f0e,zeitgeschichte,2026,20
journal_75c6a08ade7751b8,Journal for Maritime Research,1999,7
journal_75c6a08ade7751b8,Journal for Maritime Research,2000,7
journal_75c6a08ade7751b8,Journal for Maritime Research,2001,7
journal_75c6a08ade7751b8,Journal for Maritime Research,2002,9
journal_75c6a08ade7751b8,Journal for Maritime Research,2003,8
journal_75c6a08ade7751b8,Journal for Maritime Research,2004,7
journal_75c6a08ade7751b8,Journal for Maritime Research,2005,12
journal_75c6a08ade7751b8,Journal for Maritime Research,2006,6
journal_75c6a08ade7751b8,Journal for Maritime Research,2007,3
journal_75c6a08ade7751b8,Journal for Maritime Research,2008,4
journal_75c6a08ade7751b8,Journal for Maritime Research,2009,3
journal_75c6a08ade7751b8,Journal for Maritime Research,2010,2
journal_75c6a08ade7751b8,Journal for Maritime Research,2011,29
journal_75c6a08ade7751b8,Journal for Maritime Research,2012,23
journal_75c6a08ade7751b8,Journal for Maritime Research,2013,39
journal_75c6a08ade7751b8,Journal for Maritime Research,2014,19
journal_75c6a08ade7751b8,Journal for Maritime Research,2015,45
journal_75c6a08ade7751b8,Journal for Maritime Research,2016,31
journal_75c6a08ade7751b8,Journal for Maritime Research,2017,18
journal_75c6a08ade7751b8,Journal for Maritime Research,2018,15
journal_75c6a08ade7751b8,Journal for Maritime Research,2019,21
journal_75c6a08ade7751b8,Journal for Maritime Research,2020,16
journal_75c6a08ade7751b8,Journal for Maritime Research,2021,17
journal_7632f05d8be4b918,The Social History of Alcohol and Drugs,2003,13
journal_7632f05d8be4b918,The Social History of Alcohol and Drugs,2004,13
journal_7632f05d8be4b918,The Social History of Alcohol and Drugs,2005,17
journal_7632f05d8be4b918,The Social History of Alcohol and Drugs,2006,10
journal_7632f05d8be4b918,The Social History of Alcohol and Drugs,2007,24
journal_7632f05d8be4b918,The Social History of Alcohol and Drugs,2008,33
journal_7632f05d8be4b918,The Social History of Alcohol and Drugs,2009,21
journal_7632f05d8be4b918,The Social History of Alcohol and Drugs,2010,34
journal_7632f05d8be4b918,The Social History of Alcohol and Drugs,2011,22
journal_7632f05d8be4b918,The Social History of Alcohol and Drugs,2012,23
journal_7632f05d8be4b918,The Social History of Alcohol and Drugs,2013,19
journal_7632f05d8be4b918,The Social History of Alcohol and Drugs,2014,16
journal_7632f05d8be4b918,The Social History of Alcohol and Drugs,2015,10
journal_7632f05d8be4b918,The Social History of Alcohol and Drugs,2016,12
journal_7632f05d8be4b918,The Social History of Alcohol and Drugs,2017,19
journal_7632f05d8be4b918,The Social History of Alcohol and Drugs,2018,7
journal_7632f05d8be4b918,The Social History of Alcohol and Drugs,2019,30
journal_7632f05d8be4b918,The Social History of Alcohol and Drugs,2020,37
journal_7632f05d8be4b918,The Social History of Alcohol and Drugs,2021,37
journal_7632f05d8be4b918,The Social History of Alcohol and Drugs,2022,28
journal_7632f05d8be4b918,The Social History of Alcohol and Drugs,2023,36
journal_7632f05d8be4b918,The Social History of Alcohol and Drugs,2024,37
journal_7632f05d8be4b918,The Social History of Alcohol and Drugs,2025,36
journal_7632f05d8be4b918,The Social History of Alcohol and Drugs,2026,26
journal_77695299ceedc9b2,Journal of World History,1996,31
journal_77695299ceedc9b2,Journal of World History,1997,30
journal_77695299ceedc9b2,Journal of World History,1998,32
journal_77695299ceedc9b2,Journal of World History,1999,60
journal_77695299ceedc9b2,Journal of World History,2000,53
journal_77695299ceedc9b2,Journal of World History,2001,58
journal_77695299ceedc9b2,Journal of World History,2002,58
journal_77695299ceedc9b2,Journal of World History,2003,61
journal_77695299ceedc9b2,Journal of World History,2004,49
journal_77695299ceedc9b2,Journal of World History,2005,44
journal_77695299ceedc9b2,Journal of World History,2006,37
journal_77695299ceedc9b2,Journal of World History,2007,38
journal_77695299ceedc9b2,Journal of World History,2008,33
journal_77695299ceedc9b2,Journal of World History,2009,61
journal_77695299ceedc9b2,Journal of World History,2010,85
journal_77695299ceedc9b2,Journal of World History,2011,129
journal_77695299ceedc9b2,Journal of World History,2012,131
journal_77695299ceedc9b2,Journal of World History,2013,116
journal_77695299ceedc9b2,Journal of World History,2014,24
journal_77695299ceedc9b2,Journal of World History,2015,42
journal_77695299ceedc9b2,Journal of World History,2016,144
journal_77695299ceedc9b2,Journal of World History,2017,60
journal_77695299ceedc9b2,Journal of World History,2018,65
journal_77695299ceedc9b2,Journal of World History,2019,77
journal_77695299ceedc9b2,Journal of World History,2020,65
journal_77695299ceedc9b2,Journal of World History,2021,54
journal_77695299ceedc9b2,Journal of World History,2022,40
journal_77695299ceedc9b2,Journal of World History,2023,35
journal_77695299ceedc9b2,Journal of World History,2024,40
journal_77695299ceedc9b2,Journal of World History,2025,42
journal_77695299ceedc9b2,Journal of World History,2026,23
journal_7779b0949c5eba6b,European Review of Economic History,1997,16
journal_7779b0949c5eba6b,European Review of Economic History,1998,15
journal_7779b0949c5eba6b,European Review of Economic History,1999,17
journal_7779b0949c5eba6b,European Review of Economic History,2000,16
journal_7779b0949c5eba6b,European Review of Economic History,2001,15
journal_7779b0949c5eba6b,European Review of Economic History,2002,18
journal_7779b0949c5eba6b,European Review of Economic History,2003,13
journal_7779b0949c5eba6b,European Review of Economic History,2004,18
journal_7779b0949c5eba6b,European Review of Economic History,2005,17
journal_7779b0949c5eba6b,European Review of Economic History,2006,18
journal_7779b0949c5eba6b,European Review of Economic History,2007,13
journal_7779b0949c5eba6b,European Review of Economic History,2008,17
journal_7779b0949c5eba6b,European Review of Economic History,2009,24
journal_7779b0949c5eba6b,European Review of Economic History,2010,21
journal_7779b0949c5eba6b,European Review of Economic History,2011,26
journal_7779b0949c5eba6b,European Review of Economic History,2012,27
journal_7779b0949c5eba6b,European Review of Economic History,2013,23
journal_7779b0949c5eba6b,European Review of Economic History,2014,24
journal_7779b0949c5eba6b,European Review of Economic History,2015,25
journal_7779b0949c5eba6b,European Review of Economic History,2016,19
journal_7779b0949c5eba6b,European Review of Economic History,2017,30
journal_7779b0949c5eba6b,European Review of Economic History,2018,36
journal_7779b0949c5eba6b,European Review of Economic History,2019,18
journal_7779b0949c5eba6b,European Review of Economic History,2020,32
journal_7779b0949c5eba6b,European Review of Economic History,2021,30
journal_7779b0949c5eba6b,European Review of Economic History,2022,20
journal_7779b0949c5eba6b,European Review of Economic History,2023,36
journal_7779b0949c5eba6b,European Review of Economic History,2024,17
journal_7779b0949c5eba6b,European Review of Economic History,2025,25
journal_7779b0949c5eba6b,European Review of Economic History,2026,26
journal_77a3ca6064c87819,History &amp; Memory,1997,18
journal_77a3ca6064c87819,History &amp; Memory,1999,2
journal_77a3ca6064c87819,History &amp; Memory,2000,2
journal_77a3ca6064c87819,History &amp; Memory,2001,2
journal_77a3ca6064c87819,History &amp; Memory,2002,1
journal_77a3ca6064c87819,History &amp; Memory,2003,2
journal_77a3ca6064c87819,History &amp; Memory,2004,2
journal_77a3ca6064c87819,History &amp; Memory,2005,1
journal_77a3ca6064c87819,History &amp; Memory,2006,2
journal_77a3ca6064c87819,History &amp; Memory,2007,2
journal_77a3ca6064c87819,History &amp; Memory,2019,6
journal_77a3ca6064c87819,History &amp; Memory,2022,13
journal_77a3ca6064c87819,History &amp; Memory,2023,12
journal_77a3ca6064c87819,History &amp; Memory,2024,12
journal_77a3ca6064c87819,History &amp; Memory,2025,14
journal_77a3ca6064c87819,History &amp; Memory,2026,7
journal_77a3ca6064c87819,History &amp;amp; Memory,1999,13
journal_77a3ca6064c87819,History &amp;amp; Memory,2000,22
journal_77a3ca6064c87819,History &amp;amp; Memory,2001,13
journal_77a3ca6064c87819,History &amp;amp; Memory,2002,11
journal_77a3ca6064c87819,History &amp;amp; Memory,2003,13
journal_77a3ca6064c87819,History &amp;amp; Memory,2004,13
journal_77a3ca6064c87819,History &amp;amp; Memory,2005,13
journal_77a3ca6064c87819,History &amp;amp; Memory,2006,8
journal_77a3ca6064c87819,History and Memory,1999,9
journal_77a3ca6064c87819,History and Memory,2000,11
journal_77a3ca6064c87819,History and Memory,2001,10
journal_77a3ca6064c87819,History and Memory,2002,10
journal_77a3ca6064c87819,History and Memory,2003,10
journal_77a3ca6064c87819,History and Memory,2004,9
journal_77a3ca6064c87819,History and Memory,2005,11
journal_77a3ca6064c87819,History and Memory,2006,13
journal_77a3ca6064c87819,History and Memory,2007,10
journal_77a3ca6064c87819,History and Memory,2008,12
journal_77a3ca6064c87819,History and Memory,2009,14
journal_77a3ca6064c87819,History and Memory,2010,13
journal_77a3ca6064c87819,History and Memory,2011,14
journal_77a3ca6064c87819,History and Memory,2012,12
journal_77a3ca6064c87819,History and Memory,2013,13
journal_77a3ca6064c87819,History and Memory,2014,12
journal_77a3ca6064c87819,History and Memory,2015,13
journal_77a3ca6064c87819,History and Memory,2016,15
journal_77a3ca6064c87819,History and Memory,2017,14
journal_77a3ca6064c87819,History and Memory,2018,15
journal_77a3ca6064c87819,History and Memory,2019,15
journal_77a3ca6064c87819,History and Memory,2020,16
journal_77a3ca6064c87819,History and Memory,2021,15
journal_78af5311fd3dff5a,American Historical Review,2019,41
journal_78af5311fd3dff5a,American Historical Review,2020,131
journal_78af5311fd3dff5a,American Historical Review,2021,2
journal_78af5311fd3dff5a,The American Historical Review,1895,71
journal_78af5311fd3dff5a,The American Historical Review,1896,255
journal_78af5311fd3dff5a,The American Historical Review,1897,249
journal_78af5311fd3dff5a,The American Historical Review,1898,260
journal_78af5311fd3dff5a,The American Historical Review,1899,321
journal_78af5311fd3dff5a,The American Historical Review,1900,199
journal_78af5311fd3dff5a,The American Historical Review,1901,339
journal_78af5311fd3dff5a,The American Historical Review,1902,314
journal_78af5311fd3dff5a,The American Historical Review,1903,306
journal_78af5311fd3dff5a,The American Historical Review,1904,320
journal_78af5311fd3dff5a,The American Historical Review,1905,326
journal_78af5311fd3dff5a,The American Historical Review,1906,351
journal_78af5311fd3dff5a,The American Historical Review,1907,337
journal_78af5311fd3dff5a,The American Historical Review,1908,343
journal_78af5311fd3dff5a,The American Historical Review,1909,291
journal_78af5311fd3dff5a,The American Historical Review,1910,335
journal_78af5311fd3dff5a,The American Historical Review,1911,328
journal_78af5311fd3dff5a,The American Historical Review,1912,286
journal_78af5311fd3dff5a,The American Historical Review,1913,256
journal_78af5311fd3dff5a,The American Historical Review,1914,359
journal_78af5311fd3dff5a,The American Historical Review,1915,272
journal_78af5311fd3dff5a,The American Historical Review,1916,306
journal_78af5311fd3dff5a,The American Historical Review,1917,367
journal_78af5311fd3dff5a,The American Historical Review,1918,318
journal_78af5311fd3dff5a,The American Historical Review,1919,269
journal_78af5311fd3dff5a,The American Historical Review,1920,276
journal_78af5311fd3dff5a,The American Historical Review,1921,335
journal_78af5311fd3dff5a,The American Historical Review,1922,326
journal_78af5311fd3dff5a,The American Historical Review,1923,301
journal_78af5311fd3dff5a,The American Historical Review,1924,342
journal_78af5311fd3dff5a,The American Historical Review,1925,318
journal_78af5311fd3dff5a,The American Historical Review,1926,339
journal_78af5311fd3dff5a,The American Historical Review,1927,422
journal_78af5311fd3dff5a,The American Historical Review,1928,371
journal_78af5311fd3dff5a,The American Historical Review,1929,400
journal_78af5311fd3dff5a,The American Historical Review,1930,428
journal_78af5311fd3dff5a,The American Historical Review,1931,405
journal_78af5311fd3dff5a,The American Historical Review,1932,364
journal_78af5311fd3dff5a,The American Historical Review,1933,363
journal_78af5311fd3dff5a,The American Historical Review,1934,347
journal_78af5311fd3dff5a,The American Historical Review,1935,327
journal_78af5311fd3dff5a,The American Historical Review,1936,347
journal_78af5311fd3dff5a,The American Historical Review,1937,570
journal_78af5311fd3dff5a,The American Historical Review,1938,591
journal_78af5311fd3dff5a,The American Historical Review,1939,607
journal_78af5311fd3dff5a,The American Historical Review,1940,624
journal_78af5311fd3dff5a,The American Historical Review,1941,655
journal_78af5311fd3dff5a,The American Historical Review,1942,677
journal_78af5311fd3dff5a,The American Historical Review,1943,596
journal_78af5311fd3dff5a,The American Historical Review,1944,499
journal_78af5311fd3dff5a,The American Historical Review,1945,436
journal_78af5311fd3dff5a,The American Historical Review,1946,381
journal_78af5311fd3dff5a,The American Historical Review,1947,364
journal_78af5311fd3dff5a,The American Historical Review,1948,459
journal_78af5311fd3dff5a,The American Historical Review,1949,495
journal_78af5311fd3dff5a,The American Historical Review,1950,539
journal_78af5311fd3dff5a,The American Historical Review,1951,523
journal_78af5311fd3dff5a,The American Historical Review,1952,502
journal_78af5311fd3dff5a,The American Historical Review,1953,556
journal_78af5311fd3dff5a,The American Historical Review,1954,519
journal_78af5311fd3dff5a,The American Historical Review,1955,496
journal_78af5311fd3dff5a,The American Historical Review,1956,537
journal_78af5311fd3dff5a,The American Historical Review,1957,504
journal_78af5311fd3dff5a,The American Historical Review,1958,553
journal_78af5311fd3dff5a,The American Historical Review,1959,519
journal_78af5311fd3dff5a,The American Historical Review,1960,561
journal_78af5311fd3dff5a,The American Historical Review,1961,593
journal_78af5311fd3dff5a,The American Historical Review,1962,603
journal_78af5311fd3dff5a,The American Historical Review,1963,639
journal_78af5311fd3dff5a,The American Historical Review,1964,694
journal_78af5311fd3dff5a,The American Historical Review,1965,870
journal_78af5311fd3dff5a,The American Historical Review,1966,1995
journal_78af5311fd3dff5a,The American Historical Review,1967,2383
journal_78af5311fd3dff5a,The American Historical Review,1968,2420
journal_78af5311fd3dff5a,The American Historical Review,1969,1819
journal_78af5311fd3dff5a,The American Historical Review,1970,1531
journal_78af5311fd3dff5a,The American Historical Review,1971,1530
journal_78af5311fd3dff5a,The American Historical Review,1972,1645
journal_78af5311fd3dff5a,The American Historical Review,1973,1542
journal_78af5311fd3dff5a,The American Historical Review,1974,1955
journal_78af5311fd3dff5a,The American Historical Review,1975,2094
journal_78af5311fd3dff5a,The American Historical Review,1976,2732
journal_78af5311fd3dff5a,The American Historical Review,1977,2792
journal_78af5311fd3dff5a,The American Historical Review,1978,2392
journal_78af5311fd3dff5a,The American Historical Review,1979,2688
journal_78af5311fd3dff5a,The American Historical Review,1980,2231
journal_78af5311fd3dff5a,The American Historical Review,1981,1974
journal_78af5311fd3dff5a,The American Historical Review,1982,2213
journal_78af5311fd3dff5a,The American Historical Review,1983,2014
journal_78af5311fd3dff5a,The American Historical Review,1984,2114
journal_78af5311fd3dff5a,The American Historical Review,1985,2113
journal_78af5311fd3dff5a,The American Historical Review,1986,2096
journal_78af5311fd3dff5a,The American Historical Review,1987,2094
journal_78af5311fd3dff5a,The American Historical Review,1988,2111
journal_78af5311fd3dff5a,The American Historical Review,1989,2313
journal_78af5311fd3dff5a,The American Historical Review,1990,2672
journal_78af5311fd3dff5a,The American Historical Review,1991,2601
journal_78af5311fd3dff5a,The American Historical Review,1992,2298
journal_78af5311fd3dff5a,The American Historical Review,1993,2264
journal_78af5311fd3dff5a,The American Historical Review,1994,2306
journal_78af5311fd3dff5a,The American Historical Review,1995,2232
journal_78af5311fd3dff5a,The American Historical Review,1996,2210
journal_78af5311fd3dff5a,The American Historical Review,1997,2209
journal_78af5311fd3dff5a,The American Historical Review,1998,2105
journal_78af5311fd3dff5a,The American Historical Review,1999,2055
journal_78af5311fd3dff5a,The American Historical Review,2000,2018
journal_78af5311fd3dff5a,The American Historical Review,2001,2140
journal_78af5311fd3dff5a,The American Historical Review,2002,1933
journal_78af5311fd3dff5a,The American Historical Review,2003,1881
journal_78af5311fd3dff5a,The American Historical Review,2004,1966
journal_78af5311fd3dff5a,The American Historical Review,2005,1632
journal_78af5311fd3dff5a,The American Historical Review,2006,1290
journal_78af5311fd3dff5a,The American Historical Review,2007,1186
journal_78af5311fd3dff5a,The American Historical Review,2008,1268
journal_78af5311fd3dff5a,The American Historical Review,2009,1079
journal_78af5311fd3dff5a,The American Historical Review,2010,994
journal_78af5311fd3dff5a,The American Historical Review,2011,1041
journal_78af5311fd3dff5a,The American Historical Review,2012,1101
journal_78af5311fd3dff5a,The American Historical Review,2013,995
journal_78af5311fd3dff5a,The American Historical Review,2014,1143
journal_78af5311fd3dff5a,The American Historical Review,2015,1137
journal_78af5311fd3dff5a,The American Historical Review,2016,1034
journal_78af5311fd3dff5a,The American Historical Review,2017,989
journal_78af5311fd3dff5a,The American Historical Review,2018,930
journal_78af5311fd3dff5a,The American Historical Review,2019,899
journal_78af5311fd3dff5a,The American Historical Review,2020,963
journal_78af5311fd3dff5a,The American Historical Review,2021,615
journal_78af5311fd3dff5a,The American Historical Review,2022,494
journal_78af5311fd3dff5a,The American Historical Review,2023,496
journal_78af5311fd3dff5a,The American Historical Review,2024,576
journal_78af5311fd3dff5a,The American Historical Review,2025,777
journal_78af5311fd3dff5a,The American Historical Review,2026,531
journal_798c8a7ecbd4ce8b,French History,1987,44
journal_798c8a7ecbd4ce8b,French History,1988,92
journal_798c8a7ecbd4ce8b,French History,1989,103
journal_798c8a7ecbd4ce8b,French History,1990,106
journal_798c8a7ecbd4ce8b,French History,1991,86
journal_798c8a7ecbd4ce8b,French History,1992,129
journal_798c8a7ecbd4ce8b,French History,1993,80
journal_798c8a7ecbd4ce8b,French History,1994,112
journal_798c8a7ecbd4ce8b,French History,1995,84
journal_798c8a7ecbd4ce8b,French History,1996,92
journal_798c8a7ecbd4ce8b,French History,1997,60
journal_798c8a7ecbd4ce8b,French History,1998,109
journal_798c8a7ecbd4ce8b,French History,1999,52
journal_798c8a7ecbd4ce8b,French History,2000,89
journal_798c8a7ecbd4ce8b,French History,2001,75
journal_798c8a7ecbd4ce8b,French History,2002,63
journal_798c8a7ecbd4ce8b,French History,2003,52
journal_798c8a7ecbd4ce8b,French History,2004,61
journal_798c8a7ecbd4ce8b,French History,2005,51
journal_798c8a7ecbd4ce8b,French History,2006,47
journal_798c8a7ecbd4ce8b,French History,2007,58
journal_798c8a7ecbd4ce8b,French History,2008,80
journal_798c8a7ecbd4ce8b,French History,2009,42
journal_798c8a7ecbd4ce8b,French History,2010,80
journal_798c8a7ecbd4ce8b,French History,2011,86
journal_798c8a7ecbd4ce8b,French History,2012,137
journal_798c8a7ecbd4ce8b,French History,2013,123
journal_798c8a7ecbd4ce8b,French History,2014,112
journal_798c8a7ecbd4ce8b,French History,2015,101
journal_798c8a7ecbd4ce8b,French History,2016,95
journal_798c8a7ecbd4ce8b,French History,2017,71
journal_798c8a7ecbd4ce8b,French History,2018,119
journal_798c8a7ecbd4ce8b,French History,2019,108
journal_798c8a7ecbd4ce8b,French History,2020,76
journal_798c8a7ecbd4ce8b,French History,2021,63
journal_798c8a7ecbd4ce8b,French History,2022,70
journal_798c8a7ecbd4ce8b,French History,2023,61
journal_798c8a7ecbd4ce8b,French History,2024,62
journal_798c8a7ecbd4ce8b,French History,2025,53
journal_798c8a7ecbd4ce8b,French History,2026,33
journal_7a73310b46e86f18,Giornale di Storia costituzionale,2017,1
journal_7a73310b46e86f18,Giornale di storia costituzionale,2006,2
journal_7a73310b46e86f18,Giornale di storia costituzionale,2022,1
journal_7a73310b46e86f18,Giornale di storia costituzionale,2023,1
journal_7a73310b46e86f18,Giornale di storia costituzionale,2025,21
journal_7a73310b46e86f18,Giornale di storia costituzionale,2026,687
journal_7b35c15d5248d085,Journal of Historical Geography,1975,107
journal_7b35c15d5248d085,Journal of Historical Geography,1976,119
journal_7b35c15d5248d085,Journal of Historical Geography,1977,140
journal_7b35c15d5248d085,Journal of Historical Geography,1978,153
journal_7b35c15d5248d085,Journal of Historical Geography,1979,128
journal_7b35c15d5248d085,Journal of Historical Geography,1980,139
journal_7b35c15d5248d085,Journal of Historical Geography,1981,159
journal_7b35c15d5248d085,Journal of Historical Geography,1982,187
journal_7b35c15d5248d085,Journal of Historical Geography,1983,172
journal_7b35c15d5248d085,Journal of Historical Geography,1984,163
journal_7b35c15d5248d085,Journal of Historical Geography,1985,125
journal_7b35c15d5248d085,Journal of Historical Geography,1986,133
journal_7b35c15d5248d085,Journal of Historical Geography,1987,140
journal_7b35c15d5248d085,Journal of Historical Geography,1988,157
journal_7b35c15d5248d085,Journal of Historical Geography,1989,133
journal_7b35c15d5248d085,Journal of Historical Geography,1990,141
journal_7b35c15d5248d085,Journal of Historical Geography,1991,124
journal_7b35c15d5248d085,Journal of Historical Geography,1992,121
journal_7b35c15d5248d085,Journal of Historical Geography,1993,30
journal_7b35c15d5248d085,Journal of Historical Geography,1994,37
journal_7b35c15d5248d085,Journal of Historical Geography,1995,73
journal_7b35c15d5248d085,Journal of Historical Geography,1996,35
journal_7b35c15d5248d085,Journal of Historical Geography,1997,34
journal_7b35c15d5248d085,Journal of Historical Geography,1998,35
journal_7b35c15d5248d085,Journal of Historical Geography,1999,67
journal_7b35c15d5248d085,Journal of Historical Geography,2000,96
journal_7b35c15d5248d085,Journal of Historical Geography,2001,108
journal_7b35c15d5248d085,Journal of Historical Geography,2002,97
journal_7b35c15d5248d085,Journal of Historical Geography,2003,84
journal_7b35c15d5248d085,Journal of Historical Geography,2004,115
journal_7b35c15d5248d085,Journal of Historical Geography,2005,107
journal_7b35c15d5248d085,Journal of Historical Geography,2006,112
journal_7b35c15d5248d085,Journal of Historical Geography,2007,117
journal_7b35c15d5248d085,Journal of Historical Geography,2008,85
journal_7b35c15d5248d085,Journal of Historical Geography,2009,95
journal_7b35c15d5248d085,Journal of Historical Geography,2010,114
journal_7b35c15d5248d085,Journal of Historical Geography,2011,115
journal_7b35c15d5248d085,Journal of Historical Geography,2012,103
journal_7b35c15d5248d085,Journal of Historical Geography,2013,115
journal_7b35c15d5248d085,Journal of Historical Geography,2014,146
journal_7b35c15d5248d085,Journal of Historical Geography,2015,125
journal_7b35c15d5248d085,Journal of Historical Geography,2016,146
journal_7b35c15d5248d085,Journal of Historical Geography,2017,133
journal_7b35c15d5248d085,Journal of Historical Geography,2018,108
journal_7b35c15d5248d085,Journal of Historical Geography,2019,109
journal_7b35c15d5248d085,Journal of Historical Geography,2020,83
journal_7b35c15d5248d085,Journal of Historical Geography,2021,70
journal_7b35c15d5248d085,Journal of Historical Geography,2022,54
journal_7b35c15d5248d085,Journal of Historical Geography,2023,73
journal_7b35c15d5248d085,Journal of Historical Geography,2024,117
journal_7b35c15d5248d085,Journal of Historical Geography,2025,115
journal_7b35c15d5248d085,Journal of Historical Geography,2026,109
journal_7b94787a9b8edf12,Church History,1932,86
journal_7b94787a9b8edf12,Church History,1933,69
journal_7b94787a9b8edf12,Church History,1934,72
journal_7b94787a9b8edf12,Church History,1935,86
journal_7b94787a9b8edf12,Church History,1936,82
journal_7b94787a9b8edf12,Church History,1937,94
journal_7b94787a9b8edf12,Church History,1938,99
journal_7b94787a9b8edf12,Church History,1939,101
journal_7b94787a9b8edf12,Church History,1940,83
journal_7b94787a9b8edf12,Church History,1941,75
journal_7b94787a9b8edf12,Church History,1942,87
journal_7b94787a9b8edf12,Church History,1943,63
journal_7b94787a9b8edf12,Church History,1944,69
journal_7b94787a9b8edf12,Church History,1945,64
journal_7b94787a9b8edf12,Church History,1946,68
journal_7b94787a9b8edf12,Church History,1947,72
journal_7b94787a9b8edf12,Church History,1948,111
journal_7b94787a9b8edf12,Church History,1949,99
journal_7b94787a9b8edf12,Church History,1950,97
journal_7b94787a9b8edf12,Church History,1951,81
journal_7b94787a9b8edf12,Church History,1952,91
journal_7b94787a9b8edf12,Church History,1953,78
journal_7b94787a9b8edf12,Church History,1954,93
journal_7b94787a9b8edf12,Church History,1955,102
journal_7b94787a9b8edf12,Church History,1956,76
journal_7b94787a9b8edf12,Church History,1957,122
journal_7b94787a9b8edf12,Church History,1958,95
journal_7b94787a9b8edf12,Church History,1959,101
journal_7b94787a9b8edf12,Church History,1960,127
journal_7b94787a9b8edf12,Church History,1961,115
journal_7b94787a9b8edf12,Church History,1962,126
journal_7b94787a9b8edf12,Church History,1963,126
journal_7b94787a9b8edf12,Church History,1964,129
journal_7b94787a9b8edf12,Church History,1965,129
journal_7b94787a9b8edf12,Church History,1966,168
journal_7b94787a9b8edf12,Church History,1967,130
journal_7b94787a9b8edf12,Church History,1968,140
journal_7b94787a9b8edf12,Church History,1969,139
journal_7b94787a9b8edf12,Church History,1970,214
journal_7b94787a9b8edf12,Church History,1971,221
journal_7b94787a9b8edf12,Church History,1972,258
journal_7b94787a9b8edf12,Church History,1973,189
journal_7b94787a9b8edf12,Church History,1974,201
journal_7b94787a9b8edf12,Church History,1975,220
journal_7b94787a9b8edf12,Church History,1976,180
journal_7b94787a9b8edf12,Church History,1977,111
journal_7b94787a9b8edf12,Church History,1978,126
journal_7b94787a9b8edf12,Church History,1979,150
journal_7b94787a9b8edf12,Church History,1980,219
journal_7b94787a9b8edf12,Church History,1981,205
journal_7b94787a9b8edf12,Church History,1982,268
journal_7b94787a9b8edf12,Church History,1983,367
journal_7b94787a9b8edf12,Church History,1984,349
journal_7b94787a9b8edf12,Church History,1985,321
journal_7b94787a9b8edf12,Church History,1986,254
journal_7b94787a9b8edf12,Church History,1987,221
journal_7b94787a9b8edf12,Church History,1988,261
journal_7b94787a9b8edf12,Church History,1989,233
journal_7b94787a9b8edf12,Church History,1990,240
journal_7b94787a9b8edf12,Church History,1991,192
journal_7b94787a9b8edf12,Church History,1992,198
journal_7b94787a9b8edf12,Church History,1993,248
journal_7b94787a9b8edf12,Church History,1994,285
journal_7b94787a9b8edf12,Church History,1995,356
journal_7b94787a9b8edf12,Church History,1996,497
journal_7b94787a9b8edf12,Church History,1997,494
journal_7b94787a9b8edf12,Church History,1998,335
journal_7b94787a9b8edf12,Church History,1999,332
journal_7b94787a9b8edf12,Church History,2000,254
journal_7b94787a9b8edf12,Church History,2001,184
journal_7b94787a9b8edf12,Church History,2002,232
journal_7b94787a9b8edf12,Church History,2003,190
journal_7b94787a9b8edf12,Church History,2004,175
journal_7b94787a9b8edf12,Church History,2005,220
journal_7b94787a9b8edf12,Church History,2006,209
journal_7b94787a9b8edf12,Church History,2007,211
journal_7b94787a9b8edf12,Church History,2008,203
journal_7b94787a9b8edf12,Church History,2009,189
journal_7b94787a9b8edf12,Church History,2010,190
journal_7b94787a9b8edf12,Church History,2011,224
journal_7b94787a9b8edf12,Church History,2012,247
journal_7b94787a9b8edf12,Church History,2013,209
journal_7b94787a9b8edf12,Church History,2014,203
journal_7b94787a9b8edf12,Church History,2015,170
journal_7b94787a9b8edf12,Church History,2016,165
journal_7b94787a9b8edf12,Church History,2017,213
journal_7b94787a9b8edf12,Church History,2018,286
journal_7b94787a9b8edf12,Church History,2019,222
journal_7b94787a9b8edf12,Church History,2020,265
journal_7b94787a9b8edf12,Church History,2021,280
journal_7b94787a9b8edf12,Church History,2022,281
journal_7b94787a9b8edf12,Church History,2023,292
journal_7b94787a9b8edf12,Church History,2024,290
journal_7b94787a9b8edf12,Church History,2025,181
journal_7b94787a9b8edf12,Church History,2026,47
journal_7bfa328cb1f8254a,Colonial Latin American Review,1992,18
journal_7bfa328cb1f8254a,Colonial Latin American Review,1993,17
journal_7bfa328cb1f8254a,Colonial Latin American Review,1994,16
journal_7bfa328cb1f8254a,Colonial Latin American Review,1995,37
journal_7bfa328cb1f8254a,Colonial Latin American Review,1996,30
journal_7bfa328cb1f8254a,Colonial Latin American Review,1997,27
journal_7bfa328cb1f8254a,Colonial Latin American Review,1998,22
journal_7bfa328cb1f8254a,Colonial Latin American Review,1999,26
journal_7bfa328cb1f8254a,Colonial Latin American Review,2000,25
journal_7bfa328cb1f8254a,Colonial Latin American Review,2001,37
journal_7bfa328cb1f8254a,Colonial Latin American Review,2002,27
journal_7bfa328cb1f8254a,Colonial Latin American Review,2003,20
journal_7bfa328cb1f8254a,Colonial Latin American Review,2004,24
journal_7bfa328cb1f8254a,Colonial Latin American Review,2005,18
journal_7bfa328cb1f8254a,Colonial Latin American Review,2006,17
journal_7bfa328cb1f8254a,Colonial Latin American Review,2007,20
journal_7bfa328cb1f8254a,Colonial Latin American Review,2008,19
journal_7bfa328cb1f8254a,Colonial Latin American Review,2009,26
journal_7bfa328cb1f8254a,Colonial Latin American Review,2010,25
journal_7bfa328cb1f8254a,Colonial Latin American Review,2011,32
journal_7bfa328cb1f8254a,Colonial Latin American Review,2012,35
journal_7bfa328cb1f8254a,Colonial Latin American Review,2013,42
journal_7bfa328cb1f8254a,Colonial Latin American Review,2014,36
journal_7bfa328cb1f8254a,Colonial Latin American Review,2015,50
journal_7bfa328cb1f8254a,Colonial Latin American Review,2016,48
journal_7bfa328cb1f8254a,Colonial Latin American Review,2017,44
journal_7bfa328cb1f8254a,Colonial Latin American Review,2018,45
journal_7bfa328cb1f8254a,Colonial Latin American Review,2019,45
journal_7bfa328cb1f8254a,Colonial Latin American Review,2020,53
journal_7bfa328cb1f8254a,Colonial Latin American Review,2021,46
journal_7bfa328cb1f8254a,Colonial Latin American Review,2022,55
journal_7bfa328cb1f8254a,Colonial Latin American Review,2023,48
journal_7bfa328cb1f8254a,Colonial Latin American Review,2024,44
journal_7bfa328cb1f8254a,Colonial Latin American Review,2025,39
journal_7bfa328cb1f8254a,Colonial Latin American Review,2026,18
journal_7c1762a74e99d9a6,Medical History,1957,104
journal_7c1762a74e99d9a6,Medical History,1958,98
journal_7c1762a74e99d9a6,Medical History,1959,81
journal_7c1762a74e99d9a6,Medical History,1960,87
journal_7c1762a74e99d9a6,Medical History,1961,93
journal_7c1762a74e99d9a6,Medical History,1962,103
journal_7c1762a74e99d9a6,Medical History,1963,121
journal_7c1762a74e99d9a6,Medical History,1964,104
journal_7c1762a74e99d9a6,Medical History,1965,111
journal_7c1762a74e99d9a6,Medical History,1966,110
journal_7c1762a74e99d9a6,Medical History,1967,102
journal_7c1762a74e99d9a6,Medical History,1968,118
journal_7c1762a74e99d9a6,Medical History,1969,119
journal_7c1762a74e99d9a6,Medical History,1970,99
journal_7c1762a74e99d9a6,Medical History,1971,113
journal_7c1762a74e99d9a6,Medical History,1972,93
journal_7c1762a74e99d9a6,Medical History,1973,104
journal_7c1762a74e99d9a6,Medical History,1974,72
journal_7c1762a74e99d9a6,Medical History,1975,82
journal_7c1762a74e99d9a6,Medical History,1976,198
journal_7c1762a74e99d9a6,Medical History,1977,263
journal_7c1762a74e99d9a6,Medical History,1978,236
journal_7c1762a74e99d9a6,Medical History,1979,142
journal_7c1762a74e99d9a6,Medical History,1980,99
journal_7c1762a74e99d9a6,Medical History,1981,130
journal_7c1762a74e99d9a6,Medical History,1982,164
journal_7c1762a74e99d9a6,Medical History,1983,158
journal_7c1762a74e99d9a6,Medical History,1984,142
journal_7c1762a74e99d9a6,Medical History,1985,140
journal_7c1762a74e99d9a6,Medical History,1986,136
journal_7c1762a74e99d9a6,Medical History,1987,136
journal_7c1762a74e99d9a6,Medical History,1988,142
journal_7c1762a74e99d9a6,Medical History,1989,144
journal_7c1762a74e99d9a6,Medical History,1990,157
journal_7c1762a74e99d9a6,Medical History,1991,160
journal_7c1762a74e99d9a6,Medical History,1992,153
journal_7c1762a74e99d9a6,Medical History,1993,152
journal_7c1762a74e99d9a6,Medical History,1994,145
journal_7c1762a74e99d9a6,Medical History,1995,133
journal_7c1762a74e99d9a6,Medical History,1996,153
journal_7c1762a74e99d9a6,Medical History,1997,140
journal_7c1762a74e99d9a6,Medical History,1998,149
journal_7c1762a74e99d9a6,Medical History,1999,152
journal_7c1762a74e99d9a6,Medical History,2000,150
journal_7c1762a74e99d9a6,Medical History,2001,170
journal_7c1762a74e99d9a6,Medical History,2002,132
journal_7c1762a74e99d9a6,Medical History,2003,142
journal_7c1762a74e99d9a6,Medical History,2004,139
journal_7c1762a74e99d9a6,Medical History,2005,138
journal_7c1762a74e99d9a6,Medical History,2006,124
journal_7c1762a74e99d9a6,Medical History,2007,118
journal_7c1762a74e99d9a6,Medical History,2008,135
journal_7c1762a74e99d9a6,Medical History,2009,168
journal_7c1762a74e99d9a6,Medical History,2010,132
journal_7c1762a74e99d9a6,Medical History,2011,162
journal_7c1762a74e99d9a6,Medical History,2012,96
journal_7c1762a74e99d9a6,Medical History,2013,102
journal_7c1762a74e99d9a6,Medical History,2014,76
journal_7c1762a74e99d9a6,Medical History,2015,84
journal_7c1762a74e99d9a6,Medical History,2016,127
journal_7c1762a74e99d9a6,Medical History,2017,85
journal_7c1762a74e99d9a6,Medical History,2018,79
journal_7c1762a74e99d9a6,Medical History,2019,68
journal_7c1762a74e99d9a6,Medical History,2020,60
journal_7c1762a74e99d9a6,Medical History,2021,38
journal_7c1762a74e99d9a6,Medical History,2022,44
journal_7c1762a74e99d9a6,Medical History,2023,25
journal_7c1762a74e99d9a6,Medical History,2024,42
journal_7c1762a74e99d9a6,Medical History,2025,54
journal_7c1762a74e99d9a6,Medical History,2026,35
journal_7e0d413e53aebefb,History Compass,2003,46
journal_7e0d413e53aebefb,History Compass,2004,52
journal_7e0d413e53aebefb,History Compass,2005,61
journal_7e0d413e53aebefb,History Compass,2006,85
journal_7e0d413e53aebefb,History Compass,2007,128
journal_7e0d413e53aebefb,History Compass,2008,71
journal_7e0d413e53aebefb,History Compass,2009,103
journal_7e0d413e53aebefb,History Compass,2010,97
journal_7e0d413e53aebefb,History Compass,2011,84
journal_7e0d413e53aebefb,History Compass,2012,88
journal_7e0d413e53aebefb,History Compass,2013,119
journal_7e0d413e53aebefb,History Compass,2014,101
journal_7e0d413e53aebefb,History Compass,2015,81
journal_7e0d413e53aebefb,History Compass,2016,74
journal_7e0d413e53aebefb,History Compass,2017,93
journal_7e0d413e53aebefb,History Compass,2018,95
journal_7e0d413e53aebefb,History Compass,2019,69
journal_7e0d413e53aebefb,History Compass,2020,67
journal_7e0d413e53aebefb,History Compass,2021,72
journal_7e0d413e53aebefb,History Compass,2022,63
journal_7e0d413e53aebefb,History Compass,2023,47
journal_7e0d413e53aebefb,History Compass,2024,41
journal_7e0d413e53aebefb,History Compass,2025,30
journal_7e0d413e53aebefb,History Compass,2026,12
journal_7f61c29f57730a14,Contributions to the History of Concepts,2005,22
journal_7f61c29f57730a14,Contributions to the History of Concepts,2006,10
journal_7f61c29f57730a14,Contributions to the History of Concepts,2007,12
journal_7f61c29f57730a14,Contributions to the History of Concepts,2008,11
journal_7f61c29f57730a14,Contributions to the History of Concepts,2009,12
journal_7f61c29f57730a14,Contributions to the History of Concepts,2010,1
journal_7f61c29f57730a14,Contributions to the History of Concepts,2011,14
journal_7f61c29f57730a14,Contributions to the History of Concepts,2012,11
journal_7f61c29f57730a14,Contributions to the History of Concepts,2013,14
journal_7f61c29f57730a14,Contributions to the History of Concepts,2014,14
journal_7f61c29f57730a14,Contributions to the History of Concepts,2015,13
journal_7f61c29f57730a14,Contributions to the History of Concepts,2016,20
journal_7f61c29f57730a14,Contributions to the History of Concepts,2017,14
journal_7f61c29f57730a14,Contributions to the History of Concepts,2018,13
journal_7f61c29f57730a14,Contributions to the History of Concepts,2019,13
journal_7f61c29f57730a14,Contributions to the History of Concepts,2020,14
journal_7f61c29f57730a14,Contributions to the History of Concepts,2021,21
journal_7f61c29f57730a14,Contributions to the History of Concepts,2022,13
journal_7f61c29f57730a14,Contributions to the History of Concepts,2023,18
journal_7f61c29f57730a14,Contributions to the History of Concepts,2024,16
journal_7f61c29f57730a14,Contributions to the History of Concepts,2025,14
journal_805acfa65470a411,Enterprise &amp; Society,2000,1
journal_805acfa65470a411,Enterprise &amp; Society,2001,26
journal_805acfa65470a411,Enterprise &amp; Society,2002,42
journal_805acfa65470a411,Enterprise &amp; Society,2003,68
journal_805acfa65470a411,Enterprise &amp; Society,2004,59
journal_805acfa65470a411,Enterprise &amp; Society,2005,61
journal_805acfa65470a411,Enterprise &amp; Society,2006,75
journal_805acfa65470a411,Enterprise &amp; Society,2007,77
journal_805acfa65470a411,Enterprise &amp; Society,2008,52
journal_805acfa65470a411,Enterprise &amp; Society,2009,23
journal_805acfa65470a411,Enterprise &amp; Society,2010,60
journal_805acfa65470a411,Enterprise &amp; Society,2011,63
journal_805acfa65470a411,Enterprise &amp; Society,2012,52
journal_805acfa65470a411,Enterprise &amp; Society,2014,15
journal_805acfa65470a411,Enterprise &amp; Society,2015,106
journal_805acfa65470a411,Enterprise &amp; Society,2016,93
journal_805acfa65470a411,Enterprise &amp; Society,2017,68
journal_805acfa65470a411,Enterprise &amp; Society,2018,104
journal_805acfa65470a411,Enterprise &amp; Society,2019,66
journal_805acfa65470a411,Enterprise &amp; Society,2020,101
journal_805acfa65470a411,Enterprise &amp; Society,2021,71
journal_805acfa65470a411,Enterprise &amp; Society,2022,50
journal_805acfa65470a411,Enterprise &amp; Society,2023,53
journal_805acfa65470a411,Enterprise &amp; Society,2024,56
journal_805acfa65470a411,Enterprise &amp; Society,2025,50
journal_805acfa65470a411,Enterprise &amp; Society,2026,36
journal_805acfa65470a411,Enterprise and Society,2000,104
journal_805acfa65470a411,Enterprise and Society,2001,116
journal_805acfa65470a411,Enterprise and Society,2002,110
journal_805acfa65470a411,Enterprise and Society,2003,94
journal_805acfa65470a411,Enterprise and Society,2004,112
journal_805acfa65470a411,Enterprise and Society,2005,130
journal_805acfa65470a411,Enterprise and Society,2006,129
journal_805acfa65470a411,Enterprise and Society,2007,136
journal_805acfa65470a411,Enterprise and Society,2008,133
journal_805acfa65470a411,Enterprise and Society,2009,81
journal_805acfa65470a411,Enterprise and Society,2010,104
journal_805acfa65470a411,Enterprise and Society,2011,117
journal_805acfa65470a411,Enterprise and Society,2012,88
journal_805acfa65470a411,Enterprise and Society,2013,122
journal_805acfa65470a411,Enterprise and Society,2014,99
journal_807321c1e1922a76,Cultural and Social History,2004,22
journal_807321c1e1922a76,Cultural and Social History,2005,22
journal_807321c1e1922a76,Cultural and Social History,2006,23
journal_807321c1e1922a76,Cultural and Social History,2007,39
journal_807321c1e1922a76,Cultural and Social History,2008,50
journal_807321c1e1922a76,Cultural and Social History,2009,73
journal_807321c1e1922a76,Cultural and Social History,2010,57
journal_807321c1e1922a76,Cultural and Social History,2011,55
journal_807321c1e1922a76,Cultural and Social History,2012,63
journal_807321c1e1922a76,Cultural and Social History,2013,47
journal_807321c1e1922a76,Cultural and Social History,2014,64
journal_807321c1e1922a76,Cultural and Social History,2015,55
journal_807321c1e1922a76,Cultural and Social History,2016,71
journal_807321c1e1922a76,Cultural and Social History,2017,66
journal_807321c1e1922a76,Cultural and Social History,2018,73
journal_807321c1e1922a76,Cultural and Social History,2019,88
journal_807321c1e1922a76,Cultural and Social History,2020,51
journal_807321c1e1922a76,Cultural and Social History,2021,78
journal_807321c1e1922a76,Cultural and Social History,2022,94
journal_807321c1e1922a76,Cultural and Social History,2023,93
journal_807321c1e1922a76,Cultural and Social History,2024,62
journal_807321c1e1922a76,Cultural and Social History,2025,69
journal_807321c1e1922a76,Cultural and Social History,2026,42
journal_808afeaacb5f4b11,Holocaust Studies,2005,24
journal_808afeaacb5f4b11,Holocaust Studies,2006,26
journal_808afeaacb5f4b11,Holocaust Studies,2007,15
journal_808afeaacb5f4b11,Holocaust Studies,2008,18
journal_808afeaacb5f4b11,Holocaust Studies,2009,18
journal_808afeaacb5f4b11,Holocaust Studies,2010,20
journal_808afeaacb5f4b11,Holocaust Studies,2011,21
journal_808afeaacb5f4b11,Holocaust Studies,2012,21
journal_808afeaacb5f4b11,Holocaust Studies,2013,20
journal_808afeaacb5f4b11,Holocaust Studies,2014,17
journal_808afeaacb5f4b11,Holocaust Studies,2015,27
journal_808afeaacb5f4b11,Holocaust Studies,2016,52
journal_808afeaacb5f4b11,Holocaust Studies,2017,46
journal_808afeaacb5f4b11,Holocaust Studies,2018,34
journal_808afeaacb5f4b11,Holocaust Studies,2019,55
journal_808afeaacb5f4b11,Holocaust Studies,2020,11
journal_808afeaacb5f4b11,Holocaust Studies,2021,36
journal_808afeaacb5f4b11,Holocaust Studies,2022,33
journal_808afeaacb5f4b11,Holocaust Studies,2023,14
journal_808afeaacb5f4b11,Holocaust Studies,2024,44
journal_808afeaacb5f4b11,Holocaust Studies,2025,25
journal_808afeaacb5f4b11,Holocaust Studies,2026,47
journal_811c9bfd83714935,The Journal of African American History,2002,39
journal_811c9bfd83714935,The Journal of African American History,2003,50
journal_811c9bfd83714935,The Journal of African American History,2004,67
journal_811c9bfd83714935,The Journal of African American History,2005,68
journal_811c9bfd83714935,The Journal of African American History,2006,102
journal_811c9bfd83714935,The Journal of African American History,2007,100
journal_811c9bfd83714935,The Journal of African American History,2008,104
journal_811c9bfd83714935,The Journal of African American History,2009,109
journal_811c9bfd83714935,The Journal of African American History,2010,77
journal_811c9bfd83714935,The Journal of African American History,2011,99
journal_811c9bfd83714935,The Journal of African American History,2012,87
journal_811c9bfd83714935,The Journal of African American History,2013,106
journal_811c9bfd83714935,The Journal of African American History,2014,91
journal_811c9bfd83714935,The Journal of African American History,2015,120
journal_811c9bfd83714935,The Journal of African American History,2016,78
journal_811c9bfd83714935,The Journal of African American History,2017,104
journal_811c9bfd83714935,The Journal of African American History,2018,90
journal_811c9bfd83714935,The Journal of African American History,2019,133
journal_811c9bfd83714935,The Journal of African American History,2020,139
journal_811c9bfd83714935,The Journal of African American History,2021,125
journal_811c9bfd83714935,The Journal of African American History,2022,118
journal_811c9bfd83714935,The Journal of African American History,2023,118
journal_811c9bfd83714935,The Journal of African American History,2024,133
journal_811c9bfd83714935,The Journal of African American History,2025,105
journal_811c9bfd83714935,The Journal of African American History,2026,50
journal_8190ce597550789c,Journal of the History of Ideas,1940,31
journal_8190ce597550789c,Journal of the History of Ideas,1941,29
journal_8190ce597550789c,Journal of the History of Ideas,1942,26
journal_8190ce597550789c,Journal of the History of Ideas,1943,25
journal_8190ce597550789c,Journal of the History of Ideas,1944,27
journal_8190ce597550789c,Journal of the History of Ideas,1945,34
journal_8190ce597550789c,Journal of the History of Ideas,1946,27
journal_8190ce597550789c,Journal of the History of Ideas,1947,27
journal_8190ce597550789c,Journal of the History of Ideas,1948,25
journal_8190ce597550789c,Journal of the History of Ideas,1949,39
journal_8190ce597550789c,Journal of the History of Ideas,1950,30
journal_8190ce597550789c,Journal of the History of Ideas,1951,34
journal_8190ce597550789c,Journal of the History of Ideas,1952,34
journal_8190ce597550789c,Journal of the History of Ideas,1953,40
journal_8190ce597550789c,Journal of the History of Ideas,1954,38
journal_8190ce597550789c,Journal of the History of Ideas,1955,39
journal_8190ce597550789c,Journal of the History of Ideas,1956,40
journal_8190ce597550789c,Journal of the History of Ideas,1957,39
journal_8190ce597550789c,Journal of the History of Ideas,1958,47
journal_8190ce597550789c,Journal of the History of Ideas,1959,42
journal_8190ce597550789c,Journal of the History of Ideas,1960,43
journal_8190ce597550789c,Journal of the History of Ideas,1961,45
journal_8190ce597550789c,Journal of the History of Ideas,1962,39
journal_8190ce597550789c,Journal of the History of Ideas,1963,45
journal_8190ce597550789c,Journal of the History of Ideas,1964,42
journal_8190ce597550789c,Journal of the History of Ideas,1965,43
journal_8190ce597550789c,Journal of the History of Ideas,1966,46
journal_8190ce597550789c,Journal of the History of Ideas,1967,49
journal_8190ce597550789c,Journal of the History of Ideas,1968,43
journal_8190ce597550789c,Journal of the History of Ideas,1969,44
journal_8190ce597550789c,Journal of the History of Ideas,1970,50
journal_8190ce597550789c,Journal of the History of Ideas,1971,47
journal_8190ce597550789c,Journal of the History of Ideas,1972,44
journal_8190ce597550789c,Journal of the History of Ideas,1973,54
journal_8190ce597550789c,Journal of the History of Ideas,1974,51
journal_8190ce597550789c,Journal of the History of Ideas,1975,51
journal_8190ce597550789c,Journal of the History of Ideas,1976,48
journal_8190ce597550789c,Journal of the History of Ideas,1977,55
journal_8190ce597550789c,Journal of the History of Ideas,1978,49
journal_8190ce597550789c,Journal of the History of Ideas,1979,45
journal_8190ce597550789c,Journal of the History of Ideas,1980,42
journal_8190ce597550789c,Journal of the History of Ideas,1981,41
journal_8190ce597550789c,Journal of the History of Ideas,1982,40
journal_8190ce597550789c,Journal of the History of Ideas,1983,42
journal_8190ce597550789c,Journal of the History of Ideas,1984,40
journal_8190ce597550789c,Journal of the History of Ideas,1985,38
journal_8190ce597550789c,Journal of the History of Ideas,1986,42
journal_8190ce597550789c,Journal of the History of Ideas,1987,39
journal_8190ce597550789c,Journal of the History of Ideas,1988,39
journal_8190ce597550789c,Journal of the History of Ideas,1989,35
journal_8190ce597550789c,Journal of the History of Ideas,1990,34
journal_8190ce597550789c,Journal of the History of Ideas,1991,35
journal_8190ce597550789c,Journal of the History of Ideas,1992,37
journal_8190ce597550789c,Journal of the History of Ideas,1993,33
journal_8190ce597550789c,Journal of the History of Ideas,1994,34
journal_8190ce597550789c,Journal of the History of Ideas,1995,33
journal_8190ce597550789c,Journal of the History of Ideas,1996,74
journal_8190ce597550789c,Journal of the History of Ideas,1997,70
journal_8190ce597550789c,Journal of the History of Ideas,1998,82
journal_8190ce597550789c,Journal of the History of Ideas,1999,75
journal_8190ce597550789c,Journal of the History of Ideas,2000,79
journal_8190ce597550789c,Journal of the History of Ideas,2001,78
journal_8190ce597550789c,Journal of the History of Ideas,2002,76
journal_8190ce597550789c,Journal of the History of Ideas,2003,68
journal_8190ce597550789c,Journal of the History of Ideas,2004,44
journal_8190ce597550789c,Journal of the History of Ideas,2005,38
journal_8190ce597550789c,Journal of the History of Ideas,2006,40
journal_8190ce597550789c,Journal of the History of Ideas,2007,43
journal_8190ce597550789c,Journal of the History of Ideas,2008,43
journal_8190ce597550789c,Journal of the History of Ideas,2009,39
journal_8190ce597550789c,Journal of the History of Ideas,2010,36
journal_8190ce597550789c,Journal of the History of Ideas,2011,34
journal_8190ce597550789c,Journal of the History of Ideas,2012,44
journal_8190ce597550789c,Journal of the History of Ideas,2013,39
journal_8190ce597550789c,Journal of the History of Ideas,2014,40
journal_8190ce597550789c,Journal of the History of Ideas,2015,37
journal_8190ce597550789c,Journal of the History of Ideas,2016,40
journal_8190ce597550789c,Journal of the History of Ideas,2017,39
journal_8190ce597550789c,Journal of the History of Ideas,2018,41
journal_8190ce597550789c,Journal of the History of Ideas,2019,38
journal_8190ce597550789c,Journal of the History of Ideas,2020,37
journal_8190ce597550789c,Journal of the History of Ideas,2021,39
journal_8190ce597550789c,Journal of the History of Ideas,2022,39
journal_8190ce597550789c,Journal of the History of Ideas,2023,40
journal_8190ce597550789c,Journal of the History of Ideas,2024,35
journal_8190ce597550789c,Journal of the History of Ideas,2025,49
journal_8190ce597550789c,Journal of the History of Ideas,2026,44
journal_8216afcd658d2b61,The Historical Review/La Revue Historique,2005,15
journal_8216afcd658d2b61,The Historical Review/La Revue Historique,2006,16
journal_8216afcd658d2b61,The Historical Review/La Revue Historique,2007,10
journal_8216afcd658d2b61,The Historical Review/La Revue Historique,2008,11
journal_8216afcd658d2b61,The Historical Review/La Revue Historique,2009,17
journal_8216afcd658d2b61,The Historical Review/La Revue Historique,2010,15
journal_8216afcd658d2b61,The Historical Review/La Revue Historique,2011,19
journal_8216afcd658d2b61,The Historical Review/La Revue Historique,2012,11
journal_8216afcd658d2b61,The Historical Review/La Revue Historique,2013,28
journal_8216afcd658d2b61,The Historical Review/La Revue Historique,2014,14
journal_8216afcd658d2b61,The Historical Review/La Revue Historique,2015,15
journal_8216afcd658d2b61,The Historical Review/La Revue Historique,2017,10
journal_8216afcd658d2b61,The Historical Review/La Revue Historique,2018,20
journal_8216afcd658d2b61,The Historical Review/La Revue Historique,2019,20
journal_8216afcd658d2b61,The Historical Review/La Revue Historique,2020,24
journal_8216afcd658d2b61,The Historical Review/La Revue Historique,2021,21
journal_82377ada849877fd,Slavery &amp; Abolition,1980,19
journal_82377ada849877fd,Slavery &amp; Abolition,1981,11
journal_82377ada849877fd,Slavery &amp; Abolition,1982,14
journal_82377ada849877fd,Slavery &amp; Abolition,1983,16
journal_82377ada849877fd,Slavery &amp; Abolition,1984,16
journal_82377ada849877fd,Slavery &amp; Abolition,1985,22
journal_82377ada849877fd,Slavery &amp; Abolition,1986,22
journal_82377ada849877fd,Slavery &amp; Abolition,1987,23
journal_82377ada849877fd,Slavery &amp; Abolition,1988,27
journal_82377ada849877fd,Slavery &amp; Abolition,1989,24
journal_82377ada849877fd,Slavery &amp; Abolition,1990,23
journal_82377ada849877fd,Slavery &amp; Abolition,1991,28
journal_82377ada849877fd,Slavery &amp; Abolition,1992,32
journal_82377ada849877fd,Slavery &amp; Abolition,1993,33
journal_82377ada849877fd,Slavery &amp; Abolition,1994,32
journal_82377ada849877fd,Slavery &amp; Abolition,1995,27
journal_82377ada849877fd,Slavery &amp; Abolition,1996,27
journal_82377ada849877fd,Slavery &amp; Abolition,1997,27
journal_82377ada849877fd,Slavery &amp; Abolition,1998,38
journal_82377ada849877fd,Slavery &amp; Abolition,1999,29
journal_82377ada849877fd,Slavery &amp; Abolition,2000,36
journal_82377ada849877fd,Slavery &amp; Abolition,2001,37
journal_82377ada849877fd,Slavery &amp; Abolition,2002,35
journal_82377ada849877fd,Slavery &amp; Abolition,2003,34
journal_82377ada849877fd,Slavery &amp; Abolition,2004,25
journal_82377ada849877fd,Slavery &amp; Abolition,2005,23
journal_82377ada849877fd,Slavery &amp; Abolition,2006,24
journal_82377ada849877fd,Slavery &amp; Abolition,2007,32
journal_82377ada849877fd,Slavery &amp; Abolition,2008,35
journal_82377ada849877fd,Slavery &amp; Abolition,2009,58
journal_82377ada849877fd,Slavery &amp; Abolition,2010,58
journal_82377ada849877fd,Slavery &amp; Abolition,2011,62
journal_82377ada849877fd,Slavery &amp; Abolition,2012,68
journal_82377ada849877fd,Slavery &amp; Abolition,2013,81
journal_82377ada849877fd,Slavery &amp; Abolition,2014,72
journal_82377ada849877fd,Slavery &amp; Abolition,2015,51
journal_82377ada849877fd,Slavery &amp; Abolition,2016,59
journal_82377ada849877fd,Slavery &amp; Abolition,2017,79
journal_82377ada849877fd,Slavery &amp; Abolition,2018,68
journal_82377ada849877fd,Slavery &amp; Abolition,2019,70
journal_82377ada849877fd,Slavery &amp; Abolition,2020,70
journal_82377ada849877fd,Slavery &amp; Abolition,2021,63
journal_82377ada849877fd,Slavery &amp; Abolition,2022,63
journal_82377ada849877fd,Slavery &amp; Abolition,2023,68
journal_82377ada849877fd,Slavery &amp; Abolition,2024,84
journal_82377ada849877fd,Slavery &amp; Abolition,2025,75
journal_82377ada849877fd,Slavery &amp; Abolition,2026,52
journal_824e0c40e74b1fc3,Revue du Nord,1910,10
journal_824e0c40e74b1fc3,Revue du Nord,1911,10
journal_824e0c40e74b1fc3,Revue du Nord,1912,8
journal_824e0c40e74b1fc3,Revue du Nord,1913,7
journal_824e0c40e74b1fc3,Revue du Nord,1914,8
journal_824e0c40e74b1fc3,Revue du Nord,1919,2
journal_824e0c40e74b1fc3,Revue du Nord,1920,12
journal_824e0c40e74b1fc3,Revue du Nord,1921,13
journal_824e0c40e74b1fc3,Revue du Nord,1922,10
journal_824e0c40e74b1fc3,Revue du Nord,1923,12
journal_824e0c40e74b1fc3,Revue du Nord,1924,10
journal_824e0c40e74b1fc3,Revue du Nord,1925,8
journal_824e0c40e74b1fc3,Revue du Nord,1926,8
journal_824e0c40e74b1fc3,Revue du Nord,1927,8
journal_824e0c40e74b1fc3,Revue du Nord,1928,9
journal_824e0c40e74b1fc3,Revue du Nord,1929,17
journal_824e0c40e74b1fc3,Revue du Nord,1930,16
journal_824e0c40e74b1fc3,Revue du Nord,1931,16
journal_824e0c40e74b1fc3,Revue du Nord,1932,14
journal_824e0c40e74b1fc3,Revue du Nord,1933,17
journal_824e0c40e74b1fc3,Revue du Nord,1934,17
journal_824e0c40e74b1fc3,Revue du Nord,1935,13
journal_824e0c40e74b1fc3,Revue du Nord,1936,15
journal_824e0c40e74b1fc3,Revue du Nord,1937,13
journal_824e0c40e74b1fc3,Revue du Nord,1938,14
journal_824e0c40e74b1fc3,Revue du Nord,1939,11
journal_824e0c40e74b1fc3,Revue du Nord,1943,9
journal_824e0c40e74b1fc3,Revue du Nord,1944,10
journal_824e0c40e74b1fc3,Revue du Nord,1946,14
journal_824e0c40e74b1fc3,Revue du Nord,1947,14
journal_824e0c40e74b1fc3,Revue du Nord,1948,14
journal_824e0c40e74b1fc3,Revue du Nord,1949,16
journal_824e0c40e74b1fc3,Revue du Nord,1950,12
journal_824e0c40e74b1fc3,Revue du Nord,1951,21
journal_824e0c40e74b1fc3,Revue du Nord,1952,14
journal_824e0c40e74b1fc3,Revue du Nord,1953,14
journal_824e0c40e74b1fc3,Revue du Nord,1954,54
journal_824e0c40e74b1fc3,Revue du Nord,1955,18
journal_824e0c40e74b1fc3,Revue du Nord,1956,21
journal_824e0c40e74b1fc3,Revue du Nord,1957,18
journal_824e0c40e74b1fc3,Revue du Nord,1958,53
journal_824e0c40e74b1fc3,Revue du Nord,1959,20
journal_824e0c40e74b1fc3,Revue du Nord,1960,21
journal_824e0c40e74b1fc3,Revue du Nord,1961,19
journal_824e0c40e74b1fc3,Revue du Nord,1962,25
journal_824e0c40e74b1fc3,Revue du Nord,1963,16
journal_824e0c40e74b1fc3,Revue du Nord,1964,25
journal_824e0c40e74b1fc3,Revue du Nord,1965,22
journal_824e0c40e74b1fc3,Revue du Nord,1966,30
journal_824e0c40e74b1fc3,Revue du Nord,1967,28
journal_824e0c40e74b1fc3,Revue du Nord,1968,26
journal_824e0c40e74b1fc3,Revue du Nord,1969,30
journal_824e0c40e74b1fc3,Revue du Nord,1970,20
journal_824e0c40e74b1fc3,Revue du Nord,1971,37
journal_824e0c40e74b1fc3,Revue du Nord,1972,18
journal_824e0c40e74b1fc3,Revue du Nord,1973,27
journal_824e0c40e74b1fc3,Revue du Nord,1974,48
journal_824e0c40e74b1fc3,Revue du Nord,1975,35
journal_824e0c40e74b1fc3,Revue du Nord,1976,36
journal_824e0c40e74b1fc3,Revue du Nord,1977,23
journal_824e0c40e74b1fc3,Revue du Nord,1978,48
journal_824e0c40e74b1fc3,Revue du Nord,1979,43
journal_824e0c40e74b1fc3,Revue du Nord,1980,45
journal_824e0c40e74b1fc3,Revue du Nord,1981,51
journal_824e0c40e74b1fc3,Revue du Nord,1982,24
journal_824e0c40e74b1fc3,Revue du Nord,1983,33
journal_824e0c40e74b1fc3,Revue du Nord,1984,65
journal_824e0c40e74b1fc3,Revue du Nord,1985,40
journal_824e0c40e74b1fc3,Revue du Nord,1986,46
journal_824e0c40e74b1fc3,Revue du Nord,1987,39
journal_824e0c40e74b1fc3,Revue du Nord,1988,32
journal_824e0c40e74b1fc3,Revue du Nord,1989,47
journal_824e0c40e74b1fc3,Revue du Nord,1990,55
journal_824e0c40e74b1fc3,Revue du Nord,1991,59
journal_824e0c40e74b1fc3,Revue du Nord,1992,56
journal_824e0c40e74b1fc3,Revue du Nord,1993,50
journal_824e0c40e74b1fc3,Revue du Nord,1994,57
journal_824e0c40e74b1fc3,Revue du Nord,1995,50
journal_824e0c40e74b1fc3,Revue du Nord,1996,66
journal_824e0c40e74b1fc3,Revue du Nord,1997,48
journal_824e0c40e74b1fc3,Revue du Nord,1998,35
journal_824e0c40e74b1fc3,Revue du Nord,1999,45
journal_824e0c40e74b1fc3,Revue du Nord,2000,47
journal_824e0c40e74b1fc3,Revue du Nord,2001,157
journal_824e0c40e74b1fc3,Revue du Nord,2002,112
journal_824e0c40e74b1fc3,Revue du Nord,2003,118
journal_824e0c40e74b1fc3,Revue du Nord,2004,112
journal_824e0c40e74b1fc3,Revue du Nord,2005,107
journal_824e0c40e74b1fc3,Revue du Nord,2006,105
journal_824e0c40e74b1fc3,Revue du Nord,2007,127
journal_824e0c40e74b1fc3,Revue du Nord,2008,89
journal_824e0c40e74b1fc3,Revue du Nord,2009,98
journal_824e0c40e74b1fc3,Revue du Nord,2010,103
journal_824e0c40e74b1fc3,Revue du Nord,2011,93
journal_824e0c40e74b1fc3,Revue du Nord,2012,86
journal_824e0c40e74b1fc3,Revue du Nord,2013,70
journal_824e0c40e74b1fc3,Revue du Nord,2014,104
journal_824e0c40e74b1fc3,Revue du Nord,2015,94
journal_824e0c40e74b1fc3,Revue du Nord,2016,128
journal_824e0c40e74b1fc3,Revue du Nord,2017,109
journal_824e0c40e74b1fc3,Revue du Nord,2018,85
journal_824e0c40e74b1fc3,Revue du Nord,2019,97
journal_824e0c40e74b1fc3,Revue du Nord,2020,94
journal_824e0c40e74b1fc3,Revue du Nord,2021,81
journal_824e0c40e74b1fc3,Revue du Nord,2022,79
journal_824e0c40e74b1fc3,Revue du Nord,2023,94
journal_824e0c40e74b1fc3,Revue du Nord,2024,97
journal_824e0c40e74b1fc3,Revue du Nord,2025,51
journal_824e0c40e74b1fc3,Revue du Nord,2026,30
journal_84203dbdbd3796c3,History Workshop Journal,1976,60
journal_84203dbdbd3796c3,History Workshop Journal,1977,63
journal_84203dbdbd3796c3,History Workshop Journal,1978,65
journal_84203dbdbd3796c3,History Workshop Journal,1979,70
journal_84203dbdbd3796c3,History Workshop Journal,1980,67
journal_84203dbdbd3796c3,History Workshop Journal,1981,67
journal_84203dbdbd3796c3,History Workshop Journal,1982,62
journal_84203dbdbd3796c3,History Workshop Journal,1983,117
journal_84203dbdbd3796c3,History Workshop Journal,1984,83
journal_84203dbdbd3796c3,History Workshop Journal,1985,52
journal_84203dbdbd3796c3,History Workshop Journal,1986,74
journal_84203dbdbd3796c3,History Workshop Journal,1987,73
journal_84203dbdbd3796c3,History Workshop Journal,1988,67
journal_84203dbdbd3796c3,History Workshop Journal,1989,76
journal_84203dbdbd3796c3,History Workshop Journal,1990,98
journal_84203dbdbd3796c3,History Workshop Journal,1991,91
journal_84203dbdbd3796c3,History Workshop Journal,1992,69
journal_84203dbdbd3796c3,History Workshop Journal,1993,66
journal_84203dbdbd3796c3,History Workshop Journal,1994,80
journal_84203dbdbd3796c3,History Workshop Journal,1995,85
journal_84203dbdbd3796c3,History Workshop Journal,1996,49
journal_84203dbdbd3796c3,History Workshop Journal,1997,50
journal_84203dbdbd3796c3,History Workshop Journal,1998,32
journal_84203dbdbd3796c3,History Workshop Journal,1999,39
journal_84203dbdbd3796c3,History Workshop Journal,2000,47
journal_84203dbdbd3796c3,History Workshop Journal,2001,54
journal_84203dbdbd3796c3,History Workshop Journal,2002,60
journal_84203dbdbd3796c3,History Workshop Journal,2003,58
journal_84203dbdbd3796c3,History Workshop Journal,2004,55
journal_84203dbdbd3796c3,History Workshop Journal,2005,47
journal_84203dbdbd3796c3,History Workshop Journal,2006,59
journal_84203dbdbd3796c3,History Workshop Journal,2007,65
journal_84203dbdbd3796c3,History Workshop Journal,2008,54
journal_84203dbdbd3796c3,History Workshop Journal,2009,57
journal_84203dbdbd3796c3,History Workshop Journal,2010,58
journal_84203dbdbd3796c3,History Workshop Journal,2011,61
journal_84203dbdbd3796c3,History Workshop Journal,2012,59
journal_84203dbdbd3796c3,History Workshop Journal,2013,53
journal_84203dbdbd3796c3,History Workshop Journal,2014,48
journal_84203dbdbd3796c3,History Workshop Journal,2015,43
journal_84203dbdbd3796c3,History Workshop Journal,2016,43
journal_84203dbdbd3796c3,History Workshop Journal,2017,48
journal_84203dbdbd3796c3,History Workshop Journal,2018,45
journal_84203dbdbd3796c3,History Workshop Journal,2019,48
journal_84203dbdbd3796c3,History Workshop Journal,2020,37
journal_84203dbdbd3796c3,History Workshop Journal,2021,34
journal_84203dbdbd3796c3,History Workshop Journal,2022,34
journal_84203dbdbd3796c3,History Workshop Journal,2023,27
journal_84203dbdbd3796c3,History Workshop Journal,2024,31
journal_84203dbdbd3796c3,History Workshop Journal,2025,35
journal_84203dbdbd3796c3,History Workshop Journal,2026,22
journal_8427ca6e04ef4a41,Revista de Historia Moderna,1981,12
journal_8427ca6e04ef4a41,Revista de Historia Moderna,1982,18
journal_8427ca6e04ef4a41,Revista de Historia Moderna,1983,15
journal_8427ca6e04ef4a41,Revista de Historia Moderna,1984,16
journal_8427ca6e04ef4a41,Revista de Historia Moderna,1985,10
journal_8427ca6e04ef4a41,Revista de Historia Moderna,1987,18
journal_8427ca6e04ef4a41,Revista de Historia Moderna,1990,16
journal_8427ca6e04ef4a41,Revista de Historia Moderna,1991,12
journal_8427ca6e04ef4a41,Revista de Historia Moderna,1992,14
journal_8427ca6e04ef4a41,Revista de Historia Moderna,1993,9
journal_8427ca6e04ef4a41,Revista de Historia Moderna,1995,16
journal_8427ca6e04ef4a41,Revista de Historia Moderna,1996,21
journal_8427ca6e04ef4a41,Revista de Historia Moderna,1997,19
journal_8427ca6e04ef4a41,Revista de Historia Moderna,1999,19
journal_8427ca6e04ef4a41,Revista de Historia Moderna,2000,17
journal_8427ca6e04ef4a41,Revista de Historia Moderna,2001,16
journal_8427ca6e04ef4a41,Revista de Historia Moderna,2002,22
journal_8427ca6e04ef4a41,Revista de Historia Moderna,2003,23
journal_8427ca6e04ef4a41,Revista de Historia Moderna,2004,18
journal_8427ca6e04ef4a41,Revista de Historia Moderna,2005,15
journal_8427ca6e04ef4a41,Revista de Historia Moderna,2006,16
journal_8427ca6e04ef4a41,Revista de Historia Moderna,2007,13
journal_8427ca6e04ef4a41,Revista de Historia Moderna,2008,13
journal_8427ca6e04ef4a41,Revista de Historia Moderna,2009,15
journal_8427ca6e04ef4a41,Revista de Historia Moderna,2010,14
journal_8427ca6e04ef4a41,Revista de Historia Moderna,2011,12
journal_8427ca6e04ef4a41,Revista de Historia Moderna,2012,19
journal_8427ca6e04ef4a41,Revista de Historia Moderna,2013,13
journal_8427ca6e04ef4a41,Revista de Historia Moderna,2014,19
journal_8427ca6e04ef4a41,Revista de Historia Moderna,2015,16
journal_8427ca6e04ef4a41,Revista de Historia Moderna,2016,17
journal_8427ca6e04ef4a41,Revista de Historia Moderna,2017,16
journal_8427ca6e04ef4a41,Revista de Historia Moderna,2018,22
journal_8427ca6e04ef4a41,Revista de Historia Moderna,2019,14
journal_8427ca6e04ef4a41,Revista de Historia Moderna,2020,12
journal_84e0dc80bd203264,Journal of Tourism History,2009,17
journal_84e0dc80bd203264,Journal of Tourism History,2010,34
journal_84e0dc80bd203264,Journal of Tourism History,2011,32
journal_84e0dc80bd203264,Journal of Tourism History,2012,33
journal_84e0dc80bd203264,Journal of Tourism History,2013,40
journal_84e0dc80bd203264,Journal of Tourism History,2014,32
journal_84e0dc80bd203264,Journal of Tourism History,2015,32
journal_84e0dc80bd203264,Journal of Tourism History,2016,36
journal_84e0dc80bd203264,Journal of Tourism History,2017,26
journal_84e0dc80bd203264,Journal of Tourism History,2018,37
journal_84e0dc80bd203264,Journal of Tourism History,2019,31
journal_84e0dc80bd203264,Journal of Tourism History,2020,31
journal_84e0dc80bd203264,Journal of Tourism History,2021,25
journal_84e0dc80bd203264,Journal of Tourism History,2022,20
journal_84e0dc80bd203264,Journal of Tourism History,2023,33
journal_84e0dc80bd203264,Journal of Tourism History,2024,25
journal_84e0dc80bd203264,Journal of Tourism History,2025,40
journal_84e0dc80bd203264,Journal of Tourism History,2026,43
journal_85759916e0bae0c5,Journal of Egyptian History,2008,17
journal_85759916e0bae0c5,Journal of Egyptian History,2009,5
journal_85759916e0bae0c5,Journal of Egyptian History,2010,13
journal_85759916e0bae0c5,Journal of Egyptian History,2011,9
journal_85759916e0bae0c5,Journal of Egyptian History,2012,6
journal_85759916e0bae0c5,Journal of Egyptian History,2013,8
journal_85759916e0bae0c5,Journal of Egyptian History,2014,7
journal_85759916e0bae0c5,Journal of Egyptian History,2015,5
journal_85759916e0bae0c5,Journal of Egyptian History,2016,5
journal_85759916e0bae0c5,Journal of Egyptian History,2017,8
journal_85759916e0bae0c5,Journal of Egyptian History,2018,10
journal_85759916e0bae0c5,Journal of Egyptian History,2019,5
journal_85759916e0bae0c5,Journal of Egyptian History,2021,26
journal_85759916e0bae0c5,Journal of Egyptian History,2022,10
journal_85759916e0bae0c5,Journal of Egyptian History,2023,10
journal_85759916e0bae0c5,Journal of Egyptian History,2024,4
journal_85759916e0bae0c5,Journal of Egyptian History,2025,17
journal_86ee003c94c7951e,Journal of Chinese History,2016,28
journal_86ee003c94c7951e,Journal of Chinese History,2017,48
journal_86ee003c94c7951e,Journal of Chinese History,2018,34
journal_86ee003c94c7951e,Journal of Chinese History,2019,50
journal_86ee003c94c7951e,Journal of Chinese History,2020,44
journal_86ee003c94c7951e,Journal of Chinese History,2021,38
journal_86ee003c94c7951e,Journal of Chinese History,2022,46
journal_86ee003c94c7951e,Journal of Chinese History,2023,51
journal_86ee003c94c7951e,Journal of Chinese History,2024,48
journal_86ee003c94c7951e,Journal of Chinese History,2025,74
journal_86ee003c94c7951e,Journal of Chinese History,2026,51
journal_8786da46168acc00,Management &amp; Organizational History,2006,20
journal_8786da46168acc00,Management &amp; Organizational History,2007,19
journal_8786da46168acc00,Management &amp; Organizational History,2008,17
journal_8786da46168acc00,Management &amp; Organizational History,2009,23
journal_8786da46168acc00,Management &amp; Organizational History,2010,22
journal_8786da46168acc00,Management &amp; Organizational History,2011,23
journal_8786da46168acc00,Management &amp; Organizational History,2012,22
journal_8786da46168acc00,Management &amp; Organizational History,2013,37
journal_8786da46168acc00,Management &amp; Organizational History,2014,26
journal_8786da46168acc00,Management &amp; Organizational History,2015,17
journal_8786da46168acc00,Management &amp; Organizational History,2016,20
journal_8786da46168acc00,Management &amp; Organizational History,2017,19
journal_8786da46168acc00,Management &amp; Organizational History,2018,28
journal_8786da46168acc00,Management &amp; Organizational History,2019,20
journal_8786da46168acc00,Management &amp; Organizational History,2020,17
journal_8786da46168acc00,Management &amp; Organizational History,2021,11
journal_8786da46168acc00,Management &amp; Organizational History,2022,8
journal_8786da46168acc00,Management &amp; Organizational History,2023,20
journal_8786da46168acc00,Management &amp; Organizational History,2024,26
journal_8786da46168acc00,Management &amp; Organizational History,2025,27
journal_8786da46168acc00,Management &amp; Organizational History,2026,13
journal_88109e0093fdd947,Media History,1998,16
journal_88109e0093fdd947,Media History,1999,17
journal_88109e0093fdd947,Media History,2000,19
journal_88109e0093fdd947,Media History,2001,17
journal_88109e0093fdd947,Media History,2002,17
journal_88109e0093fdd947,Media History,2003,17
journal_88109e0093fdd947,Media History,2004,16
journal_88109e0093fdd947,Media History,2005,18
journal_88109e0093fdd947,Media History,2006,23
journal_88109e0093fdd947,Media History,2007,18
journal_88109e0093fdd947,Media History,2008,23
journal_88109e0093fdd947,Media History,2009,32
journal_88109e0093fdd947,Media History,2010,38
journal_88109e0093fdd947,Media History,2011,31
journal_88109e0093fdd947,Media History,2012,48
journal_88109e0093fdd947,Media History,2013,50
journal_88109e0093fdd947,Media History,2014,59
journal_88109e0093fdd947,Media History,2015,42
journal_88109e0093fdd947,Media History,2016,45
journal_88109e0093fdd947,Media History,2017,46
journal_88109e0093fdd947,Media History,2018,52
journal_88109e0093fdd947,Media History,2019,44
journal_88109e0093fdd947,Media History,2020,30
journal_88109e0093fdd947,Media History,2021,43
journal_88109e0093fdd947,Media History,2022,35
journal_88109e0093fdd947,Media History,2023,34
journal_88109e0093fdd947,Media History,2024,30
journal_88109e0093fdd947,Media History,2025,22
journal_88109e0093fdd947,Media History,2026,14
journal_887b02cb52ffc529,"International Journal for History, Culture and Modernity",2013,18
journal_887b02cb52ffc529,"International Journal for History, Culture and Modernity",2014,14
journal_887b02cb52ffc529,"International Journal for History, Culture and Modernity",2015,23
journal_887b02cb52ffc529,"International Journal for History, Culture and Modernity",2016,6
journal_887b02cb52ffc529,"International Journal for History, Culture and Modernity",2017,9
journal_887b02cb52ffc529,"International Journal for History, Culture and Modernity",2018,15
journal_887b02cb52ffc529,"International Journal for History, Culture and Modernity",2019,51
journal_887b02cb52ffc529,"International Journal for History, Culture and Modernity",2020,15
journal_887b02cb52ffc529,"International Journal for History, Culture and Modernity",2021,1
journal_887b02cb52ffc529,"International Journal for History, Culture and Modernity",2022,10
journal_887b02cb52ffc529,"International Journal for History, Culture and Modernity",2023,11
journal_887b02cb52ffc529,"International Journal for History, Culture and Modernity",2024,11
journal_887b02cb52ffc529,"International Journal for History, Culture and Modernity",2025,18
journal_887b02cb52ffc529,"International Journal for History, Culture and Modernity",2026,6
journal_88eb32c3285de5d0,Cold War History,2000,8
journal_88eb32c3285de5d0,Cold War History,2001,28
journal_88eb32c3285de5d0,Cold War History,2002,28
journal_88eb32c3285de5d0,Cold War History,2003,27
journal_88eb32c3285de5d0,Cold War History,2004,18
journal_88eb32c3285de5d0,Cold War History,2005,25
journal_88eb32c3285de5d0,Cold War History,2006,30
journal_88eb32c3285de5d0,Cold War History,2007,30
journal_88eb32c3285de5d0,Cold War History,2008,27
journal_88eb32c3285de5d0,Cold War History,2009,58
journal_88eb32c3285de5d0,Cold War History,2010,57
journal_88eb32c3285de5d0,Cold War History,2011,76
journal_88eb32c3285de5d0,Cold War History,2012,55
journal_88eb32c3285de5d0,Cold War History,2013,58
journal_88eb32c3285de5d0,Cold War History,2014,49
journal_88eb32c3285de5d0,Cold War History,2015,38
journal_88eb32c3285de5d0,Cold War History,2016,30
journal_88eb32c3285de5d0,Cold War History,2017,40
journal_88eb32c3285de5d0,Cold War History,2018,45
journal_88eb32c3285de5d0,Cold War History,2019,47
journal_88eb32c3285de5d0,Cold War History,2020,31
journal_88eb32c3285de5d0,Cold War History,2021,34
journal_88eb32c3285de5d0,Cold War History,2022,50
journal_88eb32c3285de5d0,Cold War History,2023,48
journal_88eb32c3285de5d0,Cold War History,2024,54
journal_88eb32c3285de5d0,Cold War History,2025,40
journal_88eb32c3285de5d0,Cold War History,2026,36
journal_88eb32c3285de5d0,"Cold War History | Britain, Germany and the Cold War",2007,10
journal_88eb32c3285de5d0,Cold War History | European Integration and the Cold War,2007,12
journal_88eb32c3285de5d0,Cold War History | Reinterpreting the End of the Cold War,2004,14
journal_88eb32c3285de5d0,Cold War History | The Cold War in the Middle East,2007,11
journal_88eb32c3285de5d0,Cold War History | The Crisis of Détente in Europe,2008,22
journal_88eb32c3285de5d0,Cold War History | The Emergence of Détente in Europe,2007,19
journal_88eb32c3285de5d0,Cold War History | The Military Balance in the Cold War,2007,12
journal_8a7c26ca6615de05,International Review of Social History,1956,25
journal_8a7c26ca6615de05,International Review of Social History,1957,22
journal_8a7c26ca6615de05,International Review of Social History,1958,23
journal_8a7c26ca6615de05,International Review of Social History,1959,27
journal_8a7c26ca6615de05,International Review of Social History,1960,22
journal_8a7c26ca6615de05,International Review of Social History,1961,24
journal_8a7c26ca6615de05,International Review of Social History,1962,23
journal_8a7c26ca6615de05,International Review of Social History,1963,25
journal_8a7c26ca6615de05,International Review of Social History,1964,24
journal_8a7c26ca6615de05,International Review of Social History,1965,27
journal_8a7c26ca6615de05,International Review of Social History,1966,27
journal_8a7c26ca6615de05,International Review of Social History,1967,24
journal_8a7c26ca6615de05,International Review of Social History,1968,26
journal_8a7c26ca6615de05,International Review of Social History,1969,24
journal_8a7c26ca6615de05,International Review of Social History,1970,23
journal_8a7c26ca6615de05,International Review of Social History,1971,19
journal_8a7c26ca6615de05,International Review of Social History,1972,47
journal_8a7c26ca6615de05,International Review of Social History,1973,31
journal_8a7c26ca6615de05,International Review of Social History,1974,33
journal_8a7c26ca6615de05,International Review of Social History,1975,31
journal_8a7c26ca6615de05,International Review of Social History,1976,28
journal_8a7c26ca6615de05,International Review of Social History,1977,30
journal_8a7c26ca6615de05,International Review of Social History,1978,25
journal_8a7c26ca6615de05,International Review of Social History,1979,25
journal_8a7c26ca6615de05,International Review of Social History,1980,25
journal_8a7c26ca6615de05,International Review of Social History,1981,25
journal_8a7c26ca6615de05,International Review of Social History,1982,25
journal_8a7c26ca6615de05,International Review of Social History,1983,26
journal_8a7c26ca6615de05,International Review of Social History,1984,24
journal_8a7c26ca6615de05,International Review of Social History,1985,25
journal_8a7c26ca6615de05,International Review of Social History,1986,27
journal_8a7c26ca6615de05,International Review of Social History,1987,31
journal_8a7c26ca6615de05,International Review of Social History,1988,42
journal_8a7c26ca6615de05,International Review of Social History,1989,67
journal_8a7c26ca6615de05,International Review of Social History,1990,53
journal_8a7c26ca6615de05,International Review of Social History,1991,59
journal_8a7c26ca6615de05,International Review of Social History,1992,59
journal_8a7c26ca6615de05,International Review of Social History,1993,64
journal_8a7c26ca6615de05,International Review of Social History,1994,61
journal_8a7c26ca6615de05,International Review of Social History,1995,68
journal_8a7c26ca6615de05,International Review of Social History,1996,67
journal_8a7c26ca6615de05,International Review of Social History,1997,70
journal_8a7c26ca6615de05,International Review of Social History,1998,71
journal_8a7c26ca6615de05,International Review of Social History,1999,74
journal_8a7c26ca6615de05,International Review of Social History,2000,68
journal_8a7c26ca6615de05,International Review of Social History,2001,75
journal_8a7c26ca6615de05,International Review of Social History,2002,72
journal_8a7c26ca6615de05,International Review of Social History,2003,69
journal_8a7c26ca6615de05,International Review of Social History,2004,71
journal_8a7c26ca6615de05,International Review of Social History,2005,69
journal_8a7c26ca6615de05,International Review of Social History,2006,69
journal_8a7c26ca6615de05,International Review of Social History,2007,76
journal_8a7c26ca6615de05,International Review of Social History,2008,66
journal_8a7c26ca6615de05,International Review of Social History,2009,71
journal_8a7c26ca6615de05,International Review of Social History,2010,71
journal_8a7c26ca6615de05,International Review of Social History,2011,78
journal_8a7c26ca6615de05,International Review of Social History,2012,78
journal_8a7c26ca6615de05,International Review of Social History,2013,70
journal_8a7c26ca6615de05,International Review of Social History,2014,64
journal_8a7c26ca6615de05,International Review of Social History,2015,67
journal_8a7c26ca6615de05,International Review of Social History,2016,60
journal_8a7c26ca6615de05,International Review of Social History,2017,68
journal_8a7c26ca6615de05,International Review of Social History,2018,69
journal_8a7c26ca6615de05,International Review of Social History,2019,74
journal_8a7c26ca6615de05,International Review of Social History,2020,72
journal_8a7c26ca6615de05,International Review of Social History,2021,64
journal_8a7c26ca6615de05,International Review of Social History,2022,85
journal_8a7c26ca6615de05,International Review of Social History,2023,72
journal_8a7c26ca6615de05,International Review of Social History,2024,90
journal_8a7c26ca6615de05,International Review of Social History,2025,87
journal_8a7c26ca6615de05,International Review of Social History,2026,47
journal_8ab78befbed06155,History of Education Quarterly,1961,55
journal_8ab78befbed06155,History of Education Quarterly,1962,42
journal_8ab78befbed06155,History of Education Quarterly,1963,55
journal_8ab78befbed06155,History of Education Quarterly,1964,53
journal_8ab78befbed06155,History of Education Quarterly,1965,61
journal_8ab78befbed06155,History of Education Quarterly,1966,65
journal_8ab78befbed06155,History of Education Quarterly,1967,76
journal_8ab78befbed06155,History of Education Quarterly,1968,83
journal_8ab78befbed06155,History of Education Quarterly,1969,67
journal_8ab78befbed06155,History of Education Quarterly,1970,44
journal_8ab78befbed06155,History of Education Quarterly,1971,48
journal_8ab78befbed06155,History of Education Quarterly,1972,43
journal_8ab78befbed06155,History of Education Quarterly,1973,53
journal_8ab78befbed06155,History of Education Quarterly,1974,62
journal_8ab78befbed06155,History of Education Quarterly,1975,52
journal_8ab78befbed06155,History of Education Quarterly,1976,52
journal_8ab78befbed06155,History of Education Quarterly,1977,58
journal_8ab78befbed06155,History of Education Quarterly,1978,41
journal_8ab78befbed06155,History of Education Quarterly,1979,52
journal_8ab78befbed06155,History of Education Quarterly,1980,46
journal_8ab78befbed06155,History of Education Quarterly,1981,45
journal_8ab78befbed06155,History of Education Quarterly,1982,57
journal_8ab78befbed06155,History of Education Quarterly,1983,50
journal_8ab78befbed06155,History of Education Quarterly,1984,62
journal_8ab78befbed06155,History of Education Quarterly,1985,47
journal_8ab78befbed06155,History of Education Quarterly,1986,92
journal_8ab78befbed06155,History of Education Quarterly,1987,93
journal_8ab78befbed06155,History of Education Quarterly,1988,119
journal_8ab78befbed06155,History of Education Quarterly,1989,116
journal_8ab78befbed06155,History of Education Quarterly,1990,125
journal_8ab78befbed06155,History of Education Quarterly,1991,142
journal_8ab78befbed06155,History of Education Quarterly,1992,121
journal_8ab78befbed06155,History of Education Quarterly,1993,130
journal_8ab78befbed06155,History of Education Quarterly,1994,138
journal_8ab78befbed06155,History of Education Quarterly,1995,133
journal_8ab78befbed06155,History of Education Quarterly,1996,165
journal_8ab78befbed06155,History of Education Quarterly,1997,133
journal_8ab78befbed06155,History of Education Quarterly,1998,108
journal_8ab78befbed06155,History of Education Quarterly,1999,108
journal_8ab78befbed06155,History of Education Quarterly,2000,107
journal_8ab78befbed06155,History of Education Quarterly,2001,126
journal_8ab78befbed06155,History of Education Quarterly,2002,105
journal_8ab78befbed06155,History of Education Quarterly,2003,128
journal_8ab78befbed06155,History of Education Quarterly,2004,142
journal_8ab78befbed06155,History of Education Quarterly,2005,125
journal_8ab78befbed06155,History of Education Quarterly,2006,125
journal_8ab78befbed06155,History of Education Quarterly,2007,62
journal_8ab78befbed06155,History of Education Quarterly,2008,65
journal_8ab78befbed06155,History of Education Quarterly,2009,77
journal_8ab78befbed06155,History of Education Quarterly,2010,77
journal_8ab78befbed06155,History of Education Quarterly,2011,75
journal_8ab78befbed06155,History of Education Quarterly,2012,70
journal_8ab78befbed06155,History of Education Quarterly,2013,54
journal_8ab78befbed06155,History of Education Quarterly,2014,58
journal_8ab78befbed06155,History of Education Quarterly,2015,59
journal_8ab78befbed06155,History of Education Quarterly,2016,87
journal_8ab78befbed06155,History of Education Quarterly,2017,62
journal_8ab78befbed06155,History of Education Quarterly,2018,60
journal_8ab78befbed06155,History of Education Quarterly,2019,63
journal_8ab78befbed06155,History of Education Quarterly,2020,67
journal_8ab78befbed06155,History of Education Quarterly,2021,64
journal_8ab78befbed06155,History of Education Quarterly,2022,50
journal_8ab78befbed06155,History of Education Quarterly,2023,53
journal_8ab78befbed06155,History of Education Quarterly,2024,60
journal_8ab78befbed06155,History of Education Quarterly,2025,77
journal_8ab78befbed06155,History of Education Quarterly,2026,35
journal_8bec0e86e7c4a53e,Journal of Mormon History,2010,91
journal_8bec0e86e7c4a53e,Journal of Mormon History,2011,77
journal_8bec0e86e7c4a53e,Journal of Mormon History,2012,101
journal_8bec0e86e7c4a53e,Journal of Mormon History,2013,69
journal_8bec0e86e7c4a53e,Journal of Mormon History,2014,58
journal_8bec0e86e7c4a53e,Journal of Mormon History,2015,62
journal_8bec0e86e7c4a53e,Journal of Mormon History,2016,69
journal_8bec0e86e7c4a53e,Journal of Mormon History,2017,81
journal_8bec0e86e7c4a53e,Journal of Mormon History,2018,72
journal_8bec0e86e7c4a53e,Journal of Mormon History,2019,51
journal_8bec0e86e7c4a53e,Journal of Mormon History,2020,54
journal_8bec0e86e7c4a53e,Journal of Mormon History,2021,60
journal_8bec0e86e7c4a53e,Journal of Mormon History,2022,56
journal_8bec0e86e7c4a53e,Journal of Mormon History,2023,47
journal_8bec0e86e7c4a53e,Journal of Mormon History,2024,44
journal_8bec0e86e7c4a53e,Journal of Mormon History,2025,31
journal_8bec0e86e7c4a53e,Journal of Mormon History,2026,21
journal_8c0a1181448bc235,Irish Historical Studies,1938,91
journal_8c0a1181448bc235,Irish Historical Studies,1939,98
journal_8c0a1181448bc235,Irish Historical Studies,1940,62
journal_8c0a1181448bc235,Irish Historical Studies,1941,54
journal_8c0a1181448bc235,Irish Historical Studies,1942,45
journal_8c0a1181448bc235,Irish Historical Studies,1943,38
journal_8c0a1181448bc235,Irish Historical Studies,1944,33
journal_8c0a1181448bc235,Irish Historical Studies,1945,37
journal_8c0a1181448bc235,Irish Historical Studies,1946,39
journal_8c0a1181448bc235,Irish Historical Studies,1947,44
journal_8c0a1181448bc235,Irish Historical Studies,1948,49
journal_8c0a1181448bc235,Irish Historical Studies,1949,47
journal_8c0a1181448bc235,Irish Historical Studies,1950,59
journal_8c0a1181448bc235,Irish Historical Studies,1951,35
journal_8c0a1181448bc235,Irish Historical Studies,1952,35
journal_8c0a1181448bc235,Irish Historical Studies,1953,43
journal_8c0a1181448bc235,Irish Historical Studies,1954,54
journal_8c0a1181448bc235,Irish Historical Studies,1955,42
journal_8c0a1181448bc235,Irish Historical Studies,1956,42
journal_8c0a1181448bc235,Irish Historical Studies,1957,24
journal_8c0a1181448bc235,Irish Historical Studies,1958,37
journal_8c0a1181448bc235,Irish Historical Studies,1959,75
journal_8c0a1181448bc235,Irish Historical Studies,1960,46
journal_8c0a1181448bc235,Irish Historical Studies,1961,32
journal_8c0a1181448bc235,Irish Historical Studies,1962,48
journal_8c0a1181448bc235,Irish Historical Studies,1963,48
journal_8c0a1181448bc235,Irish Historical Studies,1964,46
journal_8c0a1181448bc235,Irish Historical Studies,1965,51
journal_8c0a1181448bc235,Irish Historical Studies,1966,49
journal_8c0a1181448bc235,Irish Historical Studies,1967,62
journal_8c0a1181448bc235,Irish Historical Studies,1968,45
journal_8c0a1181448bc235,Irish Historical Studies,1969,61
journal_8c0a1181448bc235,Irish Historical Studies,1970,49
journal_8c0a1181448bc235,Irish Historical Studies,1971,56
journal_8c0a1181448bc235,Irish Historical Studies,1972,56
journal_8c0a1181448bc235,Irish Historical Studies,1973,67
journal_8c0a1181448bc235,Irish Historical Studies,1974,37
journal_8c0a1181448bc235,Irish Historical Studies,1975,37
journal_8c0a1181448bc235,Irish Historical Studies,1976,46
journal_8c0a1181448bc235,Irish Historical Studies,1977,45
journal_8c0a1181448bc235,Irish Historical Studies,1978,33
journal_8c0a1181448bc235,Irish Historical Studies,1979,27
journal_8c0a1181448bc235,Irish Historical Studies,1980,36
journal_8c0a1181448bc235,Irish Historical Studies,1981,25
journal_8c0a1181448bc235,Irish Historical Studies,1982,37
journal_8c0a1181448bc235,Irish Historical Studies,1983,36
journal_8c0a1181448bc235,Irish Historical Studies,1984,42
journal_8c0a1181448bc235,Irish Historical Studies,1985,40
journal_8c0a1181448bc235,Irish Historical Studies,1986,30
journal_8c0a1181448bc235,Irish Historical Studies,1987,45
journal_8c0a1181448bc235,Irish Historical Studies,1988,43
journal_8c0a1181448bc235,Irish Historical Studies,1989,43
journal_8c0a1181448bc235,Irish Historical Studies,1990,51
journal_8c0a1181448bc235,Irish Historical Studies,1991,43
journal_8c0a1181448bc235,Irish Historical Studies,1992,54
journal_8c0a1181448bc235,Irish Historical Studies,1993,53
journal_8c0a1181448bc235,Irish Historical Studies,1994,59
journal_8c0a1181448bc235,Irish Historical Studies,1995,71
journal_8c0a1181448bc235,Irish Historical Studies,1996,62
journal_8c0a1181448bc235,Irish Historical Studies,1997,50
journal_8c0a1181448bc235,Irish Historical Studies,1998,49
journal_8c0a1181448bc235,Irish Historical Studies,1999,45
journal_8c0a1181448bc235,Irish Historical Studies,2000,41
journal_8c0a1181448bc235,Irish Historical Studies,2001,44
journal_8c0a1181448bc235,Irish Historical Studies,2002,33
journal_8c0a1181448bc235,Irish Historical Studies,2003,33
journal_8c0a1181448bc235,Irish Historical Studies,2004,41
journal_8c0a1181448bc235,Irish Historical Studies,2005,46
journal_8c0a1181448bc235,Irish Historical Studies,2006,42
journal_8c0a1181448bc235,Irish Historical Studies,2007,65
journal_8c0a1181448bc235,Irish Historical Studies,2008,81
journal_8c0a1181448bc235,Irish Historical Studies,2009,102
journal_8c0a1181448bc235,Irish Historical Studies,2010,104
journal_8c0a1181448bc235,Irish Historical Studies,2011,89
journal_8c0a1181448bc235,Irish Historical Studies,2012,96
journal_8c0a1181448bc235,Irish Historical Studies,2013,68
journal_8c0a1181448bc235,Irish Historical Studies,2014,80
journal_8c0a1181448bc235,Irish Historical Studies,2015,59
journal_8c0a1181448bc235,Irish Historical Studies,2016,43
journal_8c0a1181448bc235,Irish Historical Studies,2017,57
journal_8c0a1181448bc235,Irish Historical Studies,2018,57
journal_8c0a1181448bc235,Irish Historical Studies,2019,91
journal_8c0a1181448bc235,Irish Historical Studies,2020,62
journal_8c0a1181448bc235,Irish Historical Studies,2021,59
journal_8c0a1181448bc235,Irish Historical Studies,2022,50
journal_8c0a1181448bc235,Irish Historical Studies,2023,49
journal_8c0a1181448bc235,Irish Historical Studies,2024,43
journal_8c0a1181448bc235,Irish Historical Studies,2025,50
journal_8c0a1181448bc235,Irish Historical Studies,2026,35
journal_8c92d015d9ca95a2,Ambix,1937,22
journal_8c92d015d9ca95a2,Ambix,1938,35
journal_8c92d015d9ca95a2,Ambix,1946,16
journal_8c92d015d9ca95a2,Ambix,1948,10
journal_8c92d015d9ca95a2,Ambix,1949,18
journal_8c92d015d9ca95a2,Ambix,1951,6
journal_8c92d015d9ca95a2,Ambix,1953,6
journal_8c92d015d9ca95a2,Ambix,1956,14
journal_8c92d015d9ca95a2,Ambix,1957,20
journal_8c92d015d9ca95a2,Ambix,1958,14
journal_8c92d015d9ca95a2,Ambix,1959,24
journal_8c92d015d9ca95a2,Ambix,1960,27
journal_8c92d015d9ca95a2,Ambix,1961,28
journal_8c92d015d9ca95a2,Ambix,1962,22
journal_8c92d015d9ca95a2,Ambix,1963,30
journal_8c92d015d9ca95a2,Ambix,1964,11
journal_8c92d015d9ca95a2,Ambix,1965,10
journal_8c92d015d9ca95a2,Ambix,1966,20
journal_8c92d015d9ca95a2,Ambix,1967,28
journal_8c92d015d9ca95a2,Ambix,1968,22
journal_8c92d015d9ca95a2,Ambix,1969,22
journal_8c92d015d9ca95a2,Ambix,1970,35
journal_8c92d015d9ca95a2,Ambix,1971,29
journal_8c92d015d9ca95a2,Ambix,1972,34
journal_8c92d015d9ca95a2,Ambix,1973,40
journal_8c92d015d9ca95a2,Ambix,1974,20
journal_8c92d015d9ca95a2,Ambix,1975,51
journal_8c92d015d9ca95a2,Ambix,1976,32
journal_8c92d015d9ca95a2,Ambix,1977,39
journal_8c92d015d9ca95a2,Ambix,1978,25
journal_8c92d015d9ca95a2,Ambix,1979,35
journal_8c92d015d9ca95a2,Ambix,1980,32
journal_8c92d015d9ca95a2,Ambix,1981,27
journal_8c92d015d9ca95a2,Ambix,1982,32
journal_8c92d015d9ca95a2,Ambix,1983,27
journal_8c92d015d9ca95a2,Ambix,1984,33
journal_8c92d015d9ca95a2,Ambix,1985,29
journal_8c92d015d9ca95a2,Ambix,1986,26
journal_8c92d015d9ca95a2,Ambix,1987,37
journal_8c92d015d9ca95a2,Ambix,1988,27
journal_8c92d015d9ca95a2,Ambix,1989,42
journal_8c92d015d9ca95a2,Ambix,1990,29
journal_8c92d015d9ca95a2,Ambix,1991,21
journal_8c92d015d9ca95a2,Ambix,1992,30
journal_8c92d015d9ca95a2,Ambix,1993,31
journal_8c92d015d9ca95a2,Ambix,1994,34
journal_8c92d015d9ca95a2,Ambix,1995,24
journal_8c92d015d9ca95a2,Ambix,1996,32
journal_8c92d015d9ca95a2,Ambix,1997,34
journal_8c92d015d9ca95a2,Ambix,1998,34
journal_8c92d015d9ca95a2,Ambix,1999,18
journal_8c92d015d9ca95a2,Ambix,2000,30
journal_8c92d015d9ca95a2,Ambix,2001,37
journal_8c92d015d9ca95a2,Ambix,2002,33
journal_8c92d015d9ca95a2,Ambix,2003,29
journal_8c92d015d9ca95a2,Ambix,2004,37
journal_8c92d015d9ca95a2,Ambix,2005,21
journal_8c92d015d9ca95a2,Ambix,2006,24
journal_8c92d015d9ca95a2,Ambix,2007,25
journal_8c92d015d9ca95a2,Ambix,2008,18
journal_8c92d015d9ca95a2,Ambix,2009,21
journal_8c92d015d9ca95a2,Ambix,2010,16
journal_8c92d015d9ca95a2,Ambix,2011,19
journal_8c92d015d9ca95a2,Ambix,2012,17
journal_8c92d015d9ca95a2,Ambix,2013,25
journal_8c92d015d9ca95a2,Ambix,2014,25
journal_8c92d015d9ca95a2,Ambix,2015,25
journal_8c92d015d9ca95a2,Ambix,2016,62
journal_8c92d015d9ca95a2,Ambix,2017,55
journal_8c92d015d9ca95a2,Ambix,2018,46
journal_8c92d015d9ca95a2,Ambix,2019,36
journal_8c92d015d9ca95a2,Ambix,2020,36
journal_8c92d015d9ca95a2,Ambix,2021,41
journal_8c92d015d9ca95a2,Ambix,2022,45
journal_8c92d015d9ca95a2,Ambix,2023,41
journal_8c92d015d9ca95a2,Ambix,2024,36
journal_8c92d015d9ca95a2,Ambix,2025,53
journal_8c92d015d9ca95a2,Ambix,2026,33
journal_8ca2dcb0199b28f9,Isis,1913,106
journal_8ca2dcb0199b28f9,Isis,1914,42
journal_8ca2dcb0199b28f9,Isis,1919,28
journal_8ca2dcb0199b28f9,Isis,1920,66
journal_8ca2dcb0199b28f9,Isis,1921,134
journal_8ca2dcb0199b28f9,Isis,1922,49
journal_8ca2dcb0199b28f9,Isis,1923,92
journal_8ca2dcb0199b28f9,Isis,1924,104
journal_8ca2dcb0199b28f9,Isis,1925,72
journal_8ca2dcb0199b28f9,Isis,1926,112
journal_8ca2dcb0199b28f9,Isis,1927,79
journal_8ca2dcb0199b28f9,Isis,1928,100
journal_8ca2dcb0199b28f9,Isis,1929,79
journal_8ca2dcb0199b28f9,Isis,1930,93
journal_8ca2dcb0199b28f9,Isis,1931,112
journal_8ca2dcb0199b28f9,Isis,1932,90
journal_8ca2dcb0199b28f9,Isis,1933,98
journal_8ca2dcb0199b28f9,Isis,1934,144
journal_8ca2dcb0199b28f9,Isis,1935,128
journal_8ca2dcb0199b28f9,Isis,1936,160
journal_8ca2dcb0199b28f9,Isis,1937,138
journal_8ca2dcb0199b28f9,Isis,1938,200
journal_8ca2dcb0199b28f9,Isis,1939,121
journal_8ca2dcb0199b28f9,Isis,1940,157
journal_8ca2dcb0199b28f9,Isis,1941,111
journal_8ca2dcb0199b28f9,Isis,1942,94
journal_8ca2dcb0199b28f9,Isis,1943,120
journal_8ca2dcb0199b28f9,Isis,1944,92
journal_8ca2dcb0199b28f9,Isis,1945,24
journal_8ca2dcb0199b28f9,Isis,1946,49
journal_8ca2dcb0199b28f9,Isis,1947,118
journal_8ca2dcb0199b28f9,Isis,1948,105
journal_8ca2dcb0199b28f9,Isis,1949,124
journal_8ca2dcb0199b28f9,Isis,1950,141
journal_8ca2dcb0199b28f9,Isis,1951,144
journal_8ca2dcb0199b28f9,Isis,1952,140
journal_8ca2dcb0199b28f9,Isis,1953,109
journal_8ca2dcb0199b28f9,Isis,1954,110
journal_8ca2dcb0199b28f9,Isis,1955,85
journal_8ca2dcb0199b28f9,Isis,1956,97
journal_8ca2dcb0199b28f9,Isis,1957,113
journal_8ca2dcb0199b28f9,Isis,1958,100
journal_8ca2dcb0199b28f9,Isis,1959,125
journal_8ca2dcb0199b28f9,Isis,1960,148
journal_8ca2dcb0199b28f9,Isis,1961,95
journal_8ca2dcb0199b28f9,Isis,1962,149
journal_8ca2dcb0199b28f9,Isis,1963,143
journal_8ca2dcb0199b28f9,Isis,1964,145
journal_8ca2dcb0199b28f9,Isis,1965,166
journal_8ca2dcb0199b28f9,Isis,1966,118
journal_8ca2dcb0199b28f9,Isis,1967,167
journal_8ca2dcb0199b28f9,Isis,1968,132
journal_8ca2dcb0199b28f9,Isis,1969,145
journal_8ca2dcb0199b28f9,Isis,1970,144
journal_8ca2dcb0199b28f9,Isis,1971,149
journal_8ca2dcb0199b28f9,Isis,1972,219
journal_8ca2dcb0199b28f9,Isis,1973,191
journal_8ca2dcb0199b28f9,Isis,1974,173
journal_8ca2dcb0199b28f9,Isis,1975,183
journal_8ca2dcb0199b28f9,Isis,1976,186
journal_8ca2dcb0199b28f9,Isis,1977,234
journal_8ca2dcb0199b28f9,Isis,1978,235
journal_8ca2dcb0199b28f9,Isis,1979,271
journal_8ca2dcb0199b28f9,Isis,1980,258
journal_8ca2dcb0199b28f9,Isis,1981,274
journal_8ca2dcb0199b28f9,Isis,1982,287
journal_8ca2dcb0199b28f9,Isis,1983,265
journal_8ca2dcb0199b28f9,Isis,1984,328
journal_8ca2dcb0199b28f9,Isis,1985,318
journal_8ca2dcb0199b28f9,Isis,1986,308
journal_8ca2dcb0199b28f9,Isis,1987,320
journal_8ca2dcb0199b28f9,Isis,1988,300
journal_8ca2dcb0199b28f9,Isis,1989,346
journal_8ca2dcb0199b28f9,Isis,1990,405
journal_8ca2dcb0199b28f9,Isis,1991,403
journal_8ca2dcb0199b28f9,Isis,1992,365
journal_8ca2dcb0199b28f9,Isis,1993,370
journal_8ca2dcb0199b28f9,Isis,1994,364
journal_8ca2dcb0199b28f9,Isis,1995,343
journal_8ca2dcb0199b28f9,Isis,1996,344
journal_8ca2dcb0199b28f9,Isis,1997,310
journal_8ca2dcb0199b28f9,Isis,1998,336
journal_8ca2dcb0199b28f9,Isis,1999,405
journal_8ca2dcb0199b28f9,Isis,2000,431
journal_8ca2dcb0199b28f9,Isis,2001,408
journal_8ca2dcb0199b28f9,Isis,2002,508
journal_8ca2dcb0199b28f9,Isis,2003,463
journal_8ca2dcb0199b28f9,Isis,2004,442
journal_8ca2dcb0199b28f9,Isis,2005,290
journal_8ca2dcb0199b28f9,Isis,2006,284
journal_8ca2dcb0199b28f9,Isis,2007,326
journal_8ca2dcb0199b28f9,Isis,2008,336
journal_8ca2dcb0199b28f9,Isis,2009,348
journal_8ca2dcb0199b28f9,Isis,2010,335
journal_8ca2dcb0199b28f9,Isis,2011,283
journal_8ca2dcb0199b28f9,Isis,2012,291
journal_8ca2dcb0199b28f9,Isis,2013,258
journal_8ca2dcb0199b28f9,Isis,2014,282
journal_8ca2dcb0199b28f9,Isis,2015,317
journal_8ca2dcb0199b28f9,Isis,2016,307
journal_8ca2dcb0199b28f9,Isis,2017,314
journal_8ca2dcb0199b28f9,Isis,2018,297
journal_8ca2dcb0199b28f9,Isis,2019,298
journal_8ca2dcb0199b28f9,Isis,2020,260
journal_8ca2dcb0199b28f9,Isis,2021,201
journal_8ca2dcb0199b28f9,Isis,2022,198
journal_8ca2dcb0199b28f9,Isis,2023,201
journal_8ca2dcb0199b28f9,Isis,2024,189
journal_8ca2dcb0199b28f9,Isis,2025,158
journal_8ca2dcb0199b28f9,Isis,2026,170
journal_8cb6f3595878e6b7,Historia Social,2024,50
journal_8cb6f3595878e6b7,Historia Social,2025,50
journal_8cb6f3595878e6b7,Historia Social,2026,15
journal_8dd065a0e32535b3,Revista de Indias,1985,18
journal_8dd065a0e32535b3,Revista de Indias,1986,21
journal_8dd065a0e32535b3,Revista de Indias,1987,20
journal_8dd065a0e32535b3,Revista de Indias,1988,30
journal_8dd065a0e32535b3,Revista de Indias,1989,36
journal_8dd065a0e32535b3,Revista de Indias,1990,38
journal_8dd065a0e32535b3,Revista de Indias,1991,23
journal_8dd065a0e32535b3,Revista de Indias,1992,33
journal_8dd065a0e32535b3,Revista de Indias,1993,25
journal_8dd065a0e32535b3,Revista de Indias,1994,16
journal_8dd065a0e32535b3,Revista de Indias,1995,9
journal_8dd065a0e32535b3,Revista de Indias,1996,22
journal_8dd065a0e32535b3,Revista de Indias,1997,22
journal_8dd065a0e32535b3,Revista de Indias,1998,29
journal_8dd065a0e32535b3,Revista de Indias,1999,28
journal_8dd065a0e32535b3,Revista de Indias,2000,31
journal_8dd065a0e32535b3,Revista de Indias,2001,30
journal_8dd065a0e32535b3,Revista de Indias,2002,25
journal_8dd065a0e32535b3,Revista de Indias,2003,32
journal_8dd065a0e32535b3,Revista de Indias,2004,30
journal_8dd065a0e32535b3,Revista de Indias,2005,32
journal_8dd065a0e32535b3,Revista de Indias,2006,31
journal_8dd065a0e32535b3,Revista de Indias,2007,28
journal_8dd065a0e32535b3,Revista de Indias,2008,27
journal_8dd065a0e32535b3,Revista de Indias,2009,30
journal_8dd065a0e32535b3,Revista de Indias,2010,30
journal_8dd065a0e32535b3,Revista de Indias,2011,31
journal_8dd065a0e32535b3,Revista de Indias,2012,30
journal_8dd065a0e32535b3,Revista de Indias,2013,31
journal_8dd065a0e32535b3,Revista de Indias,2014,29
journal_8dd065a0e32535b3,Revista de Indias,2015,28
journal_8dd065a0e32535b3,Revista de Indias,2016,28
journal_8dd065a0e32535b3,Revista de Indias,2017,27
journal_8dd065a0e32535b3,Revista de Indias,2018,28
journal_8dd065a0e32535b3,Revista de Indias,2019,28
journal_8dd065a0e32535b3,Revista de Indias,2020,27
journal_8dd065a0e32535b3,Revista de Indias,2021,27
journal_8dd065a0e32535b3,Revista de Indias,2022,44
journal_8dd065a0e32535b3,Revista de Indias,2023,49
journal_8dd065a0e32535b3,Revista de Indias,2024,49
journal_8dd065a0e32535b3,Revista de Indias,2025,54
journal_8dd065a0e32535b3,Revista de Indias,2026,21
journal_8fa6d55b62619679,Journal of Asian History,2013,29
journal_8fa6d55b62619679,Journal of Asian History,2014,27
journal_8fa6d55b62619679,Journal of Asian History,2015,15
journal_8fa6d55b62619679,Journal of Asian History,2016,24
journal_8fa6d55b62619679,Journal of Asian History,2017,20
journal_8fa6d55b62619679,Journal of Asian History,2018,29
journal_8fa6d55b62619679,Journal of Asian History,2019,23
journal_8fa6d55b62619679,Journal of Asian History,2020,13
journal_8fa6d55b62619679,Journal of Asian History,2021,15
journal_8fa6d55b62619679,Journal of Asian History,2022,16
journal_8fa6d55b62619679,Journal of Asian History,2023,14
journal_8fa6d55b62619679,Journal of Asian History,2024,16
journal_8fa6d55b62619679,Journal of Asian History,2025,18
journal_90cf8ded2289c4e2,Acta Poloniae Historica,2012,19
journal_90cf8ded2289c4e2,Acta Poloniae Historica,2013,17
journal_90cf8ded2289c4e2,Acta Poloniae Historica,2014,23
journal_90cf8ded2289c4e2,Acta Poloniae Historica,2015,22
journal_90cf8ded2289c4e2,Acta Poloniae Historica,2016,31
journal_90cf8ded2289c4e2,Acta Poloniae Historica,2017,16
journal_90cf8ded2289c4e2,Acta Poloniae Historica,2018,34
journal_90cf8ded2289c4e2,Acta Poloniae Historica,2019,35
journal_90cf8ded2289c4e2,Acta Poloniae Historica,2020,33
journal_90cf8ded2289c4e2,Acta Poloniae Historica,2021,29
journal_90cf8ded2289c4e2,Acta Poloniae Historica,2022,18
journal_90cf8ded2289c4e2,Acta Poloniae Historica,2023,20
journal_90cf8ded2289c4e2,Acta Poloniae Historica,2024,22
journal_90cf8ded2289c4e2,Acta Poloniae Historica,2025,22
journal_919d0c14e01dd6ed,Environmental Review,1976,11
journal_919d0c14e01dd6ed,Environmental Review,1977,22
journal_919d0c14e01dd6ed,Environmental Review,1978,30
journal_919d0c14e01dd6ed,Environmental Review,1979,11
journal_919d0c14e01dd6ed,Environmental Review,1980,15
journal_919d0c14e01dd6ed,Environmental Review,1981,12
journal_919d0c14e01dd6ed,Environmental Review,1982,50
journal_919d0c14e01dd6ed,Environmental Review,1983,75
journal_919d0c14e01dd6ed,Environmental Review,1984,46
journal_919d0c14e01dd6ed,Environmental Review,1985,60
journal_919d0c14e01dd6ed,Environmental Review,1986,56
journal_919d0c14e01dd6ed,Environmental Review,1987,59
journal_919d0c14e01dd6ed,Environmental Review,1988,38
journal_919d0c14e01dd6ed,Environmental Review,1989,27
journal_919d0c14e01dd6ed,Environmental Review: ER,1988,1
journal_91f1c756cb33896f,Acadiensis,2025,20
journal_91f1c756cb33896f,Acadiensis,2026,21
journal_9391847d5e9cffe7,Diplomatic History,1977,27
journal_9391847d5e9cffe7,Diplomatic History,1978,32
journal_9391847d5e9cffe7,Diplomatic History,1979,37
journal_9391847d5e9cffe7,Diplomatic History,1980,33
journal_9391847d5e9cffe7,Diplomatic History,1981,26
journal_9391847d5e9cffe7,Diplomatic History,1982,44
journal_9391847d5e9cffe7,Diplomatic History,1983,23
journal_9391847d5e9cffe7,Diplomatic History,1984,25
journal_9391847d5e9cffe7,Diplomatic History,1985,31
journal_9391847d5e9cffe7,Diplomatic History,1986,24
journal_9391847d5e9cffe7,Diplomatic History,1987,29
journal_9391847d5e9cffe7,Diplomatic History,1988,32
journal_9391847d5e9cffe7,Diplomatic History,1989,37
journal_9391847d5e9cffe7,Diplomatic History,1990,47
journal_9391847d5e9cffe7,Diplomatic History,1991,44
journal_9391847d5e9cffe7,Diplomatic History,1992,53
journal_9391847d5e9cffe7,Diplomatic History,1993,53
journal_9391847d5e9cffe7,Diplomatic History,1994,55
journal_9391847d5e9cffe7,Diplomatic History,1995,43
journal_9391847d5e9cffe7,Diplomatic History,1996,52
journal_9391847d5e9cffe7,Diplomatic History,1997,51
journal_9391847d5e9cffe7,Diplomatic History,1998,51
journal_9391847d5e9cffe7,Diplomatic History,1999,47
journal_9391847d5e9cffe7,Diplomatic History,2000,51
journal_9391847d5e9cffe7,Diplomatic History,2001,51
journal_9391847d5e9cffe7,Diplomatic History,2002,38
journal_9391847d5e9cffe7,Diplomatic History,2003,60
journal_9391847d5e9cffe7,Diplomatic History,2004,62
journal_9391847d5e9cffe7,Diplomatic History,2005,70
journal_9391847d5e9cffe7,Diplomatic History,2006,57
journal_9391847d5e9cffe7,Diplomatic History,2007,83
journal_9391847d5e9cffe7,Diplomatic History,2008,83
journal_9391847d5e9cffe7,Diplomatic History,2009,77
journal_9391847d5e9cffe7,Diplomatic History,2010,120
journal_9391847d5e9cffe7,Diplomatic History,2011,64
journal_9391847d5e9cffe7,Diplomatic History,2012,82
journal_9391847d5e9cffe7,Diplomatic History,2013,157
journal_9391847d5e9cffe7,Diplomatic History,2014,125
journal_9391847d5e9cffe7,Diplomatic History,2015,97
journal_9391847d5e9cffe7,Diplomatic History,2016,83
journal_9391847d5e9cffe7,Diplomatic History,2017,127
journal_9391847d5e9cffe7,Diplomatic History,2018,103
journal_9391847d5e9cffe7,Diplomatic History,2019,68
journal_9391847d5e9cffe7,Diplomatic History,2020,102
journal_9391847d5e9cffe7,Diplomatic History,2021,105
journal_9391847d5e9cffe7,Diplomatic History,2022,101
journal_9391847d5e9cffe7,Diplomatic History,2023,103
journal_9391847d5e9cffe7,Diplomatic History,2024,93
journal_9391847d5e9cffe7,Diplomatic History,2025,80
journal_9391847d5e9cffe7,Diplomatic History,2026,47
journal_94cac3e8a12573d7,Cuadernos Dieciochistas,2015,23
journal_94cac3e8a12573d7,Cuadernos Dieciochistas,2016,12
journal_94cac3e8a12573d7,Cuadernos Dieciochistas,2017,11
journal_94cac3e8a12573d7,Cuadernos Dieciochistas,2018,13
journal_94cac3e8a12573d7,Cuadernos Dieciochistas,2019,15
journal_94cac3e8a12573d7,Cuadernos Dieciochistas,2020,18
journal_94cac3e8a12573d7,Cuadernos Dieciochistas,2021,16
journal_94cac3e8a12573d7,Cuadernos Dieciochistas,2022,15
journal_94cac3e8a12573d7,Cuadernos Dieciochistas,2023,17
journal_94cac3e8a12573d7,Cuadernos Dieciochistas,2024,23
journal_95d1a1a5f3c42882,Urban History Review,1972,25
journal_95d1a1a5f3c42882,Urban History Review,1973,11
journal_95d1a1a5f3c42882,Urban History Review,1974,16
journal_95d1a1a5f3c42882,Urban History Review,1975,18
journal_95d1a1a5f3c42882,Urban History Review,1976,44
journal_95d1a1a5f3c42882,Urban History Review,1977,63
journal_95d1a1a5f3c42882,Urban History Review,1978,52
journal_95d1a1a5f3c42882,Urban History Review,1979,47
journal_95d1a1a5f3c42882,Urban History Review,1980,45
journal_95d1a1a5f3c42882,Urban History Review,1981,46
journal_95d1a1a5f3c42882,Urban History Review,1982,43
journal_95d1a1a5f3c42882,Urban History Review,1983,69
journal_95d1a1a5f3c42882,Urban History Review,1984,48
journal_95d1a1a5f3c42882,Urban History Review,1985,72
journal_95d1a1a5f3c42882,Urban History Review,1986,77
journal_95d1a1a5f3c42882,Urban History Review,1987,66
journal_95d1a1a5f3c42882,Urban History Review,1988,61
journal_95d1a1a5f3c42882,Urban History Review,1989,62
journal_95d1a1a5f3c42882,Urban History Review,1990,42
journal_95d1a1a5f3c42882,Urban History Review,1991,47
journal_95d1a1a5f3c42882,Urban History Review,1992,26
journal_95d1a1a5f3c42882,Urban History Review,1993,43
journal_95d1a1a5f3c42882,Urban History Review,1994,24
journal_95d1a1a5f3c42882,Urban History Review,1995,42
journal_95d1a1a5f3c42882,Urban History Review,1996,36
journal_95d1a1a5f3c42882,Urban History Review,1997,41
journal_95d1a1a5f3c42882,Urban History Review,1998,28
journal_95d1a1a5f3c42882,Urban History Review,1999,27
journal_95d1a1a5f3c42882,Urban History Review,2000,33
journal_95d1a1a5f3c42882,Urban History Review,2001,20
journal_95d1a1a5f3c42882,Urban History Review,2002,25
journal_95d1a1a5f3c42882,Urban History Review,2003,37
journal_95d1a1a5f3c42882,Urban History Review,2004,26
journal_95d1a1a5f3c42882,Urban History Review,2005,29
journal_95d1a1a5f3c42882,Urban History Review,2006,39
journal_95d1a1a5f3c42882,Urban History Review,2007,22
journal_95d1a1a5f3c42882,Urban History Review,2008,27
journal_95d1a1a5f3c42882,Urban History Review,2009,21
journal_95d1a1a5f3c42882,Urban History Review,2010,19
journal_95d1a1a5f3c42882,Urban History Review,2011,25
journal_95d1a1a5f3c42882,Urban History Review,2012,30
journal_95d1a1a5f3c42882,Urban History Review,2013,68
journal_95d1a1a5f3c42882,Urban History Review,2014,48
journal_95d1a1a5f3c42882,Urban History Review,2015,41
journal_95d1a1a5f3c42882,Urban History Review,2016,39
journal_95d1a1a5f3c42882,Urban History Review,2017,34
journal_95d1a1a5f3c42882,Urban History Review,2018,39
journal_95d1a1a5f3c42882,Urban History Review,2019,4
journal_95d1a1a5f3c42882,Urban History Review,2020,10
journal_95d1a1a5f3c42882,Urban History Review,2021,15
journal_95d1a1a5f3c42882,Urban History Review,2022,20
journal_95d1a1a5f3c42882,Urban History Review,2023,31
journal_95d1a1a5f3c42882,Urban History Review,2024,16
journal_95d1a1a5f3c42882,Urban History Review,2025,19
journal_95d1a1a5f3c42882,Urban History Review,2026,8
journal_96e925e588a01d43,Northern History,1966,24
journal_96e925e588a01d43,Northern History,1967,32
journal_96e925e588a01d43,Northern History,1968,46
journal_96e925e588a01d43,Northern History,1969,26
journal_96e925e588a01d43,Northern History,1970,26
journal_96e925e588a01d43,Northern History,1971,22
journal_96e925e588a01d43,Northern History,1972,20
journal_96e925e588a01d43,Northern History,1973,26
journal_96e925e588a01d43,Northern History,1974,28
journal_96e925e588a01d43,Northern History,1975,22
journal_96e925e588a01d43,Northern History,1976,62
journal_96e925e588a01d43,Northern History,1977,15
journal_96e925e588a01d43,Northern History,1978,36
journal_96e925e588a01d43,Northern History,1979,33
journal_96e925e588a01d43,Northern History,1980,26
journal_96e925e588a01d43,Northern History,1981,42
journal_96e925e588a01d43,Northern History,1982,19
journal_96e925e588a01d43,Northern History,1983,26
journal_96e925e588a01d43,Northern History,1984,34
journal_96e925e588a01d43,Northern History,1985,15
journal_96e925e588a01d43,Northern History,1986,18
journal_96e925e588a01d43,Northern History,1987,15
journal_96e925e588a01d43,Northern History,1988,30
journal_96e925e588a01d43,Northern History,1989,44
journal_96e925e588a01d43,Northern History,1990,14
journal_96e925e588a01d43,Northern History,1991,15
journal_96e925e588a01d43,Northern History,1992,32
journal_96e925e588a01d43,Northern History,1993,32
journal_96e925e588a01d43,Northern History,1994,36
journal_96e925e588a01d43,Northern History,1995,20
journal_96e925e588a01d43,Northern History,1996,13
journal_96e925e588a01d43,Northern History,1997,17
journal_96e925e588a01d43,Northern History,1998,15
journal_96e925e588a01d43,Northern History,1999,15
journal_96e925e588a01d43,Northern History,2000,45
journal_96e925e588a01d43,Northern History,2001,37
journal_96e925e588a01d43,Northern History,2002,46
journal_96e925e588a01d43,Northern History,2003,54
journal_96e925e588a01d43,Northern History,2004,28
journal_96e925e588a01d43,Northern History,2005,37
journal_96e925e588a01d43,Northern History,2006,38
journal_96e925e588a01d43,Northern History,2007,32
journal_96e925e588a01d43,Northern History,2008,36
journal_96e925e588a01d43,Northern History,2009,29
journal_96e925e588a01d43,Northern History,2010,31
journal_96e925e588a01d43,Northern History,2011,31
journal_96e925e588a01d43,Northern History,2012,29
journal_96e925e588a01d43,Northern History,2013,24
journal_96e925e588a01d43,Northern History,2014,24
journal_96e925e588a01d43,Northern History,2015,25
journal_96e925e588a01d43,Northern History,2016,33
journal_96e925e588a01d43,Northern History,2017,31
journal_96e925e588a01d43,Northern History,2018,27
journal_96e925e588a01d43,Northern History,2019,25
journal_96e925e588a01d43,Northern History,2020,30
journal_96e925e588a01d43,Northern History,2021,38
journal_96e925e588a01d43,Northern History,2022,47
journal_96e925e588a01d43,Northern History,2023,46
journal_96e925e588a01d43,Northern History,2024,35
journal_96e925e588a01d43,Northern History,2025,23
journal_96e925e588a01d43,Northern History,2026,16
journal_970e4c11481041d7,Hispanic American Historical Review,1918,54
journal_970e4c11481041d7,Hispanic American Historical Review,1919,64
journal_970e4c11481041d7,Hispanic American Historical Review,1920,70
journal_970e4c11481041d7,Hispanic American Historical Review,1921,79
journal_970e4c11481041d7,Hispanic American Historical Review,1922,72
journal_970e4c11481041d7,Hispanic American Historical Review,1926,35
journal_970e4c11481041d7,Hispanic American Historical Review,1927,65
journal_970e4c11481041d7,Hispanic American Historical Review,1928,82
journal_970e4c11481041d7,Hispanic American Historical Review,1929,67
journal_970e4c11481041d7,Hispanic American Historical Review,1930,74
journal_970e4c11481041d7,Hispanic American Historical Review,1931,83
journal_970e4c11481041d7,Hispanic American Historical Review,1932,80
journal_970e4c11481041d7,Hispanic American Historical Review,1933,86
journal_970e4c11481041d7,Hispanic American Historical Review,1934,91
journal_970e4c11481041d7,Hispanic American Historical Review,1935,88
journal_970e4c11481041d7,Hispanic American Historical Review,1936,101
journal_970e4c11481041d7,Hispanic American Historical Review,1937,88
journal_970e4c11481041d7,Hispanic American Historical Review,1938,98
journal_970e4c11481041d7,Hispanic American Historical Review,1939,169
journal_970e4c11481041d7,Hispanic American Historical Review,1940,211
journal_970e4c11481041d7,Hispanic American Historical Review,1941,270
journal_970e4c11481041d7,Hispanic American Historical Review,1942,309
journal_970e4c11481041d7,Hispanic American Historical Review,1943,327
journal_970e4c11481041d7,Hispanic American Historical Review,1944,235
journal_970e4c11481041d7,Hispanic American Historical Review,1945,199
journal_970e4c11481041d7,Hispanic American Historical Review,1946,264
journal_970e4c11481041d7,Hispanic American Historical Review,1947,267
journal_970e4c11481041d7,Hispanic American Historical Review,1948,230
journal_970e4c11481041d7,Hispanic American Historical Review,1949,186
journal_970e4c11481041d7,Hispanic American Historical Review,1950,168
journal_970e4c11481041d7,Hispanic American Historical Review,1951,168
journal_970e4c11481041d7,Hispanic American Historical Review,1952,154
journal_970e4c11481041d7,Hispanic American Historical Review,1953,125
journal_970e4c11481041d7,Hispanic American Historical Review,1954,273
journal_970e4c11481041d7,Hispanic American Historical Review,1955,414
journal_970e4c11481041d7,Hispanic American Historical Review,1956,435
journal_970e4c11481041d7,Hispanic American Historical Review,1957,377
journal_970e4c11481041d7,Hispanic American Historical Review,1958,389
journal_970e4c11481041d7,Hispanic American Historical Review,1959,396
journal_970e4c11481041d7,Hispanic American Historical Review,1960,430
journal_970e4c11481041d7,Hispanic American Historical Review,1961,353
journal_970e4c11481041d7,Hispanic American Historical Review,1962,311
journal_970e4c11481041d7,Hispanic American Historical Review,1963,359
journal_970e4c11481041d7,Hispanic American Historical Review,1964,351
journal_970e4c11481041d7,Hispanic American Historical Review,1965,271
journal_970e4c11481041d7,Hispanic American Historical Review,1966,222
journal_970e4c11481041d7,Hispanic American Historical Review,1967,364
journal_970e4c11481041d7,Hispanic American Historical Review,1968,441
journal_970e4c11481041d7,Hispanic American Historical Review,1969,409
journal_970e4c11481041d7,Hispanic American Historical Review,1970,365
journal_970e4c11481041d7,Hispanic American Historical Review,1971,268
journal_970e4c11481041d7,Hispanic American Historical Review,1972,292
journal_970e4c11481041d7,Hispanic American Historical Review,1973,252
journal_970e4c11481041d7,Hispanic American Historical Review,1974,235
journal_970e4c11481041d7,Hispanic American Historical Review,1975,253
journal_970e4c11481041d7,Hispanic American Historical Review,1976,271
journal_970e4c11481041d7,Hispanic American Historical Review,1977,303
journal_970e4c11481041d7,Hispanic American Historical Review,1978,323
journal_970e4c11481041d7,Hispanic American Historical Review,1979,336
journal_970e4c11481041d7,Hispanic American Historical Review,1980,311
journal_970e4c11481041d7,Hispanic American Historical Review,1981,372
journal_970e4c11481041d7,Hispanic American Historical Review,1982,228
journal_970e4c11481041d7,Hispanic American Historical Review,1983,242
journal_970e4c11481041d7,Hispanic American Historical Review,1984,264
journal_970e4c11481041d7,Hispanic American Historical Review,1985,169
journal_970e4c11481041d7,Hispanic American Historical Review,1986,198
journal_970e4c11481041d7,Hispanic American Historical Review,1987,204
journal_970e4c11481041d7,Hispanic American Historical Review,1988,260
journal_970e4c11481041d7,Hispanic American Historical Review,1989,237
journal_970e4c11481041d7,Hispanic American Historical Review,1990,170
journal_970e4c11481041d7,Hispanic American Historical Review,1991,225
journal_970e4c11481041d7,Hispanic American Historical Review,1992,173
journal_970e4c11481041d7,Hispanic American Historical Review,1993,245
journal_970e4c11481041d7,Hispanic American Historical Review,1994,248
journal_970e4c11481041d7,Hispanic American Historical Review,1995,281
journal_970e4c11481041d7,Hispanic American Historical Review,1996,256
journal_970e4c11481041d7,Hispanic American Historical Review,1997,306
journal_970e4c11481041d7,Hispanic American Historical Review,1998,148
journal_970e4c11481041d7,Hispanic American Historical Review,1999,173
journal_970e4c11481041d7,Hispanic American Historical Review,2000,177
journal_970e4c11481041d7,Hispanic American Historical Review,2001,160
journal_970e4c11481041d7,Hispanic American Historical Review,2002,155
journal_970e4c11481041d7,Hispanic American Historical Review,2003,172
journal_970e4c11481041d7,Hispanic American Historical Review,2004,184
journal_970e4c11481041d7,Hispanic American Historical Review,2005,177
journal_970e4c11481041d7,Hispanic American Historical Review,2006,188
journal_970e4c11481041d7,Hispanic American Historical Review,2007,163
journal_970e4c11481041d7,Hispanic American Historical Review,2008,181
journal_970e4c11481041d7,Hispanic American Historical Review,2009,183
journal_970e4c11481041d7,Hispanic American Historical Review,2010,177
journal_970e4c11481041d7,Hispanic American Historical Review,2011,152
journal_970e4c11481041d7,Hispanic American Historical Review,2012,136
journal_970e4c11481041d7,Hispanic American Historical Review,2013,167
journal_970e4c11481041d7,Hispanic American Historical Review,2014,144
journal_970e4c11481041d7,Hispanic American Historical Review,2015,154
journal_970e4c11481041d7,Hispanic American Historical Review,2016,157
journal_970e4c11481041d7,Hispanic American Historical Review,2017,144
journal_970e4c11481041d7,Hispanic American Historical Review,2018,192
journal_970e4c11481041d7,Hispanic American Historical Review,2019,166
journal_970e4c11481041d7,Hispanic American Historical Review,2020,181
journal_970e4c11481041d7,Hispanic American Historical Review,2021,183
journal_970e4c11481041d7,Hispanic American Historical Review,2022,170
journal_970e4c11481041d7,Hispanic American Historical Review,2023,256
journal_970e4c11481041d7,Hispanic American Historical Review,2024,89
journal_970e4c11481041d7,Hispanic American Historical Review,2025,168
journal_970e4c11481041d7,Hispanic American Historical Review,2026,182
journal_970e4c11481041d7,The Hispanic American Historical Review,1918,31
journal_970e4c11481041d7,The Hispanic American Historical Review,1919,45
journal_970e4c11481041d7,The Hispanic American Historical Review,1920,46
journal_970e4c11481041d7,The Hispanic American Historical Review,1921,58
journal_970e4c11481041d7,The Hispanic American Historical Review,1922,50
journal_970e4c11481041d7,The Hispanic American Historical Review,1926,20
journal_970e4c11481041d7,The Hispanic American Historical Review,1927,44
journal_970e4c11481041d7,The Hispanic American Historical Review,1928,59
journal_970e4c11481041d7,The Hispanic American Historical Review,1929,48
journal_970e4c11481041d7,The Hispanic American Historical Review,1930,58
journal_970e4c11481041d7,The Hispanic American Historical Review,1931,61
journal_970e4c11481041d7,The Hispanic American Historical Review,1932,58
journal_970e4c11481041d7,The Hispanic American Historical Review,1933,64
journal_970e4c11481041d7,The Hispanic American Historical Review,1934,67
journal_970e4c11481041d7,The Hispanic American Historical Review,1935,66
journal_970e4c11481041d7,The Hispanic American Historical Review,1936,73
journal_970e4c11481041d7,The Hispanic American Historical Review,1937,62
journal_970e4c11481041d7,The Hispanic American Historical Review,1938,69
journal_970e4c11481041d7,The Hispanic American Historical Review,1939,88
journal_970e4c11481041d7,The Hispanic American Historical Review,1940,103
journal_970e4c11481041d7,The Hispanic American Historical Review,1941,103
journal_970e4c11481041d7,The Hispanic American Historical Review,1942,119
journal_970e4c11481041d7,The Hispanic American Historical Review,1943,150
journal_970e4c11481041d7,The Hispanic American Historical Review,1944,114
journal_970e4c11481041d7,The Hispanic American Historical Review,1945,73
journal_970e4c11481041d7,The Hispanic American Historical Review,1946,112
journal_970e4c11481041d7,The Hispanic American Historical Review,1947,121
journal_970e4c11481041d7,The Hispanic American Historical Review,1948,138
journal_970e4c11481041d7,The Hispanic American Historical Review,1949,117
journal_970e4c11481041d7,The Hispanic American Historical Review,1950,131
journal_970e4c11481041d7,The Hispanic American Historical Review,1951,152
journal_970e4c11481041d7,The Hispanic American Historical Review,1952,143
journal_970e4c11481041d7,The Hispanic American Historical Review,1953,113
journal_970e4c11481041d7,The Hispanic American Historical Review,1954,128
journal_970e4c11481041d7,The Hispanic American Historical Review,1955,122
journal_970e4c11481041d7,The Hispanic American Historical Review,1956,104
journal_970e4c11481041d7,The Hispanic American Historical Review,1957,79
journal_970e4c11481041d7,The Hispanic American Historical Review,1958,80
journal_970e4c11481041d7,The Hispanic American Historical Review,1959,69
journal_970e4c11481041d7,The Hispanic American Historical Review,1960,85
journal_970e4c11481041d7,The Hispanic American Historical Review,1961,86
journal_970e4c11481041d7,The Hispanic American Historical Review,1962,103
journal_970e4c11481041d7,The Hispanic American Historical Review,1963,127
journal_970e4c11481041d7,The Hispanic American Historical Review,1964,133
journal_970e4c11481041d7,The Hispanic American Historical Review,1965,102
journal_970e4c11481041d7,The Hispanic American Historical Review,1966,131
journal_970e4c11481041d7,The Hispanic American Historical Review,1967,242
journal_970e4c11481041d7,The Hispanic American Historical Review,1968,290
journal_970e4c11481041d7,The Hispanic American Historical Review,1969,295
journal_970e4c11481041d7,The Hispanic American Historical Review,1970,242
journal_970e4c11481041d7,The Hispanic American Historical Review,1971,182
journal_970e4c11481041d7,The Hispanic American Historical Review,1972,179
journal_970e4c11481041d7,The Hispanic American Historical Review,1973,176
journal_970e4c11481041d7,The Hispanic American Historical Review,1974,149
journal_970e4c11481041d7,The Hispanic American Historical Review,1975,169
journal_970e4c11481041d7,The Hispanic American Historical Review,1976,162
journal_970e4c11481041d7,The Hispanic American Historical Review,1977,191
journal_970e4c11481041d7,The Hispanic American Historical Review,1978,221
journal_970e4c11481041d7,The Hispanic American Historical Review,1979,222
journal_970e4c11481041d7,The Hispanic American Historical Review,1980,223
journal_970e4c11481041d7,The Hispanic American Historical Review,1981,260
journal_970e4c11481041d7,The Hispanic American Historical Review,1982,171
journal_970e4c11481041d7,The Hispanic American Historical Review,1983,147
journal_970e4c11481041d7,The Hispanic American Historical Review,1984,150
journal_970e4c11481041d7,The Hispanic American Historical Review,1985,117
journal_970e4c11481041d7,The Hispanic American Historical Review,1986,159
journal_970e4c11481041d7,The Hispanic American Historical Review,1987,189
journal_970e4c11481041d7,The Hispanic American Historical Review,1988,240
journal_970e4c11481041d7,The Hispanic American Historical Review,1989,216
journal_970e4c11481041d7,The Hispanic American Historical Review,1990,156
journal_970e4c11481041d7,The Hispanic American Historical Review,1991,203
journal_970e4c11481041d7,The Hispanic American Historical Review,1992,154
journal_970e4c11481041d7,The Hispanic American Historical Review,1993,234
journal_970e4c11481041d7,The Hispanic American Historical Review,1994,230
journal_970e4c11481041d7,The Hispanic American Historical Review,1995,265
journal_970e4c11481041d7,The Hispanic American Historical Review,1996,233
journal_970e4c11481041d7,The Hispanic American Historical Review,1997,292
journal_970e4c11481041d7,The Hispanic American Historical Review,1998,134
journal_97cc033e49a4f22b,Urban History,1974,65
journal_97cc033e49a4f22b,Urban History,1975,68
journal_97cc033e49a4f22b,Urban History,1976,68
journal_97cc033e49a4f22b,Urban History,1977,68
journal_97cc033e49a4f22b,Urban History,1978,70
journal_97cc033e49a4f22b,Urban History,1979,58
journal_97cc033e49a4f22b,Urban History,1980,79
journal_97cc033e49a4f22b,Urban History,1981,82
journal_97cc033e49a4f22b,Urban History,1982,79
journal_97cc033e49a4f22b,Urban History,1983,70
journal_97cc033e49a4f22b,Urban History,1984,57
journal_97cc033e49a4f22b,Urban History,1985,50
journal_97cc033e49a4f22b,Urban History,1986,57
journal_97cc033e49a4f22b,Urban History,1987,61
journal_97cc033e49a4f22b,Urban History,1988,44
journal_97cc033e49a4f22b,Urban History,1989,45
journal_97cc033e49a4f22b,Urban History,1990,54
journal_97cc033e49a4f22b,Urban History,1991,38
journal_97cc033e49a4f22b,Urban History,1992,75
journal_97cc033e49a4f22b,Urban History,1993,69
journal_97cc033e49a4f22b,Urban History,1994,67
journal_97cc033e49a4f22b,Urban History,1995,90
journal_97cc033e49a4f22b,Urban History,1996,74
journal_97cc033e49a4f22b,Urban History,1997,73
journal_97cc033e49a4f22b,Urban History,1998,85
journal_97cc033e49a4f22b,Urban History,1999,83
journal_97cc033e49a4f22b,Urban History,2000,80
journal_97cc033e49a4f22b,Urban History,2001,74
journal_97cc033e49a4f22b,Urban History,2002,78
journal_97cc033e49a4f22b,Urban History,2003,76
journal_97cc033e49a4f22b,Urban History,2004,77
journal_97cc033e49a4f22b,Urban History,2005,73
journal_97cc033e49a4f22b,Urban History,2006,69
journal_97cc033e49a4f22b,Urban History,2007,72
journal_97cc033e49a4f22b,Urban History,2008,68
journal_97cc033e49a4f22b,Urban History,2009,58
journal_97cc033e49a4f22b,Urban History,2010,70
journal_97cc033e49a4f22b,Urban History,2011,61
journal_97cc033e49a4f22b,Urban History,2012,90
journal_97cc033e49a4f22b,Urban History,2013,73
journal_97cc033e49a4f22b,Urban History,2014,74
journal_97cc033e49a4f22b,Urban History,2015,93
journal_97cc033e49a4f22b,Urban History,2016,73
journal_97cc033e49a4f22b,Urban History,2017,63
journal_97cc033e49a4f22b,Urban History,2018,74
journal_97cc033e49a4f22b,Urban History,2019,88
journal_97cc033e49a4f22b,Urban History,2020,102
journal_97cc033e49a4f22b,Urban History,2021,106
journal_97cc033e49a4f22b,Urban History,2022,85
journal_97cc033e49a4f22b,Urban History,2023,87
journal_97cc033e49a4f22b,Urban History,2024,84
journal_97cc033e49a4f22b,Urban History,2025,83
journal_97cc033e49a4f22b,Urban History,2026,40
journal_98ba9d1de9eef297,Global Environment,2008,23
journal_98ba9d1de9eef297,Global Environment,2009,20
journal_98ba9d1de9eef297,Global Environment,2010,8
journal_98ba9d1de9eef297,Global Environment,2011,18
journal_98ba9d1de9eef297,Global Environment,2012,20
journal_98ba9d1de9eef297,Global Environment,2013,20
journal_98ba9d1de9eef297,Global Environment,2014,24
journal_98ba9d1de9eef297,Global Environment,2015,20
journal_98ba9d1de9eef297,Global Environment,2016,22
journal_98ba9d1de9eef297,Global Environment,2017,20
journal_98ba9d1de9eef297,Global Environment,2018,23
journal_98ba9d1de9eef297,Global Environment,2019,23
journal_98ba9d1de9eef297,Global Environment,2020,34
journal_98ba9d1de9eef297,Global Environment,2021,32
journal_98ba9d1de9eef297,Global Environment,2022,34
journal_98ba9d1de9eef297,Global Environment,2023,28
journal_98ba9d1de9eef297,Global Environment,2024,29
journal_98ba9d1de9eef297,Global Environment,2025,32
journal_98ba9d1de9eef297,Global Environment,2026,29
journal_996df5230b13e08b,Annales d'histoire sociale,1945,24
journal_9a03579a38d60741,Studia Rudolphina,2022,6
journal_9a03579a38d60741,Studia Rudolphina,2024,8
journal_9c4f10e776b54df4,Dialogues d'histoire ancienne,1974,15
journal_9c4f10e776b54df4,Dialogues d'histoire ancienne,1976,31
journal_9c4f10e776b54df4,Dialogues d'histoire ancienne,1977,8
journal_9c4f10e776b54df4,Dialogues d'histoire ancienne,1978,18
journal_9c4f10e776b54df4,Dialogues d'histoire ancienne,1979,13
journal_9c4f10e776b54df4,Dialogues d'histoire ancienne,1980,17
journal_9c4f10e776b54df4,Dialogues d'histoire ancienne,1981,23
journal_9c4f10e776b54df4,Dialogues d'histoire ancienne,1982,16
journal_9c4f10e776b54df4,Dialogues d'histoire ancienne,1983,12
journal_9c4f10e776b54df4,Dialogues d'histoire ancienne,1984,17
journal_9c4f10e776b54df4,Dialogues d'histoire ancienne,1985,31
journal_9c4f10e776b54df4,Dialogues d'histoire ancienne,1986,26
journal_9c4f10e776b54df4,Dialogues d'histoire ancienne,1987,10
journal_9c4f10e776b54df4,Dialogues d'histoire ancienne,1988,21
journal_9c4f10e776b54df4,Dialogues d'histoire ancienne,1989,28
journal_9c4f10e776b54df4,Dialogues d'histoire ancienne,1990,35
journal_9c4f10e776b54df4,Dialogues d'histoire ancienne,1991,31
journal_9c4f10e776b54df4,Dialogues d'histoire ancienne,1992,30
journal_9c4f10e776b54df4,Dialogues d'histoire ancienne,1993,31
journal_9c4f10e776b54df4,Dialogues d'histoire ancienne,1994,29
journal_9c4f10e776b54df4,Dialogues d'histoire ancienne,1995,30
journal_9c4f10e776b54df4,Dialogues d'histoire ancienne,1996,24
journal_9c4f10e776b54df4,Dialogues d'histoire ancienne,1997,31
journal_9c4f10e776b54df4,Dialogues d'histoire ancienne,1998,20
journal_9c4f10e776b54df4,Dialogues d'histoire ancienne,1999,24
journal_9c4f10e776b54df4,Dialogues d'histoire ancienne,2000,25
journal_9c4f10e776b54df4,Dialogues d'histoire ancienne,2001,18
journal_9c4f10e776b54df4,Dialogues d'histoire ancienne,2002,17
journal_9c4f10e776b54df4,Dialogues d'histoire ancienne,2003,18
journal_9c4f10e776b54df4,Dialogues d'histoire ancienne,2004,23
journal_9c4f10e776b54df4,Dialogues d'histoire ancienne,2005,18
journal_9c4f10e776b54df4,Dialogues d'histoire ancienne,2006,21
journal_9c4f10e776b54df4,Dialogues d'histoire ancienne,2007,43
journal_9c4f10e776b54df4,Dialogues d'histoire ancienne,2008,38
journal_9c4f10e776b54df4,Dialogues d'histoire ancienne,2009,53
journal_9c4f10e776b54df4,Dialogues d'histoire ancienne,2010,33
journal_9c4f10e776b54df4,Dialogues d'histoire ancienne,2011,83
journal_9c4f10e776b54df4,Dialogues d'histoire ancienne,2012,58
journal_9c4f10e776b54df4,Dialogues d'histoire ancienne,2013,71
journal_9c4f10e776b54df4,Dialogues d'histoire ancienne,2014,65
journal_9c4f10e776b54df4,Dialogues d'histoire ancienne,2015,45
journal_9c4f10e776b54df4,Dialogues d'histoire ancienne,2016,53
journal_9c4f10e776b54df4,Dialogues d'histoire ancienne,2017,54
journal_9c4f10e776b54df4,Dialogues d'histoire ancienne,2018,36
journal_9c4f10e776b54df4,Dialogues d'histoire ancienne,2019,26
journal_9c4f10e776b54df4,Dialogues d'histoire ancienne,2020,58
journal_9c4f10e776b54df4,Dialogues d'histoire ancienne,2021,88
journal_9c4f10e776b54df4,Dialogues d'histoire ancienne,2022,54
journal_9c4f10e776b54df4,Dialogues d'histoire ancienne,2023,62
journal_9c4f10e776b54df4,Dialogues d'histoire ancienne,2024,74
journal_9c4f10e776b54df4,Dialogues d'histoire ancienne,2025,57
journal_9c6f44fb42920fdc,Historia Caribe,1995,2
journal_9c6f44fb42920fdc,Historia Caribe,2012,27
journal_9c6f44fb42920fdc,Historia Caribe,2015,23
journal_9c6f44fb42920fdc,Historia Caribe,2016,27
journal_9c6f44fb42920fdc,Historia Caribe,2017,31
journal_9c6f44fb42920fdc,Historia Caribe,2018,26
journal_9c6f44fb42920fdc,Historia Caribe,2019,24
journal_9c6f44fb42920fdc,Historia Caribe,2020,27
journal_9c6f44fb42920fdc,Historia Caribe,2021,25
journal_9c6f44fb42920fdc,Historia Caribe,2022,27
journal_9c6f44fb42920fdc,Historia Caribe,2023,44
journal_9c6f44fb42920fdc,Historia Caribe,2024,25
journal_9c6f44fb42920fdc,Historia Caribe,2025,52
journal_9c6f44fb42920fdc,Historia Caribe,2026,14
journal_9caf0673e1a3b685,MEMORIA E RICERCA,2009,52
journal_9caf0673e1a3b685,MEMORIA E RICERCA,2010,23
journal_9caf0673e1a3b685,MEMORIA E RICERCA,2011,48
journal_9caf0673e1a3b685,MEMORIA E RICERCA,2012,25
journal_9caf0673e1a3b685,MEMORIA E RICERCA,2013,52
journal_9caf0673e1a3b685,MEMORIA E RICERCA,2014,24
journal_9caf0673e1a3b685,MEMORIA E RICERCA,2015,44
journal_9d03148c52b1a89d,Jewish Social Studies,2009,24
journal_9d03148c52b1a89d,Jewish Social Studies,2010,25
journal_9d03148c52b1a89d,Jewish Social Studies,2011,28
journal_9d03148c52b1a89d,Jewish Social Studies,2012,34
journal_9d03148c52b1a89d,Jewish Social Studies,2013,23
journal_9d03148c52b1a89d,Jewish Social Studies,2014,17
journal_9d03148c52b1a89d,Jewish Social Studies,2015,6
journal_9d03148c52b1a89d,Jewish Social Studies,2016,21
journal_9d03148c52b1a89d,Jewish Social Studies,2017,29
journal_9d03148c52b1a89d,Jewish Social Studies,2018,21
journal_9d03148c52b1a89d,Jewish Social Studies,2019,26
journal_9d03148c52b1a89d,Jewish Social Studies,2020,30
journal_9d03148c52b1a89d,Jewish Social Studies,2021,15
journal_9d03148c52b1a89d,"Jewish Social Studies: History, Culture, and Society",1997,7
journal_9d03148c52b1a89d,"Jewish Social Studies: History, Culture, and Society",1998,27
journal_9d03148c52b1a89d,"Jewish Social Studies: History, Culture, and Society",1999,21
journal_9d03148c52b1a89d,"Jewish Social Studies: History, Culture, and Society",2000,23
journal_9d03148c52b1a89d,"Jewish Social Studies: History, Culture, and Society",2001,24
journal_9d03148c52b1a89d,"Jewish Social Studies: History, Culture, and Society",2002,17
journal_9d03148c52b1a89d,"Jewish Social Studies: History, Culture, and Society",2003,21
journal_9d03148c52b1a89d,"Jewish Social Studies: History, Culture, and Society",2004,23
journal_9d03148c52b1a89d,"Jewish Social Studies: History, Culture, and Society",2005,24
journal_9d03148c52b1a89d,"Jewish Social Studies: History, Culture, and Society",2006,32
journal_9d03148c52b1a89d,"Jewish Social Studies: History, Culture, and Society",2007,8
journal_9dac4f2eb2dce0f8,International Journal of Korean History,2014,16
journal_9dac4f2eb2dce0f8,International Journal of Korean History,2015,13
journal_9dac4f2eb2dce0f8,International Journal of Korean History,2016,19
journal_9dac4f2eb2dce0f8,International Journal of Korean History,2017,16
journal_9dac4f2eb2dce0f8,International Journal of Korean History,2018,15
journal_9dac4f2eb2dce0f8,International Journal of Korean History,2019,18
journal_9dac4f2eb2dce0f8,International Journal of Korean History,2020,25
journal_9dac4f2eb2dce0f8,International Journal of Korean History,2021,18
journal_9dac4f2eb2dce0f8,International Journal of Korean History,2022,18
journal_9dac4f2eb2dce0f8,International Journal of Korean History,2023,16
journal_9dac4f2eb2dce0f8,International Journal of Korean History,2024,18
journal_9dac4f2eb2dce0f8,International Journal of Korean History,2025,13
journal_9dac4f2eb2dce0f8,International Journal of Korean History,2026,12
journal_9ed6094437f11ea2,Journal of Austrian-American History,2017,9
journal_9ed6094437f11ea2,Journal of Austrian-American History,2018,8
journal_9ed6094437f11ea2,Journal of Austrian-American History,2019,7
journal_9ed6094437f11ea2,Journal of Austrian-American History,2020,26
journal_9ed6094437f11ea2,Journal of Austrian-American History,2021,8
journal_9ed6094437f11ea2,Journal of Austrian-American History,2022,13
journal_9ed6094437f11ea2,Journal of Austrian-American History,2023,18
journal_9ed6094437f11ea2,Journal of Austrian-American History,2024,10
journal_9ed6094437f11ea2,Journal of Austrian-American History,2025,8
journal_9ed6094437f11ea2,Journal of Austrian-American History,2026,11
journal_a00c9347fa743603,Gender &amp; History,1989,39
journal_a00c9347fa743603,Gender &amp; History,1990,39
journal_a00c9347fa743603,Gender &amp; History,1991,36
journal_a00c9347fa743603,Gender &amp; History,1992,29
journal_a00c9347fa743603,Gender &amp; History,1993,35
journal_a00c9347fa743603,Gender &amp; History,1994,41
journal_a00c9347fa743603,Gender &amp; History,1995,34
journal_a00c9347fa743603,Gender &amp; History,1996,37
journal_a00c9347fa743603,Gender &amp; History,1997,49
journal_a00c9347fa743603,Gender &amp; History,1998,43
journal_a00c9347fa743603,Gender &amp; History,1999,46
journal_a00c9347fa743603,Gender &amp; History,2000,48
journal_a00c9347fa743603,Gender &amp; History,2001,38
journal_a00c9347fa743603,Gender &amp; History,2002,41
journal_a00c9347fa743603,Gender &amp; History,2003,40
journal_a00c9347fa743603,Gender &amp; History,2004,47
journal_a00c9347fa743603,Gender &amp; History,2005,28
journal_a00c9347fa743603,Gender &amp; History,2006,79
journal_a00c9347fa743603,Gender &amp; History,2007,72
journal_a00c9347fa743603,Gender &amp; History,2008,77
journal_a00c9347fa743603,Gender &amp; History,2009,76
journal_a00c9347fa743603,Gender &amp; History,2010,124
journal_a00c9347fa743603,Gender &amp; History,2011,91
journal_a00c9347fa743603,Gender &amp; History,2012,57
journal_a00c9347fa743603,Gender &amp; History,2013,65
journal_a00c9347fa743603,Gender &amp; History,2014,55
journal_a00c9347fa743603,Gender &amp; History,2015,76
journal_a00c9347fa743603,Gender &amp; History,2016,90
journal_a00c9347fa743603,Gender &amp; History,2017,71
journal_a00c9347fa743603,Gender &amp; History,2018,81
journal_a00c9347fa743603,Gender &amp; History,2019,50
journal_a00c9347fa743603,Gender &amp; History,2020,57
journal_a00c9347fa743603,Gender &amp; History,2021,79
journal_a00c9347fa743603,Gender &amp; History,2022,93
journal_a00c9347fa743603,Gender &amp; History,2023,89
journal_a00c9347fa743603,Gender &amp; History,2024,66
journal_a00c9347fa743603,Gender &amp; History,2025,65
journal_a00c9347fa743603,Gender &amp; History,2026,54
journal_a00c9347fa743603,"Gender &lt;html_ent glyph=""@amp;"" ascii=""&amp;amp;""/&gt; History",2005,15
journal_a09ca3d405b3ee2d,Journal of Cold War Studies,1999,41
journal_a09ca3d405b3ee2d,Journal of Cold War Studies,2000,58
journal_a09ca3d405b3ee2d,Journal of Cold War Studies,2001,61
journal_a09ca3d405b3ee2d,Journal of Cold War Studies,2002,103
journal_a09ca3d405b3ee2d,Journal of Cold War Studies,2003,89
journal_a09ca3d405b3ee2d,Journal of Cold War Studies,2004,102
journal_a09ca3d405b3ee2d,Journal of Cold War Studies,2005,104
journal_a09ca3d405b3ee2d,Journal of Cold War Studies,2006,91
journal_a09ca3d405b3ee2d,Journal of Cold War Studies,2007,136
journal_a09ca3d405b3ee2d,Journal of Cold War Studies,2008,117
journal_a09ca3d405b3ee2d,Journal of Cold War Studies,2009,73
journal_a09ca3d405b3ee2d,Journal of Cold War Studies,2010,103
journal_a09ca3d405b3ee2d,Journal of Cold War Studies,2011,100
journal_a09ca3d405b3ee2d,Journal of Cold War Studies,2012,99
journal_a09ca3d405b3ee2d,Journal of Cold War Studies,2013,95
journal_a09ca3d405b3ee2d,Journal of Cold War Studies,2014,96
journal_a09ca3d405b3ee2d,Journal of Cold War Studies,2015,97
journal_a09ca3d405b3ee2d,Journal of Cold War Studies,2016,96
journal_a09ca3d405b3ee2d,Journal of Cold War Studies,2017,79
journal_a09ca3d405b3ee2d,Journal of Cold War Studies,2018,51
journal_a09ca3d405b3ee2d,Journal of Cold War Studies,2019,57
journal_a09ca3d405b3ee2d,Journal of Cold War Studies,2020,69
journal_a09ca3d405b3ee2d,Journal of Cold War Studies,2021,68
journal_a09ca3d405b3ee2d,Journal of Cold War Studies,2022,61
journal_a09ca3d405b3ee2d,Journal of Cold War Studies,2023,68
journal_a09ca3d405b3ee2d,Journal of Cold War Studies,2024,70
journal_a09ca3d405b3ee2d,Journal of Cold War Studies,2025,60
journal_a09ca3d405b3ee2d,Journal of Cold War Studies,2026,44
journal_a0ecba92e4f263e1,Journal of Family History,1976,15
journal_a0ecba92e4f263e1,Journal of Family History,1977,25
journal_a0ecba92e4f263e1,Journal of Family History,1978,32
journal_a0ecba92e4f263e1,Journal of Family History,1979,27
journal_a0ecba92e4f263e1,Journal of Family History,1980,28
journal_a0ecba92e4f263e1,Journal of Family History,1981,31
journal_a0ecba92e4f263e1,Journal of Family History,1982,27
journal_a0ecba92e4f263e1,Journal of Family History,1983,25
journal_a0ecba92e4f263e1,Journal of Family History,1984,24
journal_a0ecba92e4f263e1,Journal of Family History,1985,26
journal_a0ecba92e4f263e1,Journal of Family History,1986,24
journal_a0ecba92e4f263e1,Journal of Family History,1987,30
journal_a0ecba92e4f263e1,Journal of Family History,1988,43
journal_a0ecba92e4f263e1,Journal of Family History,1989,25
journal_a0ecba92e4f263e1,Journal of Family History,1990,56
journal_a0ecba92e4f263e1,Journal of Family History,1991,25
journal_a0ecba92e4f263e1,Journal of Family History,1992,27
journal_a0ecba92e4f263e1,Journal of Family History,1993,22
journal_a0ecba92e4f263e1,Journal of Family History,1994,23
journal_a0ecba92e4f263e1,Journal of Family History,1995,22
journal_a0ecba92e4f263e1,Journal of Family History,1996,26
journal_a0ecba92e4f263e1,Journal of Family History,1997,42
journal_a0ecba92e4f263e1,Journal of Family History,1998,34
journal_a0ecba92e4f263e1,Journal of Family History,1999,40
journal_a0ecba92e4f263e1,Journal of Family History,2000,51
journal_a0ecba92e4f263e1,Journal of Family History,2001,40
journal_a0ecba92e4f263e1,Journal of Family History,2002,28
journal_a0ecba92e4f263e1,Journal of Family History,2003,29
journal_a0ecba92e4f263e1,Journal of Family History,2004,24
journal_a0ecba92e4f263e1,Journal of Family History,2005,21
journal_a0ecba92e4f263e1,Journal of Family History,2006,20
journal_a0ecba92e4f263e1,Journal of Family History,2007,22
journal_a0ecba92e4f263e1,Journal of Family History,2008,27
journal_a0ecba92e4f263e1,Journal of Family History,2009,26
journal_a0ecba92e4f263e1,Journal of Family History,2010,24
journal_a0ecba92e4f263e1,Journal of Family History,2011,31
journal_a0ecba92e4f263e1,Journal of Family History,2012,38
journal_a0ecba92e4f263e1,Journal of Family History,2013,31
journal_a0ecba92e4f263e1,Journal of Family History,2014,33
journal_a0ecba92e4f263e1,Journal of Family History,2015,36
journal_a0ecba92e4f263e1,Journal of Family History,2016,31
journal_a0ecba92e4f263e1,Journal of Family History,2017,35
journal_a0ecba92e4f263e1,Journal of Family History,2018,30
journal_a0ecba92e4f263e1,Journal of Family History,2019,42
journal_a0ecba92e4f263e1,Journal of Family History,2020,36
journal_a0ecba92e4f263e1,Journal of Family History,2021,38
journal_a0ecba92e4f263e1,Journal of Family History,2022,44
journal_a0ecba92e4f263e1,Journal of Family History,2023,38
journal_a0ecba92e4f263e1,Journal of Family History,2024,28
journal_a0ecba92e4f263e1,Journal of Family History,2025,43
journal_a0ecba92e4f263e1,Journal of Family History,2026,35
journal_a13036715c908b55,Philippine Studies,2006,7
journal_a13036715c908b55,Philippine Studies: Historical and Ethnographic Viewpoints,1953,52
journal_a13036715c908b55,Philippine Studies: Historical and Ethnographic Viewpoints,1954,63
journal_a13036715c908b55,Philippine Studies: Historical and Ethnographic Viewpoints,1955,68
journal_a13036715c908b55,Philippine Studies: Historical and Ethnographic Viewpoints,1956,63
journal_a13036715c908b55,Philippine Studies: Historical and Ethnographic Viewpoints,1957,63
journal_a13036715c908b55,Philippine Studies: Historical and Ethnographic Viewpoints,1958,53
journal_a13036715c908b55,Philippine Studies: Historical and Ethnographic Viewpoints,1959,79
journal_a13036715c908b55,Philippine Studies: Historical and Ethnographic Viewpoints,1960,113
journal_a13036715c908b55,Philippine Studies: Historical and Ethnographic Viewpoints,1961,100
journal_a13036715c908b55,Philippine Studies: Historical and Ethnographic Viewpoints,1962,77
journal_a13036715c908b55,Philippine Studies: Historical and Ethnographic Viewpoints,1963,74
journal_a13036715c908b55,Philippine Studies: Historical and Ethnographic Viewpoints,1964,91
journal_a13036715c908b55,Philippine Studies: Historical and Ethnographic Viewpoints,1965,101
journal_a13036715c908b55,Philippine Studies: Historical and Ethnographic Viewpoints,1966,86
journal_a13036715c908b55,Philippine Studies: Historical and Ethnographic Viewpoints,1967,69
journal_a13036715c908b55,Philippine Studies: Historical and Ethnographic Viewpoints,1968,67
journal_a13036715c908b55,Philippine Studies: Historical and Ethnographic Viewpoints,1969,90
journal_a13036715c908b55,Philippine Studies: Historical and Ethnographic Viewpoints,1970,62
journal_a13036715c908b55,Philippine Studies: Historical and Ethnographic Viewpoints,1971,36
journal_a13036715c908b55,Philippine Studies: Historical and Ethnographic Viewpoints,1972,63
journal_a13036715c908b55,Philippine Studies: Historical and Ethnographic Viewpoints,1973,56
journal_a13036715c908b55,Philippine Studies: Historical and Ethnographic Viewpoints,1974,31
journal_a13036715c908b55,Philippine Studies: Historical and Ethnographic Viewpoints,1975,42
journal_a13036715c908b55,Philippine Studies: Historical and Ethnographic Viewpoints,1976,46
journal_a13036715c908b55,Philippine Studies: Historical and Ethnographic Viewpoints,1977,59
journal_a13036715c908b55,Philippine Studies: Historical and Ethnographic Viewpoints,1978,29
journal_a13036715c908b55,Philippine Studies: Historical and Ethnographic Viewpoints,1980,2
journal_a13036715c908b55,Philippine Studies: Historical and Ethnographic Viewpoints,1982,61
journal_a13036715c908b55,Philippine Studies: Historical and Ethnographic Viewpoints,1983,45
journal_a13036715c908b55,Philippine Studies: Historical and Ethnographic Viewpoints,1984,53
journal_a13036715c908b55,Philippine Studies: Historical and Ethnographic Viewpoints,1985,88
journal_a13036715c908b55,Philippine Studies: Historical and Ethnographic Viewpoints,1986,60
journal_a13036715c908b55,Philippine Studies: Historical and Ethnographic Viewpoints,1987,65
journal_a13036715c908b55,Philippine Studies: Historical and Ethnographic Viewpoints,1988,26
journal_a13036715c908b55,Philippine Studies: Historical and Ethnographic Viewpoints,1989,36
journal_a13036715c908b55,Philippine Studies: Historical and Ethnographic Viewpoints,1990,50
journal_a13036715c908b55,Philippine Studies: Historical and Ethnographic Viewpoints,1992,25
journal_a13036715c908b55,Philippine Studies: Historical and Ethnographic Viewpoints,2012,1149
journal_a13036715c908b55,Philippine Studies: Historical and Ethnographic Viewpoints,2013,79
journal_a13036715c908b55,Philippine Studies: Historical and Ethnographic Viewpoints,2014,67
journal_a13036715c908b55,Philippine Studies: Historical and Ethnographic Viewpoints,2015,96
journal_a13036715c908b55,Philippine Studies: Historical and Ethnographic Viewpoints,2016,99
journal_a13036715c908b55,Philippine Studies: Historical and Ethnographic Viewpoints,2017,88
journal_a13036715c908b55,Philippine Studies: Historical and Ethnographic Viewpoints,2018,116
journal_a13036715c908b55,Philippine Studies: Historical and Ethnographic Viewpoints,2019,129
journal_a13036715c908b55,Philippine Studies: Historical and Ethnographic Viewpoints,2020,90
journal_a13036715c908b55,Philippine Studies: Historical and Ethnographic Viewpoints,2021,72
journal_a13036715c908b55,Philippine Studies: Historical and Ethnographic Viewpoints,2022,71
journal_a13036715c908b55,Philippine Studies: Historical and Ethnographic Viewpoints,2023,105
journal_a13036715c908b55,Philippine Studies: Historical and Ethnographic Viewpoints,2024,57
journal_a13036715c908b55,Philippine Studies: Historical and Ethnographic Viewpoints,2025,35
journal_a13036715c908b55,Philippine Studies: Historical and Ethnographic Viewpoints,2026,24
journal_a3c5811a564c9812,Turkish Historical Review,2010,16
journal_a3c5811a564c9812,Turkish Historical Review,2011,15
journal_a3c5811a564c9812,Turkish Historical Review,2012,16
journal_a3c5811a564c9812,Turkish Historical Review,2013,12
journal_a3c5811a564c9812,Turkish Historical Review,2014,16
journal_a3c5811a564c9812,Turkish Historical Review,2015,14
journal_a3c5811a564c9812,Turkish Historical Review,2016,12
journal_a3c5811a564c9812,Turkish Historical Review,2017,12
journal_a3c5811a564c9812,Turkish Historical Review,2018,16
journal_a3c5811a564c9812,Turkish Historical Review,2019,7
journal_a3c5811a564c9812,Turkish Historical Review,2020,20
journal_a3c5811a564c9812,Turkish Historical Review,2021,35
journal_a3c5811a564c9812,Turkish Historical Review,2022,23
journal_a3c5811a564c9812,Turkish Historical Review,2023,23
journal_a3c5811a564c9812,Turkish Historical Review,2024,13
journal_a3c5811a564c9812,Turkish Historical Review,2025,22
journal_a3c5811a564c9812,Turkish Historical Review,2026,9
journal_a43b2d9e9ee6d8b0,Planning Perspectives,1986,20
journal_a43b2d9e9ee6d8b0,Planning Perspectives,1987,19
journal_a43b2d9e9ee6d8b0,Planning Perspectives,1988,22
journal_a43b2d9e9ee6d8b0,Planning Perspectives,1989,21
journal_a43b2d9e9ee6d8b0,Planning Perspectives,1990,24
journal_a43b2d9e9ee6d8b0,Planning Perspectives,1991,21
journal_a43b2d9e9ee6d8b0,Planning Perspectives,1992,25
journal_a43b2d9e9ee6d8b0,Planning Perspectives,1993,25
journal_a43b2d9e9ee6d8b0,Planning Perspectives,1994,23
journal_a43b2d9e9ee6d8b0,Planning Perspectives,1995,25
journal_a43b2d9e9ee6d8b0,Planning Perspectives,1996,21
journal_a43b2d9e9ee6d8b0,Planning Perspectives,1997,21
journal_a43b2d9e9ee6d8b0,Planning Perspectives,1998,22
journal_a43b2d9e9ee6d8b0,Planning Perspectives,1999,21
journal_a43b2d9e9ee6d8b0,Planning Perspectives,2000,21
journal_a43b2d9e9ee6d8b0,Planning Perspectives,2001,20
journal_a43b2d9e9ee6d8b0,Planning Perspectives,2002,24
journal_a43b2d9e9ee6d8b0,Planning Perspectives,2003,24
journal_a43b2d9e9ee6d8b0,Planning Perspectives,2004,26
journal_a43b2d9e9ee6d8b0,Planning Perspectives,2005,24
journal_a43b2d9e9ee6d8b0,Planning Perspectives,2006,25
journal_a43b2d9e9ee6d8b0,Planning Perspectives,2007,25
journal_a43b2d9e9ee6d8b0,Planning Perspectives,2008,37
journal_a43b2d9e9ee6d8b0,Planning Perspectives,2009,40
journal_a43b2d9e9ee6d8b0,Planning Perspectives,2010,36
journal_a43b2d9e9ee6d8b0,Planning Perspectives,2011,42
journal_a43b2d9e9ee6d8b0,Planning Perspectives,2012,77
journal_a43b2d9e9ee6d8b0,Planning Perspectives,2013,95
journal_a43b2d9e9ee6d8b0,Planning Perspectives,2014,96
journal_a43b2d9e9ee6d8b0,Planning Perspectives,2015,74
journal_a43b2d9e9ee6d8b0,Planning Perspectives,2016,66
journal_a43b2d9e9ee6d8b0,Planning Perspectives,2017,100
journal_a43b2d9e9ee6d8b0,Planning Perspectives,2018,91
journal_a43b2d9e9ee6d8b0,Planning Perspectives,2019,94
journal_a43b2d9e9ee6d8b0,Planning Perspectives,2020,66
journal_a43b2d9e9ee6d8b0,Planning Perspectives,2021,80
journal_a43b2d9e9ee6d8b0,Planning Perspectives,2022,97
journal_a43b2d9e9ee6d8b0,Planning Perspectives,2023,85
journal_a43b2d9e9ee6d8b0,Planning Perspectives,2024,99
journal_a43b2d9e9ee6d8b0,Planning Perspectives,2025,119
journal_a43b2d9e9ee6d8b0,Planning Perspectives,2026,110
journal_a47aa9a4395e5225,Zograf,2002,12
journal_a47aa9a4395e5225,Zograf,2005,12
journal_a47aa9a4395e5225,Zograf,2006,18
journal_a47aa9a4395e5225,Zograf,2008,16
journal_a47aa9a4395e5225,Zograf,2009,13
journal_a47aa9a4395e5225,Zograf,2010,12
journal_a47aa9a4395e5225,Zograf,2011,17
journal_a47aa9a4395e5225,Zograf,2012,17
journal_a47aa9a4395e5225,Zograf,2013,11
journal_a47aa9a4395e5225,Zograf,2014,14
journal_a47aa9a4395e5225,Zograf,2015,14
journal_a47aa9a4395e5225,Zograf,2016,9
journal_a47aa9a4395e5225,Zograf,2017,13
journal_a47aa9a4395e5225,Zograf,2018,13
journal_a47aa9a4395e5225,Zograf,2019,12
journal_a47aa9a4395e5225,Zograf,2020,12
journal_a47aa9a4395e5225,Zograf,2021,11
journal_a47aa9a4395e5225,Zograf,2022,12
journal_a47aa9a4395e5225,Zograf,2023,11
journal_a47aa9a4395e5225,Zograf,2024,11
journal_a47aa9a4395e5225,Zograf,2025,11
journal_a5ffa3668c8cb0b3,"Transactions of the Royal Historical
                                Society",1993,2
journal_a5ffa3668c8cb0b3,Transactions of the Royal Historical Society,1872,23
journal_a5ffa3668c8cb0b3,Transactions of the Royal Historical Society,1873,20
journal_a5ffa3668c8cb0b3,Transactions of the Royal Historical Society,1874,15
journal_a5ffa3668c8cb0b3,Transactions of the Royal Historical Society,1876,23
journal_a5ffa3668c8cb0b3,Transactions of the Royal Historical Society,1877,49
journal_a5ffa3668c8cb0b3,Transactions of the Royal Historical Society,1878,19
journal_a5ffa3668c8cb0b3,Transactions of the Royal Historical Society,1880,23
journal_a5ffa3668c8cb0b3,Transactions of the Royal Historical Society,1881,16
journal_a5ffa3668c8cb0b3,Transactions of the Royal Historical Society,1882,18
journal_a5ffa3668c8cb0b3,Transactions of the Royal Historical Society,1883,19
journal_a5ffa3668c8cb0b3,Transactions of the Royal Historical Society,1884,7
journal_a5ffa3668c8cb0b3,Transactions of the Royal Historical Society,1885,23
journal_a5ffa3668c8cb0b3,Transactions of the Royal Historical Society,1886,19
journal_a5ffa3668c8cb0b3,Transactions of the Royal Historical Society,1889,19
journal_a5ffa3668c8cb0b3,Transactions of the Royal Historical Society,1891,13
journal_a5ffa3668c8cb0b3,Transactions of the Royal Historical Society,1892,11
journal_a5ffa3668c8cb0b3,Transactions of the Royal Historical Society,1893,11
journal_a5ffa3668c8cb0b3,Transactions of the Royal Historical Society,1894,12
journal_a5ffa3668c8cb0b3,Transactions of the Royal Historical Society,1895,14
journal_a5ffa3668c8cb0b3,Transactions of the Royal Historical Society,1896,10
journal_a5ffa3668c8cb0b3,Transactions of the Royal Historical Society,1897,14
journal_a5ffa3668c8cb0b3,Transactions of the Royal Historical Society,1898,16
journal_a5ffa3668c8cb0b3,Transactions of the Royal Historical Society,1899,15
journal_a5ffa3668c8cb0b3,Transactions of the Royal Historical Society,1900,17
journal_a5ffa3668c8cb0b3,Transactions of the Royal Historical Society,1901,13
journal_a5ffa3668c8cb0b3,Transactions of the Royal Historical Society,1902,17
journal_a5ffa3668c8cb0b3,Transactions of the Royal Historical Society,1903,18
journal_a5ffa3668c8cb0b3,Transactions of the Royal Historical Society,1904,19
journal_a5ffa3668c8cb0b3,Transactions of the Royal Historical Society,1905,19
journal_a5ffa3668c8cb0b3,Transactions of the Royal Historical Society,1906,13
journal_a5ffa3668c8cb0b3,Transactions of the Royal Historical Society,1907,16
journal_a5ffa3668c8cb0b3,Transactions of the Royal Historical Society,1908,15
journal_a5ffa3668c8cb0b3,Transactions of the Royal Historical Society,1909,17
journal_a5ffa3668c8cb0b3,Transactions of the Royal Historical Society,1910,11
journal_a5ffa3668c8cb0b3,Transactions of the Royal Historical Society,1911,17
journal_a5ffa3668c8cb0b3,Transactions of the Royal Historical Society,1912,16
journal_a5ffa3668c8cb0b3,Transactions of the Royal Historical Society,1913,20
journal_a5ffa3668c8cb0b3,Transactions of the Royal Historical Society,1914,16
journal_a5ffa3668c8cb0b3,Transactions of the Royal Historical Society,1915,17
journal_a5ffa3668c8cb0b3,Transactions of the Royal Historical Society,1916,18
journal_a5ffa3668c8cb0b3,Transactions of the Royal Historical Society,1917,17
journal_a5ffa3668c8cb0b3,Transactions of the Royal Historical Society,1918,21
journal_a5ffa3668c8cb0b3,Transactions of the Royal Historical Society,1919,14
journal_a5ffa3668c8cb0b3,Transactions of the Royal Historical Society,1920,13
journal_a5ffa3668c8cb0b3,Transactions of the Royal Historical Society,1921,20
journal_a5ffa3668c8cb0b3,Transactions of the Royal Historical Society,1922,11
journal_a5ffa3668c8cb0b3,Transactions of the Royal Historical Society,1923,10
journal_a5ffa3668c8cb0b3,Transactions of the Royal Historical Society,1924,13
journal_a5ffa3668c8cb0b3,Transactions of the Royal Historical Society,1925,17
journal_a5ffa3668c8cb0b3,Transactions of the Royal Historical Society,1926,18
journal_a5ffa3668c8cb0b3,Transactions of the Royal Historical Society,1927,19
journal_a5ffa3668c8cb0b3,Transactions of the Royal Historical Society,1928,11
journal_a5ffa3668c8cb0b3,Transactions of the Royal Historical Society,1929,11
journal_a5ffa3668c8cb0b3,Transactions of the Royal Historical Society,1930,12
journal_a5ffa3668c8cb0b3,Transactions of the Royal Historical Society,1931,14
journal_a5ffa3668c8cb0b3,Transactions of the Royal Historical Society,1932,17
journal_a5ffa3668c8cb0b3,Transactions of the Royal Historical Society,1933,14
journal_a5ffa3668c8cb0b3,Transactions of the Royal Historical Society,1934,13
journal_a5ffa3668c8cb0b3,Transactions of the Royal Historical Society,1935,12
journal_a5ffa3668c8cb0b3,Transactions of the Royal Historical Society,1936,13
journal_a5ffa3668c8cb0b3,Transactions of the Royal Historical Society,1937,13
journal_a5ffa3668c8cb0b3,Transactions of the Royal Historical Society,1939,11
journal_a5ffa3668c8cb0b3,Transactions of the Royal Historical Society,1940,13
journal_a5ffa3668c8cb0b3,Transactions of the Royal Historical Society,1941,11
journal_a5ffa3668c8cb0b3,Transactions of the Royal Historical Society,1942,10
journal_a5ffa3668c8cb0b3,Transactions of the Royal Historical Society,1943,10
journal_a5ffa3668c8cb0b3,Transactions of the Royal Historical Society,1944,8
journal_a5ffa3668c8cb0b3,Transactions of the Royal Historical Society,1945,12
journal_a5ffa3668c8cb0b3,Transactions of the Royal Historical Society,1946,12
journal_a5ffa3668c8cb0b3,Transactions of the Royal Historical Society,1947,18
journal_a5ffa3668c8cb0b3,Transactions of the Royal Historical Society,1948,16
journal_a5ffa3668c8cb0b3,Transactions of the Royal Historical Society,1949,16
journal_a5ffa3668c8cb0b3,Transactions of the Royal Historical Society,1950,16
journal_a5ffa3668c8cb0b3,Transactions of the Royal Historical Society,1951,16
journal_a5ffa3668c8cb0b3,Transactions of the Royal Historical Society,1952,15
journal_a5ffa3668c8cb0b3,Transactions of the Royal Historical Society,1953,9
journal_a5ffa3668c8cb0b3,Transactions of the Royal Historical Society,1954,14
journal_a5ffa3668c8cb0b3,Transactions of the Royal Historical Society,1955,15
journal_a5ffa3668c8cb0b3,Transactions of the Royal Historical Society,1956,15
journal_a5ffa3668c8cb0b3,Transactions of the Royal Historical Society,1957,14
journal_a5ffa3668c8cb0b3,Transactions of the Royal Historical Society,1958,14
journal_a5ffa3668c8cb0b3,Transactions of the Royal Historical Society,1959,14
journal_a5ffa3668c8cb0b3,Transactions of the Royal Historical Society,1960,17
journal_a5ffa3668c8cb0b3,Transactions of the Royal Historical Society,1961,18
journal_a5ffa3668c8cb0b3,Transactions of the Royal Historical Society,1962,18
journal_a5ffa3668c8cb0b3,Transactions of the Royal Historical Society,1963,18
journal_a5ffa3668c8cb0b3,Transactions of the Royal Historical Society,1964,18
journal_a5ffa3668c8cb0b3,Transactions of the Royal Historical Society,1965,18
journal_a5ffa3668c8cb0b3,Transactions of the Royal Historical Society,1966,18
journal_a5ffa3668c8cb0b3,Transactions of the Royal Historical Society,1967,17
journal_a5ffa3668c8cb0b3,Transactions of the Royal Historical Society,1968,18
journal_a5ffa3668c8cb0b3,Transactions of the Royal Historical Society,1969,17
journal_a5ffa3668c8cb0b3,Transactions of the Royal Historical Society,1970,18
journal_a5ffa3668c8cb0b3,Transactions of the Royal Historical Society,1971,18
journal_a5ffa3668c8cb0b3,Transactions of the Royal Historical Society,1972,19
journal_a5ffa3668c8cb0b3,Transactions of the Royal Historical Society,1973,20
journal_a5ffa3668c8cb0b3,Transactions of the Royal Historical Society,1974,19
journal_a5ffa3668c8cb0b3,Transactions of the Royal Historical Society,1975,20
journal_a5ffa3668c8cb0b3,Transactions of the Royal Historical Society,1976,20
journal_a5ffa3668c8cb0b3,Transactions of the Royal Historical Society,1977,19
journal_a5ffa3668c8cb0b3,Transactions of the Royal Historical Society,1978,20
journal_a5ffa3668c8cb0b3,Transactions of the Royal Historical Society,1979,20
journal_a5ffa3668c8cb0b3,Transactions of the Royal Historical Society,1980,20
journal_a5ffa3668c8cb0b3,Transactions of the Royal Historical Society,1981,22
journal_a5ffa3668c8cb0b3,Transactions of the Royal Historical Society,1982,27
journal_a5ffa3668c8cb0b3,Transactions of the Royal Historical Society,1983,20
journal_a5ffa3668c8cb0b3,Transactions of the Royal Historical Society,1984,19
journal_a5ffa3668c8cb0b3,Transactions of the Royal Historical Society,1985,23
journal_a5ffa3668c8cb0b3,Transactions of the Royal Historical Society,1986,19
journal_a5ffa3668c8cb0b3,Transactions of the Royal Historical Society,1987,22
journal_a5ffa3668c8cb0b3,Transactions of the Royal Historical Society,1988,21
journal_a5ffa3668c8cb0b3,Transactions of the Royal Historical Society,1989,20
journal_a5ffa3668c8cb0b3,Transactions of the Royal Historical Society,1990,23
journal_a5ffa3668c8cb0b3,Transactions of the Royal Historical Society,1991,15
journal_a5ffa3668c8cb0b3,Transactions of the Royal Historical Society,1992,13
journal_a5ffa3668c8cb0b3,Transactions of the Royal Historical Society,1993,11
journal_a5ffa3668c8cb0b3,Transactions of the Royal Historical Society,1994,15
journal_a5ffa3668c8cb0b3,Transactions of the Royal Historical Society,1995,13
journal_a5ffa3668c8cb0b3,Transactions of the Royal Historical Society,1996,17
journal_a5ffa3668c8cb0b3,Transactions of the Royal Historical Society,1997,18
journal_a5ffa3668c8cb0b3,Transactions of the Royal Historical Society,1998,18
journal_a5ffa3668c8cb0b3,Transactions of the Royal Historical Society,1999,23
journal_a5ffa3668c8cb0b3,Transactions of the Royal Historical Society,2000,19
journal_a5ffa3668c8cb0b3,Transactions of the Royal Historical Society,2001,22
journal_a5ffa3668c8cb0b3,Transactions of the Royal Historical Society,2002,19
journal_a5ffa3668c8cb0b3,Transactions of the Royal Historical Society,2003,24
journal_a5ffa3668c8cb0b3,Transactions of the Royal Historical Society,2004,28
journal_a5ffa3668c8cb0b3,Transactions of the Royal Historical Society,2005,8
journal_a5ffa3668c8cb0b3,Transactions of the Royal Historical Society,2006,7
journal_a5ffa3668c8cb0b3,Transactions of the Royal Historical Society,2007,7
journal_a5ffa3668c8cb0b3,Transactions of the Royal Historical Society,2008,8
journal_a5ffa3668c8cb0b3,Transactions of the Royal Historical Society,2009,8
journal_a5ffa3668c8cb0b3,Transactions of the Royal Historical Society,2010,12
journal_a5ffa3668c8cb0b3,Transactions of the Royal Historical Society,2011,10
journal_a5ffa3668c8cb0b3,Transactions of the Royal Historical Society,2012,12
journal_a5ffa3668c8cb0b3,Transactions of the Royal Historical Society,2013,12
journal_a5ffa3668c8cb0b3,Transactions of the Royal Historical Society,2014,11
journal_a5ffa3668c8cb0b3,Transactions of the Royal Historical Society,2015,10
journal_a5ffa3668c8cb0b3,Transactions of the Royal Historical Society,2016,10
journal_a5ffa3668c8cb0b3,Transactions of the Royal Historical Society,2017,12
journal_a5ffa3668c8cb0b3,Transactions of the Royal Historical Society,2018,14
journal_a5ffa3668c8cb0b3,Transactions of the Royal Historical Society,2019,14
journal_a5ffa3668c8cb0b3,Transactions of the Royal Historical Society,2020,8
journal_a5ffa3668c8cb0b3,Transactions of the Royal Historical Society,2021,7
journal_a5ffa3668c8cb0b3,Transactions of the Royal Historical Society,2022,17
journal_a5ffa3668c8cb0b3,Transactions of the Royal Historical Society,2023,28
journal_a5ffa3668c8cb0b3,Transactions of the Royal Historical Society,2024,21
journal_a5ffa3668c8cb0b3,Transactions of the Royal Historical Society,2025,43
journal_a5ffa3668c8cb0b3,Transactions of the Royal Historical Society,2026,26
journal_a60d063c840e1fcd,The Journal of African History,1960,65
journal_a60d063c840e1fcd,The Journal of African History,1961,60
journal_a60d063c840e1fcd,The Journal of African History,1962,95
journal_a60d063c840e1fcd,The Journal of African History,1963,79
journal_a60d063c840e1fcd,The Journal of African History,1964,80
journal_a60d063c840e1fcd,The Journal of African History,1965,73
journal_a60d063c840e1fcd,The Journal of African History,1966,74
journal_a60d063c840e1fcd,The Journal of African History,1967,93
journal_a60d063c840e1fcd,The Journal of African History,1968,92
journal_a60d063c840e1fcd,The Journal of African History,1969,95
journal_a60d063c840e1fcd,The Journal of African History,1970,92
journal_a60d063c840e1fcd,The Journal of African History,1971,99
journal_a60d063c840e1fcd,The Journal of African History,1972,95
journal_a60d063c840e1fcd,The Journal of African History,1973,106
journal_a60d063c840e1fcd,The Journal of African History,1974,114
journal_a60d063c840e1fcd,The Journal of African History,1975,84
journal_a60d063c840e1fcd,The Journal of African History,1976,97
journal_a60d063c840e1fcd,The Journal of African History,1977,98
journal_a60d063c840e1fcd,The Journal of African History,1978,119
journal_a60d063c840e1fcd,The Journal of African History,1979,117
journal_a60d063c840e1fcd,The Journal of African History,1980,115
journal_a60d063c840e1fcd,The Journal of African History,1981,123
journal_a60d063c840e1fcd,The Journal of African History,1982,125
journal_a60d063c840e1fcd,The Journal of African History,1983,120
journal_a60d063c840e1fcd,The Journal of African History,1984,111
journal_a60d063c840e1fcd,The Journal of African History,1985,111
journal_a60d063c840e1fcd,The Journal of African History,1986,86
journal_a60d063c840e1fcd,The Journal of African History,1987,113
journal_a60d063c840e1fcd,The Journal of African History,1988,120
journal_a60d063c840e1fcd,The Journal of African History,1989,95
journal_a60d063c840e1fcd,The Journal of African History,1990,97
journal_a60d063c840e1fcd,The Journal of African History,1991,94
journal_a60d063c840e1fcd,The Journal of African History,1992,115
journal_a60d063c840e1fcd,The Journal of African History,1993,112
journal_a60d063c840e1fcd,The Journal of African History,1994,101
journal_a60d063c840e1fcd,The Journal of African History,1995,101
journal_a60d063c840e1fcd,The Journal of African History,1996,117
journal_a60d063c840e1fcd,The Journal of African History,1997,132
journal_a60d063c840e1fcd,The Journal of African History,1998,79
journal_a60d063c840e1fcd,The Journal of African History,1999,134
journal_a60d063c840e1fcd,The Journal of African History,2000,107
journal_a60d063c840e1fcd,The Journal of African History,2001,124
journal_a60d063c840e1fcd,The Journal of African History,2002,125
journal_a60d063c840e1fcd,The Journal of African History,2003,114
journal_a60d063c840e1fcd,The Journal of African History,2004,122
journal_a60d063c840e1fcd,The Journal of African History,2005,113
journal_a60d063c840e1fcd,The Journal of African History,2006,97
journal_a60d063c840e1fcd,The Journal of African History,2007,73
journal_a60d063c840e1fcd,The Journal of African History,2008,77
journal_a60d063c840e1fcd,The Journal of African History,2009,80
journal_a60d063c840e1fcd,The Journal of African History,2010,69
journal_a60d063c840e1fcd,The Journal of African History,2011,60
journal_a60d063c840e1fcd,The Journal of African History,2012,66
journal_a60d063c840e1fcd,The Journal of African History,2013,78
journal_a60d063c840e1fcd,The Journal of African History,2014,81
journal_a60d063c840e1fcd,The Journal of African History,2015,76
journal_a60d063c840e1fcd,The Journal of African History,2016,86
journal_a60d063c840e1fcd,The Journal of African History,2017,103
journal_a60d063c840e1fcd,The Journal of African History,2018,112
journal_a60d063c840e1fcd,The Journal of African History,2019,97
journal_a60d063c840e1fcd,The Journal of African History,2020,77
journal_a60d063c840e1fcd,The Journal of African History,2021,73
journal_a60d063c840e1fcd,The Journal of African History,2022,75
journal_a60d063c840e1fcd,The Journal of African History,2023,70
journal_a60d063c840e1fcd,The Journal of African History,2024,57
journal_a60d063c840e1fcd,The Journal of African History,2025,29
journal_a60d063c840e1fcd,The Journal of African History,2026,25
journal_a67e93621de863b1,Geschichte und Gesellschaft,2007,24
journal_a67e93621de863b1,Geschichte und Gesellschaft,2008,24
journal_a67e93621de863b1,Geschichte und Gesellschaft,2009,24
journal_a67e93621de863b1,Geschichte und Gesellschaft,2010,28
journal_a67e93621de863b1,Geschichte und Gesellschaft,2011,31
journal_a67e93621de863b1,Geschichte und Gesellschaft,2012,33
journal_a67e93621de863b1,Geschichte und Gesellschaft,2013,33
journal_a67e93621de863b1,Geschichte und Gesellschaft,2014,34
journal_a67e93621de863b1,Geschichte und Gesellschaft,2015,32
journal_a67e93621de863b1,Geschichte und Gesellschaft,2016,33
journal_a67e93621de863b1,Geschichte und Gesellschaft,2017,32
journal_a67e93621de863b1,Geschichte und Gesellschaft,2018,34
journal_a67e93621de863b1,Geschichte und Gesellschaft,2019,34
journal_a67e93621de863b1,Geschichte und Gesellschaft,2020,51
journal_a67e93621de863b1,Geschichte und Gesellschaft,2021,38
journal_a67e93621de863b1,Geschichte und Gesellschaft,2022,37
journal_a67e93621de863b1,Geschichte und Gesellschaft,2023,39
journal_a67e93621de863b1,Geschichte und Gesellschaft,2024,33
journal_a67e93621de863b1,Geschichte und Gesellschaft,2025,28
journal_a6e068f32590fd4a,Journal of Sport History,2010,101
journal_a6e068f32590fd4a,Journal of Sport History,2011,113
journal_a6e068f32590fd4a,Journal of Sport History,2012,113
journal_a6e068f32590fd4a,Journal of Sport History,2013,107
journal_a6e068f32590fd4a,Journal of Sport History,2014,110
journal_a6e068f32590fd4a,Journal of Sport History,2015,132
journal_a6e068f32590fd4a,Journal of Sport History,2016,118
journal_a6e068f32590fd4a,Journal of Sport History,2017,121
journal_a6e068f32590fd4a,Journal of Sport History,2018,108
journal_a6e068f32590fd4a,Journal of Sport History,2019,71
journal_a6e068f32590fd4a,Journal of Sport History,2020,83
journal_a6e068f32590fd4a,Journal of Sport History,2021,58
journal_a6e068f32590fd4a,Journal of Sport History,2022,83
journal_a6e068f32590fd4a,Journal of Sport History,2023,65
journal_a6e068f32590fd4a,Journal of Sport History,2024,60
journal_a6e068f32590fd4a,Journal of Sport History,2025,63
journal_a6e068f32590fd4a,Journal of Sport History,2026,45
journal_a8aa6b4722fceb2e,Scandinavian Economic History Review,1953,16
journal_a8aa6b4722fceb2e,Scandinavian Economic History Review,1954,11
journal_a8aa6b4722fceb2e,Scandinavian Economic History Review,1955,14
journal_a8aa6b4722fceb2e,Scandinavian Economic History Review,1956,15
journal_a8aa6b4722fceb2e,Scandinavian Economic History Review,1957,11
journal_a8aa6b4722fceb2e,Scandinavian Economic History Review,1958,14
journal_a8aa6b4722fceb2e,Scandinavian Economic History Review,1959,14
journal_a8aa6b4722fceb2e,Scandinavian Economic History Review,1960,12
journal_a8aa6b4722fceb2e,Scandinavian Economic History Review,1961,12
journal_a8aa6b4722fceb2e,Scandinavian Economic History Review,1962,17
journal_a8aa6b4722fceb2e,Scandinavian Economic History Review,1963,11
journal_a8aa6b4722fceb2e,Scandinavian Economic History Review,1964,13
journal_a8aa6b4722fceb2e,Scandinavian Economic History Review,1965,9
journal_a8aa6b4722fceb2e,Scandinavian Economic History Review,1966,11
journal_a8aa6b4722fceb2e,Scandinavian Economic History Review,1967,13
journal_a8aa6b4722fceb2e,Scandinavian Economic History Review,1968,25
journal_a8aa6b4722fceb2e,Scandinavian Economic History Review,1969,10
journal_a8aa6b4722fceb2e,Scandinavian Economic History Review,1970,33
journal_a8aa6b4722fceb2e,Scandinavian Economic History Review,1971,16
journal_a8aa6b4722fceb2e,Scandinavian Economic History Review,1972,18
journal_a8aa6b4722fceb2e,Scandinavian Economic History Review,1973,10
journal_a8aa6b4722fceb2e,Scandinavian Economic History Review,1974,10
journal_a8aa6b4722fceb2e,Scandinavian Economic History Review,1975,10
journal_a8aa6b4722fceb2e,Scandinavian Economic History Review,1976,33
journal_a8aa6b4722fceb2e,Scandinavian Economic History Review,1977,31
journal_a8aa6b4722fceb2e,Scandinavian Economic History Review,1978,28
journal_a8aa6b4722fceb2e,Scandinavian Economic History Review,1979,31
journal_a8aa6b4722fceb2e,Scandinavian Economic History Review,1980,25
journal_a8aa6b4722fceb2e,Scandinavian Economic History Review,1981,34
journal_a8aa6b4722fceb2e,Scandinavian Economic History Review,1982,17
journal_a8aa6b4722fceb2e,Scandinavian Economic History Review,1983,13
journal_a8aa6b4722fceb2e,Scandinavian Economic History Review,1984,11
journal_a8aa6b4722fceb2e,Scandinavian Economic History Review,1985,12
journal_a8aa6b4722fceb2e,Scandinavian Economic History Review,1986,17
journal_a8aa6b4722fceb2e,Scandinavian Economic History Review,1987,14
journal_a8aa6b4722fceb2e,Scandinavian Economic History Review,1988,19
journal_a8aa6b4722fceb2e,Scandinavian Economic History Review,1989,23
journal_a8aa6b4722fceb2e,Scandinavian Economic History Review,1990,19
journal_a8aa6b4722fceb2e,Scandinavian Economic History Review,1991,17
journal_a8aa6b4722fceb2e,Scandinavian Economic History Review,1992,20
journal_a8aa6b4722fceb2e,Scandinavian Economic History Review,1993,18
journal_a8aa6b4722fceb2e,Scandinavian Economic History Review,1994,17
journal_a8aa6b4722fceb2e,Scandinavian Economic History Review,1995,17
journal_a8aa6b4722fceb2e,Scandinavian Economic History Review,1996,17
journal_a8aa6b4722fceb2e,Scandinavian Economic History Review,1997,16
journal_a8aa6b4722fceb2e,Scandinavian Economic History Review,1998,22
journal_a8aa6b4722fceb2e,Scandinavian Economic History Review,1999,20
journal_a8aa6b4722fceb2e,Scandinavian Economic History Review,2000,17
journal_a8aa6b4722fceb2e,Scandinavian Economic History Review,2001,17
journal_a8aa6b4722fceb2e,Scandinavian Economic History Review,2002,29
journal_a8aa6b4722fceb2e,Scandinavian Economic History Review,2003,20
journal_a8aa6b4722fceb2e,Scandinavian Economic History Review,2004,19
journal_a8aa6b4722fceb2e,Scandinavian Economic History Review,2005,21
journal_a8aa6b4722fceb2e,Scandinavian Economic History Review,2006,48
journal_a8aa6b4722fceb2e,Scandinavian Economic History Review,2007,32
journal_a8aa6b4722fceb2e,Scandinavian Economic History Review,2008,36
journal_a8aa6b4722fceb2e,Scandinavian Economic History Review,2009,39
journal_a8aa6b4722fceb2e,Scandinavian Economic History Review,2010,39
journal_a8aa6b4722fceb2e,Scandinavian Economic History Review,2011,46
journal_a8aa6b4722fceb2e,Scandinavian Economic History Review,2012,24
journal_a8aa6b4722fceb2e,Scandinavian Economic History Review,2013,24
journal_a8aa6b4722fceb2e,Scandinavian Economic History Review,2014,26
journal_a8aa6b4722fceb2e,Scandinavian Economic History Review,2015,16
journal_a8aa6b4722fceb2e,Scandinavian Economic History Review,2016,36
journal_a8aa6b4722fceb2e,Scandinavian Economic History Review,2017,30
journal_a8aa6b4722fceb2e,Scandinavian Economic History Review,2018,37
journal_a8aa6b4722fceb2e,Scandinavian Economic History Review,2019,24
journal_a8aa6b4722fceb2e,Scandinavian Economic History Review,2020,27
journal_a8aa6b4722fceb2e,Scandinavian Economic History Review,2021,39
journal_a8aa6b4722fceb2e,Scandinavian Economic History Review,2022,26
journal_a8aa6b4722fceb2e,Scandinavian Economic History Review,2023,13
journal_a8aa6b4722fceb2e,Scandinavian Economic History Review,2024,15
journal_a8aa6b4722fceb2e,Scandinavian Economic History Review,2025,18
journal_a8aa6b4722fceb2e,Scandinavian Economic History Review,2026,17
journal_aa1243d525819115,The Economic History Review,1927,30
journal_aa1243d525819115,The Economic History Review,1928,32
journal_aa1243d525819115,The Economic History Review,1929,34
journal_aa1243d525819115,The Economic History Review,1930,36
journal_aa1243d525819115,The Economic History Review,1931,58
journal_aa1243d525819115,The Economic History Review,1932,52
journal_aa1243d525819115,The Economic History Review,1933,47
journal_aa1243d525819115,The Economic History Review,1934,60
journal_aa1243d525819115,The Economic History Review,1935,107
journal_aa1243d525819115,The Economic History Review,1936,85
journal_aa1243d525819115,The Economic History Review,1937,89
journal_aa1243d525819115,The Economic History Review,1938,88
journal_aa1243d525819115,The Economic History Review,1939,48
journal_aa1243d525819115,The Economic History Review,1940,75
journal_aa1243d525819115,The Economic History Review,1941,29
journal_aa1243d525819115,The Economic History Review,1942,44
journal_aa1243d525819115,The Economic History Review,1943,51
journal_aa1243d525819115,The Economic History Review,1944,65
journal_aa1243d525819115,The Economic History Review,1945,36
journal_aa1243d525819115,The Economic History Review,1946,59
journal_aa1243d525819115,The Economic History Review,1947,58
journal_aa1243d525819115,The Economic History Review,1948,76
journal_aa1243d525819115,The Economic History Review,1949,91
journal_aa1243d525819115,The Economic History Review,1950,100
journal_aa1243d525819115,The Economic History Review,1951,107
journal_aa1243d525819115,The Economic History Review,1952,142
journal_aa1243d525819115,The Economic History Review,1953,119
journal_aa1243d525819115,The Economic History Review,1954,133
journal_aa1243d525819115,The Economic History Review,1955,125
journal_aa1243d525819115,The Economic History Review,1956,207
journal_aa1243d525819115,The Economic History Review,1957,101
journal_aa1243d525819115,The Economic History Review,1958,247
journal_aa1243d525819115,The Economic History Review,1959,228
journal_aa1243d525819115,The Economic History Review,1960,184
journal_aa1243d525819115,The Economic History Review,1961,201
journal_aa1243d525819115,The Economic History Review,1962,186
journal_aa1243d525819115,The Economic History Review,1963,216
journal_aa1243d525819115,The Economic History Review,1964,214
journal_aa1243d525819115,The Economic History Review,1965,239
journal_aa1243d525819115,The Economic History Review,1966,211
journal_aa1243d525819115,The Economic History Review,1967,223
journal_aa1243d525819115,The Economic History Review,1968,206
journal_aa1243d525819115,The Economic History Review,1969,253
journal_aa1243d525819115,The Economic History Review,1970,228
journal_aa1243d525819115,The Economic History Review,1971,322
journal_aa1243d525819115,The Economic History Review,1972,308
journal_aa1243d525819115,The Economic History Review,1973,249
journal_aa1243d525819115,The Economic History Review,1974,234
journal_aa1243d525819115,The Economic History Review,1975,271
journal_aa1243d525819115,The Economic History Review,1976,247
journal_aa1243d525819115,The Economic History Review,1977,212
journal_aa1243d525819115,The Economic History Review,1978,238
journal_aa1243d525819115,The Economic History Review,1979,203
journal_aa1243d525819115,The Economic History Review,1980,205
journal_aa1243d525819115,The Economic History Review,1981,237
journal_aa1243d525819115,The Economic History Review,1982,207
journal_aa1243d525819115,The Economic History Review,1983,206
journal_aa1243d525819115,The Economic History Review,1984,225
journal_aa1243d525819115,The Economic History Review,1985,223
journal_aa1243d525819115,The Economic History Review,1986,195
journal_aa1243d525819115,The Economic History Review,1987,214
journal_aa1243d525819115,The Economic History Review,1988,186
journal_aa1243d525819115,The Economic History Review,1989,210
journal_aa1243d525819115,The Economic History Review,1990,210
journal_aa1243d525819115,The Economic History Review,1991,236
journal_aa1243d525819115,The Economic History Review,1992,216
journal_aa1243d525819115,The Economic History Review,1993,172
journal_aa1243d525819115,The Economic History Review,1994,192
journal_aa1243d525819115,The Economic History Review,1995,218
journal_aa1243d525819115,The Economic History Review,1996,201
journal_aa1243d525819115,The Economic History Review,1997,42
journal_aa1243d525819115,The Economic History Review,1998,39
journal_aa1243d525819115,The Economic History Review,1999,38
journal_aa1243d525819115,The Economic History Review,2000,35
journal_aa1243d525819115,The Economic History Review,2001,35
journal_aa1243d525819115,The Economic History Review,2002,32
journal_aa1243d525819115,The Economic History Review,2003,35
journal_aa1243d525819115,The Economic History Review,2004,79
journal_aa1243d525819115,The Economic History Review,2005,87
journal_aa1243d525819115,The Economic History Review,2006,115
journal_aa1243d525819115,The Economic History Review,2007,173
journal_aa1243d525819115,The Economic History Review,2008,170
journal_aa1243d525819115,The Economic History Review,2009,230
journal_aa1243d525819115,The Economic History Review,2010,150
journal_aa1243d525819115,The Economic History Review,2011,235
journal_aa1243d525819115,The Economic History Review,2012,208
journal_aa1243d525819115,The Economic History Review,2013,135
journal_aa1243d525819115,The Economic History Review,2014,176
journal_aa1243d525819115,The Economic History Review,2015,188
journal_aa1243d525819115,The Economic History Review,2016,182
journal_aa1243d525819115,The Economic History Review,2017,183
journal_aa1243d525819115,The Economic History Review,2018,171
journal_aa1243d525819115,The Economic History Review,2019,122
journal_aa1243d525819115,The Economic History Review,2020,111
journal_aa1243d525819115,The Economic History Review,2021,94
journal_aa1243d525819115,The Economic History Review,2022,100
journal_aa1243d525819115,The Economic History Review,2023,78
journal_aa1243d525819115,The Economic History Review,2024,105
journal_aa1243d525819115,The Economic History Review,2025,98
journal_aa1243d525819115,The Economic History Review,2026,72
journal_ab2613b233799692,Quaerendo,1971,36
journal_ab2613b233799692,Quaerendo,1972,33
journal_ab2613b233799692,Quaerendo,1973,39
journal_ab2613b233799692,Quaerendo,1974,35
journal_ab2613b233799692,Quaerendo,1975,31
journal_ab2613b233799692,Quaerendo,1976,29
journal_ab2613b233799692,Quaerendo,1977,31
journal_ab2613b233799692,Quaerendo,1978,22
journal_ab2613b233799692,Quaerendo,1979,31
journal_ab2613b233799692,Quaerendo,1980,23
journal_ab2613b233799692,Quaerendo,1981,31
journal_ab2613b233799692,Quaerendo,1982,29
journal_ab2613b233799692,Quaerendo,1983,26
journal_ab2613b233799692,Quaerendo,1984,24
journal_ab2613b233799692,Quaerendo,1985,26
journal_ab2613b233799692,Quaerendo,1986,24
journal_ab2613b233799692,Quaerendo,1987,17
journal_ab2613b233799692,Quaerendo,1988,23
journal_ab2613b233799692,Quaerendo,1989,13
journal_ab2613b233799692,Quaerendo,1990,21
journal_ab2613b233799692,Quaerendo,1991,20
journal_ab2613b233799692,Quaerendo,1992,36
journal_ab2613b233799692,Quaerendo,1993,26
journal_ab2613b233799692,Quaerendo,1994,25
journal_ab2613b233799692,Quaerendo,1995,24
journal_ab2613b233799692,Quaerendo,1996,19
journal_ab2613b233799692,Quaerendo,1997,19
journal_ab2613b233799692,Quaerendo,1998,23
journal_ab2613b233799692,Quaerendo,1999,22
journal_ab2613b233799692,Quaerendo,2000,30
journal_ab2613b233799692,Quaerendo,2001,22
journal_ab2613b233799692,Quaerendo,2002,25
journal_ab2613b233799692,Quaerendo,2003,22
journal_ab2613b233799692,Quaerendo,2004,15
journal_ab2613b233799692,Quaerendo,2005,15
journal_ab2613b233799692,Quaerendo,2006,25
journal_ab2613b233799692,Quaerendo,2007,31
journal_ab2613b233799692,Quaerendo,2008,31
journal_ab2613b233799692,Quaerendo,2009,16
journal_ab2613b233799692,Quaerendo,2010,19
journal_ab2613b233799692,Quaerendo,2011,38
journal_ab2613b233799692,Quaerendo,2012,32
journal_ab2613b233799692,Quaerendo,2013,21
journal_ab2613b233799692,Quaerendo,2014,27
journal_ab2613b233799692,Quaerendo,2015,25
journal_ab2613b233799692,Quaerendo,2016,31
journal_ab2613b233799692,Quaerendo,2017,22
journal_ab2613b233799692,Quaerendo,2018,32
journal_ab2613b233799692,Quaerendo,2019,27
journal_ab2613b233799692,Quaerendo,2020,22
journal_ab2613b233799692,Quaerendo,2021,22
journal_ab2613b233799692,Quaerendo,2022,25
journal_ab2613b233799692,Quaerendo,2023,8
journal_ab2613b233799692,Quaerendo,2024,8
journal_ab2613b233799692,Quærendo,2024,1
journal_ab2613b233799692,Quærendo,2025,23
journal_ab2613b233799692,Quærendo,2026,16
journal_abdcba84ad2aa0dc,The British Journal for the History of Science,1962,28
journal_abdcba84ad2aa0dc,The British Journal for the History of Science,1963,35
journal_abdcba84ad2aa0dc,The British Journal for the History of Science,1964,38
journal_abdcba84ad2aa0dc,The British Journal for the History of Science,1965,47
journal_abdcba84ad2aa0dc,The British Journal for the History of Science,1966,53
journal_abdcba84ad2aa0dc,The British Journal for the History of Science,1967,49
journal_abdcba84ad2aa0dc,The British Journal for the History of Science,1968,63
journal_abdcba84ad2aa0dc,The British Journal for the History of Science,1969,67
journal_abdcba84ad2aa0dc,The British Journal for the History of Science,1970,61
journal_abdcba84ad2aa0dc,The British Journal for the History of Science,1971,75
journal_abdcba84ad2aa0dc,The British Journal for the History of Science,1972,58
journal_abdcba84ad2aa0dc,The British Journal for the History of Science,1973,60
journal_abdcba84ad2aa0dc,The British Journal for the History of Science,1974,83
journal_abdcba84ad2aa0dc,The British Journal for the History of Science,1975,79
journal_abdcba84ad2aa0dc,The British Journal for the History of Science,1976,61
journal_abdcba84ad2aa0dc,The British Journal for the History of Science,1977,82
journal_abdcba84ad2aa0dc,The British Journal for the History of Science,1978,81
journal_abdcba84ad2aa0dc,The British Journal for the History of Science,1979,65
journal_abdcba84ad2aa0dc,The British Journal for the History of Science,1980,81
journal_abdcba84ad2aa0dc,The British Journal for the History of Science,1981,64
journal_abdcba84ad2aa0dc,The British Journal for the History of Science,1982,59
journal_abdcba84ad2aa0dc,The British Journal for the History of Science,1983,107
journal_abdcba84ad2aa0dc,The British Journal for the History of Science,1984,125
journal_abdcba84ad2aa0dc,The British Journal for the History of Science,1985,105
journal_abdcba84ad2aa0dc,The British Journal for the History of Science,1986,101
journal_abdcba84ad2aa0dc,The British Journal for the History of Science,1987,113
journal_abdcba84ad2aa0dc,The British Journal for the History of Science,1988,114
journal_abdcba84ad2aa0dc,The British Journal for the History of Science,1989,127
journal_abdcba84ad2aa0dc,The British Journal for the History of Science,1990,145
journal_abdcba84ad2aa0dc,The British Journal for the History of Science,1991,129
journal_abdcba84ad2aa0dc,The British Journal for the History of Science,1992,141
journal_abdcba84ad2aa0dc,The British Journal for the History of Science,1993,149
journal_abdcba84ad2aa0dc,The British Journal for the History of Science,1994,99
journal_abdcba84ad2aa0dc,The British Journal for the History of Science,1995,116
journal_abdcba84ad2aa0dc,The British Journal for the History of Science,1996,108
journal_abdcba84ad2aa0dc,The British Journal for the History of Science,1997,54
journal_abdcba84ad2aa0dc,The British Journal for the History of Science,1998,84
journal_abdcba84ad2aa0dc,The British Journal for the History of Science,1999,60
journal_abdcba84ad2aa0dc,The British Journal for the History of Science,2000,57
journal_abdcba84ad2aa0dc,The British Journal for the History of Science,2001,71
journal_abdcba84ad2aa0dc,The British Journal for the History of Science,2002,98
journal_abdcba84ad2aa0dc,The British Journal for the History of Science,2003,88
journal_abdcba84ad2aa0dc,The British Journal for the History of Science,2004,112
journal_abdcba84ad2aa0dc,The British Journal for the History of Science,2005,96
journal_abdcba84ad2aa0dc,The British Journal for the History of Science,2006,124
journal_abdcba84ad2aa0dc,The British Journal for the History of Science,2007,114
journal_abdcba84ad2aa0dc,The British Journal for the History of Science,2008,113
journal_abdcba84ad2aa0dc,The British Journal for the History of Science,2009,125
journal_abdcba84ad2aa0dc,The British Journal for the History of Science,2010,114
journal_abdcba84ad2aa0dc,The British Journal for the History of Science,2011,123
journal_abdcba84ad2aa0dc,The British Journal for the History of Science,2012,135
journal_abdcba84ad2aa0dc,The British Journal for the History of Science,2013,95
journal_abdcba84ad2aa0dc,The British Journal for the History of Science,2014,96
journal_abdcba84ad2aa0dc,The British Journal for the History of Science,2015,111
journal_abdcba84ad2aa0dc,The British Journal for the History of Science,2016,133
journal_abdcba84ad2aa0dc,The British Journal for the History of Science,2017,104
journal_abdcba84ad2aa0dc,The British Journal for the History of Science,2018,94
journal_abdcba84ad2aa0dc,The British Journal for the History of Science,2019,89
journal_abdcba84ad2aa0dc,The British Journal for the History of Science,2020,63
journal_abdcba84ad2aa0dc,The British Journal for the History of Science,2021,71
journal_abdcba84ad2aa0dc,The British Journal for the History of Science,2022,49
journal_abdcba84ad2aa0dc,The British Journal for the History of Science,2023,108
journal_abdcba84ad2aa0dc,The British Journal for the History of Science,2024,155
journal_abdcba84ad2aa0dc,The British Journal for the History of Science,2025,136
journal_abdcba84ad2aa0dc,The British Journal for the History of Science,2026,37
journal_abfd10f3a0d4ea8e,Irish Economic and Social History,1974,16
journal_abfd10f3a0d4ea8e,Irish Economic and Social History,1975,14
journal_abfd10f3a0d4ea8e,Irish Economic and Social History,1976,15
journal_abfd10f3a0d4ea8e,Irish Economic and Social History,1977,14
journal_abfd10f3a0d4ea8e,Irish Economic and Social History,1978,19
journal_abfd10f3a0d4ea8e,Irish Economic and Social History,1979,20
journal_abfd10f3a0d4ea8e,Irish Economic and Social History,1980,22
journal_abfd10f3a0d4ea8e,Irish Economic and Social History,1981,22
journal_abfd10f3a0d4ea8e,Irish Economic and Social History,1982,19
journal_abfd10f3a0d4ea8e,Irish Economic and Social History,1983,23
journal_abfd10f3a0d4ea8e,Irish Economic and Social History,1984,26
journal_abfd10f3a0d4ea8e,Irish Economic and Social History,1985,35
journal_abfd10f3a0d4ea8e,Irish Economic and Social History,1986,28
journal_abfd10f3a0d4ea8e,Irish Economic and Social History,1987,21
journal_abfd10f3a0d4ea8e,Irish Economic and Social History,1988,29
journal_abfd10f3a0d4ea8e,Irish Economic and Social History,1989,24
journal_abfd10f3a0d4ea8e,Irish Economic and Social History,1990,29
journal_abfd10f3a0d4ea8e,Irish Economic and Social History,1991,26
journal_abfd10f3a0d4ea8e,Irish Economic and Social History,1992,29
journal_abfd10f3a0d4ea8e,Irish Economic and Social History,1993,27
journal_abfd10f3a0d4ea8e,Irish Economic and Social History,1994,14
journal_abfd10f3a0d4ea8e,Irish Economic and Social History,1995,26
journal_abfd10f3a0d4ea8e,Irish Economic and Social History,1996,26
journal_abfd10f3a0d4ea8e,Irish Economic and Social History,1997,31
journal_abfd10f3a0d4ea8e,Irish Economic and Social History,1998,31
journal_abfd10f3a0d4ea8e,Irish Economic and Social History,1999,34
journal_abfd10f3a0d4ea8e,Irish Economic and Social History,2000,49
journal_abfd10f3a0d4ea8e,Irish Economic and Social History,2001,49
journal_abfd10f3a0d4ea8e,Irish Economic and Social History,2002,55
journal_abfd10f3a0d4ea8e,Irish Economic and Social History,2003,64
journal_abfd10f3a0d4ea8e,Irish Economic and Social History,2004,50
journal_abfd10f3a0d4ea8e,Irish Economic and Social History,2005,47
journal_abfd10f3a0d4ea8e,Irish Economic and Social History,2006,58
journal_abfd10f3a0d4ea8e,Irish Economic and Social History,2007,8
journal_abfd10f3a0d4ea8e,Irish Economic and Social History,2008,9
journal_abfd10f3a0d4ea8e,Irish Economic and Social History,2009,9
journal_abfd10f3a0d4ea8e,Irish Economic and Social History,2010,10
journal_abfd10f3a0d4ea8e,Irish Economic and Social History,2011,8
journal_abfd10f3a0d4ea8e,Irish Economic and Social History,2012,10
journal_abfd10f3a0d4ea8e,Irish Economic and Social History,2013,10
journal_abfd10f3a0d4ea8e,Irish Economic and Social History,2014,8
journal_abfd10f3a0d4ea8e,Irish Economic and Social History,2015,8
journal_abfd10f3a0d4ea8e,Irish Economic and Social History,2016,18
journal_abfd10f3a0d4ea8e,Irish Economic and Social History,2017,35
journal_abfd10f3a0d4ea8e,Irish Economic and Social History,2018,22
journal_abfd10f3a0d4ea8e,Irish Economic and Social History,2019,24
journal_abfd10f3a0d4ea8e,Irish Economic and Social History,2020,28
journal_abfd10f3a0d4ea8e,Irish Economic and Social History,2021,22
journal_abfd10f3a0d4ea8e,Irish Economic and Social History,2022,20
journal_abfd10f3a0d4ea8e,Irish Economic and Social History,2023,26
journal_abfd10f3a0d4ea8e,Irish Economic and Social History,2024,23
journal_abfd10f3a0d4ea8e,Irish Economic and Social History,2025,22
journal_abfd10f3a0d4ea8e,Irish Economic and Social History,2026,9
journal_adee8b7eb5501f25,Historical Studies in Industrial Relations,1996,23
journal_adee8b7eb5501f25,Historical Studies in Industrial Relations,1997,21
journal_adee8b7eb5501f25,Historical Studies in Industrial Relations,1998,15
journal_adee8b7eb5501f25,Historical Studies in Industrial Relations,1999,19
journal_adee8b7eb5501f25,Historical Studies in Industrial Relations,2000,19
journal_adee8b7eb5501f25,Historical Studies in Industrial Relations,2001,13
journal_adee8b7eb5501f25,Historical Studies in Industrial Relations,2002,15
journal_adee8b7eb5501f25,Historical Studies in Industrial Relations,2003,14
journal_adee8b7eb5501f25,Historical Studies in Industrial Relations,2004,16
journal_adee8b7eb5501f25,Historical Studies in Industrial Relations,2005,16
journal_adee8b7eb5501f25,Historical Studies in Industrial Relations,2006,18
journal_adee8b7eb5501f25,Historical Studies in Industrial Relations,2007,13
journal_adee8b7eb5501f25,Historical Studies in Industrial Relations,2008,13
journal_adee8b7eb5501f25,Historical Studies in Industrial Relations,2009,13
journal_adee8b7eb5501f25,Historical Studies in Industrial Relations,2010,9
journal_adee8b7eb5501f25,Historical Studies in Industrial Relations,2011,12
journal_adee8b7eb5501f25,Historical Studies in Industrial Relations,2012,13
journal_adee8b7eb5501f25,Historical Studies in Industrial Relations,2013,11
journal_adee8b7eb5501f25,Historical Studies in Industrial Relations,2014,11
journal_adee8b7eb5501f25,Historical Studies in Industrial Relations,2015,12
journal_adee8b7eb5501f25,Historical Studies in Industrial Relations,2016,14
journal_adee8b7eb5501f25,Historical Studies in Industrial Relations,2017,11
journal_adee8b7eb5501f25,Historical Studies in Industrial Relations,2018,10
journal_adee8b7eb5501f25,Historical Studies in Industrial Relations,2019,12
journal_adee8b7eb5501f25,Historical Studies in Industrial Relations,2020,17
journal_adee8b7eb5501f25,Historical Studies in Industrial Relations,2021,11
journal_adee8b7eb5501f25,Historical Studies in Industrial Relations,2022,14
journal_adee8b7eb5501f25,Historical Studies in Industrial Relations,2023,14
journal_adee8b7eb5501f25,Historical Studies in Industrial Relations,2024,10
journal_adee8b7eb5501f25,Historical Studies in Industrial Relations,2025,14
journal_aefa3b842e9299d0,Journal of Medieval Monastic Studies,2012,18
journal_aefa3b842e9299d0,Journal of Medieval Monastic Studies,2013,20
journal_aefa3b842e9299d0,Journal of Medieval Monastic Studies,2014,20
journal_aefa3b842e9299d0,Journal of Medieval Monastic Studies,2015,28
journal_aefa3b842e9299d0,Journal of Medieval Monastic Studies,2016,23
journal_aefa3b842e9299d0,Journal of Medieval Monastic Studies,2017,30
journal_aefa3b842e9299d0,Journal of Medieval Monastic Studies,2018,35
journal_aefa3b842e9299d0,Journal of Medieval Monastic Studies,2019,37
journal_aefa3b842e9299d0,Journal of Medieval Monastic Studies,2020,28
journal_aefa3b842e9299d0,Journal of Medieval Monastic Studies,2021,24
journal_aefa3b842e9299d0,Journal of Medieval Monastic Studies,2022,11
journal_aefa3b842e9299d0,Journal of Medieval Monastic Studies,2023,11
journal_aefa3b842e9299d0,Journal of Medieval Monastic Studies,2024,10
journal_aefa3b842e9299d0,Journal of Medieval Monastic Studies,2025,10
journal_af321c83d77f929c,Afrique &amp; histoire,2003,12
journal_af321c83d77f929c,Afrique &amp; histoire,2004,19
journal_af321c83d77f929c,Afrique &amp; histoire,2005,30
journal_af321c83d77f929c,Afrique &amp; histoire,2006,25
journal_af321c83d77f929c,Afrique &amp; histoire,2009,20
journal_af9eb2a59f476770,Journal of American History,1914,3
journal_af9eb2a59f476770,Journal of American History,1915,5
journal_af9eb2a59f476770,Journal of American History,1916,7
journal_af9eb2a59f476770,Journal of American History,1917,8
journal_af9eb2a59f476770,Journal of American History,1918,5
journal_af9eb2a59f476770,Journal of American History,1919,6
journal_af9eb2a59f476770,Journal of American History,1920,5
journal_af9eb2a59f476770,Journal of American History,1921,5
journal_af9eb2a59f476770,Journal of American History,1922,5
journal_af9eb2a59f476770,Journal of American History,1923,6
journal_af9eb2a59f476770,Journal of American History,1924,8
journal_af9eb2a59f476770,Journal of American History,1925,8
journal_af9eb2a59f476770,Journal of American History,1926,8
journal_af9eb2a59f476770,Journal of American History,1927,12
journal_af9eb2a59f476770,Journal of American History,1928,9
journal_af9eb2a59f476770,Journal of American History,1929,13
journal_af9eb2a59f476770,Journal of American History,1930,7
journal_af9eb2a59f476770,Journal of American History,1931,33
journal_af9eb2a59f476770,Journal of American History,1932,8
journal_af9eb2a59f476770,Journal of American History,1933,10
journal_af9eb2a59f476770,Journal of American History,1934,14
journal_af9eb2a59f476770,Journal of American History,1935,10
journal_af9eb2a59f476770,Journal of American History,1936,8
journal_af9eb2a59f476770,Journal of American History,1937,5
journal_af9eb2a59f476770,Journal of American History,1938,13
journal_af9eb2a59f476770,Journal of American History,1939,15
journal_af9eb2a59f476770,Journal of American History,1940,16
journal_af9eb2a59f476770,Journal of American History,1941,67
journal_af9eb2a59f476770,Journal of American History,1942,79
journal_af9eb2a59f476770,Journal of American History,1943,161
journal_af9eb2a59f476770,Journal of American History,1944,30
journal_af9eb2a59f476770,Journal of American History,1945,60
journal_af9eb2a59f476770,Journal of American History,1946,65
journal_af9eb2a59f476770,Journal of American History,1947,8
journal_af9eb2a59f476770,Journal of American History,1948,10
journal_af9eb2a59f476770,Journal of American History,1949,7
journal_af9eb2a59f476770,Journal of American History,1950,7
journal_af9eb2a59f476770,Journal of American History,1951,8
journal_af9eb2a59f476770,Journal of American History,1952,8
journal_af9eb2a59f476770,Journal of American History,1953,9
journal_af9eb2a59f476770,Journal of American History,1954,10
journal_af9eb2a59f476770,Journal of American History,1955,8
journal_af9eb2a59f476770,Journal of American History,1956,8
journal_af9eb2a59f476770,Journal of American History,1957,8
journal_af9eb2a59f476770,Journal of American History,1958,9
journal_af9eb2a59f476770,Journal of American History,1959,10
journal_af9eb2a59f476770,Journal of American History,1960,10
journal_af9eb2a59f476770,Journal of American History,1961,11
journal_af9eb2a59f476770,Journal of American History,1962,42
journal_af9eb2a59f476770,Journal of American History,1963,8
journal_af9eb2a59f476770,Journal of American History,1964,13
journal_af9eb2a59f476770,Journal of American History,1965,13
journal_af9eb2a59f476770,Journal of American History,1966,9
journal_af9eb2a59f476770,Journal of American History,1967,13
journal_af9eb2a59f476770,Journal of American History,1968,9
journal_af9eb2a59f476770,Journal of American History,1969,16
journal_af9eb2a59f476770,Journal of American History,1970,16
journal_af9eb2a59f476770,Journal of American History,1971,22
journal_af9eb2a59f476770,Journal of American History,1972,18
journal_af9eb2a59f476770,Journal of American History,1973,22
journal_af9eb2a59f476770,Journal of American History,1974,10
journal_af9eb2a59f476770,Journal of American History,1975,16
journal_af9eb2a59f476770,Journal of American History,1976,15
journal_af9eb2a59f476770,Journal of American History,1977,18
journal_af9eb2a59f476770,Journal of American History,1978,23
journal_af9eb2a59f476770,Journal of American History,1979,16
journal_af9eb2a59f476770,Journal of American History,1980,17
journal_af9eb2a59f476770,Journal of American History,1981,15
journal_af9eb2a59f476770,Journal of American History,1982,16
journal_af9eb2a59f476770,Journal of American History,1983,17
journal_af9eb2a59f476770,Journal of American History,1984,17
journal_af9eb2a59f476770,Journal of American History,1985,17
journal_af9eb2a59f476770,Journal of American History,1986,17
journal_af9eb2a59f476770,Journal of American History,1987,19
journal_af9eb2a59f476770,Journal of American History,1988,13
journal_af9eb2a59f476770,Journal of American History,1989,23
journal_af9eb2a59f476770,Journal of American History,1990,17
journal_af9eb2a59f476770,Journal of American History,1991,15
journal_af9eb2a59f476770,Journal of American History,1992,15
journal_af9eb2a59f476770,Journal of American History,1993,15
journal_af9eb2a59f476770,Journal of American History,1994,15
journal_af9eb2a59f476770,Journal of American History,1995,17
journal_af9eb2a59f476770,Journal of American History,1996,26
journal_af9eb2a59f476770,Journal of American History,1997,19
journal_af9eb2a59f476770,Journal of American History,1998,16
journal_af9eb2a59f476770,Journal of American History,1999,19
journal_af9eb2a59f476770,Journal of American History,2000,16
journal_af9eb2a59f476770,Journal of American History,2001,22
journal_af9eb2a59f476770,Journal of American History,2002,14
journal_af9eb2a59f476770,Journal of American History,2003,710
journal_af9eb2a59f476770,Journal of American History,2004,725
journal_af9eb2a59f476770,Journal of American History,2005,715
journal_af9eb2a59f476770,Journal of American History,2006,723
journal_af9eb2a59f476770,Journal of American History,2007,722
journal_af9eb2a59f476770,Journal of American History,2008,642
journal_af9eb2a59f476770,Journal of American History,2009,523
journal_af9eb2a59f476770,Journal of American History,2010,676
journal_af9eb2a59f476770,Journal of American History,2011,654
journal_af9eb2a59f476770,Journal of American History,2012,623
journal_af9eb2a59f476770,Journal of American History,2013,706
journal_af9eb2a59f476770,Journal of American History,2014,683
journal_af9eb2a59f476770,Journal of American History,2015,657
journal_af9eb2a59f476770,Journal of American History,2016,664
journal_af9eb2a59f476770,Journal of American History,2017,556
journal_af9eb2a59f476770,Journal of American History,2018,573
journal_af9eb2a59f476770,Journal of American History,2019,674
journal_af9eb2a59f476770,Journal of American History,2020,613
journal_af9eb2a59f476770,Journal of American History,2021,456
journal_af9eb2a59f476770,Journal of American History,2022,345
journal_af9eb2a59f476770,Journal of American History,2023,338
journal_af9eb2a59f476770,Journal of American History,2024,352
journal_af9eb2a59f476770,Journal of American History,2025,343
journal_af9eb2a59f476770,Journal of American History,2026,178
journal_af9eb2a59f476770,The Journal of American History,1964,128
journal_af9eb2a59f476770,The Journal of American History,1965,259
journal_af9eb2a59f476770,The Journal of American History,1966,228
journal_af9eb2a59f476770,The Journal of American History,1967,411
journal_af9eb2a59f476770,The Journal of American History,1968,321
journal_af9eb2a59f476770,The Journal of American History,1969,324
journal_af9eb2a59f476770,The Journal of American History,1970,366
journal_af9eb2a59f476770,The Journal of American History,1971,323
journal_af9eb2a59f476770,The Journal of American History,1972,388
journal_af9eb2a59f476770,The Journal of American History,1973,355
journal_af9eb2a59f476770,The Journal of American History,1974,408
journal_af9eb2a59f476770,The Journal of American History,1975,413
journal_af9eb2a59f476770,The Journal of American History,1976,435
journal_af9eb2a59f476770,The Journal of American History,1977,422
journal_af9eb2a59f476770,The Journal of American History,1978,444
journal_af9eb2a59f476770,The Journal of American History,1979,474
journal_af9eb2a59f476770,The Journal of American History,1980,411
journal_af9eb2a59f476770,The Journal of American History,1981,406
journal_af9eb2a59f476770,The Journal of American History,1982,421
journal_af9eb2a59f476770,The Journal of American History,1983,439
journal_af9eb2a59f476770,The Journal of American History,1984,320
journal_af9eb2a59f476770,The Journal of American History,1985,386
journal_af9eb2a59f476770,The Journal of American History,1986,478
journal_af9eb2a59f476770,The Journal of American History,1987,500
journal_af9eb2a59f476770,The Journal of American History,1988,649
journal_af9eb2a59f476770,The Journal of American History,1989,622
journal_af9eb2a59f476770,The Journal of American History,1990,676
journal_af9eb2a59f476770,The Journal of American History,1991,722
journal_af9eb2a59f476770,The Journal of American History,1992,716
journal_af9eb2a59f476770,The Journal of American History,1993,706
journal_af9eb2a59f476770,The Journal of American History,1994,820
journal_af9eb2a59f476770,The Journal of American History,1995,953
journal_af9eb2a59f476770,The Journal of American History,1996,677
journal_af9eb2a59f476770,The Journal of American History,1997,689
journal_af9eb2a59f476770,The Journal of American History,1998,670
journal_af9eb2a59f476770,The Journal of American History,1999,653
journal_af9eb2a59f476770,The Journal of American History,2000,675
journal_af9eb2a59f476770,The Journal of American History,2001,730
journal_af9eb2a59f476770,The Journal of American History,2002,710
journal_af9eb2a59f476770,The Journal of American History,2009,179
journal_b02e7da77e614967,Early Modern Low Countries,2017,33
journal_b02e7da77e614967,Early Modern Low Countries,2018,31
journal_b02e7da77e614967,Early Modern Low Countries,2019,30
journal_b02e7da77e614967,Early Modern Low Countries,2020,22
journal_b02e7da77e614967,Early Modern Low Countries,2021,30
journal_b02e7da77e614967,Early Modern Low Countries,2022,32
journal_b02e7da77e614967,Early Modern Low Countries,2023,19
journal_b02e7da77e614967,Early Modern Low Countries,2024,19
journal_b02e7da77e614967,Early Modern Low Countries,2025,24
journal_b02e7da77e614967,Early Modern Low Countries,2026,4
journal_b07a7af7b61dace6,Australian Historical Studies,1988,32
journal_b07a7af7b61dace6,Australian Historical Studies,1989,21
journal_b07a7af7b61dace6,Australian Historical Studies,1990,24
journal_b07a7af7b61dace6,Australian Historical Studies,1991,38
journal_b07a7af7b61dace6,Australian Historical Studies,1992,28
journal_b07a7af7b61dace6,Australian Historical Studies,1993,28
journal_b07a7af7b61dace6,Australian Historical Studies,1994,23
journal_b07a7af7b61dace6,Australian Historical Studies,1995,23
journal_b07a7af7b61dace6,Australian Historical Studies,1996,32
journal_b07a7af7b61dace6,Australian Historical Studies,1997,34
journal_b07a7af7b61dace6,Australian Historical Studies,1998,26
journal_b07a7af7b61dace6,Australian Historical Studies,1999,28
journal_b07a7af7b61dace6,Australian Historical Studies,2000,31
journal_b07a7af7b61dace6,Australian Historical Studies,2001,32
journal_b07a7af7b61dace6,Australian Historical Studies,2002,58
journal_b07a7af7b61dace6,Australian Historical Studies,2003,35
journal_b07a7af7b61dace6,Australian Historical Studies,2004,31
journal_b07a7af7b61dace6,Australian Historical Studies,2005,25
journal_b07a7af7b61dace6,Australian Historical Studies,2006,27
journal_b07a7af7b61dace6,Australian Historical Studies,2007,31
journal_b07a7af7b61dace6,Australian Historical Studies,2008,36
journal_b07a7af7b61dace6,Australian Historical Studies,2009,41
journal_b07a7af7b61dace6,Australian Historical Studies,2010,35
journal_b07a7af7b61dace6,Australian Historical Studies,2011,39
journal_b07a7af7b61dace6,Australian Historical Studies,2012,37
journal_b07a7af7b61dace6,Australian Historical Studies,2013,85
journal_b07a7af7b61dace6,Australian Historical Studies,2014,102
journal_b07a7af7b61dace6,Australian Historical Studies,2015,93
journal_b07a7af7b61dace6,Australian Historical Studies,2016,84
journal_b07a7af7b61dace6,Australian Historical Studies,2017,111
journal_b07a7af7b61dace6,Australian Historical Studies,2018,98
journal_b07a7af7b61dace6,Australian Historical Studies,2019,105
journal_b07a7af7b61dace6,Australian Historical Studies,2020,75
journal_b07a7af7b61dace6,Australian Historical Studies,2021,91
journal_b07a7af7b61dace6,Australian Historical Studies,2022,92
journal_b07a7af7b61dace6,Australian Historical Studies,2023,95
journal_b07a7af7b61dace6,Australian Historical Studies,2024,106
journal_b07a7af7b61dace6,Australian Historical Studies,2025,78
journal_b07a7af7b61dace6,Australian Historical Studies,2026,60
journal_b08fd4802c40b034,The New England Quarterly,1928,79
journal_b08fd4802c40b034,The New England Quarterly,1929,89
journal_b08fd4802c40b034,The New England Quarterly,1930,97
journal_b08fd4802c40b034,The New England Quarterly,1931,112
journal_b08fd4802c40b034,The New England Quarterly,1932,128
journal_b08fd4802c40b034,The New England Quarterly,1933,114
journal_b08fd4802c40b034,The New England Quarterly,1934,102
journal_b08fd4802c40b034,The New England Quarterly,1935,106
journal_b08fd4802c40b034,The New England Quarterly,1936,115
journal_b08fd4802c40b034,The New England Quarterly,1937,154
journal_b08fd4802c40b034,The New England Quarterly,1938,139
journal_b08fd4802c40b034,The New England Quarterly,1939,153
journal_b08fd4802c40b034,The New England Quarterly,1940,121
journal_b08fd4802c40b034,The New England Quarterly,1941,150
journal_b08fd4802c40b034,The New England Quarterly,1942,142
journal_b08fd4802c40b034,The New England Quarterly,1943,111
journal_b08fd4802c40b034,The New England Quarterly,1944,103
journal_b08fd4802c40b034,The New England Quarterly,1945,98
journal_b08fd4802c40b034,The New England Quarterly,1946,97
journal_b08fd4802c40b034,The New England Quarterly,1947,72
journal_b08fd4802c40b034,The New England Quarterly,1948,92
journal_b08fd4802c40b034,The New England Quarterly,1949,96
journal_b08fd4802c40b034,The New England Quarterly,1950,101
journal_b08fd4802c40b034,The New England Quarterly,1951,106
journal_b08fd4802c40b034,The New England Quarterly,1952,95
journal_b08fd4802c40b034,The New England Quarterly,1953,94
journal_b08fd4802c40b034,The New England Quarterly,1954,85
journal_b08fd4802c40b034,The New England Quarterly,1955,77
journal_b08fd4802c40b034,The New England Quarterly,1956,86
journal_b08fd4802c40b034,The New England Quarterly,1957,86
journal_b08fd4802c40b034,The New England Quarterly,1958,84
journal_b08fd4802c40b034,The New England Quarterly,1959,85
journal_b08fd4802c40b034,The New England Quarterly,1960,104
journal_b08fd4802c40b034,The New England Quarterly,1961,101
journal_b08fd4802c40b034,The New England Quarterly,1962,85
journal_b08fd4802c40b034,The New England Quarterly,1963,90
journal_b08fd4802c40b034,The New England Quarterly,1964,87
journal_b08fd4802c40b034,The New England Quarterly,1965,100
journal_b08fd4802c40b034,The New England Quarterly,1966,91
journal_b08fd4802c40b034,The New England Quarterly,1967,107
journal_b08fd4802c40b034,The New England Quarterly,1968,104
journal_b08fd4802c40b034,The New England Quarterly,1969,104
journal_b08fd4802c40b034,The New England Quarterly,1970,115
journal_b08fd4802c40b034,The New England Quarterly,1971,103
journal_b08fd4802c40b034,The New England Quarterly,1972,91
journal_b08fd4802c40b034,The New England Quarterly,1973,95
journal_b08fd4802c40b034,The New England Quarterly,1974,95
journal_b08fd4802c40b034,The New England Quarterly,1975,87
journal_b08fd4802c40b034,The New England Quarterly,1976,98
journal_b08fd4802c40b034,The New England Quarterly,1977,106
journal_b08fd4802c40b034,The New England Quarterly,1978,81
journal_b08fd4802c40b034,The New England Quarterly,1979,90
journal_b08fd4802c40b034,The New England Quarterly,1980,85
journal_b08fd4802c40b034,The New England Quarterly,1981,79
journal_b08fd4802c40b034,The New England Quarterly,1982,74
journal_b08fd4802c40b034,The New England Quarterly,1983,78
journal_b08fd4802c40b034,The New England Quarterly,1984,90
journal_b08fd4802c40b034,The New England Quarterly,1985,84
journal_b08fd4802c40b034,The New England Quarterly,1986,85
journal_b08fd4802c40b034,The New England Quarterly,1987,86
journal_b08fd4802c40b034,The New England Quarterly,1988,69
journal_b08fd4802c40b034,The New England Quarterly,1989,75
journal_b08fd4802c40b034,The New England Quarterly,1990,80
journal_b08fd4802c40b034,The New England Quarterly,1991,78
journal_b08fd4802c40b034,The New England Quarterly,1992,81
journal_b08fd4802c40b034,The New England Quarterly,1993,101
journal_b08fd4802c40b034,The New England Quarterly,1994,67
journal_b08fd4802c40b034,The New England Quarterly,1995,84
journal_b08fd4802c40b034,The New England Quarterly,1996,79
journal_b08fd4802c40b034,The New England Quarterly,1997,81
journal_b08fd4802c40b034,The New England Quarterly,1998,79
journal_b08fd4802c40b034,The New England Quarterly,1999,70
journal_b08fd4802c40b034,The New England Quarterly,2000,67
journal_b08fd4802c40b034,The New England Quarterly,2001,60
journal_b08fd4802c40b034,The New England Quarterly,2002,75
journal_b08fd4802c40b034,The New England Quarterly,2003,61
journal_b08fd4802c40b034,The New England Quarterly,2007,85
journal_b08fd4802c40b034,The New England Quarterly,2008,94
journal_b08fd4802c40b034,The New England Quarterly,2009,77
journal_b08fd4802c40b034,The New England Quarterly,2010,78
journal_b08fd4802c40b034,The New England Quarterly,2011,75
journal_b08fd4802c40b034,The New England Quarterly,2012,84
journal_b08fd4802c40b034,The New England Quarterly,2013,74
journal_b08fd4802c40b034,The New England Quarterly,2014,77
journal_b08fd4802c40b034,The New England Quarterly,2015,66
journal_b08fd4802c40b034,The New England Quarterly,2016,61
journal_b08fd4802c40b034,The New England Quarterly,2017,67
journal_b08fd4802c40b034,The New England Quarterly,2018,60
journal_b08fd4802c40b034,The New England Quarterly,2019,73
journal_b08fd4802c40b034,The New England Quarterly,2020,85
journal_b08fd4802c40b034,The New England Quarterly,2021,51
journal_b08fd4802c40b034,The New England Quarterly,2022,42
journal_b08fd4802c40b034,The New England Quarterly,2023,38
journal_b08fd4802c40b034,The New England Quarterly,2024,46
journal_b08fd4802c40b034,The New England Quarterly,2025,51
journal_b08fd4802c40b034,The New England Quarterly,2026,49
journal_b11573f4d81e9f89,Wesley and Methodist Studies,2011,24
journal_b11573f4d81e9f89,Wesley and Methodist Studies,2012,28
journal_b11573f4d81e9f89,Wesley and Methodist Studies,2013,25
journal_b11573f4d81e9f89,Wesley and Methodist Studies,2014,30
journal_b11573f4d81e9f89,Wesley and Methodist Studies,2015,29
journal_b11573f4d81e9f89,Wesley and Methodist Studies,2016,40
journal_b11573f4d81e9f89,Wesley and Methodist Studies,2017,31
journal_b11573f4d81e9f89,Wesley and Methodist Studies,2018,32
journal_b11573f4d81e9f89,Wesley and Methodist Studies,2019,29
journal_b11573f4d81e9f89,Wesley and Methodist Studies,2020,33
journal_b11573f4d81e9f89,Wesley and Methodist Studies,2021,30
journal_b11573f4d81e9f89,Wesley and Methodist Studies,2022,28
journal_b11573f4d81e9f89,Wesley and Methodist Studies,2023,31
journal_b11573f4d81e9f89,Wesley and Methodist Studies,2024,28
journal_b11573f4d81e9f89,Wesley and Methodist Studies,2025,25
journal_b11573f4d81e9f89,Wesley and Methodist Studies,2026,29
journal_b20b0d03cbc378be,Imago Mundi,1935,21
journal_b20b0d03cbc378be,Imago Mundi,1937,29
journal_b20b0d03cbc378be,Imago Mundi,1939,17
journal_b20b0d03cbc378be,Imago Mundi,1947,24
journal_b20b0d03cbc378be,Imago Mundi,1948,27
journal_b20b0d03cbc378be,Imago Mundi,1949,28
journal_b20b0d03cbc378be,Imago Mundi,1950,20
journal_b20b0d03cbc378be,Imago Mundi,1951,27
journal_b20b0d03cbc378be,Imago Mundi,1952,28
journal_b20b0d03cbc378be,Imago Mundi,1953,25
journal_b20b0d03cbc378be,Imago Mundi,1954,32
journal_b20b0d03cbc378be,Imago Mundi,1955,34
journal_b20b0d03cbc378be,Imago Mundi,1956,31
journal_b20b0d03cbc378be,Imago Mundi,1959,20
journal_b20b0d03cbc378be,Imago Mundi,1960,25
journal_b20b0d03cbc378be,Imago Mundi,1962,23
journal_b20b0d03cbc378be,Imago Mundi,1963,18
journal_b20b0d03cbc378be,Imago Mundi,1964,22
journal_b20b0d03cbc378be,Imago Mundi,1965,24
journal_b20b0d03cbc378be,Imago Mundi,1966,14
journal_b20b0d03cbc378be,Imago Mundi,1967,15
journal_b20b0d03cbc378be,Imago Mundi,1968,17
journal_b20b0d03cbc378be,Imago Mundi,1969,16
journal_b20b0d03cbc378be,Imago Mundi,1970,19
journal_b20b0d03cbc378be,Imago Mundi,1971,20
journal_b20b0d03cbc378be,Imago Mundi,1972,17
journal_b20b0d03cbc378be,Imago Mundi,1975,25
journal_b20b0d03cbc378be,Imago Mundi,1976,23
journal_b20b0d03cbc378be,Imago Mundi,1977,17
journal_b20b0d03cbc378be,Imago Mundi,1978,14
journal_b20b0d03cbc378be,Imago Mundi,1979,18
journal_b20b0d03cbc378be,Imago Mundi,1980,12
journal_b20b0d03cbc378be,Imago Mundi,1981,27
journal_b20b0d03cbc378be,Imago Mundi,1982,15
journal_b20b0d03cbc378be,Imago Mundi,1983,17
journal_b20b0d03cbc378be,Imago Mundi,1984,16
journal_b20b0d03cbc378be,Imago Mundi,1985,17
journal_b20b0d03cbc378be,Imago Mundi,1986,13
journal_b20b0d03cbc378be,Imago Mundi,1987,20
journal_b20b0d03cbc378be,Imago Mundi,1988,30
journal_b20b0d03cbc378be,Imago Mundi,1989,24
journal_b20b0d03cbc378be,Imago Mundi,1990,26
journal_b20b0d03cbc378be,Imago Mundi,1991,23
journal_b20b0d03cbc378be,Imago Mundi,1992,22
journal_b20b0d03cbc378be,Imago Mundi,1993,25
journal_b20b0d03cbc378be,Imago Mundi,1994,24
journal_b20b0d03cbc378be,Imago Mundi,1995,21
journal_b20b0d03cbc378be,Imago Mundi,1996,26
journal_b20b0d03cbc378be,Imago Mundi,1997,20
journal_b20b0d03cbc378be,Imago Mundi,1998,23
journal_b20b0d03cbc378be,Imago Mundi,1999,18
journal_b20b0d03cbc378be,Imago Mundi,2000,18
journal_b20b0d03cbc378be,Imago Mundi,2001,20
journal_b20b0d03cbc378be,Imago Mundi,2002,19
journal_b20b0d03cbc378be,Imago Mundi,2003,4
journal_b20b0d03cbc378be,Imago Mundi,2004,17
journal_b20b0d03cbc378be,Imago Mundi,2005,18
journal_b20b0d03cbc378be,Imago Mundi,2006,28
journal_b20b0d03cbc378be,Imago Mundi,2007,30
journal_b20b0d03cbc378be,Imago Mundi,2008,12
journal_b20b0d03cbc378be,Imago Mundi,2009,33
journal_b20b0d03cbc378be,Imago Mundi,2010,13
journal_b20b0d03cbc378be,Imago Mundi,2011,63
journal_b20b0d03cbc378be,Imago Mundi,2012,26
journal_b20b0d03cbc378be,Imago Mundi,2013,106
journal_b20b0d03cbc378be,Imago Mundi,2014,64
journal_b20b0d03cbc378be,Imago Mundi,2015,66
journal_b20b0d03cbc378be,Imago Mundi,2016,60
journal_b20b0d03cbc378be,Imago Mundi,2017,59
journal_b20b0d03cbc378be,Imago Mundi,2018,60
journal_b20b0d03cbc378be,Imago Mundi,2019,77
journal_b20b0d03cbc378be,Imago Mundi,2020,40
journal_b20b0d03cbc378be,Imago Mundi,2021,81
journal_b20b0d03cbc378be,Imago Mundi,2022,63
journal_b20b0d03cbc378be,Imago Mundi,2023,60
journal_b20b0d03cbc378be,Imago Mundi,2024,56
journal_b20b0d03cbc378be,Imago Mundi,2025,59
journal_b20b0d03cbc378be,Imago Mundi,2026,25
journal_b20b0d03cbc378be,Imago Mundi: The International Journal for the History of Cartography,2003,9
journal_b20b0d03cbc378be,Imago Mundi: The International Journal for the History of Cartography,2006,2
journal_b29c1b490cd7f2af,Journal of the Early Republic,1981,85
journal_b29c1b490cd7f2af,Journal of the Early Republic,1982,90
journal_b29c1b490cd7f2af,Journal of the Early Republic,1983,94
journal_b29c1b490cd7f2af,Journal of the Early Republic,1984,98
journal_b29c1b490cd7f2af,Journal of the Early Republic,1985,90
journal_b29c1b490cd7f2af,Journal of the Early Republic,1986,90
journal_b29c1b490cd7f2af,Journal of the Early Republic,1987,93
journal_b29c1b490cd7f2af,Journal of the Early Republic,1988,87
journal_b29c1b490cd7f2af,Journal of the Early Republic,1989,113
journal_b29c1b490cd7f2af,Journal of the Early Republic,1990,124
journal_b29c1b490cd7f2af,Journal of the Early Republic,1991,134
journal_b29c1b490cd7f2af,Journal of the Early Republic,1992,128
journal_b29c1b490cd7f2af,Journal of the Early Republic,1993,121
journal_b29c1b490cd7f2af,Journal of the Early Republic,1994,134
journal_b29c1b490cd7f2af,Journal of the Early Republic,1995,127
journal_b29c1b490cd7f2af,Journal of the Early Republic,1996,107
journal_b29c1b490cd7f2af,Journal of the Early Republic,1997,99
journal_b29c1b490cd7f2af,Journal of the Early Republic,1998,100
journal_b29c1b490cd7f2af,Journal of the Early Republic,1999,88
journal_b29c1b490cd7f2af,Journal of the Early Republic,2000,97
journal_b29c1b490cd7f2af,Journal of the Early Republic,2001,119
journal_b29c1b490cd7f2af,Journal of the Early Republic,2002,90
journal_b29c1b490cd7f2af,Journal of the Early Republic,2003,84
journal_b2aca6e2c5b0a211,Past &amp; Present,1990,10
journal_b2aca6e2c5b0a211,Past &amp; Present,1992,8
journal_b2aca6e2c5b0a211,Past &amp; Present,1996,25
journal_b2aca6e2c5b0a211,Past &amp; Present,1997,32
journal_b2aca6e2c5b0a211,Past &amp; Present,1998,50
journal_b2aca6e2c5b0a211,Past &amp; Present,1999,28
journal_b2aca6e2c5b0a211,Past &amp; Present,2000,34
journal_b2aca6e2c5b0a211,Past &amp; Present,2001,31
journal_b2aca6e2c5b0a211,Past &amp; Present,2002,34
journal_b2aca6e2c5b0a211,Past &amp; Present,2003,31
journal_b2aca6e2c5b0a211,Past &amp; Present,2004,27
journal_b2aca6e2c5b0a211,Past &amp; Present,2005,26
journal_b2aca6e2c5b0a211,Past &amp; Present,2006,37
journal_b2aca6e2c5b0a211,Past &amp; Present,2007,54
journal_b2aca6e2c5b0a211,Past &amp; Present,2008,41
journal_b2aca6e2c5b0a211,Past &amp; Present,2009,46
journal_b2aca6e2c5b0a211,Past &amp; Present,2010,43
journal_b2aca6e2c5b0a211,Past &amp; Present,2011,50
journal_b2aca6e2c5b0a211,Past &amp; Present,2012,50
journal_b2aca6e2c5b0a211,Past &amp; Present,2013,49
journal_b2aca6e2c5b0a211,Past &amp; Present,2014,52
journal_b2aca6e2c5b0a211,Past &amp; Present,2015,50
journal_b2aca6e2c5b0a211,Past &amp; Present,2016,56
journal_b2aca6e2c5b0a211,Past &amp; Present,2017,60
journal_b2aca6e2c5b0a211,Past &amp; Present,2018,51
journal_b2aca6e2c5b0a211,Past &amp; Present,2019,55
journal_b2aca6e2c5b0a211,Past &amp; Present,2020,56
journal_b2aca6e2c5b0a211,Past &amp; Present,2021,49
journal_b2aca6e2c5b0a211,Past &amp; Present,2022,45
journal_b2aca6e2c5b0a211,Past &amp; Present,2023,23
journal_b2aca6e2c5b0a211,Past &amp; Present,2024,63
journal_b2aca6e2c5b0a211,Past &amp; Present,2025,36
journal_b2aca6e2c5b0a211,Past &amp; Present,2026,30
journal_b2aca6e2c5b0a211,Past and Present,1952,14
journal_b2aca6e2c5b0a211,Past and Present,1953,30
journal_b2aca6e2c5b0a211,Past and Present,1954,15
journal_b2aca6e2c5b0a211,Past and Present,1955,15
journal_b2aca6e2c5b0a211,Past and Present,1956,13
journal_b2aca6e2c5b0a211,Past and Present,1957,12
journal_b2aca6e2c5b0a211,Past and Present,1958,16
journal_b2aca6e2c5b0a211,Past and Present,1959,15
journal_b2aca6e2c5b0a211,Past and Present,1960,19
journal_b2aca6e2c5b0a211,Past and Present,1961,17
journal_b2aca6e2c5b0a211,Past and Present,1962,22
journal_b2aca6e2c5b0a211,Past and Present,1963,32
journal_b2aca6e2c5b0a211,Past and Present,1964,39
journal_b2aca6e2c5b0a211,Past and Present,1965,17
journal_b2aca6e2c5b0a211,Past and Present,1966,27
journal_b2aca6e2c5b0a211,Past and Present,1967,32
journal_b2aca6e2c5b0a211,Past and Present,1968,35
journal_b2aca6e2c5b0a211,Past and Present,1969,31
journal_b2aca6e2c5b0a211,Past and Present,1970,32
journal_b2aca6e2c5b0a211,Past and Present,1971,24
journal_b2aca6e2c5b0a211,Past and Present,1972,33
journal_b2aca6e2c5b0a211,Past and Present,1973,22
journal_b2aca6e2c5b0a211,Past and Present,1974,29
journal_b2aca6e2c5b0a211,Past and Present,1975,30
journal_b2aca6e2c5b0a211,Past and Present,1976,27
journal_b2aca6e2c5b0a211,Past and Present,1977,22
journal_b2aca6e2c5b0a211,Past and Present,1978,24
journal_b2aca6e2c5b0a211,Past and Present,1979,28
journal_b2aca6e2c5b0a211,Past and Present,1980,34
journal_b2aca6e2c5b0a211,Past and Present,1981,31
journal_b2aca6e2c5b0a211,Past and Present,1982,27
journal_b2aca6e2c5b0a211,Past and Present,1983,34
journal_b2aca6e2c5b0a211,Past and Present,1984,22
journal_b2aca6e2c5b0a211,Past and Present,1985,32
journal_b2aca6e2c5b0a211,Past and Present,1986,29
journal_b2aca6e2c5b0a211,Past and Present,1987,36
journal_b2aca6e2c5b0a211,Past and Present,1988,37
journal_b2aca6e2c5b0a211,Past and Present,1989,29
journal_b2aca6e2c5b0a211,Past and Present,1990,25
journal_b2aca6e2c5b0a211,Past and Present,1991,35
journal_b2aca6e2c5b0a211,Past and Present,1992,25
journal_b2aca6e2c5b0a211,Past and Present,1993,28
journal_b2aca6e2c5b0a211,Past and Present,1994,26
journal_b2aca6e2c5b0a211,Past and Present,1995,27
journal_b2aca6e2c5b0a211,Past and Present,2022,8
journal_b2c77d0bf6c9b20c,Critical Historical Studies,2014,12
journal_b2c77d0bf6c9b20c,Critical Historical Studies,2015,11
journal_b2c77d0bf6c9b20c,Critical Historical Studies,2016,14
journal_b2c77d0bf6c9b20c,Critical Historical Studies,2017,14
journal_b2c77d0bf6c9b20c,Critical Historical Studies,2018,19
journal_b2c77d0bf6c9b20c,Critical Historical Studies,2019,17
journal_b2c77d0bf6c9b20c,Critical Historical Studies,2020,23
journal_b2c77d0bf6c9b20c,Critical Historical Studies,2021,17
journal_b2c77d0bf6c9b20c,Critical Historical Studies,2022,17
journal_b2c77d0bf6c9b20c,Critical Historical Studies,2023,17
journal_b2c77d0bf6c9b20c,Critical Historical Studies,2024,16
journal_b2c77d0bf6c9b20c,Critical Historical Studies,2025,20
journal_b2c77d0bf6c9b20c,Critical Historical Studies,2026,8
journal_b333afd6f217e269,Journal of Medieval History,1975,36
journal_b333afd6f217e269,Journal of Medieval History,1976,34
journal_b333afd6f217e269,Journal of Medieval History,1977,34
journal_b333afd6f217e269,Journal of Medieval History,1978,45
journal_b333afd6f217e269,Journal of Medieval History,1979,40
journal_b333afd6f217e269,Journal of Medieval History,1980,53
journal_b333afd6f217e269,Journal of Medieval History,1981,45
journal_b333afd6f217e269,Journal of Medieval History,1982,40
journal_b333afd6f217e269,Journal of Medieval History,1983,37
journal_b333afd6f217e269,Journal of Medieval History,1984,37
journal_b333afd6f217e269,Journal of Medieval History,1985,26
journal_b333afd6f217e269,Journal of Medieval History,1986,30
journal_b333afd6f217e269,Journal of Medieval History,1987,25
journal_b333afd6f217e269,Journal of Medieval History,1988,36
journal_b333afd6f217e269,Journal of Medieval History,1989,37
journal_b333afd6f217e269,Journal of Medieval History,1990,38
journal_b333afd6f217e269,Journal of Medieval History,1991,41
journal_b333afd6f217e269,Journal of Medieval History,1992,27
journal_b333afd6f217e269,Journal of Medieval History,1993,17
journal_b333afd6f217e269,Journal of Medieval History,1994,30
journal_b333afd6f217e269,Journal of Medieval History,1995,21
journal_b333afd6f217e269,Journal of Medieval History,1996,24
journal_b333afd6f217e269,Journal of Medieval History,1997,26
journal_b333afd6f217e269,Journal of Medieval History,1998,21
journal_b333afd6f217e269,Journal of Medieval History,1999,23
journal_b333afd6f217e269,Journal of Medieval History,2000,22
journal_b333afd6f217e269,Journal of Medieval History,2001,20
journal_b333afd6f217e269,Journal of Medieval History,2002,22
journal_b333afd6f217e269,Journal of Medieval History,2003,25
journal_b333afd6f217e269,Journal of Medieval History,2004,25
journal_b333afd6f217e269,Journal of Medieval History,2005,22
journal_b333afd6f217e269,Journal of Medieval History,2006,27
journal_b333afd6f217e269,Journal of Medieval History,2007,26
journal_b333afd6f217e269,Journal of Medieval History,2008,28
journal_b333afd6f217e269,Journal of Medieval History,2009,27
journal_b333afd6f217e269,Journal of Medieval History,2010,25
journal_b333afd6f217e269,Journal of Medieval History,2011,32
journal_b333afd6f217e269,Journal of Medieval History,2012,23
journal_b333afd6f217e269,Journal of Medieval History,2013,27
journal_b333afd6f217e269,Journal of Medieval History,2014,31
journal_b333afd6f217e269,Journal of Medieval History,2015,27
journal_b333afd6f217e269,Journal of Medieval History,2016,29
journal_b333afd6f217e269,Journal of Medieval History,2017,32
journal_b333afd6f217e269,Journal of Medieval History,2018,29
journal_b333afd6f217e269,Journal of Medieval History,2019,33
journal_b333afd6f217e269,Journal of Medieval History,2020,26
journal_b333afd6f217e269,Journal of Medieval History,2021,33
journal_b333afd6f217e269,Journal of Medieval History,2022,35
journal_b333afd6f217e269,Journal of Medieval History,2023,38
journal_b333afd6f217e269,Journal of Medieval History,2024,30
journal_b333afd6f217e269,Journal of Medieval History,2025,60
journal_b333afd6f217e269,Journal of Medieval History,2026,54
journal_b3ca8061d47a3438,Architectural History,1958,10
journal_b3ca8061d47a3438,Architectural History,1959,15
journal_b3ca8061d47a3438,Architectural History,1960,16
journal_b3ca8061d47a3438,Architectural History,1961,15
journal_b3ca8061d47a3438,Architectural History,1962,7
journal_b3ca8061d47a3438,Architectural History,1963,16
journal_b3ca8061d47a3438,Architectural History,1964,8
journal_b3ca8061d47a3438,Architectural History,1965,14
journal_b3ca8061d47a3438,Architectural History,1966,9
journal_b3ca8061d47a3438,Architectural History,1967,9
journal_b3ca8061d47a3438,Architectural History,1968,11
journal_b3ca8061d47a3438,Architectural History,1969,7
journal_b3ca8061d47a3438,Architectural History,1970,9
journal_b3ca8061d47a3438,Architectural History,1971,8
journal_b3ca8061d47a3438,Architectural History,1972,7
journal_b3ca8061d47a3438,Architectural History,1973,8
journal_b3ca8061d47a3438,Architectural History,1974,6
journal_b3ca8061d47a3438,Architectural History,1975,8
journal_b3ca8061d47a3438,Architectural History,1976,7
journal_b3ca8061d47a3438,Architectural History,1977,10
journal_b3ca8061d47a3438,Architectural History,1978,11
journal_b3ca8061d47a3438,Architectural History,1979,10
journal_b3ca8061d47a3438,Architectural History,1980,11
journal_b3ca8061d47a3438,Architectural History,1981,13
journal_b3ca8061d47a3438,Architectural History,1982,16
journal_b3ca8061d47a3438,Architectural History,1983,12
journal_b3ca8061d47a3438,Architectural History,1984,59
journal_b3ca8061d47a3438,Architectural History,1985,13
journal_b3ca8061d47a3438,Architectural History,1986,11
journal_b3ca8061d47a3438,Architectural History,1987,12
journal_b3ca8061d47a3438,Architectural History,1988,11
journal_b3ca8061d47a3438,Architectural History,1989,11
journal_b3ca8061d47a3438,Architectural History,1990,12
journal_b3ca8061d47a3438,Architectural History,1991,12
journal_b3ca8061d47a3438,Architectural History,1992,11
journal_b3ca8061d47a3438,Architectural History,1993,12
journal_b3ca8061d47a3438,Architectural History,1994,12
journal_b3ca8061d47a3438,Architectural History,1995,15
journal_b3ca8061d47a3438,Architectural History,1996,14
journal_b3ca8061d47a3438,Architectural History,1997,19
journal_b3ca8061d47a3438,Architectural History,1998,20
journal_b3ca8061d47a3438,Architectural History,1999,23
journal_b3ca8061d47a3438,Architectural History,2000,19
journal_b3ca8061d47a3438,Architectural History,2001,48
journal_b3ca8061d47a3438,Architectural History,2002,23
journal_b3ca8061d47a3438,Architectural History,2003,17
journal_b3ca8061d47a3438,Architectural History,2004,16
journal_b3ca8061d47a3438,Architectural History,2005,15
journal_b3ca8061d47a3438,Architectural History,2006,17
journal_b3ca8061d47a3438,Architectural History,2007,12
journal_b3ca8061d47a3438,Architectural History,2008,12
journal_b3ca8061d47a3438,Architectural History,2009,10
journal_b3ca8061d47a3438,Architectural History,2010,13
journal_b3ca8061d47a3438,Architectural History,2011,15
journal_b3ca8061d47a3438,Architectural History,2012,15
journal_b3ca8061d47a3438,Architectural History,2013,14
journal_b3ca8061d47a3438,Architectural History,2014,14
journal_b3ca8061d47a3438,Architectural History,2015,11
journal_b3ca8061d47a3438,Architectural History,2016,26
journal_b3ca8061d47a3438,Architectural History,2017,29
journal_b3ca8061d47a3438,Architectural History,2018,25
journal_b3ca8061d47a3438,Architectural History,2019,22
journal_b3ca8061d47a3438,Architectural History,2020,26
journal_b3ca8061d47a3438,Architectural History,2021,33
journal_b3ca8061d47a3438,Architectural History,2022,30
journal_b3ca8061d47a3438,Architectural History,2023,32
journal_b3ca8061d47a3438,Architectural History,2024,25
journal_b3ca8061d47a3438,Architectural History,2025,33
journal_b3ca8061d47a3438,Architectural History,2026,4
journal_b43fdf40584be57d,Archives Juives,2001,27
journal_b43fdf40584be57d,Archives Juives,2002,34
journal_b43fdf40584be57d,Archives Juives,2003,43
journal_b43fdf40584be57d,Archives Juives,2004,45
journal_b43fdf40584be57d,Archives Juives,2005,27
journal_b43fdf40584be57d,Archives Juives,2006,48
journal_b43fdf40584be57d,Archives Juives,2007,18
journal_b43fdf40584be57d,Archives Juives,2008,19
journal_b43fdf40584be57d,Archives Juives,2009,72
journal_b43fdf40584be57d,Archives Juives,2010,40
journal_b43fdf40584be57d,Archives Juives,2011,42
journal_b43fdf40584be57d,Archives Juives,2012,36
journal_b43fdf40584be57d,Archives Juives,2013,37
journal_b43fdf40584be57d,Archives Juives,2014,29
journal_b43fdf40584be57d,Archives Juives,2015,35
journal_b43fdf40584be57d,Archives Juives,2016,29
journal_b43fdf40584be57d,Archives Juives,2017,31
journal_b43fdf40584be57d,Archives Juives,2018,27
journal_b43fdf40584be57d,Archives Juives,2019,25
journal_b43fdf40584be57d,Archives Juives,2020,27
journal_b43fdf40584be57d,Archives Juives,2021,23
journal_b43fdf40584be57d,Archives Juives,2022,28
journal_b43fdf40584be57d,Archives Juives,2023,24
journal_b43fdf40584be57d,Archives Juives,2024,26
journal_b43fdf40584be57d,Archives Juives,2025,22
journal_b43fdf40584be57d,Archives Juives,2026,12
journal_b5b188191ea8d9f7,"Annales. Economies, sociétés, civilisations",1962,1
journal_b5b188191ea8d9f7,"Annales. Economies, sociétés, civilisations",1993,1
journal_b5b188191ea8d9f7,"Annales. Histoire, Sciences Sociales",1946,91
journal_b5b188191ea8d9f7,"Annales. Histoire, Sciences Sociales",1947,123
journal_b5b188191ea8d9f7,"Annales. Histoire, Sciences Sociales",1948,154
journal_b5b188191ea8d9f7,"Annales. Histoire, Sciences Sociales",1949,185
journal_b5b188191ea8d9f7,"Annales. Histoire, Sciences Sociales",1950,235
journal_b5b188191ea8d9f7,"Annales. Histoire, Sciences Sociales",1951,253
journal_b5b188191ea8d9f7,"Annales. Histoire, Sciences Sociales",1952,207
journal_b5b188191ea8d9f7,"Annales. Histoire, Sciences Sociales",1953,200
journal_b5b188191ea8d9f7,"Annales. Histoire, Sciences Sociales",1954,156
journal_b5b188191ea8d9f7,"Annales. Histoire, Sciences Sociales",1955,222
journal_b5b188191ea8d9f7,"Annales. Histoire, Sciences Sociales",1956,167
journal_b5b188191ea8d9f7,"Annales. Histoire, Sciences Sociales",1957,134
journal_b5b188191ea8d9f7,"Annales. Histoire, Sciences Sociales",1958,199
journal_b5b188191ea8d9f7,"Annales. Histoire, Sciences Sociales",1959,185
journal_b5b188191ea8d9f7,"Annales. Histoire, Sciences Sociales",1960,229
journal_b5b188191ea8d9f7,"Annales. Histoire, Sciences Sociales",1961,225
journal_b5b188191ea8d9f7,"Annales. Histoire, Sciences Sociales",1962,272
journal_b5b188191ea8d9f7,"Annales. Histoire, Sciences Sociales",1963,190
journal_b5b188191ea8d9f7,"Annales. Histoire, Sciences Sociales",1964,222
journal_b5b188191ea8d9f7,"Annales. Histoire, Sciences Sociales",1965,216
journal_b5b188191ea8d9f7,"Annales. Histoire, Sciences Sociales",1966,230
journal_b5b188191ea8d9f7,"Annales. Histoire, Sciences Sociales",1967,189
journal_b5b188191ea8d9f7,"Annales. Histoire, Sciences Sociales",1968,277
journal_b5b188191ea8d9f7,"Annales. Histoire, Sciences Sociales",1969,236
journal_b5b188191ea8d9f7,"Annales. Histoire, Sciences Sociales",1970,327
journal_b5b188191ea8d9f7,"Annales. Histoire, Sciences Sociales",1971,194
journal_b5b188191ea8d9f7,"Annales. Histoire, Sciences Sociales",1972,225
journal_b5b188191ea8d9f7,"Annales. Histoire, Sciences Sociales",1973,311
journal_b5b188191ea8d9f7,"Annales. Histoire, Sciences Sociales",1974,328
journal_b5b188191ea8d9f7,"Annales. Histoire, Sciences Sociales",1975,208
journal_b5b188191ea8d9f7,"Annales. Histoire, Sciences Sociales",1976,183
journal_b5b188191ea8d9f7,"Annales. Histoire, Sciences Sociales",1977,219
journal_b5b188191ea8d9f7,"Annales. Histoire, Sciences Sociales",1978,192
journal_b5b188191ea8d9f7,"Annales. Histoire, Sciences Sociales",1979,211
journal_b5b188191ea8d9f7,"Annales. Histoire, Sciences Sociales",1980,237
journal_b5b188191ea8d9f7,"Annales. Histoire, Sciences Sociales",1981,199
journal_b5b188191ea8d9f7,"Annales. Histoire, Sciences Sociales",1982,188
journal_b5b188191ea8d9f7,"Annales. Histoire, Sciences Sociales",1983,246
journal_b5b188191ea8d9f7,"Annales. Histoire, Sciences Sociales",1984,232
journal_b5b188191ea8d9f7,"Annales. Histoire, Sciences Sociales",1985,255
journal_b5b188191ea8d9f7,"Annales. Histoire, Sciences Sociales",1986,219
journal_b5b188191ea8d9f7,"Annales. Histoire, Sciences Sociales",1987,243
journal_b5b188191ea8d9f7,"Annales. Histoire, Sciences Sociales",1988,267
journal_b5b188191ea8d9f7,"Annales. Histoire, Sciences Sociales",1989,324
journal_b5b188191ea8d9f7,"Annales. Histoire, Sciences Sociales",1990,294
journal_b5b188191ea8d9f7,"Annales. Histoire, Sciences Sociales",1991,317
journal_b5b188191ea8d9f7,"Annales. Histoire, Sciences Sociales",1992,251
journal_b5b188191ea8d9f7,"Annales. Histoire, Sciences Sociales",1993,261
journal_b5b188191ea8d9f7,"Annales. Histoire, Sciences Sociales",1994,251
journal_b5b188191ea8d9f7,"Annales. Histoire, Sciences Sociales",1995,246
journal_b5b188191ea8d9f7,"Annales. Histoire, Sciences Sociales",1996,249
journal_b5b188191ea8d9f7,"Annales. Histoire, Sciences Sociales",1997,237
journal_b5b188191ea8d9f7,"Annales. Histoire, Sciences Sociales",1998,238
journal_b5b188191ea8d9f7,"Annales. Histoire, Sciences Sociales",1999,309
journal_b5b188191ea8d9f7,"Annales. Histoire, Sciences Sociales",2000,249
journal_b5b188191ea8d9f7,"Annales. Histoire, Sciences Sociales",2001,308
journal_b5b188191ea8d9f7,"Annales. Histoire, Sciences Sociales",2002,337
journal_b5b188191ea8d9f7,"Annales. Histoire, Sciences Sociales",2003,286
journal_b5b188191ea8d9f7,"Annales. Histoire, Sciences Sociales",2004,223
journal_b5b188191ea8d9f7,"Annales. Histoire, Sciences Sociales",2005,266
journal_b5b188191ea8d9f7,"Annales. Histoire, Sciences Sociales",2006,245
journal_b5b188191ea8d9f7,"Annales. Histoire, Sciences Sociales",2007,304
journal_b5b188191ea8d9f7,"Annales. Histoire, Sciences Sociales",2008,302
journal_b5b188191ea8d9f7,"Annales. Histoire, Sciences Sociales",2009,274
journal_b5b188191ea8d9f7,"Annales. Histoire, Sciences Sociales",2010,265
journal_b5b188191ea8d9f7,"Annales. Histoire, Sciences Sociales",2011,206
journal_b5b188191ea8d9f7,"Annales. Histoire, Sciences Sociales",2012,240
journal_b5b188191ea8d9f7,"Annales. Histoire, Sciences Sociales",2013,223
journal_b5b188191ea8d9f7,"Annales. Histoire, Sciences Sociales",2014,261
journal_b5b188191ea8d9f7,"Annales. Histoire, Sciences Sociales",2015,214
journal_b5b188191ea8d9f7,"Annales. Histoire, Sciences Sociales",2016,217
journal_b5b188191ea8d9f7,"Annales. Histoire, Sciences Sociales",2017,225
journal_b5b188191ea8d9f7,"Annales. Histoire, Sciences Sociales",2018,182
journal_b5b188191ea8d9f7,"Annales. Histoire, Sciences Sociales",2019,152
journal_b5b188191ea8d9f7,"Annales. Histoire, Sciences Sociales",2020,98
journal_b5b188191ea8d9f7,"Annales. Histoire, Sciences Sociales",2021,147
journal_b5b188191ea8d9f7,"Annales. Histoire, Sciences Sociales",2022,153
journal_b5b188191ea8d9f7,"Annales. Histoire, Sciences Sociales",2023,123
journal_b5b188191ea8d9f7,"Annales. Histoire, Sciences Sociales",2024,72
journal_b5b188191ea8d9f7,"Annales. Histoire, Sciences Sociales",2025,72
journal_b5b188191ea8d9f7,"Annales. Histoire, Sciences Sociales",2026,47
journal_b5b188191ea8d9f7,"Annales. Histoire, Sciences sociales (French Edition)",2014,7
journal_b5b188191ea8d9f7,"Annales. Histoire, Sciences sociales (French Edition)",2015,8
journal_b5b188191ea8d9f7,"Annales. Histoire, Sciences sociales (French Edition)",2016,44
journal_b5cc1afac0a59b60,Forum Historiae,2018,19
journal_b5cc1afac0a59b60,Forum Historiae,2019,17
journal_b5cc1afac0a59b60,Forum Historiae,2020,10
journal_b5cc1afac0a59b60,Forum Historiae,2021,25
journal_b5cc1afac0a59b60,Forum Historiae,2022,17
journal_b5cc1afac0a59b60,Forum Historiae,2023,15
journal_b5cc1afac0a59b60,Forum Historiae,2024,6
journal_b5cc1afac0a59b60,Forum Historiae,2025,18
journal_b5cc1afac0a59b60,Forum Historiae,2026,7
journal_b8545866db1e00ae,History and Technology,1983,8
journal_b8545866db1e00ae,History and Technology,1984,11
journal_b8545866db1e00ae,History and Technology,1985,21
journal_b8545866db1e00ae,History and Technology,1986,13
journal_b8545866db1e00ae,History and Technology,1987,59
journal_b8545866db1e00ae,History and Technology,1988,36
journal_b8545866db1e00ae,History and Technology,1990,15
journal_b8545866db1e00ae,History and Technology,1991,19
journal_b8545866db1e00ae,History and Technology,1992,36
journal_b8545866db1e00ae,History and Technology,1993,22
journal_b8545866db1e00ae,History and Technology,1994,25
journal_b8545866db1e00ae,History and Technology,1995,17
journal_b8545866db1e00ae,History and Technology,1996,11
journal_b8545866db1e00ae,History and Technology,1997,24
journal_b8545866db1e00ae,History and Technology,1998,19
journal_b8545866db1e00ae,History and Technology,1999,19
journal_b8545866db1e00ae,History and Technology,2000,26
journal_b8545866db1e00ae,History and Technology,2001,12
journal_b8545866db1e00ae,History and Technology,2002,14
journal_b8545866db1e00ae,History and Technology,2003,25
journal_b8545866db1e00ae,History and Technology,2004,22
journal_b8545866db1e00ae,History and Technology,2005,18
journal_b8545866db1e00ae,History and Technology,2006,19
journal_b8545866db1e00ae,History and Technology,2007,18
journal_b8545866db1e00ae,History and Technology,2008,23
journal_b8545866db1e00ae,History and Technology,2009,22
journal_b8545866db1e00ae,History and Technology,2010,33
journal_b8545866db1e00ae,History and Technology,2011,30
journal_b8545866db1e00ae,History and Technology,2012,30
journal_b8545866db1e00ae,History and Technology,2013,24
journal_b8545866db1e00ae,History and Technology,2014,24
journal_b8545866db1e00ae,History and Technology,2015,28
journal_b8545866db1e00ae,History and Technology,2016,21
journal_b8545866db1e00ae,History and Technology,2017,19
journal_b8545866db1e00ae,History and Technology,2018,20
journal_b8545866db1e00ae,History and Technology,2019,23
journal_b8545866db1e00ae,History and Technology,2020,21
journal_b8545866db1e00ae,History and Technology,2021,25
journal_b8545866db1e00ae,History and Technology,2022,17
journal_b8545866db1e00ae,History and Technology,2023,19
journal_b8545866db1e00ae,History and Technology,2024,24
journal_b8545866db1e00ae,History and Technology,2025,16
journal_b8545866db1e00ae,History and Technology,2026,12
journal_b87bc42725143f37,Electrum,2017,20
journal_b87bc42725143f37,Electrum,2018,15
journal_b87bc42725143f37,Electrum,2019,24
journal_b87bc42725143f37,Electrum,2020,25
journal_b87bc42725143f37,Electrum,2021,22
journal_b87bc42725143f37,Electrum,2022,29
journal_b87bc42725143f37,Electrum,2023,23
journal_b87bc42725143f37,Electrum,2024,20
journal_b87bc42725143f37,Electrum,2025,29
journal_b87bc42725143f37,Electrum,2026,23
journal_b8bc3aaecbd1501f,Environmental History,1996,91
journal_b8bc3aaecbd1501f,Environmental History,1997,95
journal_b8bc3aaecbd1501f,Environmental History,1998,89
journal_b8bc3aaecbd1501f,Environmental History,1999,90
journal_b8bc3aaecbd1501f,Environmental History,2000,96
journal_b8bc3aaecbd1501f,Environmental History,2001,84
journal_b8bc3aaecbd1501f,Environmental History,2002,105
journal_b8bc3aaecbd1501f,Environmental History,2003,121
journal_b8bc3aaecbd1501f,Environmental History,2004,128
journal_b8bc3aaecbd1501f,Environmental History,2005,103
journal_b8bc3aaecbd1501f,Environmental History,2006,123
journal_b8bc3aaecbd1501f,Environmental History,2007,122
journal_b8bc3aaecbd1501f,Environmental History,2008,131
journal_b8bc3aaecbd1501f,Environmental History,2009,124
journal_b8bc3aaecbd1501f,Environmental History,2010,119
journal_b8bc3aaecbd1501f,Environmental History,2011,139
journal_b8bc3aaecbd1501f,Environmental History,2012,143
journal_b8bc3aaecbd1501f,Environmental History,2013,148
journal_b8bc3aaecbd1501f,Environmental History,2014,147
journal_b8bc3aaecbd1501f,Environmental History,2015,145
journal_b8bc3aaecbd1501f,Environmental History,2016,137
journal_b8bc3aaecbd1501f,Environmental History,2017,142
journal_b8bc3aaecbd1501f,Environmental History,2018,165
journal_b8bc3aaecbd1501f,Environmental History,2019,137
journal_b8bc3aaecbd1501f,Environmental History,2020,117
journal_b8bc3aaecbd1501f,Environmental History,2021,110
journal_b8bc3aaecbd1501f,Environmental History,2022,101
journal_b8bc3aaecbd1501f,Environmental History,2023,95
journal_b8bc3aaecbd1501f,Environmental History,2024,94
journal_b8bc3aaecbd1501f,Environmental History,2025,87
journal_b8bc3aaecbd1501f,Environmental History,2026,94
journal_b94d9fb6ecebd296,Hercegovina. Serija 3: časopis za kulturno i povijesno nasljeđe,2016,24
journal_b94d9fb6ecebd296,Hercegovina. Serija 3: časopis za kulturno i povijesno nasljeđe,2017,12
journal_b94d9fb6ecebd296,Hercegovina. Serija 3: časopis za kulturno i povijesno nasljeđe,2018,11
journal_b94d9fb6ecebd296,Hercegovina. Serija 3: časopis za kulturno i povijesno nasljeđe,2019,11
journal_b94d9fb6ecebd296,Hercegovina. Serija 3: časopis za kulturno i povijesno nasljeđe,2020,13
journal_b94d9fb6ecebd296,Hercegovina. Serija 3: časopis za kulturno i povijesno nasljeđe,2021,10
journal_b94d9fb6ecebd296,Hercegovina. Serija 3: časopis za kulturno i povijesno nasljeđe,2022,10
journal_b94d9fb6ecebd296,Hercegovina. Serija 3: časopis za kulturno i povijesno nasljeđe,2023,11
journal_b94d9fb6ecebd296,Hercegovina. Serija 3: časopis za kulturno i povijesno nasljeđe,2024,11
journal_b94d9fb6ecebd296,Hercegovina. Serija 3: časopis za kulturno i povijesno nasljeđe,2025,11
journal_b94d9fb6ecebd296,Hercegovina. Serija 3: časopis za kulturno i povijesno nasljeđe,2026,12
journal_bb186df994dfcc83,Journal of the History of Economic Thought,1980,11
journal_bb186df994dfcc83,Journal of the History of Economic Thought,1990,21
journal_bb186df994dfcc83,Journal of the History of Economic Thought,1991,33
journal_bb186df994dfcc83,Journal of the History of Economic Thought,1992,34
journal_bb186df994dfcc83,Journal of the History of Economic Thought,1993,36
journal_bb186df994dfcc83,Journal of the History of Economic Thought,1994,35
journal_bb186df994dfcc83,Journal of the History of Economic Thought,1995,37
journal_bb186df994dfcc83,Journal of the History of Economic Thought,1996,29
journal_bb186df994dfcc83,Journal of the History of Economic Thought,1997,33
journal_bb186df994dfcc83,Journal of the History of Economic Thought,1998,55
journal_bb186df994dfcc83,Journal of the History of Economic Thought,1999,54
journal_bb186df994dfcc83,Journal of the History of Economic Thought,2000,49
journal_bb186df994dfcc83,Journal of the History of Economic Thought,2001,51
journal_bb186df994dfcc83,Journal of the History of Economic Thought,2002,51
journal_bb186df994dfcc83,Journal of the History of Economic Thought,2003,45
journal_bb186df994dfcc83,Journal of the History of Economic Thought,2004,39
journal_bb186df994dfcc83,Journal of the History of Economic Thought,2005,46
journal_bb186df994dfcc83,Journal of the History of Economic Thought,2006,51
journal_bb186df994dfcc83,Journal of the History of Economic Thought,2007,55
journal_bb186df994dfcc83,Journal of the History of Economic Thought,2008,56
journal_bb186df994dfcc83,Journal of the History of Economic Thought,2009,69
journal_bb186df994dfcc83,Journal of the History of Economic Thought,2010,57
journal_bb186df994dfcc83,Journal of the History of Economic Thought,2011,51
journal_bb186df994dfcc83,Journal of the History of Economic Thought,2012,56
journal_bb186df994dfcc83,Journal of the History of Economic Thought,2013,54
journal_bb186df994dfcc83,Journal of the History of Economic Thought,2014,66
journal_bb186df994dfcc83,Journal of the History of Economic Thought,2015,80
journal_bb186df994dfcc83,Journal of the History of Economic Thought,2016,92
journal_bb186df994dfcc83,Journal of the History of Economic Thought,2017,51
journal_bb186df994dfcc83,Journal of the History of Economic Thought,2018,57
journal_bb186df994dfcc83,Journal of the History of Economic Thought,2019,81
journal_bb186df994dfcc83,Journal of the History of Economic Thought,2020,56
journal_bb186df994dfcc83,Journal of the History of Economic Thought,2021,59
journal_bb186df994dfcc83,Journal of the History of Economic Thought,2022,69
journal_bb186df994dfcc83,Journal of the History of Economic Thought,2023,100
journal_bb186df994dfcc83,Journal of the History of Economic Thought,2024,62
journal_bb186df994dfcc83,Journal of the History of Economic Thought,2025,48
journal_bb186df994dfcc83,Journal of the History of Economic Thought,2026,39
journal_bbcb45648f11880b,African Economic History,1976,23
journal_bbcb45648f11880b,African Economic History,1977,44
journal_bbcb45648f11880b,African Economic History,1978,65
journal_bbcb45648f11880b,African Economic History,1979,44
journal_bbcb45648f11880b,African Economic History,1980,50
journal_bbcb45648f11880b,African Economic History,1981,18
journal_bbcb45648f11880b,African Economic History,1982,28
journal_bbcb45648f11880b,African Economic History,1983,17
journal_bbcb45648f11880b,African Economic History,1984,30
journal_bbcb45648f11880b,African Economic History,1985,23
journal_bbcb45648f11880b,African Economic History,1986,24
journal_bbcb45648f11880b,African Economic History,1987,23
journal_bbcb45648f11880b,African Economic History,1988,51
journal_bbcb45648f11880b,African Economic History,1989,54
journal_bbcb45648f11880b,African Economic History,1990,54
journal_bbcb45648f11880b,African Economic History,1992,18
journal_bbcb45648f11880b,African Economic History,1993,35
journal_bbcb45648f11880b,African Economic History,1994,21
journal_bbcb45648f11880b,African Economic History,1995,24
journal_bbcb45648f11880b,African Economic History,1996,31
journal_bbcb45648f11880b,African Economic History,1997,8
journal_bbcb45648f11880b,African Economic History,1998,16
journal_bbcb45648f11880b,African Economic History,1999,8
journal_bbcb45648f11880b,African Economic History,2000,6
journal_bbcb45648f11880b,African Economic History,2001,16
journal_bbcb45648f11880b,African Economic History,2002,14
journal_bbcb45648f11880b,African Economic History,2003,7
journal_bbcb45648f11880b,African Economic History,2006,5
journal_bbcb45648f11880b,African Economic History,2012,12
journal_bbcb45648f11880b,African Economic History,2013,10
journal_bbcb45648f11880b,African Economic History,2014,11
journal_bbcb45648f11880b,African Economic History,2015,8
journal_bbcb45648f11880b,African Economic History,2016,10
journal_bbcb45648f11880b,African Economic History,2017,9
journal_bbcb45648f11880b,African Economic History,2018,10
journal_bbcb45648f11880b,African Economic History,2019,11
journal_bbcb45648f11880b,African Economic History,2020,10
journal_bbcb45648f11880b,African Economic History,2021,15
journal_bbcb45648f11880b,African Economic History,2022,19
journal_bbcb45648f11880b,African Economic History,2023,10
journal_bbcb45648f11880b,African Economic History,2024,11
journal_bbcb45648f11880b,African Economic History,2025,7
journal_bbcb45648f11880b,African Economic History,2026,14
journal_bc9a224a0c7ddec6,Journal of Global Slavery,2016,27
journal_bc9a224a0c7ddec6,Journal of Global Slavery,2017,20
journal_bc9a224a0c7ddec6,Journal of Global Slavery,2018,21
journal_bc9a224a0c7ddec6,Journal of Global Slavery,2019,21
journal_bc9a224a0c7ddec6,Journal of Global Slavery,2020,24
journal_bc9a224a0c7ddec6,Journal of Global Slavery,2021,24
journal_bc9a224a0c7ddec6,Journal of Global Slavery,2022,22
journal_bc9a224a0c7ddec6,Journal of Global Slavery,2023,22
journal_bc9a224a0c7ddec6,Journal of Global Slavery,2024,26
journal_bc9a224a0c7ddec6,Journal of Global Slavery,2025,24
journal_bc9a224a0c7ddec6,Journal of Global Slavery,2026,11
journal_bcbdf33aaac0ed1d,Journal of Modern Italian Studies,1995,11
journal_bcbdf33aaac0ed1d,Journal of Modern Italian Studies,1996,21
journal_bcbdf33aaac0ed1d,Journal of Modern Italian Studies,1997,27
journal_bcbdf33aaac0ed1d,Journal of Modern Italian Studies,1998,26
journal_bcbdf33aaac0ed1d,Journal of Modern Italian Studies,1999,37
journal_bcbdf33aaac0ed1d,Journal of Modern Italian Studies,2000,35
journal_bcbdf33aaac0ed1d,Journal of Modern Italian Studies,2001,74
journal_bcbdf33aaac0ed1d,Journal of Modern Italian Studies,2002,24
journal_bcbdf33aaac0ed1d,Journal of Modern Italian Studies,2003,37
journal_bcbdf33aaac0ed1d,Journal of Modern Italian Studies,2004,33
journal_bcbdf33aaac0ed1d,Journal of Modern Italian Studies,2005,37
journal_bcbdf33aaac0ed1d,Journal of Modern Italian Studies,2006,41
journal_bcbdf33aaac0ed1d,Journal of Modern Italian Studies,2007,37
journal_bcbdf33aaac0ed1d,Journal of Modern Italian Studies,2008,48
journal_bcbdf33aaac0ed1d,Journal of Modern Italian Studies,2009,67
journal_bcbdf33aaac0ed1d,Journal of Modern Italian Studies,2010,78
journal_bcbdf33aaac0ed1d,Journal of Modern Italian Studies,2011,105
journal_bcbdf33aaac0ed1d,Journal of Modern Italian Studies,2012,99
journal_bcbdf33aaac0ed1d,Journal of Modern Italian Studies,2013,116
journal_bcbdf33aaac0ed1d,Journal of Modern Italian Studies,2014,107
journal_bcbdf33aaac0ed1d,Journal of Modern Italian Studies,2015,82
journal_bcbdf33aaac0ed1d,Journal of Modern Italian Studies,2016,97
journal_bcbdf33aaac0ed1d,Journal of Modern Italian Studies,2017,82
journal_bcbdf33aaac0ed1d,Journal of Modern Italian Studies,2018,62
journal_bcbdf33aaac0ed1d,Journal of Modern Italian Studies,2019,76
journal_bcbdf33aaac0ed1d,Journal of Modern Italian Studies,2020,45
journal_bcbdf33aaac0ed1d,Journal of Modern Italian Studies,2021,79
journal_bcbdf33aaac0ed1d,Journal of Modern Italian Studies,2022,78
journal_bcbdf33aaac0ed1d,Journal of Modern Italian Studies,2023,55
journal_bcbdf33aaac0ed1d,Journal of Modern Italian Studies,2024,54
journal_bcbdf33aaac0ed1d,Journal of Modern Italian Studies,2025,60
journal_bcbdf33aaac0ed1d,Journal of Modern Italian Studies,2026,29
journal_bd5a46a99fe5bd14,Historia Mexicana,1956,1
journal_bd5a46a99fe5bd14,Historia Mexicana,1957,3
journal_bd5a46a99fe5bd14,Historia Mexicana,1962,1
journal_bd5a46a99fe5bd14,Historia Mexicana,1972,1
journal_bd5a46a99fe5bd14,Historia Mexicana,1975,1
journal_bd5a46a99fe5bd14,Historia Mexicana,2015,79
journal_bd5a46a99fe5bd14,Historia Mexicana,2016,75
journal_bd5a46a99fe5bd14,Historia Mexicana,2017,84
journal_bd5a46a99fe5bd14,Historia Mexicana,2018,94
journal_bd5a46a99fe5bd14,Historia Mexicana,2019,96
journal_bd5a46a99fe5bd14,Historia Mexicana,2020,103
journal_bd5a46a99fe5bd14,Historia Mexicana,2021,166
journal_bd5a46a99fe5bd14,Historia Mexicana,2022,136
journal_bd5a46a99fe5bd14,Historia Mexicana,2023,164
journal_bd5a46a99fe5bd14,Historia Mexicana,2024,118
journal_bd5a46a99fe5bd14,Historia Mexicana,2025,143
journal_bd5a46a99fe5bd14,Historia Mexicana,2026,51
journal_be8760a9bb1f774e,Eighteenth-Century Ireland,1986,18
journal_be8760a9bb1f774e,Eighteenth-Century Ireland,1987,20
journal_be8760a9bb1f774e,Eighteenth-Century Ireland,1988,13
journal_be8760a9bb1f774e,Eighteenth-Century Ireland,1989,15
journal_be8760a9bb1f774e,Eighteenth-Century Ireland,1990,16
journal_be8760a9bb1f774e,Eighteenth-Century Ireland,1991,12
journal_be8760a9bb1f774e,Eighteenth-Century Ireland,1992,13
journal_be8760a9bb1f774e,Eighteenth-Century Ireland,1993,12
journal_be8760a9bb1f774e,Eighteenth-Century Ireland,1994,11
journal_be8760a9bb1f774e,Eighteenth-Century Ireland,1995,11
journal_be8760a9bb1f774e,Eighteenth-Century Ireland,1996,11
journal_be8760a9bb1f774e,Eighteenth-Century Ireland,1997,13
journal_be8760a9bb1f774e,Eighteenth-Century Ireland,1998,15
journal_be8760a9bb1f774e,Eighteenth-Century Ireland,1999,12
journal_be8760a9bb1f774e,Eighteenth-Century Ireland,2000,14
journal_be8760a9bb1f774e,Eighteenth-Century Ireland,2001,12
journal_be8760a9bb1f774e,Eighteenth-Century Ireland,2002,14
journal_be8760a9bb1f774e,Eighteenth-Century Ireland,2003,13
journal_be8760a9bb1f774e,Eighteenth-Century Ireland,2004,14
journal_be8760a9bb1f774e,Eighteenth-Century Ireland,2005,18
journal_be8760a9bb1f774e,Eighteenth-Century Ireland,2006,13
journal_be8760a9bb1f774e,Eighteenth-Century Ireland,2007,16
journal_be8760a9bb1f774e,Eighteenth-Century Ireland,2008,13
journal_be8760a9bb1f774e,Eighteenth-Century Ireland,2009,15
journal_be8760a9bb1f774e,Eighteenth-Century Ireland,2010,17
journal_be8760a9bb1f774e,Eighteenth-Century Ireland,2011,29
journal_be8760a9bb1f774e,Eighteenth-Century Ireland,2012,15
journal_be8760a9bb1f774e,Eighteenth-Century Ireland,2013,15
journal_be8760a9bb1f774e,Eighteenth-Century Ireland,2014,15
journal_be8760a9bb1f774e,Eighteenth-Century Ireland,2015,11
journal_be8760a9bb1f774e,Eighteenth-Century Ireland,2016,13
journal_be8760a9bb1f774e,Eighteenth-Century Ireland,2017,15
journal_be8760a9bb1f774e,Eighteenth-Century Ireland,2018,11
journal_be8760a9bb1f774e,Eighteenth-Century Ireland,2019,11
journal_be8760a9bb1f774e,Eighteenth-Century Ireland,2020,9
journal_be8760a9bb1f774e,Eighteenth-Century Ireland,2021,11
journal_be8760a9bb1f774e,Eighteenth-Century Ireland,2022,12
journal_be8760a9bb1f774e,Eighteenth-Century Ireland,2023,9
journal_be8760a9bb1f774e,Eighteenth-Century Ireland,2024,10
journal_be8760a9bb1f774e,Eighteenth-Century Ireland,2025,10
journal_be8760a9bb1f774e,Eighteenth-Century Ireland,2026,16
journal_bff810e388b95a3f,Michigan Historical Review,2010,46
journal_bff810e388b95a3f,Michigan Historical Review,2011,55
journal_bff810e388b95a3f,Michigan Historical Review,2012,43
journal_bff810e388b95a3f,Michigan Historical Review,2013,45
journal_bff810e388b95a3f,Michigan Historical Review,2014,50
journal_bff810e388b95a3f,Michigan Historical Review,2015,49
journal_bff810e388b95a3f,Michigan Historical Review,2016,54
journal_bff810e388b95a3f,Michigan Historical Review,2017,58
journal_bff810e388b95a3f,Michigan Historical Review,2018,43
journal_bff810e388b95a3f,Michigan Historical Review,2019,44
journal_bff810e388b95a3f,Michigan Historical Review,2020,20
journal_bff810e388b95a3f,The Michigan Historical Review,1986,8
journal_bff810e388b95a3f,The Michigan Historical Review,1987,22
journal_bff810e388b95a3f,The Michigan Historical Review,1988,26
journal_bff810e388b95a3f,The Michigan Historical Review,1989,43
journal_bff810e388b95a3f,The Michigan Historical Review,1990,34
journal_bff810e388b95a3f,The Michigan Historical Review,1991,49
journal_bff810e388b95a3f,The Michigan Historical Review,1992,47
journal_bff810e388b95a3f,The Michigan Historical Review,1993,50
journal_bff810e388b95a3f,The Michigan Historical Review,1994,50
journal_bff810e388b95a3f,The Michigan Historical Review,1995,53
journal_bff810e388b95a3f,The Michigan Historical Review,1996,66
journal_bff810e388b95a3f,The Michigan Historical Review,1997,73
journal_bff810e388b95a3f,The Michigan Historical Review,1998,64
journal_bff810e388b95a3f,The Michigan Historical Review,1999,58
journal_bff810e388b95a3f,The Michigan Historical Review,2000,63
journal_bff810e388b95a3f,The Michigan Historical Review,2001,49
journal_bff810e388b95a3f,The Michigan Historical Review,2002,44
journal_bff810e388b95a3f,The Michigan Historical Review,2003,47
journal_bff810e388b95a3f,The Michigan Historical Review,2004,28
journal_c1e5fe398786a42c,History of the Present,2011,16
journal_c1e5fe398786a42c,History of the Present,2012,15
journal_c1e5fe398786a42c,History of the Present,2013,12
journal_c1e5fe398786a42c,History of the Present,2014,11
journal_c1e5fe398786a42c,History of the Present,2015,12
journal_c1e5fe398786a42c,History of the Present,2016,14
journal_c1e5fe398786a42c,History of the Present,2017,13
journal_c1e5fe398786a42c,History of the Present,2018,11
journal_c1e5fe398786a42c,History of the Present,2019,15
journal_c1e5fe398786a42c,History of the Present,2020,26
journal_c1e5fe398786a42c,History of the Present,2021,13
journal_c1e5fe398786a42c,History of the Present,2022,14
journal_c1e5fe398786a42c,History of the Present,2023,23
journal_c1e5fe398786a42c,History of the Present,2024,12
journal_c1e5fe398786a42c,History of the Present,2025,20
journal_c1e5fe398786a42c,History of the Present,2026,10
journal_c234c6c00846d8e3,Centaurus,1950,24
journal_c234c6c00846d8e3,Centaurus,1951,23
journal_c234c6c00846d8e3,Centaurus,1952,9
journal_c234c6c00846d8e3,Centaurus,1953,27
journal_c234c6c00846d8e3,Centaurus,1954,6
journal_c234c6c00846d8e3,Centaurus,1955,16
journal_c234c6c00846d8e3,Centaurus,1956,20
journal_c234c6c00846d8e3,Centaurus,1957,9
journal_c234c6c00846d8e3,Centaurus,1958,21
journal_c234c6c00846d8e3,Centaurus,1959,16
journal_c234c6c00846d8e3,Centaurus,1960,17
journal_c234c6c00846d8e3,Centaurus,1963,32
journal_c234c6c00846d8e3,Centaurus,1964,29
journal_c234c6c00846d8e3,Centaurus,1965,16
journal_c234c6c00846d8e3,Centaurus,1966,32
journal_c234c6c00846d8e3,Centaurus,1968,32
journal_c234c6c00846d8e3,Centaurus,1969,49
journal_c234c6c00846d8e3,Centaurus,1971,18
journal_c234c6c00846d8e3,Centaurus,1972,25
journal_c234c6c00846d8e3,Centaurus,1973,26
journal_c234c6c00846d8e3,Centaurus,1974,30
journal_c234c6c00846d8e3,Centaurus,1975,26
journal_c234c6c00846d8e3,Centaurus,1976,30
journal_c234c6c00846d8e3,Centaurus,1977,18
journal_c234c6c00846d8e3,Centaurus,1978,13
journal_c234c6c00846d8e3,Centaurus,1979,22
journal_c234c6c00846d8e3,Centaurus,1980,35
journal_c234c6c00846d8e3,Centaurus,1981,17
journal_c234c6c00846d8e3,Centaurus,1982,22
journal_c234c6c00846d8e3,Centaurus,1984,19
journal_c234c6c00846d8e3,Centaurus,1985,21
journal_c234c6c00846d8e3,Centaurus,1986,24
journal_c234c6c00846d8e3,Centaurus,1987,17
journal_c234c6c00846d8e3,Centaurus,1988,22
journal_c234c6c00846d8e3,Centaurus,1989,20
journal_c234c6c00846d8e3,Centaurus,1990,21
journal_c234c6c00846d8e3,Centaurus,1991,20
journal_c234c6c00846d8e3,Centaurus,1992,18
journal_c234c6c00846d8e3,Centaurus,1993,22
journal_c234c6c00846d8e3,Centaurus,1994,21
journal_c234c6c00846d8e3,Centaurus,1996,17
journal_c234c6c00846d8e3,Centaurus,1997,25
journal_c234c6c00846d8e3,Centaurus,1998,15
journal_c234c6c00846d8e3,Centaurus,1999,20
journal_c234c6c00846d8e3,Centaurus,2000,25
journal_c234c6c00846d8e3,Centaurus,2001,23
journal_c234c6c00846d8e3,Centaurus,2002,24
journal_c234c6c00846d8e3,Centaurus,2003,22
journal_c234c6c00846d8e3,Centaurus,2004,15
journal_c234c6c00846d8e3,Centaurus,2005,19
journal_c234c6c00846d8e3,Centaurus,2006,25
journal_c234c6c00846d8e3,Centaurus,2007,34
journal_c234c6c00846d8e3,Centaurus,2008,104
journal_c234c6c00846d8e3,Centaurus,2009,33
journal_c234c6c00846d8e3,Centaurus,2010,47
journal_c234c6c00846d8e3,Centaurus,2011,50
journal_c234c6c00846d8e3,Centaurus,2012,44
journal_c234c6c00846d8e3,Centaurus,2013,40
journal_c234c6c00846d8e3,Centaurus,2014,41
journal_c234c6c00846d8e3,Centaurus,2015,41
journal_c234c6c00846d8e3,Centaurus,2016,30
journal_c234c6c00846d8e3,Centaurus,2017,31
journal_c234c6c00846d8e3,Centaurus,2018,34
journal_c234c6c00846d8e3,Centaurus,2019,43
journal_c234c6c00846d8e3,Centaurus,2020,112
journal_c234c6c00846d8e3,Centaurus,2021,70
journal_c234c6c00846d8e3,Centaurus,2022,75
journal_c234c6c00846d8e3,Centaurus,2023,58
journal_c234c6c00846d8e3,Centaurus,2024,60
journal_c234c6c00846d8e3,Centaurus,2025,60
journal_c2452c54fca6f59e,Historia. Instituciones. Documentos,2013,13
journal_c2452c54fca6f59e,Historia. Instituciones. Documentos,2014,13
journal_c2452c54fca6f59e,Historia. Instituciones. Documentos,2015,11
journal_c2452c54fca6f59e,Historia. Instituciones. Documentos,2016,10
journal_c2452c54fca6f59e,Historia. Instituciones. Documentos,2017,13
journal_c2461bf533cd622a,Journal of the Economic and Social History of the Orient,1957,17
journal_c2461bf533cd622a,Journal of the Economic and Social History of the Orient,1959,21
journal_c2461bf533cd622a,Journal of the Economic and Social History of the Orient,1960,20
journal_c2461bf533cd622a,Journal of the Economic and Social History of the Orient,1961,15
journal_c2461bf533cd622a,Journal of the Economic and Social History of the Orient,1962,13
journal_c2461bf533cd622a,Journal of the Economic and Social History of the Orient,1963,17
journal_c2461bf533cd622a,Journal of the Economic and Social History of the Orient,1964,13
journal_c2461bf533cd622a,Journal of the Economic and Social History of the Orient,1965,20
journal_c2461bf533cd622a,Journal of the Economic and Social History of the Orient,1966,15
journal_c2461bf533cd622a,Journal of the Economic and Social History of the Orient,1967,11
journal_c2461bf533cd622a,Journal of the Economic and Social History of the Orient,1968,12
journal_c2461bf533cd622a,Journal of the Economic and Social History of the Orient,1969,15
journal_c2461bf533cd622a,Journal of the Economic and Social History of the Orient,1970,21
journal_c2461bf533cd622a,Journal of the Economic and Social History of the Orient,1971,19
journal_c2461bf533cd622a,Journal of the Economic and Social History of the Orient,1972,16
journal_c2461bf533cd622a,Journal of the Economic and Social History of the Orient,1973,20
journal_c2461bf533cd622a,Journal of the Economic and Social History of the Orient,1974,19
journal_c2461bf533cd622a,Journal of the Economic and Social History of the Orient,1975,18
journal_c2461bf533cd622a,Journal of the Economic and Social History of the Orient,1976,18
journal_c2461bf533cd622a,Journal of the Economic and Social History of the Orient,1978,19
journal_c2461bf533cd622a,Journal of the Economic and Social History of the Orient,1979,16
journal_c2461bf533cd622a,Journal of the Economic and Social History of the Orient,1980,16
journal_c2461bf533cd622a,Journal of the Economic and Social History of the Orient,1981,16
journal_c2461bf533cd622a,Journal of the Economic and Social History of the Orient,1982,13
journal_c2461bf533cd622a,Journal of the Economic and Social History of the Orient,1983,13
journal_c2461bf533cd622a,Journal of the Economic and Social History of the Orient,1984,14
journal_c2461bf533cd622a,Journal of the Economic and Social History of the Orient,1985,13
journal_c2461bf533cd622a,Journal of the Economic and Social History of the Orient,1986,16
journal_c2461bf533cd622a,Journal of the Economic and Social History of the Orient,1987,18
journal_c2461bf533cd622a,Journal of the Economic and Social History of the Orient,1988,20
journal_c2461bf533cd622a,Journal of the Economic and Social History of the Orient,1989,14
journal_c2461bf533cd622a,Journal of the Economic and Social History of the Orient,1990,15
journal_c2461bf533cd622a,Journal of the Economic and Social History of the Orient,1991,21
journal_c2461bf533cd622a,Journal of the Economic and Social History of the Orient,1992,18
journal_c2461bf533cd622a,Journal of the Economic and Social History of the Orient,1993,15
journal_c2461bf533cd622a,Journal of the Economic and Social History of the Orient,1994,18
journal_c2461bf533cd622a,Journal of the Economic and Social History of the Orient,1995,46
journal_c2461bf533cd622a,Journal of the Economic and Social History of the Orient,1996,64
journal_c2461bf533cd622a,Journal of the Economic and Social History of the Orient,1997,48
journal_c2461bf533cd622a,Journal of the Economic and Social History of the Orient,1998,46
journal_c2461bf533cd622a,Journal of the Economic and Social History of the Orient,1999,26
journal_c2461bf533cd622a,Journal of the Economic and Social History of the Orient,2000,29
journal_c2461bf533cd622a,Journal of the Economic and Social History of the Orient,2001,23
journal_c2461bf533cd622a,Journal of the Economic and Social History of the Orient,2002,21
journal_c2461bf533cd622a,Journal of the Economic and Social History of the Orient,2003,22
journal_c2461bf533cd622a,Journal of the Economic and Social History of the Orient,2004,22
journal_c2461bf533cd622a,Journal of the Economic and Social History of the Orient,2005,20
journal_c2461bf533cd622a,Journal of the Economic and Social History of the Orient,2006,23
journal_c2461bf533cd622a,Journal of the Economic and Social History of the Orient,2007,40
journal_c2461bf533cd622a,Journal of the Economic and Social History of the Orient,2008,46
journal_c2461bf533cd622a,Journal of the Economic and Social History of the Orient,2009,65
journal_c2461bf533cd622a,Journal of the Economic and Social History of the Orient,2010,22
journal_c2461bf533cd622a,Journal of the Economic and Social History of the Orient,2011,81
journal_c2461bf533cd622a,Journal of the Economic and Social History of the Orient,2012,50
journal_c2461bf533cd622a,Journal of the Economic and Social History of the Orient,2013,61
journal_c2461bf533cd622a,Journal of the Economic and Social History of the Orient,2014,25
journal_c2461bf533cd622a,Journal of the Economic and Social History of the Orient,2015,25
journal_c2461bf533cd622a,Journal of the Economic and Social History of the Orient,2016,24
journal_c2461bf533cd622a,Journal of the Economic and Social History of the Orient,2017,24
journal_c2461bf533cd622a,Journal of the Economic and Social History of the Orient,2018,31
journal_c2461bf533cd622a,Journal of the Economic and Social History of the Orient,2019,37
journal_c2461bf533cd622a,Journal of the Economic and Social History of the Orient,2020,18
journal_c2461bf533cd622a,Journal of the Economic and Social History of the Orient,2021,34
journal_c2461bf533cd622a,Journal of the Economic and Social History of the Orient,2022,30
journal_c2461bf533cd622a,Journal of the Economic and Social History of the Orient,2023,27
journal_c2461bf533cd622a,Journal of the Economic and Social History of the Orient,2024,23
journal_c2461bf533cd622a,Journal of the Economic and Social History of the Orient,2025,31
journal_c2461bf533cd622a,Journal of the Economic and Social History of the Orient,2026,12
journal_c293897f8b6f4bd9,Anali Zavoda za povijesne znanosti Hrvatske akademije znanosti i umjetnosti u Dubrovniku,2013,18
journal_c293897f8b6f4bd9,Anali Zavoda za povijesne znanosti Hrvatske akademije znanosti i umjetnosti u Dubrovniku,2014,19
journal_c293897f8b6f4bd9,Anali Zavoda za povijesne znanosti Hrvatske akademije znanosti i umjetnosti u Dubrovniku,2015,15
journal_c293897f8b6f4bd9,Anali Zavoda za povijesne znanosti Hrvatske akademije znanosti i umjetnosti u Dubrovniku,2017,18
journal_c293897f8b6f4bd9,Anali Zavoda za povijesne znanosti Hrvatske akademije znanosti i umjetnosti u Dubrovniku,2018,19
journal_c293897f8b6f4bd9,Anali Zavoda za povijesne znanosti Hrvatske akademije znanosti i umjetnosti u Dubrovniku,2019,7
journal_c293897f8b6f4bd9,Anali Zavoda za povijesne znanosti Hrvatske akademije znanosti i umjetnosti u Dubrovniku,2020,10
journal_c293897f8b6f4bd9,Anali Zavoda za povijesne znanosti Hrvatske akademije znanosti i umjetnosti u Dubrovniku,2021,10
journal_c293897f8b6f4bd9,Anali Zavoda za povijesne znanosti Hrvatske akademije znanosti i umjetnosti u Dubrovniku,2022,8
journal_c293897f8b6f4bd9,Anali Zavoda za povijesne znanosti Hrvatske akademije znanosti i umjetnosti u Dubrovniku,2023,10
journal_c293897f8b6f4bd9,Anali Zavoda za povijesne znanosti Hrvatske akademije znanosti i umjetnosti u Dubrovniku,2024,8
journal_c293897f8b6f4bd9,Anali Zavoda za povijesne znanosti Hrvatske akademije znanosti i umjetnosti u Dubrovniku,2025,11
journal_c3a89c9c58a756cc,History of Education Review,2004,10
journal_c3a89c9c58a756cc,History of Education Review,2005,11
journal_c3a89c9c58a756cc,History of Education Review,2006,11
journal_c3a89c9c58a756cc,History of Education Review,2007,10
journal_c3a89c9c58a756cc,History of Education Review,2008,12
journal_c3a89c9c58a756cc,History of Education Review,2009,17
journal_c3a89c9c58a756cc,History of Education Review,2010,11
journal_c3a89c9c58a756cc,History of Education Review,2011,20
journal_c3a89c9c58a756cc,History of Education Review,2012,12
journal_c3a89c9c58a756cc,History of Education Review,2013,20
journal_c3a89c9c58a756cc,History of Education Review,2014,25
journal_c3a89c9c58a756cc,History of Education Review,2015,23
journal_c3a89c9c58a756cc,History of Education Review,2016,22
journal_c3a89c9c58a756cc,History of Education Review,2017,24
journal_c3a89c9c58a756cc,History of Education Review,2018,30
journal_c3a89c9c58a756cc,History of Education Review,2019,21
journal_c3a89c9c58a756cc,History of Education Review,2020,35
journal_c3a89c9c58a756cc,History of Education Review,2021,24
journal_c3a89c9c58a756cc,History of Education Review,2022,14
journal_c3a89c9c58a756cc,History of Education Review,2023,10
journal_c3a89c9c58a756cc,History of Education Review,2024,17
journal_c3a89c9c58a756cc,History of Education Review,2025,11
journal_c3a89c9c58a756cc,History of Education Review,2026,10
journal_c3ea04dfb8fa5d34,Klio,1901,25
journal_c3ea04dfb8fa5d34,Klio,1902,30
journal_c3ea04dfb8fa5d34,Klio,1903,37
journal_c3ea04dfb8fa5d34,Klio,1904,41
journal_c3ea04dfb8fa5d34,Klio,1905,51
journal_c3ea04dfb8fa5d34,Klio,1906,40
journal_c3ea04dfb8fa5d34,Klio,1907,43
journal_c3ea04dfb8fa5d34,Klio,1908,34
journal_c3ea04dfb8fa5d34,Klio,1909,60
journal_c3ea04dfb8fa5d34,Klio,1910,50
journal_c3ea04dfb8fa5d34,Klio,1911,28
journal_c3ea04dfb8fa5d34,Klio,1912,41
journal_c3ea04dfb8fa5d34,Klio,1913,35
journal_c3ea04dfb8fa5d34,Klio,1915,41
journal_c3ea04dfb8fa5d34,Klio,1918,30
journal_c3ea04dfb8fa5d34,Klio,1920,28
journal_c3ea04dfb8fa5d34,Klio,1921,40
journal_c3ea04dfb8fa5d34,Klio,1923,37
journal_c3ea04dfb8fa5d34,Klio,1925,52
journal_c3ea04dfb8fa5d34,Klio,1926,45
journal_c3ea04dfb8fa5d34,Klio,1927,55
journal_c3ea04dfb8fa5d34,Klio,1929,46
journal_c3ea04dfb8fa5d34,Klio,1930,45
journal_c3ea04dfb8fa5d34,Klio,1931,38
journal_c3ea04dfb8fa5d34,Klio,1932,36
journal_c3ea04dfb8fa5d34,Klio,1933,39
journal_c3ea04dfb8fa5d34,Klio,1934,31
journal_c3ea04dfb8fa5d34,Klio,1935,37
journal_c3ea04dfb8fa5d34,Klio,1936,52
journal_c3ea04dfb8fa5d34,Klio,1937,40
journal_c3ea04dfb8fa5d34,Klio,1938,30
journal_c3ea04dfb8fa5d34,Klio,1939,25
journal_c3ea04dfb8fa5d34,Klio,1940,31
journal_c3ea04dfb8fa5d34,Klio,1941,18
journal_c3ea04dfb8fa5d34,Klio,1942,22
journal_c3ea04dfb8fa5d34,Klio,1943,16
journal_c3ea04dfb8fa5d34,Klio,1959,21
journal_c3ea04dfb8fa5d34,Klio,1960,25
journal_c3ea04dfb8fa5d34,Klio,1961,20
journal_c3ea04dfb8fa5d34,Klio,1962,21
journal_c3ea04dfb8fa5d34,Klio,1963,17
journal_c3ea04dfb8fa5d34,Klio,1964,12
journal_c3ea04dfb8fa5d34,Klio,1965,60
journal_c3ea04dfb8fa5d34,Klio,1966,17
journal_c3ea04dfb8fa5d34,Klio,1967,43
journal_c3ea04dfb8fa5d34,Klio,1968,15
journal_c3ea04dfb8fa5d34,Klio,1969,24
journal_c3ea04dfb8fa5d34,Klio,1970,57
journal_c3ea04dfb8fa5d34,Klio,1971,28
journal_c3ea04dfb8fa5d34,Klio,1972,25
journal_c3ea04dfb8fa5d34,Klio,1973,24
journal_c3ea04dfb8fa5d34,Klio,1974,32
journal_c3ea04dfb8fa5d34,Klio,1975,45
journal_c3ea04dfb8fa5d34,Klio,1976,47
journal_c3ea04dfb8fa5d34,Klio,1977,46
journal_c3ea04dfb8fa5d34,Klio,1978,63
journal_c3ea04dfb8fa5d34,Klio,1979,68
journal_c3ea04dfb8fa5d34,Klio,1980,68
journal_c3ea04dfb8fa5d34,Klio,1981,61
journal_c3ea04dfb8fa5d34,Klio,1982,70
journal_c3ea04dfb8fa5d34,Klio,1983,72
journal_c3ea04dfb8fa5d34,Klio,1984,66
journal_c3ea04dfb8fa5d34,Klio,1985,95
journal_c3ea04dfb8fa5d34,Klio,1986,68
journal_c3ea04dfb8fa5d34,Klio,1987,56
journal_c3ea04dfb8fa5d34,Klio,1988,37
journal_c3ea04dfb8fa5d34,Klio,1989,68
journal_c3ea04dfb8fa5d34,Klio,1990,37
journal_c3ea04dfb8fa5d34,Klio,1991,55
journal_c3ea04dfb8fa5d34,Klio,1992,33
journal_c3ea04dfb8fa5d34,Klio,1993,36
journal_c3ea04dfb8fa5d34,Klio,1994,28
journal_c3ea04dfb8fa5d34,Klio,1995,33
journal_c3ea04dfb8fa5d34,Klio,1996,32
journal_c3ea04dfb8fa5d34,Klio,1997,29
journal_c3ea04dfb8fa5d34,Klio,1998,26
journal_c3ea04dfb8fa5d34,Klio,1999,26
journal_c3ea04dfb8fa5d34,Klio,2000,30
journal_c3ea04dfb8fa5d34,Klio,2001,29
journal_c3ea04dfb8fa5d34,Klio,2002,24
journal_c3ea04dfb8fa5d34,Klio,2003,31
journal_c3ea04dfb8fa5d34,Klio,2004,25
journal_c3ea04dfb8fa5d34,Klio,2005,26
journal_c3ea04dfb8fa5d34,Klio,2006,30
journal_c3ea04dfb8fa5d34,Klio,2007,28
journal_c3ea04dfb8fa5d34,Klio,2008,24
journal_c3ea04dfb8fa5d34,Klio,2009,27
journal_c3ea04dfb8fa5d34,Klio,2010,12
journal_c3ea04dfb8fa5d34,Klio,2011,27
journal_c3ea04dfb8fa5d34,Klio,2012,25
journal_c3ea04dfb8fa5d34,Klio,2013,20
journal_c3ea04dfb8fa5d34,Klio,2014,85
journal_c3ea04dfb8fa5d34,Klio,2015,73
journal_c3ea04dfb8fa5d34,Klio,2016,71
journal_c3ea04dfb8fa5d34,Klio,2017,33
journal_c3ea04dfb8fa5d34,Klio,2018,131
journal_c3ea04dfb8fa5d34,Klio,2019,72
journal_c3ea04dfb8fa5d34,Klio,2020,67
journal_c3ea04dfb8fa5d34,Klio,2021,70
journal_c3ea04dfb8fa5d34,Klio,2022,45
journal_c3ea04dfb8fa5d34,Klio,2023,41
journal_c3ea04dfb8fa5d34,Klio,2024,51
journal_c3ea04dfb8fa5d34,Klio,2025,46
journal_c3ea04dfb8fa5d34,Klio,2026,18
journal_c3ea04dfb8fa5d34,klio,2010,12
journal_c581690fb5cc4430,Povijesni prilozi,2017,13
journal_c581690fb5cc4430,Povijesni prilozi,2018,22
journal_c581690fb5cc4430,Povijesni prilozi,2019,16
journal_c581690fb5cc4430,Povijesni prilozi,2020,15
journal_c581690fb5cc4430,Povijesni prilozi,2021,22
journal_c581690fb5cc4430,Povijesni prilozi,2022,18
journal_c581690fb5cc4430,Povijesni prilozi,2023,25
journal_c581690fb5cc4430,Povijesni prilozi,2024,23
journal_c581690fb5cc4430,Povijesni prilozi,2025,16
journal_c581690fb5cc4430,Povijesni prilozi,2026,11
journal_c6b43684f97d61b4,Temas Americanistas,2019,10
journal_c6b43684f97d61b4,Temas Americanistas,2020,12
journal_c6b43684f97d61b4,Temas Americanistas,2021,45
journal_c6b43684f97d61b4,Temas Americanistas,2022,50
journal_c6b43684f97d61b4,Temas Americanistas,2023,25
journal_c6b43684f97d61b4,Temas Americanistas,2024,39
journal_c6b43684f97d61b4,Temas Americanistas,2025,46
journal_c6b43684f97d61b4,Temas Americanistas,2026,17
journal_c782341e2d63843a,Twentieth Century British History,1990,23
journal_c782341e2d63843a,Twentieth Century British History,1991,32
journal_c782341e2d63843a,Twentieth Century British History,1992,34
journal_c782341e2d63843a,Twentieth Century British History,1993,22
journal_c782341e2d63843a,Twentieth Century British History,1994,22
journal_c782341e2d63843a,Twentieth Century British History,1995,25
journal_c782341e2d63843a,Twentieth Century British History,1996,24
journal_c782341e2d63843a,Twentieth Century British History,1997,33
journal_c782341e2d63843a,Twentieth Century British History,1998,33
journal_c782341e2d63843a,Twentieth Century British History,1999,39
journal_c782341e2d63843a,Twentieth Century British History,2000,44
journal_c782341e2d63843a,Twentieth Century British History,2001,45
journal_c782341e2d63843a,Twentieth Century British History,2002,40
journal_c782341e2d63843a,Twentieth Century British History,2003,39
journal_c782341e2d63843a,Twentieth Century British History,2004,41
journal_c782341e2d63843a,Twentieth Century British History,2005,66
journal_c782341e2d63843a,Twentieth Century British History,2006,43
journal_c782341e2d63843a,Twentieth Century British History,2007,53
journal_c782341e2d63843a,Twentieth Century British History,2008,34
journal_c782341e2d63843a,Twentieth Century British History,2009,52
journal_c782341e2d63843a,Twentieth Century British History,2010,66
journal_c782341e2d63843a,Twentieth Century British History,2011,70
journal_c782341e2d63843a,Twentieth Century British History,2012,58
journal_c782341e2d63843a,Twentieth Century British History,2013,40
journal_c782341e2d63843a,Twentieth Century British History,2014,68
journal_c782341e2d63843a,Twentieth Century British History,2015,49
journal_c782341e2d63843a,Twentieth Century British History,2016,61
journal_c782341e2d63843a,Twentieth Century British History,2017,66
journal_c782341e2d63843a,Twentieth Century British History,2018,49
journal_c782341e2d63843a,Twentieth Century British History,2019,49
journal_c782341e2d63843a,Twentieth Century British History,2020,53
journal_c782341e2d63843a,Twentieth Century British History,2021,42
journal_c782341e2d63843a,Twentieth Century British History,2022,44
journal_c782341e2d63843a,Twentieth Century British History,2023,57
journal_c7c09979aff15611,Croatica Christiana periodica,2021,16
journal_c7c09979aff15611,Croatica Christiana periodica,2022,8
journal_c7c09979aff15611,Croatica Christiana periodica,2023,15
journal_c7c09979aff15611,Croatica Christiana periodica,2024,22
journal_c7c09979aff15611,Croatica Christiana periodica,2025,7
journal_c7c09979aff15611,Croatica Christiana periodica,2026,7
journal_c9168e421ddebe7a,Revue de l'histoire des religions,1946,15
journal_c9168e421ddebe7a,Revue de l'histoire des religions,1947,16
journal_c9168e421ddebe7a,Revue de l'histoire des religions,1949,17
journal_c9168e421ddebe7a,Revue de l'histoire des religions,1950,17
journal_c9168e421ddebe7a,Revue de l'histoire des religions,1951,15
journal_c9168e421ddebe7a,Revue de l'histoire des religions,1952,15
journal_c9168e421ddebe7a,Revue de l'histoire des religions,1953,15
journal_c9168e421ddebe7a,Revue de l'histoire des religions,1954,16
journal_c9168e421ddebe7a,Revue de l'histoire des religions,1955,15
journal_c9168e421ddebe7a,Revue de l'histoire des religions,1956,13
journal_c9168e421ddebe7a,Revue de l'histoire des religions,1957,13
journal_c9168e421ddebe7a,Revue de l'histoire des religions,1958,14
journal_c9168e421ddebe7a,Revue de l'histoire des religions,1959,14
journal_c9168e421ddebe7a,Revue de l'histoire des religions,1960,13
journal_c9168e421ddebe7a,Revue de l'histoire des religions,1961,14
journal_c9168e421ddebe7a,Revue de l'histoire des religions,1962,12
journal_c9168e421ddebe7a,Revue de l'histoire des religions,1963,13
journal_c9168e421ddebe7a,Revue de l'histoire des religions,1964,12
journal_c9168e421ddebe7a,Revue de l'histoire des religions,1965,11
journal_c9168e421ddebe7a,Revue de l'histoire des religions,1966,12
journal_c9168e421ddebe7a,Revue de l'histoire des religions,1967,11
journal_c9168e421ddebe7a,Revue de l'histoire des religions,1968,14
journal_c9168e421ddebe7a,Revue de l'histoire des religions,1969,11
journal_c9168e421ddebe7a,Revue de l'histoire des religions,1970,11
journal_c9168e421ddebe7a,Revue de l'histoire des religions,1971,10
journal_c9168e421ddebe7a,Revue de l'histoire des religions,1972,12
journal_c9168e421ddebe7a,Revue de l'histoire des religions,1973,12
journal_c9168e421ddebe7a,Revue de l'histoire des religions,1974,13
journal_c9168e421ddebe7a,Revue de l'histoire des religions,1975,13
journal_c9168e421ddebe7a,Revue de l'histoire des religions,1976,13
journal_c9168e421ddebe7a,Revue de l'histoire des religions,1977,15
journal_c9168e421ddebe7a,Revue de l'histoire des religions,1978,11
journal_c9168e421ddebe7a,Revue de l'histoire des religions,1979,12
journal_c9168e421ddebe7a,Revue de l'histoire des religions,1980,13
journal_c9168e421ddebe7a,Revue de l'histoire des religions,1981,13
journal_c9168e421ddebe7a,Revue de l'histoire des religions,1982,13
journal_c9168e421ddebe7a,Revue de l'histoire des religions,1983,14
journal_c9168e421ddebe7a,Revue de l'histoire des religions,1984,13
journal_c9168e421ddebe7a,Revue de l'histoire des religions,1985,12
journal_c9168e421ddebe7a,Revue de l'histoire des religions,1986,14
journal_c9168e421ddebe7a,Revue de l'histoire des religions,1987,13
journal_c9168e421ddebe7a,Revue de l'histoire des religions,1988,20
journal_c9168e421ddebe7a,Revue de l'histoire des religions,1989,16
journal_c9168e421ddebe7a,Revue de l'histoire des religions,1990,12
journal_c9168e421ddebe7a,Revue de l'histoire des religions,1991,14
journal_c9168e421ddebe7a,Revue de l'histoire des religions,1992,15
journal_c9168e421ddebe7a,Revue de l'histoire des religions,1993,14
journal_c9168e421ddebe7a,Revue de l'histoire des religions,1994,14
journal_c9168e421ddebe7a,Revue de l'histoire des religions,1995,13
journal_c9168e421ddebe7a,Revue de l'histoire des religions,1996,18
journal_c9168e421ddebe7a,Revue de l'histoire des religions,1997,16
journal_c9168e421ddebe7a,Revue de l'histoire des religions,1998,16
journal_c9168e421ddebe7a,Revue de l'histoire des religions,1999,14
journal_c9168e421ddebe7a,Revue de l'histoire des religions,2000,40
journal_c9168e421ddebe7a,Revue de l'histoire des religions,2001,17
journal_c9168e421ddebe7a,Revue de l'histoire des religions,2002,18
journal_c9168e421ddebe7a,Revue de l'histoire des religions,2003,14
journal_c9168e421ddebe7a,Revue de l'histoire des religions,2004,17
journal_c9168e421ddebe7a,Revue de l'histoire des religions,2005,41
journal_c9168e421ddebe7a,Revue de l'histoire des religions,2006,42
journal_c9168e421ddebe7a,Revue de l'histoire des religions,2007,40
journal_c9168e421ddebe7a,Revue de l'histoire des religions,2008,45
journal_c9168e421ddebe7a,Revue de l'histoire des religions,2009,52
journal_c9168e421ddebe7a,Revue de l'histoire des religions,2010,58
journal_c9168e421ddebe7a,Revue de l'histoire des religions,2011,58
journal_c9168e421ddebe7a,Revue de l'histoire des religions,2012,79
journal_c9168e421ddebe7a,Revue de l'histoire des religions,2013,57
journal_c9168e421ddebe7a,Revue de l'histoire des religions,2014,72
journal_c9168e421ddebe7a,Revue de l'histoire des religions,2015,64
journal_c9168e421ddebe7a,Revue de l'histoire des religions,2016,68
journal_c9168e421ddebe7a,Revue de l'histoire des religions,2017,78
journal_c9168e421ddebe7a,Revue de l'histoire des religions,2018,70
journal_c9168e421ddebe7a,Revue de l'histoire des religions,2019,76
journal_c9168e421ddebe7a,Revue de l'histoire des religions,2020,69
journal_c9168e421ddebe7a,Revue de l'histoire des religions,2021,86
journal_c9168e421ddebe7a,Revue de l'histoire des religions,2022,58
journal_c9168e421ddebe7a,Revue de l'histoire des religions,2023,72
journal_c9168e421ddebe7a,Revue de l'histoire des religions,2024,70
journal_c9168e421ddebe7a,Revue de l'histoire des religions,2025,49
journal_c9168e421ddebe7a,Revue de l'histoire des religions,2026,27
journal_c97a546045c469c8,South African Historical Journal,1969,11
journal_c97a546045c469c8,South African Historical Journal,1970,7
journal_c97a546045c469c8,South African Historical Journal,1971,8
journal_c97a546045c469c8,South African Historical Journal,1972,6
journal_c97a546045c469c8,South African Historical Journal,1973,9
journal_c97a546045c469c8,South African Historical Journal,1974,7
journal_c97a546045c469c8,South African Historical Journal,1975,8
journal_c97a546045c469c8,South African Historical Journal,1976,8
journal_c97a546045c469c8,South African Historical Journal,1977,7
journal_c97a546045c469c8,South African Historical Journal,1978,8
journal_c97a546045c469c8,South African Historical Journal,1979,7
journal_c97a546045c469c8,South African Historical Journal,1980,8
journal_c97a546045c469c8,South African Historical Journal,1981,9
journal_c97a546045c469c8,South African Historical Journal,1982,10
journal_c97a546045c469c8,South African Historical Journal,1983,10
journal_c97a546045c469c8,South African Historical Journal,1984,10
journal_c97a546045c469c8,South African Historical Journal,1985,10
journal_c97a546045c469c8,South African Historical Journal,1986,16
journal_c97a546045c469c8,South African Historical Journal,1987,14
journal_c97a546045c469c8,South African Historical Journal,1988,11
journal_c97a546045c469c8,South African Historical Journal,1989,7
journal_c97a546045c469c8,South African Historical Journal,1990,31
journal_c97a546045c469c8,South African Historical Journal,1991,50
journal_c97a546045c469c8,South African Historical Journal,1992,51
journal_c97a546045c469c8,South African Historical Journal,1993,47
journal_c97a546045c469c8,South African Historical Journal,1994,42
journal_c97a546045c469c8,South African Historical Journal,1995,43
journal_c97a546045c469c8,South African Historical Journal,1996,39
journal_c97a546045c469c8,South African Historical Journal,1997,42
journal_c97a546045c469c8,South African Historical Journal,1998,39
journal_c97a546045c469c8,South African Historical Journal,1999,41
journal_c97a546045c469c8,South African Historical Journal,2000,38
journal_c97a546045c469c8,South African Historical Journal,2001,29
journal_c97a546045c469c8,South African Historical Journal,2002,30
journal_c97a546045c469c8,South African Historical Journal,2003,31
journal_c97a546045c469c8,South African Historical Journal,2004,33
journal_c97a546045c469c8,South African Historical Journal,2005,36
journal_c97a546045c469c8,South African Historical Journal,2006,32
journal_c97a546045c469c8,South African Historical Journal,2007,48
journal_c97a546045c469c8,South African Historical Journal,2008,45
journal_c97a546045c469c8,South African Historical Journal,2009,49
journal_c97a546045c469c8,South African Historical Journal,2010,49
journal_c97a546045c469c8,South African Historical Journal,2011,39
journal_c97a546045c469c8,South African Historical Journal,2012,60
journal_c97a546045c469c8,South African Historical Journal,2013,60
journal_c97a546045c469c8,South African Historical Journal,2014,46
journal_c97a546045c469c8,South African Historical Journal,2015,41
journal_c97a546045c469c8,South African Historical Journal,2016,52
journal_c97a546045c469c8,South African Historical Journal,2017,52
journal_c97a546045c469c8,South African Historical Journal,2018,51
journal_c97a546045c469c8,South African Historical Journal,2019,42
journal_c97a546045c469c8,South African Historical Journal,2020,48
journal_c97a546045c469c8,South African Historical Journal,2021,66
journal_c97a546045c469c8,South African Historical Journal,2022,52
journal_c97a546045c469c8,South African Historical Journal,2023,42
journal_c97a546045c469c8,South African Historical Journal,2024,39
journal_c97a546045c469c8,South African Historical Journal,2025,44
journal_c97a546045c469c8,South African Historical Journal,2026,43
journal_ca95e71681fc7e1a,Istorija 20 veka,2025,13
journal_ca95e71681fc7e1a,Istorija 20 veka,2026,26
journal_ca95e71681fc7e1a,Istorija 20. veka,2011,43
journal_ca95e71681fc7e1a,Istorija 20. veka,2012,45
journal_ca95e71681fc7e1a,Istorija 20. veka,2013,27
journal_ca95e71681fc7e1a,Istorija 20. veka,2014,28
journal_ca95e71681fc7e1a,Istorija 20. veka,2015,25
journal_ca95e71681fc7e1a,Istorija 20. veka,2016,22
journal_ca95e71681fc7e1a,Istorija 20. veka,2017,21
journal_ca95e71681fc7e1a,Istorija 20. veka,2018,23
journal_ca95e71681fc7e1a,Istorija 20. veka,2019,25
journal_ca95e71681fc7e1a,Istorija 20. veka,2020,27
journal_ca95e71681fc7e1a,Istorija 20. veka,2021,26
journal_ca95e71681fc7e1a,Istorija 20. veka,2022,28
journal_ca95e71681fc7e1a,Istorija 20. veka,2023,27
journal_ca95e71681fc7e1a,Istorija 20. veka,2024,27
journal_ca95e71681fc7e1a,Istorija 20. veka,2025,14
journal_cbd6a933b40e0219,e-Journal of Portuguese History,2024,34
journal_cbd6a933b40e0219,e-Journal of Portuguese History,2025,26
journal_cbd6a933b40e0219,e-Journal of Portuguese History,2026,11
journal_cc0994c4fffcf676,Cahiers du monde russe,1994,34
journal_cc0994c4fffcf676,Cahiers du monde russe,1995,25
journal_cc0994c4fffcf676,Cahiers du monde russe,1996,23
journal_cc0994c4fffcf676,Cahiers du monde russe,1997,24
journal_cc0994c4fffcf676,Cahiers du monde russe,1998,27
journal_cc0994c4fffcf676,Cahiers du monde russe,1999,65
journal_cc0994c4fffcf676,Cahiers du monde russe,2000,32
journal_cc0994c4fffcf676,Cahiers du monde russe,2001,56
journal_cc0994c4fffcf676,Cahiers du monde russe,2002,117
journal_cc0994c4fffcf676,Cahiers du monde russe,2003,91
journal_cc0994c4fffcf676,Cahiers du monde russe,2004,96
journal_cc0994c4fffcf676,Cahiers du monde russe,2005,137
journal_cc0994c4fffcf676,Cahiers du monde russe,2006,101
journal_cc0994c4fffcf676,Cahiers du monde russe,2007,119
journal_cc0994c4fffcf676,Cahiers du monde russe,2008,91
journal_cc0994c4fffcf676,Cahiers du monde russe,2009,183
journal_cc0994c4fffcf676,Cahiers du monde russe,2010,102
journal_cc0994c4fffcf676,Cahiers du monde russe,2011,99
journal_cc0994c4fffcf676,Cahiers du monde russe,2012,91
journal_cc0994c4fffcf676,Cahiers du monde russe,2013,28
journal_cc0994c4fffcf676,Cahiers du monde russe,2014,67
journal_cc0994c4fffcf676,Cahiers du monde russe,2015,68
journal_cc0994c4fffcf676,Cahiers du monde russe,2016,57
journal_cc0994c4fffcf676,Cahiers du monde russe,2017,56
journal_cc0994c4fffcf676,Cahiers du monde russe,2018,70
journal_cc0994c4fffcf676,Cahiers du monde russe,2019,59
journal_cc0994c4fffcf676,Cahiers du monde russe,2020,38
journal_cc0994c4fffcf676,Cahiers du monde russe,2021,65
journal_cc0994c4fffcf676,Cahiers du monde russe,2022,86
journal_cc0994c4fffcf676,Cahiers du monde russe,2023,93
journal_cc0994c4fffcf676,Cahiers du monde russe,2024,19
journal_cc21c94c66fe3843,American Jewish History,1996,47
journal_cc21c94c66fe3843,American Jewish History,1997,36
journal_cc21c94c66fe3843,American Jewish History,1998,32
journal_cc21c94c66fe3843,American Jewish History,1999,46
journal_cc21c94c66fe3843,American Jewish History,2000,74
journal_cc21c94c66fe3843,American Jewish History,2001,75
journal_cc21c94c66fe3843,American Jewish History,2002,75
journal_cc21c94c66fe3843,American Jewish History,2003,54
journal_cc21c94c66fe3843,American Jewish History,2004,78
journal_cc21c94c66fe3843,American Jewish History,2007,62
journal_cc21c94c66fe3843,American Jewish History,2008,60
journal_cc21c94c66fe3843,American Jewish History,2009,47
journal_cc21c94c66fe3843,American Jewish History,2010,40
journal_cc21c94c66fe3843,American Jewish History,2013,59
journal_cc21c94c66fe3843,American Jewish History,2014,48
journal_cc21c94c66fe3843,American Jewish History,2015,48
journal_cc21c94c66fe3843,American Jewish History,2016,74
journal_cc21c94c66fe3843,American Jewish History,2017,79
journal_cc21c94c66fe3843,American Jewish History,2018,60
journal_cc21c94c66fe3843,American Jewish History,2019,68
journal_cc21c94c66fe3843,American Jewish History,2020,69
journal_cc21c94c66fe3843,American Jewish History,2021,67
journal_cc21c94c66fe3843,American Jewish History,2022,59
journal_cc21c94c66fe3843,American Jewish History,2023,35
journal_cc21c94c66fe3843,American Jewish History,2024,55
journal_cc21c94c66fe3843,American Jewish History,2025,15
journal_cceba9b53846150a,Avances del Cesor,2011,10
journal_cceba9b53846150a,Avances del Cesor,2012,10
journal_cceba9b53846150a,Avances del Cesor,2013,12
journal_cceba9b53846150a,Avances del Cesor,2014,10
journal_cceba9b53846150a,Avances del Cesor,2015,23
journal_cceba9b53846150a,Avances del Cesor,2016,21
journal_cceba9b53846150a,Avances del Cesor,2017,18
journal_cceba9b53846150a,Avances del Cesor,2018,19
journal_cceba9b53846150a,Avances del Cesor,2019,24
journal_cceba9b53846150a,Avances del Cesor,2020,20
journal_cceba9b53846150a,Avances del Cesor,2021,18
journal_cceba9b53846150a,Avances del Cesor,2022,20
journal_cceba9b53846150a,Avances del Cesor,2023,18
journal_cceba9b53846150a,Avances del Cesor,2024,19
journal_cceba9b53846150a,Avances del Cesor,2025,22
journal_cceba9b53846150a,Avances del Cesor,2026,11
journal_cd8ea342913754b3,Histoire urbaine,2000,37
journal_cd8ea342913754b3,Histoire urbaine,2001,36
journal_cd8ea342913754b3,Histoire urbaine,2002,29
journal_cd8ea342913754b3,Histoire urbaine,2003,34
journal_cd8ea342913754b3,Histoire urbaine,2004,41
journal_cd8ea342913754b3,Histoire urbaine,2005,42
journal_cd8ea342913754b3,Histoire urbaine,2006,39
journal_cd8ea342913754b3,Histoire urbaine,2007,43
journal_cd8ea342913754b3,Histoire urbaine,2008,15
journal_cd8ea342913754b3,Histoire urbaine,2009,37
journal_cd8ea342913754b3,Histoire urbaine,2010,58
journal_cd8ea342913754b3,Histoire urbaine,2011,42
journal_cd8ea342913754b3,Histoire urbaine,2012,48
journal_cd8ea342913754b3,Histoire urbaine,2013,37
journal_cd8ea342913754b3,Histoire urbaine,2014,45
journal_cd8ea342913754b3,Histoire urbaine,2015,46
journal_cd8ea342913754b3,Histoire urbaine,2016,42
journal_cd8ea342913754b3,Histoire urbaine,2017,62
journal_cd8ea342913754b3,Histoire urbaine,2018,53
journal_cd8ea342913754b3,Histoire urbaine,2019,56
journal_cd8ea342913754b3,Histoire urbaine,2020,47
journal_cd8ea342913754b3,Histoire urbaine,2021,70
journal_cd8ea342913754b3,Histoire urbaine,2022,10
journal_cd8ea342913754b3,Histoire urbaine,2023,3
journal_cd8ea342913754b3,Histoire urbaine,2024,1
journal_cd8ea342913754b3,Histoire urbaine | Activité historienne et appartenance urbaine,2023,37
journal_cd8ea342913754b3,Histoire urbaine | Contre l’impôt ?,2023,20
journal_cd8ea342913754b3,"Histoire urbaine | Faire diaspora en ville, XIII e -XIX e  siècle",2022,16
journal_cd8ea342913754b3,Histoire urbaine | L’économie mixte et l’aménagement urbain,2024,11
journal_cd8ea342913754b3,Histoire urbaine | Persécution des juifs et espace urbain,2022,17
journal_cd8ea342913754b3,Histoire urbaine | Repenser l’urbain depuis l’Afrique,2022,19
journal_ce1f623ed2219e26,International Labor and Working-Class History,1976,36
journal_ce1f623ed2219e26,International Labor and Working-Class History,1977,46
journal_ce1f623ed2219e26,International Labor and Working-Class History,1978,20
journal_ce1f623ed2219e26,International Labor and Working-Class History,1979,56
journal_ce1f623ed2219e26,International Labor and Working-Class History,1980,45
journal_ce1f623ed2219e26,International Labor and Working-Class History,1981,45
journal_ce1f623ed2219e26,International Labor and Working-Class History,1982,69
journal_ce1f623ed2219e26,International Labor and Working-Class History,1983,60
journal_ce1f623ed2219e26,International Labor and Working-Class History,1984,65
journal_ce1f623ed2219e26,International Labor and Working-Class History,1985,53
journal_ce1f623ed2219e26,International Labor and Working-Class History,1986,47
journal_ce1f623ed2219e26,International Labor and Working-Class History,1987,62
journal_ce1f623ed2219e26,International Labor and Working-Class History,1988,63
journal_ce1f623ed2219e26,International Labor and Working-Class History,1989,54
journal_ce1f623ed2219e26,International Labor and Working-Class History,1990,63
journal_ce1f623ed2219e26,International Labor and Working-Class History,1991,65
journal_ce1f623ed2219e26,International Labor and Working-Class History,1992,65
journal_ce1f623ed2219e26,International Labor and Working-Class History,1993,65
journal_ce1f623ed2219e26,International Labor and Working-Class History,1994,83
journal_ce1f623ed2219e26,International Labor and Working-Class History,1995,67
journal_ce1f623ed2219e26,International Labor and Working-Class History,1996,73
journal_ce1f623ed2219e26,International Labor and Working-Class History,1997,100
journal_ce1f623ed2219e26,International Labor and Working-Class History,1998,93
journal_ce1f623ed2219e26,International Labor and Working-Class History,1999,80
journal_ce1f623ed2219e26,International Labor and Working-Class History,2000,59
journal_ce1f623ed2219e26,International Labor and Working-Class History,2001,30
journal_ce1f623ed2219e26,International Labor and Working-Class History,2002,62
journal_ce1f623ed2219e26,International Labor and Working-Class History,2003,72
journal_ce1f623ed2219e26,International Labor and Working-Class History,2004,59
journal_ce1f623ed2219e26,International Labor and Working-Class History,2005,34
journal_ce1f623ed2219e26,International Labor and Working-Class History,2006,40
journal_ce1f623ed2219e26,International Labor and Working-Class History,2007,32
journal_ce1f623ed2219e26,International Labor and Working-Class History,2008,27
journal_ce1f623ed2219e26,International Labor and Working-Class History,2009,35
journal_ce1f623ed2219e26,International Labor and Working-Class History,2010,38
journal_ce1f623ed2219e26,International Labor and Working-Class History,2011,35
journal_ce1f623ed2219e26,International Labor and Working-Class History,2012,55
journal_ce1f623ed2219e26,International Labor and Working-Class History,2013,41
journal_ce1f623ed2219e26,International Labor and Working-Class History,2014,33
journal_ce1f623ed2219e26,International Labor and Working-Class History,2015,32
journal_ce1f623ed2219e26,International Labor and Working-Class History,2016,37
journal_ce1f623ed2219e26,International Labor and Working-Class History,2017,32
journal_ce1f623ed2219e26,International Labor and Working-Class History,2018,35
journal_ce1f623ed2219e26,International Labor and Working-Class History,2019,23
journal_ce1f623ed2219e26,International Labor and Working-Class History,2020,36
journal_ce1f623ed2219e26,International Labor and Working-Class History,2021,18
journal_ce1f623ed2219e26,International Labor and Working-Class History,2022,32
journal_ce1f623ed2219e26,International Labor and Working-Class History,2023,41
journal_ce1f623ed2219e26,International Labor and Working-Class History,2024,39
journal_ce1f623ed2219e26,International Labor and Working-Class History,2025,30
journal_ce1f623ed2219e26,International Labor and Working-Class History,2026,8
journal_ce86c0d0153d20cd,Early Science and Medicine,1996,13
journal_ce86c0d0153d20cd,Early Science and Medicine,1997,19
journal_ce86c0d0153d20cd,Early Science and Medicine,1998,26
journal_ce86c0d0153d20cd,Early Science and Medicine,1999,30
journal_ce86c0d0153d20cd,Early Science and Medicine,2000,36
journal_ce86c0d0153d20cd,Early Science and Medicine,2001,21
journal_ce86c0d0153d20cd,Early Science and Medicine,2002,25
journal_ce86c0d0153d20cd,Early Science and Medicine,2003,22
journal_ce86c0d0153d20cd,Early Science and Medicine,2004,18
journal_ce86c0d0153d20cd,Early Science and Medicine,2005,29
journal_ce86c0d0153d20cd,Early Science and Medicine,2006,18
journal_ce86c0d0153d20cd,Early Science and Medicine,2007,48
journal_ce86c0d0153d20cd,Early Science and Medicine,2008,51
journal_ce86c0d0153d20cd,Early Science and Medicine,2009,48
journal_ce86c0d0153d20cd,Early Science and Medicine,2010,33
journal_ce86c0d0153d20cd,Early Science and Medicine,2011,52
journal_ce86c0d0153d20cd,Early Science and Medicine,2012,50
journal_ce86c0d0153d20cd,Early Science and Medicine,2013,40
journal_ce86c0d0153d20cd,Early Science and Medicine,2014,30
journal_ce86c0d0153d20cd,Early Science and Medicine,2015,31
journal_ce86c0d0153d20cd,Early Science and Medicine,2016,71
journal_ce86c0d0153d20cd,Early Science and Medicine,2017,31
journal_ce86c0d0153d20cd,Early Science and Medicine,2018,31
journal_ce86c0d0153d20cd,Early Science and Medicine,2019,19
journal_ce86c0d0153d20cd,Early Science and Medicine,2020,38
journal_ce86c0d0153d20cd,Early Science and Medicine,2021,47
journal_ce86c0d0153d20cd,Early Science and Medicine,2022,32
journal_ce86c0d0153d20cd,Early Science and Medicine,2023,35
journal_ce86c0d0153d20cd,Early Science and Medicine,2024,31
journal_ce86c0d0153d20cd,Early Science and Medicine,2025,37
journal_ce86c0d0153d20cd,Early Science and Medicine,2026,13
journal_ce86c0d0153d20cd,Early Science in Medicine,2014,4
journal_d046d761f06295b8,Russian History,1974,11
journal_d046d761f06295b8,Russian History,1975,14
journal_d046d761f06295b8,Russian History,1976,15
journal_d046d761f06295b8,Russian History,1977,17
journal_d046d761f06295b8,Russian History,1978,15
journal_d046d761f06295b8,Russian History,1979,12
journal_d046d761f06295b8,Russian History,1980,27
journal_d046d761f06295b8,Russian History,1981,20
journal_d046d761f06295b8,Russian History,1982,23
journal_d046d761f06295b8,Russian History,1983,19
journal_d046d761f06295b8,Russian History,1984,26
journal_d046d761f06295b8,Russian History,1985,18
journal_d046d761f06295b8,Russian History,1986,20
journal_d046d761f06295b8,Russian History,1987,19
journal_d046d761f06295b8,Russian History,1988,8
journal_d046d761f06295b8,Russian History,1989,24
journal_d046d761f06295b8,Russian History,1990,133
journal_d046d761f06295b8,Russian History,1991,18
journal_d046d761f06295b8,Russian History,1992,22
journal_d046d761f06295b8,Russian History,1993,107
journal_d046d761f06295b8,Russian History,1994,26
journal_d046d761f06295b8,Russian History,1995,17
journal_d046d761f06295b8,Russian History,1996,26
journal_d046d761f06295b8,Russian History,1997,23
journal_d046d761f06295b8,Russian History,1998,22
journal_d046d761f06295b8,Russian History,1999,14
journal_d046d761f06295b8,Russian History,2000,15
journal_d046d761f06295b8,Russian History,2001,23
journal_d046d761f06295b8,Russian History,2002,20
journal_d046d761f06295b8,Russian History,2003,13
journal_d046d761f06295b8,Russian History,2004,14
journal_d046d761f06295b8,Russian History,2005,28
journal_d046d761f06295b8,Russian History,2006,27
journal_d046d761f06295b8,Russian History,2007,22
journal_d046d761f06295b8,Russian History,2008,29
journal_d046d761f06295b8,Russian History,2009,30
journal_d046d761f06295b8,Russian History,2010,27
journal_d046d761f06295b8,Russian History,2011,21
journal_d046d761f06295b8,Russian History,2012,19
journal_d046d761f06295b8,Russian History,2013,35
journal_d046d761f06295b8,Russian History,2014,34
journal_d046d761f06295b8,Russian History,2015,28
journal_d046d761f06295b8,Russian History,2016,19
journal_d046d761f06295b8,Russian History,2017,34
journal_d046d761f06295b8,Russian History,2018,20
journal_d046d761f06295b8,Russian History,2019,20
journal_d046d761f06295b8,Russian History,2020,12
journal_d046d761f06295b8,Russian History,2021,17
journal_d046d761f06295b8,Russian History,2022,29
journal_d046d761f06295b8,Russian History,2023,13
journal_d046d761f06295b8,Russian History,2024,22
journal_d046d761f06295b8,Russian History,2025,10
journal_d046d761f06295b8,Russian History,2026,5
journal_d0aa0fce346501e1,French Colonial History,2010,9
journal_d0aa0fce346501e1,French Colonial History,2011,12
journal_d0aa0fce346501e1,French Colonial History,2012,9
journal_d0aa0fce346501e1,French Colonial History,2013,7
journal_d0aa0fce346501e1,French Colonial History,2014,7
journal_d0aa0fce346501e1,French Colonial History,2016,5
journal_d0aa0fce346501e1,French Colonial History,2017,6
journal_d0aa0fce346501e1,French Colonial History,2019,8
journal_d0aa0fce346501e1,French Colonial History,2020,8
journal_d0aa0fce346501e1,French Colonial History,2021,10
journal_d0aa0fce346501e1,French Colonial History,2023,14
journal_d0aa0fce346501e1,French Colonial History,2025,14
journal_d0aa0fce346501e1,French Colonial History,2026,8
journal_d0b016607a360c95,Journal of Jesuit Studies,2014,71
journal_d0b016607a360c95,Journal of Jesuit Studies,2015,115
journal_d0b016607a360c95,Journal of Jesuit Studies,2016,139
journal_d0b016607a360c95,Journal of Jesuit Studies,2017,125
journal_d0b016607a360c95,Journal of Jesuit Studies,2018,103
journal_d0b016607a360c95,Journal of Jesuit Studies,2019,97
journal_d0b016607a360c95,Journal of Jesuit Studies,2020,115
journal_d0b016607a360c95,Journal of Jesuit Studies,2021,58
journal_d0b016607a360c95,Journal of Jesuit Studies,2022,53
journal_d0b016607a360c95,Journal of Jesuit Studies,2023,91
journal_d0b016607a360c95,Journal of Jesuit Studies,2024,62
journal_d0b016607a360c95,Journal of Jesuit Studies,2025,78
journal_d0b016607a360c95,Journal of Jesuit Studies,2026,59
journal_d14b6c9eeebdd0d6,Osiris,1936,57
journal_d14b6c9eeebdd0d6,Osiris,1937,19
journal_d14b6c9eeebdd0d6,Osiris,1938,22
journal_d14b6c9eeebdd0d6,Osiris,1939,17
journal_d14b6c9eeebdd0d6,Osiris,1948,13
journal_d14b6c9eeebdd0d6,Osiris,1950,26
journal_d14b6c9eeebdd0d6,Osiris,1952,26
journal_d14b6c9eeebdd0d6,Osiris,1954,30
journal_d14b6c9eeebdd0d6,Osiris,1956,16
journal_d14b6c9eeebdd0d6,Osiris,1958,19
journal_d14b6c9eeebdd0d6,Osiris,1962,11
journal_d14b6c9eeebdd0d6,Osiris,1968,5
journal_d14b6c9eeebdd0d6,Osiris,1985,21
journal_d14b6c9eeebdd0d6,Osiris,1986,12
journal_d14b6c9eeebdd0d6,Osiris,1987,12
journal_d14b6c9eeebdd0d6,Osiris,1988,14
journal_d14b6c9eeebdd0d6,Osiris,1989,15
journal_d14b6c9eeebdd0d6,Osiris,1990,13
journal_d14b6c9eeebdd0d6,Osiris,1992,15
journal_d14b6c9eeebdd0d6,Osiris,1993,15
journal_d14b6c9eeebdd0d6,Osiris,1994,16
journal_d14b6c9eeebdd0d6,Osiris,1995,16
journal_d14b6c9eeebdd0d6,Osiris,1996,14
journal_d14b6c9eeebdd0d6,Osiris,1997,16
journal_d14b6c9eeebdd0d6,Osiris,1998,20
journal_d14b6c9eeebdd0d6,Osiris,1999,20
journal_d14b6c9eeebdd0d6,Osiris,2000,21
journal_d14b6c9eeebdd0d6,Osiris,2001,20
journal_d14b6c9eeebdd0d6,Osiris,2002,19
journal_d14b6c9eeebdd0d6,Osiris,2003,19
journal_d14b6c9eeebdd0d6,Osiris,2004,21
journal_d14b6c9eeebdd0d6,Osiris,2005,15
journal_d14b6c9eeebdd0d6,Osiris,2006,15
journal_d14b6c9eeebdd0d6,Osiris,2007,13
journal_d14b6c9eeebdd0d6,Osiris,2008,14
journal_d14b6c9eeebdd0d6,Osiris,2009,17
journal_d14b6c9eeebdd0d6,Osiris,2010,15
journal_d14b6c9eeebdd0d6,Osiris,2011,15
journal_d14b6c9eeebdd0d6,Osiris,2012,15
journal_d14b6c9eeebdd0d6,Osiris,2013,17
journal_d14b6c9eeebdd0d6,Osiris,2014,21
journal_d14b6c9eeebdd0d6,Osiris,2015,16
journal_d14b6c9eeebdd0d6,Osiris,2016,16
journal_d14b6c9eeebdd0d6,Osiris,2017,21
journal_d14b6c9eeebdd0d6,Osiris,2018,22
journal_d14b6c9eeebdd0d6,Osiris,2019,22
journal_d14b6c9eeebdd0d6,Osiris,2020,21
journal_d14b6c9eeebdd0d6,Osiris,2021,21
journal_d14b6c9eeebdd0d6,Osiris,2022,18
journal_d14b6c9eeebdd0d6,Osiris,2023,21
journal_d14b6c9eeebdd0d6,Osiris,2024,20
journal_d14b6c9eeebdd0d6,Osiris,2025,18
journal_d14b6c9eeebdd0d6,Osiris,2026,18
journal_d1e73b074516df50,Militaergeschichtliche Zeitschrift,1967,20
journal_d1e73b074516df50,Militaergeschichtliche Zeitschrift,1968,23
journal_d1e73b074516df50,Militaergeschichtliche Zeitschrift,1969,24
journal_d1e73b074516df50,Militaergeschichtliche Zeitschrift,1970,27
journal_d1e73b074516df50,Militaergeschichtliche Zeitschrift,1971,29
journal_d1e73b074516df50,Militaergeschichtliche Zeitschrift,1972,28
journal_d1e73b074516df50,Militaergeschichtliche Zeitschrift,1973,24
journal_d1e73b074516df50,Militaergeschichtliche Zeitschrift,1974,30
journal_d1e73b074516df50,Militaergeschichtliche Zeitschrift,1975,27
journal_d1e73b074516df50,Militaergeschichtliche Zeitschrift,1976,25
journal_d1e73b074516df50,Militaergeschichtliche Zeitschrift,1977,24
journal_d1e73b074516df50,Militaergeschichtliche Zeitschrift,1978,26
journal_d1e73b074516df50,Militaergeschichtliche Zeitschrift,1979,24
journal_d1e73b074516df50,Militaergeschichtliche Zeitschrift,1980,25
journal_d1e73b074516df50,Militaergeschichtliche Zeitschrift,1981,22
journal_d1e73b074516df50,Militaergeschichtliche Zeitschrift,1982,22
journal_d1e73b074516df50,Militaergeschichtliche Zeitschrift,1983,27
journal_d1e73b074516df50,Militaergeschichtliche Zeitschrift,1984,25
journal_d1e73b074516df50,Militaergeschichtliche Zeitschrift,1985,28
journal_d1e73b074516df50,Militaergeschichtliche Zeitschrift,1986,22
journal_d1e73b074516df50,Militaergeschichtliche Zeitschrift,1987,29
journal_d1e73b074516df50,Militaergeschichtliche Zeitschrift,1988,36
journal_d1e73b074516df50,Militaergeschichtliche Zeitschrift,1989,30
journal_d1e73b074516df50,Militaergeschichtliche Zeitschrift,1990,29
journal_d1e73b074516df50,Militaergeschichtliche Zeitschrift,1991,28
journal_d1e73b074516df50,Militaergeschichtliche Zeitschrift,1992,22
journal_d1e73b074516df50,Militaergeschichtliche Zeitschrift,1993,26
journal_d1e73b074516df50,Militaergeschichtliche Zeitschrift,1994,28
journal_d1e73b074516df50,Militaergeschichtliche Zeitschrift,1995,26
journal_d1e73b074516df50,Militaergeschichtliche Zeitschrift,1996,21
journal_d1e73b074516df50,Militaergeschichtliche Zeitschrift,1997,24
journal_d1e73b074516df50,Militaergeschichtliche Zeitschrift,1998,29
journal_d1e73b074516df50,Militaergeschichtliche Zeitschrift,1999,26
journal_d1e73b074516df50,Militaergeschichtliche Zeitschrift,2000,33
journal_d1e73b074516df50,Militaergeschichtliche Zeitschrift,2001,29
journal_d1e73b074516df50,Militaergeschichtliche Zeitschrift,2002,29
journal_d1e73b074516df50,Militaergeschichtliche Zeitschrift,2003,28
journal_d1e73b074516df50,Militaergeschichtliche Zeitschrift,2004,28
journal_d1e73b074516df50,Militaergeschichtliche Zeitschrift,2005,30
journal_d1e73b074516df50,Militaergeschichtliche Zeitschrift,2006,32
journal_d1e73b074516df50,Militaergeschichtliche Zeitschrift,2007,23
journal_d1e73b074516df50,Militaergeschichtliche Zeitschrift,2008,27
journal_d1e73b074516df50,Militaergeschichtliche Zeitschrift,2009,14
journal_d1e73b074516df50,Militaergeschichtliche Zeitschrift,2010,18
journal_d1e73b074516df50,Militaergeschichtliche Zeitschrift,2011,21
journal_d1e73b074516df50,Militaergeschichtliche Zeitschrift,2012,18
journal_d1e73b074516df50,Militaergeschichtliche Zeitschrift,2013,18
journal_d1e73b074516df50,Militaergeschichtliche Zeitschrift,2014,24
journal_d1e73b074516df50,Militaergeschichtliche Zeitschrift,2015,77
journal_d1e73b074516df50,Militaergeschichtliche Zeitschrift,2016,144
journal_d1e73b074516df50,Militaergeschichtliche Zeitschrift,2017,173
journal_d1e73b074516df50,Militaergeschichtliche Zeitschrift,2018,153
journal_d1e73b074516df50,Militaergeschichtliche Zeitschrift,2019,129
journal_d1e73b074516df50,Militaergeschichtliche Zeitschrift,2020,123
journal_d1e73b074516df50,Militaergeschichtliche Zeitschrift,2021,102
journal_d1e73b074516df50,Militaergeschichtliche Zeitschrift,2022,110
journal_d1e73b074516df50,Militaergeschichtliche Zeitschrift,2023,118
journal_d1e73b074516df50,Militaergeschichtliche Zeitschrift,2024,113
journal_d1e73b074516df50,Militaergeschichtliche Zeitschrift,2025,98
journal_d1e73b074516df50,Militaergeschichtliche Zeitschrift,2026,44
journal_d21e2f0682668ea4,Journal of Policy History,1989,31
journal_d21e2f0682668ea4,Journal of Policy History,1990,29
journal_d21e2f0682668ea4,Journal of Policy History,1991,38
journal_d21e2f0682668ea4,Journal of Policy History,1992,42
journal_d21e2f0682668ea4,Journal of Policy History,1993,57
journal_d21e2f0682668ea4,Journal of Policy History,1994,44
journal_d21e2f0682668ea4,Journal of Policy History,1995,43
journal_d21e2f0682668ea4,Journal of Policy History,1996,48
journal_d21e2f0682668ea4,Journal of Policy History,1997,49
journal_d21e2f0682668ea4,Journal of Policy History,1998,42
journal_d21e2f0682668ea4,Journal of Policy History,1999,40
journal_d21e2f0682668ea4,Journal of Policy History,2000,46
journal_d21e2f0682668ea4,Journal of Policy History,2001,34
journal_d21e2f0682668ea4,Journal of Policy History,2002,34
journal_d21e2f0682668ea4,Journal of Policy History,2003,29
journal_d21e2f0682668ea4,Journal of Policy History,2004,30
journal_d21e2f0682668ea4,Journal of Policy History,2005,28
journal_d21e2f0682668ea4,Journal of Policy History,2006,29
journal_d21e2f0682668ea4,Journal of Policy History,2007,28
journal_d21e2f0682668ea4,Journal of Policy History,2008,36
journal_d21e2f0682668ea4,Journal of Policy History,2009,38
journal_d21e2f0682668ea4,Journal of Policy History,2010,36
journal_d21e2f0682668ea4,Journal of Policy History,2011,39
journal_d21e2f0682668ea4,Journal of Policy History,2012,49
journal_d21e2f0682668ea4,Journal of Policy History,2013,39
journal_d21e2f0682668ea4,Journal of Policy History,2014,39
journal_d21e2f0682668ea4,Journal of Policy History,2015,40
journal_d21e2f0682668ea4,Journal of Policy History,2016,39
journal_d21e2f0682668ea4,Journal of Policy History,2017,41
journal_d21e2f0682668ea4,Journal of Policy History,2018,36
journal_d21e2f0682668ea4,Journal of Policy History,2019,24
journal_d21e2f0682668ea4,Journal of Policy History,2020,28
journal_d21e2f0682668ea4,Journal of Policy History,2021,26
journal_d21e2f0682668ea4,Journal of Policy History,2022,36
journal_d21e2f0682668ea4,Journal of Policy History,2023,28
journal_d21e2f0682668ea4,Journal of Policy History,2024,15
journal_d21e2f0682668ea4,Journal of Policy History,2025,21
journal_d21e2f0682668ea4,Journal of Policy History,2026,16
journal_d2ba6f0dddefaf57,Entreprises et histoire,1994,13
journal_d318e15fefc2343c,Zgodovinski časopis,2021,16
journal_d318e15fefc2343c,Zgodovinski časopis,2022,20
journal_d318e15fefc2343c,Zgodovinski časopis,2023,16
journal_d318e15fefc2343c,Zgodovinski časopis,2024,16
journal_d318e15fefc2343c,Zgodovinski časopis,2025,17
journal_d318e15fefc2343c,Zgodovinski časopis,2026,10
journal_d374e610cfd52bac,Acta Baltica Historiae et Philosophiae Scientiarum,2013,11
journal_d374e610cfd52bac,Acta Baltica Historiae et Philosophiae Scientiarum,2014,23
journal_d374e610cfd52bac,Acta Baltica Historiae et Philosophiae Scientiarum,2015,22
journal_d374e610cfd52bac,Acta Baltica Historiae et Philosophiae Scientiarum,2016,17
journal_d374e610cfd52bac,Acta Baltica Historiae et Philosophiae Scientiarum,2017,16
journal_d374e610cfd52bac,Acta Baltica Historiae et Philosophiae Scientiarum,2018,25
journal_d374e610cfd52bac,Acta Baltica Historiae et Philosophiae Scientiarum,2019,30
journal_d374e610cfd52bac,Acta Baltica Historiae et Philosophiae Scientiarum,2020,22
journal_d374e610cfd52bac,Acta Baltica Historiae et Philosophiae Scientiarum,2021,23
journal_d374e610cfd52bac,Acta Baltica Historiae et Philosophiae Scientiarum,2022,21
journal_d374e610cfd52bac,Acta Baltica Historiae et Philosophiae Scientiarum,2023,14
journal_d374e610cfd52bac,Acta Baltica Historiae et Philosophiae Scientiarum,2024,20
journal_d374e610cfd52bac,Acta Baltica Historiae et Philosophiae Scientiarum,2025,18
journal_d374e610cfd52bac,Acta Baltica Historiae et Philosophiae Scientiarum,2026,10
journal_d374e610cfd52bac,Acta Baltica Historiae et Philosophiae Scientiarum‎,2013,22
journal_d3fdfb4668463677,Textile History,1968,22
journal_d3fdfb4668463677,Textile History,1969,16
journal_d3fdfb4668463677,Textile History,1970,14
journal_d3fdfb4668463677,Textile History,1971,15
journal_d3fdfb4668463677,Textile History,1972,20
journal_d3fdfb4668463677,Textile History,1973,14
journal_d3fdfb4668463677,Textile History,1974,14
journal_d3fdfb4668463677,Textile History,1975,10
journal_d3fdfb4668463677,Textile History,1976,12
journal_d3fdfb4668463677,Textile History,1977,13
journal_d3fdfb4668463677,Textile History,1978,14
journal_d3fdfb4668463677,Textile History,1979,18
journal_d3fdfb4668463677,Textile History,1980,14
journal_d3fdfb4668463677,Textile History,1981,12
journal_d3fdfb4668463677,Textile History,1982,23
journal_d3fdfb4668463677,Textile History,1983,25
journal_d3fdfb4668463677,Textile History,1984,25
journal_d3fdfb4668463677,Textile History,1985,19
journal_d3fdfb4668463677,Textile History,1986,23
journal_d3fdfb4668463677,Textile History,1987,20
journal_d3fdfb4668463677,Textile History,1988,17
journal_d3fdfb4668463677,Textile History,1989,33
journal_d3fdfb4668463677,Textile History,1990,20
journal_d3fdfb4668463677,Textile History,1991,22
journal_d3fdfb4668463677,Textile History,1992,20
journal_d3fdfb4668463677,Textile History,1993,19
journal_d3fdfb4668463677,Textile History,1994,16
journal_d3fdfb4668463677,Textile History,1995,17
journal_d3fdfb4668463677,Textile History,1996,20
journal_d3fdfb4668463677,Textile History,1997,22
journal_d3fdfb4668463677,Textile History,1998,19
journal_d3fdfb4668463677,Textile History,1999,18
journal_d3fdfb4668463677,Textile History,2000,14
journal_d3fdfb4668463677,Textile History,2001,19
journal_d3fdfb4668463677,Textile History,2002,20
journal_d3fdfb4668463677,Textile History,2003,22
journal_d3fdfb4668463677,Textile History,2004,16
journal_d3fdfb4668463677,Textile History,2005,21
journal_d3fdfb4668463677,Textile History,2006,18
journal_d3fdfb4668463677,Textile History,2007,19
journal_d3fdfb4668463677,Textile History,2008,20
journal_d3fdfb4668463677,Textile History,2009,28
journal_d3fdfb4668463677,Textile History,2010,35
journal_d3fdfb4668463677,Textile History,2011,21
journal_d3fdfb4668463677,Textile History,2012,24
journal_d3fdfb4668463677,Textile History,2013,18
journal_d3fdfb4668463677,Textile History,2014,20
journal_d3fdfb4668463677,Textile History,2015,19
journal_d3fdfb4668463677,Textile History,2016,38
journal_d3fdfb4668463677,Textile History,2017,38
journal_d3fdfb4668463677,Textile History,2018,33
journal_d3fdfb4668463677,Textile History,2019,44
journal_d3fdfb4668463677,Textile History,2020,34
journal_d3fdfb4668463677,Textile History,2021,30
journal_d3fdfb4668463677,Textile History,2022,30
journal_d3fdfb4668463677,Textile History,2023,30
journal_d3fdfb4668463677,Textile History,2024,25
journal_d3fdfb4668463677,Textile History,2026,2
journal_d49ff3b1ae59979f,Landscape History,1979,11
journal_d49ff3b1ae59979f,Landscape History,1980,7
journal_d49ff3b1ae59979f,Landscape History,1981,8
journal_d49ff3b1ae59979f,Landscape History,1982,10
journal_d49ff3b1ae59979f,Landscape History,1983,9
journal_d49ff3b1ae59979f,Landscape History,1984,8
journal_d49ff3b1ae59979f,Landscape History,1985,8
journal_d49ff3b1ae59979f,Landscape History,1986,9
journal_d49ff3b1ae59979f,Landscape History,1987,9
journal_d49ff3b1ae59979f,Landscape History,1988,8
journal_d49ff3b1ae59979f,Landscape History,1989,8
journal_d49ff3b1ae59979f,Landscape History,1990,9
journal_d49ff3b1ae59979f,Landscape History,1991,9
journal_d49ff3b1ae59979f,Landscape History,1992,8
journal_d49ff3b1ae59979f,Landscape History,1993,9
journal_d49ff3b1ae59979f,Landscape History,1994,9
journal_d49ff3b1ae59979f,Landscape History,1995,9
journal_d49ff3b1ae59979f,Landscape History,1996,9
journal_d49ff3b1ae59979f,Landscape History,1997,9
journal_d49ff3b1ae59979f,Landscape History,1998,11
journal_d49ff3b1ae59979f,Landscape History,1999,9
journal_d49ff3b1ae59979f,Landscape History,2000,9
journal_d49ff3b1ae59979f,Landscape History,2001,9
journal_d49ff3b1ae59979f,Landscape History,2002,11
journal_d49ff3b1ae59979f,Landscape History,2003,11
journal_d49ff3b1ae59979f,Landscape History,2004,10
journal_d49ff3b1ae59979f,Landscape History,2005,9
journal_d49ff3b1ae59979f,Landscape History,2006,9
journal_d49ff3b1ae59979f,Landscape History,2007,10
journal_d49ff3b1ae59979f,Landscape History,2008,8
journal_d49ff3b1ae59979f,Landscape History,2009,8
journal_d49ff3b1ae59979f,Landscape History,2010,15
journal_d49ff3b1ae59979f,Landscape History,2011,15
journal_d49ff3b1ae59979f,Landscape History,2012,16
journal_d49ff3b1ae59979f,Landscape History,2013,15
journal_d49ff3b1ae59979f,Landscape History,2014,16
journal_d49ff3b1ae59979f,Landscape History,2015,15
journal_d49ff3b1ae59979f,Landscape History,2016,16
journal_d49ff3b1ae59979f,Landscape History,2017,18
journal_d49ff3b1ae59979f,Landscape History,2018,18
journal_d49ff3b1ae59979f,Landscape History,2019,18
journal_d49ff3b1ae59979f,Landscape History,2020,18
journal_d49ff3b1ae59979f,Landscape History,2021,44
journal_d49ff3b1ae59979f,Landscape History,2022,41
journal_d49ff3b1ae59979f,Landscape History,2023,41
journal_d49ff3b1ae59979f,Landscape History,2024,36
journal_d49ff3b1ae59979f,Landscape History,2025,38
journal_d49ff3b1ae59979f,Landscape History,2026,19
journal_d529db383a51b85a,Food &amp; History,2025,11
journal_d529db383a51b85a,Food &amp; History,2026,10
journal_d529db383a51b85a,Food and History,2003,19
journal_d529db383a51b85a,Food and History,2004,36
journal_d529db383a51b85a,Food and History,2005,31
journal_d529db383a51b85a,Food and History,2006,37
journal_d529db383a51b85a,Food and History,2007,32
journal_d529db383a51b85a,Food and History,2008,28
journal_d529db383a51b85a,Food and History,2009,30
journal_d529db383a51b85a,Food and History,2010,31
journal_d529db383a51b85a,Food and History,2011,26
journal_d529db383a51b85a,Food and History,2012,33
journal_d529db383a51b85a,Food and History,2013,37
journal_d529db383a51b85a,Food and History,2014,32
journal_d529db383a51b85a,Food and History,2015,24
journal_d529db383a51b85a,Food and History,2016,26
journal_d529db383a51b85a,Food and History,2017,18
journal_d529db383a51b85a,Food and History,2018,21
journal_d529db383a51b85a,Food and History,2019,24
journal_d529db383a51b85a,Food and History,2020,23
journal_d529db383a51b85a,Food and History,2021,17
journal_d529db383a51b85a,Food and History,2022,22
journal_d529db383a51b85a,Food and History,2023,24
journal_d529db383a51b85a,Food and History,2024,23
journal_d529db383a51b85a,Food and History,2025,11
journal_d607b2b37a8c04f3,History of European Ideas,1980,10
journal_d607b2b37a8c04f3,History of European Ideas,1981,71
journal_d607b2b37a8c04f3,History of European Ideas,1982,61
journal_d607b2b37a8c04f3,History of European Ideas,1983,63
journal_d607b2b37a8c04f3,History of European Ideas,1984,77
journal_d607b2b37a8c04f3,History of European Ideas,1985,77
journal_d607b2b37a8c04f3,History of European Ideas,1986,159
journal_d607b2b37a8c04f3,History of European Ideas,1987,160
journal_d607b2b37a8c04f3,History of European Ideas,1988,201
journal_d607b2b37a8c04f3,History of European Ideas,1989,289
journal_d607b2b37a8c04f3,History of European Ideas,1990,194
journal_d607b2b37a8c04f3,History of European Ideas,1991,216
journal_d607b2b37a8c04f3,History of European Ideas,1992,284
journal_d607b2b37a8c04f3,History of European Ideas,1993,337
journal_d607b2b37a8c04f3,History of European Ideas,1994,460
journal_d607b2b37a8c04f3,History of European Ideas,1995,399
journal_d607b2b37a8c04f3,History of European Ideas,1996,87
journal_d607b2b37a8c04f3,History of European Ideas,1997,27
journal_d607b2b37a8c04f3,History of European Ideas,1998,25
journal_d607b2b37a8c04f3,History of European Ideas,1999,27
journal_d607b2b37a8c04f3,History of European Ideas,2000,21
journal_d607b2b37a8c04f3,History of European Ideas,2001,32
journal_d607b2b37a8c04f3,History of European Ideas,2002,31
journal_d607b2b37a8c04f3,History of European Ideas,2003,36
journal_d607b2b37a8c04f3,History of European Ideas,2004,40
journal_d607b2b37a8c04f3,History of European Ideas,2005,35
journal_d607b2b37a8c04f3,History of European Ideas,2006,36
journal_d607b2b37a8c04f3,History of European Ideas,2007,38
journal_d607b2b37a8c04f3,History of European Ideas,2008,53
journal_d607b2b37a8c04f3,History of European Ideas,2009,42
journal_d607b2b37a8c04f3,History of European Ideas,2010,41
journal_d607b2b37a8c04f3,History of European Ideas,2011,62
journal_d607b2b37a8c04f3,History of European Ideas,2012,78
journal_d607b2b37a8c04f3,History of European Ideas,2013,53
journal_d607b2b37a8c04f3,History of European Ideas,2014,87
journal_d607b2b37a8c04f3,History of European Ideas,2015,42
journal_d607b2b37a8c04f3,History of European Ideas,2016,102
journal_d607b2b37a8c04f3,History of European Ideas,2017,44
journal_d607b2b37a8c04f3,History of European Ideas,2018,92
journal_d607b2b37a8c04f3,History of European Ideas,2019,75
journal_d607b2b37a8c04f3,History of European Ideas,2020,118
journal_d607b2b37a8c04f3,History of European Ideas,2021,105
journal_d607b2b37a8c04f3,History of European Ideas,2022,82
journal_d607b2b37a8c04f3,History of European Ideas,2023,141
journal_d607b2b37a8c04f3,History of European Ideas,2024,198
journal_d607b2b37a8c04f3,History of European Ideas,2025,168
journal_d607b2b37a8c04f3,History of European Ideas,2026,135
journal_d620de9e27dd4317,Modern Intellectual History,2004,24
journal_d620de9e27dd4317,Modern Intellectual History,2005,21
journal_d620de9e27dd4317,Modern Intellectual History,2006,33
journal_d620de9e27dd4317,Modern Intellectual History,2007,38
journal_d620de9e27dd4317,Modern Intellectual History,2008,31
journal_d620de9e27dd4317,Modern Intellectual History,2009,34
journal_d620de9e27dd4317,Modern Intellectual History,2010,37
journal_d620de9e27dd4317,Modern Intellectual History,2011,43
journal_d620de9e27dd4317,Modern Intellectual History,2012,46
journal_d620de9e27dd4317,Modern Intellectual History,2013,45
journal_d620de9e27dd4317,Modern Intellectual History,2014,86
journal_d620de9e27dd4317,Modern Intellectual History,2015,58
journal_d620de9e27dd4317,Modern Intellectual History,2016,36
journal_d620de9e27dd4317,Modern Intellectual History,2017,63
journal_d620de9e27dd4317,Modern Intellectual History,2018,55
journal_d620de9e27dd4317,Modern Intellectual History,2019,41
journal_d620de9e27dd4317,Modern Intellectual History,2020,50
journal_d620de9e27dd4317,Modern Intellectual History,2021,73
journal_d620de9e27dd4317,Modern Intellectual History,2022,61
journal_d620de9e27dd4317,Modern Intellectual History,2023,22
journal_d620de9e27dd4317,Modern Intellectual History,2024,53
journal_d620de9e27dd4317,Modern Intellectual History,2025,47
journal_d620de9e27dd4317,Modern Intellectual History,2026,45
journal_d63c3d93c03ef931,Accounting History Review,2011,29
journal_d63c3d93c03ef931,Accounting History Review,2012,24
journal_d63c3d93c03ef931,Accounting History Review,2013,27
journal_d63c3d93c03ef931,Accounting History Review,2014,21
journal_d63c3d93c03ef931,Accounting History Review,2015,20
journal_d63c3d93c03ef931,Accounting History Review,2016,31
journal_d63c3d93c03ef931,Accounting History Review,2017,11
journal_d63c3d93c03ef931,Accounting History Review,2018,18
journal_d63c3d93c03ef931,Accounting History Review,2019,23
journal_d63c3d93c03ef931,Accounting History Review,2020,13
journal_d63c3d93c03ef931,Accounting History Review,2021,15
journal_d63c3d93c03ef931,Accounting History Review,2022,7
journal_d63c3d93c03ef931,Accounting History Review,2023,9
journal_d63c3d93c03ef931,Accounting History Review,2024,14
journal_d63c3d93c03ef931,Accounting History Review,2025,14
journal_d63c3d93c03ef931,Accounting History Review,2026,1
journal_d70bc8b4433eab4e,Reformation,1996,23
journal_d70bc8b4433eab4e,Reformation,1997,17
journal_d70bc8b4433eab4e,Reformation,1998,15
journal_d70bc8b4433eab4e,Reformation,1999,14
journal_d70bc8b4433eab4e,Reformation,2000,6
journal_d70bc8b4433eab4e,Reformation,2002,29
journal_d70bc8b4433eab4e,Reformation,2003,14
journal_d70bc8b4433eab4e,Reformation,2004,16
journal_d70bc8b4433eab4e,Reformation,2005,13
journal_d70bc8b4433eab4e,Reformation,2006,27
journal_d70bc8b4433eab4e,Reformation,2008,44
journal_d70bc8b4433eab4e,Reformation,2009,19
journal_d70bc8b4433eab4e,Reformation,2010,25
journal_d70bc8b4433eab4e,Reformation,2011,17
journal_d70bc8b4433eab4e,Reformation,2012,20
journal_d70bc8b4433eab4e,Reformation,2013,14
journal_d70bc8b4433eab4e,Reformation,2014,20
journal_d70bc8b4433eab4e,Reformation,2015,14
journal_d70bc8b4433eab4e,Reformation,2016,19
journal_d70bc8b4433eab4e,Reformation,2017,12
journal_d70bc8b4433eab4e,Reformation,2018,11
journal_d70bc8b4433eab4e,Reformation,2019,17
journal_d70bc8b4433eab4e,Reformation,2020,17
journal_d70bc8b4433eab4e,Reformation,2021,19
journal_d70bc8b4433eab4e,Reformation,2022,23
journal_d70bc8b4433eab4e,Reformation,2023,23
journal_d70bc8b4433eab4e,Reformation,2024,19
journal_d70bc8b4433eab4e,Reformation,2025,27
journal_d70bc8b4433eab4e,Reformation,2026,13
journal_d73bba16eb647404,Acta historiae artis Slovenica,2018,1
journal_d73bba16eb647404,Acta historiae artis Slovenica,2019,35
journal_d73bba16eb647404,Acta historiae artis Slovenica,2020,24
journal_d73bba16eb647404,Acta historiae artis Slovenica,2021,17
journal_d73bba16eb647404,Acta historiae artis Slovenica,2022,11
journal_d73bba16eb647404,Acta historiae artis Slovenica,2023,15
journal_d73bba16eb647404,Acta historiae artis Slovenica,2024,12
journal_d73bba16eb647404,Acta historiae artis Slovenica,2025,11
journal_d73bba16eb647404,Acta historiae artis Slovenica,2026,6
journal_d95c189c6494a6b0,International Journal of Military History and Historiography,2016,13
journal_d95c189c6494a6b0,International Journal of Military History and Historiography,2017,12
journal_d95c189c6494a6b0,International Journal of Military History and Historiography,2018,15
journal_d95c189c6494a6b0,International Journal of Military History and Historiography,2019,15
journal_d95c189c6494a6b0,International Journal of Military History and Historiography,2020,20
journal_d95c189c6494a6b0,International Journal of Military History and Historiography,2021,23
journal_d95c189c6494a6b0,International Journal of Military History and Historiography,2022,30
journal_d95c189c6494a6b0,International Journal of Military History and Historiography,2023,22
journal_d95c189c6494a6b0,International Journal of Military History and Historiography,2024,26
journal_d95c189c6494a6b0,International Journal of Military History and Historiography,2025,37
journal_d95c189c6494a6b0,International Journal of Military History and Historiography,2026,14
journal_d990835e95820881,The Public Historian,1978,21
journal_d990835e95820881,The Public Historian,1979,66
journal_d990835e95820881,The Public Historian,1980,62
journal_d990835e95820881,The Public Historian,1981,121
journal_d990835e95820881,The Public Historian,1982,95
journal_d990835e95820881,The Public Historian,1983,116
journal_d990835e95820881,The Public Historian,1984,128
journal_d990835e95820881,The Public Historian,1985,139
journal_d990835e95820881,The Public Historian,1986,115
journal_d990835e95820881,The Public Historian,1987,104
journal_d990835e95820881,The Public Historian,1988,89
journal_d990835e95820881,The Public Historian,1989,99
journal_d990835e95820881,The Public Historian,1990,106
journal_d990835e95820881,The Public Historian,1991,107
journal_d990835e95820881,The Public Historian,1992,125
journal_d990835e95820881,The Public Historian,1993,174
journal_d990835e95820881,The Public Historian,1994,121
journal_d990835e95820881,The Public Historian,1995,139
journal_d990835e95820881,The Public Historian,1996,132
journal_d990835e95820881,The Public Historian,1997,132
journal_d990835e95820881,The Public Historian,1998,102
journal_d990835e95820881,The Public Historian,1999,109
journal_d990835e95820881,The Public Historian,2000,115
journal_d990835e95820881,The Public Historian,2001,147
journal_d990835e95820881,The Public Historian,2002,158
journal_d990835e95820881,The Public Historian,2003,169
journal_d990835e95820881,The Public Historian,2004,225
journal_d990835e95820881,The Public Historian,2005,87
journal_d990835e95820881,The Public Historian,2006,102
journal_d990835e95820881,The Public Historian,2007,84
journal_d990835e95820881,The Public Historian,2008,105
journal_d990835e95820881,The Public Historian,2009,95
journal_d990835e95820881,The Public Historian,2010,88
journal_d990835e95820881,The Public Historian,2011,114
journal_d990835e95820881,The Public Historian,2012,91
journal_d990835e95820881,The Public Historian,2013,88
journal_d990835e95820881,The Public Historian,2014,91
journal_d990835e95820881,The Public Historian,2015,90
journal_d990835e95820881,The Public Historian,2016,103
journal_d990835e95820881,The Public Historian,2017,97
journal_d990835e95820881,The Public Historian,2018,123
journal_d990835e95820881,The Public Historian,2019,83
journal_d990835e95820881,The Public Historian,2020,77
journal_d990835e95820881,The Public Historian,2021,97
journal_d990835e95820881,The Public Historian,2022,52
journal_d990835e95820881,The Public Historian,2023,58
journal_d990835e95820881,The Public Historian,2024,97
journal_d990835e95820881,The Public Historian,2025,71
journal_d990835e95820881,The Public Historian,2026,67
journal_d9b4415efa8a311d,Fronteras de la Historia,1997,6
journal_d9b4415efa8a311d,Fronteras de la Historia,1998,12
journal_d9b4415efa8a311d,Fronteras de la Historia,1999,10
journal_d9b4415efa8a311d,Fronteras de la Historia,2000,6
journal_d9b4415efa8a311d,Fronteras de la Historia,2001,7
journal_d9b4415efa8a311d,Fronteras de la Historia,2002,8
journal_d9b4415efa8a311d,Fronteras de la Historia,2003,10
journal_d9b4415efa8a311d,Fronteras de la Historia,2004,9
journal_d9b4415efa8a311d,Fronteras de la Historia,2005,11
journal_d9b4415efa8a311d,Fronteras de la Historia,2006,13
journal_d9b4415efa8a311d,Fronteras de la Historia,2007,12
journal_d9b4415efa8a311d,Fronteras de la Historia,2008,14
journal_d9b4415efa8a311d,Fronteras de la Historia,2009,13
journal_d9b4415efa8a311d,Fronteras de la Historia,2017,22
journal_d9b4415efa8a311d,Fronteras de la Historia,2018,31
journal_d9b4415efa8a311d,Fronteras de la Historia,2019,11
journal_d9b4415efa8a311d,Fronteras de la Historia,2020,25
journal_d9b4415efa8a311d,Fronteras de la Historia,2021,33
journal_d9b4415efa8a311d,Fronteras de la Historia,2022,35
journal_d9b4415efa8a311d,Fronteras de la Historia,2023,36
journal_d9b4415efa8a311d,Fronteras de la Historia,2024,37
journal_d9b4415efa8a311d,Fronteras de la Historia,2025,20
journal_d9b4415efa8a311d,Fronteras de la historia,2010,14
journal_d9b4415efa8a311d,Fronteras de la historia,2011,14
journal_d9b4415efa8a311d,Fronteras de la historia,2012,14
journal_d9b4415efa8a311d,Fronteras de la historia,2013,15
journal_d9b4415efa8a311d,Fronteras de la historia,2014,14
journal_d9b4415efa8a311d,Fronteras de la historia,2015,15
journal_d9b4415efa8a311d,Fronteras de la historia,2016,13
journal_d9b4415efa8a311d,Fronteras de la historia,2025,15
journal_d9b4415efa8a311d,Fronteras de la historia,2026,32
journal_da73a59f384f79a3,Comparative Legal History,2013,25
journal_da73a59f384f79a3,Comparative Legal History,2014,33
journal_da73a59f384f79a3,Comparative Legal History,2015,31
journal_da73a59f384f79a3,Comparative Legal History,2016,21
journal_da73a59f384f79a3,Comparative Legal History,2017,26
journal_da73a59f384f79a3,Comparative Legal History,2018,18
journal_da73a59f384f79a3,Comparative Legal History,2019,22
journal_da73a59f384f79a3,Comparative Legal History,2020,15
journal_da73a59f384f79a3,Comparative Legal History,2021,19
journal_da73a59f384f79a3,Comparative Legal History,2022,22
journal_da73a59f384f79a3,Comparative Legal History,2023,29
journal_da73a59f384f79a3,Comparative Legal History,2024,29
journal_da73a59f384f79a3,Comparative Legal History,2025,38
journal_da73a59f384f79a3,Comparative Legal History,2026,33
journal_db43394a79456ab5,TIJDSCHRIFT VOOR RECHTSGESCHIEDENIS,2012,29
journal_db43394a79456ab5,The Legal History Review,1993,18
journal_db43394a79456ab5,The Legal History Review,1996,6
journal_db43394a79456ab5,The Legal History Review,2000,91
journal_db43394a79456ab5,The Legal History Review,2001,65
journal_db43394a79456ab5,The Legal History Review,2002,57
journal_db43394a79456ab5,The Legal History Review,2006,1
journal_db43394a79456ab5,Tijdschrift voor Rechtsgeschiedenis,2013,55
journal_db43394a79456ab5,Tijdschrift voor Rechtsgeschiedenis,2019,38
journal_db43394a79456ab5,Tijdschrift voor Rechtsgeschiedenis,2020,45
journal_db43394a79456ab5,Tijdschrift voor Rechtsgeschiedenis / Revue d'Histoire du Droit / The Legal History Review,1918,24
journal_db43394a79456ab5,Tijdschrift voor Rechtsgeschiedenis / Revue d'Histoire du Droit / The Legal History Review,1920,23
journal_db43394a79456ab5,Tijdschrift voor Rechtsgeschiedenis / Revue d'Histoire du Droit / The Legal History Review,1922,28
journal_db43394a79456ab5,Tijdschrift voor Rechtsgeschiedenis / Revue d'Histoire du Droit / The Legal History Review,1923,22
journal_db43394a79456ab5,Tijdschrift voor Rechtsgeschiedenis / Revue d'Histoire du Droit / The Legal History Review,1924,30
journal_db43394a79456ab5,Tijdschrift voor Rechtsgeschiedenis / Revue d'Histoire du Droit / The Legal History Review,1925,21
journal_db43394a79456ab5,Tijdschrift voor Rechtsgeschiedenis / Revue d'Histoire du Droit / The Legal History Review,1927,18
journal_db43394a79456ab5,Tijdschrift voor Rechtsgeschiedenis / Revue d'Histoire du Droit / The Legal History Review,1928,28
journal_db43394a79456ab5,Tijdschrift voor Rechtsgeschiedenis / Revue d'Histoire du Droit / The Legal History Review,1929,18
journal_db43394a79456ab5,Tijdschrift voor Rechtsgeschiedenis / Revue d'Histoire du Droit / The Legal History Review,1930,21
journal_db43394a79456ab5,Tijdschrift voor Rechtsgeschiedenis / Revue d'Histoire du Droit / The Legal History Review,1932,25
journal_db43394a79456ab5,Tijdschrift voor Rechtsgeschiedenis / Revue d'Histoire du Droit / The Legal History Review,1933,28
journal_db43394a79456ab5,Tijdschrift voor Rechtsgeschiedenis / Revue d'Histoire du Droit / The Legal History Review,1934,22
journal_db43394a79456ab5,Tijdschrift voor Rechtsgeschiedenis / Revue d'Histoire du Droit / The Legal History Review,1936,22
journal_db43394a79456ab5,Tijdschrift voor Rechtsgeschiedenis / Revue d'Histoire du Droit / The Legal History Review,1937,18
journal_db43394a79456ab5,Tijdschrift voor Rechtsgeschiedenis / Revue d'Histoire du Droit / The Legal History Review,1939,33
journal_db43394a79456ab5,Tijdschrift voor Rechtsgeschiedenis / Revue d'Histoire du Droit / The Legal History Review,1941,26
journal_db43394a79456ab5,Tijdschrift voor Rechtsgeschiedenis / Revue d'Histoire du Droit / The Legal History Review,1950,38
journal_db43394a79456ab5,Tijdschrift voor Rechtsgeschiedenis / Revue d'Histoire du Droit / The Legal History Review,1951,33
journal_db43394a79456ab5,Tijdschrift voor Rechtsgeschiedenis / Revue d'Histoire du Droit / The Legal History Review,1952,21
journal_db43394a79456ab5,Tijdschrift voor Rechtsgeschiedenis / Revue d'Histoire du Droit / The Legal History Review,1953,29
journal_db43394a79456ab5,Tijdschrift voor Rechtsgeschiedenis / Revue d'Histoire du Droit / The Legal History Review,1954,26
journal_db43394a79456ab5,Tijdschrift voor Rechtsgeschiedenis / Revue d'Histoire du Droit / The Legal History Review,1955,30
journal_db43394a79456ab5,Tijdschrift voor Rechtsgeschiedenis / Revue d'Histoire du Droit / The Legal History Review,1956,25
journal_db43394a79456ab5,Tijdschrift voor Rechtsgeschiedenis / Revue d'Histoire du Droit / The Legal History Review,1957,21
journal_db43394a79456ab5,Tijdschrift voor Rechtsgeschiedenis / Revue d'Histoire du Droit / The Legal History Review,1958,31
journal_db43394a79456ab5,Tijdschrift voor Rechtsgeschiedenis / Revue d'Histoire du Droit / The Legal History Review,1959,17
journal_db43394a79456ab5,Tijdschrift voor Rechtsgeschiedenis / Revue d'Histoire du Droit / The Legal History Review,1960,28
journal_db43394a79456ab5,Tijdschrift voor Rechtsgeschiedenis / Revue d'Histoire du Droit / The Legal History Review,1961,35
journal_db43394a79456ab5,Tijdschrift voor Rechtsgeschiedenis / Revue d'Histoire du Droit / The Legal History Review,1962,29
journal_db43394a79456ab5,Tijdschrift voor Rechtsgeschiedenis / Revue d'Histoire du Droit / The Legal History Review,1963,31
journal_db43394a79456ab5,Tijdschrift voor Rechtsgeschiedenis / Revue d'Histoire du Droit / The Legal History Review,1964,31
journal_db43394a79456ab5,Tijdschrift voor Rechtsgeschiedenis / Revue d'Histoire du Droit / The Legal History Review,1965,31
journal_db43394a79456ab5,Tijdschrift voor Rechtsgeschiedenis / Revue d'Histoire du Droit / The Legal History Review,1966,37
journal_db43394a79456ab5,Tijdschrift voor Rechtsgeschiedenis / Revue d'Histoire du Droit / The Legal History Review,1967,29
journal_db43394a79456ab5,Tijdschrift voor Rechtsgeschiedenis / Revue d'Histoire du Droit / The Legal History Review,1968,40
journal_db43394a79456ab5,Tijdschrift voor Rechtsgeschiedenis / Revue d'Histoire du Droit / The Legal History Review,1969,30
journal_db43394a79456ab5,Tijdschrift voor Rechtsgeschiedenis / Revue d'Histoire du Droit / The Legal History Review,1970,34
journal_db43394a79456ab5,Tijdschrift voor Rechtsgeschiedenis / Revue d'Histoire du Droit / The Legal History Review,1971,29
journal_db43394a79456ab5,Tijdschrift voor Rechtsgeschiedenis / Revue d'Histoire du Droit / The Legal History Review,1972,27
journal_db43394a79456ab5,Tijdschrift voor Rechtsgeschiedenis / Revue d'Histoire du Droit / The Legal History Review,1973,31
journal_db43394a79456ab5,Tijdschrift voor Rechtsgeschiedenis / Revue d'Histoire du Droit / The Legal History Review,1974,34
journal_db43394a79456ab5,Tijdschrift voor Rechtsgeschiedenis / Revue d'Histoire du Droit / The Legal History Review,1975,33
journal_db43394a79456ab5,Tijdschrift voor Rechtsgeschiedenis / Revue d'Histoire du Droit / The Legal History Review,1976,24
journal_db43394a79456ab5,Tijdschrift voor Rechtsgeschiedenis / Revue d'Histoire du Droit / The Legal History Review,1977,24
journal_db43394a79456ab5,Tijdschrift voor Rechtsgeschiedenis / Revue d'Histoire du Droit / The Legal History Review,1978,27
journal_db43394a79456ab5,Tijdschrift voor Rechtsgeschiedenis / Revue d'Histoire du Droit / The Legal History Review,1979,22
journal_db43394a79456ab5,Tijdschrift voor Rechtsgeschiedenis / Revue d'Histoire du Droit / The Legal History Review,1980,32
journal_db43394a79456ab5,Tijdschrift voor Rechtsgeschiedenis / Revue d'Histoire du Droit / The Legal History Review,1981,22
journal_db43394a79456ab5,Tijdschrift voor Rechtsgeschiedenis / Revue d'Histoire du Droit / The Legal History Review,1982,25
journal_db43394a79456ab5,Tijdschrift voor Rechtsgeschiedenis / Revue d'Histoire du Droit / The Legal History Review,1983,17
journal_db43394a79456ab5,Tijdschrift voor Rechtsgeschiedenis / Revue d'Histoire du Droit / The Legal History Review,1984,23
journal_db43394a79456ab5,Tijdschrift voor Rechtsgeschiedenis / Revue d'Histoire du Droit / The Legal History Review,1985,21
journal_db43394a79456ab5,Tijdschrift voor Rechtsgeschiedenis / Revue d'Histoire du Droit / The Legal History Review,1986,46
journal_db43394a79456ab5,Tijdschrift voor Rechtsgeschiedenis / Revue d'Histoire du Droit / The Legal History Review,1987,29
journal_db43394a79456ab5,Tijdschrift voor Rechtsgeschiedenis / Revue d'Histoire du Droit / The Legal History Review,1988,23
journal_db43394a79456ab5,Tijdschrift voor Rechtsgeschiedenis / Revue d'Histoire du Droit / The Legal History Review,1989,24
journal_db43394a79456ab5,Tijdschrift voor Rechtsgeschiedenis / Revue d'Histoire du Droit / The Legal History Review,1990,26
journal_db43394a79456ab5,Tijdschrift voor Rechtsgeschiedenis / Revue d'Histoire du Droit / The Legal History Review,1991,24
journal_db43394a79456ab5,Tijdschrift voor Rechtsgeschiedenis / Revue d'Histoire du Droit / The Legal History Review,1992,24
journal_db43394a79456ab5,Tijdschrift voor Rechtsgeschiedenis / Revue d'Histoire du Droit / The Legal History Review,1993,27
journal_db43394a79456ab5,Tijdschrift voor Rechtsgeschiedenis / Revue d'Histoire du Droit / The Legal History Review,1994,19
journal_db43394a79456ab5,Tijdschrift voor Rechtsgeschiedenis / Revue d'Histoire du Droit / The Legal History Review,1995,20
journal_db43394a79456ab5,Tijdschrift voor Rechtsgeschiedenis / Revue d'Histoire du Droit / The Legal History Review,1996,31
journal_db43394a79456ab5,Tijdschrift voor Rechtsgeschiedenis / Revue d'Histoire du Droit / The Legal History Review,1997,98
journal_db43394a79456ab5,Tijdschrift voor Rechtsgeschiedenis / Revue d'Histoire du Droit / The Legal History Review,1998,63
journal_db43394a79456ab5,Tijdschrift voor Rechtsgeschiedenis / Revue d'Histoire du Droit / The Legal History Review,1999,74
journal_db43394a79456ab5,Tijdschrift voor Rechtsgeschiedenis / Revue d'Histoire du Droit / The Legal History Review,2000,92
journal_db43394a79456ab5,Tijdschrift voor Rechtsgeschiedenis / Revue d'Histoire du Droit / The Legal History Review,2001,97
journal_db43394a79456ab5,Tijdschrift voor Rechtsgeschiedenis / Revue d'Histoire du Droit / The Legal History Review,2002,57
journal_db43394a79456ab5,Tijdschrift voor Rechtsgeschiedenis / Revue d'Histoire du Droit / The Legal History Review,2003,41
journal_db43394a79456ab5,Tijdschrift voor Rechtsgeschiedenis / Revue d'Histoire du Droit / The Legal History Review,2004,22
journal_db43394a79456ab5,Tijdschrift voor Rechtsgeschiedenis / Revue d'Histoire du Droit / The Legal History Review,2005,28
journal_db43394a79456ab5,Tijdschrift voor Rechtsgeschiedenis / Revue d'Histoire du Droit / The Legal History Review,2006,23
journal_db43394a79456ab5,Tijdschrift voor Rechtsgeschiedenis / Revue d'Histoire du Droit / The Legal History Review,2007,59
journal_db43394a79456ab5,Tijdschrift voor Rechtsgeschiedenis / Revue d'Histoire du Droit / The Legal History Review,2008,48
journal_db43394a79456ab5,Tijdschrift voor Rechtsgeschiedenis / Revue d'Histoire du Droit / The Legal History Review,2009,48
journal_db43394a79456ab5,Tijdschrift voor Rechtsgeschiedenis / Revue d'Histoire du Droit / The Legal History Review,2010,53
journal_db43394a79456ab5,Tijdschrift voor Rechtsgeschiedenis / Revue d'Histoire du Droit / The Legal History Review,2011,47
journal_db43394a79456ab5,Tijdschrift voor Rechtsgeschiedenis / Revue d'Histoire du Droit / The Legal History Review,2012,22
journal_db43394a79456ab5,Tijdschrift voor Rechtsgeschiedenis / Revue d'Histoire du Droit / The Legal History Review,2022,36
journal_db43394a79456ab5,Tijdschrift voor Rechtsgeschiedenis / Revue d'Histoire du Droit / The Legal History Review,2023,35
journal_db43394a79456ab5,Tijdschrift voor Rechtsgeschiedenis / Revue d'histoire du droit / The Legal History Review,2018,17
journal_db43394a79456ab5,Tijdschrift voor Rechtsgeschiedenis / Revue d'histoire du droit / The Legal History Review,2021,30
journal_db43394a79456ab5,Tijdschrift voor Rechtsgeschiedenis / Revue d'histoire du droit / The Legal History Review,2024,35
journal_db43394a79456ab5,Tijdschrift voor Rechtsgeschiedenis / Revue d'histoire du droit / The Legal History Review,2025,41
journal_db43394a79456ab5,Tijdschrift voor Rechtsgeschiedenis / Revue d'histoire du droit / The Legal History Review,2026,18
journal_db43394a79456ab5,Tijdschrift voor rechtsgeschiedenis,2014,32
journal_db43394a79456ab5,Tijdschrift voor rechtsgeschiedenis,2015,31
journal_db43394a79456ab5,Tijdschrift voor rechtsgeschiedenis,2016,36
journal_db43394a79456ab5,Tijdschrift voor rechtsgeschiedenis,2017,36
journal_db43394a79456ab5,Tijdschrift voor rechtsgeschiedenis,2018,10
journal_db43394a79456ab5,Tijdschrift voor rechtsgeschiedenis,2019,1
journal_dd5aeee8c86c93fa,Estudos Ibero-Americanos,1975,21
journal_dd5aeee8c86c93fa,Estudos Ibero-Americanos,1976,23
journal_dd5aeee8c86c93fa,Estudos Ibero-Americanos,1977,13
journal_dd5aeee8c86c93fa,Estudos Ibero-Americanos,1978,19
journal_dd5aeee8c86c93fa,Estudos Ibero-Americanos,1979,11
journal_dd5aeee8c86c93fa,Estudos Ibero-Americanos,1980,20
journal_dd5aeee8c86c93fa,Estudos Ibero-Americanos,1981,26
journal_dd5aeee8c86c93fa,Estudos Ibero-Americanos,1982,18
journal_dd5aeee8c86c93fa,Estudos Ibero-Americanos,1983,18
journal_dd5aeee8c86c93fa,Estudos Ibero-Americanos,1984,12
journal_dd5aeee8c86c93fa,Estudos Ibero-Americanos,1985,21
journal_dd5aeee8c86c93fa,Estudos Ibero-Americanos,1986,19
journal_dd5aeee8c86c93fa,Estudos Ibero-Americanos,1987,11
journal_dd5aeee8c86c93fa,Estudos Ibero-Americanos,1988,17
journal_dd5aeee8c86c93fa,Estudos Ibero-Americanos,1989,31
journal_dd5aeee8c86c93fa,Estudos Ibero-Americanos,1990,27
journal_dd5aeee8c86c93fa,Estudos Ibero-Americanos,1991,20
journal_dd5aeee8c86c93fa,Estudos Ibero-Americanos,1992,15
journal_dd5aeee8c86c93fa,Estudos Ibero-Americanos,1993,19
journal_dd5aeee8c86c93fa,Estudos Ibero-Americanos,1994,22
journal_dd5aeee8c86c93fa,Estudos Ibero-Americanos,1995,25
journal_dd5aeee8c86c93fa,Estudos Ibero-Americanos,1996,31
journal_dd5aeee8c86c93fa,Estudos Ibero-Americanos,1997,28
journal_dd5aeee8c86c93fa,Estudos Ibero-Americanos,1998,32
journal_dd5aeee8c86c93fa,Estudos Ibero-Americanos,1999,35
journal_dd5aeee8c86c93fa,Estudos Ibero-Americanos,2000,39
journal_dd5aeee8c86c93fa,Estudos Ibero-Americanos,2001,24
journal_dd5aeee8c86c93fa,Estudos Ibero-Americanos,2002,25
journal_dd5aeee8c86c93fa,Estudos Ibero-Americanos,2003,24
journal_dd5aeee8c86c93fa,Estudos Ibero-Americanos,2004,26
journal_dd5aeee8c86c93fa,Estudos Ibero-Americanos,2006,61
journal_dd5aeee8c86c93fa,Estudos Ibero-Americanos,2007,21
journal_dd5aeee8c86c93fa,Estudos Ibero-Americanos,2008,24
journal_dd5aeee8c86c93fa,Estudos Ibero-Americanos,2009,14
journal_dd5aeee8c86c93fa,Estudos Ibero-Americanos,2010,27
journal_dd5aeee8c86c93fa,Estudos Ibero-Americanos,2011,12
journal_dd5aeee8c86c93fa,Estudos Ibero-Americanos,2012,54
journal_dd5aeee8c86c93fa,Estudos Ibero-Americanos,2013,12
journal_dd5aeee8c86c93fa,Estudos Ibero-Americanos,2014,23
journal_dd5aeee8c86c93fa,Estudos Ibero-Americanos,2015,40
journal_dd5aeee8c86c93fa,Estudos Ibero-Americanos,2016,65
journal_dd5aeee8c86c93fa,Estudos Ibero-Americanos,2017,67
journal_dd5aeee8c86c93fa,Estudos Ibero-Americanos,2018,56
journal_dd5aeee8c86c93fa,Estudos Ibero-Americanos,2019,51
journal_dd5aeee8c86c93fa,Estudos Ibero-Americanos,2020,64
journal_dd5aeee8c86c93fa,Estudos Ibero-Americanos,2021,69
journal_dd5aeee8c86c93fa,Estudos Ibero-Americanos,2022,36
journal_dd5aeee8c86c93fa,Estudos Ibero-Americanos,2023,37
journal_dd5aeee8c86c93fa,Estudos Ibero-Americanos,2024,31
journal_dd5aeee8c86c93fa,Estudos Ibero-Americanos,2025,35
journal_dd5aeee8c86c93fa,Estudos Ibero-Americanos,2026,27
journal_deea893c9dccfcc7,Ming Studies,1975,6
journal_deea893c9dccfcc7,Ming Studies,1976,28
journal_deea893c9dccfcc7,Ming Studies,1977,11
journal_deea893c9dccfcc7,Ming Studies,1978,20
journal_deea893c9dccfcc7,Ming Studies,1979,23
journal_deea893c9dccfcc7,Ming Studies,1980,20
journal_deea893c9dccfcc7,Ming Studies,1981,12
journal_deea893c9dccfcc7,Ming Studies,1982,14
journal_deea893c9dccfcc7,Ming Studies,1983,24
journal_deea893c9dccfcc7,Ming Studies,1984,12
journal_deea893c9dccfcc7,Ming Studies,1985,13
journal_deea893c9dccfcc7,Ming Studies,1986,15
journal_deea893c9dccfcc7,Ming Studies,1987,13
journal_deea893c9dccfcc7,Ming Studies,1988,17
journal_deea893c9dccfcc7,Ming Studies,1989,13
journal_deea893c9dccfcc7,Ming Studies,1990,11
journal_deea893c9dccfcc7,Ming Studies,1991,2
journal_deea893c9dccfcc7,Ming Studies,1994,10
journal_deea893c9dccfcc7,Ming Studies,1995,12
journal_deea893c9dccfcc7,Ming Studies,1996,5
journal_deea893c9dccfcc7,Ming Studies,1997,9
journal_deea893c9dccfcc7,Ming Studies,1998,16
journal_deea893c9dccfcc7,Ming Studies,1999,14
journal_deea893c9dccfcc7,Ming Studies,2000,13
journal_deea893c9dccfcc7,Ming Studies,2001,13
journal_deea893c9dccfcc7,Ming Studies,2003,13
journal_deea893c9dccfcc7,Ming Studies,2004,18
journal_deea893c9dccfcc7,Ming Studies,2005,12
journal_deea893c9dccfcc7,Ming Studies,2006,11
journal_deea893c9dccfcc7,Ming Studies,2007,12
journal_deea893c9dccfcc7,Ming Studies,2008,7
journal_deea893c9dccfcc7,Ming Studies,2009,14
journal_deea893c9dccfcc7,Ming Studies,2010,8
journal_deea893c9dccfcc7,Ming Studies,2011,13
journal_deea893c9dccfcc7,Ming Studies,2012,9
journal_deea893c9dccfcc7,Ming Studies,2013,11
journal_deea893c9dccfcc7,Ming Studies,2014,6
journal_deea893c9dccfcc7,Ming Studies,2015,23
journal_deea893c9dccfcc7,Ming Studies,2016,20
journal_deea893c9dccfcc7,Ming Studies,2017,26
journal_deea893c9dccfcc7,Ming Studies,2018,22
journal_deea893c9dccfcc7,Ming Studies,2019,15
journal_deea893c9dccfcc7,Ming Studies,2020,16
journal_deea893c9dccfcc7,Ming Studies,2021,15
journal_deea893c9dccfcc7,Ming Studies,2022,6
journal_deea893c9dccfcc7,Ming Studies,2023,15
journal_deea893c9dccfcc7,Ming Studies,2024,15
journal_deea893c9dccfcc7,Ming Studies,2025,16
journal_deea893c9dccfcc7,Ming Studies,2026,10
journal_e02602c2913ad82a,Terrae Incognitae,1969,16
journal_e02602c2913ad82a,Terrae Incognitae,1970,15
journal_e02602c2913ad82a,Terrae Incognitae,1971,22
journal_e02602c2913ad82a,Terrae Incognitae,1972,20
journal_e02602c2913ad82a,Terrae Incognitae,1973,10
journal_e02602c2913ad82a,Terrae Incognitae,1974,16
journal_e02602c2913ad82a,Terrae Incognitae,1975,14
journal_e02602c2913ad82a,Terrae Incognitae,1976,16
journal_e02602c2913ad82a,Terrae Incognitae,1977,9
journal_e02602c2913ad82a,Terrae Incognitae,1978,18
journal_e02602c2913ad82a,Terrae Incognitae,1979,16
journal_e02602c2913ad82a,Terrae Incognitae,1980,16
journal_e02602c2913ad82a,Terrae Incognitae,1981,12
journal_e02602c2913ad82a,Terrae Incognitae,1982,18
journal_e02602c2913ad82a,Terrae Incognitae,1983,22
journal_e02602c2913ad82a,Terrae Incognitae,1984,14
journal_e02602c2913ad82a,Terrae Incognitae,1985,18
journal_e02602c2913ad82a,Terrae Incognitae,1986,14
journal_e02602c2913ad82a,Terrae Incognitae,1987,16
journal_e02602c2913ad82a,Terrae Incognitae,1988,11
journal_e02602c2913ad82a,Terrae Incognitae,1989,18
journal_e02602c2913ad82a,Terrae Incognitae,1990,14
journal_e02602c2913ad82a,Terrae Incognitae,1991,16
journal_e02602c2913ad82a,Terrae Incognitae,1992,20
journal_e02602c2913ad82a,Terrae Incognitae,1993,16
journal_e02602c2913ad82a,Terrae Incognitae,1994,10
journal_e02602c2913ad82a,Terrae Incognitae,1995,12
journal_e02602c2913ad82a,Terrae Incognitae,1996,14
journal_e02602c2913ad82a,Terrae Incognitae,1997,10
journal_e02602c2913ad82a,Terrae Incognitae,1998,18
journal_e02602c2913ad82a,Terrae Incognitae,1999,19
journal_e02602c2913ad82a,Terrae Incognitae,2000,14
journal_e02602c2913ad82a,Terrae Incognitae,2001,16
journal_e02602c2913ad82a,Terrae Incognitae,2002,14
journal_e02602c2913ad82a,Terrae Incognitae,2003,8
journal_e02602c2913ad82a,Terrae Incognitae,2004,18
journal_e02602c2913ad82a,Terrae Incognitae,2005,20
journal_e02602c2913ad82a,Terrae Incognitae,2006,14
journal_e02602c2913ad82a,Terrae Incognitae,2007,8
journal_e02602c2913ad82a,Terrae Incognitae,2008,11
journal_e02602c2913ad82a,Terrae Incognitae,2009,10
journal_e02602c2913ad82a,Terrae Incognitae,2010,6
journal_e02602c2913ad82a,Terrae Incognitae,2011,12
journal_e02602c2913ad82a,Terrae Incognitae,2012,13
journal_e02602c2913ad82a,Terrae Incognitae,2013,12
journal_e02602c2913ad82a,Terrae Incognitae,2014,13
journal_e02602c2913ad82a,Terrae Incognitae,2015,16
journal_e02602c2913ad82a,Terrae Incognitae,2016,33
journal_e02602c2913ad82a,Terrae Incognitae,2017,40
journal_e02602c2913ad82a,Terrae Incognitae,2018,36
journal_e02602c2913ad82a,Terrae Incognitae,2019,50
journal_e02602c2913ad82a,Terrae Incognitae,2020,42
journal_e02602c2913ad82a,Terrae Incognitae,2021,38
journal_e02602c2913ad82a,Terrae Incognitae,2022,42
journal_e02602c2913ad82a,Terrae Incognitae,2023,31
journal_e02602c2913ad82a,Terrae Incognitae,2024,36
journal_e02602c2913ad82a,Terrae Incognitae,2025,30
journal_e02602c2913ad82a,Terrae Incognitae,2026,26
journal_e272cda784553865,Speculum,1926,78
journal_e272cda784553865,Speculum,1927,96
journal_e272cda784553865,Speculum,1928,102
journal_e272cda784553865,Speculum,1929,108
journal_e272cda784553865,Speculum,1930,101
journal_e272cda784553865,Speculum,1931,110
journal_e272cda784553865,Speculum,1932,106
journal_e272cda784553865,Speculum,1933,98
journal_e272cda784553865,Speculum,1934,91
journal_e272cda784553865,Speculum,1935,86
journal_e272cda784553865,Speculum,1936,111
journal_e272cda784553865,Speculum,1937,118
journal_e272cda784553865,Speculum,1938,112
journal_e272cda784553865,Speculum,1939,102
journal_e272cda784553865,Speculum,1940,99
journal_e272cda784553865,Speculum,1941,100
journal_e272cda784553865,Speculum,1942,101
journal_e272cda784553865,Speculum,1943,68
journal_e272cda784553865,Speculum,1944,68
journal_e272cda784553865,Speculum,1945,93
journal_e272cda784553865,Speculum,1946,94
journal_e272cda784553865,Speculum,1947,109
journal_e272cda784553865,Speculum,1948,134
journal_e272cda784553865,Speculum,1949,160
journal_e272cda784553865,Speculum,1950,128
journal_e272cda784553865,Speculum,1951,186
journal_e272cda784553865,Speculum,1952,163
journal_e272cda784553865,Speculum,1953,194
journal_e272cda784553865,Speculum,1954,174
journal_e272cda784553865,Speculum,1955,177
journal_e272cda784553865,Speculum,1956,176
journal_e272cda784553865,Speculum,1957,196
journal_e272cda784553865,Speculum,1958,162
journal_e272cda784553865,Speculum,1959,204
journal_e272cda784553865,Speculum,1960,168
journal_e272cda784553865,Speculum,1961,186
journal_e272cda784553865,Speculum,1962,203
journal_e272cda784553865,Speculum,1963,166
journal_e272cda784553865,Speculum,1964,208
journal_e272cda784553865,Speculum,1965,200
journal_e272cda784553865,Speculum,1966,215
journal_e272cda784553865,Speculum,1967,197
journal_e272cda784553865,Speculum,1968,205
journal_e272cda784553865,Speculum,1969,207
journal_e272cda784553865,Speculum,1970,191
journal_e272cda784553865,Speculum,1971,173
journal_e272cda784553865,Speculum,1972,200
journal_e272cda784553865,Speculum,1973,213
journal_e272cda784553865,Speculum,1974,198
journal_e272cda784553865,Speculum,1975,166
journal_e272cda784553865,Speculum,1976,194
journal_e272cda784553865,Speculum,1977,316
journal_e272cda784553865,Speculum,1978,276
journal_e272cda784553865,Speculum,1979,278
journal_e272cda784553865,Speculum,1980,306
journal_e272cda784553865,Speculum,1981,307
journal_e272cda784553865,Speculum,1982,287
journal_e272cda784553865,Speculum,1983,378
journal_e272cda784553865,Speculum,1984,331
journal_e272cda784553865,Speculum,1985,368
journal_e272cda784553865,Speculum,1986,392
journal_e272cda784553865,Speculum,1987,378
journal_e272cda784553865,Speculum,1988,396
journal_e272cda784553865,Speculum,1989,389
journal_e272cda784553865,Speculum,1990,436
journal_e272cda784553865,Speculum,1991,345
journal_e272cda784553865,Speculum,1992,413
journal_e272cda784553865,Speculum,1993,509
journal_e272cda784553865,Speculum,1994,614
journal_e272cda784553865,Speculum,1995,439
journal_e272cda784553865,Speculum,1996,358
journal_e272cda784553865,Speculum,1997,453
journal_e272cda784553865,Speculum,1998,513
journal_e272cda784553865,Speculum,1999,486
journal_e272cda784553865,Speculum,2000,367
journal_e272cda784553865,Speculum,2001,451
journal_e272cda784553865,Speculum,2002,611
journal_e272cda784553865,Speculum,2003,577
journal_e272cda784553865,Speculum,2004,461
journal_e272cda784553865,Speculum,2005,537
journal_e272cda784553865,Speculum,2006,587
journal_e272cda784553865,Speculum,2007,412
journal_e272cda784553865,Speculum,2008,431
journal_e272cda784553865,Speculum,2009,506
journal_e272cda784553865,Speculum,2010,422
journal_e272cda784553865,Speculum,2011,475
journal_e272cda784553865,Speculum,2012,422
journal_e272cda784553865,Speculum,2013,386
journal_e272cda784553865,Speculum,2014,328
journal_e272cda784553865,Speculum,2015,319
journal_e272cda784553865,Speculum,2016,329
journal_e272cda784553865,Speculum,2017,354
journal_e272cda784553865,Speculum,2018,387
journal_e272cda784553865,Speculum,2019,349
journal_e272cda784553865,Speculum,2020,358
journal_e272cda784553865,Speculum,2021,326
journal_e272cda784553865,Speculum,2022,361
journal_e272cda784553865,Speculum,2023,353
journal_e272cda784553865,Speculum,2024,360
journal_e272cda784553865,Speculum,2025,332
journal_e272cda784553865,Speculum,2026,283
journal_e36f736779fd97b7,German History,1984,19
journal_e36f736779fd97b7,German History,1985,34
journal_e36f736779fd97b7,German History,1986,42
journal_e36f736779fd97b7,German History,1987,91
journal_e36f736779fd97b7,German History,1988,194
journal_e36f736779fd97b7,German History,1989,172
journal_e36f736779fd97b7,German History,1990,221
journal_e36f736779fd97b7,German History,1991,207
journal_e36f736779fd97b7,German History,1992,212
journal_e36f736779fd97b7,German History,1993,227
journal_e36f736779fd97b7,German History,1994,179
journal_e36f736779fd97b7,German History,1995,234
journal_e36f736779fd97b7,German History,1996,221
journal_e36f736779fd97b7,German History,1997,229
journal_e36f736779fd97b7,German History,1998,155
journal_e36f736779fd97b7,German History,1999,196
journal_e36f736779fd97b7,German History,2000,116
journal_e36f736779fd97b7,German History,2001,139
journal_e36f736779fd97b7,German History,2002,134
journal_e36f736779fd97b7,German History,2003,137
journal_e36f736779fd97b7,German History,2004,114
journal_e36f736779fd97b7,German History,2005,107
journal_e36f736779fd97b7,German History,2006,86
journal_e36f736779fd97b7,German History,2007,86
journal_e36f736779fd97b7,German History,2008,94
journal_e36f736779fd97b7,German History,2009,114
journal_e36f736779fd97b7,German History,2010,177
journal_e36f736779fd97b7,German History,2011,129
journal_e36f736779fd97b7,German History,2012,134
journal_e36f736779fd97b7,German History,2013,116
journal_e36f736779fd97b7,German History,2014,120
journal_e36f736779fd97b7,German History,2015,143
journal_e36f736779fd97b7,German History,2016,153
journal_e36f736779fd97b7,German History,2017,137
journal_e36f736779fd97b7,German History,2018,128
journal_e36f736779fd97b7,German History,2019,112
journal_e36f736779fd97b7,German History,2020,95
journal_e36f736779fd97b7,German History,2021,87
journal_e36f736779fd97b7,German History,2022,95
journal_e36f736779fd97b7,German History,2023,79
journal_e36f736779fd97b7,German History,2024,57
journal_e36f736779fd97b7,German History,2025,51
journal_e36f736779fd97b7,German History,2026,28
journal_e391690d1620df07,Economic History of Developing Regions,2010,11
journal_e391690d1620df07,Economic History of Developing Regions,2011,21
journal_e391690d1620df07,Economic History of Developing Regions,2012,26
journal_e391690d1620df07,Economic History of Developing Regions,2013,8
journal_e391690d1620df07,Economic History of Developing Regions,2014,15
journal_e391690d1620df07,Economic History of Developing Regions,2015,10
journal_e391690d1620df07,Economic History of Developing Regions,2016,11
journal_e391690d1620df07,Economic History of Developing Regions,2017,9
journal_e391690d1620df07,Economic History of Developing Regions,2018,10
journal_e391690d1620df07,Economic History of Developing Regions,2019,16
journal_e391690d1620df07,Economic History of Developing Regions,2020,9
journal_e391690d1620df07,Economic History of Developing Regions,2021,29
journal_e391690d1620df07,Economic History of Developing Regions,2022,11
journal_e391690d1620df07,Economic History of Developing Regions,2023,14
journal_e391690d1620df07,Economic History of Developing Regions,2024,6
journal_e391690d1620df07,Economic History of Developing Regions,2025,15
journal_e391690d1620df07,Economic History of Developing Regions,2026,11
journal_e4bfecd95b129a38,War in History,1994,46
journal_e4bfecd95b129a38,War in History,1995,44
journal_e4bfecd95b129a38,War in History,1996,49
journal_e4bfecd95b129a38,War in History,1997,73
journal_e4bfecd95b129a38,War in History,1998,67
journal_e4bfecd95b129a38,War in History,1999,73
journal_e4bfecd95b129a38,War in History,2000,82
journal_e4bfecd95b129a38,War in History,2001,90
journal_e4bfecd95b129a38,War in History,2002,50
journal_e4bfecd95b129a38,War in History,2003,70
journal_e4bfecd95b129a38,War in History,2004,66
journal_e4bfecd95b129a38,War in History,2005,79
journal_e4bfecd95b129a38,War in History,2006,82
journal_e4bfecd95b129a38,War in History,2007,47
journal_e4bfecd95b129a38,War in History,2008,72
journal_e4bfecd95b129a38,War in History,2009,61
journal_e4bfecd95b129a38,War in History,2010,72
journal_e4bfecd95b129a38,War in History,2011,70
journal_e4bfecd95b129a38,War in History,2012,71
journal_e4bfecd95b129a38,War in History,2013,72
journal_e4bfecd95b129a38,War in History,2014,91
journal_e4bfecd95b129a38,War in History,2015,56
journal_e4bfecd95b129a38,War in History,2016,75
journal_e4bfecd95b129a38,War in History,2017,97
journal_e4bfecd95b129a38,War in History,2018,80
journal_e4bfecd95b129a38,War in History,2019,71
journal_e4bfecd95b129a38,War in History,2020,57
journal_e4bfecd95b129a38,War in History,2021,55
journal_e4bfecd95b129a38,War in History,2022,63
journal_e4bfecd95b129a38,War in History,2023,48
journal_e4bfecd95b129a38,War in History,2024,62
journal_e4bfecd95b129a38,War in History,2025,50
journal_e4bfecd95b129a38,War in History,2026,39
journal_e58627135946a4e7,American Communist History,2002,15
journal_e58627135946a4e7,American Communist History,2003,16
journal_e58627135946a4e7,American Communist History,2004,14
journal_e58627135946a4e7,American Communist History,2005,24
journal_e58627135946a4e7,American Communist History,2006,15
journal_e58627135946a4e7,American Communist History,2007,16
journal_e58627135946a4e7,American Communist History,2008,19
journal_e58627135946a4e7,American Communist History,2009,36
journal_e58627135946a4e7,American Communist History,2010,43
journal_e58627135946a4e7,American Communist History,2011,32
journal_e58627135946a4e7,American Communist History,2012,34
journal_e58627135946a4e7,American Communist History,2013,25
journal_e58627135946a4e7,American Communist History,2014,24
journal_e58627135946a4e7,American Communist History,2015,33
journal_e58627135946a4e7,American Communist History,2016,24
journal_e58627135946a4e7,American Communist History,2017,16
journal_e58627135946a4e7,American Communist History,2018,26
journal_e58627135946a4e7,American Communist History,2019,15
journal_e58627135946a4e7,American Communist History,2020,12
journal_e58627135946a4e7,American Communist History,2021,17
journal_e58627135946a4e7,American Communist History,2022,18
journal_e58627135946a4e7,American Communist History,2023,7
journal_e58627135946a4e7,American Communist History,2024,14
journal_e58627135946a4e7,American Communist History,2025,16
journal_e58627135946a4e7,American Communist History,2026,10
journal_e6929b124f9137bc,Ethnohistory,1954,4
journal_e6929b124f9137bc,Ethnohistory,1955,35
journal_e6929b124f9137bc,Ethnohistory,1956,40
journal_e6929b124f9137bc,Ethnohistory,1957,35
journal_e6929b124f9137bc,Ethnohistory,1958,33
journal_e6929b124f9137bc,Ethnohistory,1959,25
journal_e6929b124f9137bc,Ethnohistory,1960,36
journal_e6929b124f9137bc,Ethnohistory,1961,54
journal_e6929b124f9137bc,Ethnohistory,1962,47
journal_e6929b124f9137bc,Ethnohistory,1963,48
journal_e6929b124f9137bc,Ethnohistory,1964,47
journal_e6929b124f9137bc,Ethnohistory,1965,39
journal_e6929b124f9137bc,Ethnohistory,1966,11
journal_e6929b124f9137bc,Ethnohistory,1967,1
journal_e6929b124f9137bc,Ethnohistory,1968,45
journal_e6929b124f9137bc,Ethnohistory,1969,20
journal_e6929b124f9137bc,Ethnohistory,1970,16
journal_e6929b124f9137bc,Ethnohistory,1971,105
journal_e6929b124f9137bc,Ethnohistory,1972,81
journal_e6929b124f9137bc,Ethnohistory,1973,64
journal_e6929b124f9137bc,Ethnohistory,1974,51
journal_e6929b124f9137bc,Ethnohistory,1975,40
journal_e6929b124f9137bc,Ethnohistory,1976,57
journal_e6929b124f9137bc,Ethnohistory,1977,76
journal_e6929b124f9137bc,Ethnohistory,1978,31
journal_e6929b124f9137bc,Ethnohistory,1979,45
journal_e6929b124f9137bc,Ethnohistory,1980,43
journal_e6929b124f9137bc,Ethnohistory,1981,41
journal_e6929b124f9137bc,Ethnohistory,1982,52
journal_e6929b124f9137bc,Ethnohistory,1983,44
journal_e6929b124f9137bc,Ethnohistory,1984,101
journal_e6929b124f9137bc,Ethnohistory,1985,87
journal_e6929b124f9137bc,Ethnohistory,1986,88
journal_e6929b124f9137bc,Ethnohistory,1987,49
journal_e6929b124f9137bc,Ethnohistory,1988,51
journal_e6929b124f9137bc,Ethnohistory,1989,91
journal_e6929b124f9137bc,Ethnohistory,1990,96
journal_e6929b124f9137bc,Ethnohistory,1991,103
journal_e6929b124f9137bc,Ethnohistory,1992,128
journal_e6929b124f9137bc,Ethnohistory,1993,162
journal_e6929b124f9137bc,Ethnohistory,1994,74
journal_e6929b124f9137bc,Ethnohistory,1995,111
journal_e6929b124f9137bc,Ethnohistory,1996,113
journal_e6929b124f9137bc,Ethnohistory,1997,96
journal_e6929b124f9137bc,Ethnohistory,1998,91
journal_e6929b124f9137bc,Ethnohistory,2000,72
journal_e6929b124f9137bc,Ethnohistory,2001,79
journal_e6929b124f9137bc,Ethnohistory,2002,73
journal_e6929b124f9137bc,Ethnohistory,2003,64
journal_e6929b124f9137bc,Ethnohistory,2004,81
journal_e6929b124f9137bc,Ethnohistory,2005,82
journal_e6929b124f9137bc,Ethnohistory,2006,67
journal_e6929b124f9137bc,Ethnohistory,2007,84
journal_e6929b124f9137bc,Ethnohistory,2008,68
journal_e6929b124f9137bc,Ethnohistory,2009,100
journal_e6929b124f9137bc,Ethnohistory,2010,92
journal_e6929b124f9137bc,Ethnohistory,2011,98
journal_e6929b124f9137bc,Ethnohistory,2012,81
journal_e6929b124f9137bc,Ethnohistory,2013,102
journal_e6929b124f9137bc,Ethnohistory,2014,83
journal_e6929b124f9137bc,Ethnohistory,2015,62
journal_e6929b124f9137bc,Ethnohistory,2016,98
journal_e6929b124f9137bc,Ethnohistory,2017,75
journal_e6929b124f9137bc,Ethnohistory,2018,73
journal_e6929b124f9137bc,Ethnohistory,2019,79
journal_e6929b124f9137bc,Ethnohistory,2020,65
journal_e6929b124f9137bc,Ethnohistory,2021,48
journal_e6929b124f9137bc,Ethnohistory,2022,42
journal_e6929b124f9137bc,Ethnohistory,2023,51
journal_e6929b124f9137bc,Ethnohistory,2024,32
journal_e6929b124f9137bc,Ethnohistory,2025,32
journal_e6929b124f9137bc,Ethnohistory,2026,29
journal_e826de5b0944e7f4,Studia Slavica et Balcanica Petropolitana,2016,24
journal_e826de5b0944e7f4,Studia Slavica et Balcanica Petropolitana,2017,26
journal_e826de5b0944e7f4,Studia Slavica et Balcanica Petropolitana,2018,7
journal_e826de5b0944e7f4,Studia Slavica et Balcanica Petropolitana,2019,29
journal_e826de5b0944e7f4,Studia Slavica et Balcanica Petropolitana,2020,33
journal_e826de5b0944e7f4,Studia Slavica et Balcanica Petropolitana,2021,28
journal_e826de5b0944e7f4,Studia Slavica et Balcanica Petropolitana,2022,30
journal_e826de5b0944e7f4,Studia Slavica et Balcanica Petropolitana,2023,24
journal_e826de5b0944e7f4,Studia Slavica et Balcanica Petropolitana,2024,12
journal_e826de5b0944e7f4,Studia Slavica et Balcanica Petropolitana,2025,11
journal_e86963327015c29b,Historische Zeitschrift,1859,51
journal_e86963327015c29b,Historische Zeitschrift,1860,27
journal_e86963327015c29b,Historische Zeitschrift,1861,29
journal_e86963327015c29b,Historische Zeitschrift,1862,30
journal_e86963327015c29b,Historische Zeitschrift,1863,26
journal_e86963327015c29b,Historische Zeitschrift,1864,31
journal_e86963327015c29b,Historische Zeitschrift,1865,28
journal_e86963327015c29b,Historische Zeitschrift,1866,28
journal_e86963327015c29b,Historische Zeitschrift,1867,25
journal_e86963327015c29b,Historische Zeitschrift,1868,26
journal_e86963327015c29b,Historische Zeitschrift,1869,28
journal_e86963327015c29b,Historische Zeitschrift,1870,33
journal_e86963327015c29b,Historische Zeitschrift,1871,27
journal_e86963327015c29b,Historische Zeitschrift,1872,28
journal_e86963327015c29b,Historische Zeitschrift,1873,32
journal_e86963327015c29b,Historische Zeitschrift,1874,31
journal_e86963327015c29b,Historische Zeitschrift,1875,22
journal_e86963327015c29b,Historische Zeitschrift,1876,27
journal_e86963327015c29b,Historische Zeitschrift,1877,29
journal_e86963327015c29b,Historische Zeitschrift,1878,34
journal_e86963327015c29b,Historische Zeitschrift,1879,32
journal_e86963327015c29b,Historische Zeitschrift,1880,29
journal_e86963327015c29b,Historische Zeitschrift,1881,29
journal_e86963327015c29b,Historische Zeitschrift,1882,27
journal_e86963327015c29b,Historische Zeitschrift,1883,44
journal_e86963327015c29b,Historische Zeitschrift,1884,13
journal_e86963327015c29b,Historische Zeitschrift,1885,30
journal_e86963327015c29b,Historische Zeitschrift,1886,28
journal_e86963327015c29b,Historische Zeitschrift,1887,36
journal_e86963327015c29b,Historische Zeitschrift,1888,43
journal_e86963327015c29b,Historische Zeitschrift,1889,59
journal_e86963327015c29b,Historische Zeitschrift,1890,36
journal_e86963327015c29b,Historische Zeitschrift,1891,35
journal_e86963327015c29b,Historische Zeitschrift,1892,38
journal_e86963327015c29b,Historische Zeitschrift,1893,45
journal_e86963327015c29b,Historische Zeitschrift,1894,36
journal_e86963327015c29b,Historische Zeitschrift,1895,37
journal_e86963327015c29b,Historische Zeitschrift,1896,36
journal_e86963327015c29b,Historische Zeitschrift,1897,44
journal_e86963327015c29b,Historische Zeitschrift,1898,35
journal_e86963327015c29b,Historische Zeitschrift,1899,37
journal_e86963327015c29b,Historische Zeitschrift,1900,36
journal_e86963327015c29b,Historische Zeitschrift,1901,39
journal_e86963327015c29b,Historische Zeitschrift,1902,34
journal_e86963327015c29b,Historische Zeitschrift,1903,33
journal_e86963327015c29b,Historische Zeitschrift,1904,43
journal_e86963327015c29b,Historische Zeitschrift,1905,35
journal_e86963327015c29b,Historische Zeitschrift,1906,36
journal_e86963327015c29b,Historische Zeitschrift,1907,155
journal_e86963327015c29b,Historische Zeitschrift,1908,41
journal_e86963327015c29b,Historische Zeitschrift,1909,46
journal_e86963327015c29b,Historische Zeitschrift,1910,42
journal_e86963327015c29b,Historische Zeitschrift,1911,45
journal_e86963327015c29b,Historische Zeitschrift,1912,43
journal_e86963327015c29b,Historische Zeitschrift,1913,39
journal_e86963327015c29b,Historische Zeitschrift,1914,40
journal_e86963327015c29b,Historische Zeitschrift,1915,16
journal_e86963327015c29b,Historische Zeitschrift,1916,41
journal_e86963327015c29b,Historische Zeitschrift,1917,39
journal_e86963327015c29b,Historische Zeitschrift,1919,52
journal_e86963327015c29b,Historische Zeitschrift,1920,19
journal_e86963327015c29b,Historische Zeitschrift,1921,35
journal_e86963327015c29b,Historische Zeitschrift,1922,37
journal_e86963327015c29b,Historische Zeitschrift,1923,39
journal_e86963327015c29b,Historische Zeitschrift,1924,37
journal_e86963327015c29b,Historische Zeitschrift,1925,42
journal_e86963327015c29b,Historische Zeitschrift,1926,44
journal_e86963327015c29b,Historische Zeitschrift,1927,36
journal_e86963327015c29b,Historische Zeitschrift,1928,136
journal_e86963327015c29b,Historische Zeitschrift,1929,43
journal_e86963327015c29b,Historische Zeitschrift,1930,43
journal_e86963327015c29b,Historische Zeitschrift,1931,40
journal_e86963327015c29b,Historische Zeitschrift,1932,39
journal_e86963327015c29b,Historische Zeitschrift,1933,52
journal_e86963327015c29b,Historische Zeitschrift,1934,44
journal_e86963327015c29b,Historische Zeitschrift,1935,45
journal_e86963327015c29b,Historische Zeitschrift,1936,48
journal_e86963327015c29b,Historische Zeitschrift,1937,39
journal_e86963327015c29b,Historische Zeitschrift,1938,107
journal_e86963327015c29b,Historische Zeitschrift,1939,50
journal_e86963327015c29b,Historische Zeitschrift,1940,53
journal_e86963327015c29b,Historische Zeitschrift,1941,51
journal_e86963327015c29b,Historische Zeitschrift,1942,45
journal_e86963327015c29b,Historische Zeitschrift,1943,130
journal_e86963327015c29b,Historische Zeitschrift,1949,124
journal_e86963327015c29b,Historische Zeitschrift,1950,15
journal_e86963327015c29b,Historische Zeitschrift,1951,36
journal_e86963327015c29b,Historische Zeitschrift,1952,42
journal_e86963327015c29b,Historische Zeitschrift,1953,45
journal_e86963327015c29b,Historische Zeitschrift,1954,37
journal_e86963327015c29b,Historische Zeitschrift,1955,34
journal_e86963327015c29b,Historische Zeitschrift,1956,33
journal_e86963327015c29b,Historische Zeitschrift,1957,35
journal_e86963327015c29b,Historische Zeitschrift,1958,50
journal_e86963327015c29b,Historische Zeitschrift,1959,45
journal_e86963327015c29b,Historische Zeitschrift,1960,42
journal_e86963327015c29b,Historische Zeitschrift,1961,38
journal_e86963327015c29b,Historische Zeitschrift,1962,61
journal_e86963327015c29b,Historische Zeitschrift,1963,45
journal_e86963327015c29b,Historische Zeitschrift,1964,39
journal_e86963327015c29b,Historische Zeitschrift,1965,52
journal_e86963327015c29b,Historische Zeitschrift,1966,37
journal_e86963327015c29b,Historische Zeitschrift,1967,31
journal_e86963327015c29b,Historische Zeitschrift,1968,35
journal_e86963327015c29b,Historische Zeitschrift,1969,71
journal_e86963327015c29b,Historische Zeitschrift,1970,101
journal_e86963327015c29b,Historische Zeitschrift,1971,48
journal_e86963327015c29b,Historische Zeitschrift,1972,47
journal_e86963327015c29b,Historische Zeitschrift,1973,58
journal_e86963327015c29b,Historische Zeitschrift,1974,44
journal_e86963327015c29b,Historische Zeitschrift,1975,50
journal_e86963327015c29b,Historische Zeitschrift,1976,40
journal_e86963327015c29b,Historische Zeitschrift,1977,46
journal_e86963327015c29b,Historische Zeitschrift,1978,83
journal_e86963327015c29b,Historische Zeitschrift,1979,48
journal_e86963327015c29b,Historische Zeitschrift,1980,46
journal_e86963327015c29b,Historische Zeitschrift,1981,44
journal_e86963327015c29b,Historische Zeitschrift,1982,46
journal_e86963327015c29b,Historische Zeitschrift,1983,49
journal_e86963327015c29b,Historische Zeitschrift,1984,52
journal_e86963327015c29b,Historische Zeitschrift,1985,55
journal_e86963327015c29b,Historische Zeitschrift,1986,45
journal_e86963327015c29b,Historische Zeitschrift,1987,47
journal_e86963327015c29b,Historische Zeitschrift,1988,47
journal_e86963327015c29b,Historische Zeitschrift,1989,40
journal_e86963327015c29b,Historische Zeitschrift,1990,47
journal_e86963327015c29b,Historische Zeitschrift,1991,46
journal_e86963327015c29b,Historische Zeitschrift,1992,43
journal_e86963327015c29b,Historische Zeitschrift,1993,46
journal_e86963327015c29b,Historische Zeitschrift,1994,40
journal_e86963327015c29b,Historische Zeitschrift,1995,47
journal_e86963327015c29b,Historische Zeitschrift,1996,44
journal_e86963327015c29b,Historische Zeitschrift,1997,39
journal_e86963327015c29b,Historische Zeitschrift,1998,42
journal_e86963327015c29b,Historische Zeitschrift,1999,44
journal_e86963327015c29b,Historische Zeitschrift,2000,40
journal_e86963327015c29b,Historische Zeitschrift,2001,35
journal_e86963327015c29b,Historische Zeitschrift,2002,36
journal_e86963327015c29b,Historische Zeitschrift,2003,40
journal_e86963327015c29b,Historische Zeitschrift,2004,48
journal_e86963327015c29b,Historische Zeitschrift,2005,43
journal_e86963327015c29b,Historische Zeitschrift,2006,42
journal_e86963327015c29b,Historische Zeitschrift,2007,91
journal_e86963327015c29b,Historische Zeitschrift,2008,56
journal_e86963327015c29b,Historische Zeitschrift,2009,20
journal_e86963327015c29b,Historische Zeitschrift,2010,64
journal_e86963327015c29b,Historische Zeitschrift,2011,65
journal_e86963327015c29b,Historische Zeitschrift,2012,338
journal_e86963327015c29b,Historische Zeitschrift,2013,696
journal_e86963327015c29b,Historische Zeitschrift,2014,643
journal_e86963327015c29b,Historische Zeitschrift,2015,553
journal_e86963327015c29b,Historische Zeitschrift,2016,535
journal_e86963327015c29b,Historische Zeitschrift,2017,581
journal_e86963327015c29b,Historische Zeitschrift,2018,638
journal_e86963327015c29b,Historische Zeitschrift,2019,582
journal_e86963327015c29b,Historische Zeitschrift,2020,556
journal_e86963327015c29b,Historische Zeitschrift,2021,492
journal_e86963327015c29b,Historische Zeitschrift,2022,535
journal_e86963327015c29b,Historische Zeitschrift,2023,428
journal_e86963327015c29b,Historische Zeitschrift,2024,425
journal_e86963327015c29b,Historische Zeitschrift,2025,394
journal_e86963327015c29b,Historische Zeitschrift,2026,306
journal_ea759c416ef0daad,Dubrovnik Annals,2013,4
journal_ea759c416ef0daad,Dubrovnik Annals,2014,4
journal_ea759c416ef0daad,Dubrovnik Annals,2015,5
journal_ea759c416ef0daad,Dubrovnik Annals,2016,5
journal_ea759c416ef0daad,Dubrovnik Annals,2018,5
journal_ea759c416ef0daad,Dubrovnik annals,2019,5
journal_ea759c416ef0daad,Dubrovnik annals,2020,5
journal_ea759c416ef0daad,Dubrovnik annals,2021,5
journal_ea759c416ef0daad,Dubrovnik annals,2022,5
journal_ea759c416ef0daad,Dubrovnik annals,2023,5
journal_ea759c416ef0daad,Dubrovnik annals,2024,5
journal_ea759c416ef0daad,Dubrovnik annals,2025,5
journal_ebe7717166683b58,Mediaevalia historica Bohemica,2021,4
journal_ebe7717166683b58,Mediaevalia historica Bohemica,2022,7
journal_ebe7717166683b58,Mediaevalia historica Bohemica,2023,11
journal_ebe7717166683b58,Mediaevalia historica Bohemica,2024,11
journal_ebe7717166683b58,Mediaevalia historica Bohemica,2025,11
journal_ec3bc593890aed44,Mundo Agrario,2017,39
journal_ec3bc593890aed44,Mundo Agrario,2018,25
journal_ec3bc593890aed44,Mundo Agrario,2019,26
journal_ec3bc593890aed44,Mundo Agrario,2020,27
journal_ec3bc593890aed44,Mundo Agrario,2021,19
journal_ec3bc593890aed44,Mundo Agrario,2022,19
journal_ec3bc593890aed44,Mundo Agrario,2023,36
journal_ec3bc593890aed44,Mundo Agrario,2024,31
journal_ec3bc593890aed44,Mundo Agrario,2025,50
journal_ec3bc593890aed44,Mundo Agrario,2026,21
journal_ec6114ac32c92f0e,Indian Historical Review,1999,74
journal_ec6114ac32c92f0e,Indian Historical Review,2000,31
journal_ec6114ac32c92f0e,Indian Historical Review,2001,45
journal_ec6114ac32c92f0e,Indian Historical Review,2002,41
journal_ec6114ac32c92f0e,Indian Historical Review,2003,33
journal_ec6114ac32c92f0e,Indian Historical Review,2004,32
journal_ec6114ac32c92f0e,Indian Historical Review,2005,50
journal_ec6114ac32c92f0e,Indian Historical Review,2006,45
journal_ec6114ac32c92f0e,Indian Historical Review,2007,68
journal_ec6114ac32c92f0e,Indian Historical Review,2008,51
journal_ec6114ac32c92f0e,Indian Historical Review,2009,17
journal_ec6114ac32c92f0e,Indian Historical Review,2010,32
journal_ec6114ac32c92f0e,Indian Historical Review,2011,23
journal_ec6114ac32c92f0e,Indian Historical Review,2012,30
journal_ec6114ac32c92f0e,Indian Historical Review,2013,34
journal_ec6114ac32c92f0e,Indian Historical Review,2014,54
journal_ec6114ac32c92f0e,Indian Historical Review,2015,56
journal_ec6114ac32c92f0e,Indian Historical Review,2016,51
journal_ec6114ac32c92f0e,Indian Historical Review,2017,42
journal_ec6114ac32c92f0e,Indian Historical Review,2018,22
journal_ec6114ac32c92f0e,Indian Historical Review,2019,27
journal_ec6114ac32c92f0e,Indian Historical Review,2020,28
journal_ec6114ac32c92f0e,Indian Historical Review,2021,29
journal_ec6114ac32c92f0e,Indian Historical Review,2022,35
journal_ec6114ac32c92f0e,Indian Historical Review,2023,24
journal_ec6114ac32c92f0e,Indian Historical Review,2024,24
journal_ec6114ac32c92f0e,Indian Historical Review,2025,26
journal_ec6114ac32c92f0e,Indian Historical Review,2026,11
journal_ec74f244f54d7364,Journal of Women's History,1989,32
journal_ec74f244f54d7364,Journal of Women's History,1990,47
journal_ec74f244f54d7364,Journal of Women's History,1991,45
journal_ec74f244f54d7364,Journal of Women's History,1992,48
journal_ec74f244f54d7364,Journal of Women's History,1993,67
journal_ec74f244f54d7364,Journal of Women's History,1994,66
journal_ec74f244f54d7364,Journal of Women's History,1995,64
journal_ec74f244f54d7364,Journal of Women's History,1996,58
journal_ec74f244f54d7364,Journal of Women's History,1997,71
journal_ec74f244f54d7364,Journal of Women's History,1998,65
journal_ec74f244f54d7364,Journal of Women's History,1999,70
journal_ec74f244f54d7364,Journal of Women's History,2000,67
journal_ec74f244f54d7364,Journal of Women's History,2001,78
journal_ec74f244f54d7364,Journal of Women's History,2002,77
journal_ec74f244f54d7364,Journal of Women's History,2003,87
journal_ec74f244f54d7364,Journal of Women's History,2004,93
journal_ec74f244f54d7364,Journal of Women's History,2005,57
journal_ec74f244f54d7364,Journal of Women's History,2006,68
journal_ec74f244f54d7364,Journal of Women's History,2007,74
journal_ec74f244f54d7364,Journal of Women's History,2008,74
journal_ec74f244f54d7364,Journal of Women's History,2009,70
journal_ec74f244f54d7364,Journal of Women's History,2010,79
journal_ec74f244f54d7364,Journal of Women's History,2011,56
journal_ec74f244f54d7364,Journal of Women's History,2012,55
journal_ec74f244f54d7364,Journal of Women's History,2013,65
journal_ec74f244f54d7364,Journal of Women's History,2014,70
journal_ec74f244f54d7364,Journal of Women's History,2015,49
journal_ec74f244f54d7364,Journal of Women's History,2016,50
journal_ec74f244f54d7364,Journal of Women's History,2017,64
journal_ec74f244f54d7364,Journal of Women's History,2018,51
journal_ec74f244f54d7364,Journal of Women's History,2019,46
journal_ec74f244f54d7364,Journal of Women's History,2020,44
journal_ec74f244f54d7364,Journal of Women's History,2021,50
journal_ec74f244f54d7364,Journal of Women's History,2022,46
journal_ec74f244f54d7364,Journal of Women's History,2023,47
journal_ec74f244f54d7364,Journal of Women's History,2024,50
journal_ec74f244f54d7364,Journal of Women's History,2025,41
journal_ec74f244f54d7364,Journal of Women's History,2026,28
journal_ec7cbde01f926330,Archivos de Historia del Movimiento Obrero y la Izquierda,1969,1
journal_ec7cbde01f926330,Archivos de Historia del Movimiento Obrero y la Izquierda,2021,32
journal_ec7cbde01f926330,Archivos de Historia del Movimiento Obrero y la Izquierda,2022,28
journal_ec7cbde01f926330,Archivos de Historia del Movimiento Obrero y la Izquierda,2023,27
journal_ec7cbde01f926330,Archivos de Historia del Movimiento Obrero y la Izquierda,2024,31
journal_ec7cbde01f926330,Archivos de Historia del Movimiento Obrero y la Izquierda,2025,31
journal_ec7cbde01f926330,Archivos de Historia del Movimiento Obrero y la Izquierda,2026,16
journal_ec7cbde01f926330,Archivos de historia del movimiento obrero y la izquierda,2012,16
journal_ec7cbde01f926330,Archivos de historia del movimiento obrero y la izquierda,2013,28
journal_ec7cbde01f926330,Archivos de historia del movimiento obrero y la izquierda,2014,30
journal_ec7cbde01f926330,Archivos de historia del movimiento obrero y la izquierda,2015,30
journal_ec7cbde01f926330,Archivos de historia del movimiento obrero y la izquierda,2016,32
journal_ec7cbde01f926330,Archivos de historia del movimiento obrero y la izquierda,2017,28
journal_ec7cbde01f926330,Archivos de historia del movimiento obrero y la izquierda,2018,33
journal_ec7cbde01f926330,Archivos de historia del movimiento obrero y la izquierda,2019,25
journal_ec7cbde01f926330,Archivos de historia del movimiento obrero y la izquierda,2020,30
journal_ec7cbde01f926330,Archivos de historia del movimiento obrero y la izquierda,2021,1
journal_ecbd320c8d6e9372,Financial History Review,1994,31
journal_ecbd320c8d6e9372,Financial History Review,1995,30
journal_ecbd320c8d6e9372,Financial History Review,1996,34
journal_ecbd320c8d6e9372,Financial History Review,1997,26
journal_ecbd320c8d6e9372,Financial History Review,1998,28
journal_ecbd320c8d6e9372,Financial History Review,1999,24
journal_ecbd320c8d6e9372,Financial History Review,2000,12
journal_ecbd320c8d6e9372,Financial History Review,2001,17
journal_ecbd320c8d6e9372,Financial History Review,2002,17
journal_ecbd320c8d6e9372,Financial History Review,2003,21
journal_ecbd320c8d6e9372,Financial History Review,2004,18
journal_ecbd320c8d6e9372,Financial History Review,2005,25
journal_ecbd320c8d6e9372,Financial History Review,2006,23
journal_ecbd320c8d6e9372,Financial History Review,2007,19
journal_ecbd320c8d6e9372,Financial History Review,2008,21
journal_ecbd320c8d6e9372,Financial History Review,2009,24
journal_ecbd320c8d6e9372,Financial History Review,2010,27
journal_ecbd320c8d6e9372,Financial History Review,2011,29
journal_ecbd320c8d6e9372,Financial History Review,2012,26
journal_ecbd320c8d6e9372,Financial History Review,2013,26
journal_ecbd320c8d6e9372,Financial History Review,2014,25
journal_ecbd320c8d6e9372,Financial History Review,2015,25
journal_ecbd320c8d6e9372,Financial History Review,2016,22
journal_ecbd320c8d6e9372,Financial History Review,2017,22
journal_ecbd320c8d6e9372,Financial History Review,2018,21
journal_ecbd320c8d6e9372,Financial History Review,2019,26
journal_ecbd320c8d6e9372,Financial History Review,2020,26
journal_ecbd320c8d6e9372,Financial History Review,2021,24
journal_ecbd320c8d6e9372,Financial History Review,2022,23
journal_ecbd320c8d6e9372,Financial History Review,2023,16
journal_ecbd320c8d6e9372,Financial History Review,2024,12
journal_ecbd320c8d6e9372,Financial History Review,2025,12
journal_ecbd320c8d6e9372,Financial History Review,2026,6
journal_ed00abc0414f5a9f,Northern Scotland,1972,17
journal_ed00abc0414f5a9f,Northern Scotland,1974,16
journal_ed00abc0414f5a9f,Northern Scotland,1977,11
journal_ed00abc0414f5a9f,Northern Scotland,1981,17
journal_ed00abc0414f5a9f,Northern Scotland,1982,33
journal_ed00abc0414f5a9f,Northern Scotland,1984,30
journal_ed00abc0414f5a9f,Northern Scotland,1986,38
journal_ed00abc0414f5a9f,Northern Scotland,1988,13
journal_ed00abc0414f5a9f,Northern Scotland,1989,15
journal_ed00abc0414f5a9f,Northern Scotland,1990,22
journal_ed00abc0414f5a9f,Northern Scotland,1991,12
journal_ed00abc0414f5a9f,Northern Scotland,1992,23
journal_ed00abc0414f5a9f,Northern Scotland,1993,19
journal_ed00abc0414f5a9f,Northern Scotland,1994,18
journal_ed00abc0414f5a9f,Northern Scotland,1995,21
journal_ed00abc0414f5a9f,Northern Scotland,1996,21
journal_ed00abc0414f5a9f,Northern Scotland,1997,23
journal_ed00abc0414f5a9f,Northern Scotland,1998,22
journal_ed00abc0414f5a9f,Northern Scotland,1999,28
journal_ed00abc0414f5a9f,Northern Scotland,2000,20
journal_ed00abc0414f5a9f,Northern Scotland,2001,22
journal_ed00abc0414f5a9f,Northern Scotland,2002,16
journal_ed00abc0414f5a9f,Northern Scotland,2003,10
journal_ed00abc0414f5a9f,Northern Scotland,2004,10
journal_ed00abc0414f5a9f,Northern Scotland,2007,23
journal_ed00abc0414f5a9f,Northern Scotland,2010,19
journal_ed00abc0414f5a9f,Northern Scotland,2011,14
journal_ed00abc0414f5a9f,Northern Scotland,2012,26
journal_ed00abc0414f5a9f,Northern Scotland,2013,22
journal_ed00abc0414f5a9f,Northern Scotland,2014,13
journal_ed00abc0414f5a9f,Northern Scotland,2015,19
journal_ed00abc0414f5a9f,Northern Scotland,2016,18
journal_ed00abc0414f5a9f,Northern Scotland,2017,18
journal_ed00abc0414f5a9f,Northern Scotland,2018,24
journal_ed00abc0414f5a9f,Northern Scotland,2019,35
journal_ed00abc0414f5a9f,Northern Scotland,2020,31
journal_ed00abc0414f5a9f,Northern Scotland,2021,27
journal_ed00abc0414f5a9f,Northern Scotland,2022,21
journal_ed00abc0414f5a9f,Northern Scotland,2023,21
journal_ed00abc0414f5a9f,Northern Scotland,2024,22
journal_ed00abc0414f5a9f,Northern Scotland,2025,15
journal_ed00abc0414f5a9f,Northern Scotland,2026,8
journal_ed54031020e6f922,Indiana Magazine of History,2010,62
journal_ed54031020e6f922,Indiana Magazine of History,2011,77
journal_ed54031020e6f922,Indiana Magazine of History,2012,75
journal_ed54031020e6f922,Indiana Magazine of History,2013,68
journal_ed54031020e6f922,Indiana Magazine of History,2014,81
journal_ed54031020e6f922,Indiana Magazine of History,2015,65
journal_ed54031020e6f922,Indiana Magazine of History,2016,76
journal_ed54031020e6f922,Indiana Magazine of History,2017,68
journal_ed54031020e6f922,Indiana Magazine of History,2018,46
journal_ed54031020e6f922,Indiana Magazine of History,2019,30
journal_ed54031020e6f922,Indiana Magazine of History,2020,23
journal_ed54031020e6f922,Indiana Magazine of History,2021,21
journal_ef1613e97ed2256c,Renaissance Quarterly,1967,139
journal_ef1613e97ed2256c,Renaissance Quarterly,1968,152
journal_ef1613e97ed2256c,Renaissance Quarterly,1969,133
journal_ef1613e97ed2256c,Renaissance Quarterly,1970,133
journal_ef1613e97ed2256c,Renaissance Quarterly,1971,154
journal_ef1613e97ed2256c,Renaissance Quarterly,1972,139
journal_ef1613e97ed2256c,Renaissance Quarterly,1973,183
journal_ef1613e97ed2256c,Renaissance Quarterly,1974,160
journal_ef1613e97ed2256c,Renaissance Quarterly,1975,153
journal_ef1613e97ed2256c,Renaissance Quarterly,1976,167
journal_ef1613e97ed2256c,Renaissance Quarterly,1977,135
journal_ef1613e97ed2256c,Renaissance Quarterly,1978,184
journal_ef1613e97ed2256c,Renaissance Quarterly,1979,161
journal_ef1613e97ed2256c,Renaissance Quarterly,1980,178
journal_ef1613e97ed2256c,Renaissance Quarterly,1981,174
journal_ef1613e97ed2256c,Renaissance Quarterly,1982,165
journal_ef1613e97ed2256c,Renaissance Quarterly,1983,177
journal_ef1613e97ed2256c,Renaissance Quarterly,1984,171
journal_ef1613e97ed2256c,Renaissance Quarterly,1985,164
journal_ef1613e97ed2256c,Renaissance Quarterly,1986,174
journal_ef1613e97ed2256c,Renaissance Quarterly,1987,177
journal_ef1613e97ed2256c,Renaissance Quarterly,1988,142
journal_ef1613e97ed2256c,Renaissance Quarterly,1989,157
journal_ef1613e97ed2256c,Renaissance Quarterly,1990,160
journal_ef1613e97ed2256c,Renaissance Quarterly,1991,152
journal_ef1613e97ed2256c,Renaissance Quarterly,1992,155
journal_ef1613e97ed2256c,Renaissance Quarterly,1993,166
journal_ef1613e97ed2256c,Renaissance Quarterly,1994,188
journal_ef1613e97ed2256c,Renaissance Quarterly,1995,179
journal_ef1613e97ed2256c,Renaissance Quarterly,1996,230
journal_ef1613e97ed2256c,Renaissance Quarterly,1997,282
journal_ef1613e97ed2256c,Renaissance Quarterly,1998,314
journal_ef1613e97ed2256c,Renaissance Quarterly,1999,181
journal_ef1613e97ed2256c,Renaissance Quarterly,2000,160
journal_ef1613e97ed2256c,Renaissance Quarterly,2001,195
journal_ef1613e97ed2256c,Renaissance Quarterly,2002,210
journal_ef1613e97ed2256c,Renaissance Quarterly,2003,366
journal_ef1613e97ed2256c,Renaissance Quarterly,2004,529
journal_ef1613e97ed2256c,Renaissance Quarterly,2005,441
journal_ef1613e97ed2256c,Renaissance Quarterly,2006,453
journal_ef1613e97ed2256c,Renaissance Quarterly,2007,484
journal_ef1613e97ed2256c,Renaissance Quarterly,2008,525
journal_ef1613e97ed2256c,Renaissance Quarterly,2009,467
journal_ef1613e97ed2256c,Renaissance Quarterly,2010,443
journal_ef1613e97ed2256c,Renaissance Quarterly,2011,404
journal_ef1613e97ed2256c,Renaissance Quarterly,2012,420
journal_ef1613e97ed2256c,Renaissance Quarterly,2013,509
journal_ef1613e97ed2256c,Renaissance Quarterly,2014,518
journal_ef1613e97ed2256c,Renaissance Quarterly,2015,534
journal_ef1613e97ed2256c,Renaissance Quarterly,2016,551
journal_ef1613e97ed2256c,Renaissance Quarterly,2017,558
journal_ef1613e97ed2256c,Renaissance Quarterly,2018,514
journal_ef1613e97ed2256c,Renaissance Quarterly,2019,481
journal_ef1613e97ed2256c,Renaissance Quarterly,2020,428
journal_ef1613e97ed2256c,Renaissance Quarterly,2021,399
journal_ef1613e97ed2256c,Renaissance Quarterly,2022,427
journal_ef1613e97ed2256c,Renaissance Quarterly,2023,419
journal_ef1613e97ed2256c,Renaissance Quarterly,2024,250
journal_ef1613e97ed2256c,Renaissance Quarterly,2025,379
journal_ef1613e97ed2256c,Renaissance Quarterly,2026,249
journal_ef5d6bc586ea9c38,Austrian History Yearbook,1965,54
journal_ef5d6bc586ea9c38,Austrian History Yearbook,1966,68
journal_ef5d6bc586ea9c38,Austrian History Yearbook,1967,75
journal_ef5d6bc586ea9c38,Austrian History Yearbook,1968,68
journal_ef5d6bc586ea9c38,Austrian History Yearbook,1970,92
journal_ef5d6bc586ea9c38,Austrian History Yearbook,1972,91
journal_ef5d6bc586ea9c38,Austrian History Yearbook,1973,88
journal_ef5d6bc586ea9c38,Austrian History Yearbook,1975,71
journal_ef5d6bc586ea9c38,Austrian History Yearbook,1976,45
journal_ef5d6bc586ea9c38,Austrian History Yearbook,1977,88
journal_ef5d6bc586ea9c38,Austrian History Yearbook,1978,119
journal_ef5d6bc586ea9c38,Austrian History Yearbook,1979,53
journal_ef5d6bc586ea9c38,Austrian History Yearbook,1981,155
journal_ef5d6bc586ea9c38,Austrian History Yearbook,1983,122
journal_ef5d6bc586ea9c38,Austrian History Yearbook,1984,35
journal_ef5d6bc586ea9c38,Austrian History Yearbook,1985,32
journal_ef5d6bc586ea9c38,Austrian History Yearbook,1991,58
journal_ef5d6bc586ea9c38,Austrian History Yearbook,1992,54
journal_ef5d6bc586ea9c38,Austrian History Yearbook,1993,56
journal_ef5d6bc586ea9c38,Austrian History Yearbook,1994,64
journal_ef5d6bc586ea9c38,Austrian History Yearbook,1995,61
journal_ef5d6bc586ea9c38,Austrian History Yearbook,1996,50
journal_ef5d6bc586ea9c38,Austrian History Yearbook,1997,42
journal_ef5d6bc586ea9c38,Austrian History Yearbook,1998,62
journal_ef5d6bc586ea9c38,Austrian History Yearbook,1999,36
journal_ef5d6bc586ea9c38,Austrian History Yearbook,2000,41
journal_ef5d6bc586ea9c38,Austrian History Yearbook,2001,58
journal_ef5d6bc586ea9c38,Austrian History Yearbook,2002,56
journal_ef5d6bc586ea9c38,Austrian History Yearbook,2003,50
journal_ef5d6bc586ea9c38,Austrian History Yearbook,2004,45
journal_ef5d6bc586ea9c38,Austrian History Yearbook,2005,41
journal_ef5d6bc586ea9c38,Austrian History Yearbook,2006,46
journal_ef5d6bc586ea9c38,Austrian History Yearbook,2007,53
journal_ef5d6bc586ea9c38,Austrian History Yearbook,2008,49
journal_ef5d6bc586ea9c38,Austrian History Yearbook,2009,69
journal_ef5d6bc586ea9c38,Austrian History Yearbook,2010,57
journal_ef5d6bc586ea9c38,Austrian History Yearbook,2011,52
journal_ef5d6bc586ea9c38,Austrian History Yearbook,2012,52
journal_ef5d6bc586ea9c38,Austrian History Yearbook,2013,52
journal_ef5d6bc586ea9c38,Austrian History Yearbook,2014,44
journal_ef5d6bc586ea9c38,Austrian History Yearbook,2015,60
journal_ef5d6bc586ea9c38,Austrian History Yearbook,2016,49
journal_ef5d6bc586ea9c38,Austrian History Yearbook,2017,62
journal_ef5d6bc586ea9c38,Austrian History Yearbook,2018,58
journal_ef5d6bc586ea9c38,Austrian History Yearbook,2019,64
journal_ef5d6bc586ea9c38,Austrian History Yearbook,2020,51
journal_ef5d6bc586ea9c38,Austrian History Yearbook,2021,48
journal_ef5d6bc586ea9c38,Austrian History Yearbook,2022,61
journal_ef5d6bc586ea9c38,Austrian History Yearbook,2023,107
journal_ef5d6bc586ea9c38,Austrian History Yearbook,2024,84
journal_ef5d6bc586ea9c38,Austrian History Yearbook,2025,70
journal_ef5d6bc586ea9c38,Austrian History Yearbook,2026,58
journal_efceea525a4eea2c,Journal of Religious History,1960,14
journal_efceea525a4eea2c,Journal of Religious History,1961,16
journal_efceea525a4eea2c,Journal of Religious History,1962,17
journal_efceea525a4eea2c,Journal of Religious History,1963,18
journal_efceea525a4eea2c,Journal of Religious History,1964,18
journal_efceea525a4eea2c,Journal of Religious History,1965,17
journal_efceea525a4eea2c,Journal of Religious History,1966,18
journal_efceea525a4eea2c,Journal of Religious History,1967,18
journal_efceea525a4eea2c,Journal of Religious History,1968,20
journal_efceea525a4eea2c,Journal of Religious History,1969,21
journal_efceea525a4eea2c,Journal of Religious History,1970,17
journal_efceea525a4eea2c,Journal of Religious History,1971,15
journal_efceea525a4eea2c,Journal of Religious History,1972,18
journal_efceea525a4eea2c,Journal of Religious History,1973,15
journal_efceea525a4eea2c,Journal of Religious History,1974,19
journal_efceea525a4eea2c,Journal of Religious History,1975,22
journal_efceea525a4eea2c,Journal of Religious History,1976,21
journal_efceea525a4eea2c,Journal of Religious History,1977,19
journal_efceea525a4eea2c,Journal of Religious History,1978,21
journal_efceea525a4eea2c,Journal of Religious History,1979,18
journal_efceea525a4eea2c,Journal of Religious History,1980,26
journal_efceea525a4eea2c,Journal of Religious History,1981,20
journal_efceea525a4eea2c,Journal of Religious History,1982,20
journal_efceea525a4eea2c,Journal of Religious History,1983,21
journal_efceea525a4eea2c,Journal of Religious History,1984,19
journal_efceea525a4eea2c,Journal of Religious History,1985,21
journal_efceea525a4eea2c,Journal of Religious History,1986,22
journal_efceea525a4eea2c,Journal of Religious History,1987,23
journal_efceea525a4eea2c,Journal of Religious History,1988,23
journal_efceea525a4eea2c,Journal of Religious History,1989,28
journal_efceea525a4eea2c,Journal of Religious History,1990,22
journal_efceea525a4eea2c,Journal of Religious History,1991,25
journal_efceea525a4eea2c,Journal of Religious History,1992,24
journal_efceea525a4eea2c,Journal of Religious History,1993,20
journal_efceea525a4eea2c,Journal of Religious History,1994,19
journal_efceea525a4eea2c,Journal of Religious History,1995,23
journal_efceea525a4eea2c,Journal of Religious History,1996,22
journal_efceea525a4eea2c,Journal of Religious History,1997,43
journal_efceea525a4eea2c,Journal of Religious History,1998,28
journal_efceea525a4eea2c,Journal of Religious History,1999,30
journal_efceea525a4eea2c,Journal of Religious History,2000,24
journal_efceea525a4eea2c,Journal of Religious History,2001,24
journal_efceea525a4eea2c,Journal of Religious History,2002,25
journal_efceea525a4eea2c,Journal of Religious History,2003,25
journal_efceea525a4eea2c,Journal of Religious History,2004,22
journal_efceea525a4eea2c,Journal of Religious History,2005,20
journal_efceea525a4eea2c,Journal of Religious History,2006,55
journal_efceea525a4eea2c,Journal of Religious History,2007,38
journal_efceea525a4eea2c,Journal of Religious History,2008,126
journal_efceea525a4eea2c,Journal of Religious History,2009,76
journal_efceea525a4eea2c,Journal of Religious History,2010,124
journal_efceea525a4eea2c,Journal of Religious History,2011,152
journal_efceea525a4eea2c,Journal of Religious History,2012,148
journal_efceea525a4eea2c,Journal of Religious History,2013,132
journal_efceea525a4eea2c,Journal of Religious History,2014,116
journal_efceea525a4eea2c,Journal of Religious History,2015,99
journal_efceea525a4eea2c,Journal of Religious History,2016,90
journal_efceea525a4eea2c,Journal of Religious History,2017,81
journal_efceea525a4eea2c,Journal of Religious History,2018,72
journal_efceea525a4eea2c,Journal of Religious History,2019,78
journal_efceea525a4eea2c,Journal of Religious History,2020,79
journal_efceea525a4eea2c,Journal of Religious History,2021,104
journal_efceea525a4eea2c,Journal of Religious History,2022,111
journal_efceea525a4eea2c,Journal of Religious History,2023,114
journal_efceea525a4eea2c,Journal of Religious History,2024,108
journal_efceea525a4eea2c,Journal of Religious History,2025,101
journal_efceea525a4eea2c,Journal of Religious History,2026,62
journal_f0ff8d2c0ee1f500,Kwartalnik Historyczny,2013,37
journal_f0ff8d2c0ee1f500,Kwartalnik Historyczny,2014,35
journal_f0ff8d2c0ee1f500,Kwartalnik Historyczny,2015,36
journal_f0ff8d2c0ee1f500,Kwartalnik Historyczny,2016,24
journal_f0ff8d2c0ee1f500,Kwartalnik Historyczny,2017,17
journal_f0ff8d2c0ee1f500,Kwartalnik Historyczny,2018,50
journal_f0ff8d2c0ee1f500,Kwartalnik Historyczny,2019,25
journal_f0ff8d2c0ee1f500,Kwartalnik Historyczny,2020,35
journal_f0ff8d2c0ee1f500,Kwartalnik Historyczny,2021,12
journal_f0ff8d2c0ee1f500,Kwartalnik Historyczny,2022,36
journal_f0ff8d2c0ee1f500,Kwartalnik Historyczny,2023,27
journal_f0ff8d2c0ee1f500,Kwartalnik Historyczny,2024,26
journal_f0ff8d2c0ee1f500,Kwartalnik Historyczny,2025,26
journal_f0ff8d2c0ee1f500,Kwartalnik Historyczny,2026,13
journal_f13d6292fe84a3b8,Anuario de Historia de la Iglesia,2015,445
journal_f13d6292fe84a3b8,Anuario de Historia de la Iglesia,2016,188
journal_f13d6292fe84a3b8,Anuario de Historia de la Iglesia,2017,74
journal_f13d6292fe84a3b8,Anuario de Historia de la Iglesia,2018,2179
journal_f13d6292fe84a3b8,Anuario de Historia de la Iglesia,2019,80
journal_f13d6292fe84a3b8,Anuario de Historia de la Iglesia,2020,93
journal_f13d6292fe84a3b8,Anuario de Historia de la Iglesia,2021,88
journal_f13d6292fe84a3b8,Anuario de Historia de la Iglesia,2022,93
journal_f13d6292fe84a3b8,Anuario de Historia de la Iglesia,2023,92
journal_f13d6292fe84a3b8,Anuario de Historia de la Iglesia,2024,87
journal_f13d6292fe84a3b8,Anuario de Historia de la Iglesia,2025,78
journal_f13d6292fe84a3b8,Anuario de Historia de la Iglesia,2026,62
journal_f1858a37c3515a13,The Sixteenth Century Journal,1972,34
journal_f1858a37c3515a13,The Sixteenth Century Journal,1973,44
journal_f1858a37c3515a13,The Sixteenth Century Journal,1974,41
journal_f1858a37c3515a13,The Sixteenth Century Journal,1975,46
journal_f1858a37c3515a13,The Sixteenth Century Journal,1976,62
journal_f1858a37c3515a13,The Sixteenth Century Journal,1977,87
journal_f1858a37c3515a13,The Sixteenth Century Journal,1978,94
journal_f1858a37c3515a13,The Sixteenth Century Journal,1979,86
journal_f1858a37c3515a13,The Sixteenth Century Journal,1980,85
journal_f1858a37c3515a13,The Sixteenth Century Journal,1981,113
journal_f1858a37c3515a13,The Sixteenth Century Journal,1982,122
journal_f1858a37c3515a13,The Sixteenth Century Journal,1983,141
journal_f1858a37c3515a13,The Sixteenth Century Journal,1984,129
journal_f1858a37c3515a13,The Sixteenth Century Journal,1985,149
journal_f1858a37c3515a13,The Sixteenth Century Journal,1986,140
journal_f1858a37c3515a13,The Sixteenth Century Journal,1987,165
journal_f1858a37c3515a13,The Sixteenth Century Journal,1988,207
journal_f1858a37c3515a13,The Sixteenth Century Journal,1989,231
journal_f1858a37c3515a13,The Sixteenth Century Journal,1990,244
journal_f1858a37c3515a13,The Sixteenth Century Journal,1991,283
journal_f1858a37c3515a13,The Sixteenth Century Journal,1992,240
journal_f1858a37c3515a13,The Sixteenth Century Journal,1993,357
journal_f1858a37c3515a13,The Sixteenth Century Journal,1994,399
journal_f1858a37c3515a13,The Sixteenth Century Journal,1995,373
journal_f1858a37c3515a13,The Sixteenth Century Journal,1996,475
journal_f1858a37c3515a13,The Sixteenth Century Journal,1997,514
journal_f1858a37c3515a13,The Sixteenth Century Journal,1998,425
journal_f1858a37c3515a13,The Sixteenth Century Journal,1999,401
journal_f1858a37c3515a13,The Sixteenth Century Journal,2000,438
journal_f1858a37c3515a13,The Sixteenth Century Journal,2001,443
journal_f1858a37c3515a13,The Sixteenth Century Journal,2002,421
journal_f1858a37c3515a13,The Sixteenth Century Journal,2003,445
journal_f1858a37c3515a13,The Sixteenth Century Journal,2004,400
journal_f1858a37c3515a13,The Sixteenth Century Journal,2005,450
journal_f1858a37c3515a13,The Sixteenth Century Journal,2006,545
journal_f1858a37c3515a13,The Sixteenth Century Journal,2007,502
journal_f1858a37c3515a13,The Sixteenth Century Journal,2008,484
journal_f1858a37c3515a13,The Sixteenth Century Journal,2009,547
journal_f1858a37c3515a13,The Sixteenth Century Journal,2010,573
journal_f1858a37c3515a13,The Sixteenth Century Journal,2011,518
journal_f1858a37c3515a13,The Sixteenth Century Journal,2012,515
journal_f1858a37c3515a13,The Sixteenth Century Journal,2013,489
journal_f1858a37c3515a13,The Sixteenth Century Journal,2014,418
journal_f1858a37c3515a13,The Sixteenth Century Journal,2015,378
journal_f1858a37c3515a13,The Sixteenth Century Journal,2016,349
journal_f1858a37c3515a13,The Sixteenth Century Journal,2017,422
journal_f1858a37c3515a13,The Sixteenth Century Journal,2018,372
journal_f1858a37c3515a13,The Sixteenth Century Journal,2019,278
journal_f1858a37c3515a13,The Sixteenth Century Journal,2020,313
journal_f1858a37c3515a13,The Sixteenth Century Journal,2021,239
journal_f1858a37c3515a13,The Sixteenth Century Journal,2022,225
journal_f1858a37c3515a13,The Sixteenth Century Journal,2023,114
journal_f1858a37c3515a13,The Sixteenth Century Journal,2024,161
journal_f1858a37c3515a13,The Sixteenth Century Journal,2025,167
journal_f1858a37c3515a13,The Sixteenth Century Journal,2026,118
journal_f33abcd156e85bc9,Journal of Forest History,1974,35
journal_f33abcd156e85bc9,Journal of Forest History,1975,62
journal_f33abcd156e85bc9,Journal of Forest History,1976,63
journal_f33abcd156e85bc9,Journal of Forest History,1977,61
journal_f33abcd156e85bc9,Journal of Forest History,1978,53
journal_f33abcd156e85bc9,Journal of Forest History,1979,60
journal_f33abcd156e85bc9,Journal of Forest History,1980,44
journal_f33abcd156e85bc9,Journal of Forest History,1981,66
journal_f33abcd156e85bc9,Journal of Forest History,1982,56
journal_f33abcd156e85bc9,Journal of Forest History,1983,68
journal_f33abcd156e85bc9,Journal of Forest History,1984,60
journal_f33abcd156e85bc9,Journal of Forest History,1985,59
journal_f33abcd156e85bc9,Journal of Forest History,1986,80
journal_f33abcd156e85bc9,Journal of Forest History,1987,70
journal_f33abcd156e85bc9,Journal of Forest History,1988,68
journal_f33abcd156e85bc9,Journal of Forest History,1989,55
journal_f3de9e4ca398c804,Tokovi istorije,2012,38
journal_f3de9e4ca398c804,Tokovi istorije,2013,39
journal_f3de9e4ca398c804,Tokovi istorije,2014,32
journal_f3de9e4ca398c804,Tokovi istorije,2015,22
journal_f3de9e4ca398c804,Tokovi istorije,2016,25
journal_f3de9e4ca398c804,Tokovi istorije,2017,25
journal_f3de9e4ca398c804,Tokovi istorije,2018,29
journal_f3de9e4ca398c804,Tokovi istorije,2019,28
journal_f3de9e4ca398c804,Tokovi istorije,2020,36
journal_f3de9e4ca398c804,Tokovi istorije,2021,22
journal_f3de9e4ca398c804,Tokovi istorije,2022,37
journal_f3de9e4ca398c804,Tokovi istorije,2023,43
journal_f3de9e4ca398c804,Tokovi istorije,2024,38
journal_f3de9e4ca398c804,Tokovi istorije,2025,39
journal_f3de9e4ca398c804,Tokovi istorije,2026,24
journal_f40eafadb04073aa,Revolutionary Russia,1988,17
journal_f40eafadb04073aa,Revolutionary Russia,1989,20
journal_f40eafadb04073aa,Revolutionary Russia,1990,17
journal_f40eafadb04073aa,Revolutionary Russia,1991,18
journal_f40eafadb04073aa,Revolutionary Russia,1992,16
journal_f40eafadb04073aa,Revolutionary Russia,1993,20
journal_f40eafadb04073aa,Revolutionary Russia,1994,16
journal_f40eafadb04073aa,Revolutionary Russia,1995,14
journal_f40eafadb04073aa,Revolutionary Russia,1996,18
journal_f40eafadb04073aa,Revolutionary Russia,1997,18
journal_f40eafadb04073aa,Revolutionary Russia,1998,18
journal_f40eafadb04073aa,Revolutionary Russia,1999,18
journal_f40eafadb04073aa,Revolutionary Russia,2000,16
journal_f40eafadb04073aa,Revolutionary Russia,2001,16
journal_f40eafadb04073aa,Revolutionary Russia,2002,16
journal_f40eafadb04073aa,Revolutionary Russia,2003,14
journal_f40eafadb04073aa,Revolutionary Russia,2004,14
journal_f40eafadb04073aa,Revolutionary Russia,2005,15
journal_f40eafadb04073aa,Revolutionary Russia,2006,16
journal_f40eafadb04073aa,Revolutionary Russia,2007,16
journal_f40eafadb04073aa,Revolutionary Russia,2008,17
journal_f40eafadb04073aa,Revolutionary Russia,2009,29
journal_f40eafadb04073aa,Revolutionary Russia,2010,18
journal_f40eafadb04073aa,Revolutionary Russia,2011,39
journal_f40eafadb04073aa,Revolutionary Russia,2012,32
journal_f40eafadb04073aa,Revolutionary Russia,2013,32
journal_f40eafadb04073aa,Revolutionary Russia,2014,35
journal_f40eafadb04073aa,Revolutionary Russia,2015,35
journal_f40eafadb04073aa,Revolutionary Russia,2016,30
journal_f40eafadb04073aa,Revolutionary Russia,2017,29
journal_f40eafadb04073aa,Revolutionary Russia,2018,34
journal_f40eafadb04073aa,Revolutionary Russia,2019,27
journal_f40eafadb04073aa,Revolutionary Russia,2020,23
journal_f40eafadb04073aa,Revolutionary Russia,2021,28
journal_f40eafadb04073aa,Revolutionary Russia,2022,29
journal_f40eafadb04073aa,Revolutionary Russia,2023,27
journal_f40eafadb04073aa,Revolutionary Russia,2024,27
journal_f40eafadb04073aa,Revolutionary Russia,2025,21
journal_f40eafadb04073aa,Revolutionary Russia,2026,7
journal_f522caac01d8a34a,French Historical Studies,1958,7
journal_f522caac01d8a34a,French Historical Studies,1959,7
journal_f522caac01d8a34a,French Historical Studies,1960,16
journal_f522caac01d8a34a,French Historical Studies,1961,15
journal_f522caac01d8a34a,French Historical Studies,1962,13
journal_f522caac01d8a34a,French Historical Studies,1963,14
journal_f522caac01d8a34a,French Historical Studies,1964,15
journal_f522caac01d8a34a,French Historical Studies,1965,16
journal_f522caac01d8a34a,French Historical Studies,1966,13
journal_f522caac01d8a34a,French Historical Studies,1967,12
journal_f522caac01d8a34a,French Historical Studies,1968,14
journal_f522caac01d8a34a,French Historical Studies,1969,13
journal_f522caac01d8a34a,French Historical Studies,1970,14
journal_f522caac01d8a34a,French Historical Studies,1971,16
journal_f522caac01d8a34a,French Historical Studies,1972,17
journal_f522caac01d8a34a,French Historical Studies,1973,17
journal_f522caac01d8a34a,French Historical Studies,1974,17
journal_f522caac01d8a34a,French Historical Studies,1975,19
journal_f522caac01d8a34a,French Historical Studies,1976,18
journal_f522caac01d8a34a,French Historical Studies,1977,15
journal_f522caac01d8a34a,French Historical Studies,1978,13
journal_f522caac01d8a34a,French Historical Studies,1979,14
journal_f522caac01d8a34a,French Historical Studies,1980,12
journal_f522caac01d8a34a,French Historical Studies,1981,12
journal_f522caac01d8a34a,French Historical Studies,1982,10
journal_f522caac01d8a34a,French Historical Studies,1983,10
journal_f522caac01d8a34a,French Historical Studies,1984,10
journal_f522caac01d8a34a,French Historical Studies,1985,11
journal_f522caac01d8a34a,French Historical Studies,1986,13
journal_f522caac01d8a34a,French Historical Studies,1987,16
journal_f522caac01d8a34a,French Historical Studies,1988,19
journal_f522caac01d8a34a,French Historical Studies,1989,21
journal_f522caac01d8a34a,French Historical Studies,1990,24
journal_f522caac01d8a34a,French Historical Studies,1991,27
journal_f522caac01d8a34a,French Historical Studies,1992,21
journal_f522caac01d8a34a,French Historical Studies,1993,29
journal_f522caac01d8a34a,French Historical Studies,1994,17
journal_f522caac01d8a34a,French Historical Studies,1995,30
journal_f522caac01d8a34a,French Historical Studies,1996,26
journal_f522caac01d8a34a,French Historical Studies,1997,24
journal_f522caac01d8a34a,French Historical Studies,1998,26
journal_f522caac01d8a34a,French Historical Studies,1999,20
journal_f522caac01d8a34a,French Historical Studies,2000,38
journal_f522caac01d8a34a,French Historical Studies,2001,44
journal_f522caac01d8a34a,French Historical Studies,2002,37
journal_f522caac01d8a34a,French Historical Studies,2003,35
journal_f522caac01d8a34a,French Historical Studies,2004,45
journal_f522caac01d8a34a,French Historical Studies,2005,33
journal_f522caac01d8a34a,French Historical Studies,2006,36
journal_f522caac01d8a34a,French Historical Studies,2007,35
journal_f522caac01d8a34a,French Historical Studies,2008,33
journal_f522caac01d8a34a,French Historical Studies,2009,37
journal_f522caac01d8a34a,French Historical Studies,2010,32
journal_f522caac01d8a34a,French Historical Studies,2011,32
journal_f522caac01d8a34a,French Historical Studies,2012,35
journal_f522caac01d8a34a,French Historical Studies,2013,30
journal_f522caac01d8a34a,French Historical Studies,2014,28
journal_f522caac01d8a34a,French Historical Studies,2015,35
journal_f522caac01d8a34a,French Historical Studies,2016,31
journal_f522caac01d8a34a,French Historical Studies,2017,34
journal_f522caac01d8a34a,French Historical Studies,2018,30
journal_f522caac01d8a34a,French Historical Studies,2019,28
journal_f522caac01d8a34a,French Historical Studies,2020,31
journal_f522caac01d8a34a,French Historical Studies,2021,29
journal_f522caac01d8a34a,French Historical Studies,2022,29
journal_f522caac01d8a34a,French Historical Studies,2023,25
journal_f522caac01d8a34a,French Historical Studies,2024,27
journal_f522caac01d8a34a,French Historical Studies,2025,25
journal_f522caac01d8a34a,French Historical Studies,2026,18
journal_f54a2269518da5c0,Twentieth-Century China,1997,9
journal_f54a2269518da5c0,Twentieth-Century China,1998,24
journal_f54a2269518da5c0,Twentieth-Century China,1999,29
journal_f54a2269518da5c0,Twentieth-Century China,2000,21
journal_f54a2269518da5c0,Twentieth-Century China,2001,17
journal_f54a2269518da5c0,Twentieth-Century China,2002,19
journal_f54a2269518da5c0,Twentieth-Century China,2003,19
journal_f54a2269518da5c0,Twentieth-Century China,2004,33
journal_f54a2269518da5c0,Twentieth-Century China,2005,28
journal_f54a2269518da5c0,Twentieth-Century China,2006,34
journal_f54a2269518da5c0,Twentieth-Century China,2007,40
journal_f54a2269518da5c0,Twentieth-Century China,2008,36
journal_f54a2269518da5c0,Twentieth-Century China,2009,33
journal_f54a2269518da5c0,Twentieth-Century China,2010,18
journal_f54a2269518da5c0,Twentieth-Century China,2011,10
journal_f54a2269518da5c0,Twentieth-Century China,2012,23
journal_f54a2269518da5c0,Twentieth-Century China,2013,82
journal_f54a2269518da5c0,Twentieth-Century China,2014,37
journal_f54a2269518da5c0,Twentieth-Century China,2015,30
journal_f54a2269518da5c0,Twentieth-Century China,2016,39
journal_f54a2269518da5c0,Twentieth-Century China,2017,30
journal_f54a2269518da5c0,Twentieth-Century China,2018,35
journal_f54a2269518da5c0,Twentieth-Century China,2019,36
journal_f54a2269518da5c0,Twentieth-Century China,2020,37
journal_f54a2269518da5c0,Twentieth-Century China,2021,37
journal_f54a2269518da5c0,Twentieth-Century China,2022,38
journal_f54a2269518da5c0,Twentieth-Century China,2023,24
journal_f54a2269518da5c0,Twentieth-Century China,2024,25
journal_f54a2269518da5c0,Twentieth-Century China,2025,31
journal_f54a2269518da5c0,Twentieth-Century China,2026,15
journal_f6713658693c61b7,Journal of the Society of Architectural Historians,1945,16
journal_f6713658693c61b7,Journal of the Society of Architectural Historians,1947,22
journal_f6713658693c61b7,Journal of the Society of Architectural Historians,1948,20
journal_f6713658693c61b7,Journal of the Society of Architectural Historians,1949,33
journal_f6713658693c61b7,Journal of the Society of Architectural Historians,1950,33
journal_f6713658693c61b7,Journal of the Society of Architectural Historians,1951,54
journal_f6713658693c61b7,Journal of the Society of Architectural Historians,1952,52
journal_f6713658693c61b7,Journal of the Society of Architectural Historians,1953,56
journal_f6713658693c61b7,Journal of the Society of Architectural Historians,1954,56
journal_f6713658693c61b7,Journal of the Society of Architectural Historians,1955,47
journal_f6713658693c61b7,Journal of the Society of Architectural Historians,1956,50
journal_f6713658693c61b7,Journal of the Society of Architectural Historians,1957,60
journal_f6713658693c61b7,Journal of the Society of Architectural Historians,1958,60
journal_f6713658693c61b7,Journal of the Society of Architectural Historians,1959,58
journal_f6713658693c61b7,Journal of the Society of Architectural Historians,1960,65
journal_f6713658693c61b7,Journal of the Society of Architectural Historians,1961,51
journal_f6713658693c61b7,Journal of the Society of Architectural Historians,1962,55
journal_f6713658693c61b7,Journal of the Society of Architectural Historians,1963,59
journal_f6713658693c61b7,Journal of the Society of Architectural Historians,1964,50
journal_f6713658693c61b7,Journal of the Society of Architectural Historians,1965,66
journal_f6713658693c61b7,Journal of the Society of Architectural Historians,1966,54
journal_f6713658693c61b7,Journal of the Society of Architectural Historians,1967,57
journal_f6713658693c61b7,Journal of the Society of Architectural Historians,1968,59
journal_f6713658693c61b7,Journal of the Society of Architectural Historians,1969,64
journal_f6713658693c61b7,Journal of the Society of Architectural Historians,1970,84
journal_f6713658693c61b7,Journal of the Society of Architectural Historians,1971,67
journal_f6713658693c61b7,Journal of the Society of Architectural Historians,1972,77
journal_f6713658693c61b7,Journal of the Society of Architectural Historians,1973,51
journal_f6713658693c61b7,Journal of the Society of Architectural Historians,1974,104
journal_f6713658693c61b7,Journal of the Society of Architectural Historians,1975,54
journal_f6713658693c61b7,Journal of the Society of Architectural Historians,1976,79
journal_f6713658693c61b7,Journal of the Society of Architectural Historians,1977,123
journal_f6713658693c61b7,Journal of the Society of Architectural Historians,1978,136
journal_f6713658693c61b7,Journal of the Society of Architectural Historians,1979,143
journal_f6713658693c61b7,Journal of the Society of Architectural Historians,1980,122
journal_f6713658693c61b7,Journal of the Society of Architectural Historians,1981,129
journal_f6713658693c61b7,Journal of the Society of Architectural Historians,1982,114
journal_f6713658693c61b7,Journal of the Society of Architectural Historians,1983,100
journal_f6713658693c61b7,Journal of the Society of Architectural Historians,1984,89
journal_f6713658693c61b7,Journal of the Society of Architectural Historians,1985,62
journal_f6713658693c61b7,Journal of the Society of Architectural Historians,1986,80
journal_f6713658693c61b7,Journal of the Society of Architectural Historians,1987,96
journal_f6713658693c61b7,Journal of the Society of Architectural Historians,1988,95
journal_f6713658693c61b7,Journal of the Society of Architectural Historians,1989,98
journal_f6713658693c61b7,Journal of the Society of Architectural Historians,1990,93
journal_f6713658693c61b7,Journal of the Society of Architectural Historians,1991,96
journal_f6713658693c61b7,Journal of the Society of Architectural Historians,1992,93
journal_f6713658693c61b7,Journal of the Society of Architectural Historians,1993,105
journal_f6713658693c61b7,Journal of the Society of Architectural Historians,1994,104
journal_f6713658693c61b7,Journal of the Society of Architectural Historians,1995,122
journal_f6713658693c61b7,Journal of the Society of Architectural Historians,1996,126
journal_f6713658693c61b7,Journal of the Society of Architectural Historians,1997,132
journal_f6713658693c61b7,Journal of the Society of Architectural Historians,1998,114
journal_f6713658693c61b7,Journal of the Society of Architectural Historians,1999,101
journal_f6713658693c61b7,Journal of the Society of Architectural Historians,2000,117
journal_f6713658693c61b7,Journal of the Society of Architectural Historians,2001,107
journal_f6713658693c61b7,Journal of the Society of Architectural Historians,2002,112
journal_f6713658693c61b7,Journal of the Society of Architectural Historians,2003,92
journal_f6713658693c61b7,Journal of the Society of Architectural Historians,2004,85
journal_f6713658693c61b7,Journal of the Society of Architectural Historians,2005,98
journal_f6713658693c61b7,Journal of the Society of Architectural Historians,2006,122
journal_f6713658693c61b7,Journal of the Society of Architectural Historians,2007,92
journal_f6713658693c61b7,Journal of the Society of Architectural Historians,2008,98
journal_f6713658693c61b7,Journal of the Society of Architectural Historians,2009,108
journal_f6713658693c61b7,Journal of the Society of Architectural Historians,2010,123
journal_f6713658693c61b7,Journal of the Society of Architectural Historians,2011,116
journal_f6713658693c61b7,Journal of the Society of Architectural Historians,2012,107
journal_f6713658693c61b7,Journal of the Society of Architectural Historians,2013,93
journal_f6713658693c61b7,Journal of the Society of Architectural Historians,2014,112
journal_f6713658693c61b7,Journal of the Society of Architectural Historians,2015,104
journal_f6713658693c61b7,Journal of the Society of Architectural Historians,2016,84
journal_f6713658693c61b7,Journal of the Society of Architectural Historians,2017,98
journal_f6713658693c61b7,Journal of the Society of Architectural Historians,2018,73
journal_f6713658693c61b7,Journal of the Society of Architectural Historians,2019,84
journal_f6713658693c61b7,Journal of the Society of Architectural Historians,2020,84
journal_f6713658693c61b7,Journal of the Society of Architectural Historians,2021,85
journal_f6713658693c61b7,Journal of the Society of Architectural Historians,2022,78
journal_f6713658693c61b7,Journal of the Society of Architectural Historians,2023,74
journal_f6713658693c61b7,Journal of the Society of Architectural Historians,2024,87
journal_f6713658693c61b7,Journal of the Society of Architectural Historians,2025,93
journal_f6713658693c61b7,Journal of the Society of Architectural Historians,2026,71
journal_f79eaa7c902e07c9,Archivium Hibernicum,1912,13
journal_f79eaa7c902e07c9,Archivium Hibernicum,1913,12
journal_f79eaa7c902e07c9,Archivium Hibernicum,1914,7
journal_f79eaa7c902e07c9,Archivium Hibernicum,1915,6
journal_f79eaa7c902e07c9,Archivium Hibernicum,1916,7
journal_f79eaa7c902e07c9,Archivium Hibernicum,1917,12
journal_f79eaa7c902e07c9,Archivium Hibernicum,1918,1
journal_f79eaa7c902e07c9,Archivium Hibernicum,1941,5
journal_f79eaa7c902e07c9,Archivium Hibernicum,1942,2
journal_f79eaa7c902e07c9,Archivium Hibernicum,1943,3
journal_f79eaa7c902e07c9,Archivium Hibernicum,1944,3
journal_f79eaa7c902e07c9,Archivium Hibernicum,1946,4
journal_f79eaa7c902e07c9,Archivium Hibernicum,1947,1
journal_f79eaa7c902e07c9,Archivium Hibernicum,1949,1
journal_f79eaa7c902e07c9,Archivium Hibernicum,1950,3
journal_f79eaa7c902e07c9,Archivium Hibernicum,1951,4
journal_f79eaa7c902e07c9,Archivium Hibernicum,1953,2
journal_f79eaa7c902e07c9,Archivium Hibernicum,1955,6
journal_f79eaa7c902e07c9,Archivium Hibernicum,1956,2
journal_f79eaa7c902e07c9,Archivium Hibernicum,1957,5
journal_f79eaa7c902e07c9,Archivium Hibernicum,1958,3
journal_f79eaa7c902e07c9,Archivium Hibernicum,1959,4
journal_f79eaa7c902e07c9,Archivium Hibernicum,1960,3
journal_f79eaa7c902e07c9,Archivium Hibernicum,1961,5
journal_f79eaa7c902e07c9,Archivium Hibernicum,1962,4
journal_f79eaa7c902e07c9,Archivium Hibernicum,1963,3
journal_f79eaa7c902e07c9,Archivium Hibernicum,1964,5
journal_f79eaa7c902e07c9,Archivium Hibernicum,1966,7
journal_f79eaa7c902e07c9,Archivium Hibernicum,1970,5
journal_f79eaa7c902e07c9,Archivium Hibernicum,1972,4
journal_f79eaa7c902e07c9,Archivium Hibernicum,1973,6
journal_f79eaa7c902e07c9,Archivium Hibernicum,1974,5
journal_f79eaa7c902e07c9,Archivium Hibernicum,1975,5
journal_f79eaa7c902e07c9,Archivium Hibernicum,1977,6
journal_f79eaa7c902e07c9,Archivium Hibernicum,1980,2
journal_f79eaa7c902e07c9,Archivium Hibernicum,1981,6
journal_f79eaa7c902e07c9,Archivium Hibernicum,1982,3
journal_f79eaa7c902e07c9,Archivium Hibernicum,1983,5
journal_f79eaa7c902e07c9,Archivium Hibernicum,1984,7
journal_f79eaa7c902e07c9,Archivium Hibernicum,1985,3
journal_f79eaa7c902e07c9,Archivium Hibernicum,1986,5
journal_f79eaa7c902e07c9,Archivium Hibernicum,1987,5
journal_f79eaa7c902e07c9,Archivium Hibernicum,1988,8
journal_f79eaa7c902e07c9,Archivium Hibernicum,1989,4
journal_f79eaa7c902e07c9,Archivium Hibernicum,1990,5
journal_f79eaa7c902e07c9,Archivium Hibernicum,1991,5
journal_f79eaa7c902e07c9,Archivium Hibernicum,1993,6
journal_f79eaa7c902e07c9,Archivium Hibernicum,1994,8
journal_f79eaa7c902e07c9,Archivium Hibernicum,1995,6
journal_f79eaa7c902e07c9,Archivium Hibernicum,1996,6
journal_f79eaa7c902e07c9,Archivium Hibernicum,1997,5
journal_f79eaa7c902e07c9,Archivium Hibernicum,1998,7
journal_f79eaa7c902e07c9,Archivium Hibernicum,1999,8
journal_f79eaa7c902e07c9,Archivium Hibernicum,2000,1
journal_f79eaa7c902e07c9,Archivium Hibernicum,2001,3
journal_f79eaa7c902e07c9,Archivium Hibernicum,2002,7
journal_f79eaa7c902e07c9,Archivium Hibernicum,2003,6
journal_f79eaa7c902e07c9,Archivium Hibernicum,2004,7
journal_f79eaa7c902e07c9,Archivium Hibernicum,2005,11
journal_f79eaa7c902e07c9,Archivium Hibernicum,2006,5
journal_f7f5c76bcfa26287,Journal of Early Modern History,1997,27
journal_f7f5c76bcfa26287,Journal of Early Modern History,1998,25
journal_f7f5c76bcfa26287,Journal of Early Modern History,1999,31
journal_f7f5c76bcfa26287,Journal of Early Modern History,2000,20
journal_f7f5c76bcfa26287,Journal of Early Modern History,2001,20
journal_f7f5c76bcfa26287,Journal of Early Modern History,2002,41
journal_f7f5c76bcfa26287,Journal of Early Modern History,2003,16
journal_f7f5c76bcfa26287,Journal of Early Modern History,2004,20
journal_f7f5c76bcfa26287,Journal of Early Modern History,2005,12
journal_f7f5c76bcfa26287,Journal of Early Modern History,2006,13
journal_f7f5c76bcfa26287,Journal of Early Modern History,2007,71
journal_f7f5c76bcfa26287,Journal of Early Modern History,2008,34
journal_f7f5c76bcfa26287,Journal of Early Modern History,2009,34
journal_f7f5c76bcfa26287,Journal of Early Modern History,2010,32
journal_f7f5c76bcfa26287,Journal of Early Modern History,2011,43
journal_f7f5c76bcfa26287,Journal of Early Modern History,2012,53
journal_f7f5c76bcfa26287,Journal of Early Modern History,2013,28
journal_f7f5c76bcfa26287,Journal of Early Modern History,2014,54
journal_f7f5c76bcfa26287,Journal of Early Modern History,2015,48
journal_f7f5c76bcfa26287,Journal of Early Modern History,2016,42
journal_f7f5c76bcfa26287,Journal of Early Modern History,2017,53
journal_f7f5c76bcfa26287,Journal of Early Modern History,2018,54
journal_f7f5c76bcfa26287,Journal of Early Modern History,2019,51
journal_f7f5c76bcfa26287,Journal of Early Modern History,2020,54
journal_f7f5c76bcfa26287,Journal of Early Modern History,2021,55
journal_f7f5c76bcfa26287,Journal of Early Modern History,2022,44
journal_f7f5c76bcfa26287,Journal of Early Modern History,2023,38
journal_f7f5c76bcfa26287,Journal of Early Modern History,2024,50
journal_f7f5c76bcfa26287,Journal of Early Modern History,2025,32
journal_f7f5c76bcfa26287,Journal of Early Modern History,2026,32
journal_f945b16485034b24,The Journal of Economic History,1941,80
journal_f945b16485034b24,The Journal of Economic History,1942,75
journal_f945b16485034b24,The Journal of Economic History,1943,68
journal_f945b16485034b24,The Journal of Economic History,1944,91
journal_f945b16485034b24,The Journal of Economic History,1945,107
journal_f945b16485034b24,The Journal of Economic History,1946,80
journal_f945b16485034b24,The Journal of Economic History,1947,104
journal_f945b16485034b24,The Journal of Economic History,1948,108
journal_f945b16485034b24,The Journal of Economic History,1949,120
journal_f945b16485034b24,The Journal of Economic History,1950,119
journal_f945b16485034b24,The Journal of Economic History,1951,113
journal_f945b16485034b24,The Journal of Economic History,1952,108
journal_f945b16485034b24,The Journal of Economic History,1953,103
journal_f945b16485034b24,The Journal of Economic History,1954,121
journal_f945b16485034b24,The Journal of Economic History,1955,139
journal_f945b16485034b24,The Journal of Economic History,1956,159
journal_f945b16485034b24,The Journal of Economic History,1957,177
journal_f945b16485034b24,The Journal of Economic History,1958,157
journal_f945b16485034b24,The Journal of Economic History,1959,158
journal_f945b16485034b24,The Journal of Economic History,1960,143
journal_f945b16485034b24,The Journal of Economic History,1961,138
journal_f945b16485034b24,The Journal of Economic History,1962,145
journal_f945b16485034b24,The Journal of Economic History,1963,131
journal_f945b16485034b24,The Journal of Economic History,1964,126
journal_f945b16485034b24,The Journal of Economic History,1965,132
journal_f945b16485034b24,The Journal of Economic History,1966,102
journal_f945b16485034b24,The Journal of Economic History,1967,137
journal_f945b16485034b24,The Journal of Economic History,1968,219
journal_f945b16485034b24,The Journal of Economic History,1969,209
journal_f945b16485034b24,The Journal of Economic History,1970,160
journal_f945b16485034b24,The Journal of Economic History,1971,174
journal_f945b16485034b24,The Journal of Economic History,1972,166
journal_f945b16485034b24,The Journal of Economic History,1973,130
journal_f945b16485034b24,The Journal of Economic History,1974,132
journal_f945b16485034b24,The Journal of Economic History,1975,158
journal_f945b16485034b24,The Journal of Economic History,1976,238
journal_f945b16485034b24,The Journal of Economic History,1977,296
journal_f945b16485034b24,The Journal of Economic History,1978,324
journal_f945b16485034b24,The Journal of Economic History,1979,363
journal_f945b16485034b24,The Journal of Economic History,1980,313
journal_f945b16485034b24,The Journal of Economic History,1981,280
journal_f945b16485034b24,The Journal of Economic History,1982,214
journal_f945b16485034b24,The Journal of Economic History,1983,239
journal_f945b16485034b24,The Journal of Economic History,1984,222
journal_f945b16485034b24,The Journal of Economic History,1985,213
journal_f945b16485034b24,The Journal of Economic History,1986,259
journal_f945b16485034b24,The Journal of Economic History,1987,323
journal_f945b16485034b24,The Journal of Economic History,1988,320
journal_f945b16485034b24,The Journal of Economic History,1989,292
journal_f945b16485034b24,The Journal of Economic History,1990,264
journal_f945b16485034b24,The Journal of Economic History,1991,222
journal_f945b16485034b24,The Journal of Economic History,1992,212
journal_f945b16485034b24,The Journal of Economic History,1993,215
journal_f945b16485034b24,The Journal of Economic History,1994,202
journal_f945b16485034b24,The Journal of Economic History,1995,212
journal_f945b16485034b24,The Journal of Economic History,1996,191
journal_f945b16485034b24,The Journal of Economic History,1997,196
journal_f945b16485034b24,The Journal of Economic History,1998,240
journal_f945b16485034b24,The Journal of Economic History,1999,237
journal_f945b16485034b24,The Journal of Economic History,2000,426
journal_f945b16485034b24,The Journal of Economic History,2001,198
journal_f945b16485034b24,The Journal of Economic History,2002,162
journal_f945b16485034b24,The Journal of Economic History,2003,219
journal_f945b16485034b24,The Journal of Economic History,2004,141
journal_f945b16485034b24,The Journal of Economic History,2005,119
journal_f945b16485034b24,The Journal of Economic History,2006,99
journal_f945b16485034b24,The Journal of Economic History,2007,85
journal_f945b16485034b24,The Journal of Economic History,2008,91
journal_f945b16485034b24,The Journal of Economic History,2009,102
journal_f945b16485034b24,The Journal of Economic History,2010,90
journal_f945b16485034b24,The Journal of Economic History,2011,119
journal_f945b16485034b24,The Journal of Economic History,2012,115
journal_f945b16485034b24,The Journal of Economic History,2013,112
journal_f945b16485034b24,The Journal of Economic History,2014,109
journal_f945b16485034b24,The Journal of Economic History,2015,109
journal_f945b16485034b24,The Journal of Economic History,2016,120
journal_f945b16485034b24,The Journal of Economic History,2017,107
journal_f945b16485034b24,The Journal of Economic History,2018,65
journal_f945b16485034b24,The Journal of Economic History,2019,91
journal_f945b16485034b24,The Journal of Economic History,2020,62
journal_f945b16485034b24,The Journal of Economic History,2021,64
journal_f945b16485034b24,The Journal of Economic History,2022,49
journal_f945b16485034b24,The Journal of Economic History,2023,56
journal_f945b16485034b24,The Journal of Economic History,2024,57
journal_f945b16485034b24,The Journal of Economic History,2025,59
journal_f945b16485034b24,The Journal of Economic History,2026,37
journal_f94d1b95f9753857,African Historical Review,2007,12
journal_f94d1b95f9753857,African Historical Review,2008,11
journal_f94d1b95f9753857,African Historical Review,2009,12
journal_f94d1b95f9753857,African Historical Review,2010,14
journal_f94d1b95f9753857,African Historical Review,2011,32
journal_f94d1b95f9753857,African Historical Review,2012,42
journal_f94d1b95f9753857,African Historical Review,2013,33
journal_f94d1b95f9753857,African Historical Review,2014,36
journal_f94d1b95f9753857,African Historical Review,2015,27
journal_f94d1b95f9753857,African Historical Review,2016,28
journal_f94d1b95f9753857,African Historical Review,2017,22
journal_f94d1b95f9753857,African Historical Review,2018,16
journal_f94d1b95f9753857,African Historical Review,2019,30
journal_f94d1b95f9753857,African Historical Review,2021,11
journal_f94d1b95f9753857,African Historical Review,2022,6
journal_f94d1b95f9753857,African Historical Review,2023,13
journal_f94d1b95f9753857,African Historical Review,2024,12
journal_f94d1b95f9753857,African Historical Review,2025,9
journal_f94d1b95f9753857,African Historical Review,2026,4
journal_fa867d3a552b6485,Itinerario,1977,133
journal_fa867d3a552b6485,Itinerario,1978,62
journal_fa867d3a552b6485,Itinerario,1979,130
journal_fa867d3a552b6485,Itinerario,1980,60
journal_fa867d3a552b6485,Itinerario,1981,120
journal_fa867d3a552b6485,Itinerario,1982,78
journal_fa867d3a552b6485,Itinerario,1983,71
journal_fa867d3a552b6485,Itinerario,1984,73
journal_fa867d3a552b6485,Itinerario,1985,63
journal_fa867d3a552b6485,Itinerario,1986,59
journal_fa867d3a552b6485,Itinerario,1987,56
journal_fa867d3a552b6485,Itinerario,1988,51
journal_fa867d3a552b6485,Itinerario,1989,44
journal_fa867d3a552b6485,Itinerario,1990,39
journal_fa867d3a552b6485,Itinerario,1991,42
journal_fa867d3a552b6485,Itinerario,1992,46
journal_fa867d3a552b6485,Itinerario,1993,45
journal_fa867d3a552b6485,Itinerario,1994,51
journal_fa867d3a552b6485,Itinerario,1995,67
journal_fa867d3a552b6485,Itinerario,1996,59
journal_fa867d3a552b6485,Itinerario,1997,53
journal_fa867d3a552b6485,Itinerario,1998,54
journal_fa867d3a552b6485,Itinerario,1999,48
journal_fa867d3a552b6485,Itinerario,2000,47
journal_fa867d3a552b6485,Itinerario,2001,50
journal_fa867d3a552b6485,Itinerario,2002,62
journal_fa867d3a552b6485,Itinerario,2003,86
journal_fa867d3a552b6485,Itinerario,2004,118
journal_fa867d3a552b6485,Itinerario,2005,156
journal_fa867d3a552b6485,Itinerario,2006,164
journal_fa867d3a552b6485,Itinerario,2007,163
journal_fa867d3a552b6485,Itinerario,2008,100
journal_fa867d3a552b6485,Itinerario,2009,93
journal_fa867d3a552b6485,Itinerario,2010,79
journal_fa867d3a552b6485,Itinerario,2011,74
journal_fa867d3a552b6485,Itinerario,2012,66
journal_fa867d3a552b6485,Itinerario,2013,69
journal_fa867d3a552b6485,Itinerario,2014,72
journal_fa867d3a552b6485,Itinerario,2015,80
journal_fa867d3a552b6485,Itinerario,2016,87
journal_fa867d3a552b6485,Itinerario,2017,74
journal_fa867d3a552b6485,Itinerario,2018,65
journal_fa867d3a552b6485,Itinerario,2019,72
journal_fa867d3a552b6485,Itinerario,2020,35
journal_fa867d3a552b6485,Itinerario,2021,29
journal_fa867d3a552b6485,Itinerario,2022,36
journal_fa867d3a552b6485,Itinerario,2023,31
journal_fa867d3a552b6485,Itinerario,2024,35
journal_fa867d3a552b6485,Itinerario,2025,35
journal_fa867d3a552b6485,Itinerario,2026,68
journal_fa9bf2f89281677e,Oxford Art Journal,1978,18
journal_fa9bf2f89281677e,Oxford Art Journal,1979,39
journal_fa9bf2f89281677e,Oxford Art Journal,1980,29
journal_fa9bf2f89281677e,Oxford Art Journal,1981,35
journal_fa9bf2f89281677e,Oxford Art Journal,1982,16
journal_fa9bf2f89281677e,Oxford Art Journal,1983,56
journal_fa9bf2f89281677e,Oxford Art Journal,1984,26
journal_fa9bf2f89281677e,Oxford Art Journal,1985,24
journal_fa9bf2f89281677e,Oxford Art Journal,1986,30
journal_fa9bf2f89281677e,Oxford Art Journal,1987,28
journal_fa9bf2f89281677e,Oxford Art Journal,1988,24
journal_fa9bf2f89281677e,Oxford Art Journal,1989,24
journal_fa9bf2f89281677e,Oxford Art Journal,1990,28
journal_fa9bf2f89281677e,Oxford Art Journal,1991,27
journal_fa9bf2f89281677e,Oxford Art Journal,1992,25
journal_fa9bf2f89281677e,Oxford Art Journal,1993,29
journal_fa9bf2f89281677e,Oxford Art Journal,1994,35
journal_fa9bf2f89281677e,Oxford Art Journal,1995,45
journal_fa9bf2f89281677e,Oxford Art Journal,1996,55
journal_fa9bf2f89281677e,Oxford Art Journal,1997,56
journal_fa9bf2f89281677e,Oxford Art Journal,1998,57
journal_fa9bf2f89281677e,Oxford Art Journal,1999,44
journal_fa9bf2f89281677e,Oxford Art Journal,2000,43
journal_fa9bf2f89281677e,Oxford Art Journal,2001,43
journal_fa9bf2f89281677e,Oxford Art Journal,2002,48
journal_fa9bf2f89281677e,Oxford Art Journal,2003,55
journal_fa9bf2f89281677e,Oxford Art Journal,2004,45
journal_fa9bf2f89281677e,Oxford Art Journal,2005,43
journal_fa9bf2f89281677e,Oxford Art Journal,2006,38
journal_fa9bf2f89281677e,Oxford Art Journal,2007,54
journal_fa9bf2f89281677e,Oxford Art Journal,2008,32
journal_fa9bf2f89281677e,Oxford Art Journal,2009,43
journal_fa9bf2f89281677e,Oxford Art Journal,2010,38
journal_fa9bf2f89281677e,Oxford Art Journal,2011,45
journal_fa9bf2f89281677e,Oxford Art Journal,2012,42
journal_fa9bf2f89281677e,Oxford Art Journal,2013,41
journal_fa9bf2f89281677e,Oxford Art Journal,2014,31
journal_fa9bf2f89281677e,Oxford Art Journal,2015,39
journal_fa9bf2f89281677e,Oxford Art Journal,2016,43
journal_fa9bf2f89281677e,Oxford Art Journal,2017,39
journal_fa9bf2f89281677e,Oxford Art Journal,2018,35
journal_fa9bf2f89281677e,Oxford Art Journal,2019,29
journal_fa9bf2f89281677e,Oxford Art Journal,2020,37
journal_fa9bf2f89281677e,Oxford Art Journal,2021,41
journal_fa9bf2f89281677e,Oxford Art Journal,2022,34
journal_fa9bf2f89281677e,Oxford Art Journal,2023,41
journal_fa9bf2f89281677e,Oxford Art Journal,2024,23
journal_fa9bf2f89281677e,Oxford Art Journal,2025,35
journal_fa9bf2f89281677e,Oxford Art Journal,2026,6
journal_fb2e541ced15c90d,The English Historical Review,1886,109
journal_fb2e541ced15c90d,The English Historical Review,1887,112
journal_fb2e541ced15c90d,The English Historical Review,1888,117
journal_fb2e541ced15c90d,The English Historical Review,1889,109
journal_fb2e541ced15c90d,The English Historical Review,1890,119
journal_fb2e541ced15c90d,The English Historical Review,1891,109
journal_fb2e541ced15c90d,The English Historical Review,1892,181
journal_fb2e541ced15c90d,The English Historical Review,1893,189
journal_fb2e541ced15c90d,The English Historical Review,1894,180
journal_fb2e541ced15c90d,The English Historical Review,1895,186
journal_fb2e541ced15c90d,The English Historical Review,1896,185
journal_fb2e541ced15c90d,The English Historical Review,1897,199
journal_fb2e541ced15c90d,The English Historical Review,1898,229
journal_fb2e541ced15c90d,The English Historical Review,1899,235
journal_fb2e541ced15c90d,The English Historical Review,1900,234
journal_fb2e541ced15c90d,The English Historical Review,1901,232
journal_fb2e541ced15c90d,The English Historical Review,1902,237
journal_fb2e541ced15c90d,The English Historical Review,1903,263
journal_fb2e541ced15c90d,The English Historical Review,1904,276
journal_fb2e541ced15c90d,The English Historical Review,1905,269
journal_fb2e541ced15c90d,The English Historical Review,1906,307
journal_fb2e541ced15c90d,The English Historical Review,1907,292
journal_fb2e541ced15c90d,The English Historical Review,1908,316
journal_fb2e541ced15c90d,The English Historical Review,1909,334
journal_fb2e541ced15c90d,The English Historical Review,1910,349
journal_fb2e541ced15c90d,The English Historical Review,1911,348
journal_fb2e541ced15c90d,The English Historical Review,1912,370
journal_fb2e541ced15c90d,The English Historical Review,1913,366
journal_fb2e541ced15c90d,The English Historical Review,1914,361
journal_fb2e541ced15c90d,The English Historical Review,1915,268
journal_fb2e541ced15c90d,The English Historical Review,1916,235
journal_fb2e541ced15c90d,The English Historical Review,1917,213
journal_fb2e541ced15c90d,The English Historical Review,1918,184
journal_fb2e541ced15c90d,The English Historical Review,1919,185
journal_fb2e541ced15c90d,The English Historical Review,1920,231
journal_fb2e541ced15c90d,The English Historical Review,1921,253
journal_fb2e541ced15c90d,The English Historical Review,1922,283
journal_fb2e541ced15c90d,The English Historical Review,1923,258
journal_fb2e541ced15c90d,The English Historical Review,1924,262
journal_fb2e541ced15c90d,The English Historical Review,1925,246
journal_fb2e541ced15c90d,The English Historical Review,1926,248
journal_fb2e541ced15c90d,The English Historical Review,1927,253
journal_fb2e541ced15c90d,The English Historical Review,1928,316
journal_fb2e541ced15c90d,The English Historical Review,1929,275
journal_fb2e541ced15c90d,The English Historical Review,1930,278
journal_fb2e541ced15c90d,The English Historical Review,1931,354
journal_fb2e541ced15c90d,The English Historical Review,1932,297
journal_fb2e541ced15c90d,The English Historical Review,1933,317
journal_fb2e541ced15c90d,The English Historical Review,1934,312
journal_fb2e541ced15c90d,The English Historical Review,1935,294
journal_fb2e541ced15c90d,The English Historical Review,1936,295
journal_fb2e541ced15c90d,The English Historical Review,1937,283
journal_fb2e541ced15c90d,The English Historical Review,1938,366
journal_fb2e541ced15c90d,The English Historical Review,1939,301
journal_fb2e541ced15c90d,The English Historical Review,1940,243
journal_fb2e541ced15c90d,The English Historical Review,1941,179
journal_fb2e541ced15c90d,The English Historical Review,1942,133
journal_fb2e541ced15c90d,The English Historical Review,1943,117
journal_fb2e541ced15c90d,The English Historical Review,1944,87
journal_fb2e541ced15c90d,The English Historical Review,1945,104
journal_fb2e541ced15c90d,The English Historical Review,1946,91
journal_fb2e541ced15c90d,The English Historical Review,1947,193
journal_fb2e541ced15c90d,The English Historical Review,1948,178
journal_fb2e541ced15c90d,The English Historical Review,1949,219
journal_fb2e541ced15c90d,The English Historical Review,1950,188
journal_fb2e541ced15c90d,The English Historical Review,1951,236
journal_fb2e541ced15c90d,The English Historical Review,1952,274
journal_fb2e541ced15c90d,The English Historical Review,1953,293
journal_fb2e541ced15c90d,The English Historical Review,1954,272
journal_fb2e541ced15c90d,The English Historical Review,1955,283
journal_fb2e541ced15c90d,The English Historical Review,1956,275
journal_fb2e541ced15c90d,The English Historical Review,1957,368
journal_fb2e541ced15c90d,The English Historical Review,1958,360
journal_fb2e541ced15c90d,The English Historical Review,1959,333
journal_fb2e541ced15c90d,The English Historical Review,1960,353
journal_fb2e541ced15c90d,The English Historical Review,1961,364
journal_fb2e541ced15c90d,The English Historical Review,1962,447
journal_fb2e541ced15c90d,The English Historical Review,1963,353
journal_fb2e541ced15c90d,The English Historical Review,1964,448
journal_fb2e541ced15c90d,The English Historical Review,1965,480
journal_fb2e541ced15c90d,The English Historical Review,1966,477
journal_fb2e541ced15c90d,The English Historical Review,1967,492
journal_fb2e541ced15c90d,The English Historical Review,1968,505
journal_fb2e541ced15c90d,The English Historical Review,1969,491
journal_fb2e541ced15c90d,The English Historical Review,1970,456
journal_fb2e541ced15c90d,The English Historical Review,1971,478
journal_fb2e541ced15c90d,The English Historical Review,1972,488
journal_fb2e541ced15c90d,The English Historical Review,1973,506
journal_fb2e541ced15c90d,The English Historical Review,1974,467
journal_fb2e541ced15c90d,The English Historical Review,1975,520
journal_fb2e541ced15c90d,The English Historical Review,1976,455
journal_fb2e541ced15c90d,The English Historical Review,1977,402
journal_fb2e541ced15c90d,The English Historical Review,1978,381
journal_fb2e541ced15c90d,The English Historical Review,1979,395
journal_fb2e541ced15c90d,The English Historical Review,1980,374
journal_fb2e541ced15c90d,The English Historical Review,1981,363
journal_fb2e541ced15c90d,The English Historical Review,1982,461
journal_fb2e541ced15c90d,The English Historical Review,1983,421
journal_fb2e541ced15c90d,The English Historical Review,1984,493
journal_fb2e541ced15c90d,The English Historical Review,1985,474
journal_fb2e541ced15c90d,The English Historical Review,1986,473
journal_fb2e541ced15c90d,The English Historical Review,1987,543
journal_fb2e541ced15c90d,The English Historical Review,1988,514
journal_fb2e541ced15c90d,The English Historical Review,1989,530
journal_fb2e541ced15c90d,The English Historical Review,1990,554
journal_fb2e541ced15c90d,The English Historical Review,1991,588
journal_fb2e541ced15c90d,The English Historical Review,1992,625
journal_fb2e541ced15c90d,The English Historical Review,1993,580
journal_fb2e541ced15c90d,The English Historical Review,1994,808
journal_fb2e541ced15c90d,The English Historical Review,1995,761
journal_fb2e541ced15c90d,The English Historical Review,1996,820
journal_fb2e541ced15c90d,The English Historical Review,1997,707
journal_fb2e541ced15c90d,The English Historical Review,1998,602
journal_fb2e541ced15c90d,The English Historical Review,1999,916
journal_fb2e541ced15c90d,The English Historical Review,2000,679
journal_fb2e541ced15c90d,The English Historical Review,2001,716
journal_fb2e541ced15c90d,The English Historical Review,2002,585
journal_fb2e541ced15c90d,The English Historical Review,2003,558
journal_fb2e541ced15c90d,The English Historical Review,2004,587
journal_fb2e541ced15c90d,The English Historical Review,2005,472
journal_fb2e541ced15c90d,The English Historical Review,2006,486
journal_fb2e541ced15c90d,The English Historical Review,2007,413
journal_fb2e541ced15c90d,The English Historical Review,2008,410
journal_fb2e541ced15c90d,The English Historical Review,2009,449
journal_fb2e541ced15c90d,The English Historical Review,2010,405
journal_fb2e541ced15c90d,The English Historical Review,2011,457
journal_fb2e541ced15c90d,The English Historical Review,2012,355
journal_fb2e541ced15c90d,The English Historical Review,2013,391
journal_fb2e541ced15c90d,The English Historical Review,2014,388
journal_fb2e541ced15c90d,The English Historical Review,2015,399
journal_fb2e541ced15c90d,The English Historical Review,2016,450
journal_fb2e541ced15c90d,The English Historical Review,2017,470
journal_fb2e541ced15c90d,The English Historical Review,2018,389
journal_fb2e541ced15c90d,The English Historical Review,2019,426
journal_fb2e541ced15c90d,The English Historical Review,2020,304
journal_fb2e541ced15c90d,The English Historical Review,2021,411
journal_fb2e541ced15c90d,The English Historical Review,2022,258
journal_fb2e541ced15c90d,The English Historical Review,2023,203
journal_fb2e541ced15c90d,The English Historical Review,2024,257
journal_fb2e541ced15c90d,The English Historical Review,2025,237
journal_fb2e541ced15c90d,The English Historical Review,2026,226
journal_fb2e541ced15c90d,the english historical review,2017,1
journal_fdceba6666bdce96,Bylye Gody,2017,159
journal_fdceba6666bdce96,Bylye Gody,2018,172
journal_fdceba6666bdce96,Bylye Gody,2019,187
journal_fdceba6666bdce96,Bylye Gody,2020,190
journal_fdceba6666bdce96,Bylye Gody,2021,202
journal_fdceba6666bdce96,Bylye Gody,2022,192
journal_fdceba6666bdce96,Bylye Gody,2023,204
journal_fdceba6666bdce96,Bylye Gody,2024,201
journal_fdceba6666bdce96,Bylye Gody,2025,204
journal_fdceba6666bdce96,Bylye Gody,2026,153
journal_fde910319ee8dd75,"Parliaments, Estates and Representation",1981,14
journal_fde910319ee8dd75,"Parliaments, Estates and Representation",1982,18
journal_fde910319ee8dd75,"Parliaments, Estates and Representation",1983,16
journal_fde910319ee8dd75,"Parliaments, Estates and Representation",1984,20
journal_fde910319ee8dd75,"Parliaments, Estates and Representation",1985,25
journal_fde910319ee8dd75,"Parliaments, Estates and Representation",1986,24
journal_fde910319ee8dd75,"Parliaments, Estates and Representation",1987,23
journal_fde910319ee8dd75,"Parliaments, Estates and Representation",1988,23
journal_fde910319ee8dd75,"Parliaments, Estates and Representation",1989,21
journal_fde910319ee8dd75,"Parliaments, Estates and Representation",1990,20
journal_fde910319ee8dd75,"Parliaments, Estates and Representation",1991,21
journal_fde910319ee8dd75,"Parliaments, Estates and Representation",1992,19
journal_fde910319ee8dd75,"Parliaments, Estates and Representation",1993,19
journal_fde910319ee8dd75,"Parliaments, Estates and Representation",1994,18
journal_fde910319ee8dd75,"Parliaments, Estates and Representation",1995,24
journal_fde910319ee8dd75,"Parliaments, Estates and Representation",1996,21
journal_fde910319ee8dd75,"Parliaments, Estates and Representation",1997,20
journal_fde910319ee8dd75,"Parliaments, Estates and Representation",1998,19
journal_fde910319ee8dd75,"Parliaments, Estates and Representation",1999,26
journal_fde910319ee8dd75,"Parliaments, Estates and Representation",2000,22
journal_fde910319ee8dd75,"Parliaments, Estates and Representation",2001,23
journal_fde910319ee8dd75,"Parliaments, Estates and Representation",2002,23
journal_fde910319ee8dd75,"Parliaments, Estates and Representation",2003,22
journal_fde910319ee8dd75,"Parliaments, Estates and Representation",2004,18
journal_fde910319ee8dd75,"Parliaments, Estates and Representation",2005,23
journal_fde910319ee8dd75,"Parliaments, Estates and Representation",2006,24
journal_fde910319ee8dd75,"Parliaments, Estates and Representation",2007,22
journal_fde910319ee8dd75,"Parliaments, Estates and Representation",2008,21
journal_fde910319ee8dd75,"Parliaments, Estates and Representation",2009,17
journal_fde910319ee8dd75,"Parliaments, Estates and Representation",2010,27
journal_fde910319ee8dd75,"Parliaments, Estates and Representation",2011,29
journal_fde910319ee8dd75,"Parliaments, Estates and Representation",2012,27
journal_fde910319ee8dd75,"Parliaments, Estates and Representation",2013,30
journal_fde910319ee8dd75,"Parliaments, Estates and Representation",2014,39
journal_fde910319ee8dd75,"Parliaments, Estates and Representation",2015,38
journal_fde910319ee8dd75,"Parliaments, Estates and Representation",2016,33
journal_fde910319ee8dd75,"Parliaments, Estates and Representation",2017,46
journal_fde910319ee8dd75,"Parliaments, Estates and Representation",2018,70
journal_fde910319ee8dd75,"Parliaments, Estates and Representation",2019,58
journal_fde910319ee8dd75,"Parliaments, Estates and Representation",2020,47
journal_fde910319ee8dd75,"Parliaments, Estates and Representation",2021,48
journal_fde910319ee8dd75,"Parliaments, Estates and Representation",2022,41
journal_fde910319ee8dd75,"Parliaments, Estates and Representation",2023,42
journal_fde910319ee8dd75,"Parliaments, Estates and Representation",2024,49
journal_fde910319ee8dd75,"Parliaments, Estates and Representation",2025,47
journal_fde910319ee8dd75,"Parliaments, Estates and Representation",2026,39
journal_fe3758f7a5626a04,European Review of History,2001,3
journal_fe3758f7a5626a04,European Review of History,2002,1
journal_fe3758f7a5626a04,European Review of History: Revue europeenne d'histoire,1994,16
journal_fe3758f7a5626a04,European Review of History: Revue europeenne d'histoire,2003,14
journal_fe3758f7a5626a04,European Review of History: Revue europeenne d'histoire,2005,12
journal_fe3758f7a5626a04,European Review of History: Revue europeenne d'histoire,2006,17
journal_fe3758f7a5626a04,European Review of History: Revue europeenne d'histoire,2007,15
journal_fe3758f7a5626a04,European Review of History: Revue europeenne d'histoire,2008,42
journal_fe3758f7a5626a04,European Review of History: Revue europeenne d'histoire,2009,45
journal_fe3758f7a5626a04,European Review of History: Revue europeenne d'histoire,2010,80
journal_fe3758f7a5626a04,European Review of History: Revue europeenne d'histoire,2011,126
journal_fe3758f7a5626a04,European Review of History: Revue europeenne d'histoire,2012,112
journal_fe3758f7a5626a04,European Review of History: Revue europeenne d'histoire,2013,88
journal_fe3758f7a5626a04,European Review of History: Revue européenne d'histoire,1993,26
journal_fe3758f7a5626a04,European Review of History: Revue européenne d'histoire,1994,15
journal_fe3758f7a5626a04,European Review of History: Revue européenne d'histoire,1995,36
journal_fe3758f7a5626a04,European Review of History: Revue européenne d'histoire,1996,27
journal_fe3758f7a5626a04,European Review of History: Revue européenne d'histoire,1997,24
journal_fe3758f7a5626a04,European Review of History: Revue européenne d'histoire,1998,22
journal_fe3758f7a5626a04,European Review of History: Revue européenne d'histoire,1999,22
journal_fe3758f7a5626a04,European Review of History: Revue européenne d'histoire,2000,28
journal_fe3758f7a5626a04,European Review of History: Revue européenne d'histoire,2001,16
journal_fe3758f7a5626a04,European Review of History: Revue européenne d'histoire,2002,17
journal_fe3758f7a5626a04,European Review of History: Revue européenne d'histoire,2003,14
journal_fe3758f7a5626a04,European Review of History: Revue européenne d'histoire,2004,20
journal_fe3758f7a5626a04,European Review of History: Revue européenne d'histoire,2005,14
journal_fe3758f7a5626a04,European Review of History: Revue européenne d'histoire,2006,17
journal_fe3758f7a5626a04,European Review of History: Revue européenne d'histoire,2007,11
journal_fe3758f7a5626a04,European Review of History: Revue européenne d'histoire,2008,1
journal_fe3758f7a5626a04,European Review of History: Revue européenne d'histoire,2009,15
journal_fe3758f7a5626a04,European Review of History: Revue européenne d'histoire,2011,1
journal_fe3758f7a5626a04,European Review of History: Revue européenne d'histoire,2013,28
journal_fe3758f7a5626a04,European Review of History: Revue européenne d'histoire,2014,128
journal_fe3758f7a5626a04,European Review of History: Revue européenne d'histoire,2015,115
journal_fe3758f7a5626a04,European Review of History: Revue européenne d'histoire,2016,101
journal_fe3758f7a5626a04,European Review of History: Revue européenne d'histoire,2017,118
journal_fe3758f7a5626a04,European Review of History: Revue européenne d'histoire,2018,93
journal_fe3758f7a5626a04,European Review of History: Revue européenne d'histoire,2019,68
journal_fe3758f7a5626a04,European Review of History: Revue européenne d'histoire,2020,92
journal_fe3758f7a5626a04,European Review of History: Revue européenne d'histoire,2021,61
journal_fe3758f7a5626a04,European Review of History: Revue européenne d'histoire,2022,68
journal_fe3758f7a5626a04,European Review of History: Revue européenne d'histoire,2023,63
journal_fe3758f7a5626a04,European Review of History: Revue européenne d'histoire,2024,54
journal_fe3758f7a5626a04,European Review of History: Revue européenne d'histoire,2025,50
journal_fe3758f7a5626a04,European Review of History: Revue européenne d'histoire,2026,43
journal_fec8730d1b37f6d3,Erudition and the Republic of Letters,2016,27
journal_fec8730d1b37f6d3,Erudition and the Republic of Letters,2017,23
journal_fec8730d1b37f6d3,Erudition and the Republic of Letters,2018,25
journal_fec8730d1b37f6d3,Erudition and the Republic of Letters,2019,19
journal_fec8730d1b37f6d3,Erudition and the Republic of Letters,2020,18
journal_fec8730d1b37f6d3,Erudition and the Republic of Letters,2021,20
journal_fec8730d1b37f6d3,Erudition and the Republic of Letters,2022,17
journal_fec8730d1b37f6d3,Erudition and the Republic of Letters,2023,27
journal_fec8730d1b37f6d3,Erudition and the Republic of Letters,2024,24
journal_fec8730d1b37f6d3,Erudition and the Republic of Letters,2025,19
journal_fec8730d1b37f6d3,Erudition and the Republic of Letters,2026,20
journal_ff36bfe8f9406a9c,Holocaust And Genocide Studies,2020,1
journal_ff36bfe8f9406a9c,Holocaust And Genocide Studies,2026,4
journal_ff36bfe8f9406a9c,Holocaust and Genocide Studies,1986,51
journal_ff36bfe8f9406a9c,Holocaust and Genocide Studies,1987,49
journal_ff36bfe8f9406a9c,Holocaust and Genocide Studies,1988,81
journal_ff36bfe8f9406a9c,Holocaust and Genocide Studies,1989,69
journal_ff36bfe8f9406a9c,Holocaust and Genocide Studies,1990,66
journal_ff36bfe8f9406a9c,Holocaust and Genocide Studies,1991,45
journal_ff36bfe8f9406a9c,Holocaust and Genocide Studies,1992,19
journal_ff36bfe8f9406a9c,Holocaust and Genocide Studies,1993,49
journal_ff36bfe8f9406a9c,Holocaust and Genocide Studies,1994,46
journal_ff36bfe8f9406a9c,Holocaust and Genocide Studies,1995,37
journal_ff36bfe8f9406a9c,Holocaust and Genocide Studies,1996,36
journal_ff36bfe8f9406a9c,Holocaust and Genocide Studies,1997,49
journal_ff36bfe8f9406a9c,Holocaust and Genocide Studies,1998,65
journal_ff36bfe8f9406a9c,Holocaust and Genocide Studies,1999,60
journal_ff36bfe8f9406a9c,Holocaust and Genocide Studies,2000,64
journal_ff36bfe8f9406a9c,Holocaust and Genocide Studies,2001,69
journal_ff36bfe8f9406a9c,Holocaust and Genocide Studies,2002,77
journal_ff36bfe8f9406a9c,Holocaust and Genocide Studies,2003,100
journal_ff36bfe8f9406a9c,Holocaust and Genocide Studies,2004,130
journal_ff36bfe8f9406a9c,Holocaust and Genocide Studies,2005,60
journal_ff36bfe8f9406a9c,Holocaust and Genocide Studies,2006,57
journal_ff36bfe8f9406a9c,Holocaust and Genocide Studies,2007,67
journal_ff36bfe8f9406a9c,Holocaust and Genocide Studies,2008,57
journal_ff36bfe8f9406a9c,Holocaust and Genocide Studies,2009,64
journal_ff36bfe8f9406a9c,Holocaust and Genocide Studies,2010,63
journal_ff36bfe8f9406a9c,Holocaust and Genocide Studies,2011,60
journal_ff36bfe8f9406a9c,Holocaust and Genocide Studies,2012,65
journal_ff36bfe8f9406a9c,Holocaust and Genocide Studies,2013,76
journal_ff36bfe8f9406a9c,Holocaust and Genocide Studies,2014,70
journal_ff36bfe8f9406a9c,Holocaust and Genocide Studies,2015,77
journal_ff36bfe8f9406a9c,Holocaust and Genocide Studies,2016,76
journal_ff36bfe8f9406a9c,Holocaust and Genocide Studies,2017,57
journal_ff36bfe8f9406a9c,Holocaust and Genocide Studies,2018,60
journal_ff36bfe8f9406a9c,Holocaust and Genocide Studies,2019,60
journal_ff36bfe8f9406a9c,Holocaust and Genocide Studies,2020,60
journal_ff36bfe8f9406a9c,Holocaust and Genocide Studies,2021,61
journal_ff36bfe8f9406a9c,Holocaust and Genocide Studies,2022,63
journal_ff36bfe8f9406a9c,Holocaust and Genocide Studies,2023,68
journal_ff36bfe8f9406a9c,Holocaust and Genocide Studies,2024,73
journal_ff36bfe8f9406a9c,Holocaust and Genocide Studies,2025,61
journal_ff36bfe8f9406a9c,Holocaust and Genocide Studies,2026,45
journal_ff5dd150e367cfe0,Baltic Journal of Art History,2013,20
journal_ff5dd150e367cfe0,Baltic Journal of Art History,2014,14
journal_ff5dd150e367cfe0,Baltic Journal of Art History,2015,19
journal_ff5dd150e367cfe0,Baltic Journal of Art History,2016,18
journal_ff5dd150e367cfe0,Baltic Journal of Art History,2017,20
journal_ff5dd150e367cfe0,Baltic Journal of Art History,2018,17
journal_ff5dd150e367cfe0,Baltic Journal of Art History,2019,14
journal_ff5dd150e367cfe0,Baltic Journal of Art History,2020,17
journal_ff5dd150e367cfe0,Baltic Journal of Art History,2021,7
journal_ff5dd150e367cfe0,Baltic Journal of Art History,2022,12
journal_ff5dd150e367cfe0,Baltic Journal of Art History,2023,15
journal_ff5dd150e367cfe0,Baltic Journal of Art History,2024,6
journal_ff5dd150e367cfe0,Baltic Journal of Art History,2025,19
