source,era,review_id,reviewer,reviewer_affiliation,reviewer_qid,reviewer_wd_status,review_title,book_title,book_author,review_date,source_url,metadata_fingerprint,candidate_orcid,candidate_route,candidate_count_for_review,saved_wikidata_qids_for_orcid,existing_qid_disagrees_with_saved_orcid_qids,selected_deposited_names,selected_affiliation_phrase_overlaps,selected_affiliations,quality_flags,prior_pilot_reviewer_decisions,selected_credit_evidence_ids,priority,identity_status
hnet,classic,32495,Adam M. Sowards,University of Idaho,,unmatched,Sovereignty after Duplicity,"Acts of Occupation: Canada and Arctic Sovereignity, 1918-25","Janice Cavell, Jeffrey David Noakes","February, 2012",https://www.h-net.org/reviews/showrev.php?id=32495,447dffd5895afca6ff4d795faacb6e6e4f9260252e01575ba6d1644e9da15e71,0000-0002-2376-3524,name_only,1,[],False,Adam M Sowards,"[""University of Idaho""]","[""University of Idaho""]",[],[],"[""d25cb9766173c6d60ed4b34d72430c2e9922ce6bc7eb1d3d84231edb8df549a0""]",2_name_or_qid_with_affiliation_clue,candidate_unreviewed
hnet,classic,62376,Adam Mohr,University of Pennsylvania,,unmatched,Citation:,"Confluences: Religion, Health, and Diversity in Missouri","Signe Cohen, Rabia Gregory","January, 2026",https://www.h-net.org/reviews/showrev.php?id=62376,16cf370c55d17be9865c52cd1f06eeeeeaa0ff67316fe15c782d1bd13b3f9616,0000-0002-2583-4816,name_only,1,[],False,Adam Mohr,"[""University of Pennsylvania , Philadelphia ,""]","[""University of Pennsylvania , Philadelphia ,""]",[],[],"[""1bed916da7eacf2d8c4913745fdf35a1e3bdc7ac4f15cf06004655401a75076a""]",2_name_or_qid_with_affiliation_clue,candidate_unreviewed
hnet,classic,23087,Adam R. Seipp,"Department of History, Texas A & M University",,unmatched,African Space in German Minds,Imperiale Infrastruktur:  Deutsche Planungen für die Erschließung Afrikas 1880-1960,Dirk van Laak,"February, 2009",https://www.h-net.org/reviews/showrev.php?id=23087,cfc85800495dee320e6b79733ba9d5a7cd34992505f7d9b3621707d1b9c58e4b,0000-0002-7712-906x,name_only,1,[],False,Adam R. Seipp,"[""Texas A&M University""]","[""Professor of History, Texas A&M University, College Station, Texas, USA"",""Texas A&M University"",""Texas A&M University, College Station, Texas, USA""]",[],[],"[""26e1444f69a1dfe633c3ade0cade6a9c31ad5a1e14ffb0c56886d61146896fc5"",""6a5854f122123264f6894fd8735c24666f1c167b84d1ac8ed7e2c354a7ff734a"",""d8dccba93a511cf1ab3643fc5aec0dcade296f4ad5de9871e34247580bbada62"",""e45bd07910f7417bfa15c6cb0c207f5719747aed3fb8a94d75d0bca52d9ccd00""]",2_name_or_qid_with_affiliation_clue,candidate_unreviewed
hnet,classic,25606,Adam R. Seipp,"Department of History, Texas A&M University",,unmatched,The War after the War,"Krieg und Utopie: Kunst, Literatur und Politik im Rheinland nach dem Ersten Weltkrieg","Gertrude Cepl-Kaufmann, Gerd Krumeich, Ulla Sommers, eds","October, 2009",https://www.h-net.org/reviews/showrev.php?id=25606,f3635397d1a4d70628d496d985d079a6d28e4412eb9dddd6257947a3d87cd087,0000-0002-7712-906x,name_only,1,[],False,Adam R. Seipp,"[""Texas A&M University""]","[""Professor of History, Texas A&M University, College Station, Texas, USA"",""Texas A&M University"",""Texas A&M University, College Station, Texas, USA""]",[],[],"[""26e1444f69a1dfe633c3ade0cade6a9c31ad5a1e14ffb0c56886d61146896fc5"",""6a5854f122123264f6894fd8735c24666f1c167b84d1ac8ed7e2c354a7ff734a"",""d8dccba93a511cf1ab3643fc5aec0dcade296f4ad5de9871e34247580bbada62"",""e45bd07910f7417bfa15c6cb0c207f5719747aed3fb8a94d75d0bca52d9ccd00""]",2_name_or_qid_with_affiliation_clue,candidate_unreviewed
hnet,classic,31544,Adam R. Seipp,Texas A&M University,,unmatched,Black Market Berlin,Stadt der Schieber: Der Berliner Schwarzmarkt 1939-1950,Malte Zierenberg,"November, 2010",https://www.h-net.org/reviews/showrev.php?id=31544,2857a73cdaebbbd55c1336141bbb64459b07ff677dfd014713a3c147abc02823,0000-0002-7712-906x,name_only,1,[],False,Adam R. Seipp,"[""Professor of History, Texas A&M University, College Station, Texas, USA"",""Texas A&M University"",""Texas A&M University, College Station, Texas, USA""]","[""Professor of History, Texas A&M University, College Station, Texas, USA"",""Texas A&M University"",""Texas A&M University, College Station, Texas, USA""]",[],[],"[""26e1444f69a1dfe633c3ade0cade6a9c31ad5a1e14ffb0c56886d61146896fc5"",""6a5854f122123264f6894fd8735c24666f1c167b84d1ac8ed7e2c354a7ff734a"",""d8dccba93a511cf1ab3643fc5aec0dcade296f4ad5de9871e34247580bbada62"",""e45bd07910f7417bfa15c6cb0c207f5719747aed3fb8a94d75d0bca52d9ccd00""]",2_name_or_qid_with_affiliation_clue,candidate_unreviewed
hnet,classic,42839,Adam R. Seipp,Texas A&M University,,unmatched,Citation:,Those Who Hold Bastogne: The True Story of the Soldiers and Civilians Who Fought in the Biggest Battle of the Bulge,Peter Schrijvers,"May, 2015",http://www.h-net.org/reviews/showrev.php?id=42839,04c523eae28eba6382eafe6d3c94718c27ba7d8504e3bcf58ed6ebc57a09f554,0000-0002-7712-906x,name_only,1,[],False,Adam R. Seipp,"[""Professor of History, Texas A&M University, College Station, Texas, USA"",""Texas A&M University"",""Texas A&M University, College Station, Texas, USA""]","[""Professor of History, Texas A&M University, College Station, Texas, USA"",""Texas A&M University"",""Texas A&M University, College Station, Texas, USA""]",[],[],"[""26e1444f69a1dfe633c3ade0cade6a9c31ad5a1e14ffb0c56886d61146896fc5"",""6a5854f122123264f6894fd8735c24666f1c167b84d1ac8ed7e2c354a7ff734a"",""d8dccba93a511cf1ab3643fc5aec0dcade296f4ad5de9871e34247580bbada62"",""e45bd07910f7417bfa15c6cb0c207f5719747aed3fb8a94d75d0bca52d9ccd00""]",2_name_or_qid_with_affiliation_clue,candidate_unreviewed
hnet,classic,9578,Adam R. Seipp,"Department of History, Texas A & M University",,unmatched,A War Re-Imagined,14-18: Understanding the Great War,"Stephane Audoin-Rouzeau, Annette Becker","July, 2004",http://www.h-net.org/reviews/showrev.php?id=9578,c444af3718878ba9f2d842d71e5ec1b67e0434658ed66029556c9b69caf5f4f9,0000-0002-7712-906x,name_only,1,[],False,Adam R. Seipp,"[""Texas A&M University""]","[""Professor of History, Texas A&M University, College Station, Texas, USA"",""Texas A&M University"",""Texas A&M University, College Station, Texas, USA""]",[],[],"[""26e1444f69a1dfe633c3ade0cade6a9c31ad5a1e14ffb0c56886d61146896fc5"",""6a5854f122123264f6894fd8735c24666f1c167b84d1ac8ed7e2c354a7ff734a"",""d8dccba93a511cf1ab3643fc5aec0dcade296f4ad5de9871e34247580bbada62"",""e45bd07910f7417bfa15c6cb0c207f5719747aed3fb8a94d75d0bca52d9ccd00""]",2_name_or_qid_with_affiliation_clue,candidate_unreviewed
hnet,classic,58124,Aditya Ramesh,University of Manchester,,unmatched,Citation:,"Misreading the Bengal Delta: Climate Change, Development, and Livelihoods in Coastal Bangladesh",Camelia Dewan,"November, 2022",http://www.h-net.org/reviews/showrev.php?id=58124,5453c76825df354ff06cbc4b2d31a2bbde9f65ac9ec44aa2ec72e26ed2fc5def,0000-0002-6266-4094,name_only,1,[],False,ADITYA RAMESH | Aditya Ramesh,"[""Centre for History of Science Technology and Medicine, University of Manchester"",""The University of Manchester, Manchester, UK""]","[""Centre for History of Science Technology and Medicine, University of Manchester"",""The University of Manchester, Manchester, UK"",""University of Washington ,""]",[],[],"[""05f30808d5f488c0f0d09f10acdeb1e25d5ca5906de4296ea85b5de63c8e7613"",""22fb0fe29693896f19aa862b2c44994eda224fd57fcee7f141e7bbb33226c3fe"",""2b394dc0802d9fa5cbf742df9184b3443a102e85164673b7efb74c3267882a93"",""6af2fc5b0ff7b131ef720c8acdfc57b2ef018707289df2f2b32df0cf08694486"",""dfbf28a948409dea6552cbc9040be96c3c52afd3bad6425f190e9e63f4553f3b""]",2_name_or_qid_with_affiliation_clue,candidate_unreviewed
hnet,classic,10150,Alan Ford,"Department of Theology, University of Nottingham",,unmatched,Dissecting Ireland,"A New Anatomy of Ireland: the Irish Protestants, 1649-1770",Toby Barnard,"January, 2005",http://www.h-net.org/reviews/showrev.php?id=10150,8e708ebded09fd4dbb419ea25233bd590628dc78c37891ccc201ecac8d68e5aa,0000-0003-0488-7860,name_only,1,[],False,Alan Ford,"[""University of Nottingham""]","[""Nottingham"",""University of Nottingham""]",[],[],"[""5de6984035780649c91cfd9acbd338acc24f7cd877176f1a73c26d8f1dca3597"",""80ba644c1e2a1654f2047cdca5922739a2f2987815b952d4e487b0803940c5d7""]",2_name_or_qid_with_affiliation_clue,candidate_unreviewed
hnet,classic,23006,Alannah Tomkins,Keele University,,unmatched,The Original Patchwork Economy,The Dress of the People: Everyday Fashion in Eighteenth-Century England,John Styles,"February, 2009",https://www.h-net.org/reviews/showrev.php?id=23006,cb533324ffe6670a0b3a9bbaf118e72ffdda239fac6132b6b20d81bd9e7f6f08,0000-0002-7224-9337,name_only,1,[],False,Alannah Tomkins,"[""History in Humanities, Keele University, Staffordshire, ST5 5BG, UK"",""Keele University""]","[""History in Humanities, Keele University, Staffordshire, ST5 5BG, UK"",""Keele University""]",[],[],"[""2814008aa4a726854cf836a63eae595233207ffd7d48dae3717e5591fde1e56c"",""a70cee95394efa4ab83a9992d415306a6119574e4b36a82682ac36700b2b4355"",""c79e031b26ab2e5bcaa39087e8212a5756b7ea7ecbbe5c43a5108b0fd235a13e"",""f6ae3830428d4918e1fa99caf2c040ffa6c1fc5521fc65e4e6dfdbda89763793""]",2_name_or_qid_with_affiliation_clue,candidate_unreviewed
hnet,classic,58892,Alessandro Antonello,Flinders University,,unmatched,Citation:,Oil Beach: How Toxic Infrastructure Threatens Life in the Ports of Los Angeles and Beyond,Christina Dunbar-Hester,"June, 2023",https://www.h-net.org/reviews/showrev.php?id=58892,d192ce3395d0cfeb23144273e0336770ec90a29fc2c63d5866f31ac45abad9b3,0000-0002-7549-1436,name_only,1,[],False,Alessandro Antonello,"[""Flinders University, Adelaide, Australia"",""Flinders University, Australia""]","[""Flinders University, Adelaide, Australia"",""Flinders University, Australia"",""University of Tasmania ,""]",[],[],"[""5c11c298426625cf248834b6fbee74df220b9e2bdffc1052b784fe2d4ebc0cc1"",""5d14649ded6937030c0f6f753ae8560eab799f992e7aa7cbe2a72c27777741a7"",""6e73d943fa2f3431ceeb5dcf0b2715d74738e6b841139512686effa2c66b7228"",""894c0839453f5374df85e3bcf1e15982f4873c666c0d4f90448a7a0b38bbe8cd"",""fed8cd34f0f433a5fd0feeccd1751af40de0b7f7a159c6692c2b71541b1518f8""]",2_name_or_qid_with_affiliation_clue,candidate_unreviewed
hnet,classic,59157,Alessandro Antonello,Flinders University,,unmatched,Citation:,Sea Change: An Atlas of Islands in a Rising Ocean,Christina Gerhardt,"December, 2023",https://www.h-net.org/reviews/showrev.php?id=59157,356b8c0d1b4977d15911ec2af97de2eb3f1e1cfb46c4bf8dc2c3f89ef033bcfd,0000-0002-7549-1436,name_only,1,[],False,Alessandro Antonello,"[""Flinders University, Adelaide, Australia"",""Flinders University, Australia""]","[""Flinders University, Adelaide, Australia"",""Flinders University, Australia"",""University of Tasmania ,""]",[],[],"[""5c11c298426625cf248834b6fbee74df220b9e2bdffc1052b784fe2d4ebc0cc1"",""5d14649ded6937030c0f6f753ae8560eab799f992e7aa7cbe2a72c27777741a7"",""6e73d943fa2f3431ceeb5dcf0b2715d74738e6b841139512686effa2c66b7228"",""894c0839453f5374df85e3bcf1e15982f4873c666c0d4f90448a7a0b38bbe8cd"",""fed8cd34f0f433a5fd0feeccd1751af40de0b7f7a159c6692c2b71541b1518f8""]",2_name_or_qid_with_affiliation_clue,candidate_unreviewed
hnet,classic,62081,Alexa Herlands,University of Chicago,,unmatched,Occult Diversification at the Ottoman Court,"Forgotten Experts: Astrologers, Science, and Authority in the Ottoman Empire",A. Tunc Sen,"August, 2025",https://www.h-net.org/reviews/showrev.php?id=62081,a4b673e84f61cd419f48c449af50457867c20af4cf640259992fdbb14f6bc25e,0009-0002-3025-7870,name_only,1,[],False,Alexa Herlands,"[""Doctoral Candidate, Department of History, University of Chicago Chicago, Illinois USA""]","[""Doctoral Candidate, Department of History, University of Chicago Chicago, Illinois USA""]",[],[],"[""b3be8c269691b3b76d661e74a3f8bb9d1cb3094f6736644dc3ea37bf35367f45""]",2_name_or_qid_with_affiliation_clue,candidate_unreviewed
hnet,classic,56280,Alexander Brey,Wellesley College,,unmatched,Citation:,"Arts of Allusion: Object, Ornament, and Architecture in Medieval Islam",Margaret S. Graves,"April, 2021",https://www.h-net.org/reviews/showrev.php?id=56280,a62453b090e3e695212a9cd32bfc478cf36b945864aff946ffd1fcda28f3a5f9,0000-0002-3201-8462,name_only,1,[],False,Alexander Brey,"[""Department of Art Wellesley College  Wellesley Massachusetts USA""]","[""Department of Art Wellesley College  Wellesley Massachusetts USA""]",[],[],"[""b99f4748fd620d4753e2918611b2508b5d3c95f31e697a36503c95c7cd635b07""]",2_name_or_qid_with_affiliation_clue,candidate_unreviewed
hnet,classic,58222,Alka Raman,London School of Economics and Political Science,,unmatched,Citation:,Reinventing the Economic History of Industrialisation,"Kristine Bruland, Anne Gerritsen, Pat Hudson, Giorgio Riello, eds","March, 2023",https://www.h-net.org/reviews/showrev.php?id=58222,acc5d485e69172ed034901211ec8ff37ef8594cc3cea4d7c155faf5f4c1af0bf,0000-0003-1122-4678,name_only,1,[],False,Alka Raman,"[""Department of Economic History London School of Economics and Political Science""]","[""Department of Economic History London School of Economics and Political Science""]",[],[],"[""0462735b9f73d0205695729ed6cac5589c47131cf883ba7b9e349f6d9252b2f4""]",2_name_or_qid_with_affiliation_clue,candidate_unreviewed
hnet,classic,58303,Amanda Wells,University of Newcastle,,unmatched,Citation:,Visions of Nature: How Landscape Photography Shaped Settler Colonialism,Jarrod Hore,"January, 2023",https://www.h-net.org/reviews/showrev.php?id=58303,bde82b8ed72b8c64453c7eb6b476e474aed2cecd7d1902415c96d11a1fc968b9,0000-0003-1117-1131,name_only,1,[],False,Amanda Wells,"[""University of Newcastle""]","[""University of Newcastle""]",[],[],"[""46c0ee45d1a435aa6a09a67f31dc8b3a09befc1ff47df85970a34ba60734eda9""]",2_name_or_qid_with_affiliation_clue,candidate_unreviewed
hnet,classic,58897,Amanda Wells,University of Newcastle,,unmatched,Citation:,The Age of the Soybean: An Environmental History of Soy during the Great Acceleration,"Claiton Marcio da Silva, Claudio de Majo, eds","July, 2023",https://www.h-net.org/reviews/showrev.php?id=58897,62b87a2cc38983af52c304631dde1240c35c36ae0b4b1f2a1c85f49537f46ec6,0000-0003-1117-1131,name_only,1,[],False,Amanda Wells,"[""University of Newcastle""]","[""University of Newcastle""]",[],[],"[""46c0ee45d1a435aa6a09a67f31dc8b3a09befc1ff47df85970a34ba60734eda9""]",2_name_or_qid_with_affiliation_clue,candidate_unreviewed
hnet,classic,60039,Amanda Wells,University of Newcastle,,unmatched,Citation:,"Nature-Made Economy: Cod, Capital, and the Great Economization of the Ocean","Kristin Asdal, Tone Huse","March, 2024",https://www.h-net.org/reviews/showrev.php?id=60039,46ac18ea7fd52c1bbeaf1f59938927eb8bc8759bc75cc4223df6ec42de5730f6,0000-0003-1117-1131,name_only,1,[],False,Amanda Wells,"[""University of Newcastle""]","[""University of Newcastle""]",[],[],"[""46c0ee45d1a435aa6a09a67f31dc8b3a09befc1ff47df85970a34ba60734eda9""]",2_name_or_qid_with_affiliation_clue,candidate_unreviewed
hnet,classic,45053,Anat Vaturi,University of Haifa,,unmatched,More Than Just Neighbors,"Kith, Kin, and Neighbors: Communities and Confessions in Seventeenth-Century Wilno",David A. Frick,"September, 2015",https://www.h-net.org/reviews/showrev.php?id=45053,1b699f0447d2ba60233b6a6baace1b3490ec426e4030183e9d61aaee9868bab5,0000-0002-9580-2473,name_only,1,[],False,Anat Vaturi,"[""University of Haifa, Israel""]","[""University of Haifa, Israel""]",[],[],"[""e5fec69a49b0d78a4ed44c5aa408ea7fba87295138a7716a55730ec6cdc26d82""]",2_name_or_qid_with_affiliation_clue,candidate_unreviewed
hnet,classic,60867,Andrew Stuhl,Bucknell University,,unmatched,Citation:,They Came but Could Not Conquer: The Struggle for Environmental Justice in Alaska Native Communities,Diane J. Purvis,"December, 2024",https://www.h-net.org/reviews/showrev.php?id=60867,ff5ff59622114475629d8957b0aed81f318312dcb807ffa5b536f950accc6cc5,0009-0003-6364-5893,name_only,1,[],False,ANDREW STUHL,"[""Environmental Studies and Sciences Bucknell University Lewisburg, PA 17837, USA""]","[""Environmental Studies and Sciences Bucknell University Lewisburg, PA 17837, USA""]",[],[],"[""0c8f68f118b84a1247dfd3b10a3948e89e72ce199af33729bbb78ddd9792f8a3""]",2_name_or_qid_with_affiliation_clue,candidate_unreviewed
hnet,classic,51888,Aya Homei,University of Manchester,,unmatched,Citation:,Contraceptive Diplomacy: Reproductive Politics and Imperial Ambitions in the United States and Japan,Aiko Takeuchi-Demirci,"October, 2018",https://www.h-net.org/reviews/showrev.php?id=51888,686788dc2f4082d59e83feb29447cb7759a2a2d1aad682db0ea7f37014c25f71,0000-0002-2814-3789,name_only,1,[],False,Aya Homei,"[""Lecturer in Japanese Studies at the University of Manchester"",""School of Arts, Languages and Cultures, University of Manchester, Manchester, UK""]","[""Lecturer in Japanese Studies at the University of Manchester"",""School of Arts, Languages and Cultures, University of Manchester, Manchester, UK""]",[],[],"[""4fe6a65bb77893ece2dc297cb082bdb99c399828341d1bf6ae32b9b4609ffc3b"",""5b2701c74669c603b4e4432454cbd0597b360dc20090410cb575c060dc085efa"",""bc42b031a7c7927b8e5ccea7187c1342ec884b4acbd9b03ff87421f91eee75e6""]",2_name_or_qid_with_affiliation_clue,candidate_unreviewed
hnet,classic,14490,Barbara Hahn,"Department of History, Texas Tech University",,ambiguous,Buildings in a Changing Context,Architecture in Cincinnati: An Illustrated History of Designing and Building an American City,Sue Ann Painter,"May, 2008",http://www.h-net.org/reviews/showrev.php?id=14490,199879d71373a765ac96197e02c2c946c792070a3a9561c4b580f1f836c48da9,0000-0002-4594-609x,name_only,1,"[""Q122221845""]",False,Barbara Hahn,"[""Texas Tech University""]","[""History Department, Texas Tech University, Lubbock Texas, USA"",""Texas Tech University"",""Texas Tech University , Lubbock, TX , USA""]",[],[],"[""559ea7fd20fe3735fd140065e3a93c3c50a3aac28e723b6b71d8f4f54e809acb"",""a82029b0043cf25b7884f5c2a9d729ce03d2c5c486226b9d7ac34f60738ee661"",""aacaf7d63082b6ef7db6290f9540cbd0668cb5bfc6ee5816e8c002b13a4e5167"",""f89e6536f61c9d4ea5d09dcc13a0e8c9531fc0ae911f442470b461a303611d32""]",2_name_or_qid_with_affiliation_clue,candidate_unreviewed
hnet,classic,33983,Barbara Hahn,Texas Tech University,,ambiguous,Rubber and Empire,Growing American Rubber: Strategic Plants and the Politics of National Security,Mark R. Finlay,"January, 2012",https://www.h-net.org/reviews/showrev.php?id=33983,475efeac96d147cee57adaf8088716c8b75154610b7e4022ee591769cc6516c0,0000-0002-4594-609x,name_only,1,"[""Q122221845""]",False,Barbara Hahn,"[""History Department, Texas Tech University, Lubbock Texas, USA"",""Texas Tech University"",""Texas Tech University , Lubbock, TX , USA""]","[""History Department, Texas Tech University, Lubbock Texas, USA"",""Texas Tech University"",""Texas Tech University , Lubbock, TX , USA""]",[],[],"[""559ea7fd20fe3735fd140065e3a93c3c50a3aac28e723b6b71d8f4f54e809acb"",""a82029b0043cf25b7884f5c2a9d729ce03d2c5c486226b9d7ac34f60738ee661"",""aacaf7d63082b6ef7db6290f9540cbd0668cb5bfc6ee5816e8c002b13a4e5167"",""f89e6536f61c9d4ea5d09dcc13a0e8c9531fc0ae911f442470b461a303611d32""]",2_name_or_qid_with_affiliation_clue,candidate_unreviewed
hnet,email,60054,Beatriz Martinez-Rius,"Japan Agency for Marine-Earth
Science and Technology",,unmatched,,Japan's Ocean Borderlands: Nature and Sovereignty,"KREITMAN, PAUL","August, 2024",https://www.h-net.org/reviews/showrev.php?id=60054,ce5f84a07d2f79be3a84ebdce1329b82a8070c17e0e87c1947b22cbe6638f8ba,0000-0002-7168-4505,name_only,1,[],False,Beatriz Martinez-Rius,"[""Institute for Marine-Earth Exploration and Engineering (MarE3), Japan Agency for Marine-Earth Science and Technology (JAMSTEC), Yokosuka, Japan""]","[""Institute for Marine-Earth Exploration and Engineering (MarE3), Japan Agency for Marine-Earth Science and Technology (JAMSTEC), Yokosuka, Japan""]",[],[],"[""55e85352cb45f0b0c210197c2fbafbc3318c29c1fec9ac2c7fe5f8058b15ea71""]",2_name_or_qid_with_affiliation_clue,candidate_unreviewed
hnet,classic,49934,Boris Jardine,University of Cambridge,,unmatched,"Science in the Archives: Pasts, Presents, Futures","Science in the Archives:	Pasts, Presents, Futures",Lorraine Daston,"April, 2018",https://www.h-net.org/reviews/showrev.php?id=49934,bdf0766e561e2e4cdb93e7711050db2fef178fbb3b445a2fcd452536c2c5613f,0000-0002-9590-0102,name_only,1,[],False,Boris Jardine,"[""University of Cambridge, UK""]","[""University of Cambridge, UK""]",[],[],"[""9fd5c7b21dd4170cd3601dc63fab953ee3177b8549e3e6bbbe74c41f1784cd0e""]",2_name_or_qid_with_affiliation_clue,candidate_unreviewed
hnet,classic,56293,Brandon Bloch,University of Wisconsin-Madison,,unmatched,Exiled Among Nations,Exiled Among Nations: German and Mennonite Mythologies in a Transnational Age (Publications of the German Historical Institute),John P. R. Eicher,"March, 2021",https://www.h-net.org/reviews/showrev.php?id=56293,03cd4898df2e5ba7d1761a63837af8253c65cf85b82a4da9f21326ce3f2bbeb2,0000-0003-4452-2399,name_only,1,[],False,Brandon Bloch,"[""University of Wisconsin-Madison""]","[""University of Wisconsin-Madison""]",[],[],"[""15b52a96b3e3b99ac3c90879074a2a22e9864c5c0a9ff46097dd5ded1e1f3d09"",""ab56917483aa12207d44eb7cf00f6022e0a4415796d1f4d01089b664f0af062a"",""f06121a1f469db60747912143a63bc45a8f587eb5d8812c88a2352bb29ef4239""]",2_name_or_qid_with_affiliation_clue,candidate_unreviewed
hnet,classic,32620,Brian Bockelman,Ripon College,,unmatched,"Modern Buenos Aires, A Loveless City","Intersecting Tango: Cultural Geographies of Buenos Aires, 1900-1930",Adriana J. Bergero,"September, 2011",http://www.h-net.org/reviews/showrev.php?id=32620,dfb68bbf48897b24c1b65d5f23078fd59db01755759e717ff755160635054306,0000-0002-8148-7361,name_only,1,[],False,Brian Bockelman,"[""Ripon College""]","[""Ripon College""]",[],[],"[""1c72b6fb367644af0ac6c71a13ac59030d77cc32627c956dbc48ffcd07978855""]",2_name_or_qid_with_affiliation_clue,candidate_unreviewed
hnet,classic,35777,Brian Bockelman,Ripon College,,unmatched,More Than Just a Disease: Buenos Aires in the Age of Tuberculosis,"The Ailing City: Health, Tuberculosis, and Culture in Buenos Aires, 1870–1950",Diego Armus,"August, 2012",http://www.h-net.org/reviews/showrev.php?id=35777,9d9225a335e170c75f1679a1de0c2dab24a720e01857cfd6c4b84a5779db765d,0000-0002-8148-7361,name_only,1,[],False,Brian Bockelman,"[""Ripon College""]","[""Ripon College""]",[],[],"[""1c72b6fb367644af0ac6c71a13ac59030d77cc32627c956dbc48ffcd07978855""]",2_name_or_qid_with_affiliation_clue,candidate_unreviewed
hnet,classic,57799,Brian Bockelman,Ripon College,,unmatched,Many Faces of (Argentine) Modernism in Buenos Aires,"Buenos Aires across the Arts: Five and One Theses on Modernity, 1921-1939",Eleni Kefala,"November, 2022",https://www.h-net.org/reviews/showrev.php?id=57799,d6559a90a17c864ba9e05a6ff9ef66abc709f3607d27108fe74eb8f04390ce84,0000-0002-8148-7361,name_only,1,[],False,Brian Bockelman,"[""Ripon College""]","[""Ripon College""]",[],[],"[""1c72b6fb367644af0ac6c71a13ac59030d77cc32627c956dbc48ffcd07978855""]",2_name_or_qid_with_affiliation_clue,candidate_unreviewed
hnet,classic,58188,Brian Stauffer,Texas General Land Office,,unmatched,Citation:,"The Grammar of Civil War: A Mexican Case Study, 1857-61",Will Fowler,"March, 2023",https://www.h-net.org/reviews/showrev.php?id=58188,020f437a47b78ea405dc25c9d1c96aee081b24fb8b3775a686ea8548bdb601bd,0000-0002-2327-6937,name_only,1,[],False,Brian Stauffer,"[""Texas General Land Office""]","[""Texas General Land Office""]",[],[],"[""6e3af4b06ad8efec0b472f7246e0db8cfc1592d69d0470c3db954bb7e7a31923""]",2_name_or_qid_with_affiliation_clue,candidate_unreviewed
hnet,classic,60839,Brock Cutler,Radford University,,unmatched,Citation:,"The Riviera, Exposed: An Ecohistory of Postwar Tourism and North African Labor",Stephen L. Harp,"November, 2024",https://www.h-net.org/reviews/showrev.php?id=60839,e6b06991ae6ed3cfec8bf776bfecbe78b801ec68be2dc5ff1e775441c5ea4dab,0000-0003-4736-4162,name_only,1,[],False,Brock Cutler,"[""Radford University""]","[""Radford University""]",[],[],"[""f9fc917bdc35f429ad1c6f0d8e593adf6c0aebc9563110e0c1cdb512dcf03517""]",2_name_or_qid_with_affiliation_clue,candidate_unreviewed
hnet,classic,57822,Caitlin Barker,Michigan State University,,unmatched,Citation:,The Doctor Who Would Be King (Theory in Forms),Guillaume Lachenal,"July, 2022",https://www.h-net.org/reviews/showrev.php?id=57822,7d46488c7994b48de977778ab280d0ee27012460cf9d214855484c68fdacdeff,0009-0005-0359-4742,name_only,1,[],False,Caitlin Barker,"[""Michigan State University""]","[""Michigan State University""]",[],[],"[""3120e2bf0020e52a7138e7890c35c63cd7bfd95f44582d97c24e796d34470045"",""73f312312f3739ba17949fd8a4b39f34ecbb4b812fd1a8bcdebde4ec5dbd93e9""]",2_name_or_qid_with_affiliation_clue,candidate_unreviewed
hnet,classic,59656,Caleb Wellum,University of Toronto,,unmatched,Citation:,Running Out: In Search of Water on the High Plains,Lucas Bessire,"July, 2024",https://www.h-net.org/reviews/showrev.php?id=59656,f20aa32ace61631db596531c75aea3ddf38073e5ed569b1377044e81e366d2c9,0000-0002-3161-7017,name_only,1,[],False,Caleb Wellum,"[""University of Toronto"",""University of Toronto Scarborough""]","[""University of Toronto"",""University of Toronto Scarborough""]",[],[],"[""c9f5b30e7b2d090d61e7fd3223da91aef6e6fcf061f7cdf83d42006ec6c1ccc4"",""e58cfbfd086e43d47e2bf1f4fd220c041f756c233df2b801a7fd84000ef7da90""]",2_name_or_qid_with_affiliation_clue,candidate_unreviewed
hnet,classic,60105,Camilo Ruiz Tassinari,University of Chicago,,unmatched,Citation:,The Infrastructural South: Techno-Environments of the Third Wave of Urbanization,Jonathan Silver,"May, 2024",https://www.h-net.org/reviews/showrev.php?id=60105,0dbaf5059b5a03eeb3520cec0dfc7f867187b3e58288474277c1dece3f7461f3,0009-0002-4799-1924,name_only,1,[],False,Camilo Ruiz Tassinari,"[""The University of Chicago""]","[""The University of Chicago""]",[],[],"[""fc98c619fccc91800c858036ae1ed52730d425672cdac26209816be2299737b1""]",2_name_or_qid_with_affiliation_clue,candidate_unreviewed
hnet,classic,56658,Catherine Oliver,University of Cambridge,,unmatched,Citation:,Hatched: Dispatches from the Backyard Chicken Movement,Gina G. Warren,"January, 2022",https://www.h-net.org/reviews/showrev.php?id=56658,01a592619297a98f68e682495550ed6ea19dd7fec09fead7aedb2e1061a55fcf,0000-0002-5332-0468,name_only,1,[],False,Catherine Oliver,"[""Department of Geography University of Cambridge""]","[""Department of Geography University of Cambridge""]",[],[],"[""8d2664000b0df707ecd44b6666e48a36ea4acd716ece15c9162c67186488c7f7""]",2_name_or_qid_with_affiliation_clue,candidate_unreviewed
hnet,classic,56764,Catriona Corke,University of Cambridge,,unmatched,Citation:,Mobilizing Black Germany: Afro-German Women and the Making of a Transnational Movement,Tiffany Nicole Florvil,"October, 2021",http://www.h-net.org/reviews/showrev.php?id=56764,0ec9d0ed5b727c055d95c9442fcfe24cad418e565931e244cd561b2f0d444831,0000-0002-0231-5781,name_only,1,[],False,Catriona Corke,"[""University of Cambridge , UK"",""University of Cambridge, UK""]","[""University of Cambridge , UK"",""University of Cambridge, UK""]",[],[],"[""29bbbe3fc9733bedd09aaabd373eb44a133e240a7bcddc4eb37f9f62a7f05f57"",""89971228fbfd56c10c929df97938206d4978cea922f8e2c3eb303930fa531a65""]",2_name_or_qid_with_affiliation_clue,candidate_unreviewed
hnet,classic,56652,Chad Pearson,Collin College,,unmatched,Citation:,Ben Fletcher: The Life and Times of a Black Wobbly,Peter Cole,"June, 2021",https://www.h-net.org/reviews/showrev.php?id=56652,c6ba78a46b83c2b1dbd825a0fba509a13b25ff6b00a872ceb6887daf08f8a383,0000-0001-7357-2438,name_only,1,[],False,Chad Pearson,"[""Collin College""]","[""Collin College""]",[],[],"[""03d8a379d693f18d8aecb55599908b16fffe0e90a352691098ec7df7fd69d93c"",""3e5761c24e13cc6f1427ef188159afe7eba1d04258fc31fdc545053a21c7374d"",""551923829761b1b42ddcd98ef27df8b8b72875fb089e815b6b0b3f47a56d49ed"",""cd2a817a4967817dffd3e3414af1eb215fbeea3011842acde59afdca81008a6f""]",2_name_or_qid_with_affiliation_clue,candidate_unreviewed
hnet,classic,56627,Chad S.A. Gibbs,College of Charleston,,unmatched,Citation:,Leningrad 1941-42: Morality in a City under Siege,Sergey Yarov,"January, 2023",https://www.h-net.org/reviews/showrev.php?id=56627,b76a2d45a90b18e0dee0f54f1fda17ba5abf855a2390bf0b6cf2f31384c9086f,0000-0002-0933-7430,name_only,1,[],False,Chad S. A. Gibbs,"[""College of Charleston""]","[""College of Charleston""]",[],[],"[""962086f36cef5dc29a0d7460848608b471326456a24506c5aba4e7ed86f7bf21""]",2_name_or_qid_with_affiliation_clue,candidate_unreviewed
hnet,classic,58428,Chama Kaluba Jickson,University of the Free State,,unmatched,Citation:,Staple Security: Bread and Wheat in Egypt,Jessica Barnes,"May, 2023",https://www.h-net.org/reviews/showrev.php?id=58428,5872045736e470305c4348219856dc096fe902189c2bd894699e5e7f887f07a8,0000-0001-5169-9286,name_only,1,[],False,Chama Kaluba Jickson,"[""Walter Sisulu University; University of the Free State South Africa""]","[""Walter Sisulu University; University of the Free State South Africa""]",[],[],"[""816bec7aff25b29dff85eb6e82e14fb51611aebdf96dca89c521899d78ed1876""]",2_name_or_qid_with_affiliation_clue,candidate_unreviewed
hnet,classic,37962,Chris Pearson,University of Liverpool,,unmatched,"The ""Great Separation"" of Animals and Humans in the Modern City",Animal Cities: Beastly Urban Histories,"Peter Atkins, ed","May, 2013",http://www.h-net.org/reviews/showrev.php?id=37962,930bce81bb0f0441dd9b576414a9d5845943ca5dc6d3cb2fc99f5fa8a6aeb6e1,0000-0002-0556-1929,name_only,1,[],False,Chris Pearson,"[""Department of History University of Liverpool  Liverpool Merseyside UK""]","[""Department of History University of Liverpool  Liverpool Merseyside UK""]",[],[],"[""60a6ca75ef389d6bb70e72dc8eabed4e816634ce4f8eeece46c25bb5cdd97089""]",2_name_or_qid_with_affiliation_clue,candidate_unreviewed
hnet,classic,40045,Chris Pearson,University of Liverpool,,unmatched,Environmental Protection in a Light-Green Country,Une protection de l'environnement a la francaise ?,"Charles-Francois Mathis, Jean Francois Mouhot, eds","January, 2014",https://www.h-net.org/reviews/showrev.php?id=40045,9d69d6bc45f1cb2beca1aa94a1420928f2b8533631adf7a5d4df25cd92089c9c,0000-0002-0556-1929,name_only,1,[],False,Chris Pearson,"[""Department of History University of Liverpool  Liverpool Merseyside UK""]","[""Department of History University of Liverpool  Liverpool Merseyside UK""]",[],[],"[""60a6ca75ef389d6bb70e72dc8eabed4e816634ce4f8eeece46c25bb5cdd97089""]",2_name_or_qid_with_affiliation_clue,candidate_unreviewed
hnet,classic,57994,Christian Drury,Durham University,,unmatched,Citation:,Across Greenland's Ice Cap: The Remarkable Swiss Scientific Expedition of 1912,Alfred de Quervain,"November, 2022",https://www.h-net.org/reviews/showrev.php?id=57994,ef0462d1504042892c63f0270333946203d49361e883a6c83856e86bbe03f056,0009-0005-0601-3480,name_only,1,[],False,Christian Drury,"[""Durham University""]","[""Durham University""]",[],[],"[""d9f612012b74dd73ae71fbef208ae063f0e12d3c2c42e24f0cc272a233d9c991""]",2_name_or_qid_with_affiliation_clue,candidate_unreviewed
hnet,classic,60127,Christian Drury,Durham University,,unmatched,Citation:,The Palace of the Snow Queen: Winter Travels in Lapland and Sápmi,Barbara Sjoholm,"May, 2024",https://www.h-net.org/reviews/showrev.php?id=60127,93b232ec738269de11f5ff5196a2fabae8ede1b14225c3d448ab79284b9104b8,0009-0005-0601-3480,name_only,1,[],False,Christian Drury,"[""Durham University""]","[""Durham University""]",[],[],"[""d9f612012b74dd73ae71fbef208ae063f0e12d3c2c42e24f0cc272a233d9c991""]",2_name_or_qid_with_affiliation_clue,candidate_unreviewed
hnet,classic,49985,Christoph Strobel,"University of Massachusetts, Lowell",,unmatched,Native American and European Transatlantic Activism in a Cold War World,From Wounded Knee to Checkpoint Charlie: The Alliance for Sovereignty between American Indians and Central Europeans in the Late Cold War,György Ferenc Tóth,"November, 2017",http://www.h-net.org/reviews/showrev.php?id=49985,3f24ccab48506930c21fc37f35fe66915f7bd8d9a5ee2b11451a657d39571126,0000-0003-3881-7270,name_only,1,[],False,Christoph Strobel,"[""University of Massachusetts, Lowell , Lowell,""]","[""University of Massachusetts, Lowell , Lowell,""]",[],[],"[""68b6178c6bbb49c50ff3fd1108f425401a0ba677b1c9f261f922431e1dfd5790""]",2_name_or_qid_with_affiliation_clue,candidate_unreviewed
hnet,classic,25121,Christopher R. Friedrichs,University of British Columbia,,unmatched,Streets and Street Life in Early Modern Europe,Cultural History of Early Modern European Streets,"Riitta Laitinen, Thomas V. Cohen, eds","January, 2010",https://www.h-net.org/reviews/showrev.php?id=25121,d8e3d09afb886a881f1b6241198e3471e5e9aa5b93e5da6231c7a543f7d8aaca,0000-0001-8425-1509,name_only,1,[],False,Christopher R. Friedrichs,"[""University of British Columbia""]","[""University of British Columbia""]",[],[],"[""257e429132d5b999b953b21192a22d990c932d29fa2f66f7fd3019c4d7e35bd1""]",2_name_or_qid_with_affiliation_clue,candidate_unreviewed
hnet,classic,58186,Claiton Marcio da Silva,Universidade Federal da Fronteira Sul,,unmatched,"""Neither Green Nor Socially Equitable"": A History of the Brazilian Ethanol Industry",Sweet Fuel: A Political and Environmental History of Brazilian Ethanol,Jennifer Eaglin,"April, 2023",https://www.h-net.org/reviews/showrev.php?id=58186,cd1ac94aa31af74cda5d1c98e2377568ad193665c7b2ac429625f10613926199,0000-0002-4582-4586,name_only,1,[],False,Claiton Marcio Da Silva | Claiton Marcio da Silva,"[""Claiton Marcio da Silva is Associate Professor of History at the Universidade Federal da Fronteira Sul (UFFS), Chapecó, Brazil. He holds an MA in History from the Universidade Federal de Santa Catarina and obtained his Ph.D. in History of Sciences and Health at Casa de Oswaldo Cruz. Email:"",""Universidade Federal da Fronteira Sul (UFFS) Chapecó - SC, 89801-501, Brazil""]","[""Claiton Marcio da Silva is Associate Professor of History at the Universidade Federal da Fronteira Sul (UFFS), Chapecó, Brazil. He holds an MA in History from the Universidade Federal de Santa Catarina and obtained his Ph.D. in History of Sciences and Health at Casa de Oswaldo Cruz. Email:"",""Universidade Federal da Fronteira Sul (UFFS) Chapecó - SC, 89801-501, Brazil""]",[],[],"[""9577e74732fc0a73e8eafdae08098f2a167355d5e6622ec38936504f7b8d3908"",""f31d966145fd2909985727c558dc742314721d7038953fc96514213285478d78""]",2_name_or_qid_with_affiliation_clue,candidate_unreviewed
hnet,email,62629,Coleman Mahler,"University of California, Berkeley",,unmatched,,Ecological States: Politics of Science and Nature in Urbanizing China,"RODENBIKER, JESSE","June, 2026",https://www.h-net.org/reviews/showrev.php?id=62629,3daa951f657bcb0b31715c75fb938ccba86aaa6af68996dcd000cdcf83d3b731,0009-0003-7447-5623,name_only,1,[],False,Coleman Mahler,"[""University of California""]","[""Charles University"",""University of California""]",[],[],"[""d04f597f6b3b88fddf0f7aa9ae035ffbd6c6f707dc6f3887fb60833072d0b20d""]",2_name_or_qid_with_affiliation_clue,candidate_unreviewed
hnet,classic,777,Colin Gordon,University of Iowa,,ambiguous,Citation:,"Beyond the Broker State:  Federal Policies toward Small Business, 1936-1961",Jonathan J. Bean,"January, 1997",http://www.h-net.org/reviews/showrev.php?id=777,d325fcda4bb207050173404abe0bec8aaadcaf0efc4930df17ef69dbff6ae3d7,0000-0002-8417-7182,name_only,1,"[""Q101234209""]",False,Colin Gordon,"[""The University of Iowa, Iowa City, IA, USA""]","[""The University of Iowa, Iowa City, IA, USA""]",[],[],"[""aa53eb95309666f5ecd2dfcdcd3ed2eb52990e16ce456b31e6dc287af957edbd""]",2_name_or_qid_with_affiliation_clue,candidate_unreviewed
hnet,classic,8855,Corrado Tornimbeni,"Faculty of Political Sciences, University of Bologna, and Visiting Research Assistant, King's College, London",,unmatched,Decentralization for Whom?,Peoples' Spaces and State Spaces: Land and Governance in Mozambique,Rosemary Elizabeth Galli,"February, 2004",https://www.h-net.org/reviews/showrev.php?id=8855,a04113574a9b9d1d7e52a0817aa5c28b8348e75491a8846eea056c74e28a7aa7,0000-0002-4877-6209,name_only,1,[],False,Corrado Tornimbeni,"[""University of Bologna""]","[""University of Bologna""]",[],[],"[""d2a7083488a09f06810104e81de2e560979c61473c89a7f976a529557d09d494""]",2_name_or_qid_with_affiliation_clue,candidate_unreviewed
hnet,classic,56739,Costanza Bonelli,Independent Researcher,,unmatched,New Archives,"Réveiller l'archive d'une guerre coloniale. Gaston Chérau, correspondant de guerre, 1911-1912","Pierre Schill, ed","July, 2021",https://www.h-net.org/reviews/showrev.php?id=56739,2b0066c058ab34392b2876c8bc0c82bef5227692e9f8c6f3e7fbd2b1fde34397,0000-0002-9082-3224,name_only,1,[],False,Costanza Bonelli,"[""Independent Researcher, Rome, Italy""]","[""Independent Researcher, Rome, Italy""]",[],[],"[""cc8b0f5e20dc3929473f7646edc7b1a83cc79fa9acafcb6f83305d7fbcbe20d7""]",2_name_or_qid_with_affiliation_clue,candidate_unreviewed
hnet,classic,10600,Cynthia Kros,"Department of History, University of the Witwatersrand",,unmatched,What Do We Owe Postmodernism?,Postmodernism and History,Willie Thompson,"June, 2005",https://www.h-net.org/reviews/showrev.php?id=10600,f286d8808d207ddb803f18952871fdc89e1cb40677da315d0d05c80ea5d00032,0000-0001-7075-2273,name_only,1,[],False,Cynthia Kros,"[""University of the Witwatersrand""]","[""University of the Witwatersrand""]",[],[],"[""36f255308afc944642302cdeaea8ab4bdc45f20d5872af91924d276fde873eb9"",""778aeb2ae3a781eaa4e106cdef9418804b9f952568978dec9acfd11cb790db43"",""7cf15d27b65d62cc90d7acabaa70db3ea9323e89c9c2a8c17a2a1afb4b5afdef""]",2_name_or_qid_with_affiliation_clue,candidate_unreviewed
hnet,classic,9959,Cynthia Kros,"Department of History, University of the Witwatersrand, Johannesburg, South Africa",,unmatched,More Pathways to Africa's Past,"Sources and Methods in African History: Spoken, Written, Unearthed","Toyin Falola, Christian Jennings, eds","November, 2004",https://www.h-net.org/reviews/showrev.php?id=9959,5a45419d7fe88440a68b63d0468645ecec491e103087dced0751a6a4a76a7094,0000-0001-7075-2273,name_only,1,[],False,Cynthia Kros,"[""University of the Witwatersrand""]","[""University of the Witwatersrand""]",[],[],"[""36f255308afc944642302cdeaea8ab4bdc45f20d5872af91924d276fde873eb9"",""778aeb2ae3a781eaa4e106cdef9418804b9f952568978dec9acfd11cb790db43"",""7cf15d27b65d62cc90d7acabaa70db3ea9323e89c9c2a8c17a2a1afb4b5afdef""]",2_name_or_qid_with_affiliation_clue,candidate_unreviewed
hnet,classic,60352,Cyrus Veeser,Bentley University,,unmatched,Citation:,A World Safe for Commerce: American Foreign Policy from the Revolution to the Rise of China,Dale C. Copeland,"June, 2024",https://www.h-net.org/reviews/showrev.php?id=60352,2127ef03fd86ccef3dd8a9235278a1223f61f98cf73290d535deb5091098b1fd,0000-0002-2222-1387,name_only,1,[],False,Cyrus Veeser,"[""Bentley University""]","[""Bentley University""]",[],[],"[""a942b5515483395939b1eb0e248595cf62987831acd520ec4f67350af8120115""]",2_name_or_qid_with_affiliation_clue,candidate_unreviewed
hnet,classic,58711,Danielle Beaujon,University of Illinois Chicago,,unmatched,Citation:,"Wartime North Africa: A Documentary History, 1934–1950","Sarah Abrevaya Stein, Aomar Boum, eds","March, 2025",https://www.h-net.org/reviews/showrev.php?id=58711,fa044e99c297679c3b20ab4cbf3b01e596ad841f25afe9aa37d1520d1a12e12a,0009-0009-0721-1971,name_only,1,[],False,Danielle Beaujon,"[""University of Illinois""]","[""University of Illinois""]",[],[],"[""e1e367584c37c2c1211818d453bd0ccb696e23af6fe379c32ae7562f46079d9e""]",2_name_or_qid_with_affiliation_clue,candidate_unreviewed
hnet,classic,60149,Dante LaRiccia,Yale University,,unmatched,Citation:,Planetary Longings,Mary Louise Pratt,"May, 2024",https://www.h-net.org/reviews/showrev.php?id=60149,0415c56bb991352e27b3e35fc86adfa3d39664a9acb51706a64b8d6c850b0676,0009-0006-3014-2976,name_only,1,[],False,Dante LaRiccia,"[""Yale University""]","[""Yale University""]",[],[],"[""10b9eed39ff43a6cab03db6e89f8e068eaf50bf6f71796b583e2b51d54443733"",""909484f93215922094c25fbea22063858cb4cf963f420fd7f4c649045a991265""]",2_name_or_qid_with_affiliation_clue,candidate_unreviewed
hnet,classic,60147,Daren Ray,Brigham Young University,,unmatched,Citation:,Poverty and Wealth in East Africa: A Conceptual History,Rhiannon Stephens,"February, 2024",https://www.h-net.org/reviews/showrev.php?id=60147,a458b9932765ceeced76ff814e7857b9cbd5b73e40b6487be844550ebeeeb4eb,0000-0002-1877-363x,name_only,1,[],False,Daren E. Ray | Daren Ray,"[""Brigham Young University ,""]","[""Brigham Young University ,""]",[],[],"[""6fce059480c5398b1af60a8baa358f408c2203d95637b1ab894aac5aa23e0c5a"",""9cfccbea55d79ea500483088430be1f592ef3dfa46eaf798d1120ed3f07f3cf2""]",2_name_or_qid_with_affiliation_clue,candidate_unreviewed
hnet,classic,56922,Dario Fazzi,Roosevelt Institute for American Studies,,unmatched,Citation:,No Globalization without Representation: U.S. Activists and World Inequality,Paul Adler,"January, 2022",https://www.h-net.org/reviews/showrev.php?id=56922,acba6497d270fd5dabe7d1bdad4d2e274f8aea23cb74fb4e07604536ff6ceca0,0000-0002-8348-9483,name_only,1,[],False,Dario Fazzi,"[""Institute for History, Leiden University Únd Roosevelt Institute for American Studies, Middleburg, the Netherlands"",""Roosevelt Institute for American Studies""]","[""Institute for History, Leiden University Únd Roosevelt Institute for American Studies, Middleburg, the Netherlands"",""Roosevelt Institute for American Studies""]",[],[],"[""2bdffc0d0f0b921682f29746d01cec1bc60eb8420e895545ca6c2335855435cd"",""d4ce2a76d246af11db6ae7b965eaee1d2091ae973e50107a18c0b40c9b984525"",""fbc9fdf5280e9f709a715504ab3c54796d7ca7d92af35babac2e8d4b75f1e1f6""]",2_name_or_qid_with_affiliation_clue,candidate_unreviewed
hnet,classic,58367,Dario Fazzi,Leiden University,,unmatched,Citation:,Italy in the International System from Détente to the End of the Cold War,"Antonio Varsori, Benedetto Zaccaria, eds","October, 2022",http://www.h-net.org/reviews/showrev.php?id=58367,926d86fb9dfef72b8e8c1e8554bcadb0d7172dc2e80cce90792b6ffadaa5eafa,0000-0002-8348-9483,name_only,1,[],False,Dario Fazzi,"[""Institute for History, Leiden University Únd Roosevelt Institute for American Studies, Middleburg, the Netherlands""]","[""Institute for History, Leiden University Únd Roosevelt Institute for American Studies, Middleburg, the Netherlands"",""Roosevelt Institute for American Studies""]",[],[],"[""2bdffc0d0f0b921682f29746d01cec1bc60eb8420e895545ca6c2335855435cd"",""d4ce2a76d246af11db6ae7b965eaee1d2091ae973e50107a18c0b40c9b984525"",""fbc9fdf5280e9f709a715504ab3c54796d7ca7d92af35babac2e8d4b75f1e1f6""]",2_name_or_qid_with_affiliation_clue,candidate_unreviewed
hnet,classic,59810,Dario Fazzi,Leiden University,,unmatched,Citation:,The Toxic Ship: The Voyage of the Khian Sea and the Global Waste Trade,Simone M. Müller,"March, 2024",https://www.h-net.org/reviews/showrev.php?id=59810,6cdaca32ae35321f61462a9689a279c0e76815465859dda2285f9bfc8cd47435,0000-0002-8348-9483,name_only,1,[],False,Dario Fazzi,"[""Institute for History, Leiden University Únd Roosevelt Institute for American Studies, Middleburg, the Netherlands""]","[""Institute for History, Leiden University Únd Roosevelt Institute for American Studies, Middleburg, the Netherlands"",""Roosevelt Institute for American Studies""]",[],[],"[""2bdffc0d0f0b921682f29746d01cec1bc60eb8420e895545ca6c2335855435cd"",""d4ce2a76d246af11db6ae7b965eaee1d2091ae973e50107a18c0b40c9b984525"",""fbc9fdf5280e9f709a715504ab3c54796d7ca7d92af35babac2e8d4b75f1e1f6""]",2_name_or_qid_with_affiliation_clue,candidate_unreviewed
hnet,classic,60414,Dario Fazzi,Leiden University,,unmatched,Citation:,Offshore Attachments: Oil and Intimacy in the Caribbean,Chelsea Schields,"June, 2024",https://www.h-net.org/reviews/showrev.php?id=60414,fa87c2c822b2554aaefba7f30897f0a7753ffe0b0ac6f333f0da3cfa5573859a,0000-0002-8348-9483,name_only,1,[],False,Dario Fazzi,"[""Institute for History, Leiden University Únd Roosevelt Institute for American Studies, Middleburg, the Netherlands""]","[""Institute for History, Leiden University Únd Roosevelt Institute for American Studies, Middleburg, the Netherlands"",""Roosevelt Institute for American Studies""]",[],[],"[""2bdffc0d0f0b921682f29746d01cec1bc60eb8420e895545ca6c2335855435cd"",""d4ce2a76d246af11db6ae7b965eaee1d2091ae973e50107a18c0b40c9b984525"",""fbc9fdf5280e9f709a715504ab3c54796d7ca7d92af35babac2e8d4b75f1e1f6""]",2_name_or_qid_with_affiliation_clue,candidate_unreviewed
hnet,classic,61473,Dario Fazzi,Leiden University,,unmatched,Citation:,Water in World History,Ellen F. Arnold,"May, 2025",https://www.h-net.org/reviews/showrev.php?id=61473,087d00bbcdcc622d1b553560dad0a3c6b092cc52275fc900284d3b6dcd9bd5b7,0000-0002-8348-9483,name_only,1,[],False,Dario Fazzi,"[""Institute for History, Leiden University Únd Roosevelt Institute for American Studies, Middleburg, the Netherlands""]","[""Institute for History, Leiden University Únd Roosevelt Institute for American Studies, Middleburg, the Netherlands"",""Roosevelt Institute for American Studies""]",[],[],"[""2bdffc0d0f0b921682f29746d01cec1bc60eb8420e895545ca6c2335855435cd"",""d4ce2a76d246af11db6ae7b965eaee1d2091ae973e50107a18c0b40c9b984525"",""fbc9fdf5280e9f709a715504ab3c54796d7ca7d92af35babac2e8d4b75f1e1f6""]",2_name_or_qid_with_affiliation_clue,candidate_unreviewed
hnet,classic,49643,David A. Messenger,University of South Alabama,,unmatched,Citation:,"The Spanish Foreign Legion in the Spanish Civil War, 1936",José E. Álvarez,"August, 2017",https://www.h-net.org/reviews/showrev.php?id=49643,38d2e3a9bc64d2d896301513fe0b6f9a2c3b9c0eca94dd9cd0ee0c7102daf6e1,0000-0003-4266-3171,name_only,1,[],False,David A. Messenger,"[""Department of History, University of South Alabama, AL, USA""]","[""Department of History, University of South Alabama, AL, USA""]",[],[],"[""22eef6644062885b7d84004a4f29939893008a6e17bc7b1ac2becca1592685a7""]",2_name_or_qid_with_affiliation_clue,candidate_unreviewed
hnet,classic,61606,David A. Messenger,University of South Alabama,,unmatched,Citation:,The Bloomsbury Handbook of the Spanish Civil War,"Antonio Cazorla Sanchez, Alison Ribeiro de Menezes, Adrian Shubert, eds","January, 2026",https://www.h-net.org/reviews/showrev.php?id=61606,2d7dcabfb90540ad66da74afad232e1de83e26023c2e3e38a1888c92b1f8cf9e,0000-0003-4266-3171,name_only,1,[],False,David A. Messenger,"[""Department of History, University of South Alabama, AL, USA""]","[""Department of History, University of South Alabama, AL, USA""]",[],[],"[""22eef6644062885b7d84004a4f29939893008a6e17bc7b1ac2becca1592685a7""]",2_name_or_qid_with_affiliation_clue,candidate_unreviewed
hnet,classic,2385,David Green,King's College-London,,ambiguous,London: A History of Multiplications and Disconnections,London:  More by Fortune than Design,Michael Hebbert,"October, 1998",http://www.h-net.org/reviews/showrev.php?id=2385,dc38e6f03c7a9a3dc4fe00acfbaf77f76e4349bb7ecfb49a069fda611f42e7a4,0000-0001-7136-5881,name_only,1,[],False,DAVID R. GREEN | David Green,"[""Department of Geography King's College London""]","[""Department of Geography King's College London""]",[],[],"[""beb48f569b316b0671991d894b66d6bbeb4368b4d1ab80dee294423c23d5951b"",""d2def0eb11c8260e382079fa766e5c606c2bd056f560d4ea8672e46d2429c3a2""]",2_name_or_qid_with_affiliation_clue,candidate_unreviewed
hnet,classic,61161,David Sim,University College London,,ambiguous,Citation:,The Age of Reconstruction: How Lincoln’s New Birth of Freedom Remade the World,Don H. Doyle,"June, 2025",https://www.h-net.org/reviews/showrev.php?id=61161,36aabef94b6958d6c9b4c7f45cbc09b5c7279a2ae03393811e3371d75a7476af,0000-0001-9168-6666,name_only,1,"[""Q110995023""]",False,David Sim,"[""University College London"",""University College London , UK""]","[""University College London"",""University College London , UK""]",[],[],"[""5c1aa77fb5d02b8e151460ca505839d8f3931f9883299b77bde07c49a934f60c"",""b34c60be769941671f63ccbbbe43d5511ae69c81670cf18f5de6df86d3fcd89a"",""e43dd5dca5cc8e75150d36d8468dc9c351754fa2198821f3d8f32938490e7701""]",2_name_or_qid_with_affiliation_clue,candidate_unreviewed
hnet,classic,52342,David Spreen,Harvard University,,unmatched,"Memory, Appropriation, and the Material Remains of ""Real Existing"" Socialism",What Remains: Everyday Encounters with the Socialist Past in Germany,Jonathan P. G. Bach,"August, 2020",https://www.h-net.org/reviews/showrev.php?id=52342,9e38f93ad6e6770de6f7092f6018a10d6faceb135738c9a18e37fbe0576e3e22,0000-0002-7167-6935,name_only,1,[],False,David Spreen,"[""Department of History, Harvard University, Cambridge, MA, USA""]","[""Department of History, Harvard University, Cambridge, MA, USA""]",[],[],"[""3aeb25be312c9d3f076a172d55eea3935d659a06f6340d069c7b6678e705af0c""]",2_name_or_qid_with_affiliation_clue,candidate_unreviewed
hnet,classic,14251,Domenic Vitiello,"Department of City and Regional Planning, University of Pennsylvania",,unmatched,Planning History as Urban History,Urban America in the Modern Age: 1920 to the Present,Carl Abbott,"March, 2008",https://www.h-net.org/reviews/showrev.php?id=14251,bbd568fd9bcdea4c4bfe9660013a1ceedea5e6b0bb3814b83523781d35013c15,0000-0001-9679-8544,name_only,1,[],False,Domenic Vitiello,"[""University of Pennsylvania""]","[""University of Pennsylvania""]",[],[],"[""d1328b17e38e4fa21154092df4b71e0aeedd46a46834b4335960ef395653a25c""]",2_name_or_qid_with_affiliation_clue,candidate_unreviewed
hnet,classic,48973,Dominic DeBrincat,Missouri Western State University,,unmatched,Taking Power from the People: The Creation of the Conservative Constitution,The Framers' Coup: The Making of the United States Constitution,Michael J. Klarman,"August, 2017",https://www.h-net.org/reviews/showrev.php?id=48973,bf0a9bafadbbbc2895b18200e499ab421842807b2b1e7347565722eb0eb16101,0000-0002-5017-4610,name_only,1,[],False,Dominic DeBrincat,"[""Missouri Western State University, USA""]","[""Missouri Western State University, USA""]",[],[],"[""bfc44e735379940200604cc27d11e361dd09e6c496f7b185c743d7fd590498d9""]",2_name_or_qid_with_affiliation_clue,candidate_unreviewed
hnet,classic,53143,Dora Vargha,University of Exeter,,unmatched,Citation:,Cold War Triangle: How Scientists in East and West Tamed HIV,Renilde Loeckx,"February, 2019",https://www.h-net.org/reviews/showrev.php?id=53143,d8c41807f104aa088964b9ceab0a9a2d7899ec97fdeccc4cef1ae38409a9f4ae,0000-0003-0758-5091,name_only,1,[],False,Dora Vargha,"[""Department of History, University of Exeter, Exeter, UK"",""Humboldt‐Universiät zu Berlin‐University of Exeter  Exeter UK""]","[""Department of History, University of Exeter, Exeter, UK"",""Humboldt‐Universiät zu Berlin‐University of Exeter  Exeter UK""]",[],[],"[""917b4c690ba912c226ca3e297b098de0754c9e21f2d23001fb84cadf07d77b69"",""c464dbb78f063742e0daaed4ff4d487aa822c8f162135b962425a92bcbe52f74"",""d37d3ad24cf8be9bbfbcf91bdc9e8661c36ef7aacd19319bae99525ae4b0da03""]",2_name_or_qid_with_affiliation_clue,candidate_unreviewed
hnet,classic,58087,Douwe Schipper,Johns Hopkins University,,unmatched,Citation:,Roadside Americans: The Rise and Fall of Hitchhiking in a Changing Nation,Jack Reid,"November, 2022",http://www.h-net.org/reviews/showrev.php?id=58087,93f43df1d72d78d4fde39037021bed504ce15f97961e089f14ed346b7aa73105,0000-0001-6603-8405,name_only,1,[],False,Douwe Schipper,"[""Johns Hopkins University, Baltimore, MD, USA""]","[""Johns Hopkins University, Baltimore, MD, USA""]",[],[],"[""e5cae421003700778bf0e25752fa3482a5792d82f5d355e77dcde8a8477ab121""]",2_name_or_qid_with_affiliation_clue,candidate_unreviewed
hnet,classic,60170,Douwe Schipper,Johns Hopkins University,,unmatched,Citation:,Danger Sound Klaxon! The Horn That Changed History,Matthew F. Jordan,"March, 2024",https://www.h-net.org/reviews/showrev.php?id=60170,dc69a8844bec1d0878bcb29519630ffb3050d01a9d017142df459df38c0fcf76,0000-0001-6603-8405,name_only,1,[],False,Douwe Schipper,"[""Johns Hopkins University, Baltimore, MD, USA""]","[""Johns Hopkins University, Baltimore, MD, USA""]",[],[],"[""e5cae421003700778bf0e25752fa3482a5792d82f5d355e77dcde8a8477ab121""]",2_name_or_qid_with_affiliation_clue,candidate_unreviewed
hnet,classic,55607,Edna Suárez Díaz,Universidad Nacional Autónoma de México,,unmatched,Citation:,Heredity under the Microscope: Chromosomes and the Study of the Human Genome,Soraya de Chadarevian,"March, 2021",https://www.h-net.org/reviews/showrev.php?id=55607,b20ce698a34f1e49bdd1516ae588ccb93251344adf0dee3a6eec23e4491f7d89,0000-0003-2259-3110,name_only,1,[],False,Edna Suárez-Díaz,"[""Centro de Investigaciones Interdisciplinarias en Ciencias y Humanidades/ Facultad de Ciencias, Universidad Nacional Autónoma de México, Mexico City,"",""Facultad de Ciencias, Universidad Nacional Autónoma de México, Mexico City, Mexico""]","[""Centro de Investigaciones Interdisciplinarias en Ciencias y Humanidades/ Facultad de Ciencias, Universidad Nacional Autónoma de México, Mexico City,"",""Facultad de Ciencias, Universidad Nacional Autónoma de México, Mexico City, Mexico""]",[],[],"[""3fffef7649be9b908ca7feb20d627d05e925dffd4f0355ebe7ff9ba7e148c637"",""6cdf310c9c9fda778000c61c5f5edd5aa727a684bd07ee964bbcaf5c128f66c9"",""a295adf86bd6903de72484a4aa4bf3f14e0e1a47a81e98c6bc16393044fbcd61""]",2_name_or_qid_with_affiliation_clue,candidate_unreviewed
hnet,classic,168,Edward A. McCord,George Washington University,,unmatched,Citation:,China at War 1901-1949,Edward L. Dreyer,"September, 1995",http://www.h-net.org/reviews/showrev.php?id=168,93f7c9915cae995a17e8e819664133df9be352cc7a6f0b2c944dd0e707e5f6bb,0000-0002-6035-7226,name_only,1,[],False,Edward A. McCord,"[""Elliott School of International Affairs, George Washington University 807 Philadelphia Ave., Silver Spring, MD 20910 USA"",""George Washington University"",""History Department, George Washington University 801 22nd St. NW, Suite 335, Washington, DC 20052 USA""]","[""Elliott School of International Affairs, George Washington University 807 Philadelphia Ave., Silver Spring, MD 20910 USA"",""George Washington University"",""History Department, George Washington University 801 22nd St. NW, Suite 335, Washington, DC 20052 USA""]",[],[],"[""b6a4149a74302bcf1ac773d69ad16806d75ca55dba231bcd902dd291a3cae5dd"",""d59abaaf29763c954c0f49043416961cca5a736e810da0b125459e647cfbb3ab"",""e299aeb70d156b4427f6af35932f5950b76a69eebc52aff65f1c657bd777ace1""]",2_name_or_qid_with_affiliation_clue,candidate_unreviewed
hnet,classic,38608,Edward A. McCord,George Washington University,,unmatched,Experiencing the Taiping Rebellion,What Remains: Coming to Terms with Civil War in 19th century China,Tobie Meyer-Fong,"July, 2013",http://www.h-net.org/reviews/showrev.php?id=38608,2ffb9740a04e67e18ca73338e67f301337d6b889c45587c2055b94fd301d064e,0000-0002-6035-7226,name_only,1,[],False,Edward A. McCord,"[""Elliott School of International Affairs, George Washington University 807 Philadelphia Ave., Silver Spring, MD 20910 USA"",""George Washington University"",""History Department, George Washington University 801 22nd St. NW, Suite 335, Washington, DC 20052 USA""]","[""Elliott School of International Affairs, George Washington University 807 Philadelphia Ave., Silver Spring, MD 20910 USA"",""George Washington University"",""History Department, George Washington University 801 22nd St. NW, Suite 335, Washington, DC 20052 USA""]",[],[],"[""b6a4149a74302bcf1ac773d69ad16806d75ca55dba231bcd902dd291a3cae5dd"",""d59abaaf29763c954c0f49043416961cca5a736e810da0b125459e647cfbb3ab"",""e299aeb70d156b4427f6af35932f5950b76a69eebc52aff65f1c657bd777ace1""]",2_name_or_qid_with_affiliation_clue,candidate_unreviewed
hnet,classic,38106,Elizabeth Stice,Palm Beach Atlantic University,,unmatched,Colonial Culture in Context: Selling the Congo and Belgian Pro-Empire Propaganda,Selling the Congo:  A History of European Pro-Empire Propaganda and the Making of Belgian Imperialism,Matthew G. Stanard,"January, 2013",https://www.h-net.org/reviews/showrev.php?id=38106,c181fae2366b781b0542a38fc00869060870b3f9ee9b9d555c1de0d50e11808e,0000-0001-5311-7980,name_only,1,[],False,Elizabeth Stice,"[""Palm Beach Atlantic University""]","[""Palm Beach Atlantic University""]",[],[],"[""cf4bd38c12c0f98b2181b19d4a4b2f9f6014a53b04dd0a6a4effb5c30a5bc595""]",2_name_or_qid_with_affiliation_clue,candidate_unreviewed
hnet,classic,57312,Elizabeth Stice,Palm Beach Atlantic University,,unmatched,Citation:,Contact Zones of the First World War: Cultural Encounters across the British Empire,Anna Maguire,"March, 2022",http://www.h-net.org/reviews/showrev.php?id=57312,c207d7034184627f9274e0f5a73157d13ee0c9e4a458e29a491674032001d017,0000-0001-5311-7980,name_only,1,[],False,Elizabeth Stice,"[""Palm Beach Atlantic University""]","[""Palm Beach Atlantic University""]",[],[],"[""cf4bd38c12c0f98b2181b19d4a4b2f9f6014a53b04dd0a6a4effb5c30a5bc595""]",2_name_or_qid_with_affiliation_clue,candidate_unreviewed
hnet,classic,58312,Elizabeth Stice,Palm Beach Atlantic University,,unmatched,Citation:,"Trauma, Religion and Spirituality in Germany during the First World War",Jason Crouthamel,"January, 2023",https://www.h-net.org/reviews/showrev.php?id=58312,e8d8f41d87b6436167017230443a5422699843714d7a43fa946239a4bdc7bb5d,0000-0001-5311-7980,name_only,1,[],False,Elizabeth Stice,"[""Palm Beach Atlantic University""]","[""Palm Beach Atlantic University""]",[],[],"[""cf4bd38c12c0f98b2181b19d4a4b2f9f6014a53b04dd0a6a4effb5c30a5bc595""]",2_name_or_qid_with_affiliation_clue,candidate_unreviewed
hnet,classic,58921,Elizabeth Stice,Palm Beach Atlantic University,,unmatched,Citation:,"Colonial Internationalism and the Governmentality of Empire, 1893-1982",Florian Wagner,"June, 2023",https://www.h-net.org/reviews/showrev.php?id=58921,a735704abde00063b4a1c6ab12d741bfcd090a8dac106a43f011e576005465d8,0000-0001-5311-7980,name_only,1,[],False,Elizabeth Stice,"[""Palm Beach Atlantic University""]","[""Palm Beach Atlantic University""]",[],[],"[""cf4bd38c12c0f98b2181b19d4a4b2f9f6014a53b04dd0a6a4effb5c30a5bc595""]",2_name_or_qid_with_affiliation_clue,candidate_unreviewed
hnet,classic,60633,Elizabeth Stice,Palm Beach Atlantic University,,unmatched,Citation:,"The YMCA in Late Colonial India: Modernization, Philanthropy and American Soft Power in South Asia",Harald Fischer-Tiné,"October, 2024",https://www.h-net.org/reviews/showrev.php?id=60633,1bcc292652fa38062ea5d3328426439541bc7732580603145454a04adcaf78d6,0000-0001-5311-7980,name_only,1,[],False,Elizabeth Stice,"[""Palm Beach Atlantic University""]","[""Palm Beach Atlantic University""]",[],[],"[""cf4bd38c12c0f98b2181b19d4a4b2f9f6014a53b04dd0a6a4effb5c30a5bc595""]",2_name_or_qid_with_affiliation_clue,candidate_unreviewed
hnet,classic,14706,Emily Blanck,"Department of History and Program in American Studies, Rowan University",,unmatched,An Accessible Legal History of Racial Equality,Unfinished Business: Racial Equality in American History,Michael J. Klarman,"July, 2008",http://www.h-net.org/reviews/showrev.php?id=14706,e02fc337205e0d8498e35057450eb28fdaa34a4ce8e21650ecb828609b28ca40,0000-0003-2681-1824,name_only,1,[],False,Emily Blanck,"[""Rowan University ,""]","[""Rowan University ,""]",[],[],"[""1db33167561fbd49c8b6f6c9ecf27dffe0d88af942da47ab136c1cc1b492d50e"",""c1dea0c65b52a0d5b61121ac23199a8265231a47f3d7ad76c2030769526f626f""]",2_name_or_qid_with_affiliation_clue,candidate_unreviewed
hnet,classic,55165,Eugene Miakinkov,Swansea University,,unmatched,Citation:,"The Imperial Russian Army in Peace, War, and Revolution, 1856-1917",Roger R. Reese,"July, 2021",https://www.h-net.org/reviews/showrev.php?id=55165,c8223437bbbd9b9588350cef7dbb029bb200d65ed47f0091db61fe5da334db58,0000-0002-4637-1857,name_only,1,[],False,Eugene Miakinkov,"[""Swansea University""]","[""Swansea University""]",[],[],"[""1cb07fb84bd9a311bd1211a7f997c5a5a3f2eb92a3c4d46e52c3cbe93045c3c9""]",2_name_or_qid_with_affiliation_clue,candidate_unreviewed
hnet,classic,56218,Evan Hepler-Smith,Duke University,,ambiguous,Citation:,"The Chemical Age: How Chemists Fought Famine and Disease, Killed Millions, and Changed Our Relationship with the Earth",Frank A. von Hippel,"August, 2021",https://www.h-net.org/reviews/showrev.php?id=56218,0f9f50c11e6f7776fb94bad4af6844be12c92ef31a2c354823b3797c58b3646c,0000-0002-9245-5488,name_only,1,[],False,Evan Hepler-Smith,"[""Duke University""]","[""Duke University""]",[],[],"[""8f710066e5d27529a2b11c00ba235fd4bfb779de4265b4fee90cf37c94ff0833""]",2_name_or_qid_with_affiliation_clue,candidate_unreviewed
hnet,classic,36271,Evan Roberts,University of Minnesota,,ambiguous,Citation:,Urban Farming in the West: A New Deal Experiment in Subsistence Homesteads,Robert Carriker,"January, 2013",http://www.h-net.org/reviews/showrev.php?id=36271,2beaebb44e290641cbafc1eb98bd42c682e26c85979328441186c8cdcff5ac86,0000-0001-5621-4823,name_only,1,"[""Q47155054""]",False,Evan Roberts,"[""Sociology Department, University of Minnesota, Minneapolis, MN, USA""]","[""Sociology Department, University of Minnesota, Minneapolis, MN, USA""]",[],[],"[""03d77b65de9ebad8017ef45cca096db9d553245a3027fd429cb6c9ee57f2adcc"",""08529da2350c90a880d78c6f145bf8b491b8eab0ff66a0bd0b8ce198d1205980"",""92d842b4c1f1b46fc584ba42aeb55396c379d57e56518385fe06fffc7fcf98fb""]",2_name_or_qid_with_affiliation_clue,candidate_unreviewed
hnet,classic,58542,Evan Roberts,University of Minnesota,,ambiguous,Citation:,Against the Commons: A Radical History of Urban Planning,Álvaro Sevilla-Buitrago,"July, 2023",https://www.h-net.org/reviews/showrev.php?id=58542,7075a284cb1dce5ba9b673a8df46e959d9b2949d5265b62345cfd5f0ea23e9df,0000-0001-5621-4823,name_only,1,"[""Q47155054""]",False,Evan Roberts,"[""Sociology Department, University of Minnesota, Minneapolis, MN, USA""]","[""Sociology Department, University of Minnesota, Minneapolis, MN, USA""]",[],[],"[""03d77b65de9ebad8017ef45cca096db9d553245a3027fd429cb6c9ee57f2adcc"",""08529da2350c90a880d78c6f145bf8b491b8eab0ff66a0bd0b8ce198d1205980"",""92d842b4c1f1b46fc584ba42aeb55396c379d57e56518385fe06fffc7fcf98fb""]",2_name_or_qid_with_affiliation_clue,candidate_unreviewed
hnet,classic,59636,Evan Roberts,University of Minnesota,,ambiguous,Citation:,Remaking the American Dream: The Informal and Formal Transformation of Single-Family Housing Cities,Vinit Mukhija,"June, 2024",https://www.h-net.org/reviews/showrev.php?id=59636,06d7c75bfe9e538e3f1cf6b5b22c9108e8e2ffa9e72a0bd821b32b5f2db7e94f,0000-0001-5621-4823,name_only,1,"[""Q47155054""]",False,Evan Roberts,"[""Sociology Department, University of Minnesota, Minneapolis, MN, USA""]","[""Sociology Department, University of Minnesota, Minneapolis, MN, USA""]",[],[],"[""03d77b65de9ebad8017ef45cca096db9d553245a3027fd429cb6c9ee57f2adcc"",""08529da2350c90a880d78c6f145bf8b491b8eab0ff66a0bd0b8ce198d1205980"",""92d842b4c1f1b46fc584ba42aeb55396c379d57e56518385fe06fffc7fcf98fb""]",2_name_or_qid_with_affiliation_clue,candidate_unreviewed
hnet,classic,61666,Florian Wieser,University of Edinburgh,,unmatched,Citation:,Squanto: A Native Odyssey,Andrew Lipman,"June, 2025",https://www.h-net.org/reviews/showrev.php?id=61666,b00d70181c3b79885219489cdb4e07ddf941914d2f539e897f4f2549e3e9bc58,0009-0008-5482-8782,name_only,1,[],False,Florian Wieser,"[""University of Edinburgh""]","[""University of Edinburgh""]",[],[],"[""ec57383e730561a05810b3bf609d1caf84f88d3b295c9c43808cf1f1d88519da""]",2_name_or_qid_with_affiliation_clue,candidate_unreviewed
hnet,classic,60582,Floris Winckel,Ludwig-Maximilians-University Munich,,unmatched,Leonard Puts the Ice in “Environmental Cr-ice-is”,A Cold Spell: A Human History of Ice,Max Leonard,"April, 2024",https://www.h-net.org/reviews/showrev.php?id=60582,ea0aef467c02553e3d0ee4d1eb3ff5d4a7bede4b8f2cc8c8d347895af5e5486f,0000-0002-4815-3896,name_only,1,[],False,Floris Winckel,"[""Ludwig-Maximilians-University Munich, Germany""]","[""Ludwig-Maximilians-University Munich, Germany""]",[],[],"[""0508ce8d48e3a353ba86bd45b1798149ae7654de10d99293d2b1924a224cd831"",""7b0cf94a90d2a5d942195434ff6bc95d9e20967966cc5f5372f665dd5cc96c57""]",2_name_or_qid_with_affiliation_clue,candidate_unreviewed
hnet,classic,53806,Gary K. Waite,University of New Brunswick,,unmatched,Citation:,"Revolt in the Netherlands: The Eighty Years War, 1568-1648",Anton van der Lem,"September, 2019",https://www.h-net.org/reviews/showrev.php?id=53806,f12dafd3609d8140cec0246137ff76ed9eef310a9c1cebc89a745c6a88fb24f9,0000-0003-4417-0266,name_only,1,[],False,Gary K. Waite,"[""University of New Brunswick Department of History Canada Fredericton, New Brunswick""]","[""University of New Brunswick Department of History Canada Fredericton, New Brunswick""]",[],[],"[""26a22b79a2c1c1e667b9f59fd57d5442cc51c3fdad242b9d8db450080a71b04a"",""ceb89609d417ff0fce05dac08522784c2b929e7d19226b4ef0a0354670dc4f9d"",""ed9b2df21257d280316296f18dd0e15b71ebf906e6b1cb08c1ea267de11dbb94""]",2_name_or_qid_with_affiliation_clue,candidate_unreviewed
hnet,classic,31357,Gayle K. Brunelle,"California State University, Fullerton",,unmatched,Central West Africans in Diaspora,"Central Africans, Atlantic Creoles, and the Foundation of the Americas, 1585-1660","Linda Marinda Heywood, John Kelly Thornton","July, 2011",http://www.h-net.org/reviews/showrev.php?id=31357,5d7661636786980cab62677de55726f3302c85a604c31e93f6ab61218a9abeba,0000-0002-5938-0795,name_only,1,[],False,Gayle K. Brunelle,"[""California State University"",""Fullerton (Emerita), California State University, Fullerton, CA, France""]","[""California State University"",""Carcassonne, France"",""Fullerton (Emerita), California State University, Fullerton, CA, France""]",[],[],"[""4e58775d158c2cc6a20201697a94d93569124f4218179b228e758963e53e1c3a"",""5fa78fb21c30cd7d23cdb2cb3684cd84fd367cbdf39ab153a68c94989603c6e6"",""9e834538ef18e5edd41b05f8bdf9acd3ec5f7ad8264585ab69a7703b9be91897"",""c021fd1f1f5b93a14e2d50044f14b98001dc91760d6b8cb80a2c02795e08a1f6"",""d0d804207b9aca33dabc6cc2d1de08bfc842188c630df42096e7279b936b6ccf""]",2_name_or_qid_with_affiliation_clue,candidate_unreviewed
hnet,classic,56653,Gayle K. Brunelle,"California State University, Fullerton",,unmatched,"Suzanne Desan, Lynn Hunt, William Max Nelson, eds.","The Revolutionary Atlantic: Republican Visions, 1760-1830: A Documentary History","Rafe Blaufarb, ed","December, 2021",http://www.h-net.org/reviews/showrev.php?id=56653,af97da312066dbd7a515ca20a5eff8b3d7392f68cdc8975452b7e989e5ecdb72,0000-0002-5938-0795,name_only,1,[],False,Gayle K. Brunelle,"[""California State University"",""Fullerton (Emerita), California State University, Fullerton, CA, France""]","[""California State University"",""Carcassonne, France"",""Fullerton (Emerita), California State University, Fullerton, CA, France""]",[],[],"[""4e58775d158c2cc6a20201697a94d93569124f4218179b228e758963e53e1c3a"",""5fa78fb21c30cd7d23cdb2cb3684cd84fd367cbdf39ab153a68c94989603c6e6"",""9e834538ef18e5edd41b05f8bdf9acd3ec5f7ad8264585ab69a7703b9be91897"",""c021fd1f1f5b93a14e2d50044f14b98001dc91760d6b8cb80a2c02795e08a1f6"",""d0d804207b9aca33dabc6cc2d1de08bfc842188c630df42096e7279b936b6ccf""]",2_name_or_qid_with_affiliation_clue,candidate_unreviewed
hnet,classic,59818,Gayle K. Brunelle,"California State University, Fullerton",,unmatched,The Global Huguenot Diaspora,The Global Refuge: Huguenots in an Age of Empire,Owen Stanwood,"January, 2025",https://www.h-net.org/reviews/showrev.php?id=59818,a288eede5ce984f7885fab0aaea3a7e58f9746d1830f2efe30c651b045fc8c41,0000-0002-5938-0795,name_only,1,[],False,Gayle K. Brunelle,"[""California State University"",""Fullerton (Emerita), California State University, Fullerton, CA, France""]","[""California State University"",""Carcassonne, France"",""Fullerton (Emerita), California State University, Fullerton, CA, France""]",[],[],"[""4e58775d158c2cc6a20201697a94d93569124f4218179b228e758963e53e1c3a"",""5fa78fb21c30cd7d23cdb2cb3684cd84fd367cbdf39ab153a68c94989603c6e6"",""9e834538ef18e5edd41b05f8bdf9acd3ec5f7ad8264585ab69a7703b9be91897"",""c021fd1f1f5b93a14e2d50044f14b98001dc91760d6b8cb80a2c02795e08a1f6"",""d0d804207b9aca33dabc6cc2d1de08bfc842188c630df42096e7279b936b6ccf""]",2_name_or_qid_with_affiliation_clue,candidate_unreviewed
hnet,classic,8415,Gayle K. Brunelle,"Department of History, California State University, Fullerton",,unmatched,Communications in the French Atlantic,"Chasing Empire across the Sea: Communications and the State in the French Atlantic, 1713-1763",Kenneth J. Banks,"November, 2003",https://www.h-net.org/reviews/showrev.php?id=8415,689aaf92a4fda74825db85b1a5559fd86dcb22b4f46644ff646ffdfff1534d9e,0000-0002-5938-0795,name_only,1,[],False,Gayle K. Brunelle,"[""California State University""]","[""California State University"",""Carcassonne, France"",""Fullerton (Emerita), California State University, Fullerton, CA, France""]",[],[],"[""4e58775d158c2cc6a20201697a94d93569124f4218179b228e758963e53e1c3a"",""5fa78fb21c30cd7d23cdb2cb3684cd84fd367cbdf39ab153a68c94989603c6e6"",""9e834538ef18e5edd41b05f8bdf9acd3ec5f7ad8264585ab69a7703b9be91897"",""c021fd1f1f5b93a14e2d50044f14b98001dc91760d6b8cb80a2c02795e08a1f6"",""d0d804207b9aca33dabc6cc2d1de08bfc842188c630df42096e7279b936b6ccf""]",2_name_or_qid_with_affiliation_clue,candidate_unreviewed
hnet,classic,9732,Gayle K. Brunelle,"Department of History, California State University, Fullerton",,unmatched,Elusive Empire?,"In Search of Empire:  The French in the Americas, 1670-1730",James Pritchard,"August, 2004",https://www.h-net.org/reviews/showrev.php?id=9732,fbee8bfdc758047d4e53bc8e7506b2a477dfd88050fe33cd0fe11b6ef56d66ab,0000-0002-5938-0795,name_only,1,[],False,Gayle K. Brunelle,"[""California State University""]","[""California State University"",""Carcassonne, France"",""Fullerton (Emerita), California State University, Fullerton, CA, France""]",[],[],"[""4e58775d158c2cc6a20201697a94d93569124f4218179b228e758963e53e1c3a"",""5fa78fb21c30cd7d23cdb2cb3684cd84fd367cbdf39ab153a68c94989603c6e6"",""9e834538ef18e5edd41b05f8bdf9acd3ec5f7ad8264585ab69a7703b9be91897"",""c021fd1f1f5b93a14e2d50044f14b98001dc91760d6b8cb80a2c02795e08a1f6"",""d0d804207b9aca33dabc6cc2d1de08bfc842188c630df42096e7279b936b6ccf""]",2_name_or_qid_with_affiliation_clue,candidate_unreviewed
hnet,classic,58610,Glenn Iceton,University of New Brunswick Saint John,,unmatched,Citation:,Wheels on Ice: Stories of Cycling in Alaska,"Jessica Cherry, Frank Soos, eds","November, 2024",https://www.h-net.org/reviews/showrev.php?id=58610,69f349632b506cea52df1fa04abe8f65162cc10f08fcaa6702a38e888164f9ce,0000-0002-2099-6293,name_only,1,[],False,Glenn Iceton,"[""University of New Brunswick Saint John""]","[""University of New Brunswick Saint John""]",[],[],"[""66b7f4e10b7ef2f6448fc488e0dcf6f549d1b7c56f38210a599d668c9ae3e876""]",2_name_or_qid_with_affiliation_clue,candidate_unreviewed
hnet,classic,56734,Gwyn McClelland,University of New England,,unmatched,Citation:,"Gender, Culture, and Disaster in Post-3.11 Japan",Mire Koikari,"March, 2022",https://www.h-net.org/reviews/showrev.php?id=56734,bb709ab9b3e748b8aa0c024da05503d27d49d91f33dc733b32e501e93fdcbac2,0000-0002-6914-2387,name_only,1,[],False,Gwyn McClelland,"[""School of Humanities, Arts, and Social Sciences University of New England, Anaiwan Country  Armidale NSW Australia"",""University of New England, Australia""]","[""School of Humanities, Arts, and Social Sciences University of New England, Anaiwan Country  Armidale NSW Australia"",""University of New England, Australia""]",[],[],"[""a89ee6f00ad43802af75c17f912f345ecad0361b7193bf2f655be4b2086925f5"",""fb7db11de9a4faa27a3efe69df81944d7d4c6375fce7935d056db4034b6ef12e""]",2_name_or_qid_with_affiliation_clue,candidate_unreviewed
hnet,classic,52696,Heather Blurton,"University of California, Santa Barbara",,unmatched,Citation:,The Accommodated Jew: English Antisemitism from Bede to Milton,Kathy Lavezzo,"November, 2018",https://www.h-net.org/reviews/showrev.php?id=52696,3bafb75ed2ad2c60cf9b8930037a43b76f687bad33c962916e721c5c689ff06c,0000-0001-7100-2159,name_only,1,[],False,Heather Blurton,"[""University of California""]","[""University of California""]",[],[],"[""55819038f56896226c2c82a55a94bc8afc1d7cfcbb2ec31b3fed63be1907a42e""]",2_name_or_qid_with_affiliation_clue,candidate_unreviewed
hnet,classic,55078,Heather Blurton,"University of California, Santa Barbara",,unmatched,Citation:,Blood Libel: On the Trail of an Antisemitic Myth,Magda Teter,"May, 2020",https://www.h-net.org/reviews/showrev.php?id=55078,6492eaf3e1de03c567b234655c49ec6d5325d080c1457caab7d1737981acd8a6,0000-0001-7100-2159,name_only,1,[],False,Heather Blurton,"[""University of California""]","[""University of California""]",[],[],"[""55819038f56896226c2c82a55a94bc8afc1d7cfcbb2ec31b3fed63be1907a42e""]",2_name_or_qid_with_affiliation_clue,candidate_unreviewed
hnet,classic,58902,Huaiyu Chen,Arizona State University,,unmatched,Citation:,Temples in the Cliffside: Buddhist Art in Sichuan,Sonya S. Lee,"August, 2023",https://www.h-net.org/reviews/showrev.php?id=58902,be8938a732871e6dc81fa83840e6d5e505d1dcdbc4eb7fa2ad17f4d9982aa14a,0000-0002-4118-3945,name_only,1,[],False,Huaiyu Chen,"[""Arizona State University"",""School of Historical, Philosophical and Religious Studies, Arizona State University, Tempe, AZ, USA""]","[""Arizona State University"",""School of Historical, Philosophical and Religious Studies, Arizona State University, Tempe, AZ, USA""]",[],[],"[""11d0bee9f6ef2973361313e8f02a10fcdecad0b8a48bad2d9fd1c404b1353896"",""1a0c5c108fff537fed9f08ed5a713528017a38718a54c0ead2b6c811eedf37e7"",""350836c6df775d31c7cf67795d7951276d2a28b4f3adae8d04095624e1a6ef9c"",""571b3832dd12a067a76bab3701c7f0b66b970603b849a151748231b5be73eee6""]",2_name_or_qid_with_affiliation_clue,candidate_unreviewed
hnet,classic,52795,Igor Tchoukarine,University of Minnesota,,unmatched,Citation:,Backpack Ambassadors: How Youth Travel Integrated Europe,Richard Ivan Jobs,"July, 2018",https://www.h-net.org/reviews/showrev.php?id=52795,5941d04e0a11a877e584e83f208f451e0040d3a84e6a59a398233998c1bea1b8,0000-0002-6535-9781,name_only,1,[],False,Igor Tchoukarine,"[""Department of History, University of Minnesota, Minneapolis, MN, USA"",""University of Minnesota Twin Cities""]","[""Department of History, University of Minnesota, Minneapolis, MN, USA"",""University of Minnesota Twin Cities""]",[],[],"[""0ca68f7ffaaf99cec479a9c0c8bd921bed9cfe54ca0b54a03855244429e67164"",""8e8241d97d5750ca89cfbb0d3f6ed5a878758507e0cdd2f0f8345cb59006ed59"",""f71845b95dd6deb23daa1807c5e27d40a25b57c56d0ecbd3f48a2f10a71e9615""]",2_name_or_qid_with_affiliation_clue,candidate_unreviewed
hnet,classic,55746,Immanuel R. Harisch,"University of Vienna, Hofburg",,unmatched,Work in Colonial Mozambique,"Bound for Work: Labor, Mobility, and Colonial Rule in Central Mozambique, 1940-1965",Zachary Kagan Guthrie,"June, 2021",https://www.h-net.org/reviews/showrev.php?id=55746,2fd74062b0d72beb9668f0f73cfae194e0da6de03945deb805e5fb081f1d81e6,0000-0002-8521-0933,name_only,1,[],False,Immanuel R. Harisch,"[""University of Vienna""]","[""University of Vienna""]",[],[],"[""4509c8525b86a851236230817c64d6d9dcfc243d409e52691e77c0588c0dcdef"",""be12964106604f53585610c4b6d241fe2ca2e813e664d8035c242b90cfcfa584"",""cc9587be119970e32e869b63ae7ad03731d29ef1e277cf1bfcc3abbebca3b0fd"",""f8b82c20d4898e02ad19fd958226258a3da72c7b7bc0ec834b3de54d0adcf5d8""]",2_name_or_qid_with_affiliation_clue,candidate_unreviewed
hnet,classic,54693,Iryna Skubii,University of Alberta,,unmatched,Gender and Food in the Soviet Union,Seasoned Socialism: Gender and Food in Late Soviet Everyday Life,"Anastasia Lakhtikova, Angela Brintlinger, Irina Glushchenko, eds","April, 2020",https://www.h-net.org/reviews/showrev.php?id=54693,5876ef25e158378781e0ca72e1cd452125cbffee5ff5556a5e5030411aa46301,0000-0001-9349-8933,name_only,1,[],False,Iryna Skubii,"[""Department of Modern Languages and Cultural Studies and Department of History and Classics, University of Alberta, Edmonton, Canada""]","[""Department for UNESCO “Philosophy of Human Communication”, Social and Humanitarian Disciplines, Petro Vasylenko Kharkiv National Technical University of Agriculture, Kharkiv, Ukraine"",""Department of Modern Languages and Cultural Studies and Department of History and Classics, University of Alberta, Edmonton, Canada"",""Queen's University, Canada""]",[],[],"[""01e0ddb76d0ffebe1863926957ddc277926015b92b49692da4d712cd36611672"",""c930a239948ed9ca440b0cfc726e008c3a27f4bd5eb7e29bfce0a526f8a848e4""]",2_name_or_qid_with_affiliation_clue,candidate_unreviewed
hnet,classic,50158,Isabelle Hesse,The University of Sydney,,unmatched,Citation:,The Cambridge Introduction to Travel Writing,Tim Youngs,"February, 2018",https://www.h-net.org/reviews/showrev.php?id=50158,5b6fe20b5bba6dba2283d8afd56c12f15df6aeb6f9eb6335c89bb6b503797c25,0000-0001-7874-1114,name_only,1,[],False,Isabelle Hesse,"[""The University of Sydney""]","[""The University of Sydney""]",[],[],"[""96e3bb215d34f976f8abd58224c4132d54d2853b67ff7e25879b503beabea1e0""]",2_name_or_qid_with_affiliation_clue,candidate_unreviewed
hnet,classic,56654,J M. Wolfe,Louisiana State University,,ambiguous,Citation:,Heavenly Fatherland: German Missionary Culture and Globalization in the Age of Empire,Jeremy Best,"March, 2022",https://www.h-net.org/reviews/showrev.php?id=56654,101cc2482dac3a0032d54ba89f5dee2f7dc5c2f543864fcb1ff844620216a942,0000-0002-1637-853x,name_only,1,[],False,J. M. Wolfe,"[""Louisiana State University ,""]","[""Louisiana State University ,""]",[],[],"[""e2c01584c9d760139251f127621e48080e41e0cb7d594ba8d86312d3285affb1""]",2_name_or_qid_with_affiliation_clue,candidate_unreviewed
hnet,classic,55374,J. Mark Souther,Cleveland State University,,unmatched,J. Mark Souther on Richard Campanella's The West Bank of Greater New Orleans,The West Bank of Greater New Orleans: A Historical Geography,Richard Campanella,"August, 2020",https://www.h-net.org/reviews/showrev.php?id=55374,6d59de30c1308ef24f679d7f8e0fc30dae80cb97dea57f68d299f929db46c272,0000-0001-8090-7056,name_only,1,[],False,J. Mark Souther,"[""Cleveland State University, Cleveland, OH, USA"",""Cleveland State University, OH, USA""]","[""Cleveland State University, Cleveland, OH, USA"",""Cleveland State University, OH, USA""]",[],[],"[""30dbcfa234771aaef7c97d5234403f0bb79e5e58446e2f5d87166b408b6c7695"",""c4491e71e099e83b5c3697b4a094a62d2f81d4e21d9db160d94d88af6c4de178""]",2_name_or_qid_with_affiliation_clue,candidate_unreviewed
hnet,classic,55462,J. Mark Souther,Cleveland State University,,unmatched,Citation:,Cleveland Architecture 1890–1930: Building the City Beautiful,Jeannine deNobel Love,"August, 2020",https://www.h-net.org/reviews/showrev.php?id=55462,39defe91f56f82782e565f11c3f8af20719c29c882a57c8f7d1b5a671b95f87f,0000-0001-8090-7056,name_only,1,[],False,J. Mark Souther,"[""Cleveland State University, Cleveland, OH, USA"",""Cleveland State University, OH, USA""]","[""Cleveland State University, Cleveland, OH, USA"",""Cleveland State University, OH, USA""]",[],[],"[""30dbcfa234771aaef7c97d5234403f0bb79e5e58446e2f5d87166b408b6c7695"",""c4491e71e099e83b5c3697b4a094a62d2f81d4e21d9db160d94d88af6c4de178""]",2_name_or_qid_with_affiliation_clue,candidate_unreviewed
hnet,classic,58270,Jabulani Shaba,Stellenbosch University,,unmatched,Citation:,A Ritual Geology: Gold and Subterranean Knowledge in Savanna West Africa,Robyn D'Avignon,"January, 2024",https://www.h-net.org/reviews/showrev.php?id=58270,ad447aa8bd71b5a6a02c465ebd07617f27575d9a387162758561fa7a1f635cef,0000-0002-9394-4718,name_only,1,[],False,Jabulani Shaba,"[""Stellenbosch University""]","[""Stellenbosch University""]",[],[],"[""c3bb254b6484465b433e67843bb50f1b654090e40be22ea65befa586edcb67c7""]",2_name_or_qid_with_affiliation_clue,candidate_unreviewed
hnet,classic,57778,Jacob Steere-Williams,College of Charleston,,unmatched,Citation:,'I Know Who Caused COVID-19': Pandemics and Xenophobia,"Zhou Xun, Sander L. Gilman","November, 2022",https://www.h-net.org/reviews/showrev.php?id=57778,07c1fdee7583b31f9bada3fb8b8507af64569769482727ff326fa94797c7caff,0000-0001-5109-5546,name_only,1,[],False,Jacob Steere-Williams,"[""College of Charleston""]","[""College of Charleston""]",[],[],"[""cf13e8cf1e711c86374198724bc31a5a4bc0cb160accbc11b9c5dda3141510b0"",""fb53673746eee1e614073d1ad225aa0411f6a46d13c3fcf37f2e05a72fbbf154""]",2_name_or_qid_with_affiliation_clue,candidate_unreviewed
hnet,classic,53367,Jacqueline Holler,University of Northern British Columbia,,unmatched,Selling Sex and Making Gender in Colonial Mexico,Profit and Passion: Transactional Sex in Colonial Mexico,Nicole von Germeten,"September, 2019",http://www.h-net.org/reviews/showrev.php?id=53367,aa7dfa1883e063b945637cbb2b40241b33a1b4a7d9e7501b434f981d99030015,0000-0002-7159-6484,name_only,1,[],False,Jacqueline Holler,"[""Department of History The University of Northern British Columbia  Prince George, British Columbia Canada"",""University of Northern British Columbia Prince George, BC Canada""]","[""Department of History The University of Northern British Columbia  Prince George, British Columbia Canada"",""University of Northern British Columbia Prince George, BC Canada""]",[],[],"[""6e38b1f51ad969ff695e5453407c1d6d229b6b5b8de10def95e3c5cb6eb38628"",""9b9747320f03c72d539aaee7e6e10c17a6eed96407e9ff84a9181eb3706893a3""]",2_name_or_qid_with_affiliation_clue,candidate_unreviewed
hnet,classic,44908,Jamie Melrose,University of Bristol,,unmatched,Socialism: Yesterday and Today,The Socialist Imperative: From Gotha to Now,Michael A. Lebowitz,"February, 2016",http://www.h-net.org/reviews/showrev.php?id=44908,9958f4a821a64af6ca5f05483888faabad39bbc41187a3e81648d89ca5382fbb,0000-0002-5426-2845,name_only,1,[],False,Jamie Melrose,"[""University of Bristol"",""University of Bristol, Bristol, UK""]","[""University of Bristol"",""University of Bristol, Bristol, UK""]",[],[],"[""550f9f104f7eea071554067c6c4a2d07d93eb396ec5fab09f6fd0034472b75cf"",""b852ab45f9793825b986e9c0b7fc90573ad44f8c635a49c806b6207f10f75f03""]",2_name_or_qid_with_affiliation_clue,candidate_unreviewed
hnet,classic,11290,Jason Knirck,"Department of History, Central Washington University",,unmatched,Home Rule as Seen from Westminster,"Controversial Issues in Anglo-Irish Relations, 1910-1921","Cornelius O'Leary, Patrick Maume","December, 2005",https://www.h-net.org/reviews/showrev.php?id=11290,afe311521156820bc8ec959a6ba1cebf5d97da6a15c382cc0d043dfe55338ca0,0000-0003-3268-5748,name_only,1,[],False,Jason Knirck,"[""Central Washington University""]","[""Central Washington University""]",[],[],"[""48bcb398e8580aa1028d1d55fe98be43b6402f8a0b59098089401dd5735f02f9"",""64d8b64eee1d15a5ea14bc4ee4038c5a51e5c477a73387d660e488ef4343ea2f""]",2_name_or_qid_with_affiliation_clue,candidate_unreviewed
hnet,classic,54158,Jason Knirck,Central Washington University,,unmatched,Citation:,"The Partition of Ireland, 1918-1925",Robert John Lynch,"January, 2020",https://www.h-net.org/reviews/showrev.php?id=54158,211982279eb3023297d0229f00e5abb135cfa5dd2b6fa218b5eb2414f7222367,0000-0003-3268-5748,name_only,1,[],False,Jason Knirck,"[""Central Washington University""]","[""Central Washington University""]",[],[],"[""48bcb398e8580aa1028d1d55fe98be43b6402f8a0b59098089401dd5735f02f9"",""64d8b64eee1d15a5ea14bc4ee4038c5a51e5c477a73387d660e488ef4343ea2f""]",2_name_or_qid_with_affiliation_clue,candidate_unreviewed
hnet,classic,60981,Jay Donis,Thiel College,,unmatched,Citation:,Heart of American Darkness: Bewilderment and Horror on the Early Frontier,Robert G. Parkinson,"December, 2024",https://www.h-net.org/reviews/showrev.php?id=60981,fc3bb89b1b62a259f6b7a503fb6139c1703ac0555e914d074e0313afc12e5fb7,0000-0001-6986-768x,name_only,1,[],False,Jay Donis,"[""Thiel College""]","[""Thiel College""]",[],[],"[""f3a95b12d1c6ad2db1c3038dd08d38b57ea2a0fa2c8cba61f80b22a33591c8f5""]",2_name_or_qid_with_affiliation_clue,candidate_unreviewed
hnet,classic,58564,Jay Roszman,University College Cork,,unmatched,Citation:,The Great Famine in Ireland and Britain’s Financial Crisis,Charles Read,"August, 2023",https://www.h-net.org/reviews/showrev.php?id=58564,57dd06897f351c5d5a4deec2cfbb95d7d4225b2e6d564ea41464e93f8f123979,0000-0001-9241-8073,name_only,1,[],False,Jay R Roszman | Jay R. Roszman | Jay Roszman,"[""School of History, University College Cork"",""University College Cork"",""University College Cork ,""]","[""School of History, University College Cork"",""University College Cork"",""University College Cork ,""]",[],[],"[""53bc70c770c655afdf082b254d942c0061ee6c8a7e9af22fcca6d4f3fb1754aa"",""d384195e2f60f3c0835e517a41a59b50579c1954b49c8059b494a9f0316d7340"",""f4ec415e76670930e366dba0cb71250d1850f8a12e551de7b3a6f15fb491f61b""]",2_name_or_qid_with_affiliation_clue,candidate_unreviewed
hnet,classic,25583,Jelena Subotic,"Department of Political Science, Georgia State University",,unmatched,The Promise and Pitfalls of High-Profile Human Rights Trials,Prosecuting Heads of State,"Ellen L. Lutz, Caitlin Reiger, eds","December, 2009",https://www.h-net.org/reviews/showrev.php?id=25583,8684f58b759becba84fb145b7e77f61609bada86efabedef5078299a044062a2,0000-0002-8790-7363,name_only,1,[],False,Jelena Subotic | Jelena Subotić,"[""Georgia State University""]","[""Georgia State University""]",[],[],"[""61af0c5754f729931e9eacff5012c394d5e56b280ec661f3b51bf334751c35c5"",""9e56806d0893aa3aa491bef3af381f3a971bb4f7b7dc029f273293eb0db1fa4e"",""f2e4c7dc88a46db04e3a927cae5a6eaeba1dd305ac38e4713ae051437fb45b7c""]",2_name_or_qid_with_affiliation_clue,candidate_unreviewed
hnet,classic,30174,Jelena Subotic,"Department of Political Science, Georgia State University",,unmatched,The Reality of Compliance with International Criminal Courts,International Criminal Justice and the Politics of Compliance,Christopher K. Lamont,"July, 2010",https://www.h-net.org/reviews/showrev.php?id=30174,8d9091d62eb12beaa77c1a788a0c186b715bf0079ae0de12b20e388ee960c866,0000-0002-8790-7363,name_only,1,[],False,Jelena Subotic | Jelena Subotić,"[""Georgia State University""]","[""Georgia State University""]",[],[],"[""61af0c5754f729931e9eacff5012c394d5e56b280ec661f3b51bf334751c35c5"",""9e56806d0893aa3aa491bef3af381f3a971bb4f7b7dc029f273293eb0db1fa4e"",""f2e4c7dc88a46db04e3a927cae5a6eaeba1dd305ac38e4713ae051437fb45b7c""]",2_name_or_qid_with_affiliation_clue,candidate_unreviewed
hnet,classic,47965,Jennifer Lambe,Brown University,,unmatched,Citation:,Antiracism in Cuba: The Unfinished Revolution,Devyn Spence Benson,"August, 2017",https://www.h-net.org/reviews/showrev.php?id=47965,9c46f07914e474e6b3634d5343a5c9fd11042e066b5d05975513047aa7f1c0c8,0000-0002-8390-2477,name_only,1,[],False,Jennifer Lambe,"[""Brown University"",""Department of History, Brown University , Providence, Rhode Island""]","[""Brown University"",""Department of History, Brown University , Providence, Rhode Island""]",[],[],"[""7d45fdaffcee8c88e11a013612cfc0988802a2eb5e168d6b08657def6c3a1981"",""93b64a0553fab739f2c0663a7d10a5d77f744535ac3d2dccf8d2f78c979ff557"",""d36de786026f39fc86cc0c10b38f94d2fb003a47a5f0e6888a1796b2be6d4b87""]",2_name_or_qid_with_affiliation_clue,candidate_unreviewed
hnet,classic,37081,Joe Merton,The University of Nottingham,,unmatched,Broadening the Cold War Color Line,"Race, Ethnicity, and the Cold War: A Global Perspective",Philip E. Muehlenbeck,"February, 2013",https://www.h-net.org/reviews/showrev.php?id=37081,d9e79f3e32a6497e945f5af8837af99d616c8e4b6e36bcc69ad51ee070871b36,0000-0001-9392-391x,name_only,1,[],False,Joe Merton,"[""University of Nottingham""]","[""University of Nottingham"",""University of Nottingham, Nottingham, UK""]",[],[],"[""69070387eaf0d7cee9c1d538ee46cd4afd6c530773d34ea993e93a67778b39d6"",""6ef630855a7eb6559297a171e8ed380b22ff54e9ecd32642f0c930c9f7db1edf"",""be7eb1280f83d0a12480070aac0279637a1b2916757f5bec9d75f7a987fa7d76""]",2_name_or_qid_with_affiliation_clue,candidate_unreviewed
hnet,classic,45198,John McCarthy,Robert Morris University,,ambiguous,Citation:,Pivotal Pennsylvania: Presidential Politics from FDR to the Twenty-first Century,G. Terry Madonna,"February, 2016",http://www.h-net.org/reviews/showrev.php?id=45198,3663cad7315ce05b6e6eb19e0a0c0bcfcfb22b2a915e971f515240f733ee915d,0009-0006-8524-286x,name_only,1,[],False,John McCarthy,"[""Department of Social Sciences, Robert Morris University, Moon Twp, PA, USA""]","[""Department of Social Sciences, Robert Morris University, Moon Twp, PA, USA""]",[],[],"[""6bf4dfd004334f81d09b652bdc2b2bd609696811b9d8a855fe284f3489b4c935""]",2_name_or_qid_with_affiliation_clue,candidate_unreviewed
hnet,classic,60320,Jonathan Den Hartog,Samford University,,ambiguous,Citation:,The Opening of the Protestant Mind: How Anglo-American Protestants Embraced Religious Liberty,Mark Valeri,"February, 2025",https://www.h-net.org/reviews/showrev.php?id=60320,295b809f2916928f51498ea174bb1d8219229aa323e39555822570c2d40cd5df,0000-0003-3651-6175,name_only,1,[],False,Jonathan Den Hartog,"[""Samford University ,""]","[""Samford University ,""]",[],[],"[""8043c1c39a3ed58ae91c8922feae6b59a8d41a5582f83ed1dd556655659ebed9""]",2_name_or_qid_with_affiliation_clue,candidate_unreviewed
hnet,classic,58259,Jonathan Galka,Harvard University,,unmatched,Citation:,"Soundings and Crossings: Doing Science at Sea, 1800-1970","Katharine Anderson, Helen M. Rozwadowski, eds","September, 2022",https://www.h-net.org/reviews/showrev.php?id=58259,703eb3dea760bca59df24c628653733db07feceb646ff6d0f8e7d232794b40cb,0000-0001-9561-3202,name_only,1,[],False,Jonathan Galka,"[""Harvard University, USA""]","[""Harvard University, USA""]",[],[],"[""37594bfe01d55cc86393a842bada15d46745a478aacce14171a59469356e6510""]",2_name_or_qid_with_affiliation_clue,candidate_unreviewed
hnet,classic,58826,Jonathan Galka,Harvard University,,unmatched,Citation:,Spawning Modern Fish: Transnational Comparison in the Making of Japanese Salmon,Heather Anne Swanson,"June, 2023",https://www.h-net.org/reviews/showrev.php?id=58826,8b9e3ca05f33ec9542660ee43f8a0cd4ceea1c9bbf5d9f97a993cffcafde65b8,0000-0001-9561-3202,name_only,1,[],False,Jonathan Galka,"[""Harvard University, USA""]","[""Harvard University, USA""]",[],[],"[""37594bfe01d55cc86393a842bada15d46745a478aacce14171a59469356e6510""]",2_name_or_qid_with_affiliation_clue,candidate_unreviewed
hnet,classic,59815,Jonathan Galka,Harvard University,,unmatched,Citation:,A Book of Waves,Stefan Helmreich,"February, 2024",https://www.h-net.org/reviews/showrev.php?id=59815,82667dd5bb036bfa1e5b1c208e2095228593e6963cdc133d1c2540babd880575,0000-0001-9561-3202,name_only,1,[],False,Jonathan Galka,"[""Harvard University, USA""]","[""Harvard University, USA""]",[],[],"[""37594bfe01d55cc86393a842bada15d46745a478aacce14171a59469356e6510""]",2_name_or_qid_with_affiliation_clue,candidate_unreviewed
hnet,classic,55292,Joshua Esler,Sheridan Institute of Higher Education,,unmatched,Citation:,Morality and Monastic Revival in Post-Mao Tibet,Jane E. Caple,"August, 2020",https://www.h-net.org/reviews/showrev.php?id=55292,df0ac4235910f745b596f65b77486a708615b3e138a1c6cc175780ef045d99de,0000-0003-3010-1390,name_only,1,[],False,Joshua Esler,"[""Sheridan Institute of Higher Education""]","[""Sheridan Institute of Higher Education""]",[],[],"[""1edb6d3345b087357e9827b46d8c66fbad41e4d072d7dffa18a21ae666520a4c""]",2_name_or_qid_with_affiliation_clue,candidate_unreviewed
hnet,classic,57111,Joshua Esler,Sheridan Institute of Higher Education,,unmatched,Citation:,Sino-Tibetan Buddhism across the Ages,"Ester Bianchi, Weirong Shen, eds","January, 2022",https://www.h-net.org/reviews/showrev.php?id=57111,3cfd6032d1cfcef1071d0df000fd69187366ef12cb678feff1798b818c1129c4,0000-0003-3010-1390,name_only,1,[],False,Joshua Esler,"[""Sheridan Institute of Higher Education""]","[""Sheridan Institute of Higher Education""]",[],[],"[""1edb6d3345b087357e9827b46d8c66fbad41e4d072d7dffa18a21ae666520a4c""]",2_name_or_qid_with_affiliation_clue,candidate_unreviewed
hnet,classic,55450,José Juan Pérez Meléndez,"University of California, Davis",,unmatched,Citation:,A Black Jurist in a Slave Society: Antonio Pereira Rebouças and the Trials of Brazilian Citizenship,Keila Grinberg,"January, 2021",https://www.h-net.org/reviews/showrev.php?id=55450,4b7d0cf5104d14d98cf3758377e0c3cfa5a7b7e5a8ba90dfe156fc00bab17125,0000-0003-1173-1856,name_only,1,[],False,José Juan Pérez Meléndez,"[""University of California , Davis ,""]","[""University of California , Davis ,""]",[],[],"[""1e1fa862b88956826c395101e423568d7d8871ab3a54423dfa576a9aae87b518""]",2_name_or_qid_with_affiliation_clue,candidate_unreviewed
hnet,classic,60359,Joyce Burnette,Wabash College,,unmatched,Citation:,Laboring Mothers: Reproducing Women And Work in the Eighteenth Century,Ellen Malenas Ledoux,"August, 2024",https://www.h-net.org/reviews/showrev.php?id=60359,3c59b1a8a8457f853745a0650945f8d81ca15aedfc4080224f9220faf0a1effa,0000-0002-1491-4300,name_only,1,[],False,Joyce Burnette,"[""Department of Economics Wabash College"",""Department of Economics, Wabash College, Crawfordsville, IN, USA""]","[""Department of Economics Wabash College"",""Department of Economics, Wabash College, Crawfordsville, IN, USA""]",[],[],"[""28a8c1c04d76c6da1c2256686ce138bde6a948995dc196f05c230856bc4b988a"",""7db3489133008d9c1a5aa81abb5d2f14e21f41c04a720d351afc1a8338a30ec3"",""e93c05b4357d7da20e737d084b480488464e926ba358ecdabb0745f20354cbba""]",2_name_or_qid_with_affiliation_clue,candidate_unreviewed
hnet,classic,60776,Jules Skotnes-Brown,University of St. Andrews,,unmatched,Citation:,"Environing Empire: Nature, Infrastructure, and the Making of German Southwest Africa",Martin Kalb,"October, 2024",https://www.h-net.org/reviews/showrev.php?id=60776,92756b6f4c1341912cc81388eb7665fb03bb0c8e2ad3f457a7d4cec2a19d5518,0000-0003-4072-0785,name_only,1,[],False,JULES SKOTNES-BROWN | Jules Skotnes-Brown,"[""University of St Andrews"",""University of St Andrews , Scotland"",""University of St Andrews , Scotland ,"",""University of St Andrews , Scotland,""]","[""Department of History, University of Liverpool , Liverpool ,"",""University of St Andrews"",""University of St Andrews , Scotland"",""University of St Andrews , Scotland ,"",""University of St Andrews , Scotland,""]",[],[],"[""04e50d6091e5a13979244be513d346b4714b1b1aaba1ea4dc601d21a1d083ae8"",""3242aa8feecaf3a9185b20f0797477ccf1315f16aee8945a88e5ebe1017d58d7"",""3e5d0707247f89e8026f0babfdcf2af2b682bf1b6fe06d8f42ee028cb6133dfe"",""856cfdc1af6d65300351408fea72c38af18e44b26b432f433b5ff8fb78ff8a7a"",""90dac0d07e15d4af8153226c90818bb4ccc7f433125e00571a6f30a066ec5294"",""b9b8c05b04b7ebe2cc34972cb93385823f381e560666eba00f224a1eae7295bd"",""dc9a91a9af02b8570796a0e94170376f46e2ea86a033e53c6f5efeea8adca108""]",2_name_or_qid_with_affiliation_clue,candidate_unreviewed
hnet,classic,25141,Karen Racine,University of Guelph,,unmatched,Everything Old Is New Again,Toussaint's Clause: The Founding Fathers and the Haitian Revolution,Gordon S. Brown,"November, 2010",http://www.h-net.org/reviews/showrev.php?id=25141,93335d48051008ebf6db2643c7bf8ed02bdc71f9d82dba6a7248127a192b9e3d,0000-0001-8879-2927,name_only,1,[],False,Karen Racine,"[""University of Guelph""]","[""University of Guelph""]",[],[],"[""12d47f8d180590610fd2f801286be68f4feb669fdd0d5b3b212fbbb585c39a8d"",""eee536a4c513951455240b2d686793a0454f2a6200ab0c7a434906565d102bc5""]",2_name_or_qid_with_affiliation_clue,candidate_unreviewed
hnet,classic,31909,Karen Racine,University of Guelph,,unmatched,West Floridians' Frontier Pragmatism,"Atlantic Loyalties: Americans in Spanish West Florida, 1785-1810",Andrew McMichael,"February, 2014",http://www.h-net.org/reviews/showrev.php?id=31909,4310d189dcd67ce5c39f23cc4c297ee3b6266655f2f8ae45697f7974b0a409e4,0000-0001-8879-2927,name_only,1,[],False,Karen Racine,"[""University of Guelph""]","[""University of Guelph""]",[],[],"[""12d47f8d180590610fd2f801286be68f4feb669fdd0d5b3b212fbbb585c39a8d"",""eee536a4c513951455240b2d686793a0454f2a6200ab0c7a434906565d102bc5""]",2_name_or_qid_with_affiliation_clue,candidate_unreviewed
hnet,classic,47421,Kate Davison,University of Melbourne,,unmatched,Citation:,"Hoover's War on Gays: Exposing the FBI's ""Sex Deviates"" Program",Douglas M. Charles,"July, 2018",https://www.h-net.org/reviews/showrev.php?id=47421,8d2c195ff73cb5a04e4f2a5d2d4fd98d013ae9ba148a98c2d7a91cdffc2ac870,0000-0002-4931-6124,name_only,1,[],False,Kate Davison,"[""University of Melbourne, Australia""]","[""University of Melbourne, Australia""]",[],[],"[""128fef583efbe443f9de7813aaab7c185dbe0bea983ded46a002f19d8a3a366d""]",2_name_or_qid_with_affiliation_clue,candidate_unreviewed
hnet,classic,43326,Kate Ferris,University of St. Andrews,,unmatched,"Paul Ginsborg, Family Politics: Domestic Life, Devastation and Survival, 1900-1950","Family Politics: Domestic Life, Devastation and Survival, 1900-1950",Paul Ginsborg,"June, 2015",http://www.h-net.org/reviews/showrev.php?id=43326,02161a110fa0a91599de8f05a6c0fdf6e224e5840dcd1b5e0ab4710fa94ca1c4,0000-0002-3707-5618,name_only,1,[],False,Kate Ferris,"[""University of St Andrews""]","[""University of St Andrews""]",[],[],"[""2fef7aba5a539a6f6167c6d64a191dd90bd037be265ed437ae17111377d50218""]",2_name_or_qid_with_affiliation_clue,candidate_unreviewed
hnet,classic,55319,Katharina Steiner,University of Geneva,,unmatched,Citation:,Luminous Creatures: The History and Science of Light Production in Living Organisms,Michel Anctil,"December, 2022",https://www.h-net.org/reviews/showrev.php?id=55319,7b0a95c8994222411a330477d5e1909c9b1e4d51adb99a0d8e168d3a6d748fcb,0000-0001-8420-3101,name_only,1,[],False,Katharina Steiner,"[""University of Geneva""]","[""University of Geneva""]",[],[],"[""6e808d39e9bb233e270f390590bb845fb393728089ae485f94b1c6fd60f60c85""]",2_name_or_qid_with_affiliation_clue,candidate_unreviewed
hnet,classic,4754,Kathryn Statler,"Department of History, University of San Diego",,unmatched,A Very Brief Cold War Respite,Cold War Respite: The Geneva Summit of 1955,"Gunter Bischof, Saki Dockrill, eds","December, 2000",https://www.h-net.org/reviews/showrev.php?id=4754,23b1e7de412652c626193ddb50197ea3e0c8dfd833002bd0df37a147cd80270e,0009-0007-1727-3274,name_only,1,[],False,Kathryn Statler,"[""University of San Diego""]","[""University of San Diego""]",[],[],"[""aa568b3633fc31584aca25fca4579f2035ad1ee14ac794eab584f0a8914e0e31""]",2_name_or_qid_with_affiliation_clue,candidate_unreviewed
hnet,classic,53581,Keegan Boyar,University of Chicago,,unmatched,Citation:,"The Mexican Press and Civil Society, 1940-1976: Stories from the Newsroom, Stories from the Street",Benjamin T. Smith,"April, 2019",https://www.h-net.org/reviews/showrev.php?id=53581,1d86c9b949a3869d164226175d2c224e4c0f2109c1cc513b1bbf787d399ec0f9,0009-0002-4586-5086,name_only,1,[],False,Keegan Boyar,"[""University of Chicago , US"",""University of Chicago, Chicago, IL, USA""]","[""University of Chicago , US"",""University of Chicago, Chicago, IL, USA""]",[],[],"[""564c4a1a90ecf049d81b93a0a17efc3741fe3395af066be8f4c075a368611332"",""9f8256fe3f308c6c2a3a6532f8d8a168a40b06939f3f151c1295a9fbc25c2098""]",2_name_or_qid_with_affiliation_clue,candidate_unreviewed
hnet,classic,46347,Kenneth Morgan,Brunel University London,,ambiguous,Citation:,Governing the Sea in the Early Modern Era: Essays in Honor of Robert C. Ritchie,"Carole Shammas, Peter  Mancall, eds","July, 2016",http://www.h-net.org/reviews/showrev.php?id=46347,525448d9fc862bb96e03309df497bc1e7fbf7d7405299aee6a1fec6d48206d8e,0000-0003-0326-6042,name_only,1,[],False,Kenneth Morgan,"[""Brunel University London, UK""]","[""Brunel University London, UK"",""Brunel University of London, UK"",""University of Bristol, UK""]",[],[],"[""205ebf2e34fc6e049f75a28f386f095a7f4d0dceac5d8a7d12d349c68a30ad14"",""6e724f9c87f512e540ba97b74d88a1f96a8a4ed9e60c77acd536f759a81ebafe""]",2_name_or_qid_with_affiliation_clue,candidate_unreviewed
hnet,classic,60602,Kenneth Morgan,Brunel University London,,ambiguous,Citation:,Traders in Men: Merchants and the Transformation of the Transatlantic Slave Trade,Nicholas Radburn,"December, 2024",https://www.h-net.org/reviews/showrev.php?id=60602,e255a0b030ddb7d95db0e789c834c83a12604a6ec3ddf43de0255d8935d19e30,0000-0003-0326-6042,name_only,1,[],False,Kenneth Morgan,"[""Brunel University London, UK""]","[""Brunel University London, UK"",""Brunel University of London, UK"",""University of Bristol, UK""]",[],[],"[""205ebf2e34fc6e049f75a28f386f095a7f4d0dceac5d8a7d12d349c68a30ad14"",""6e724f9c87f512e540ba97b74d88a1f96a8a4ed9e60c77acd536f759a81ebafe""]",2_name_or_qid_with_affiliation_clue,candidate_unreviewed
hnet,classic,58123,Koyna Tomar,University of Pennsylvania,,unmatched,Citation:,Colonizing Animals: Interspecies Empire in Myanmar,Jonathan Saha,"February, 2023",https://www.h-net.org/reviews/showrev.php?id=58123,5f7ba478919b0086a87c54805cc136a9f33f3efceaec74f285c567c2a92881c2,0000-0003-2037-1354,name_only,1,[],False,Koyna Tomar,"[""University of Pennsylvania""]","[""University of Pennsylvania""]",[],[],"[""a47f0b0c035e944aad699e32e7dab87e1522c527aeb05776e74748966af24ac2""]",2_name_or_qid_with_affiliation_clue,candidate_unreviewed
hnet,classic,61470,Kristin Brig-Ortiz,Washington University in St. Louis,,unmatched,Citation:,Water in World History,Ellen F. Arnold,"February, 2025",https://www.h-net.org/reviews/showrev.php?id=61470,cf1bcdb86328a5b4bfe41ac2d766482340cc2c292d8c69c2c8b306bc54bf7f41,0000-0002-4170-3859,name_only,1,[],False,KRISTIN BRIG-ORTIZ | Kristin Brig-Ortiz,"[""Washington University in St Louis"",""Washington University in St. Louis""]","[""Washington University in St Louis"",""Washington University in St. Louis""]",[],[],"[""00a4040dda4eb5beae7f04a262437cb7f2909126f33c7cd0d0458dc5fdc720c4"",""7736fb080697f883a92cdedbbb0d97a1cd5c3d6f926d985e835169825d7e39f2""]",2_name_or_qid_with_affiliation_clue,candidate_unreviewed
hnet,classic,62203,Kristin Brig-Ortiz,Washington University in St. Louis,,unmatched,Citation:,Ecologies of Disease Control: Spaces of Health Security in Historical Perspective,"Carolin Mezes, Sven Opitz, Andrea Wiegeshoff, eds","November, 2025",https://www.h-net.org/reviews/showrev.php?id=62203,920eae16dbf282cf199940f83fd2552ee2f593855ab46922d766903b013a806f,0000-0002-4170-3859,name_only,1,[],False,KRISTIN BRIG-ORTIZ | Kristin Brig-Ortiz,"[""Washington University in St Louis"",""Washington University in St. Louis""]","[""Washington University in St Louis"",""Washington University in St. Louis""]",[],[],"[""00a4040dda4eb5beae7f04a262437cb7f2909126f33c7cd0d0458dc5fdc720c4"",""7736fb080697f883a92cdedbbb0d97a1cd5c3d6f926d985e835169825d7e39f2""]",2_name_or_qid_with_affiliation_clue,candidate_unreviewed
hnet,classic,61287,Leo Chu,University of New South Wales,,unmatched,Citation:,China's Camel Country: Livestock and Nation-Building at a Pastoral Frontier,Thomas White,"February, 2025",https://www.h-net.org/reviews/showrev.php?id=61287,2d336e4e71baf4a78a2fbff1e1b9c120b4352232cca7fdde5c77df91ca2c3309,0000-0001-7017-6341,name_only,1,[],False,Leo Chu,"[""Laureate Centre for History & Population, University of New South Wales"",""Laureate Centre for History and Population, School of Humanities &amp; Languages, University of New South Wales - Kensington Campus, Sydney, NSW, Australia"",""University of New South Wales"",""University of New South Wales, Kensington, New South Wales, Australia""]","[""Laureate Centre for History & Population, University of New South Wales"",""Laureate Centre for History and Population, School of Humanities &amp; Languages, University of New South Wales - Kensington Campus, Sydney, NSW, Australia"",""The University of British Columbia, Vancouver, British Columbia, Canada"",""University of New South Wales"",""University of New South Wales, Kensington, New South Wales, Australia""]",[],[],"[""7feed0e7e304480f6b95c483fb3fd168bf6f1e0af9edacf3ab75a7ba9f9c3686"",""995f73647e04d2f2ca6f3a4d2754040f767d6dac0f82d0aa5e5a41ceef78201b"",""a91ebe50bc459e08df7f98fefc3b049e5f8c843c2e6f107b6aeb07297e47c1c2"",""b8b4b486dbdc257fa019ba93078c29e8f3d1b699c73a1b2c72793d2e7a3175f3"",""ffcdfd28a2341c630cd018c182d8732279e21fc133e7e139b43f71b3ed7f4846""]",2_name_or_qid_with_affiliation_clue,candidate_unreviewed
hnet,classic,57710,Libby O'Neil,Yale University,,unmatched,Citation:,Intervolution: Smart Bodies Smart Things,Mark C. Taylor,"June, 2022",https://www.h-net.org/reviews/showrev.php?id=57710,da4e8fbed490e1e5d2abf2e92f41823b79ab11fbfcd50cd1b1e0c5149c1f9bc3,0009-0007-6789-495x,name_only,1,[],False,Libby O'Neil | Libby O’Neil,"[""Program in the History of Science and Medicine Yale University New Haven Connecticut USA"",""Yale University, USA""]","[""Program in the History of Science and Medicine Yale University New Haven Connecticut USA"",""Yale University, USA""]",[],[],"[""5a6c954cb622a66e6843fbdc73f5456e3330cc42992269ee88516a1f6bc45edb"",""63e85935f7df05f31786d49373bbf315e5adfa65bea3b026291db073c0e82925""]",2_name_or_qid_with_affiliation_clue,candidate_unreviewed
hnet,classic,56326,Luke Ritter,New Mexico Highlands University,,unmatched,Citation:,Commonwealth of Compromise: Civil War Commemoration in Missouri,Amy Laurel Fluker,"June, 2021",https://www.h-net.org/reviews/showrev.php?id=56326,88c1373f71b7708bd85ad67953267ffe8e1096d6bcf8ffca6a3e153ae160f6e3,0000-0003-3008-2687,name_only,1,[],False,Luke Ritter,"[""New Mexico Highlands University""]","[""Department of History and Philosophy, Troy University, Troy, AL, USA"",""New Mexico Highlands University""]",[],[],"[""5c687300aeb4683b69bf91471ae0ef42d41534a0176b4b2930f10b8a160a7ff6"",""5e1b6977e7e22d33fcc92832ce478e8e7343b2324cebfc4634eb74da2a1cd9f4"",""ffcf9df02e02070a2586f754ff5a6387a0faf054f2bc3b8cfed2c097f3ec882a""]",2_name_or_qid_with_affiliation_clue,candidate_unreviewed
hnet,classic,56533,Luke Ritter,New Mexico Highlands University,,unmatched,Citation:,West of Slavery: The Southern Dream of a Transcontinental Empire,Kevin Waite,"September, 2021",https://www.h-net.org/reviews/showrev.php?id=56533,18a3d2bad98676128a8ea896565caa63c9a9a58c77a96c32a5c8edf971d880e1,0000-0003-3008-2687,name_only,1,[],False,Luke Ritter,"[""New Mexico Highlands University""]","[""Department of History and Philosophy, Troy University, Troy, AL, USA"",""New Mexico Highlands University""]",[],[],"[""5c687300aeb4683b69bf91471ae0ef42d41534a0176b4b2930f10b8a160a7ff6"",""5e1b6977e7e22d33fcc92832ce478e8e7343b2324cebfc4634eb74da2a1cd9f4"",""ffcf9df02e02070a2586f754ff5a6387a0faf054f2bc3b8cfed2c097f3ec882a""]",2_name_or_qid_with_affiliation_clue,candidate_unreviewed
hnet,classic,60760,Luvuyo Wotshela,"National Heritage and Cultural Studies Centre, University of Fort Hare",,unmatched,Citation:,Bantu Authorities: Apartheid's System of Race and Ethnicity,Veronica Ehrenreich-Risner,"October, 2024",https://www.h-net.org/reviews/showrev.php?id=60760,67aeefce2df5e3e2290e40cb065b51ffe15716e4cfa940742cbe5a0cd67e0dae,0009-0002-9998-7433,name_only,1,[],False,Luvuyo Wotshela,"[""University of Fort Hare""]","[""University of Fort Hare""]",[],[],"[""548bfd67169b6f2808dd3d2155c6ae4ee9f909fd540d7fd70e0ce5e9407a615e"",""b2b5b547a989c07fb2779161b2eefd5b2c440d5a8a0431c743e72ffbebd050a9""]",2_name_or_qid_with_affiliation_clue,candidate_unreviewed
hnet,email,62816,Lydia Willsky-Ciollo,Fairfield University,,unmatched,,"Climate Justice, Climate Hope: Building Moral Economy","MALCOM, MICHAEL; MOHAUPT, ABBY","August, 2026",https://www.h-net.org/reviews/showrev.php?id=62816,d1b4365e470d61cb9da98099f6d3802c57e2fee2cd4273feb4fd1c461ef57186,0000-0001-9310-771x,name_only,1,[],False,Lydia Willsky‐Ciollo,"[""Fairfield University""]","[""Fairfield University""]",[],[],"[""9efb65c83239b194b07f65af7ba3f90954d0c01e0ee793c2aeda50c7b366efda""]",2_name_or_qid_with_affiliation_clue,candidate_unreviewed
hnet,email,62488,Marco Panato,University of Nottingham,,unmatched,,"Weeds and the Carolingians Empire, Culture, and Nature in Frankish Europe, AD 750–900","SQUATRITI, PAOLO","May, 2026",https://www.h-net.org/reviews/showrev.php?id=62488,8ed49b3508d74f32dface845ff1a58d4d462b7997ef06edf2706315cf89393bf,0000-0001-5365-5746,name_only,1,[],False,Marco Panato,"[""University of Nottingham""]","[""University of Nottingham""]",[],[],"[""38fd541b9e0073d588754e82f7b01439a2d666299ccde66901f7920a773f0b4d"",""dc57091a6ddbf914af146d6b4688fc0d10a7a68fc67e62cabcff5cac486c2752""]",2_name_or_qid_with_affiliation_clue,candidate_unreviewed
hnet,classic,37981,Maria Diemling,Canterbury Christ Church University,,unmatched,"A ""difficult earthly life"": Anthonius Margaritha and Jewish Conversion in Sixteenth-Century Germany",Anthonius Margaritha and the Jewish Faith: Jewish Life and Conversion in Sixteenth-Century Germany,Michael T. Walton,"July, 2013",http://www.h-net.org/reviews/showrev.php?id=37981,46e94534f47483b5f6e6fd5add572b030bd7a5c3d0c9ef4b13930173f51accca,0000-0003-4717-4748,name_only,1,[],False,Maria Diemling,"[""Canterbury Christ Church University""]","[""Canterbury Christ Church University""]",[],[],"[""2610920ba37b86a265767c74c0d410eb60e727e9b14f1a8a409d369ee66c2321""]",2_name_or_qid_with_affiliation_clue,candidate_unreviewed
hnet,classic,24368,Matthew G. Stanard,Berry College,,unmatched,Death on the Nile,Napoleon's Egypt: Invading the Middle East,Juan Cole,"June, 2009",http://www.h-net.org/reviews/showrev.php?id=24368,9db35f6be27873335b7a1be423becbf541ef070dd40b87a3e2d072fb0005f64f,0000-0002-6147-0933,name_only,1,[],False,Matthew G Stanard,"[""Berry College , Mount Berry, GA ,""]","[""Berry College , Mount Berry, GA ,""]",[],[],"[""2ff63e7372f8290d6d6f513ef25a6d8d17ac07c08970706bafd7c39c9a7d0b72""]",2_name_or_qid_with_affiliation_clue,candidate_unreviewed
hnet,classic,36185,Matthew G. Stanard,Berry College,,unmatched,"""Where elephants fight the grass is trampled""",Dancing in the Glory of Monsters: The Collapse of the Congo and the Great War of Africa,Jason Stearns,"June, 2012",https://www.h-net.org/reviews/showrev.php?id=36185,e472cc4b0956a8d4e704dbd11d1fd30a5e38c54cc3b46df43837703effeb568e,0000-0002-6147-0933,name_only,1,[],False,Matthew G Stanard,"[""Berry College , Mount Berry, GA ,""]","[""Berry College , Mount Berry, GA ,""]",[],[],"[""2ff63e7372f8290d6d6f513ef25a6d8d17ac07c08970706bafd7c39c9a7d0b72""]",2_name_or_qid_with_affiliation_clue,candidate_unreviewed
hnet,classic,44743,Matthew G. Stanard,Berry College,,unmatched,Citation:,Imperialism Past and Present,"Emanuele Saccarelli, Latha Varadarajan","December, 2015",https://www.h-net.org/reviews/showrev.php?id=44743,319b3681eb5f541a8d49b0a1265a841e702f46eccbd9e985bb9ff2ce19f92261,0000-0002-6147-0933,name_only,1,[],False,Matthew G Stanard,"[""Berry College , Mount Berry, GA ,""]","[""Berry College , Mount Berry, GA ,""]",[],[],"[""2ff63e7372f8290d6d6f513ef25a6d8d17ac07c08970706bafd7c39c9a7d0b72""]",2_name_or_qid_with_affiliation_clue,candidate_unreviewed
hnet,classic,50705,Matthew G. Stanard,Berry College,,unmatched,Citation:,"European Elites and Ideas of Empire, 1917-1957",Dina Gusejnova,"November, 2017",https://www.h-net.org/reviews/showrev.php?id=50705,f3c6a043c69ff3becef589aad93a00f5b5ef08393bf22bc2cda88129c5a62437,0000-0002-6147-0933,name_only,1,[],False,Matthew G Stanard,"[""Berry College , Mount Berry, GA ,""]","[""Berry College , Mount Berry, GA ,""]",[],[],"[""2ff63e7372f8290d6d6f513ef25a6d8d17ac07c08970706bafd7c39c9a7d0b72""]",2_name_or_qid_with_affiliation_clue,candidate_unreviewed
hnet,classic,58725,Matthew G. Stanard,Berry College,,unmatched,Citation:,The Assassination of Lumumba,Ludo De Witte,"March, 2023",https://www.h-net.org/reviews/showrev.php?id=58725,5340b47209880e3c7ae68e90569212a2f964254d2c3cd00cf9e108cfd16748d9,0000-0002-6147-0933,name_only,1,[],False,Matthew G Stanard,"[""Berry College , Mount Berry, GA ,""]","[""Berry College , Mount Berry, GA ,""]",[],[],"[""2ff63e7372f8290d6d6f513ef25a6d8d17ac07c08970706bafd7c39c9a7d0b72""]",2_name_or_qid_with_affiliation_clue,candidate_unreviewed
hnet,classic,57982,Matthew Lowenstein,Stanford University,,unmatched,Citation:,The Huawei Model: The Rise of China's Technology Giant (The Geopolitics of Information),Yun Wen,"October, 2022",https://www.h-net.org/reviews/showrev.php?id=57982,26812665129492490b2d29a3376ce2ef1d12e8b090d6e1dde50ee6485dc130c5,0000-0001-6031-0367,name_only,1,[],False,Matthew Lowenstein,"[""Hoover Institution Stanford University"",""Hoover Institution, Stanford University""]","[""Hoover Institution Stanford University"",""Hoover Institution, Stanford University""]",[],[],"[""6eb0ba277487fa297c05a1267bd356d27577bee6389cfa92adbcc7c481c5b87d"",""b2dbfad8fdd1088a37203d2a6b16c61b14056ce7986c0aef4a16d58e67ae6429""]",2_name_or_qid_with_affiliation_clue,candidate_unreviewed
hnet,classic,60513,Matthew Neufeld,University of Saskatchewan,,unmatched,Citation:,Tempest: The Royal Navy and the Age of Revolutions,James Davey,"May, 2024",https://www.h-net.org/reviews/showrev.php?id=60513,bea3d8338a559bb300230b3f1f022ac8da4000d99991a8b77989da8e4ee504bd,0000-0003-2706-1746,name_only,1,[],False,Matthew Neufeld,"[""Department of History, University of Saskatchewan""]","[""Department of History, University of Saskatchewan""]",[],[],"[""8d5f911904a3631e28b5aeb74b8d4919c9f3b0f9e3cfe7a2c9bdb5890f484d53"",""be35c39d1371204e9ed1eb032b64e4767e6d58d03868f8c9109c10446d1b382c""]",2_name_or_qid_with_affiliation_clue,candidate_unreviewed
hnet,classic,57508,Matthew Shutzer,"University of California, Berkeley",,unmatched,Citation:,"Living with Oil and Coal: Resource Politics and Militarization in Northeast India (Culture, Place, and Nature)",Dolly Kikon,"July, 2022",https://www.h-net.org/reviews/showrev.php?id=57508,90ce1bece2f45b495ae2f73430704e007f142f507adb7e97f0f208bfb6531c88,0000-0003-3392-849x,name_only,1,[],False,Matthew Shutzer,"[""Department of Geography University of California  Berkeley California USA"",""University of California , Berkeley, USA""]","[""Department of Geography University of California  Berkeley California USA"",""University of California , Berkeley, USA""]",[],[],"[""8afb0fa6b8926665c9b43c9ce2bfb01e256855bb66b8847651064ccedbc9afdf"",""e7b14da9000f92e1eb10b9c559039879ad4c924d8fb97d7ab50a0224364bcb76""]",2_name_or_qid_with_affiliation_clue,candidate_unreviewed
hnet,classic,57734,Micah S. Muscolino,"University of California, San Diego",,unmatched,Citation:,"Touring China: A History of Travel Culture, 1912–1949",Yajun Mo,"August, 2022",https://www.h-net.org/reviews/showrev.php?id=57734,b7bd0aab9acc397db855ec5deb924587a7c443caf94e91b00aa1d1c49ad969d0,0000-0002-8816-9729,name_only,1,[],False,Micah Muscolino | Micah S Muscolino | Micah S. Muscolino,"[""University of California San Diego , USA"",""University of California, San Diego""]","[""University of California San Diego , USA"",""University of California, San Diego""]",[],[],"[""370d48b17bb9ba6936e74c7896281f834ebb241418cc2753428640c0dedee080"",""50c776f38889f9b9560e0ecea6769d30ca1559f0337354deefbb9532f4dbf063"",""6600496f7186ba681aa81be15b466ae3fb889bf51d36272c9cd8ba9b8b654c22""]",2_name_or_qid_with_affiliation_clue,candidate_unreviewed
hnet,classic,57172,Michael Childers,Colorado State University,,unmatched,Citation:,The Grand Teton Reader,"Robert W. Righter, ed","January, 2022",https://www.h-net.org/reviews/showrev.php?id=57172,e38d24f515d10de676d624165aaea06bfbb440b6a9204222a9d64a2629979b9c,0000-0002-0763-6138,name_only,1,[],False,Michael Childers,"[""Colorado State University ,"",""Colorado State University Fort Collins , Colorado,""]","[""Colorado State University ,"",""Colorado State University Fort Collins , Colorado,""]",[],[],"[""489cbc23de33075f545d2d2f64c0130f0e6b07e58d2efa6717dbcf69b629d73f"",""a2694d0bf422b6ea4ecc3773671a2d0a1a09512c079e2941b08e72db5f65b254""]",2_name_or_qid_with_affiliation_clue,candidate_unreviewed
hnet,classic,44205,Michael Franczak,Boston College,,unmatched,Citation:,"Ordering Independence: The End of Empire in the Anglophone Caribbean, 1947-69",Spencer Mawby,"June, 2015",https://www.h-net.org/reviews/showrev.php?id=44205,ffa1b4f8572ead0e7bd9a85c6fbfada6c1878ba86e8da39acd0695194ed8bf1b,0000-0001-9245-5595,name_only,1,[],False,Michael Franczak,"[""Department of History, Boston College, Chestnut Hill, USA""]","[""Department of History, Boston College, Chestnut Hill, USA""]",[],[],"[""b8ad86250daaac831c0d3f349d5433a7f8b30c09377d0abdbcc0ca2762096b82""]",2_name_or_qid_with_affiliation_clue,candidate_unreviewed
reviews_in_history,reviews_in_history,2151,Michael Robinson,University of Liverpool,,ambiguous,Reviews in History,Reviews in History,,,https://reviews.history.ac.uk/review/2151/,bbcdf1c5f822cceb49e57d73eb36bd803e449ec0fe5faed10361a46cd2cb603c,0000-0001-6835-0603,name_only,1,[],False,Michael Robinson,"[""University of Liverpool, Liverpool, UK""]","[""University of Birmingham"",""University of Liverpool, Liverpool, UK""]",[],[],"[""3ed95488342002a107ad57279f00378ee9780fe7171e2d1a9b91ab7eafb726fd"",""92cdb5eed34b3c4cd881aa45fa1ab8291db5c3442a1dd7e79af03536a98fb18e""]",2_name_or_qid_with_affiliation_clue,candidate_unreviewed
hnet,classic,60292,Michelle Damian,University of Wisconsin-Whitewater,,unmatched,Citation:,Reading Medieval Ruins: Urban Life and Destruction in Sixteenth-Century Japan,Morgan Pitelka,"October, 2024",https://www.h-net.org/reviews/showrev.php?id=60292,c4836d2a2c4d63e2ec61b0a856abdf8853e8bdd7820f064cc56f4f13fa1b3d24,0000-0001-8213-7198,name_only,1,[],False,Michelle Damian | Michelle M. Damian,"[""University of Wisconsin-Whitewater, USA"",""University of Wisconsin–Whitewater ,"",""University of Wisconsin–Whitewater , USA""]","[""University of Wisconsin-Whitewater, USA"",""University of Wisconsin–Whitewater ,"",""University of Wisconsin–Whitewater , USA""]",[],[],"[""4acceb7186023b5566647ce8e7c799117c3cadd4d4b203db7868f140aec7e3dc"",""7c3aac8eee28a94f1d732e629912560cbc503ec937e46ef5f686210ceb12e9d8"",""864e519116d68525554c6c04a8522b6ef195dcc90353288ce65a2124ac081e1a""]",2_name_or_qid_with_affiliation_clue,candidate_unreviewed
hnet,classic,60031,Michiel Bron,Maastricht University,,unmatched,Citation:,Inspectors for Peace: A History of the International Atomic Energy Agency,Elizabeth Roehrlich,"April, 2024",https://www.h-net.org/reviews/showrev.php?id=60031,77ffb9153ae1f7f25df3f41568147152d17b58eee9fd28fe7f4f3957d4e3bad6,0000-0001-5835-5048,name_only,1,[],False,Michiel Bron,"[""Faculty of Arts and Social Sciences Maastricht University  6200 MD Maastricht Netherlands""]","[""Faculty of Arts and Social Sciences Maastricht University  6200 MD Maastricht Netherlands""]",[],[],"[""c424de02c99a75009f99a1297d4a80cd593a0abd337ca7e06e85154544812076""]",2_name_or_qid_with_affiliation_clue,candidate_unreviewed
hnet,email,62723,Mona Bieling,Helmut-Schmidt University,,unmatched,,Vanilla: The History of an Extraordinary Bean,"JENNINGS, ERIC T.","April, 2026",https://www.h-net.org/reviews/showrev.php?id=62723,ca7efea524a7befc57df8478cfe738966a47384a6712da85b7388747edaac5a9,0000-0002-2391-6666,name_only,1,[],False,Mona Bieling,"[""History of Knowledge of Modern Societies Helmut‐Schmidt University  Hamburg Germany""]","[""Graduate Institute of International and Development Studies"",""History of Knowledge of Modern Societies Helmut‐Schmidt University  Hamburg Germany""]",[],[],"[""db437e5cd42097b82aa96553d585204a919d7ff4f12487eb528a6f8a0af79822"",""ecea22437fd642ce3df87f5091de12f0de1ad3910aacf0dba82381944d1a483e""]",2_name_or_qid_with_affiliation_clue,candidate_unreviewed
hnet,classic,60278,Natalia Jarska,"Institute of History, Polish Academy of Sciences",,unmatched,Citation:,"Gender, Pleasure, and Violence: The Construction of Expert Knowledge of Sexuality in Poland",Agnieszka Kościańska,"January, 2024",https://www.h-net.org/reviews/showrev.php?id=60278,40d0ece02e37406855c52bd4e68ad1feefbdfb5356caea9e587f6c43bb1558c8,0000-0002-5321-768x,name_only,1,[],False,Natalia Jarska,"[""Institute of History, Polish Academy of Sciences""]","[""Institute of History, Czech Academy of Sciences"",""Institute of History, Polish Academy of Sciences"",""Polish Academy of Sciences, Institute of History, Warsaw, Poland""]",[],[],"[""0d5926bd9edd8550f31ed51032c10bb42ff881829dbd35dd444fd9fb562fc60e"",""1ce901b7c6ee998df9a07608759564895a67fe9b90e4b2b7d88c1dcf4f9fd43b"",""4a55763cda2e3f1bae9ae3b59cecd244c61184a9c804438747ed32ef3ac1b6d0"",""5c7269d33daf62c9bbaa3390109b82cf28cf0a89e15cc9728da5196581816a55"",""76f86c6a750a31bb69222de6d5523e6f0156066180d8014ae97d7e649721a697"",""7e577b1018ffbcc5f530c1cc97a32698d9fc51dd7d44981743cae3abf4568607"",""a53d076c0cc2f1d5d62d4f6fe946d1d1e996fb58a90cc8a584ba29381015ad8e"",""b03b6878c762331cf2fb8a964bbaccb5157e5a67fd05635b3dbf775c4ec97437""]",2_name_or_qid_with_affiliation_clue,candidate_unreviewed
hnet,classic,60535,Natalia Jarska,"Institute of History, Polish Academy of Sciences",,unmatched,Citation:,Limiting Privilege: Upward Mobility Within Higher Education in Socialist Poland,Agata Zysiak,"January, 2026",https://www.h-net.org/reviews/showrev.php?id=60535,32fe6ad5fd014c1cdbd3859803245b75bca1a7a5a98181eb8dd3e7f57e2991c7,0000-0002-5321-768x,name_only,1,[],False,Natalia Jarska,"[""Institute of History, Polish Academy of Sciences""]","[""Institute of History, Czech Academy of Sciences"",""Institute of History, Polish Academy of Sciences"",""Polish Academy of Sciences, Institute of History, Warsaw, Poland""]",[],[],"[""0d5926bd9edd8550f31ed51032c10bb42ff881829dbd35dd444fd9fb562fc60e"",""1ce901b7c6ee998df9a07608759564895a67fe9b90e4b2b7d88c1dcf4f9fd43b"",""4a55763cda2e3f1bae9ae3b59cecd244c61184a9c804438747ed32ef3ac1b6d0"",""5c7269d33daf62c9bbaa3390109b82cf28cf0a89e15cc9728da5196581816a55"",""76f86c6a750a31bb69222de6d5523e6f0156066180d8014ae97d7e649721a697"",""7e577b1018ffbcc5f530c1cc97a32698d9fc51dd7d44981743cae3abf4568607"",""a53d076c0cc2f1d5d62d4f6fe946d1d1e996fb58a90cc8a584ba29381015ad8e"",""b03b6878c762331cf2fb8a964bbaccb5157e5a67fd05635b3dbf775c4ec97437""]",2_name_or_qid_with_affiliation_clue,candidate_unreviewed
hnet,classic,56543,Nathaniel Morris,University College London,,unmatched,Citation:,Self-Defense in Mexico: Indigenous Community Policing and the New Dirty Wars (Latin America in Translation/en Traducción/em Tradução),Luis Hernández Navarro,"May, 2022",http://www.h-net.org/reviews/showrev.php?id=56543,d8f4b49247832ce2fad9f7e81f6354fedbcf2bb2a64d6d87acbc4a331016180b,0000-0003-0098-4604,name_only,1,[],False,Nathaniel Morris,"[""University College London ,""]","[""University College London ,""]",[],[],"[""3f0b4a10905e3dcacd5bd786191603388dad14906965ea63f89f600982fcc8f1""]",2_name_or_qid_with_affiliation_clue,candidate_unreviewed
reviews_in_history,reviews_in_history,2313,Nathaniel Morris,University College London,,unmatched,"The Mexican Heartland: How Communities Shaped Capitalism, a Nation, and World History, 1500-2000","The Mexican Heartland: How Communities Shaped Capitalism, a Nation, and World History, 1500-2000",,,https://reviews.history.ac.uk/review/2313/,932888741953b82699fad4e6df76d2c022930496507b6521f01da8b97437f6cf,0000-0003-0098-4604,name_only,1,[],False,Nathaniel Morris,"[""University College London ,""]","[""University College London ,""]",[],[],"[""3f0b4a10905e3dcacd5bd786191603388dad14906965ea63f89f600982fcc8f1""]",2_name_or_qid_with_affiliation_clue,candidate_unreviewed
hnet,classic,60951,Oluwatoyin Oduntan,Towson University,,unmatched,Citation:,Psychiatric Contours: New African Histories of Madness,"Nancy Rose Hunt, Hubertus Büschel, eds","October, 2024",https://www.h-net.org/reviews/showrev.php?id=60951,3a3485e8c18b24164cada0b77215be97ae1791264c3a2948f431b0072b188057,0000-0003-1066-4911,name_only,1,[],False,Oluwatoyin Oduntan,"[""Towson University""]","[""Towson University""]",[],[],"[""8e44a9ba7ccc5a7d3bee24e493b9dc9ab7285a48dbf8be0d987676927a31c1b0""]",2_name_or_qid_with_affiliation_clue,candidate_unreviewed
hnet,classic,13811,Padhraig Higgins,Mercer County Community College,,unmatched,Ireland and the Black Atlantic,"Ireland, Slavery and Anti-Slavery: 1612-1865",Nini Rodgers,"November, 2007",https://www.h-net.org/reviews/showrev.php?id=13811,64c6f6b61ab0d10fb1a767cbbe6d513714e12cd31f12fb3a346916990fa35a58,0009-0002-8268-1630,name_only,1,[],False,Padhraig Higgins,"[""Mercer County Community College""]","[""Mercer County Community College""]",[],[],"[""0a8fca1b222eaed4371df9be3db607effe99bc10aa2df10d63a3963b09c90512""]",2_name_or_qid_with_affiliation_clue,candidate_unreviewed
hnet,classic,62364,Patrick Gamez,University of Notre Dame,,unmatched,Citation:,The Digital and Its Discontents,Aden Evens,"November, 2025",https://www.h-net.org/reviews/showrev.php?id=62364,ebc018fdf27e83f284a61feef170b27b0ebaf644a088ceae4b5c9bd7609009fc,0000-0002-9353-1817,name_only,1,[],False,Patrick Gamez,"[""Reilly Center for Science, Technology, and Values University of Notre Dame Notre Dame Indiana USA""]","[""Reilly Center for Science, Technology, and Values University of Notre Dame Notre Dame Indiana USA""]",[],[],"[""471da350654125dc44b5f1f662ea856748bf253a4202d643fd0fd9b1964f6e49""]",2_name_or_qid_with_affiliation_clue,candidate_unreviewed
hnet,classic,14164,Patrick Wallis,"Department of Economic History, London School of Economics and Political Science",,unmatched,Citation:,"Hubbub: Filth, Noise and Stench in England, 1600-1770",Emily Cockayne,"February, 2008",https://www.h-net.org/reviews/showrev.php?id=14164,ccf45df636305474a2a4c15d6f55e8e9fdeaec1b096699d1ac95d38a751c815f,0000-0003-1434-515x,name_only,1,[],False,Patrick Wallis,"[""London School of Economics ,"",""London School of Economics and Political Science""]","[""London School of Economics ,"",""London School of Economics and Political Science"",""London School of Economics and Political Science  London UK""]",[],[],"[""23c9abb6678e3db8d3a846fdcf012c9f540cc4befb21900cf7417225ecd1479b"",""9ce44ac4fa5c407b32215c385985c721455932ca79beee0653eed08afff022c0"",""9ead8d5ac2d63cf1701a6e1a3fcadb3ececf68522a151e373cc25339b58f1f45"",""c825b7490d5e50a11fa229f88ac49ef6b11fb558aa421bad4ed4704d670eb6d8"",""cb7cf0d2eb6fcb501c61da40af981fbd3cb4b68236a7b2e51c31b6b6ac4b5991"",""ea6e57900d856a23b4a5f9ba6dc9eebfd5954a843011a477b9f78d8deee8719c""]",2_name_or_qid_with_affiliation_clue,candidate_unreviewed
hnet,classic,54867,Paul D. Barclay,Lafayette College,,unmatched,Citation:,Into the Field: Human Scientists of Transwar Japan,Miriam Kingsberg Kadia,"November, 2020",https://www.h-net.org/reviews/showrev.php?id=54867,396fa8bf8bef59adba1ad5ce0b13bc2084f85678173a08f3c29c31bf3e772080,0000-0001-7651-9288,name_only,1,[],False,Paul D Barclay | Paul D. Barclay,"[""Lafayette College"",""Lafayette College , US""]","[""Lafayette College"",""Lafayette College , US""]",[],[],"[""09904f6b4346188c58863da74eaceb825c3ef50389239fbd1f98780ae9df4836"",""8e22410aaeb522d99fd407eb3aff9c7ead2a7955ab64d1c6367d90a1f1fa98d5"",""bdef9d7874ba7179c82ef28a08a73f2b137050df5d0a889ef8235045a758e153""]",2_name_or_qid_with_affiliation_clue,candidate_unreviewed
hnet,classic,13524,Paul Monod,"Department of History, Middlebury College",,unmatched,The Bishop Redeemed,"Enlightenment Prelate: Benjamin Hoadly, 1676-1761",William Gibson,"August, 2007",https://www.h-net.org/reviews/showrev.php?id=13524,be55d78d448893306c99403d2a1523766688ee059dfceceace0c5d65fa423003,0000-0002-9247-9738,name_only,1,[],False,Paul Monod,"[""Middlebury College""]","[""Middlebury College""]",[],[],"[""5bfc47f389dfc03a4f524c5296e071c70d3a101996308bb068dbc0fe5e9dfb97"",""8b9f74429a1e5b51472c5a528fdef24ec9729d78b9bd410deef6e1e0ce95c978""]",2_name_or_qid_with_affiliation_clue,candidate_unreviewed
hnet,classic,34469,Paul Monod,Middlebury College,,unmatched,Citation:,"The Stuarts in Italy, 1719-1766: A Royal Court in Permanent Exile",Edward T. Corp,"January, 2012",http://www.h-net.org/reviews/showrev.php?id=34469,775901cae4019656fbc8fa7b02ee77531d4e9956f959c85624da5ab071c08607,0000-0002-9247-9738,name_only,1,[],False,Paul Monod,"[""Middlebury College""]","[""Middlebury College""]",[],[],"[""5bfc47f389dfc03a4f524c5296e071c70d3a101996308bb068dbc0fe5e9dfb97"",""8b9f74429a1e5b51472c5a528fdef24ec9729d78b9bd410deef6e1e0ce95c978""]",2_name_or_qid_with_affiliation_clue,candidate_unreviewed
hnet,classic,9978,Paul Monod,"Department of History, Middlebury College",,unmatched,The Court over the Water,"A Court in Exile: The Stuarts in France, 1689-1718",Edward Corp,"November, 2004",https://www.h-net.org/reviews/showrev.php?id=9978,5873610b5906b911b91f316f1a78d830cb6e8040d67179861606ac778b1b31a4,0000-0002-9247-9738,name_only,1,[],False,Paul Monod,"[""Middlebury College""]","[""Middlebury College""]",[],[],"[""5bfc47f389dfc03a4f524c5296e071c70d3a101996308bb068dbc0fe5e9dfb97"",""8b9f74429a1e5b51472c5a528fdef24ec9729d78b9bd410deef6e1e0ce95c978""]",2_name_or_qid_with_affiliation_clue,candidate_unreviewed
hnet,classic,50472,Paul Stubbs,"The Institute of Economics, Zagreb",,unmatched,Citation:,The NGO Game: Post-Conflict Peacebuilding in the Balkans and Beyond,Patrice C. McMahon,"December, 2017",https://www.h-net.org/reviews/showrev.php?id=50472,772c31decae85088a59ba1b1ceb0c0e33b59df2b41a5374eb9c8c9a7cfd8728b,0000-0002-0318-4306,name_only,1,[],False,Paul Stubbs,"[""The Institute of Economics, Zagreb, Croatia""]","[""The Institute of Economics, Zagreb, Croatia""]",[],[],"[""e76b935be23d994aa8be48068576cb8b4ecc9365cd6c4adc72003986810ab670""]",2_name_or_qid_with_affiliation_clue,candidate_unreviewed
hnet,classic,42344,Perry Willson,University of Dundee,,unmatched,Citation:,Catholic Women's Movements in Liberal and Fascist Italy,Helena Dawes,"March, 2015",http://www.h-net.org/reviews/showrev.php?id=42344,7f61deed698563436271a7bf5d2b03c70ee8eb16d2ef69fab7a077967f444d27,0000-0003-4288-2905,name_only,1,[],False,Perry Willson,"[""University of Dundee, UK""]","[""University of Dundee, UK""]",[],[],"[""7603e5f781ec2a3db49c99da3087928f7a1a289c45a77db3cbbf9bde3f4550a6""]",2_name_or_qid_with_affiliation_clue,candidate_unreviewed
hnet,classic,23004,Peter H. Hansen,Worcester Polytechnic Institute,,ambiguous,Post-enclosure Histories,"Estate Landscapes: Design, Improvement and Power in the Post-Medieval Landscape","Jonathan Finch, Katherine Giles, eds","February, 2009",https://www.h-net.org/reviews/showrev.php?id=23004,93774dc220ff59a6a43b0c7e84d5c04f26bff84751a7fe9d0b41ef1a3cd5b1a0,0000-0001-5791-0230,name_only,1,[],False,Peter H. Hansen,"[""Worcester Polytechnic Institute""]","[""Worcester Polytechnic Institute""]",[],[],"[""4607f4fcb6698a1e541330633e2de2f9a24b8d708bdd4ba8ee15ffd9d3648587""]",2_name_or_qid_with_affiliation_clue,candidate_unreviewed
hnet,email,62328,Peter H. Hansen,Worcester Polytechnic Institute,,ambiguous,,The Mountain: Journeys in High Places,"PATTEN, ROBIN","March, 2026",https://www.h-net.org/reviews/showrev.php?id=62328,4b4bde0ea45f9e1f5da2df2998c848041ca3e175f28bdba69b391089ecc199f8,0000-0001-5791-0230,name_only,1,[],False,Peter H. Hansen,"[""Worcester Polytechnic Institute""]","[""Worcester Polytechnic Institute""]",[],[],"[""4607f4fcb6698a1e541330633e2de2f9a24b8d708bdd4ba8ee15ffd9d3648587""]",2_name_or_qid_with_affiliation_clue,candidate_unreviewed
hnet,classic,58247,Peter N. Moore,Texas A&M University-Corpus Christi,,ambiguous,The Forgotten Middle Child of British North America,"A History of North Carolina in the Proprietary Era, 1629-1729",Lindley S. Butler,"February, 2023",https://www.h-net.org/reviews/showrev.php?id=58247,607d9cb23bd373bb29360123cb6aec85f97464b90efd371b3769e3102c1148ca,0000-0002-9523-6141,name_only,1,[],False,Peter N. Moore,"[""Texas A&M University-Corpus Christi""]","[""Texas A&M University-Corpus Christi""]",[],[],"[""5a212c817df487118743c18e18d4d11c9f8ccb754f09da67843f9a3d18b421c9""]",2_name_or_qid_with_affiliation_clue,candidate_unreviewed
reviews_in_history,reviews_in_history,2234,Pierre Botcherby,University of Warwick,,unmatched,La prison des pauvres: l'expérience des workhouses en Angleterre,La prison des pauvres: l'expérience des workhouses en Angleterre,,,https://reviews.history.ac.uk/review/2234/,4c248764aa68d44daa04a3648c8d5279d6233fe513753a545e1567cc44ff390f,0009-0003-8151-829x,name_only,1,[],False,Pierre Botcherby,"[""University of Warwick""]","[""University of Warwick""]",[],[],"[""935e803be942fcbfff251a49832cbcc554f97659c850434ef2c0e99eec9391e7""]",2_name_or_qid_with_affiliation_clue,candidate_unreviewed
hnet,classic,49387,Pushkar Sohoni,Indian Institute of Science Education and Research,,unmatched,Citation:,"Power, Memory, Architecture: Contested Sites on India's Deccan Plateau, 1300-1600","Richard M. Eaton, Phillip B. Wagoner","May, 2017",http://www.h-net.org/reviews/showrev.php?id=49387,4859c76eb16000ee42db035ffe7b3d13926e512280d3da99b24ad3fd07f41024,0000-0003-2007-8561,name_only,1,[],False,Pushkar Sohoni,"[""Department of Humanities and Social Sciences Indian Institute of Science Education and Research – Pune""]","[""Department of Humanities and Social Sciences Indian Institute of Science Education and Research – Pune""]",[],[],"[""eb4760da73d2bf6e34fa08da0c8281938f9b9b18b2451fc401a41fcadc9f3fad""]",2_name_or_qid_with_affiliation_clue,candidate_unreviewed
hnet,classic,60696,Rachel Singer,Georgetown University,,unmatched,Citation:,Pox Romana: The Plague That Shook the Roman World,Colin P. Elliott,"November, 2024",https://www.h-net.org/reviews/showrev.php?id=60696,66cb41e136e008b6934ad2050bb577162cae692164457501de5761d1fdd7dba2,0000-0002-4131-8643,name_only,1,[],False,Rachel Singer,"[""Georgetown University"",""Georgetown University , Washington DC ,""]","[""Georgetown University"",""Georgetown University , Washington DC ,"",""University of Cambridge""]",[],[],"[""0c5e80ba3b93f134b7d4b4c58602c9acc9e610957876ec9828724cf20d6edb3f"",""6be6d2c1a536fc76ae421a8603231e9d2796bcd95c2b829bd9c35330c214c358"",""96ca0e0ddb7ca9819f7e0a9c48370068c3129542eaf4f0b8c3c1b944c6c23e3b""]",2_name_or_qid_with_affiliation_clue,candidate_unreviewed
hnet,email,60741,Rachel Singer,Georgetown University,,unmatched,,"Plants, Politics and Empire in Ancient Rome","MARZANO, ANNALISA","February, 2025",https://www.h-net.org/reviews/showrev.php?id=60741,ab3b57986fd2ce121241e4160213888eb5bd14f5b87a8de9bfeec537bc5e8892,0000-0002-4131-8643,name_only,1,[],False,Rachel Singer,"[""Georgetown University"",""Georgetown University , Washington DC ,""]","[""Georgetown University"",""Georgetown University , Washington DC ,"",""University of Cambridge""]",[],[],"[""0c5e80ba3b93f134b7d4b4c58602c9acc9e610957876ec9828724cf20d6edb3f"",""6be6d2c1a536fc76ae421a8603231e9d2796bcd95c2b829bd9c35330c214c358"",""96ca0e0ddb7ca9819f7e0a9c48370068c3129542eaf4f0b8c3c1b944c6c23e3b""]",2_name_or_qid_with_affiliation_clue,candidate_unreviewed
hnet,classic,60653,Rachel Williams,University of Hull,,ambiguous,Citation:,"The Fabric of Civil War Society: Uniforms, Badges, and Flags, 1859-1939",Shae Smith Cox,"August, 2024",https://www.h-net.org/reviews/showrev.php?id=60653,aa47df3e1e668aa370f7e7f5ea1e3ca9e8607e2f092c9894db9d3b20950de0a3,0000-0003-3167-4086,name_only,1,[],False,Rachel Williams,"[""University of Hull""]","[""University of Hull""]",[],[],"[""f7fde39a0539c51b790606d73937b3c72f2430de626e11f482db65d0304f89ff""]",2_name_or_qid_with_affiliation_clue,candidate_unreviewed
hnet,classic,10955,Richard Harris,"School of Geography and Earth Sciences, McMaster University",,ambiguous,Extraordinary Agents: The Rise of the Realtor,A Nation of Realtors: A Cultural History of the Twentieth-Century American Middle Class,Jeffrey M. Hornstein,"November, 2005",https://www.h-net.org/reviews/showrev.php?id=10955,f845424f35259c5898fa032d317a093e0d130e6171063585d2d12fee5ed3a892,0000-0003-0275-8598,name_only,1,[],False,Richard Harris,"[""School of Geography and Earth Sciences, McMaster University, Hamilton, Canada""]","[""McMaster University, Canada"",""McMaster University, Hamilton, ON, Canada"",""School of Geography and Earth Sciences, McMaster University, Hamilton, Canada""]",[],[],"[""01689bb37ac657c10464bc311e8ff877bc57460891789c578d6fc95f31ef2c83"",""2913898712c7e162854d0ab7ea2bb57559b4de7d6599f09723fe2383a9ce4f07"",""34e5bdec966541eec959d7937c4fd78264c7ae6d29010145299dcb3ebad8d8b4"",""3d85a8d1b8acae4f3f713bc7d9e07839cb38f5203b17ad6c5311c13e860d2570"",""a5256aebf3ade4a495941d4af0291da4d9323ef9ce54d10afa50fc1a9326e494"",""afcfb833ad1b561a7b77da299c13d9933b7d62038aedb49e2cd798ecb320886c"",""aff0a97f5af23e6f2498212f4a2d4ced870fec27bc4bfa3dcc325d309ab805a2""]",2_name_or_qid_with_affiliation_clue,candidate_unreviewed
hnet,classic,11889,Richard Harris,"School of Geography and Earth Sciences, McMaster University",,ambiguous,The City in History in Maps,Cities of the World. A History in Maps,Peter Whitfield,"June, 2006",https://www.h-net.org/reviews/showrev.php?id=11889,c751c11c2845c0fbf5bc963efbde0d8c1ecaafa5c0ab56826a730bb79e664bd3,0000-0003-0275-8598,name_only,1,[],False,Richard Harris,"[""School of Geography and Earth Sciences, McMaster University, Hamilton, Canada""]","[""McMaster University, Canada"",""McMaster University, Hamilton, ON, Canada"",""School of Geography and Earth Sciences, McMaster University, Hamilton, Canada""]",[],[],"[""01689bb37ac657c10464bc311e8ff877bc57460891789c578d6fc95f31ef2c83"",""2913898712c7e162854d0ab7ea2bb57559b4de7d6599f09723fe2383a9ce4f07"",""34e5bdec966541eec959d7937c4fd78264c7ae6d29010145299dcb3ebad8d8b4"",""3d85a8d1b8acae4f3f713bc7d9e07839cb38f5203b17ad6c5311c13e860d2570"",""a5256aebf3ade4a495941d4af0291da4d9323ef9ce54d10afa50fc1a9326e494"",""afcfb833ad1b561a7b77da299c13d9933b7d62038aedb49e2cd798ecb320886c"",""aff0a97f5af23e6f2498212f4a2d4ced870fec27bc4bfa3dcc325d309ab805a2""]",2_name_or_qid_with_affiliation_clue,candidate_unreviewed
hnet,classic,1895,Richard Harris,McMaster University,,ambiguous,Citation:,The New Urban Paradigm:  Critical Perspectives on the City,Joe R. Feagin,"April, 1998",https://www.h-net.org/reviews/showrev.php?id=1895,bbd929bad259113498ba8040615e581ec20d9a8a05e0aca8a3d713b35d4ce142,0000-0003-0275-8598,name_only,1,[],False,Richard Harris,"[""McMaster University, Canada"",""McMaster University, Hamilton, ON, Canada"",""School of Geography and Earth Sciences, McMaster University, Hamilton, Canada""]","[""McMaster University, Canada"",""McMaster University, Hamilton, ON, Canada"",""School of Geography and Earth Sciences, McMaster University, Hamilton, Canada""]",[],[],"[""01689bb37ac657c10464bc311e8ff877bc57460891789c578d6fc95f31ef2c83"",""2913898712c7e162854d0ab7ea2bb57559b4de7d6599f09723fe2383a9ce4f07"",""34e5bdec966541eec959d7937c4fd78264c7ae6d29010145299dcb3ebad8d8b4"",""3d85a8d1b8acae4f3f713bc7d9e07839cb38f5203b17ad6c5311c13e860d2570"",""a5256aebf3ade4a495941d4af0291da4d9323ef9ce54d10afa50fc1a9326e494"",""afcfb833ad1b561a7b77da299c13d9933b7d62038aedb49e2cd798ecb320886c"",""aff0a97f5af23e6f2498212f4a2d4ced870fec27bc4bfa3dcc325d309ab805a2""]",2_name_or_qid_with_affiliation_clue,candidate_unreviewed
hnet,classic,33593,Robert B. Fairbanks,University of Texas at Arlington,,unmatched,A New Type of Urban Biography for a New City,"Desert Visions and the Making of Phoenix, 1860-2008",Philip VanderMeer,"September, 2011",http://www.h-net.org/reviews/showrev.php?id=33593,cc28e3efd0755b6c9ffb4a1205521a05c8ca4d4e46e8df15c609dbc04b6af90c,0000-0003-2888-1850,name_only,1,[],False,Robert B. Fairbanks,"[""University of Texas at Arlington, TX, USA""]","[""University of Texas at Arlington, TX, USA""]",[],[],"[""323ec7d43e432cd010cdd8d488bc3b3cfa3c570ca90c74c800a57b8fc0ef999a""]",2_name_or_qid_with_affiliation_clue,candidate_unreviewed
hnet,classic,57735,Robin Ganev,University of Regina,,unmatched,"Robin Ganev on Michelle Smith, Utopian Genderscapes: Rhetorics of Women’s Work in the Early Industrial Age",Utopian Genderscapes: Rhetorics of Women’s Work in the Early Industrial Age,Michelle Smith,"October, 2022",https://www.h-net.org/reviews/showrev.php?id=57735,68c4364032864771ac314c0150eeb989b82981e5d3fd3353649e33350bcba74c,0009-0007-0739-5438,name_only,1,[],False,Robin Ganev,"[""History University of Regina  Regina Saskatchewan Canada""]","[""History University of Regina  Regina Saskatchewan Canada""]",[],[],"[""4e7da638b4cae0921c099153a5860c5a939b980c8468d6d69521834b04a416b7""]",2_name_or_qid_with_affiliation_clue,candidate_unreviewed
hnet,classic,60628,Robin Ganev,University of Regina,,unmatched,Citation:,"The Game of Love in Georgian England: Courtship, Emotions, and Material Culture",Sally Holloway,"January, 2025",https://www.h-net.org/reviews/showrev.php?id=60628,8366c708bb0f618ec559f5ac223dadff08bd8e3f65baecc7bc752d9820cf5282,0009-0007-0739-5438,name_only,1,[],False,Robin Ganev,"[""History University of Regina  Regina Saskatchewan Canada""]","[""History University of Regina  Regina Saskatchewan Canada""]",[],[],"[""4e7da638b4cae0921c099153a5860c5a939b980c8468d6d69521834b04a416b7""]",2_name_or_qid_with_affiliation_clue,candidate_unreviewed
hnet,classic,50157,Ryota Nishino,University of the South Pacific,,unmatched,Citation:,Travel Writing,Carl Thompson,"October, 2017",https://www.h-net.org/reviews/showrev.php?id=50157,7f63bd0a9fc459f2f75d529fbae98e8c72491f17808f948ad0c3633fd3b1b65e,0000-0002-2815-1295,name_only,1,[],False,Ryota Nishino,"[""The University of the South Pacific""]","[""The University of the South Pacific""]",[],[],"[""70052dc8355b7fd713c734c5a5b9a966d8b9f86fa0058057e3ce431f3dd0b02a""]",2_name_or_qid_with_affiliation_clue,candidate_unreviewed
hnet,classic,60739,Samuel Dolbee,Vanderbilt University,,unmatched,Citation:,The Empire of Climate: A History of an Idea,David N Livingstone,"March, 2025",https://www.h-net.org/reviews/showrev.php?id=60739,ca06b1dd0ad554cc455b0ee49a1cb2c903998214c68ba1e626d6db3c8a053cbf,0000-0002-8415-4992,name_only,1,[],False,Samuel Dolbee,"[""Vanderbilt University""]","[""Vanderbilt University""]",[],[],"[""66cd5bf17b7c983c60a829abc9ca2c909ce5ff23fdb42872c3fbc41625440785"",""8f5ff9b3b5ff870250b7ede1f8b99ef116a3f90e9a64717ce53bb7edb5971e24"",""cfd069a69b6b08e42a079d6b99de923c0b433f9d13179f5cb318e0a1259c1101""]",2_name_or_qid_with_affiliation_clue,candidate_unreviewed
hnet,classic,58627,Sarah T. Hines,University of Oklahoma,,unmatched,Citation:,"Ice Rivers: A Story of Glaciers, Wilderness, and Humanity",Jemma L. Wadham,"October, 2023",https://www.h-net.org/reviews/showrev.php?id=58627,ba89c3be46d621125003711e08d5f8cec3a1f0ab368694f6ab353420709850e0,0000-0002-6010-1482,name_only,1,[],False,Sarah T. Hines,"[""University of Oklahoma""]","[""University of Oklahoma""]",[],[],"[""4eac043f6c23dbb0b79904130abd481618cd9f782b00c9703578ef71489b2056""]",2_name_or_qid_with_affiliation_clue,candidate_unreviewed
hnet,classic,5814,Seamus O'Hanlon,"School of Historical Studies, Monash University, Australia",,unmatched,A Property-Owning Democracy?,A History of European Housing in Australia,"Patrick Troy, ed","January, 2002",https://www.h-net.org/reviews/showrev.php?id=5814,d528f86c78a7e6630c7f7fa0fdc3f57122f7e52ce3bfbeff7bb0640db4f4bbe7,0000-0003-3142-1716,name_only,1,[],False,Seamus O’Hanlon,"[""Monash University, Australia""]","[""Monash University, Australia"",""Monash UniversityEmail:""]",[],[],"[""25e8ce884bc5ffb0d4686b41795ce027da31578feefb83842b6606f057afa7b5"",""854857d6f1330ff4bf705820a2b24fbd0a2523f3e69d66ca55a16df53e9153b0""]",2_name_or_qid_with_affiliation_clue,candidate_unreviewed
hnet,classic,11376,Sean Farrell,"Department of History, Northern Illinois University",,unmatched,Religious Nationalism?,"Evangelicalism and National Identity in Ulster, 1921-1998",Patrick Mitchel,"January, 2006",https://www.h-net.org/reviews/showrev.php?id=11376,84cfb417a4aed5c3d88b07f654d6faaba8fcae8ce9ca6a1843a2421e6475d088,0000-0002-1722-4946,name_only,1,[],False,Sean Farrell,"[""Northern Illinois University""]","[""Northern Illinois University""]",[],[],"[""66f0dba8282cb03a06bc23a25b71d873827f6efeb7a889a74898578f949859a2"",""a6d17eb63c2aca0da5c623294eea417c83ecfd945586d6127b8df85766f3ba74""]",2_name_or_qid_with_affiliation_clue,candidate_unreviewed
hnet,classic,13048,Sean Farrell,Northern Illinois University,,unmatched,Citation:,"Forkhill Protestants and Forkhill Catholics, 1787-1858",Kyla Madden,"April, 2007",https://www.h-net.org/reviews/showrev.php?id=13048,9d887064f677a0476b956370878000aed41359ede77a59eb98bf8fb07f1eee87,0000-0002-1722-4946,name_only,1,[],False,Sean Farrell,"[""Northern Illinois University""]","[""Northern Illinois University""]",[],[],"[""66f0dba8282cb03a06bc23a25b71d873827f6efeb7a889a74898578f949859a2"",""a6d17eb63c2aca0da5c623294eea417c83ecfd945586d6127b8df85766f3ba74""]",2_name_or_qid_with_affiliation_clue,candidate_unreviewed
hnet,classic,55488,Sean Fraga,University of Southern California,,unmatched,Citation:,Transit: The Story of Public Transportation in the Puget Sound Region,"Jim Kershner, Staff of HistoryLink","January, 2021",https://www.h-net.org/reviews/showrev.php?id=55488,2fcae1c2e21d4eb61f8598a8bcbc53621c90f372e29be6d3fd39fb2a94849ca3,0000-0002-6804-4486,name_only,1,[],False,Sean Fraga,"[""University of Southern California , USA""]","[""University of Southern California , USA""]",[],[],"[""fd66e19722f52edce4036a98a565e9839df696a1009a2ad0b71fc7389fb30a50""]",2_name_or_qid_with_affiliation_clue,candidate_unreviewed
hnet,email,62736,Seán Thomas Kane,Binghamton University,,unmatched,,"Terra Nova: Food, Water, and Work in an Early Atlantic World","BOUCHARD, JACK","June, 2026",https://www.h-net.org/reviews/showrev.php?id=62736,3fe2ecce11e0d7000e061aa576e537f86bd6c56fc3003438028f4acdea25576e,0000-0002-8299-4031,name_only,1,[],False,Seán Thomas Kane,"[""Binghamton University"",""Binghamton University Binghamton, New York USA""]","[""Binghamton University"",""Binghamton University Binghamton, New York USA""]",[],[],"[""3cf3f1f27648c8794cd266a308db397124edaf5f2882990e5ff0a5b906565a90"",""4e5fe3f266dbb31917a7958ac22e8286e70abf1d269cd93fdd8974eca498c532"",""779220ad8e126bcbfb44a9f6d167403fcdc719c661dce3f5e4348b5a20c532ec""]",2_name_or_qid_with_affiliation_clue,candidate_unreviewed
hnet,classic,11613,Shane Doyle,"School of History, University of Leeds",,unmatched,Citation:,Highland Sanctuary:  Environmental History in Tanzania's Usambara Mountains,Christopher A. Conte,"April, 2006",https://www.h-net.org/reviews/showrev.php?id=11613,608cf48becbc4400feeed8ec8e21a00b9dbafbc94d6d6941224c3ebb6e1a4ae9,0000-0003-1420-3434,name_only,1,[],False,Shane Doyle,"[""University  of Leeds""]","[""University  of Leeds""]",[],[],"[""fdb8c25c4e214184edf4b0bbebb78ba2abeeb3574544949228672815e8898cf4""]",2_name_or_qid_with_affiliation_clue,candidate_unreviewed
hnet,classic,38291,Shmuel Lederman,The Open University of Israel,,unmatched,Between Political Philosophy and Political Theology,Prophecy and the Perfect Political Order: The Political Theology of Leo Strauss,Haim O. Rechnitzer,"September, 2013",http://www.h-net.org/reviews/showrev.php?id=38291,7087e9d83e5a9e20af3ca956724d0feb470b866a77f15261a53a554e92c5a317,0000-0002-9270-4392,name_only,1,[],False,Shmuel Lederman,"[""The Open University of Israel, Ra'anana""]","[""The Open University of Israel, Ra'anana"",""The University of Haifa"",""The Weiss-Livnat Center for Holocaust Research and Education, Haifa, Israel""]",[],[],"[""2199e6f2e59809f281e94819395589136ebc4b1c51f319d15cfa73eafa134c82"",""63780a0c06ff696e9f82c91c5cbe81ee450f037461e851f7cd242e74aea0e294"",""ca19e5dcd04526cfde5cba9c248d07ebbd7b0699e088e960981e535617c59d54"",""cdea699db29d992de9d22665820afe0911a958bc7d63f7c793599a60fc0de732""]",2_name_or_qid_with_affiliation_clue,candidate_unreviewed
hnet,classic,59647,Simone Schleper,Maastricht University,,unmatched,Citation:,Back from the Collapse: American Prairie and the Restoration of Great Plains Wildlife,Curtis H. Freese,"January, 2024",https://www.h-net.org/reviews/showrev.php?id=59647,eb75c26bdce7d2216406b0fc02a50c1563c43f1dd6ac698eb23d102002469db6,0000-0002-4906-9813,name_only,1,[],False,Simone Schleper,"[""Maastricht University""]","[""Maastricht University""]",[],[],"[""1f7b6a0f41bd83cb641415b34392e2f8ed5c9692469bd7f888b1a9e555ff4dae"",""779a59aa60a3dc0b922550b28e83a6fd6bf4356a07531be39ce6e9a6afa3a5ad"",""871e31358690774ab5d3d39d950d4a3be1444029d898cc589afcb2508dddb9de""]",2_name_or_qid_with_affiliation_clue,candidate_unreviewed
hnet,classic,49141,Siniša Malešević,University College Dublin,,unmatched,Citation:,Nations and Citizens in Yugoslavia and the Post-Yugoslav States: One Hundred Years of Citizenship,Igor Štiks,"June, 2017",http://www.h-net.org/reviews/showrev.php?id=49141,9649a30cbbaa3f36451070946eff3155447529bb080075944a35ae292a49cdfb,0000-0002-1864-6382,name_only,1,[],False,Siniša Malešević,"[""University College""]","[""University College""]",[],[],"[""6880a67668e24a8a57e300996957b03e5187cd60a2612bbc30f2c77053f27d60"",""76ec00917c649c209858cf183329f410a186bb29dc3625cd0af56e2f49b936ee""]",2_name_or_qid_with_affiliation_clue,candidate_unreviewed
hnet,classic,41665,Stephen Jackson,University of Sioux Falls,,unmatched,Citation:,Migration: A World History,Michael H. Fisher,"May, 2014",https://www.h-net.org/reviews/showrev.php?id=41665,a4a6df6ca1afeca5cfb5eecb9ee53e82d969b3fd82db8612d77b34614bad93a8,0000-0002-0700-0877,name_only,1,[],False,Stephen Jackson,"[""Department of History The University of Sioux Falls  Sioux Falls South Dakota USA""]","[""Department of History The University of Sioux Falls  Sioux Falls South Dakota USA"",""University of Kansas""]",[],[],"[""42b20d3879ba5d5f9a3f7140dcdb3edeed9eaa9ecc62df08f330190b68a7ee49"",""508167eea81d47554e2377064547c9136ceacb808707b9197d22ff0a95fe5c9a"",""e927a273d1f9c260b7c5b0842a30361e01b7410efa2f361d802a2e5f57f3b7fe""]",2_name_or_qid_with_affiliation_clue,candidate_unreviewed
hnet,classic,60859,Susan Grunewald,Louisiana State University,,unmatched,Citation:,"German Blood, Slavic Soil: How Nazi Königsberg Became Soviet Kaliningrad",Nicole Eaton,"January, 2025",https://www.h-net.org/reviews/showrev.php?id=60859,ac5dac5b85182efe496987b8f852a04b29f7e752b4988ea271956bef9879a1aa,0000-0003-1275-4101,name_only,1,[],False,Susan Grunewald,"[""Louisiana State University , USA""]","[""Louisiana State University , USA"",""University of Pittsburgh, USA""]",[],[],"[""abb05264cb9c28650d1a038aab174a12e0c13db61bb7c5f486fd97aec4cd7ec4"",""e975313fcbb6eb9e0e09e1cf4cd5e2a9cdbb4556dee99a686d3e4a42e2b2a5be""]",2_name_or_qid_with_affiliation_clue,candidate_unreviewed
hnet,classic,45099,Susan Rimby,Lock Haven University,,unmatched,A Wealth of Pennsylvania Women's Experiences,"Women of Industry and Reform; Shaping the History of Pennsylvania, 1865-1940",Marion Roydhouse,"October, 2015",https://www.h-net.org/reviews/showrev.php?id=45099,05bcbaf5f04577f075b34454f721596c5194302883a0b2708828b5a50b5229c1,0000-0002-9865-0911,name_only,1,[],False,Susan Rimby,"[""Lock Haven University""]","[""Lock Haven University""]",[],[],"[""008124015e4ce79a1e828234f713adcca288fc042ebc7afaa6ad4f840f4a3d20""]",2_name_or_qid_with_affiliation_clue,candidate_unreviewed
hnet,classic,11319,Susannah Ottaway,Carleton College,,unmatched,Citation:,"Unquiet Lives: Marriage and Marriage Breakdown in England, 1660 1800",Joanne Bailey,"January, 2006",https://www.h-net.org/reviews/showrev.php?id=11319,7ef38ac40c36b7ed181b68a6af8610c78324ea48c22d6f355cbcd5d0429b1716,0000-0002-2126-9880,name_only,1,[],False,SUSANNAH OTTAWAY | Susannah Ottaway,"[""Carleton College , Northfield MN ,""]","[""Carleton College , Northfield MN ,""]",[],[],"[""44431f7baeffb0bd33395a88dbb093f4d76314e6c94df002cc4576259f7e3c1f"",""51493b4c6d7069b41bb63d962b78ea14312a9155ded494dc3f49494af6fee7f4"",""fe395d9f0bf603730ad841366a996652381024b6988ae03761cef871db00b9f1""]",2_name_or_qid_with_affiliation_clue,candidate_unreviewed
hnet,classic,23037,Susannah Ottaway,Carleton College,,unmatched,"Domestic Servants, Anglican Clergymen, and Happy Endings in the English Industrial Age",Master and Servant: Love and Labour in the English Industrial Age,Carolyn Steedman,"February, 2009",https://www.h-net.org/reviews/showrev.php?id=23037,ae986cca4a498e29415048a7c76f7415f28ce22825f8042105094940ae9b22d6,0000-0002-2126-9880,name_only,1,[],False,SUSANNAH OTTAWAY | Susannah Ottaway,"[""Carleton College , Northfield MN ,""]","[""Carleton College , Northfield MN ,""]",[],[],"[""44431f7baeffb0bd33395a88dbb093f4d76314e6c94df002cc4576259f7e3c1f"",""51493b4c6d7069b41bb63d962b78ea14312a9155ded494dc3f49494af6fee7f4"",""fe395d9f0bf603730ad841366a996652381024b6988ae03761cef871db00b9f1""]",2_name_or_qid_with_affiliation_clue,candidate_unreviewed
hnet,classic,33103,Tamar W. Carroll,Rochester Institute of Technology,,unmatched,Love and (Gender) Trouble in Interwar African American Marriages,Stormy Weather: Middle-Class African American Marriages between the Two World Wars,Anastasia Carol Curwood,"August, 2011",http://www.h-net.org/reviews/showrev.php?id=33103,28a9badd3a4ee8bb759bd8cb8876e8d5a834c3051c2b6e87e56f4e3cb5365d60,0000-0002-2027-651x,name_only,1,[],False,Tamar W. Carroll,"[""College of Liberal Arts Rochester Institute of Technology  Rochester New York USA""]","[""College of Liberal Arts Rochester Institute of Technology  Rochester New York USA""]",[],[],"[""7db947296ae5483a7909d115debed8d02233abd5743f40b8421ada1a8a910948""]",2_name_or_qid_with_affiliation_clue,candidate_unreviewed
hnet,classic,54962,Thaddeus Sunseri,Colorado State University,,unmatched,Citation:,"Roses from Kenya: Labor, Environment, and the Global Trade in Cut Flowers",Megan A. Styles,"June, 2020",https://www.h-net.org/reviews/showrev.php?id=54962,d7d3d6688e714674b25617312a417c33d617ba1a0695d93597d4e2b28bca19a4,0000-0002-1689-7671,name_only,1,[],False,Thaddeus Sunseri,"[""Colorado State University College of Liberal Arts""]","[""Colorado State University College of Liberal Arts""]",[],[],"[""6bedcbb975dbc786011fdbfd1e65b6f14f1210cf43df0e4b845c5c5bcd0363b9""]",2_name_or_qid_with_affiliation_clue,candidate_unreviewed
hnet,email,62529,Thomas Cheney,Northumbria University,,unmatched,,Ripples on the Cosmic Ocean: An Environmental History of Our Place in the Solar System,"DEGROOT, DAGOMAR","June, 2026",https://www.h-net.org/reviews/showrev.php?id=62529,5614ad14822186318fd039e3df20323a4ba8d5810b7fdf66051d2d6a779246d1,0000-0001-8095-1073,name_only,1,[],False,THOMAS CHENEY,"[""Northumbria University""]","[""Northumbria University""]",[],[],"[""f3479577e22159375cb42ecb69e131563dfcfa4b7ac8c2e799cb1bc768d2bf17""]",2_name_or_qid_with_affiliation_clue,candidate_unreviewed
hnet,classic,13863,Tim Harris,"Department of History, Brown University",,unmatched,Citation:,Crowds and Popular Politics in Early Modern England,John Walter,"November, 2007",https://www.h-net.org/reviews/showrev.php?id=13863,a7dc62044f889384dfac338b71d8f75c05590776acbd334c20d4c59dc950271a,0000-0003-0570-3883,name_only,1,"[""Q7807282""]",False,Tim Harris,"[""Brown University""]","[""Brown University""]",[],[],"[""0bd3cdb2dc78af4f58b47f0ea8057db2807a5abdf1e8e030d5428958dd353657"",""7a6ee11f6d76e7201db83f732ce8173c00aaf959db0aaf67b36695b9faafb60b"",""c5d66c7a42ab000af573d82b8007c3fe7144c923e7b64d84d29a9fbdf305531b""]",2_name_or_qid_with_affiliation_clue,candidate_unreviewed
hnet,classic,1930,Tim Harris,Brown University,,unmatched,Citation:,The Longman Companion to the Stuart Age 1603-1714,John Wroughton,"April, 1998",https://www.h-net.org/reviews/showrev.php?id=1930,bcdd4de9ab7847a034bf5d434c30e2cb7e24c4893fad30e5b4e7ee4b6ce775ea,0000-0003-0570-3883,name_only,1,"[""Q7807282""]",False,Tim Harris,"[""Brown University""]","[""Brown University""]",[],[],"[""0bd3cdb2dc78af4f58b47f0ea8057db2807a5abdf1e8e030d5428958dd353657"",""7a6ee11f6d76e7201db83f732ce8173c00aaf959db0aaf67b36695b9faafb60b"",""c5d66c7a42ab000af573d82b8007c3fe7144c923e7b64d84d29a9fbdf305531b""]",2_name_or_qid_with_affiliation_clue,candidate_unreviewed
hnet,classic,4171,Tim Harris,"Department of History, Brown University",,unmatched,Citation:,The Strange Death of Edmund Godfrey: Plots and Politics in Restoration London,Alan Marshall,"June, 2000",https://www.h-net.org/reviews/showrev.php?id=4171,25a22696c61e8261b6f36ab68985eec05499a62b6166342308df9183ac3db9c3,0000-0003-0570-3883,name_only,1,"[""Q7807282""]",False,Tim Harris,"[""Brown University""]","[""Brown University""]",[],[],"[""0bd3cdb2dc78af4f58b47f0ea8057db2807a5abdf1e8e030d5428958dd353657"",""7a6ee11f6d76e7201db83f732ce8173c00aaf959db0aaf67b36695b9faafb60b"",""c5d66c7a42ab000af573d82b8007c3fe7144c923e7b64d84d29a9fbdf305531b""]",2_name_or_qid_with_affiliation_clue,candidate_unreviewed
hnet,classic,7183,Tim Harris,"Department of History, Brown University",,unmatched,Citation:,"The Crown's Servants: Government and Civil Service under Charles II, 1660-1685",G. E. Aylmer,"February, 2003",https://www.h-net.org/reviews/showrev.php?id=7183,7c89a88b4ccdc158668de9ee4112a81447d3a6dbaecb4e0dca83eead2bcee32f,0000-0003-0570-3883,name_only,1,"[""Q7807282""]",False,Tim Harris,"[""Brown University""]","[""Brown University""]",[],[],"[""0bd3cdb2dc78af4f58b47f0ea8057db2807a5abdf1e8e030d5428958dd353657"",""7a6ee11f6d76e7201db83f732ce8173c00aaf959db0aaf67b36695b9faafb60b"",""c5d66c7a42ab000af573d82b8007c3fe7144c923e7b64d84d29a9fbdf305531b""]",2_name_or_qid_with_affiliation_clue,candidate_unreviewed
hnet,classic,3182,Timothy W. Guinnane,"Department of Economics, Yale University",,unmatched,Citation:,The Great Population Spike and After:  Reflections on the 21st Century,W.W. Rostow,,https://www.h-net.org/reviews/showrev.php?id=3182,ae6c27c67553dc9c3f7283c77b85b33a1ac05876d2979646c74bd86f96222e98,0000-0002-3716-0011,name_only,1,[],False,Timothy W. Guinnane,"[""Yale University""]","[""Yale University""]",[],[],"[""988a15e78705b257fe7c1c5bb55b5de1d5e292691dbadbd6990cfbe0b1a3ca90"",""f429c092019d73917856dca0c9a3f6b54883cabf5e9cac0ed4fbf1bd9c225579""]",2_name_or_qid_with_affiliation_clue,candidate_unreviewed
hnet,classic,61527,Tommaso Milani,Institut für soziale Bewegungen,,unmatched,Socialism and Cooperative Thought,Building a Social Science: 19th Century British Cooperative Thought,"Kirsten Madden, Joseph Persky","September, 2025",https://www.h-net.org/reviews/showrev.php?id=61527,09c6f2bf8914ab1c95de7786daccf96f2acad30ab7afc1293611287db0001479,0000-0001-7267-4379,name_only,1,[],False,Tommaso Milani,"[""Institut für soziale Bewegungen, Ruhr-Universität Bochum, Bochum, Germany""]","[""Institut für soziale Bewegungen, Ruhr-Universität Bochum, Bochum, Germany"",""Ruhr-Universität Bochum"",""Ruhr-Universität Bochum, Germany and John Hopkins SAIS""]",[],[],"[""159a2aa28810f09deafe86d5363dfee612022e17299eb8962098055c4d161981"",""e33a93fa1d0288f37fc5762c9696061b1e858cd7f14a566ed113ef245ee5183f"",""e6dbd5b71f3731ac3c9e709a6886812f5762f515eb4f4e0838387fba4c5740a3""]",2_name_or_qid_with_affiliation_clue,candidate_unreviewed
hnet,classic,10317,Troy Paddock,"Department of History, Southern Connecticut State University",,unmatched,Marcks and the Neo-Rankeans,Historismus und moderne Welt:  Erich Marcks (1861 - 1938) in der deutschen Geschichtswissenschaft,Jens Nordalm,"March, 2005",https://www.h-net.org/reviews/showrev.php?id=10317,b94465a9db64fff8c78de7062e7e527aecd5ecc0c8f9c94cbae416a24daee506,0000-0003-4450-852x,name_only,1,[],False,Troy Paddock,"[""Southern Connecticut State University""]","[""Southern Connecticut State University""]",[],[],"[""f180d61dc8629768ca72df3969b4fe9efb2996cc5ad0e0cd0791076d059e2b1f""]",2_name_or_qid_with_affiliation_clue,candidate_unreviewed
hnet,classic,11240,Troy Paddock,"Department of History, Southern Connecticut State University",,unmatched,History after the Sonderweg,From Athens to Auschwitz: The Uses of History,Christian Meier,"November, 2005",https://www.h-net.org/reviews/showrev.php?id=11240,759a05942119203a4f3d9e9883fe551a16665e5a79a3baf970a18b9899075dd1,0000-0003-4450-852x,name_only,1,[],False,Troy Paddock,"[""Southern Connecticut State University""]","[""Southern Connecticut State University""]",[],[],"[""f180d61dc8629768ca72df3969b4fe9efb2996cc5ad0e0cd0791076d059e2b1f""]",2_name_or_qid_with_affiliation_clue,candidate_unreviewed
hnet,classic,12101,Troy Paddock,"Department of History, Southern Connecticut State University",,unmatched,Reclaiming a German Historiographical Tradition,The Discovery of Historicity in German Idealism and Historism,"Peter Koslowski, ed","August, 2006",https://www.h-net.org/reviews/showrev.php?id=12101,3f79f5223c382cbcf630d573c842abe8cc18b2b4d9a1e090679fbb89d698a847,0000-0003-4450-852x,name_only,1,[],False,Troy Paddock,"[""Southern Connecticut State University""]","[""Southern Connecticut State University""]",[],[],"[""f180d61dc8629768ca72df3969b4fe9efb2996cc5ad0e0cd0791076d059e2b1f""]",2_name_or_qid_with_affiliation_clue,candidate_unreviewed
hnet,classic,12761,Troy Paddock,"Department of History, Southern Connecticut State University",,unmatched,A Useful Companion,A Companion to Western Historical Thought,"Lloyd Kramer, Sarah Maza, eds","January, 2007",https://www.h-net.org/reviews/showrev.php?id=12761,dec0d77f89af352ed3f435a18239fa5943c4f6ec181cf89e408fb7308cfcad2e,0000-0003-4450-852x,name_only,1,[],False,Troy Paddock,"[""Southern Connecticut State University""]","[""Southern Connecticut State University""]",[],[],"[""f180d61dc8629768ca72df3969b4fe9efb2996cc5ad0e0cd0791076d059e2b1f""]",2_name_or_qid_with_affiliation_clue,candidate_unreviewed
hnet,classic,47082,Tyler Carrington,Cornell College,,unmatched,Citation:,"The Making of Romantic Love: Longing and Sexuality in Europe, South Asia, and Japan, 900-1200 CE",William M. Reddy,"June, 2016",http://www.h-net.org/reviews/showrev.php?id=47082,74281437b7cd60b5c4dc3fb49b36b9ba110351b514a583a20e384857bae404b1,0009-0007-0684-6698,name_only,1,[],False,Tyler Carrington,"[""Cornell College""]","[""Cornell College""]",[],[],"[""56d4bb4c4d0928ad7a8bb8ff8f2edd5a484da4808152dd74f94a4958cc2d8261""]",2_name_or_qid_with_affiliation_clue,candidate_unreviewed
hnet,classic,50794,Tyler Carrington,Cornell College,,unmatched,Citation:,Thinking about the Emotions: A Philosophical History,"Alix Cohen, Robert Stern","January, 2018",http://www.h-net.org/reviews/showrev.php?id=50794,a0790626da9c881dae3dad013c3bbbc6f264aa0f5de75031b15063c137e72f84,0009-0007-0684-6698,name_only,1,[],False,Tyler Carrington,"[""Cornell College""]","[""Cornell College""]",[],[],"[""56d4bb4c4d0928ad7a8bb8ff8f2edd5a484da4808152dd74f94a4958cc2d8261""]",2_name_or_qid_with_affiliation_clue,candidate_unreviewed
hnet,classic,50921,Vanessa Freije,University of Washington,,unmatched,Citation:,"A History of Infamy: Crime, Truth, and Justice in Mexico",Pablo Piccato,"April, 2018",https://www.h-net.org/reviews/showrev.php?id=50921,3c3f7031fa3a182d496517ce6ff0fb9eceb2fa14c45e13ff104252f64c5b72f3,0009-0000-2051-3215,name_only,1,[],False,Vanessa Freije,"[""University of Washington""]","[""University of Washington""]",[],[],"[""4ee149f9821069cfec4454a43b086d3d948059c6b579b36de6186de31a127acb""]",2_name_or_qid_with_affiliation_clue,candidate_unreviewed
hnet,classic,60007,Victoria Paige,Ohio State University,,unmatched,Citation:,Stalinism at War: The Soviet Union in World War II,Mark Edele,"February, 2024",https://www.h-net.org/reviews/showrev.php?id=60007,1add574b1309cd75e3ddac847348eae881ecb070506f2a5e14e95b7bb3f27e03,0009-0009-4686-6452,name_only,1,[],False,Victoria Paige,"[""PhD Candidate, Department of History, The Ohio State University Columbus, OH USA""]","[""PhD Candidate, Department of History, The Ohio State University Columbus, OH USA""]",[],[],"[""83282d85359f1cd0a8203b03a6497fe3dd88e50d4f9d4b249be8ab06156266b4""]",2_name_or_qid_with_affiliation_clue,candidate_unreviewed
hnet,classic,56283,William Tullett,Anglia Ruskin University,,unmatched,Citation:,The Smell of Slavery: Olfactory Racism and the Atlantic World,Andrew Kettler,"March, 2022",https://www.h-net.org/reviews/showrev.php?id=56283,2543406fd43a5e11127e43d732da75c5e32e6e1c08cb388926853aa9f8a5217c,0000-0002-8975-8031,name_only,1,[],False,WILLIAM TULLETT | William Tullett,"[""Anglia Ruskin University Associate Professor of sensory history, in Cambridge, UK"",""School of Humanities and Social Sciences, Anglia Ruskin University, Cambridge, United Kingdom""]","[""Anglia Ruskin University Associate Professor of sensory history, in Cambridge, UK"",""School of Humanities and Social Sciences, Anglia Ruskin University, Cambridge, United Kingdom"",""University of York Lecturer in Early Modern History, , United Kingdom""]",[],[],"[""1c74a8a4693c6a73a55e02d74b59541a2585bef9f453f46942fd8de68e158f8e"",""1d11847fe3c2473e63d6249fe6d98f302e04fad1f14266a86cc6b56f54fb2ede"",""285f6481f128be39d2416354f97d060fd9e1dae2c867702f5bb4611b22554d14"",""516c0df4f1d38722c9294d6e4875bc64571145fd85ee8429620c2bbde6971ef9"",""d2cfd663a76b924bbf6013182301c7929aec30d86e87184a8a3923929aace0bf""]",2_name_or_qid_with_affiliation_clue,candidate_unreviewed
hnet,classic,58286,Xiangli Ding,Rhode Island School of Design,,unmatched,"Ding on Mostern, The Yellow River",The Yellow River: A Natural and Unnatural History,Ruth Mostern,"November, 2022",https://www.h-net.org/reviews/showrev.php?id=58286,4ef54aa5d248bd93e32fcaf55056f3400810b61ee63792c2f8a64d380e57c3c3,0000-0002-9396-1251,name_only,1,[],False,Xiangli Ding,"[""Rhode Island School of Design""]","[""Rhode Island School of Design""]",[],[],"[""0f71cde822a2d1e9cd65e59e6fa064494bdeb6945c189c2aaab0c0825589e979"",""643c964cddea7132b46ff4a51cc4999cae7ff1af829602e9a9623e2cb7898500""]",2_name_or_qid_with_affiliation_clue,candidate_unreviewed
hnet,classic,58647,Xing Hang,Brandeis University,,unmatched,Citation:,The Opium Business: A History of Crime and Capitalism in Maritime China,Peter Thilly,"May, 2023",https://www.h-net.org/reviews/showrev.php?id=58647,42a23cbabd87b4be2190d41069fed8db45e93ca6a34ed71560772bb0e74c33d5,0000-0002-3657-9320,name_only,1,[],False,Xing Hang,"[""Brandeis University""]","[""Brandeis University"",""The Hong Kong Polytechnic University""]",[],[],"[""8c0f6fb491b4acc54553cb8c8ada346e66c7b4d713469242a3348b99e5c85ef6"",""a993cfd4561100c4a85124a07037643dc2d29a029c04ccf942c6f41365070d00""]",2_name_or_qid_with_affiliation_clue,candidate_unreviewed
hnet,classic,60869,Yoram Carboex,Norwegian University of Science and Technology,,unmatched,Citation:,Ready to Dive: Five Decades of Adventure in the Abyss,Curt Newport,"September, 2024",https://www.h-net.org/reviews/showrev.php?id=60869,751c99375493f4c8a3a0bc7478d6ff4960e2e0223a8d97da79585e3f96d2d0b8,0009-0001-5589-4019,name_only,1,[],False,Yoram Carboex,"[""Norwegian University of Science and Technology""]","[""Norwegian University of Science and Technology""]",[],[],"[""7a1fc7fa514ad0773ef81e343a945cdbe5fe622f538939e1c3334865a7b7e04c""]",2_name_or_qid_with_affiliation_clue,candidate_unreviewed
hnet,classic,61375,Yoram Carboex,Norwegian University of Science and Technology,,unmatched,Citation:,Deepwater Alchemy: Extractive Mediation and the Taming of the Seafloor,Lisa Yin Han,"February, 2025",https://www.h-net.org/reviews/showrev.php?id=61375,9ca6eb542d4ae7bfbe20ed28c3a4d9a565bc0722915051f1e8c6ddef0f59eb8a,0009-0001-5589-4019,name_only,1,[],False,Yoram Carboex,"[""Norwegian University of Science and Technology""]","[""Norwegian University of Science and Technology""]",[],[],"[""7a1fc7fa514ad0773ef81e343a945cdbe5fe622f538939e1c3334865a7b7e04c""]",2_name_or_qid_with_affiliation_clue,candidate_unreviewed
hnet,classic,36937,Zora Simic,University of New South Wales,,unmatched,Sex Down Under,The Sex Lives of Australians: A History,Frank Bongiorno,"September, 2012",http://www.h-net.org/reviews/showrev.php?id=36937,276f58aafdf6149542b106ed7731a35e3cb70702937d3331dd4d92480a6c0090,0000-0002-2443-2030,name_only,1,[],False,Zora Simic,"[""University of New South Wales""]","[""UNSW, Australia"",""University of New South Wales""]",[],[],"[""0fdfa5f9661d75a2072f7f345250d889e84963aec69bbaa80d93d127b4f66d0c"",""39842ae1b98d40ce8ff733ce1a71e4f398f02c636c4f97ce3a546c4b0f8e91d7"",""4efa0d79d6805d709d13fc79702ae87e8f3e9181a5e1feaeab16de754f7bf827"",""6a622d84bf563e8286a884aa28d2aa27d2f0fa9a6a360f467c7cc04af80a5bd1"",""6f88c467bf03410e06a7bfbff3cc0ffbce663096d7a16b0a45f87684cc66d0e6"",""82a3c94103f60d08b8bfeacc408d33e93217b2da7f22cfec230549e4bf9dda2b"",""ced497afb63cf4e071f9878c043cdeb747c9d2e563d706c2541b106ecffc1476""]",2_name_or_qid_with_affiliation_clue,candidate_unreviewed
