candidate_id,query,slug,local_path,line_start_hint,line_end_hint,evidence_status
new_capitalism,"""new history of capitalism""",berghudson,/home/jic823/capitalism/pdf/berghudson.txt,8789,8905,search_hit_only
new_capitalism,"""new history of capitalism""",berghudson,/home/jic823/capitalism/pdf/berghudson.txt,9257,9376,search_hit_only
new_capitalism,"""new history of capitalism""",berghudson,/home/jic823/capitalism/pdf/berghudson.txt,9612,9729,search_hit_only
new_capitalism,"""new history of capitalism""",burnard_riello_2020_jgh,/home/jic823/capitalism/pdf/burnard_riello_2020_jgh.txt,1,58,search_hit_only
new_capitalism,"""new history of capitalism""",burnard_riello_2020_jgh,/home/jic823/capitalism/pdf/burnard_riello_2020_jgh.txt,59,120,search_hit_only
new_capitalism,"""new history of capitalism""",burnard_riello_2020_jgh,/home/jic823/capitalism/pdf/burnard_riello_2020_jgh.txt,181,242,search_hit_only
new_capitalism,"""new history of capitalism""",burnard_riello_2020_jgh,/home/jic823/capitalism/pdf/burnard_riello_2020_jgh.txt,243,301,search_hit_only
new_capitalism,"""new history of capitalism""",burnard_riello_2020_jgh,/home/jic823/capitalism/pdf/burnard_riello_2020_jgh.txt,302,361,search_hit_only
new_capitalism,"""new history of capitalism""",burnard_riello_2020_jgh,/home/jic823/capitalism/pdf/burnard_riello_2020_jgh.txt,612,670,search_hit_only
new_capitalism,"""new history of capitalism""",burnard_riello_2020_jgh,/home/jic823/capitalism/pdf/burnard_riello_2020_jgh.txt,1168,1210,search_hit_only
new_capitalism,"""new history of capitalism""",clegg_2015_chs,/home/jic823/capitalism/pdf/clegg_2015_chs.txt,1047,1078,search_hit_only
new_capitalism,"""new history of capitalism""",clegg_2020_jhs,/home/jic823/capitalism/pdf/clegg_2020_jhs.txt,1280,1338,search_hit_only
new_capitalism,"""new history of capitalism""",hilt_2017_jeh,/home/jic823/capitalism/pdf/hilt_2017_jeh.txt,1,104,search_hit_only
new_capitalism,"""new history of capitalism""",hilt_2017_jeh,/home/jic823/capitalism/pdf/hilt_2017_jeh.txt,1184,1303,search_hit_only
new_capitalism,"""new history of capitalism""",hilt_2017_jeh,/home/jic823/capitalism/pdf/hilt_2017_jeh.txt,1305,1487,search_hit_only
new_capitalism,"""new history of capitalism""",olmstead_rhode2018,/home/jic823/capitalism/pdf/olmstead_rhode2018.txt,1,72,search_hit_only
new_capitalism,"""new history of capitalism""",olmstead_rhode2018,/home/jic823/capitalism/pdf/olmstead_rhode2018.txt,1122,1207,search_hit_only
new_capitalism,"""new history of capitalism""",olmstead_rhode_2018,/home/jic823/capitalism/pdf/olmstead_rhode_2018.txt,1,59,search_hit_only
new_capitalism,"""new history of capitalism""",olmstead_rhode_2018,/home/jic823/capitalism/pdf/olmstead_rhode_2018.txt,1098,1182,search_hit_only
new_capitalism,"""new history of capitalism""",project_muse_751005,/home/jic823/capitalism/pdf/project_muse_751005.txt,82,153,search_hit_only
new_capitalism,"""new history of capitalism""",project_muse_751005,/home/jic823/capitalism/pdf/project_muse_751005.txt,154,226,search_hit_only
new_capitalism,"""new history of capitalism""",project_muse_751005,/home/jic823/capitalism/pdf/project_muse_751005.txt,227,300,search_hit_only
new_capitalism,"""new history of capitalism""",project_muse_751005,/home/jic823/capitalism/pdf/project_muse_751005.txt,372,460,search_hit_only
new_capitalism,"""new history of capitalism""",project_muse_751005,/home/jic823/capitalism/pdf/project_muse_751005.txt,461,562,search_hit_only
new_capitalism,"""new history of capitalism""",rockman2980,/home/jic823/capitalism/pdf/rockman2980.txt,1,113,search_hit_only
new_capitalism,"""new history of capitalism""",rockman2980,/home/jic823/capitalism/pdf/rockman2980.txt,114,158,search_hit_only
new_capitalism,"""new history of capitalism""",rockman2980,/home/jic823/capitalism/pdf/rockman2980.txt,247,312,search_hit_only
new_capitalism,"""new history of capitalism""",rockman2980,/home/jic823/capitalism/pdf/rockman2980.txt,313,399,search_hit_only
new_capitalism,"""new history of capitalism""",wright_2020_ehr,/home/jic823/capitalism/pdf/wright_2020_ehr.txt,1,56,search_hit_only
new_capitalism,"""new history of capitalism""",wright_2020_ehr,/home/jic823/capitalism/pdf/wright_2020_ehr.txt,57,121,search_hit_only
new_capitalism,"""new history of capitalism""",wright_2020_ehr,/home/jic823/capitalism/pdf/wright_2020_ehr.txt,1211,1320,search_hit_only
new_capitalism,"""new history of capitalism""",wright_2020_ehr,/home/jic823/capitalism/pdf/wright_2020_ehr.txt,1449,1512,search_hit_only
new_capitalism,"""new history of capitalism""",wright_2020_ehr,/home/jic823/capitalism/pdf/wright_2020_ehr.txt,1644,1714,search_hit_only
new_capitalism,"""new history of capitalism""",wright_2020_ehr,/home/jic823/capitalism/pdf/wright_2020_ehr.txt,1715,1784,search_hit_only
new_capitalism,"""new history of capitalism""",wright_2022_ea,/home/jic823/capitalism/pdf/wright_2022_ea.txt,232,277,search_hit_only
new_capitalism,"""new history of capitalism""",wright_2022_ea,/home/jic823/capitalism/pdf/wright_2022_ea.txt,710,768,search_hit_only
new_capitalism,"""new history of capitalism""",wright_2022_ea,/home/jic823/capitalism/pdf/wright_2022_ea.txt,769,885,search_hit_only
new_capitalism,"""new history of capitalism""",wright_2022_ea,/home/jic823/capitalism/pdf/wright_2022_ea.txt,886,944,search_hit_only
great_divergence,"""great divergence""",allen2000_economic_structure_agricultural_productivity,/home/jic823/capitalism/pdf/allen2000_economic_structure_agricultural_productivity.txt,772,1032,search_hit_only
great_divergence,"""great divergence""",allen2000_economic_structure_agricultural_productivity,/home/jic823/capitalism/pdf/allen2000_economic_structure_agricultural_productivity.txt,1692,1791,search_hit_only
great_divergence,"""great divergence""",allen2001_great_divergence_european_wages_prices,/home/jic823/capitalism/pdf/allen2001_great_divergence_european_wages_prices.txt,1,92,search_hit_only
great_divergence,"""great divergence""",allen2005_real_wages_europe_asia_long_term,/home/jic823/capitalism/pdf/allen2005_real_wages_europe_asia_long_term.txt,945,1351,search_hit_only
great_divergence,"""great divergence""",allen2005_real_wages_europe_asia_long_term,/home/jic823/capitalism/pdf/allen2005_real_wages_europe_asia_long_term.txt,1352,1394,search_hit_only
great_divergence,"""great divergence""",allen2008b_review_clark_farewell_to_alms,/home/jic823/capitalism/pdf/allen2008b_review_clark_farewell_to_alms.txt,2466,2581,search_hit_only
great_divergence,"""great divergence""",allen2008b_review_clark_farewell_to_alms,/home/jic823/capitalism/pdf/allen2008b_review_clark_farewell_to_alms.txt,2702,2842,search_hit_only
great_divergence,"""great divergence""",allen2008b_review_clark_farewell_to_alms,/home/jic823/capitalism/pdf/allen2008b_review_clark_farewell_to_alms.txt,2843,3014,search_hit_only
great_divergence,"""great divergence""",allen2008b_review_clark_farewell_to_alms,/home/jic823/capitalism/pdf/allen2008b_review_clark_farewell_to_alms.txt,3190,3368,search_hit_only
great_divergence,"""great divergence""",allen2009_british_industrial_revolution_book,/home/jic823/capitalism/pdf/allen2009_british_industrial_revolution_book.txt,374,477,search_hit_only
great_divergence,"""great divergence""",allen2009_industrial_revolution_in_miniature_jenny,/home/jic823/capitalism/pdf/allen2009_industrial_revolution_in_miniature_jenny.txt,1,148,search_hit_only
great_divergence,"""great divergence""",allen2009_industrial_revolution_in_miniature_jenny,/home/jic823/capitalism/pdf/allen2009_industrial_revolution_in_miniature_jenny.txt,484,647,search_hit_only
great_divergence,"""great divergence""",allen2009_industrial_revolution_in_miniature_jenny,/home/jic823/capitalism/pdf/allen2009_industrial_revolution_in_miniature_jenny.txt,648,764,search_hit_only
great_divergence,"""great divergence""",allen2009_industrial_revolution_in_miniature_jenny,/home/jic823/capitalism/pdf/allen2009_industrial_revolution_in_miniature_jenny.txt,1243,1372,search_hit_only
great_divergence,"""great divergence""",allen2009_industrial_revolution_in_miniature_jenny,/home/jic823/capitalism/pdf/allen2009_industrial_revolution_in_miniature_jenny.txt,1373,1513,search_hit_only
great_divergence,"""great divergence""",allen2009_industrial_revolution_in_miniature_jenny,/home/jic823/capitalism/pdf/allen2009_industrial_revolution_in_miniature_jenny.txt,1514,1665,search_hit_only
great_divergence,"""great divergence""",allen2011_wages_prices_living_standards_china,/home/jic823/capitalism/pdf/allen2011_wages_prices_living_standards_china.txt,60,121,search_hit_only
great_divergence,"""great divergence""",allen2011_wages_prices_living_standards_china,/home/jic823/capitalism/pdf/allen2011_wages_prices_living_standards_china.txt,122,177,search_hit_only
great_divergence,"""great divergence""",allen2011_wages_prices_living_standards_china,/home/jic823/capitalism/pdf/allen2011_wages_prices_living_standards_china.txt,575,821,search_hit_only
great_divergence,"""great divergence""",allen2011_wages_prices_living_standards_china,/home/jic823/capitalism/pdf/allen2011_wages_prices_living_standards_china.txt,877,1044,search_hit_only
great_divergence,"""great divergence""",allen2011_wages_prices_living_standards_china,/home/jic823/capitalism/pdf/allen2011_wages_prices_living_standards_china.txt,1409,1615,search_hit_only
great_divergence,"""great divergence""",allen2011_wages_prices_living_standards_china,/home/jic823/capitalism/pdf/allen2011_wages_prices_living_standards_china.txt,1616,1674,search_hit_only
great_divergence,"""great divergence""",allen2011_wages_prices_living_standards_china,/home/jic823/capitalism/pdf/allen2011_wages_prices_living_standards_china.txt,1845,2059,search_hit_only
great_divergence,"""great divergence""",allen2011_wages_prices_living_standards_china,/home/jic823/capitalism/pdf/allen2011_wages_prices_living_standards_china.txt,2060,2175,search_hit_only
great_divergence,"""great divergence""",allen2011_wages_prices_living_standards_china,/home/jic823/capitalism/pdf/allen2011_wages_prices_living_standards_china.txt,2176,2236,search_hit_only
great_divergence,"""great divergence""",allen2011_wages_prices_living_standards_china,/home/jic823/capitalism/pdf/allen2011_wages_prices_living_standards_china.txt,2237,2295,search_hit_only
great_divergence,"""great divergence""",allen2011_wages_prices_living_standards_china,/home/jic823/capitalism/pdf/allen2011_wages_prices_living_standards_china.txt,2296,2357,search_hit_only
great_divergence,"""great divergence""",allen2011_wages_prices_living_standards_china,/home/jic823/capitalism/pdf/allen2011_wages_prices_living_standards_china.txt,2358,2429,search_hit_only
great_divergence,"""great divergence""",allen2011_wages_prices_living_standards_china,/home/jic823/capitalism/pdf/allen2011_wages_prices_living_standards_china.txt,2950,3124,search_hit_only
great_divergence,"""great divergence""",allen2011b_why_the_industrial_revolution_was_british,/home/jic823/capitalism/pdf/allen2011b_why_the_industrial_revolution_was_british.txt,1,61,search_hit_only
great_divergence,"""great divergence""",allen2011b_why_the_industrial_revolution_was_british,/home/jic823/capitalism/pdf/allen2011b_why_the_industrial_revolution_was_british.txt,116,418,search_hit_only
great_divergence,"""great divergence""",allen2011b_why_the_industrial_revolution_was_british,/home/jic823/capitalism/pdf/allen2011b_why_the_industrial_revolution_was_british.txt,419,480,search_hit_only
great_divergence,"""great divergence""",allen2011b_why_the_industrial_revolution_was_british,/home/jic823/capitalism/pdf/allen2011b_why_the_industrial_revolution_was_british.txt,538,686,search_hit_only
great_divergence,"""great divergence""",allen2011b_why_the_industrial_revolution_was_british,/home/jic823/capitalism/pdf/allen2011b_why_the_industrial_revolution_was_british.txt,1579,1634,search_hit_only
great_divergence,"""great divergence""",allen2011b_why_the_industrial_revolution_was_british,/home/jic823/capitalism/pdf/allen2011b_why_the_industrial_revolution_was_british.txt,1635,1702,search_hit_only
great_divergence,"""great divergence""",allen2011b_why_the_industrial_revolution_was_british,/home/jic823/capitalism/pdf/allen2011b_why_the_industrial_revolution_was_british.txt,1777,1848,search_hit_only
great_divergence,"""great divergence""",allen2012_colonial_origins_divergence_americas,/home/jic823/capitalism/pdf/allen2012_colonial_origins_divergence_americas.txt,1,142,search_hit_only
great_divergence,"""great divergence""",allen2012_colonial_origins_divergence_americas,/home/jic823/capitalism/pdf/allen2012_colonial_origins_divergence_americas.txt,143,239,search_hit_only
great_divergence,"""great divergence""",allen2012_colonial_origins_divergence_americas,/home/jic823/capitalism/pdf/allen2012_colonial_origins_divergence_americas.txt,356,487,search_hit_only
great_divergence,"""great divergence""",allen2012_colonial_origins_divergence_americas,/home/jic823/capitalism/pdf/allen2012_colonial_origins_divergence_americas.txt,488,637,search_hit_only
great_divergence,"""great divergence""",allen2012_colonial_origins_divergence_americas,/home/jic823/capitalism/pdf/allen2012_colonial_origins_divergence_americas.txt,732,851,search_hit_only
great_divergence,"""great divergence""",allen2012_colonial_origins_divergence_americas,/home/jic823/capitalism/pdf/allen2012_colonial_origins_divergence_americas.txt,1249,1362,search_hit_only
great_divergence,"""great divergence""",allen2012_colonial_origins_divergence_americas,/home/jic823/capitalism/pdf/allen2012_colonial_origins_divergence_americas.txt,1363,1466,search_hit_only
great_divergence,"""great divergence""",allen2012_colonial_origins_divergence_americas,/home/jic823/capitalism/pdf/allen2012_colonial_origins_divergence_americas.txt,1467,1604,search_hit_only
great_divergence,"""great divergence""",allen2012b_technology_and_the_great_divergence,/home/jic823/capitalism/pdf/allen2012b_technology_and_the_great_divergence.txt,1,63,search_hit_only
great_divergence,"""great divergence""",allen2012b_technology_and_the_great_divergence,/home/jic823/capitalism/pdf/allen2012b_technology_and_the_great_divergence.txt,1026,1086,search_hit_only
great_divergence,"""great divergence""",allen2012b_technology_and_the_great_divergence,/home/jic823/capitalism/pdf/allen2012b_technology_and_the_great_divergence.txt,1087,1170,search_hit_only
great_divergence,"""great divergence""",allen2014_american_exceptionalism_global_history,/home/jic823/capitalism/pdf/allen2014_american_exceptionalism_global_history.txt,145,262,search_hit_only
great_divergence,"""great divergence""",allen2014_american_exceptionalism_global_history,/home/jic823/capitalism/pdf/allen2014_american_exceptionalism_global_history.txt,2303,2435,search_hit_only
great_divergence,"""great divergence""",allen2014_american_exceptionalism_global_history,/home/jic823/capitalism/pdf/allen2014_american_exceptionalism_global_history.txt,2713,2853,search_hit_only
great_divergence,"""great divergence""",allen_gpih_notes,/home/jic823/capitalism/pdf/allen_gpih_notes.txt,1,173,search_hit_only
great_divergence,"""great divergence""",allen_gpih_notes,/home/jic823/capitalism/pdf/allen_gpih_notes.txt,174,333,search_hit_only
great_divergence,"""great divergence""",allen_gpih_notes,/home/jic823/capitalism/pdf/allen_gpih_notes.txt,499,664,search_hit_only
great_divergence,"""great divergence""",allen_gpih_notes,/home/jic823/capitalism/pdf/allen_gpih_notes.txt,826,989,search_hit_only
great_divergence,"""great divergence""",allen_gpih_notes,/home/jic823/capitalism/pdf/allen_gpih_notes.txt,990,1152,search_hit_only
great_divergence,"""great divergence""",allen_gpih_notes,/home/jic823/capitalism/pdf/allen_gpih_notes.txt,1639,1804,search_hit_only
great_divergence,"""great divergence""",allen_gpih_notes,/home/jic823/capitalism/pdf/allen_gpih_notes.txt,2156,2328,search_hit_only
great_divergence,"""great divergence""",allen_gpih_notes,/home/jic823/capitalism/pdf/allen_gpih_notes.txt,2329,2560,search_hit_only
great_divergence,"""great divergence""",allen_gpih_notes,/home/jic823/capitalism/pdf/allen_gpih_notes.txt,2561,2816,search_hit_only
great_divergence,"""great divergence""",allen_weisdorf2011_industrious_revolution_empirical,/home/jic823/capitalism/pdf/allen_weisdorf2011_industrious_revolution_empirical.txt,111,255,search_hit_only
great_divergence,"""great divergence""",allen_weisdorf2011_industrious_revolution_empirical,/home/jic823/capitalism/pdf/allen_weisdorf2011_industrious_revolution_empirical.txt,1062,1154,search_hit_only
great_divergence,"""great divergence""",allennd_british_industrial_revolution_global_persp,/home/jic823/capitalism/pdf/allennd_british_industrial_revolution_global_persp.txt,213,394,search_hit_only
great_divergence,"""great divergence""",allennd_british_industrial_revolution_global_persp,/home/jic823/capitalism/pdf/allennd_british_industrial_revolution_global_persp.txt,1054,1180,search_hit_only
great_divergence,"""great divergence""",allennd_how_commerce_created_industrial_revolution,/home/jic823/capitalism/pdf/allennd_how_commerce_created_industrial_revolution.txt,1546,1643,search_hit_only
great_divergence,"""great divergence""",allennd_how_commerce_created_industrial_revolution,/home/jic823/capitalism/pdf/allennd_how_commerce_created_industrial_revolution.txt,1749,1862,search_hit_only
great_divergence,"""great divergence""",bassino2019,/home/jic823/capitalism/pdf/bassino2019.txt,1,75,search_hit_only
great_divergence,"""great divergence""",bassino2019,/home/jic823/capitalism/pdf/bassino2019.txt,76,141,search_hit_only
great_divergence,"""great divergence""",bassino2019,/home/jic823/capitalism/pdf/bassino2019.txt,1090,1161,search_hit_only
great_divergence,"""great divergence""",bassino2019,/home/jic823/capitalism/pdf/bassino2019.txt,1162,1232,search_hit_only
great_divergence,"""great divergence""",bassino2019,/home/jic823/capitalism/pdf/bassino2019.txt,1233,1341,search_hit_only
great_divergence,"""great divergence""",bassino2019,/home/jic823/capitalism/pdf/bassino2019.txt,1419,1495,search_hit_only
great_divergence,"""great divergence""",bassino2019,/home/jic823/capitalism/pdf/bassino2019.txt,1582,1639,search_hit_only
great_divergence,"""great divergence""",bckov2010_british_economic_growth_1270_1870_wp,/home/jic823/capitalism/pdf/bckov2010_british_economic_growth_1270_1870_wp.txt,835,1201,search_hit_only
great_divergence,"""great divergence""",bckov2010_british_economic_growth_1270_1870_wp,/home/jic823/capitalism/pdf/bckov2010_british_economic_growth_1270_1870_wp.txt,2494,2949,search_hit_only
great_divergence,"""great divergence""",bckov2010_british_economic_growth_1270_1870_wp,/home/jic823/capitalism/pdf/bckov2010_british_economic_growth_1270_1870_wp.txt,2950,3092,search_hit_only
great_divergence,"""great divergence""",bckov2010_british_economic_growth_1270_1870_wp,/home/jic823/capitalism/pdf/bckov2010_british_economic_growth_1270_1870_wp.txt,3093,3173,search_hit_only
great_divergence,"""great divergence""",berghudson,/home/jic823/capitalism/pdf/berghudson.txt,3011,3136,search_hit_only
great_divergence,"""great divergence""",berghudson,/home/jic823/capitalism/pdf/berghudson.txt,8789,8905,search_hit_only
great_divergence,"""great divergence""",berghudson,/home/jic823/capitalism/pdf/berghudson.txt,9612,9729,search_hit_only
great_divergence,"""great divergence""",berghudson,/home/jic823/capitalism/pdf/berghudson.txt,9730,9846,search_hit_only
great_divergence,"""great divergence""",berghudson,/home/jic823/capitalism/pdf/berghudson.txt,9966,10080,search_hit_only
great_divergence,"""great divergence""",berghudson,/home/jic823/capitalism/pdf/berghudson.txt,10798,11091,search_hit_only
great_divergence,"""great divergence""",bouscasse2025_when_did_growth_begin_new_estimates_of_p,/home/jic823/capitalism/pdf/bouscasse2025_when_did_growth_begin_new_estimates_of_p.txt,1,138,search_hit_only
great_divergence,"""great divergence""",broadberry2006_early_modern_great_divergence_wages_prices,/home/jic823/capitalism/pdf/broadberry2006_early_modern_great_divergence_wages_prices.txt,1,105,search_hit_only
great_divergence,"""great divergence""",broadberry2006_early_modern_great_divergence_wages_prices,/home/jic823/capitalism/pdf/broadberry2006_early_modern_great_divergence_wages_prices.txt,106,516,search_hit_only
great_divergence,"""great divergence""",broadberry2006_early_modern_great_divergence_wages_prices,/home/jic823/capitalism/pdf/broadberry2006_early_modern_great_divergence_wages_prices.txt,517,954,search_hit_only
great_divergence,"""great divergence""",broadberry2006_early_modern_great_divergence_wages_prices,/home/jic823/capitalism/pdf/broadberry2006_early_modern_great_divergence_wages_prices.txt,955,1141,search_hit_only
great_divergence,"""great divergence""",broadberry2006_early_modern_great_divergence_wages_prices,/home/jic823/capitalism/pdf/broadberry2006_early_modern_great_divergence_wages_prices.txt,1142,1254,search_hit_only
great_divergence,"""great divergence""",broadberry2006_early_modern_great_divergence_wages_prices,/home/jic823/capitalism/pdf/broadberry2006_early_modern_great_divergence_wages_prices.txt,1255,1371,search_hit_only
great_divergence,"""great divergence""",broadberry2006_early_modern_great_divergence_wages_prices,/home/jic823/capitalism/pdf/broadberry2006_early_modern_great_divergence_wages_prices.txt,1527,1587,search_hit_only
great_divergence,"""great divergence""",broadberry2006_early_modern_great_divergence_wages_prices,/home/jic823/capitalism/pdf/broadberry2006_early_modern_great_divergence_wages_prices.txt,1588,1758,search_hit_only
great_divergence,"""great divergence""",broadberry2006_early_modern_great_divergence_wages_prices,/home/jic823/capitalism/pdf/broadberry2006_early_modern_great_divergence_wages_prices.txt,1759,1924,search_hit_only
great_divergence,"""great divergence""",broadberry2006_early_modern_great_divergence_wages_prices,/home/jic823/capitalism/pdf/broadberry2006_early_modern_great_divergence_wages_prices.txt,1925,2133,search_hit_only
great_divergence,"""great divergence""",broadberry2006_early_modern_great_divergence_wages_prices,/home/jic823/capitalism/pdf/broadberry2006_early_modern_great_divergence_wages_prices.txt,2134,2317,search_hit_only
great_divergence,"""great divergence""",broadberry2006_early_modern_great_divergence_wages_prices,/home/jic823/capitalism/pdf/broadberry2006_early_modern_great_divergence_wages_prices.txt,2318,2427,search_hit_only
great_divergence,"""great divergence""",broadberry2006_early_modern_great_divergence_wages_prices,/home/jic823/capitalism/pdf/broadberry2006_early_modern_great_divergence_wages_prices.txt,2428,2543,search_hit_only
great_divergence,"""great divergence""",broadberry2006_early_modern_great_divergence_wages_prices,/home/jic823/capitalism/pdf/broadberry2006_early_modern_great_divergence_wages_prices.txt,2609,2675,search_hit_only
great_divergence,"""great divergence""",broadberry2006_early_modern_great_divergence_wages_prices,/home/jic823/capitalism/pdf/broadberry2006_early_modern_great_divergence_wages_prices.txt,2676,2743,search_hit_only
great_divergence,"""great divergence""",broadberry2006_early_modern_great_divergence_wages_prices,/home/jic823/capitalism/pdf/broadberry2006_early_modern_great_divergence_wages_prices.txt,2744,2782,search_hit_only
great_divergence,"""great divergence""",broadberry2007_very_long_run_growth_theory_appraisal,/home/jic823/capitalism/pdf/broadberry2007_very_long_run_growth_theory_appraisal.txt,1,118,search_hit_only
great_divergence,"""great divergence""",broadberry2007_very_long_run_growth_theory_appraisal,/home/jic823/capitalism/pdf/broadberry2007_very_long_run_growth_theory_appraisal.txt,377,460,search_hit_only
great_divergence,"""great divergence""",broadberry2007_very_long_run_growth_theory_appraisal,/home/jic823/capitalism/pdf/broadberry2007_very_long_run_growth_theory_appraisal.txt,875,1355,search_hit_only
great_divergence,"""great divergence""",broadberry2007_very_long_run_growth_theory_appraisal,/home/jic823/capitalism/pdf/broadberry2007_very_long_run_growth_theory_appraisal.txt,2161,2262,search_hit_only
great_divergence,"""great divergence""",broadberry2007_very_long_run_growth_theory_appraisal,/home/jic823/capitalism/pdf/broadberry2007_very_long_run_growth_theory_appraisal.txt,2263,2381,search_hit_only
great_divergence,"""great divergence""",broadberry2009_lancashire_india_cotton_textiles,/home/jic823/capitalism/pdf/broadberry2009_lancashire_india_cotton_textiles.txt,1,119,search_hit_only
great_divergence,"""great divergence""",broadberry2009_lancashire_india_cotton_textiles,/home/jic823/capitalism/pdf/broadberry2009_lancashire_india_cotton_textiles.txt,854,921,search_hit_only
great_divergence,"""great divergence""",broadberry2009_lancashire_india_cotton_textiles,/home/jic823/capitalism/pdf/broadberry2009_lancashire_india_cotton_textiles.txt,1958,2023,search_hit_only
great_divergence,"""great divergence""",broadberry2009_lancashire_india_cotton_textiles,/home/jic823/capitalism/pdf/broadberry2009_lancashire_india_cotton_textiles.txt,2024,2090,search_hit_only
great_divergence,"""great divergence""",broadberry2020_ir_great_divergence_national_accounting,/home/jic823/capitalism/pdf/broadberry2020_ir_great_divergence_national_accounting.txt,1,117,search_hit_only
great_divergence,"""great divergence""",broadberry2020_ir_great_divergence_national_accounting,/home/jic823/capitalism/pdf/broadberry2020_ir_great_divergence_national_accounting.txt,118,201,search_hit_only
great_divergence,"""great divergence""",broadberry2020_ir_great_divergence_national_accounting,/home/jic823/capitalism/pdf/broadberry2020_ir_great_divergence_national_accounting.txt,380,456,search_hit_only
great_divergence,"""great divergence""",broadberry2020_ir_great_divergence_national_accounting,/home/jic823/capitalism/pdf/broadberry2020_ir_great_divergence_national_accounting.txt,457,535,search_hit_only
great_divergence,"""great divergence""",broadberry2020_ir_great_divergence_national_accounting,/home/jic823/capitalism/pdf/broadberry2020_ir_great_divergence_national_accounting.txt,536,617,search_hit_only
great_divergence,"""great divergence""",broadberry2020_ir_great_divergence_national_accounting,/home/jic823/capitalism/pdf/broadberry2020_ir_great_divergence_national_accounting.txt,618,701,search_hit_only
great_divergence,"""great divergence""",broadberry2020_ir_great_divergence_national_accounting,/home/jic823/capitalism/pdf/broadberry2020_ir_great_divergence_national_accounting.txt,702,784,search_hit_only
great_divergence,"""great divergence""",broadberry2020_ir_great_divergence_national_accounting,/home/jic823/capitalism/pdf/broadberry2020_ir_great_divergence_national_accounting.txt,785,1426,search_hit_only
great_divergence,"""great divergence""",broadberry2020_ir_great_divergence_national_accounting,/home/jic823/capitalism/pdf/broadberry2020_ir_great_divergence_national_accounting.txt,1427,1684,search_hit_only
great_divergence,"""great divergence""",broadberry2020_ir_great_divergence_national_accounting,/home/jic823/capitalism/pdf/broadberry2020_ir_great_divergence_national_accounting.txt,1685,1784,search_hit_only
great_divergence,"""great divergence""",broadberry2020_ir_great_divergence_national_accounting,/home/jic823/capitalism/pdf/broadberry2020_ir_great_divergence_national_accounting.txt,1785,1860,search_hit_only
great_divergence,"""great divergence""",broadberry_2012_wp,/home/jic823/capitalism/pdf/broadberry_2012_wp.txt,1962,2247,search_hit_only
great_divergence,"""great divergence""",broadberry_2012_wp,/home/jic823/capitalism/pdf/broadberry_2012_wp.txt,2340,2428,search_hit_only
great_divergence,"""great divergence""",broadberry_2015_india_and_the_great_divergence_an_anglo_in,/home/jic823/capitalism/pdf/broadberry_2015_india_and_the_great_divergence_an_anglo_in.txt,1,58,search_hit_only
great_divergence,"""great divergence""",broadberry_2015_india_and_the_great_divergence_an_anglo_in,/home/jic823/capitalism/pdf/broadberry_2015_india_and_the_great_divergence_an_anglo_in.txt,59,158,search_hit_only
great_divergence,"""great divergence""",broadberry_2015_india_and_the_great_divergence_an_anglo_in,/home/jic823/capitalism/pdf/broadberry_2015_india_and_the_great_divergence_an_anglo_in.txt,159,259,search_hit_only
great_divergence,"""great divergence""",broadberry_2015_india_and_the_great_divergence_an_anglo_in,/home/jic823/capitalism/pdf/broadberry_2015_india_and_the_great_divergence_an_anglo_in.txt,2149,2277,search_hit_only
great_divergence,"""great divergence""",broadberry_2015_india_and_the_great_divergence_an_anglo_in,/home/jic823/capitalism/pdf/broadberry_2015_india_and_the_great_divergence_an_anglo_in.txt,2278,2385,search_hit_only
great_divergence,"""great divergence""",broadberry_2015_india_and_the_great_divergence_an_anglo_in,/home/jic823/capitalism/pdf/broadberry_2015_india_and_the_great_divergence_an_anglo_in.txt,2386,2513,search_hit_only
great_divergence,"""great divergence""",broadberry_2015_india_and_the_great_divergence_an_anglo_in,/home/jic823/capitalism/pdf/broadberry_2015_india_and_the_great_divergence_an_anglo_in.txt,2514,2623,search_hit_only
great_divergence,"""great divergence""",broadberry_2017_growing_shrinking_and_long_run_economic_pe,/home/jic823/capitalism/pdf/broadberry_2017_growing_shrinking_and_long_run_economic_pe.txt,541,618,search_hit_only
great_divergence,"""great divergence""",broadberry_2017_growing_shrinking_and_long_run_economic_pe,/home/jic823/capitalism/pdf/broadberry_2017_growing_shrinking_and_long_run_economic_pe.txt,2933,3157,search_hit_only
great_divergence,"""great divergence""",broadberry_2018_jeh,/home/jic823/capitalism/pdf/broadberry_2018_jeh.txt,1,92,search_hit_only
great_divergence,"""great divergence""",broadberry_2018_jeh,/home/jic823/capitalism/pdf/broadberry_2018_jeh.txt,93,177,search_hit_only
great_divergence,"""great divergence""",broadberry_2018_jeh,/home/jic823/capitalism/pdf/broadberry_2018_jeh.txt,178,262,search_hit_only
great_divergence,"""great divergence""",broadberry_2018_jeh,/home/jic823/capitalism/pdf/broadberry_2018_jeh.txt,263,337,search_hit_only
great_divergence,"""great divergence""",broadberry_2018_jeh,/home/jic823/capitalism/pdf/broadberry_2018_jeh.txt,338,621,search_hit_only
great_divergence,"""great divergence""",broadberry_2018_jeh,/home/jic823/capitalism/pdf/broadberry_2018_jeh.txt,622,709,search_hit_only
great_divergence,"""great divergence""",broadberry_2018_jeh,/home/jic823/capitalism/pdf/broadberry_2018_jeh.txt,710,915,search_hit_only
great_divergence,"""great divergence""",broadberry_2018_jeh,/home/jic823/capitalism/pdf/broadberry_2018_jeh.txt,916,1168,search_hit_only
great_divergence,"""great divergence""",broadberry_2018_jeh,/home/jic823/capitalism/pdf/broadberry_2018_jeh.txt,1169,1313,search_hit_only
great_divergence,"""great divergence""",broadberry_2018_jeh,/home/jic823/capitalism/pdf/broadberry_2018_jeh.txt,1314,1599,search_hit_only
great_divergence,"""great divergence""",broadberry_2018_jeh,/home/jic823/capitalism/pdf/broadberry_2018_jeh.txt,1600,1789,search_hit_only
great_divergence,"""great divergence""",broadberry_2018_jeh,/home/jic823/capitalism/pdf/broadberry_2018_jeh.txt,1790,2022,search_hit_only
great_divergence,"""great divergence""",broadberry_2018_jeh,/home/jic823/capitalism/pdf/broadberry_2018_jeh.txt,2023,2113,search_hit_only
great_divergence,"""great divergence""",broadberry_2018_jeh,/home/jic823/capitalism/pdf/broadberry_2018_jeh.txt,2114,2204,search_hit_only
great_divergence,"""great divergence""",broadberry_2018_jeh,/home/jic823/capitalism/pdf/broadberry_2018_jeh.txt,2205,2524,search_hit_only
great_divergence,"""great divergence""",broadberry_2018_jeh,/home/jic823/capitalism/pdf/broadberry_2018_jeh.txt,2525,2874,search_hit_only
great_divergence,"""great divergence""",broadberry_2018_jeh,/home/jic823/capitalism/pdf/broadberry_2018_jeh.txt,2875,3027,search_hit_only
great_divergence,"""great divergence""",broadberry_2018_jeh,/home/jic823/capitalism/pdf/broadberry_2018_jeh.txt,3028,3778,search_hit_only
great_divergence,"""great divergence""",broadberry_2018_jeh,/home/jic823/capitalism/pdf/broadberry_2018_jeh.txt,3779,4177,search_hit_only
great_divergence,"""great divergence""",broadberry_2018_jeh,/home/jic823/capitalism/pdf/broadberry_2018_jeh.txt,4178,4287,search_hit_only
great_divergence,"""great divergence""",broadberry_2018_jeh,/home/jic823/capitalism/pdf/broadberry_2018_jeh.txt,4288,4368,search_hit_only
great_divergence,"""great divergence""",broadberry_2021_china_europe_and_the_great_divergence_a_re,/home/jic823/capitalism/pdf/broadberry_2021_china_europe_and_the_great_divergence_a_re.txt,1,79,search_hit_only
great_divergence,"""great divergence""",broadberry_2021_china_europe_and_the_great_divergence_a_re,/home/jic823/capitalism/pdf/broadberry_2021_china_europe_and_the_great_divergence_a_re.txt,80,167,search_hit_only
great_divergence,"""great divergence""",broadberry_2021_china_europe_and_the_great_divergence_a_re,/home/jic823/capitalism/pdf/broadberry_2021_china_europe_and_the_great_divergence_a_re.txt,168,231,search_hit_only
great_divergence,"""great divergence""",broadberry_2021_china_europe_and_the_great_divergence_a_re,/home/jic823/capitalism/pdf/broadberry_2021_china_europe_and_the_great_divergence_a_re.txt,232,285,search_hit_only
great_divergence,"""great divergence""",broadberry_2021_china_europe_and_the_great_divergence_a_re,/home/jic823/capitalism/pdf/broadberry_2021_china_europe_and_the_great_divergence_a_re.txt,286,852,search_hit_only
great_divergence,"""great divergence""",broadberry_2021_china_europe_and_the_great_divergence_a_re,/home/jic823/capitalism/pdf/broadberry_2021_china_europe_and_the_great_divergence_a_re.txt,853,1312,search_hit_only
great_divergence,"""great divergence""",broadberry_2021_jgh,/home/jic823/capitalism/pdf/broadberry_2021_jgh.txt,1,93,search_hit_only
great_divergence,"""great divergence""",broadberry_2021_jgh,/home/jic823/capitalism/pdf/broadberry_2021_jgh.txt,94,166,search_hit_only
great_divergence,"""great divergence""",broadberry_2021_jgh,/home/jic823/capitalism/pdf/broadberry_2021_jgh.txt,167,339,search_hit_only
great_divergence,"""great divergence""",broadberry_2021_jgh,/home/jic823/capitalism/pdf/broadberry_2021_jgh.txt,340,612,search_hit_only
great_divergence,"""great divergence""",broadberry_2024_catching_up_and_falling_behind_russian_eco,/home/jic823/capitalism/pdf/broadberry_2024_catching_up_and_falling_behind_russian_eco.txt,1425,1520,search_hit_only
great_divergence,"""great divergence""",broadberry_accounting_for_the_great_divergence,/home/jic823/capitalism/pdf/broadberry_accounting_for_the_great_divergence.txt,1,107,search_hit_only
great_divergence,"""great divergence""",broadberry_accounting_for_the_great_divergence,/home/jic823/capitalism/pdf/broadberry_accounting_for_the_great_divergence.txt,108,188,search_hit_only
great_divergence,"""great divergence""",broadberry_accounting_for_the_great_divergence,/home/jic823/capitalism/pdf/broadberry_accounting_for_the_great_divergence.txt,276,356,search_hit_only
great_divergence,"""great divergence""",broadberry_accounting_for_the_great_divergence,/home/jic823/capitalism/pdf/broadberry_accounting_for_the_great_divergence.txt,440,520,search_hit_only
great_divergence,"""great divergence""",broadberry_accounting_for_the_great_divergence,/home/jic823/capitalism/pdf/broadberry_accounting_for_the_great_divergence.txt,521,622,search_hit_only
great_divergence,"""great divergence""",broadberry_accounting_for_the_great_divergence,/home/jic823/capitalism/pdf/broadberry_accounting_for_the_great_divergence.txt,1293,1400,search_hit_only
great_divergence,"""great divergence""",burnard_riello_2020_jgh,/home/jic823/capitalism/pdf/burnard_riello_2020_jgh.txt,1,58,search_hit_only
great_divergence,"""great divergence""",burnard_riello_2020_jgh,/home/jic823/capitalism/pdf/burnard_riello_2020_jgh.txt,121,180,search_hit_only
great_divergence,"""great divergence""",burnard_riello_2020_jgh,/home/jic823/capitalism/pdf/burnard_riello_2020_jgh.txt,181,242,search_hit_only
great_divergence,"""great divergence""",burnard_riello_2020_jgh,/home/jic823/capitalism/pdf/burnard_riello_2020_jgh.txt,490,551,search_hit_only
great_divergence,"""great divergence""",burnard_riello_2020_jgh,/home/jic823/capitalism/pdf/burnard_riello_2020_jgh.txt,788,852,search_hit_only
great_divergence,"""great divergence""",campop_adam_smith_revisited_wool_coal,/home/jic823/capitalism/pdf/campop_adam_smith_revisited_wool_coal.txt,1411,1627,search_hit_only
great_divergence,"""great divergence""",chc-v2,/home/jic823/capitalism/pdf/chc-v2.txt,379,462,search_hit_only
great_divergence,"""great divergence""",chc-v2,/home/jic823/capitalism/pdf/chc-v2.txt,5569,5657,search_hit_only
great_divergence,"""great divergence""",chc-v2,/home/jic823/capitalism/pdf/chc-v2.txt,15566,15669,search_hit_only
great_divergence,"""great divergence""",chc-v2,/home/jic823/capitalism/pdf/chc-v2.txt,15775,15871,search_hit_only
great_divergence,"""great divergence""",chc-v2,/home/jic823/capitalism/pdf/chc-v2.txt,24350,24443,search_hit_only
great_divergence,"""great divergence""",chc-v2,/home/jic823/capitalism/pdf/chc-v2.txt,24444,24549,search_hit_only
great_divergence,"""great divergence""",chc-v2,/home/jic823/capitalism/pdf/chc-v2.txt,26182,26408,search_hit_only
great_divergence,"""great divergence""",clegg_2015_chs,/home/jic823/capitalism/pdf/clegg_2015_chs.txt,641,730,search_hit_only
great_divergence,"""great divergence""",clifford2021,/home/jic823/capitalism/pdf/clifford2021.txt,153,257,search_hit_only
great_divergence,"""great divergence""",crafts_mills2017_six_centuries_british_growth_breaks,/home/jic823/capitalism/pdf/crafts_mills2017_six_centuries_british_growth_breaks.txt,148,202,search_hit_only
great_divergence,"""great divergence""",crafts_mills2017_six_centuries_british_growth_breaks,/home/jic823/capitalism/pdf/crafts_mills2017_six_centuries_british_growth_breaks.txt,1123,1165,search_hit_only
great_divergence,"""great divergence""",crafts_mills2017_six_centuries_british_growth_breaks,/home/jic823/capitalism/pdf/crafts_mills2017_six_centuries_british_growth_breaks.txt,1166,1234,search_hit_only
great_divergence,"""great divergence""",curtis_dijkman_famines,/home/jic823/capitalism/pdf/curtis_dijkman_famines.txt,868,976,search_hit_only
great_divergence,"""great divergence""",envhis_12_1,/home/jic823/capitalism/pdf/envhis_12_1.txt,450,501,search_hit_only
great_divergence,"""great divergence""",envhis_12_1,/home/jic823/capitalism/pdf/envhis_12_1.txt,1091,1149,search_hit_only
great_divergence,"""great divergence""",fouquet_2015_seven_centuries_of_european_economic_growth_a,/home/jic823/capitalism/pdf/fouquet_2015_seven_centuries_of_european_economic_growth_a.txt,287,427,search_hit_only
great_divergence,"""great divergence""",fouquet_2015_seven_centuries_of_european_economic_growth_a,/home/jic823/capitalism/pdf/fouquet_2015_seven_centuries_of_european_economic_growth_a.txt,668,754,search_hit_only
great_divergence,"""great divergence""",fouquet_2015_seven_centuries_of_european_economic_growth_a,/home/jic823/capitalism/pdf/fouquet_2015_seven_centuries_of_european_economic_growth_a.txt,755,912,search_hit_only
great_divergence,"""great divergence""",fouquet_2015_seven_centuries_of_european_economic_growth_a,/home/jic823/capitalism/pdf/fouquet_2015_seven_centuries_of_european_economic_growth_a.txt,1026,1127,search_hit_only
great_divergence,"""great divergence""",goldstone_2021_jgh,/home/jic823/capitalism/pdf/goldstone_2021_jgh.txt,1,51,search_hit_only
great_divergence,"""great divergence""",goldstone_2021_jgh,/home/jic823/capitalism/pdf/goldstone_2021_jgh.txt,52,114,search_hit_only
great_divergence,"""great divergence""",goldstone_2021_jgh,/home/jic823/capitalism/pdf/goldstone_2021_jgh.txt,115,170,search_hit_only
great_divergence,"""great divergence""",goldstone_2021_jgh,/home/jic823/capitalism/pdf/goldstone_2021_jgh.txt,1046,1103,search_hit_only
great_divergence,"""great divergence""",goldstone_2021_jgh,/home/jic823/capitalism/pdf/goldstone_2021_jgh.txt,1104,1163,search_hit_only
great_divergence,"""great divergence""",goldstone_2021_jgh,/home/jic823/capitalism/pdf/goldstone_2021_jgh.txt,1164,1247,search_hit_only
great_divergence,"""great divergence""",goldstone_2021_jgh,/home/jic823/capitalism/pdf/goldstone_2021_jgh.txt,1248,1330,search_hit_only
great_divergence,"""great divergence""",greatdivergence_dl,/home/jic823/capitalism/pdf/greatdivergence_dl.txt,1,92,search_hit_only
great_divergence,"""great divergence""",hilt_2017_jeh,/home/jic823/capitalism/pdf/hilt_2017_jeh.txt,340,439,search_hit_only
great_divergence,"""great divergence""",hilt_2017_jeh,/home/jic823/capitalism/pdf/hilt_2017_jeh.txt,1489,1567,search_hit_only
great_divergence,"""great divergence""",horrell2020_malthus_missing_women_and_children,/home/jic823/capitalism/pdf/horrell2020_malthus_missing_women_and_children.txt,1821,1945,search_hit_only
great_divergence,"""great divergence""",horrell2021_family_standards_of_living_1280_1850,/home/jic823/capitalism/pdf/horrell2021_family_standards_of_living_1280_1850.txt,1,101,search_hit_only
great_divergence,"""great divergence""",humphries2019_unreal_wages_real_income_and_growth,/home/jic823/capitalism/pdf/humphries2019_unreal_wages_real_income_and_growth.txt,901,991,search_hit_only
great_divergence,"""great divergence""",humphries2019_unreal_wages_real_income_and_growth,/home/jic823/capitalism/pdf/humphries2019_unreal_wages_real_income_and_growth.txt,992,1059,search_hit_only
great_divergence,"""great divergence""",humphries2024_careworn_economic_history_caring_labor,/home/jic823/capitalism/pdf/humphries2024_careworn_economic_history_caring_labor.txt,1418,1502,search_hit_only
great_divergence,"""great divergence""",jones_2012_the_future_of_economic_business_and_social_hist,/home/jic823/capitalism/pdf/jones_2012_the_future_of_economic_business_and_social_hist.txt,338,441,search_hit_only
great_divergence,"""great divergence""",jones_2012_the_future_of_economic_business_and_social_hist,/home/jic823/capitalism/pdf/jones_2012_the_future_of_economic_business_and_social_hist.txt,442,492,search_hit_only
great_divergence,"""great divergence""",jones_2012_the_future_of_economic_business_and_social_hist,/home/jic823/capitalism/pdf/jones_2012_the_future_of_economic_business_and_social_hist.txt,1037,1136,search_hit_only
great_divergence,"""great divergence""",jones_2012_the_future_of_economic_business_and_social_hist,/home/jic823/capitalism/pdf/jones_2012_the_future_of_economic_business_and_social_hist.txt,1336,1452,search_hit_only
great_divergence,"""great divergence""",jones_2012_the_future_of_economic_business_and_social_hist,/home/jic823/capitalism/pdf/jones_2012_the_future_of_economic_business_and_social_hist.txt,1453,1564,search_hit_only
great_divergence,"""great divergence""",jonsson_2010_ahr,/home/jic823/capitalism/pdf/jonsson_2010_ahr.txt,133,180,search_hit_only
great_divergence,"""great divergence""",jonsson_2012_jmh,/home/jic823/capitalism/pdf/jonsson_2012_jmh.txt,635,727,search_hit_only
great_divergence,"""great divergence""",jonsson_2012_jmh_flat,/home/jic823/capitalism/pdf/jonsson_2012_jmh_flat.txt,622,712,search_hit_only
great_divergence,"""great divergence""",jonsson_2012_jmh_notes,/home/jic823/capitalism/pdf/jonsson_2012_jmh_notes.txt,250,339,search_hit_only
great_divergence,"""great divergence""",malanima2015,/home/jic823/capitalism/pdf/malanima2015.txt,1924,1984,search_hit_only
great_divergence,"""great divergence""",malanima2015,/home/jic823/capitalism/pdf/malanima2015.txt,1985,2052,search_hit_only
great_divergence,"""great divergence""",malm2016-ocr,/home/jic823/capitalism/pdf/malm2016-ocr.txt,3319,3529,search_hit_only
great_divergence,"""great divergence""",moore2010b,/home/jic823/capitalism/pdf/moore2010b.txt,1935,2044,search_hit_only
great_divergence,"""great divergence""",moore2017,/home/jic823/capitalism/pdf/moore2017.txt,1686,1747,search_hit_only
great_divergence,"""great divergence""",mutua_2022_jlpe,/home/jic823/capitalism/pdf/mutua_2022_jlpe.txt,3095,3204,search_hit_only
great_divergence,"""great divergence""",obrien_2001_ihr,/home/jic823/capitalism/pdf/obrien_2001_ihr.txt,1,93,search_hit_only
great_divergence,"""great divergence""",obrien_2001_ihr,/home/jic823/capitalism/pdf/obrien_2001_ihr.txt,272,355,search_hit_only
great_divergence,"""great divergence""",obrien_2001_ihr,/home/jic823/capitalism/pdf/obrien_2001_ihr.txt,356,438,search_hit_only
great_divergence,"""great divergence""",obrien_2001_ihr,/home/jic823/capitalism/pdf/obrien_2001_ihr.txt,533,620,search_hit_only
great_divergence,"""great divergence""",obrien_2001_ihr,/home/jic823/capitalism/pdf/obrien_2001_ihr.txt,621,702,search_hit_only
great_divergence,"""great divergence""",obrien_2001_ihr,/home/jic823/capitalism/pdf/obrien_2001_ihr.txt,967,1043,search_hit_only
great_divergence,"""great divergence""",obrien_interview,/home/jic823/capitalism/pdf/obrien_interview.txt,545,658,search_hit_only
great_divergence,"""great divergence""",otter_2018_roundtable,/home/jic823/capitalism/pdf/otter_2018_roundtable.txt,484,596,search_hit_only
great_divergence,"""great divergence""",parker2013,/home/jic823/capitalism/pdf/parker2013.txt,1,186,search_hit_only
great_divergence,"""great divergence""",parker2013,/home/jic823/capitalism/pdf/parker2013.txt,1067,1149,search_hit_only
great_divergence,"""great divergence""",parker2013,/home/jic823/capitalism/pdf/parker2013.txt,21841,21928,search_hit_only
great_divergence,"""great divergence""",parker2013,/home/jic823/capitalism/pdf/parker2013.txt,21994,22077,search_hit_only
great_divergence,"""great divergence""",parker2013,/home/jic823/capitalism/pdf/parker2013.txt,22957,23044,search_hit_only
great_divergence,"""great divergence""",parker2013,/home/jic823/capitalism/pdf/parker2013.txt,23045,23141,search_hit_only
great_divergence,"""great divergence""",parker2013,/home/jic823/capitalism/pdf/parker2013.txt,24981,25130,search_hit_only
great_divergence,"""great divergence""",parker2013,/home/jic823/capitalism/pdf/parker2013.txt,25400,25454,search_hit_only
great_divergence,"""great divergence""",parker2013,/home/jic823/capitalism/pdf/parker2013.txt,26853,26908,search_hit_only
great_divergence,"""great divergence""",parker2013,/home/jic823/capitalism/pdf/parker2013.txt,27241,27297,search_hit_only
great_divergence,"""great divergence""",parker2013,/home/jic823/capitalism/pdf/parker2013.txt,28193,28248,search_hit_only
great_divergence,"""great divergence""",parker2013,/home/jic823/capitalism/pdf/parker2013.txt,28754,28865,search_hit_only
great_divergence,"""great divergence""",parker2013,/home/jic823/capitalism/pdf/parker2013.txt,28922,28977,search_hit_only
great_divergence,"""great divergence""",parker2013,/home/jic823/capitalism/pdf/parker2013.txt,29510,29621,search_hit_only
great_divergence,"""great divergence""",parthasarathi_pomeranz_debate,/home/jic823/capitalism/pdf/parthasarathi_pomeranz_debate.txt,1,98,search_hit_only
great_divergence,"""great divergence""",parthasarathi_pomeranz_debate,/home/jic823/capitalism/pdf/parthasarathi_pomeranz_debate.txt,99,203,search_hit_only
great_divergence,"""great divergence""",parthasarathi_pomeranz_debate,/home/jic823/capitalism/pdf/parthasarathi_pomeranz_debate.txt,204,308,search_hit_only
great_divergence,"""great divergence""",parthasarathi_pomeranz_debate,/home/jic823/capitalism/pdf/parthasarathi_pomeranz_debate.txt,309,411,search_hit_only
great_divergence,"""great divergence""",parthasarathi_pomeranz_debate,/home/jic823/capitalism/pdf/parthasarathi_pomeranz_debate.txt,412,514,search_hit_only
great_divergence,"""great divergence""",parthasarathi_pomeranz_debate,/home/jic823/capitalism/pdf/parthasarathi_pomeranz_debate.txt,515,566,search_hit_only
great_divergence,"""great divergence""",parthasarathi_pomeranz_debate,/home/jic823/capitalism/pdf/parthasarathi_pomeranz_debate.txt,567,670,search_hit_only
great_divergence,"""great divergence""",parthasarathi_pomeranz_debate,/home/jic823/capitalism/pdf/parthasarathi_pomeranz_debate.txt,671,776,search_hit_only
great_divergence,"""great divergence""",parthasarathi_pomeranz_debate,/home/jic823/capitalism/pdf/parthasarathi_pomeranz_debate.txt,777,888,search_hit_only
great_divergence,"""great divergence""",parthasarathi_pomeranz_debate,/home/jic823/capitalism/pdf/parthasarathi_pomeranz_debate.txt,889,975,search_hit_only
great_divergence,"""great divergence""",pomeranz,/home/jic823/capitalism/pdf/pomeranz.txt,1,216,search_hit_only
great_divergence,"""great divergence""",pomeranz,/home/jic823/capitalism/pdf/pomeranz.txt,217,291,search_hit_only
great_divergence,"""great divergence""",rockman2980,/home/jic823/capitalism/pdf/rockman2980.txt,828,913,search_hit_only
great_divergence,"""great divergence""",rockman2980,/home/jic823/capitalism/pdf/rockman2980.txt,1053,1099,search_hit_only
great_divergence,"""great divergence""",rockman2980,/home/jic823/capitalism/pdf/rockman2980.txt,1100,1173,search_hit_only
great_divergence,"""great divergence""",rockman2980,/home/jic823/capitalism/pdf/rockman2980.txt,2478,2566,search_hit_only
great_divergence,"""great divergence""",rockman2980,/home/jic823/capitalism/pdf/rockman2980.txt,3484,3582,search_hit_only
great_divergence,"""great divergence""",rota2020_italy_and_the_little_divergence_wages_prices,/home/jic823/capitalism/pdf/rota2020_italy_and_the_little_divergence_wages_prices.txt,1877,1967,search_hit_only
great_divergence,"""great divergence""",rota2020_italy_and_the_little_divergence_wages_prices,/home/jic823/capitalism/pdf/rota2020_italy_and_the_little_divergence_wages_prices.txt,1968,2077,search_hit_only
great_divergence,"""great divergence""",rota2020_italy_and_the_little_divergence_wages_prices,/home/jic823/capitalism/pdf/rota2020_italy_and_the_little_divergence_wages_prices.txt,2078,2108,search_hit_only
great_divergence,"""great divergence""",sharp2012_determinants_income_malthusian_equilibrium,/home/jic823/capitalism/pdf/sharp2012_determinants_income_malthusian_equilibrium.txt,730,860,search_hit_only
great_divergence,"""great divergence""",twk2018,/home/jic823/capitalism/pdf/twk2018.txt,49,111,search_hit_only
great_divergence,"""great divergence""",twk2018,/home/jic823/capitalism/pdf/twk2018.txt,458,515,search_hit_only
great_divergence,"""great divergence""",twk2018,/home/jic823/capitalism/pdf/twk2018.txt,669,1003,search_hit_only
great_divergence,"""great divergence""",twk2018,/home/jic823/capitalism/pdf/twk2018.txt,2160,2248,search_hit_only
great_divergence,"""great divergence""",vanhaute2016_vries_forum_intro,/home/jic823/capitalism/pdf/vanhaute2016_vries_forum_intro.txt,1,58,search_hit_only
great_divergence,"""great divergence""",vanhaute2016_vries_forum_intro,/home/jic823/capitalism/pdf/vanhaute2016_vries_forum_intro.txt,59,115,search_hit_only
great_divergence,"""great divergence""",vanhaute2016_vries_forum_intro,/home/jic823/capitalism/pdf/vanhaute2016_vries_forum_intro.txt,116,173,search_hit_only
great_divergence,"""great divergence""",vanhaute2016_vries_forum_intro,/home/jic823/capitalism/pdf/vanhaute2016_vries_forum_intro.txt,174,231,search_hit_only
great_divergence,"""great divergence""",vanhaute2016_vries_forum_intro,/home/jic823/capitalism/pdf/vanhaute2016_vries_forum_intro.txt,232,284,search_hit_only
great_divergence,"""great divergence""",vanhaute2016_vries_forum_intro,/home/jic823/capitalism/pdf/vanhaute2016_vries_forum_intro.txt,285,340,search_hit_only
great_divergence,"""great divergence""",vanhaute2016_vries_forum_intro,/home/jic823/capitalism/pdf/vanhaute2016_vries_forum_intro.txt,341,395,search_hit_only
great_divergence,"""great divergence""",vanhaute2016_vries_forum_intro,/home/jic823/capitalism/pdf/vanhaute2016_vries_forum_intro.txt,396,472,search_hit_only
great_divergence,"""great divergence""",vanhaute_divergence,/home/jic823/capitalism/pdf/vanhaute_divergence.txt,1,104,search_hit_only
great_divergence,"""great divergence""",vanhaute_divergence,/home/jic823/capitalism/pdf/vanhaute_divergence.txt,105,156,search_hit_only
great_divergence,"""great divergence""",vanhaute_divergence,/home/jic823/capitalism/pdf/vanhaute_divergence.txt,209,260,search_hit_only
great_divergence,"""great divergence""",vanhaute_divergence,/home/jic823/capitalism/pdf/vanhaute_divergence.txt,261,312,search_hit_only
great_divergence,"""great divergence""",vanhaute_divergence,/home/jic823/capitalism/pdf/vanhaute_divergence.txt,417,520,search_hit_only
great_divergence,"""great divergence""",vanhaute_divergence,/home/jic823/capitalism/pdf/vanhaute_divergence.txt,521,572,search_hit_only
great_divergence,"""great divergence""",vanhaute_divergence,/home/jic823/capitalism/pdf/vanhaute_divergence.txt,573,624,search_hit_only
great_divergence,"""great divergence""",vanhaute_divergence,/home/jic823/capitalism/pdf/vanhaute_divergence.txt,625,722,search_hit_only
great_divergence,"""great divergence""",vanhaute_divergence,/home/jic823/capitalism/pdf/vanhaute_divergence.txt,723,878,search_hit_only
great_divergence,"""great divergence""",vanhaute_divergence,/home/jic823/capitalism/pdf/vanhaute_divergence.txt,879,957,search_hit_only
great_divergence,"""great divergence""",wallerstein_mws1,/home/jic823/capitalism/pdf/wallerstein_mws1.txt,849,968,search_hit_only
great_divergence,"""great divergence""",warde2007_cnr,/home/jic823/capitalism/pdf/warde2007_cnr.txt,3920,4067,search_hit_only
great_divergence,"""great divergence""",white_2011_eh,/home/jic823/capitalism/pdf/white_2011_eh.txt,1,81,search_hit_only
great_divergence,"""great divergence""",white_2011_eh,/home/jic823/capitalism/pdf/white_2011_eh.txt,416,497,search_hit_only
great_divergence,"""great divergence""",white_2011_eh,/home/jic823/capitalism/pdf/white_2011_eh.txt,865,974,search_hit_only
great_divergence,"""great divergence""",white_2011_eh,/home/jic823/capitalism/pdf/white_2011_eh.txt,975,1081,search_hit_only
great_divergence,"""great divergence""",white_2011_eh_notes,/home/jic823/capitalism/pdf/white_2011_eh_notes.txt,1,19,search_hit_only
great_divergence,"""great divergence""",wrigley2010,/home/jic823/capitalism/pdf/wrigley2010.txt,2017,2108,search_hit_only
great_divergence,"""great divergence""",wrigley2010,/home/jic823/capitalism/pdf/wrigley2010.txt,13663,13793,search_hit_only
great_divergence,"""great divergence""",zylberberg2015_fuel_prices_regional_diets,/home/jic823/capitalism/pdf/zylberberg2015_fuel_prices_regional_diets.txt,144,250,search_hit_only
anthropocene,"""Anthropocene""",degroot2022,/home/jic823/capitalism/pdf/degroot2022.txt,1486,1565,search_hit_only
anthropocene,"""Anthropocene""",degroot2022,/home/jic823/capitalism/pdf/degroot2022.txt,2126,2205,search_hit_only
anthropocene,"""Anthropocene""",demuth-diss,/home/jic823/capitalism/pdf/demuth-diss.txt,1107,1148,search_hit_only
anthropocene,"""Anthropocene""",demuth-diss,/home/jic823/capitalism/pdf/demuth-diss.txt,11433,11502,search_hit_only
anthropocene,"""Anthropocene""",demuth-diss,/home/jic823/capitalism/pdf/demuth-diss.txt,11925,12025,search_hit_only
anthropocene,"""Anthropocene""",demuth-diss,/home/jic823/capitalism/pdf/demuth-diss.txt,12130,12237,search_hit_only
anthropocene,"""Anthropocene""",demuth-diss,/home/jic823/capitalism/pdf/demuth-diss.txt,12446,12552,search_hit_only
anthropocene,"""Anthropocene""",demuth-diss,/home/jic823/capitalism/pdf/demuth-diss.txt,12553,12654,search_hit_only
anthropocene,"""Anthropocene""",jonsson_2012_jmh,/home/jic823/capitalism/pdf/jonsson_2012_jmh.txt,1,97,search_hit_only
anthropocene,"""Anthropocene""",jonsson_2012_jmh,/home/jic823/capitalism/pdf/jonsson_2012_jmh.txt,98,179,search_hit_only
anthropocene,"""Anthropocene""",jonsson_2012_jmh,/home/jic823/capitalism/pdf/jonsson_2012_jmh.txt,180,272,search_hit_only
anthropocene,"""Anthropocene""",jonsson_2012_jmh,/home/jic823/capitalism/pdf/jonsson_2012_jmh.txt,273,362,search_hit_only
anthropocene,"""Anthropocene""",jonsson_2012_jmh,/home/jic823/capitalism/pdf/jonsson_2012_jmh.txt,363,454,search_hit_only
anthropocene,"""Anthropocene""",jonsson_2012_jmh,/home/jic823/capitalism/pdf/jonsson_2012_jmh.txt,455,542,search_hit_only
anthropocene,"""Anthropocene""",jonsson_2012_jmh,/home/jic823/capitalism/pdf/jonsson_2012_jmh.txt,543,634,search_hit_only
anthropocene,"""Anthropocene""",jonsson_2012_jmh,/home/jic823/capitalism/pdf/jonsson_2012_jmh.txt,635,727,search_hit_only
anthropocene,"""Anthropocene""",jonsson_2012_jmh,/home/jic823/capitalism/pdf/jonsson_2012_jmh.txt,728,812,search_hit_only
anthropocene,"""Anthropocene""",jonsson_2012_jmh_flat,/home/jic823/capitalism/pdf/jonsson_2012_jmh_flat.txt,1,96,search_hit_only
anthropocene,"""Anthropocene""",jonsson_2012_jmh_flat,/home/jic823/capitalism/pdf/jonsson_2012_jmh_flat.txt,97,176,search_hit_only
anthropocene,"""Anthropocene""",jonsson_2012_jmh_flat,/home/jic823/capitalism/pdf/jonsson_2012_jmh_flat.txt,177,267,search_hit_only
anthropocene,"""Anthropocene""",jonsson_2012_jmh_flat,/home/jic823/capitalism/pdf/jonsson_2012_jmh_flat.txt,268,355,search_hit_only
anthropocene,"""Anthropocene""",jonsson_2012_jmh_flat,/home/jic823/capitalism/pdf/jonsson_2012_jmh_flat.txt,356,445,search_hit_only
anthropocene,"""Anthropocene""",jonsson_2012_jmh_flat,/home/jic823/capitalism/pdf/jonsson_2012_jmh_flat.txt,446,531,search_hit_only
anthropocene,"""Anthropocene""",jonsson_2012_jmh_flat,/home/jic823/capitalism/pdf/jonsson_2012_jmh_flat.txt,532,621,search_hit_only
anthropocene,"""Anthropocene""",jonsson_2012_jmh_flat,/home/jic823/capitalism/pdf/jonsson_2012_jmh_flat.txt,622,712,search_hit_only
anthropocene,"""Anthropocene""",jonsson_2012_jmh_flat,/home/jic823/capitalism/pdf/jonsson_2012_jmh_flat.txt,713,793,search_hit_only
anthropocene,"""Anthropocene""",jonsson_2012_jmh_notes,/home/jic823/capitalism/pdf/jonsson_2012_jmh_notes.txt,1,87,search_hit_only
anthropocene,"""Anthropocene""",jonsson_2012_jmh_notes,/home/jic823/capitalism/pdf/jonsson_2012_jmh_notes.txt,171,248,search_hit_only
anthropocene,"""Anthropocene""",jonsson_2012_jmh_notes,/home/jic823/capitalism/pdf/jonsson_2012_jmh_notes.txt,250,339,search_hit_only
anthropocene,"""Anthropocene""",jonsson_2014_chs,/home/jic823/capitalism/pdf/jonsson_2014_chs.txt,99,187,search_hit_only
anthropocene,"""Anthropocene""",jonsson_2014_chs,/home/jic823/capitalism/pdf/jonsson_2014_chs.txt,594,697,search_hit_only
anthropocene,"""Anthropocene""",jonsson_2014_chs,/home/jic823/capitalism/pdf/jonsson_2014_chs.txt,893,953,search_hit_only
anthropocene,"""Anthropocene""",jonsson_2014_chs_notes,/home/jic823/capitalism/pdf/jonsson_2014_chs_notes.txt,1,106,search_hit_only
anthropocene,"""Anthropocene""",jonsson_2014_chs_notes,/home/jic823/capitalism/pdf/jonsson_2014_chs_notes.txt,562,664,search_hit_only
anthropocene,"""Anthropocene""",malm2016-ocr,/home/jic823/capitalism/pdf/malm2016-ocr.txt,2640,2754,search_hit_only
anthropocene,"""Anthropocene""",malm2016-ocr,/home/jic823/capitalism/pdf/malm2016-ocr.txt,2756,2859,search_hit_only
anthropocene,"""Anthropocene""",malm2016-ocr,/home/jic823/capitalism/pdf/malm2016-ocr.txt,2958,3120,search_hit_only
anthropocene,"""Anthropocene""",malm2016-ocr,/home/jic823/capitalism/pdf/malm2016-ocr.txt,4128,4309,search_hit_only
anthropocene,"""Anthropocene""",malm2016-ocr,/home/jic823/capitalism/pdf/malm2016-ocr.txt,4311,4383,search_hit_only
anthropocene,"""Anthropocene""",moore2016,/home/jic823/capitalism/pdf/moore2016.txt,1,204,search_hit_only
anthropocene,"""Anthropocene""",moore2016,/home/jic823/capitalism/pdf/moore2016.txt,205,293,search_hit_only
anthropocene,"""Anthropocene""",moore2016,/home/jic823/capitalism/pdf/moore2016.txt,294,362,search_hit_only
anthropocene,"""Anthropocene""",moore2016,/home/jic823/capitalism/pdf/moore2016.txt,363,433,search_hit_only
anthropocene,"""Anthropocene""",moore2016,/home/jic823/capitalism/pdf/moore2016.txt,434,505,search_hit_only
anthropocene,"""Anthropocene""",moore2016,/home/jic823/capitalism/pdf/moore2016.txt,506,573,search_hit_only
anthropocene,"""Anthropocene""",moore2017,/home/jic823/capitalism/pdf/moore2017.txt,1,68,search_hit_only
anthropocene,"""Anthropocene""",moore2017,/home/jic823/capitalism/pdf/moore2017.txt,69,115,search_hit_only
anthropocene,"""Anthropocene""",moore2017,/home/jic823/capitalism/pdf/moore2017.txt,116,164,search_hit_only
anthropocene,"""Anthropocene""",moore2017,/home/jic823/capitalism/pdf/moore2017.txt,165,210,search_hit_only
anthropocene,"""Anthropocene""",moore2017,/home/jic823/capitalism/pdf/moore2017.txt,211,251,search_hit_only
anthropocene,"""Anthropocene""",moore2017,/home/jic823/capitalism/pdf/moore2017.txt,347,395,search_hit_only
anthropocene,"""Anthropocene""",moore2017,/home/jic823/capitalism/pdf/moore2017.txt,396,438,search_hit_only
anthropocene,"""Anthropocene""",moore2017,/home/jic823/capitalism/pdf/moore2017.txt,439,485,search_hit_only
anthropocene,"""Anthropocene""",moore2017,/home/jic823/capitalism/pdf/moore2017.txt,486,532,search_hit_only
anthropocene,"""Anthropocene""",moore2017,/home/jic823/capitalism/pdf/moore2017.txt,580,624,search_hit_only
anthropocene,"""Anthropocene""",moore2017,/home/jic823/capitalism/pdf/moore2017.txt,671,716,search_hit_only
anthropocene,"""Anthropocene""",moore2017,/home/jic823/capitalism/pdf/moore2017.txt,1188,1229,search_hit_only
anthropocene,"""Anthropocene""",moore2017,/home/jic823/capitalism/pdf/moore2017.txt,1280,1322,search_hit_only
anthropocene,"""Anthropocene""",moore2017,/home/jic823/capitalism/pdf/moore2017.txt,1323,1439,search_hit_only
anthropocene,"""Anthropocene""",moore2017,/home/jic823/capitalism/pdf/moore2017.txt,1440,1499,search_hit_only
anthropocene,"""Anthropocene""",moore2017,/home/jic823/capitalism/pdf/moore2017.txt,1500,1561,search_hit_only
anthropocene,"""Anthropocene""",moore2017,/home/jic823/capitalism/pdf/moore2017.txt,1562,1623,search_hit_only
anthropocene,"""Anthropocene""",moore2017,/home/jic823/capitalism/pdf/moore2017.txt,1624,1685,search_hit_only
anthropocene,"""Anthropocene""",moore2017,/home/jic823/capitalism/pdf/moore2017.txt,1686,1747,search_hit_only
anthropocene,"""Anthropocene""",moore2017,/home/jic823/capitalism/pdf/moore2017.txt,1748,1845,search_hit_only
anthropocene,"""Anthropocene""",mutua_2022_jlpe,/home/jic823/capitalism/pdf/mutua_2022_jlpe.txt,2257,2351,search_hit_only
anthropocene,"""Anthropocene""",mutua_2022_jlpe,/home/jic823/capitalism/pdf/mutua_2022_jlpe.txt,2352,2440,search_hit_only
anthropocene,"""Anthropocene""",mutua_2022_jlpe,/home/jic823/capitalism/pdf/mutua_2022_jlpe.txt,2441,2549,search_hit_only
anthropocene,"""Anthropocene""",mutua_2022_jlpe,/home/jic823/capitalism/pdf/mutua_2022_jlpe.txt,2550,2657,search_hit_only
anthropocene,"""Anthropocene""",mutua_2022_jlpe,/home/jic823/capitalism/pdf/mutua_2022_jlpe.txt,2658,2767,search_hit_only
anthropocene,"""Anthropocene""",mutua_2022_jlpe,/home/jic823/capitalism/pdf/mutua_2022_jlpe.txt,2768,2874,search_hit_only
anthropocene,"""Anthropocene""",mutua_2022_jlpe,/home/jic823/capitalism/pdf/mutua_2022_jlpe.txt,2985,3094,search_hit_only
anthropocene,"""Anthropocene""",mutua_2022_jlpe,/home/jic823/capitalism/pdf/mutua_2022_jlpe.txt,3205,3316,search_hit_only
anthropocene,"""Anthropocene""",newton_eh,/home/jic823/capitalism/pdf/newton_eh.txt,245,348,search_hit_only
anthropocene,"""Anthropocene""",newton_eh_notes,/home/jic823/capitalism/pdf/newton_eh_notes.txt,1,15,search_hit_only
anthropocene,"""Anthropocene""",otter_2018_roundtable,/home/jic823/capitalism/pdf/otter_2018_roundtable.txt,1,103,search_hit_only
anthropocene,"""Anthropocene""",otter_2018_roundtable,/home/jic823/capitalism/pdf/otter_2018_roundtable.txt,104,216,search_hit_only
anthropocene,"""Anthropocene""",otter_2018_roundtable,/home/jic823/capitalism/pdf/otter_2018_roundtable.txt,217,266,search_hit_only
anthropocene,"""Anthropocene""",otter_2018_roundtable,/home/jic823/capitalism/pdf/otter_2018_roundtable.txt,267,322,search_hit_only
anthropocene,"""Anthropocene""",otter_2018_roundtable,/home/jic823/capitalism/pdf/otter_2018_roundtable.txt,323,430,search_hit_only
anthropocene,"""Anthropocene""",otter_2018_roundtable,/home/jic823/capitalism/pdf/otter_2018_roundtable.txt,431,483,search_hit_only
anthropocene,"""Anthropocene""",otter_2018_roundtable,/home/jic823/capitalism/pdf/otter_2018_roundtable.txt,484,596,search_hit_only
anthropocene,"""Anthropocene""",otter_2018_roundtable,/home/jic823/capitalism/pdf/otter_2018_roundtable.txt,597,650,search_hit_only
anthropocene,"""Anthropocene""",otter_2018_roundtable,/home/jic823/capitalism/pdf/otter_2018_roundtable.txt,651,701,search_hit_only
anthropocene,"""Anthropocene""",otter_2018_roundtable,/home/jic823/capitalism/pdf/otter_2018_roundtable.txt,702,753,search_hit_only
anthropocene,"""Anthropocene""",otter_2018_roundtable,/home/jic823/capitalism/pdf/otter_2018_roundtable.txt,754,846,search_hit_only
anthropocene,"""Anthropocene""",otter_2018_roundtable,/home/jic823/capitalism/pdf/otter_2018_roundtable.txt,847,953,search_hit_only
anthropocene,"""Anthropocene""",otter_2018_roundtable,/home/jic823/capitalism/pdf/otter_2018_roundtable.txt,1012,1321,search_hit_only
anthropocene,"""Anthropocene""",otter_2018_roundtable,/home/jic823/capitalism/pdf/otter_2018_roundtable.txt,1322,1552,search_hit_only
anthropocene,"""Anthropocene""",otter_2018_roundtable,/home/jic823/capitalism/pdf/otter_2018_roundtable.txt,1553,1651,search_hit_only
anthropocene,"""Anthropocene""",otter_2018_roundtable,/home/jic823/capitalism/pdf/otter_2018_roundtable.txt,1652,1760,search_hit_only
anthropocene,"""Anthropocene""",otter_2018_roundtable,/home/jic823/capitalism/pdf/otter_2018_roundtable.txt,1761,1784,search_hit_only
anthropocene,"""Anthropocene""",rockman2980,/home/jic823/capitalism/pdf/rockman2980.txt,159,246,search_hit_only
anthropocene,"""Anthropocene""",rockman2980,/home/jic823/capitalism/pdf/rockman2980.txt,2478,2566,search_hit_only
anthropocene,"""Anthropocene""",rockman2980,/home/jic823/capitalism/pdf/rockman2980.txt,3583,3690,search_hit_only
anthropocene,"""Anthropocene""",tsing2015_mushroom_end_of_world,/home/jic823/capitalism/pdf/tsing2015_mushroom_end_of_world.txt,153,238,search_hit_only
anthropocene,"""Anthropocene""",tsing2015_mushroom_end_of_world,/home/jic823/capitalism/pdf/tsing2015_mushroom_end_of_world.txt,589,673,search_hit_only
anthropocene,"""Anthropocene""",tsing2015_mushroom_end_of_world,/home/jic823/capitalism/pdf/tsing2015_mushroom_end_of_world.txt,674,759,search_hit_only
anthropocene,"""Anthropocene""",tsing2015_mushroom_end_of_world,/home/jic823/capitalism/pdf/tsing2015_mushroom_end_of_world.txt,6846,6902,search_hit_only
anthropocene,"""Anthropocene""",tsing2015_mushroom_end_of_world,/home/jic823/capitalism/pdf/tsing2015_mushroom_end_of_world.txt,7887,7996,search_hit_only
anthropocene,"""Anthropocene""",wynn_2023_eh,/home/jic823/capitalism/pdf/wynn_2023_eh.txt,62,139,search_hit_only
capitalocene,"""Capitalocene""",malm2016-ocr,/home/jic823/capitalism/pdf/malm2016-ocr.txt,2756,2859,search_hit_only
capitalocene,"""Capitalocene""",moore2016,/home/jic823/capitalism/pdf/moore2016.txt,1,204,search_hit_only
capitalocene,"""Capitalocene""",moore2016,/home/jic823/capitalism/pdf/moore2016.txt,205,293,search_hit_only
capitalocene,"""Capitalocene""",moore2016,/home/jic823/capitalism/pdf/moore2016.txt,363,433,search_hit_only
capitalocene,"""Capitalocene""",moore2016,/home/jic823/capitalism/pdf/moore2016.txt,434,505,search_hit_only
capitalocene,"""Capitalocene""",moore2016,/home/jic823/capitalism/pdf/moore2016.txt,506,573,search_hit_only
capitalocene,"""Capitalocene""",moore2017,/home/jic823/capitalism/pdf/moore2017.txt,1,68,search_hit_only
capitalocene,"""Capitalocene""",moore2017,/home/jic823/capitalism/pdf/moore2017.txt,116,164,search_hit_only
capitalocene,"""Capitalocene""",moore2017,/home/jic823/capitalism/pdf/moore2017.txt,165,210,search_hit_only
capitalocene,"""Capitalocene""",moore2017,/home/jic823/capitalism/pdf/moore2017.txt,299,346,search_hit_only
capitalocene,"""Capitalocene""",moore2017,/home/jic823/capitalism/pdf/moore2017.txt,396,438,search_hit_only
capitalocene,"""Capitalocene""",moore2017,/home/jic823/capitalism/pdf/moore2017.txt,580,624,search_hit_only
capitalocene,"""Capitalocene""",moore2017,/home/jic823/capitalism/pdf/moore2017.txt,671,716,search_hit_only
capitalocene,"""Capitalocene""",moore2017,/home/jic823/capitalism/pdf/moore2017.txt,1188,1229,search_hit_only
capitalocene,"""Capitalocene""",moore2017,/home/jic823/capitalism/pdf/moore2017.txt,1230,1279,search_hit_only
capitalocene,"""Capitalocene""",moore2017,/home/jic823/capitalism/pdf/moore2017.txt,1323,1439,search_hit_only
capitalocene,"""Capitalocene""",moore2017,/home/jic823/capitalism/pdf/moore2017.txt,1500,1561,search_hit_only
capitalocene,"""Capitalocene""",moore2017,/home/jic823/capitalism/pdf/moore2017.txt,1562,1623,search_hit_only
capitalocene,"""Capitalocene""",moore2017,/home/jic823/capitalism/pdf/moore2017.txt,1624,1685,search_hit_only
capitalocene,"""Capitalocene""",moore2017,/home/jic823/capitalism/pdf/moore2017.txt,1686,1747,search_hit_only
capitalocene,"""Capitalocene""",moore2017,/home/jic823/capitalism/pdf/moore2017.txt,1748,1845,search_hit_only
capitalocene,"""Capitalocene""",mutua_2022_jlpe,/home/jic823/capitalism/pdf/mutua_2022_jlpe.txt,2257,2351,search_hit_only
capitalocene,"""Capitalocene""",mutua_2022_jlpe,/home/jic823/capitalism/pdf/mutua_2022_jlpe.txt,2550,2657,search_hit_only
capitalocene,"""Capitalocene""",mutua_2022_jlpe,/home/jic823/capitalism/pdf/mutua_2022_jlpe.txt,2985,3094,search_hit_only
capitalocene,"""Capitalocene""",mutua_2022_jlpe,/home/jic823/capitalism/pdf/mutua_2022_jlpe.txt,3317,3362,search_hit_only
capitalocene,"""Capitalocene""",newton_eh,/home/jic823/capitalism/pdf/newton_eh.txt,245,348,search_hit_only
capitalocene,"""Capitalocene""",newton_eh_notes,/home/jic823/capitalism/pdf/newton_eh_notes.txt,1,15,search_hit_only
capitalocene,"""Capitalocene""",otter_2018_roundtable,/home/jic823/capitalism/pdf/otter_2018_roundtable.txt,104,216,search_hit_only
capitalocene,"""Capitalocene""",otter_2018_roundtable,/home/jic823/capitalism/pdf/otter_2018_roundtable.txt,651,701,search_hit_only
capitalocene,"""Capitalocene""",rockman2980,/home/jic823/capitalism/pdf/rockman2980.txt,1,113,search_hit_only
capitalocene,"""Capitalocene""",rockman2980,/home/jic823/capitalism/pdf/rockman2980.txt,159,246,search_hit_only
capitalocene,"""Capitalocene""",tsing2015_mushroom_end_of_world,/home/jic823/capitalism/pdf/tsing2015_mushroom_end_of_world.txt,6846,6902,search_hit_only
capitalocene,"""Capitalocene""",vanhaute_divergence,/home/jic823/capitalism/pdf/vanhaute_divergence.txt,879,957,search_hit_only
world_ecology,"""world ecology""",clifford2021,/home/jic823/capitalism/pdf/clifford2021.txt,258,363,search_hit_only
world_ecology,"""world ecology""",moore2010a,/home/jic823/capitalism/pdf/moore2010a.txt,1,106,search_hit_only
world_ecology,"""world ecology""",moore2010a,/home/jic823/capitalism/pdf/moore2010a.txt,265,315,search_hit_only
world_ecology,"""world ecology""",moore2010a,/home/jic823/capitalism/pdf/moore2010a.txt,316,418,search_hit_only
world_ecology,"""world ecology""",moore2010a,/home/jic823/capitalism/pdf/moore2010a.txt,1030,1079,search_hit_only
world_ecology,"""world ecology""",moore2010a,/home/jic823/capitalism/pdf/moore2010a.txt,1080,1130,search_hit_only
world_ecology,"""world ecology""",moore2010a,/home/jic823/capitalism/pdf/moore2010a.txt,1439,1542,search_hit_only
world_ecology,"""world ecology""",moore2010a,/home/jic823/capitalism/pdf/moore2010a.txt,1653,1762,search_hit_only
world_ecology,"""world ecology""",moore2010b,/home/jic823/capitalism/pdf/moore2010b.txt,1,104,search_hit_only
world_ecology,"""world ecology""",moore2010b,/home/jic823/capitalism/pdf/moore2010b.txt,105,156,search_hit_only
world_ecology,"""world ecology""",moore2010b,/home/jic823/capitalism/pdf/moore2010b.txt,157,207,search_hit_only
world_ecology,"""world ecology""",moore2010b,/home/jic823/capitalism/pdf/moore2010b.txt,208,258,search_hit_only
world_ecology,"""world ecology""",moore2010b,/home/jic823/capitalism/pdf/moore2010b.txt,360,410,search_hit_only
world_ecology,"""world ecology""",moore2010b,/home/jic823/capitalism/pdf/moore2010b.txt,937,986,search_hit_only
world_ecology,"""world ecology""",moore2010b,/home/jic823/capitalism/pdf/moore2010b.txt,1506,1557,search_hit_only
world_ecology,"""world ecology""",moore2010b,/home/jic823/capitalism/pdf/moore2010b.txt,1558,1608,search_hit_only
world_ecology,"""world ecology""",moore2010b,/home/jic823/capitalism/pdf/moore2010b.txt,1825,1934,search_hit_only
world_ecology,"""world ecology""",moore2016,/home/jic823/capitalism/pdf/moore2016.txt,205,293,search_hit_only
world_ecology,"""world ecology""",moore2016,/home/jic823/capitalism/pdf/moore2016.txt,363,433,search_hit_only
world_ecology,"""world ecology""",moore2016,/home/jic823/capitalism/pdf/moore2016.txt,434,505,search_hit_only
world_ecology,"""world ecology""",moore2016,/home/jic823/capitalism/pdf/moore2016.txt,506,573,search_hit_only
world_ecology,"""world ecology""",moore2016,/home/jic823/capitalism/pdf/moore2016.txt,574,649,search_hit_only
world_ecology,"""world ecology""",moore2017,/home/jic823/capitalism/pdf/moore2017.txt,1,68,search_hit_only
world_ecology,"""world ecology""",moore2017,/home/jic823/capitalism/pdf/moore2017.txt,69,115,search_hit_only
world_ecology,"""world ecology""",moore2017,/home/jic823/capitalism/pdf/moore2017.txt,347,395,search_hit_only
world_ecology,"""world ecology""",moore2017,/home/jic823/capitalism/pdf/moore2017.txt,625,670,search_hit_only
world_ecology,"""world ecology""",moore2017,/home/jic823/capitalism/pdf/moore2017.txt,671,716,search_hit_only
world_ecology,"""world ecology""",moore2017,/home/jic823/capitalism/pdf/moore2017.txt,717,759,search_hit_only
world_ecology,"""world ecology""",moore2017,/home/jic823/capitalism/pdf/moore2017.txt,804,846,search_hit_only
world_ecology,"""world ecology""",moore2017,/home/jic823/capitalism/pdf/moore2017.txt,946,993,search_hit_only
world_ecology,"""world ecology""",moore2017,/home/jic823/capitalism/pdf/moore2017.txt,1230,1279,search_hit_only
world_ecology,"""world ecology""",moore2017,/home/jic823/capitalism/pdf/moore2017.txt,1323,1439,search_hit_only
world_ecology,"""world ecology""",moore2017,/home/jic823/capitalism/pdf/moore2017.txt,1440,1499,search_hit_only
world_ecology,"""world ecology""",moore2017,/home/jic823/capitalism/pdf/moore2017.txt,1624,1685,search_hit_only
world_ecology,"""world ecology""",moore2017,/home/jic823/capitalism/pdf/moore2017.txt,1748,1845,search_hit_only
world_ecology,"""world ecology""",wallerstein_mws1,/home/jic823/capitalism/pdf/wallerstein_mws1.txt,2147,2247,search_hit_only
racial_capitalism,"""racial capitalism""",berghudson,/home/jic823/capitalism/pdf/berghudson.txt,576,649,search_hit_only
racial_capitalism,"""racial capitalism""",berghudson,/home/jic823/capitalism/pdf/berghudson.txt,8320,8426,search_hit_only
racial_capitalism,"""racial capitalism""",berghudson,/home/jic823/capitalism/pdf/berghudson.txt,8535,8671,search_hit_only
racial_capitalism,"""racial capitalism""",berghudson,/home/jic823/capitalism/pdf/berghudson.txt,8672,8788,search_hit_only
racial_capitalism,"""racial capitalism""",berghudson,/home/jic823/capitalism/pdf/berghudson.txt,9257,9376,search_hit_only
racial_capitalism,"""racial capitalism""",berghudson,/home/jic823/capitalism/pdf/berghudson.txt,9377,9495,search_hit_only
racial_capitalism,"""racial capitalism""",berghudson,/home/jic823/capitalism/pdf/berghudson.txt,10511,10797,search_hit_only
racial_capitalism,"""racial capitalism""",berghudson,/home/jic823/capitalism/pdf/berghudson.txt,10798,11091,search_hit_only
racial_capitalism,"""racial capitalism""",berghudson,/home/jic823/capitalism/pdf/berghudson.txt,11397,11681,search_hit_only
racial_capitalism,"""racial capitalism""",berghudson,/home/jic823/capitalism/pdf/berghudson.txt,11682,11974,search_hit_only
racial_capitalism,"""racial capitalism""",clegg_2020_jhs,/home/jic823/capitalism/pdf/clegg_2020_jhs.txt,1219,1279,search_hit_only
racial_capitalism,"""racial capitalism""",howell_eh,/home/jic823/capitalism/pdf/howell_eh.txt,101,183,search_hit_only
racial_capitalism,"""racial capitalism""",howell_eh,/home/jic823/capitalism/pdf/howell_eh.txt,254,328,search_hit_only
racial_capitalism,"""racial capitalism""",howell_eh,/home/jic823/capitalism/pdf/howell_eh.txt,712,812,search_hit_only
racial_capitalism,"""racial capitalism""",howell_eh_notes,/home/jic823/capitalism/pdf/howell_eh_notes.txt,1,17,search_hit_only
racial_capitalism,"""racial capitalism""",mutua_2022_jlpe,/home/jic823/capitalism/pdf/mutua_2022_jlpe.txt,1,115,search_hit_only
racial_capitalism,"""racial capitalism""",mutua_2022_jlpe,/home/jic823/capitalism/pdf/mutua_2022_jlpe.txt,116,215,search_hit_only
racial_capitalism,"""racial capitalism""",mutua_2022_jlpe,/home/jic823/capitalism/pdf/mutua_2022_jlpe.txt,216,264,search_hit_only
racial_capitalism,"""racial capitalism""",mutua_2022_jlpe,/home/jic823/capitalism/pdf/mutua_2022_jlpe.txt,265,315,search_hit_only
racial_capitalism,"""racial capitalism""",mutua_2022_jlpe,/home/jic823/capitalism/pdf/mutua_2022_jlpe.txt,316,368,search_hit_only
racial_capitalism,"""racial capitalism""",mutua_2022_jlpe,/home/jic823/capitalism/pdf/mutua_2022_jlpe.txt,369,417,search_hit_only
racial_capitalism,"""racial capitalism""",mutua_2022_jlpe,/home/jic823/capitalism/pdf/mutua_2022_jlpe.txt,418,468,search_hit_only
racial_capitalism,"""racial capitalism""",mutua_2022_jlpe,/home/jic823/capitalism/pdf/mutua_2022_jlpe.txt,469,518,search_hit_only
racial_capitalism,"""racial capitalism""",mutua_2022_jlpe,/home/jic823/capitalism/pdf/mutua_2022_jlpe.txt,519,567,search_hit_only
racial_capitalism,"""racial capitalism""",mutua_2022_jlpe,/home/jic823/capitalism/pdf/mutua_2022_jlpe.txt,568,615,search_hit_only
racial_capitalism,"""racial capitalism""",mutua_2022_jlpe,/home/jic823/capitalism/pdf/mutua_2022_jlpe.txt,616,711,search_hit_only
racial_capitalism,"""racial capitalism""",mutua_2022_jlpe,/home/jic823/capitalism/pdf/mutua_2022_jlpe.txt,712,763,search_hit_only
racial_capitalism,"""racial capitalism""",mutua_2022_jlpe,/home/jic823/capitalism/pdf/mutua_2022_jlpe.txt,764,812,search_hit_only
racial_capitalism,"""racial capitalism""",mutua_2022_jlpe,/home/jic823/capitalism/pdf/mutua_2022_jlpe.txt,813,861,search_hit_only
racial_capitalism,"""racial capitalism""",mutua_2022_jlpe,/home/jic823/capitalism/pdf/mutua_2022_jlpe.txt,862,964,search_hit_only
racial_capitalism,"""racial capitalism""",mutua_2022_jlpe,/home/jic823/capitalism/pdf/mutua_2022_jlpe.txt,965,1063,search_hit_only
racial_capitalism,"""racial capitalism""",mutua_2022_jlpe,/home/jic823/capitalism/pdf/mutua_2022_jlpe.txt,1064,1161,search_hit_only
racial_capitalism,"""racial capitalism""",mutua_2022_jlpe,/home/jic823/capitalism/pdf/mutua_2022_jlpe.txt,1162,1210,search_hit_only
racial_capitalism,"""racial capitalism""",mutua_2022_jlpe,/home/jic823/capitalism/pdf/mutua_2022_jlpe.txt,1211,1261,search_hit_only
racial_capitalism,"""racial capitalism""",mutua_2022_jlpe,/home/jic823/capitalism/pdf/mutua_2022_jlpe.txt,1262,1312,search_hit_only
racial_capitalism,"""racial capitalism""",mutua_2022_jlpe,/home/jic823/capitalism/pdf/mutua_2022_jlpe.txt,1313,1359,search_hit_only
racial_capitalism,"""racial capitalism""",mutua_2022_jlpe,/home/jic823/capitalism/pdf/mutua_2022_jlpe.txt,1360,1410,search_hit_only
racial_capitalism,"""racial capitalism""",mutua_2022_jlpe,/home/jic823/capitalism/pdf/mutua_2022_jlpe.txt,1411,1464,search_hit_only
racial_capitalism,"""racial capitalism""",mutua_2022_jlpe,/home/jic823/capitalism/pdf/mutua_2022_jlpe.txt,1465,1517,search_hit_only
racial_capitalism,"""racial capitalism""",mutua_2022_jlpe,/home/jic823/capitalism/pdf/mutua_2022_jlpe.txt,1518,1614,search_hit_only
racial_capitalism,"""racial capitalism""",mutua_2022_jlpe,/home/jic823/capitalism/pdf/mutua_2022_jlpe.txt,1615,1662,search_hit_only
racial_capitalism,"""racial capitalism""",mutua_2022_jlpe,/home/jic823/capitalism/pdf/mutua_2022_jlpe.txt,1663,1764,search_hit_only
racial_capitalism,"""racial capitalism""",mutua_2022_jlpe,/home/jic823/capitalism/pdf/mutua_2022_jlpe.txt,1765,1814,search_hit_only
racial_capitalism,"""racial capitalism""",mutua_2022_jlpe,/home/jic823/capitalism/pdf/mutua_2022_jlpe.txt,1815,1916,search_hit_only
racial_capitalism,"""racial capitalism""",mutua_2022_jlpe,/home/jic823/capitalism/pdf/mutua_2022_jlpe.txt,1917,2009,search_hit_only
racial_capitalism,"""racial capitalism""",mutua_2022_jlpe,/home/jic823/capitalism/pdf/mutua_2022_jlpe.txt,2010,2104,search_hit_only
racial_capitalism,"""racial capitalism""",mutua_2022_jlpe,/home/jic823/capitalism/pdf/mutua_2022_jlpe.txt,2105,2154,search_hit_only
racial_capitalism,"""racial capitalism""",mutua_2022_jlpe,/home/jic823/capitalism/pdf/mutua_2022_jlpe.txt,2155,2207,search_hit_only
racial_capitalism,"""racial capitalism""",mutua_2022_jlpe,/home/jic823/capitalism/pdf/mutua_2022_jlpe.txt,2208,2256,search_hit_only
racial_capitalism,"""racial capitalism""",mutua_2022_jlpe,/home/jic823/capitalism/pdf/mutua_2022_jlpe.txt,2257,2351,search_hit_only
racial_capitalism,"""racial capitalism""",mutua_2022_jlpe,/home/jic823/capitalism/pdf/mutua_2022_jlpe.txt,2352,2440,search_hit_only
racial_capitalism,"""racial capitalism""",mutua_2022_jlpe,/home/jic823/capitalism/pdf/mutua_2022_jlpe.txt,2441,2549,search_hit_only
racial_capitalism,"""racial capitalism""",mutua_2022_jlpe,/home/jic823/capitalism/pdf/mutua_2022_jlpe.txt,2550,2657,search_hit_only
racial_capitalism,"""racial capitalism""",mutua_2022_jlpe,/home/jic823/capitalism/pdf/mutua_2022_jlpe.txt,2658,2767,search_hit_only
racial_capitalism,"""racial capitalism""",mutua_2022_jlpe,/home/jic823/capitalism/pdf/mutua_2022_jlpe.txt,2768,2874,search_hit_only
racial_capitalism,"""racial capitalism""",mutua_2022_jlpe,/home/jic823/capitalism/pdf/mutua_2022_jlpe.txt,2875,2984,search_hit_only
racial_capitalism,"""racial capitalism""",mutua_2022_jlpe,/home/jic823/capitalism/pdf/mutua_2022_jlpe.txt,2985,3094,search_hit_only
racial_capitalism,"""racial capitalism""",mutua_2022_jlpe,/home/jic823/capitalism/pdf/mutua_2022_jlpe.txt,3095,3204,search_hit_only
racial_capitalism,"""racial capitalism""",mutua_2022_jlpe,/home/jic823/capitalism/pdf/mutua_2022_jlpe.txt,3205,3316,search_hit_only
racial_capitalism,"""racial capitalism""",mutua_2022_jlpe,/home/jic823/capitalism/pdf/mutua_2022_jlpe.txt,3317,3362,search_hit_only
racial_capitalism,"""racial capitalism""",neptune_2019_jer,/home/jic823/capitalism/pdf/neptune_2019_jer.txt,295,391,search_hit_only
racial_capitalism,"""racial capitalism""",neptune_2019_jer,/home/jic823/capitalism/pdf/neptune_2019_jer.txt,392,493,search_hit_only
racial_capitalism,"""racial capitalism""",neptune_2019_jer_notes,/home/jic823/capitalism/pdf/neptune_2019_jer_notes.txt,156,319,search_hit_only
racial_capitalism,"""racial capitalism""",project_muse_751005,/home/jic823/capitalism/pdf/project_muse_751005.txt,372,460,search_hit_only
racial_capitalism,"""racial capitalism""",robinson_black_marxism,/home/jic823/capitalism/pdf/robinson_black_marxism.txt,1,197,search_hit_only
racial_capitalism,"""racial capitalism""",robinson_black_marxism,/home/jic823/capitalism/pdf/robinson_black_marxism.txt,280,326,search_hit_only
racial_capitalism,"""racial capitalism""",robinson_black_marxism,/home/jic823/capitalism/pdf/robinson_black_marxism.txt,513,604,search_hit_only
racial_capitalism,"""racial capitalism""",robinson_black_marxism,/home/jic823/capitalism/pdf/robinson_black_marxism.txt,859,924,search_hit_only
racial_capitalism,"""racial capitalism""",robinson_black_marxism,/home/jic823/capitalism/pdf/robinson_black_marxism.txt,925,988,search_hit_only
racial_capitalism,"""racial capitalism""",robinson_black_marxism,/home/jic823/capitalism/pdf/robinson_black_marxism.txt,1389,1482,search_hit_only
racial_capitalism,"""racial capitalism""",robinson_black_marxism,/home/jic823/capitalism/pdf/robinson_black_marxism.txt,14275,14368,search_hit_only
racial_capitalism,"""racial capitalism""",robinson_black_marxism,/home/jic823/capitalism/pdf/robinson_black_marxism.txt,14649,14741,search_hit_only
racial_capitalism,"""racial capitalism""",robinson_black_marxism,/home/jic823/capitalism/pdf/robinson_black_marxism.txt,22384,22508,search_hit_only
racial_capitalism,"""racial capitalism""",rockman2980,/home/jic823/capitalism/pdf/rockman2980.txt,1,113,search_hit_only
racial_capitalism,"""racial capitalism""",rockman2980,/home/jic823/capitalism/pdf/rockman2980.txt,159,246,search_hit_only
racial_capitalism,"""racial capitalism""",rockman2980,/home/jic823/capitalism/pdf/rockman2980.txt,313,399,search_hit_only
racial_capitalism,"""racial capitalism""",rockman2980,/home/jic823/capitalism/pdf/rockman2980.txt,489,570,search_hit_only
racial_capitalism,"""racial capitalism""",rockman2980,/home/jic823/capitalism/pdf/rockman2980.txt,2964,3052,search_hit_only
racial_capitalism,"""racial capitalism""",rockman2980,/home/jic823/capitalism/pdf/rockman2980.txt,3583,3690,search_hit_only
settler_colonial,"""settler colonial""",chc-v2,/home/jic823/capitalism/pdf/chc-v2.txt,5145,5226,search_hit_only
settler_colonial,"""settler colonial""",coulthard2014,/home/jic823/capitalism/pdf/coulthard2014.txt,161,177,search_hit_only
settler_colonial,"""settler colonial""",coulthard2014,/home/jic823/capitalism/pdf/coulthard2014.txt,187,197,search_hit_only
settler_colonial,"""settler colonial""",coulthard2014,/home/jic823/capitalism/pdf/coulthard2014.txt,205,211,search_hit_only
settler_colonial,"""settler colonial""",coulthard2014,/home/jic823/capitalism/pdf/coulthard2014.txt,213,221,search_hit_only
settler_colonial,"""settler colonial""",coulthard2014,/home/jic823/capitalism/pdf/coulthard2014.txt,223,233,search_hit_only
settler_colonial,"""settler colonial""",coulthard2014,/home/jic823/capitalism/pdf/coulthard2014.txt,235,243,search_hit_only
settler_colonial,"""settler colonial""",coulthard2014,/home/jic823/capitalism/pdf/coulthard2014.txt,245,249,search_hit_only
settler_colonial,"""settler colonial""",coulthard2014,/home/jic823/capitalism/pdf/coulthard2014.txt,251,267,search_hit_only
settler_colonial,"""settler colonial""",coulthard2014,/home/jic823/capitalism/pdf/coulthard2014.txt,343,357,search_hit_only
settler_colonial,"""settler colonial""",coulthard2014,/home/jic823/capitalism/pdf/coulthard2014.txt,569,581,search_hit_only
settler_colonial,"""settler colonial""",coulthard2014,/home/jic823/capitalism/pdf/coulthard2014.txt,593,603,search_hit_only
settler_colonial,"""settler colonial""",coulthard2014,/home/jic823/capitalism/pdf/coulthard2014.txt,629,649,search_hit_only
settler_colonial,"""settler colonial""",coulthard2014,/home/jic823/capitalism/pdf/coulthard2014.txt,663,673,search_hit_only
settler_colonial,"""settler colonial""",coulthard2014,/home/jic823/capitalism/pdf/coulthard2014.txt,719,741,search_hit_only
settler_colonial,"""settler colonial""",coulthard2014,/home/jic823/capitalism/pdf/coulthard2014.txt,743,753,search_hit_only
settler_colonial,"""settler colonial""",coulthard2014,/home/jic823/capitalism/pdf/coulthard2014.txt,755,761,search_hit_only
settler_colonial,"""settler colonial""",coulthard2014,/home/jic823/capitalism/pdf/coulthard2014.txt,775,799,search_hit_only
settler_colonial,"""settler colonial""",coulthard2014,/home/jic823/capitalism/pdf/coulthard2014.txt,801,811,search_hit_only
settler_colonial,"""settler colonial""",coulthard2014,/home/jic823/capitalism/pdf/coulthard2014.txt,857,871,search_hit_only
settler_colonial,"""settler colonial""",coulthard2014,/home/jic823/capitalism/pdf/coulthard2014.txt,873,883,search_hit_only
settler_colonial,"""settler colonial""",coulthard2014,/home/jic823/capitalism/pdf/coulthard2014.txt,885,891,search_hit_only
settler_colonial,"""settler colonial""",coulthard2014,/home/jic823/capitalism/pdf/coulthard2014.txt,951,961,search_hit_only
settler_colonial,"""settler colonial""",coulthard2014,/home/jic823/capitalism/pdf/coulthard2014.txt,963,975,search_hit_only
settler_colonial,"""settler colonial""",coulthard2014,/home/jic823/capitalism/pdf/coulthard2014.txt,977,989,search_hit_only
settler_colonial,"""settler colonial""",coulthard2014,/home/jic823/capitalism/pdf/coulthard2014.txt,991,1015,search_hit_only
settler_colonial,"""settler colonial""",coulthard2014,/home/jic823/capitalism/pdf/coulthard2014.txt,1017,1067,search_hit_only
settler_colonial,"""settler colonial""",coulthard2014,/home/jic823/capitalism/pdf/coulthard2014.txt,1093,1139,search_hit_only
settler_colonial,"""settler colonial""",mutua_2022_jlpe,/home/jic823/capitalism/pdf/mutua_2022_jlpe.txt,369,417,search_hit_only
settler_colonial,"""settler colonial""",otter_2018_roundtable,/home/jic823/capitalism/pdf/otter_2018_roundtable.txt,323,430,search_hit_only
settler_colonial,"""settler colonial""",rockman2980,/home/jic823/capitalism/pdf/rockman2980.txt,2727,2814,search_hit_only
settler_colonial,"""settler colonial""",wolfe2006,/home/jic823/capitalism/pdf/wolfe2006.txt,1,94,search_hit_only
settler_colonial,"""settler colonial""",wolfe2006,/home/jic823/capitalism/pdf/wolfe2006.txt,95,191,search_hit_only
settler_colonial,"""settler colonial""",wolfe2006,/home/jic823/capitalism/pdf/wolfe2006.txt,192,240,search_hit_only
settler_colonial,"""settler colonial""",wolfe2006,/home/jic823/capitalism/pdf/wolfe2006.txt,241,290,search_hit_only
settler_colonial,"""settler colonial""",wolfe2006,/home/jic823/capitalism/pdf/wolfe2006.txt,291,388,search_hit_only
settler_colonial,"""settler colonial""",wolfe2006,/home/jic823/capitalism/pdf/wolfe2006.txt,389,486,search_hit_only
settler_colonial,"""settler colonial""",wolfe2006,/home/jic823/capitalism/pdf/wolfe2006.txt,585,682,search_hit_only
settler_colonial,"""settler colonial""",wolfe2006,/home/jic823/capitalism/pdf/wolfe2006.txt,683,780,search_hit_only
settler_colonial,"""settler colonial""",wolfe2006,/home/jic823/capitalism/pdf/wolfe2006.txt,781,829,search_hit_only
settler_colonial,"""settler colonial""",wolfe2006,/home/jic823/capitalism/pdf/wolfe2006.txt,948,1011,search_hit_only
more_than_human,"""more than human""",demuth-diss,/home/jic823/capitalism/pdf/demuth-diss.txt,6891,6937,search_hit_only
more_than_human,"""more than human""",demuth-diss,/home/jic823/capitalism/pdf/demuth-diss.txt,7735,7778,search_hit_only
more_than_human,"""more than human""",moore2016,/home/jic823/capitalism/pdf/moore2016.txt,363,433,search_hit_only
more_than_human,"""more than human""",mutua_2022_jlpe,/home/jic823/capitalism/pdf/mutua_2022_jlpe.txt,1615,1662,search_hit_only
more_than_human,"""more than human""",tsing2015_mushroom_end_of_world,/home/jic823/capitalism/pdf/tsing2015_mushroom_end_of_world.txt,3365,3431,search_hit_only
more_than_human,"""more than human""",tsing2015_mushroom_end_of_world,/home/jic823/capitalism/pdf/tsing2015_mushroom_end_of_world.txt,3604,3684,search_hit_only
more_than_human,"""more than human""",tsing2015_mushroom_end_of_world,/home/jic823/capitalism/pdf/tsing2015_mushroom_end_of_world.txt,4203,4283,search_hit_only
more_than_human,"""more than human""",tsing2015_mushroom_end_of_world,/home/jic823/capitalism/pdf/tsing2015_mushroom_end_of_world.txt,6069,6152,search_hit_only
more_than_human,"""more than human""",wynn_2023_eh,/home/jic823/capitalism/pdf/wynn_2023_eh.txt,364,434,search_hit_only
more_than_human,"""more than human""",wynn_2023_eh,/home/jic823/capitalism/pdf/wynn_2023_eh.txt,524,612,search_hit_only
more_than_human,"""more than human""",wynn_2023_eh_notes,/home/jic823/capitalism/pdf/wynn_2023_eh_notes.txt,1,10,search_hit_only
animal,"""animal history"" OR ""animal studies""",clifford2021,/home/jic823/capitalism/pdf/clifford2021.txt,258,363,search_hit_only
animal,"""animal history"" OR ""animal studies""",demuth-diss,/home/jic823/capitalism/pdf/demuth-diss.txt,638,690,search_hit_only
animal,"""animal history"" OR ""animal studies""",tsing2015_mushroom_end_of_world,/home/jic823/capitalism/pdf/tsing2015_mushroom_end_of_world.txt,3770,3853,search_hit_only
animal,"""animal history"" OR ""animal studies""",white_2011_eh,/home/jic823/capitalism/pdf/white_2011_eh.txt,1,81,search_hit_only
animal,"""animal history"" OR ""animal studies""",white_2011_eh,/home/jic823/capitalism/pdf/white_2011_eh.txt,662,744,search_hit_only
climate,"""climate history"" OR ""history of climate"" OR ""historical climatology""",degroot2022,/home/jic823/capitalism/pdf/degroot2022.txt,1,98,search_hit_only
climate,"""climate history"" OR ""history of climate"" OR ""historical climatology""",degroot2022,/home/jic823/capitalism/pdf/degroot2022.txt,99,163,search_hit_only
climate,"""climate history"" OR ""history of climate"" OR ""historical climatology""",degroot2022,/home/jic823/capitalism/pdf/degroot2022.txt,1156,1220,search_hit_only
climate,"""climate history"" OR ""history of climate"" OR ""historical climatology""",degroot2022,/home/jic823/capitalism/pdf/degroot2022.txt,1486,1565,search_hit_only
climate,"""climate history"" OR ""history of climate"" OR ""historical climatology""",degroot2022,/home/jic823/capitalism/pdf/degroot2022.txt,1646,1725,search_hit_only
climate,"""climate history"" OR ""history of climate"" OR ""historical climatology""",degroot2022,/home/jic823/capitalism/pdf/degroot2022.txt,1726,1805,search_hit_only
climate,"""climate history"" OR ""history of climate"" OR ""historical climatology""",degroot2022,/home/jic823/capitalism/pdf/degroot2022.txt,1806,1885,search_hit_only
climate,"""climate history"" OR ""history of climate"" OR ""historical climatology""",degroot2022,/home/jic823/capitalism/pdf/degroot2022.txt,1966,2045,search_hit_only
climate,"""climate history"" OR ""history of climate"" OR ""historical climatology""",degroot2022,/home/jic823/capitalism/pdf/degroot2022.txt,2046,2125,search_hit_only
climate,"""climate history"" OR ""history of climate"" OR ""historical climatology""",degroot2022,/home/jic823/capitalism/pdf/degroot2022.txt,2206,2285,search_hit_only
climate,"""climate history"" OR ""history of climate"" OR ""historical climatology""",envhis_12_1,/home/jic823/capitalism/pdf/envhis_12_1.txt,1033,1090,search_hit_only
climate,"""climate history"" OR ""history of climate"" OR ""historical climatology""",jonsson_2010_ahr,/home/jic823/capitalism/pdf/jonsson_2010_ahr.txt,274,322,search_hit_only
climate,"""climate history"" OR ""history of climate"" OR ""historical climatology""",otter_2018_roundtable,/home/jic823/capitalism/pdf/otter_2018_roundtable.txt,1652,1760,search_hit_only
climate,"""climate history"" OR ""history of climate"" OR ""historical climatology""",parker2013,/home/jic823/capitalism/pdf/parker2013.txt,298,379,search_hit_only
climate,"""climate history"" OR ""history of climate"" OR ""historical climatology""",parker2013,/home/jic823/capitalism/pdf/parker2013.txt,24168,24255,search_hit_only
climate,"""climate history"" OR ""history of climate"" OR ""historical climatology""",parker2013,/home/jic823/capitalism/pdf/parker2013.txt,24895,24980,search_hit_only
climate,"""climate history"" OR ""history of climate"" OR ""historical climatology""",parker2013,/home/jic823/capitalism/pdf/parker2013.txt,28081,28136,search_hit_only
climate,"""climate history"" OR ""history of climate"" OR ""historical climatology""",parker2013,/home/jic823/capitalism/pdf/parker2013.txt,28473,28584,search_hit_only
climate,"""climate history"" OR ""history of climate"" OR ""historical climatology""",pomeranz,/home/jic823/capitalism/pdf/pomeranz.txt,15925,16013,search_hit_only
oceanic,"""oceanic"" OR ""marine environment"" OR ""Pacific world""",berghudson,/home/jic823/capitalism/pdf/berghudson.txt,8107,8212,search_hit_only
oceanic,"""oceanic"" OR ""marine environment"" OR ""Pacific world""",berghudson,/home/jic823/capitalism/pdf/berghudson.txt,8906,9023,search_hit_only
oceanic,"""oceanic"" OR ""marine environment"" OR ""Pacific world""",campop_why_wasnt_france_first_wp40,/home/jic823/capitalism/pdf/campop_why_wasnt_france_first_wp40.txt,2248,2380,search_hit_only
oceanic,"""oceanic"" OR ""marine environment"" OR ""Pacific world""",chc-v2,/home/jic823/capitalism/pdf/chc-v2.txt,7972,8055,search_hit_only
oceanic,"""oceanic"" OR ""marine environment"" OR ""Pacific world""",chc-v2,/home/jic823/capitalism/pdf/chc-v2.txt,14084,14171,search_hit_only
oceanic,"""oceanic"" OR ""marine environment"" OR ""Pacific world""",clapham-economic-history-modern-britain-vol1/ia_in.ernet.dli.2015.228742,/home/jic823/capitalism/wiki_sources/clapham-economic-history-modern-britain-vol1/ia_in.ernet.dli.2015.228742.txt,27901,28030,search_hit_only
oceanic,"""oceanic"" OR ""marine environment"" OR ""Pacific world""",clifford2021,/home/jic823/capitalism/pdf/clifford2021.txt,258,363,search_hit_only
oceanic,"""oceanic"" OR ""marine environment"" OR ""Pacific world""",clifford2021,/home/jic823/capitalism/pdf/clifford2021.txt,419,537,search_hit_only
oceanic,"""oceanic"" OR ""marine environment"" OR ""Pacific world""",clifford2021,/home/jic823/capitalism/pdf/clifford2021.txt,638,755,search_hit_only
oceanic,"""oceanic"" OR ""marine environment"" OR ""Pacific world""",clifford2021,/home/jic823/capitalism/pdf/clifford2021.txt,1145,1259,search_hit_only
oceanic,"""oceanic"" OR ""marine environment"" OR ""Pacific world""",demuth-diss,/home/jic823/capitalism/pdf/demuth-diss.txt,482,533,search_hit_only
oceanic,"""oceanic"" OR ""marine environment"" OR ""Pacific world""",demuth-diss,/home/jic823/capitalism/pdf/demuth-diss.txt,638,690,search_hit_only
oceanic,"""oceanic"" OR ""marine environment"" OR ""Pacific world""",demuth-diss,/home/jic823/capitalism/pdf/demuth-diss.txt,12342,12445,search_hit_only
oceanic,"""oceanic"" OR ""marine environment"" OR ""Pacific world""",marsh-man-and-nature/pg37957,/home/jic823/capitalism/wiki_sources/marsh-man-and-nature/pg37957.txt,1458,1570,search_hit_only
oceanic,"""oceanic"" OR ""marine environment"" OR ""Pacific world""",marsh-man-and-nature/pg37957,/home/jic823/capitalism/wiki_sources/marsh-man-and-nature/pg37957.txt,1940,2046,search_hit_only
oceanic,"""oceanic"" OR ""marine environment"" OR ""Pacific world""",marsh-man-and-nature/pg37957,/home/jic823/capitalism/wiki_sources/marsh-man-and-nature/pg37957.txt,8739,8827,search_hit_only
oceanic,"""oceanic"" OR ""marine environment"" OR ""Pacific world""",marsh-man-and-nature/pg37957,/home/jic823/capitalism/wiki_sources/marsh-man-and-nature/pg37957.txt,9181,9283,search_hit_only
oceanic,"""oceanic"" OR ""marine environment"" OR ""Pacific world""",marsh-man-and-nature/pg37957,/home/jic823/capitalism/wiki_sources/marsh-man-and-nature/pg37957.txt,13610,13704,search_hit_only
oceanic,"""oceanic"" OR ""marine environment"" OR ""Pacific world""",merivale-lectures-colonization/ia_cihm_48131,/home/jic823/capitalism/wiki_sources/merivale-lectures-colonization/ia_cihm_48131.txt,41422,41599,search_hit_only
oceanic,"""oceanic"" OR ""marine environment"" OR ""Pacific world""",moore2010a,/home/jic823/capitalism/pdf/moore2010a.txt,214,264,search_hit_only
oceanic,"""oceanic"" OR ""marine environment"" OR ""Pacific world""",moore2010b,/home/jic823/capitalism/pdf/moore2010b.txt,1455,1505,search_hit_only
oceanic,"""oceanic"" OR ""marine environment"" OR ""Pacific world""",nieboer-slavery-industrial-system/ia_slaveryasindustr00niebuoft,/home/jic823/capitalism/wiki_sources/nieboer-slavery-industrial-system/ia_slaveryasindustr00niebuoft.txt,370,519,search_hit_only
oceanic,"""oceanic"" OR ""marine environment"" OR ""Pacific world""",nieboer-slavery-industrial-system/ia_slaveryasindustr00niebuoft,/home/jic823/capitalism/wiki_sources/nieboer-slavery-industrial-system/ia_slaveryasindustr00niebuoft.txt,9122,9292,search_hit_only
oceanic,"""oceanic"" OR ""marine environment"" OR ""Pacific world""",nieboer-slavery-industrial-system/ia_slaveryasindustr00niebuoft,/home/jic823/capitalism/wiki_sources/nieboer-slavery-industrial-system/ia_slaveryasindustr00niebuoft.txt,16919,17048,search_hit_only
oceanic,"""oceanic"" OR ""marine environment"" OR ""Pacific world""",obrien_2001_ihr,/home/jic823/capitalism/pdf/obrien_2001_ihr.txt,272,355,search_hit_only
oceanic,"""oceanic"" OR ""marine environment"" OR ""Pacific world""",obrien_2001_ihr,/home/jic823/capitalism/pdf/obrien_2001_ihr.txt,967,1043,search_hit_only
oceanic,"""oceanic"" OR ""marine environment"" OR ""Pacific world""",parker2013,/home/jic823/capitalism/pdf/parker2013.txt,8984,9070,search_hit_only
oceanic,"""oceanic"" OR ""marine environment"" OR ""Pacific world""",rockman2980,/home/jic823/capitalism/pdf/rockman2980.txt,2641,2726,search_hit_only
oceanic,"""oceanic"" OR ""marine environment"" OR ""Pacific world""",rockman2980,/home/jic823/capitalism/pdf/rockman2980.txt,2727,2814,search_hit_only
oceanic,"""oceanic"" OR ""marine environment"" OR ""Pacific world""",tawney-agrarian-problem/ia_agrarianproblem00tawn,/home/jic823/capitalism/wiki_sources/tawney-agrarian-problem/ia_agrarianproblem00tawn.txt,1233,1340,search_hit_only
oceanic,"""oceanic"" OR ""marine environment"" OR ""Pacific world""",wallerstein_mws1,/home/jic823/capitalism/pdf/wallerstein_mws1.txt,2347,2445,search_hit_only
oceanic,"""oceanic"" OR ""marine environment"" OR ""Pacific world""",wallerstein_mws1,/home/jic823/capitalism/pdf/wallerstein_mws1.txt,2446,2551,search_hit_only
oceanic,"""oceanic"" OR ""marine environment"" OR ""Pacific world""",wallerstein_mws1,/home/jic823/capitalism/pdf/wallerstein_mws1.txt,3915,3986,search_hit_only
oceanic,"""oceanic"" OR ""marine environment"" OR ""Pacific world""",wallerstein_mws1,/home/jic823/capitalism/pdf/wallerstein_mws1.txt,11172,11243,search_hit_only
oceanic,"""oceanic"" OR ""marine environment"" OR ""Pacific world""",wallerstein_mws1,/home/jic823/capitalism/pdf/wallerstein_mws1.txt,12012,12084,search_hit_only
oceanic,"""oceanic"" OR ""marine environment"" OR ""Pacific world""",wallerstein_mws1,/home/jic823/capitalism/pdf/wallerstein_mws1.txt,13113,13210,search_hit_only
oceanic,"""oceanic"" OR ""marine environment"" OR ""Pacific world""",wallerstein_mws1,/home/jic823/capitalism/pdf/wallerstein_mws1.txt,13506,13605,search_hit_only
oceanic,"""oceanic"" OR ""marine environment"" OR ""Pacific world""",wallerstein_mws1,/home/jic823/capitalism/pdf/wallerstein_mws1.txt,15319,15416,search_hit_only
oceanic,"""oceanic"" OR ""marine environment"" OR ""Pacific world""",wallerstein_mws1,/home/jic823/capitalism/pdf/wallerstein_mws1.txt,21395,21522,search_hit_only
oceanic,"""oceanic"" OR ""marine environment"" OR ""Pacific world""",wallerstein_mws1,/home/jic823/capitalism/pdf/wallerstein_mws1.txt,22474,22834,search_hit_only
oceanic,"""oceanic"" OR ""marine environment"" OR ""Pacific world""",wallerstein_mws1_bib,/home/jic823/capitalism/pdf/wallerstein_mws1_bib.txt,1544,1672,search_hit_only
oceanic,"""oceanic"" OR ""marine environment"" OR ""Pacific world""",wallerstein_mws1_refs,/home/jic823/capitalism/pdf/wallerstein_mws1_refs.txt,565,637,search_hit_only
oceanic,"""oceanic"" OR ""marine environment"" OR ""Pacific world""",weber-general-economic-history/ia_weber-max.-general-economic-history-1927-1950_202106,/home/jic823/capitalism/wiki_sources/weber-general-economic-history/ia_weber-max.-general-economic-history-1927-1950_202106.txt,12046,12189,search_hit_only
oceanic,"""oceanic"" OR ""marine environment"" OR ""Pacific world""",wrigley2000_the_divergence_of_england_the_growth_of,/home/jic823/capitalism/pdf/wrigley2000_the_divergence_of_england_the_growth_of.txt,473,579,search_hit_only
oceanic,"""oceanic"" OR ""marine environment"" OR ""Pacific world""",young-travels-in-france/ia_arthuryoungstrav00youn,/home/jic823/capitalism/wiki_sources/young-travels-in-france/ia_arthuryoungstrav00youn.txt,3624,3745,search_hit_only
energy_history,"""energy history"" OR ""fossil capital""",berghudson,/home/jic823/capitalism/pdf/berghudson.txt,9377,9495,search_hit_only
energy_history,"""energy history"" OR ""fossil capital""",jonsson_2012_jmh,/home/jic823/capitalism/pdf/jonsson_2012_jmh.txt,728,812,search_hit_only
energy_history,"""energy history"" OR ""fossil capital""",jonsson_2012_jmh_flat,/home/jic823/capitalism/pdf/jonsson_2012_jmh_flat.txt,713,793,search_hit_only
energy_history,"""energy history"" OR ""fossil capital""",jonsson_2012_jmh_notes,/home/jic823/capitalism/pdf/jonsson_2012_jmh_notes.txt,250,339,search_hit_only
energy_history,"""energy history"" OR ""fossil capital""",malanima2015,/home/jic823/capitalism/pdf/malanima2015.txt,60,119,search_hit_only
energy_history,"""energy history"" OR ""fossil capital""",malanima2015,/home/jic823/capitalism/pdf/malanima2015.txt,475,746,search_hit_only
energy_history,"""energy history"" OR ""fossil capital""",malanima2015,/home/jic823/capitalism/pdf/malanima2015.txt,1094,1262,search_hit_only
energy_history,"""energy history"" OR ""fossil capital""",malm2016-ocr,/home/jic823/capitalism/pdf/malm2016-ocr.txt,1,88,search_hit_only
energy_history,"""energy history"" OR ""fossil capital""",malm2016-ocr,/home/jic823/capitalism/pdf/malm2016-ocr.txt,90,181,search_hit_only
energy_history,"""energy history"" OR ""fossil capital""",malm2016-ocr,/home/jic823/capitalism/pdf/malm2016-ocr.txt,183,287,search_hit_only
energy_history,"""energy history"" OR ""fossil capital""",malm2016-ocr,/home/jic823/capitalism/pdf/malm2016-ocr.txt,289,394,search_hit_only
energy_history,"""energy history"" OR ""fossil capital""",malm2016-ocr,/home/jic823/capitalism/pdf/malm2016-ocr.txt,396,497,search_hit_only
energy_history,"""energy history"" OR ""fossil capital""",malm2016-ocr,/home/jic823/capitalism/pdf/malm2016-ocr.txt,499,604,search_hit_only
energy_history,"""energy history"" OR ""fossil capital""",malm2016-ocr,/home/jic823/capitalism/pdf/malm2016-ocr.txt,606,713,search_hit_only
energy_history,"""energy history"" OR ""fossil capital""",malm2016-ocr,/home/jic823/capitalism/pdf/malm2016-ocr.txt,715,797,search_hit_only
energy_history,"""energy history"" OR ""fossil capital""",malm2016-ocr,/home/jic823/capitalism/pdf/malm2016-ocr.txt,905,992,search_hit_only
energy_history,"""energy history"" OR ""fossil capital""",malm2016-ocr,/home/jic823/capitalism/pdf/malm2016-ocr.txt,994,1082,search_hit_only
energy_history,"""energy history"" OR ""fossil capital""",malm2016-ocr,/home/jic823/capitalism/pdf/malm2016-ocr.txt,1084,1184,search_hit_only
energy_history,"""energy history"" OR ""fossil capital""",malm2016-ocr,/home/jic823/capitalism/pdf/malm2016-ocr.txt,1186,1288,search_hit_only
energy_history,"""energy history"" OR ""fossil capital""",malm2016-ocr,/home/jic823/capitalism/pdf/malm2016-ocr.txt,1290,1392,search_hit_only
energy_history,"""energy history"" OR ""fossil capital""",malm2016-ocr,/home/jic823/capitalism/pdf/malm2016-ocr.txt,1394,1499,search_hit_only
energy_history,"""energy history"" OR ""fossil capital""",malm2016-ocr,/home/jic823/capitalism/pdf/malm2016-ocr.txt,1501,1632,search_hit_only
energy_history,"""energy history"" OR ""fossil capital""",malm2016-ocr,/home/jic823/capitalism/pdf/malm2016-ocr.txt,1634,1748,search_hit_only
energy_history,"""energy history"" OR ""fossil capital""",malm2016-ocr,/home/jic823/capitalism/pdf/malm2016-ocr.txt,1750,1870,search_hit_only
energy_history,"""energy history"" OR ""fossil capital""",malm2016-ocr,/home/jic823/capitalism/pdf/malm2016-ocr.txt,1872,1959,search_hit_only
energy_history,"""energy history"" OR ""fossil capital""",malm2016-ocr,/home/jic823/capitalism/pdf/malm2016-ocr.txt,1961,2044,search_hit_only
energy_history,"""energy history"" OR ""fossil capital""",malm2016-ocr,/home/jic823/capitalism/pdf/malm2016-ocr.txt,2046,2148,search_hit_only
energy_history,"""energy history"" OR ""fossil capital""",malm2016-ocr,/home/jic823/capitalism/pdf/malm2016-ocr.txt,2150,2254,search_hit_only
energy_history,"""energy history"" OR ""fossil capital""",malm2016-ocr,/home/jic823/capitalism/pdf/malm2016-ocr.txt,2256,2355,search_hit_only
energy_history,"""energy history"" OR ""fossil capital""",malm2016-ocr,/home/jic823/capitalism/pdf/malm2016-ocr.txt,2357,2438,search_hit_only
energy_history,"""energy history"" OR ""fossil capital""",malm2016-ocr,/home/jic823/capitalism/pdf/malm2016-ocr.txt,2440,2536,search_hit_only
energy_history,"""energy history"" OR ""fossil capital""",malm2016-ocr,/home/jic823/capitalism/pdf/malm2016-ocr.txt,2538,2638,search_hit_only
energy_history,"""energy history"" OR ""fossil capital""",malm2016-ocr,/home/jic823/capitalism/pdf/malm2016-ocr.txt,2640,2754,search_hit_only
energy_history,"""energy history"" OR ""fossil capital""",malm2016-ocr,/home/jic823/capitalism/pdf/malm2016-ocr.txt,2756,2859,search_hit_only
energy_history,"""energy history"" OR ""fossil capital""",malm2016-ocr,/home/jic823/capitalism/pdf/malm2016-ocr.txt,2861,2956,search_hit_only
energy_history,"""energy history"" OR ""fossil capital""",malm2016-ocr,/home/jic823/capitalism/pdf/malm2016-ocr.txt,2958,3120,search_hit_only
energy_history,"""energy history"" OR ""fossil capital""",malm2016-ocr,/home/jic823/capitalism/pdf/malm2016-ocr.txt,3319,3529,search_hit_only
energy_history,"""energy history"" OR ""fossil capital""",moore2017,/home/jic823/capitalism/pdf/moore2017.txt,1280,1322,search_hit_only
energy_history,"""energy history"" OR ""fossil capital""",moore2017,/home/jic823/capitalism/pdf/moore2017.txt,1562,1623,search_hit_only
energy_history,"""energy history"" OR ""fossil capital""",mutua_2022_jlpe,/home/jic823/capitalism/pdf/mutua_2022_jlpe.txt,2875,2984,search_hit_only
energy_history,"""energy history"" OR ""fossil capital""",mutua_2022_jlpe,/home/jic823/capitalism/pdf/mutua_2022_jlpe.txt,3095,3204,search_hit_only
energy_history,"""energy history"" OR ""fossil capital""",otter_2018_roundtable,/home/jic823/capitalism/pdf/otter_2018_roundtable.txt,104,216,search_hit_only
energy_history,"""energy history"" OR ""fossil capital""",otter_2018_roundtable,/home/jic823/capitalism/pdf/otter_2018_roundtable.txt,484,596,search_hit_only
energy_history,"""energy history"" OR ""fossil capital""",otter_2018_roundtable,/home/jic823/capitalism/pdf/otter_2018_roundtable.txt,651,701,search_hit_only
energy_history,"""energy history"" OR ""fossil capital""",otter_2018_roundtable,/home/jic823/capitalism/pdf/otter_2018_roundtable.txt,847,953,search_hit_only
energy_history,"""energy history"" OR ""fossil capital""",otter_2018_roundtable,/home/jic823/capitalism/pdf/otter_2018_roundtable.txt,1652,1760,search_hit_only
energy_history,"""energy history"" OR ""fossil capital""",rockman2980,/home/jic823/capitalism/pdf/rockman2980.txt,2391,2477,search_hit_only
energy_history,"""energy history"" OR ""fossil capital""",twk2018,/home/jic823/capitalism/pdf/twk2018.txt,400,457,search_hit_only
energy_history,"""energy history"" OR ""fossil capital""",twk2018,/home/jic823/capitalism/pdf/twk2018.txt,2160,2248,search_hit_only
energy_history,"""energy history"" OR ""fossil capital""",warde2007_cnr,/home/jic823/capitalism/pdf/warde2007_cnr.txt,317,475,search_hit_only
energy_history,"""energy history"" OR ""fossil capital""",warde2007_cnr,/home/jic823/capitalism/pdf/warde2007_cnr.txt,2339,2493,search_hit_only
energy_history,"""energy history"" OR ""fossil capital""",warde2007_cnr,/home/jic823/capitalism/pdf/warde2007_cnr.txt,2494,2680,search_hit_only
energy_history,"""energy history"" OR ""fossil capital""",warde2007_cnr,/home/jic823/capitalism/pdf/warde2007_cnr.txt,2681,2944,search_hit_only
