review_number,journal_key,label,working_group,include_in_working_selection,community_assessment,exclusions,subject_labels,publication_records,non_demo_distinct_orcids,reason,evidence_basis,scope_source_url,review_status
1,journal_1d3e57485ef758f2,20 & 21. Revue d'histoire,likely_core,True,likely_core,[],"[""Modern and contemporary""]",0,0,Editorial estimate: history or historical social science is the defining scholarly focus; likely historian-dominated for this working screen.,editorial_title_and_catalogue_subject_screen,,provisional_venue_screen_not_contributor_census
2,journal_dfcb3573c7c0f19f,Ab Imperio,likely_core,True,likely_core,[],"[""Colonialism and empire"", ""Politics and public policy"", ""Russia and Eurasia""]",0,0,Editorial estimate: history or historical social science is the defining scholarly focus; likely historian-dominated for this working screen.,editorial_title_and_catalogue_subject_screen,,provisional_venue_screen_not_contributor_census
3,journal_60f292179e503c1f,Abriu,excluded,False,other_primary_community,[],"[""Iberia"", ""Latin America and Caribbean"", ""Literature""]",36,39,Editorial estimate: another disciplinary community is primary; omit from the historian-focused working selection.,editorial_title_and_catalogue_subject_screen,,provisional_venue_screen_not_contributor_census
4,journal_91f1c756cb33896f,Acadiensis,likely_core,True,likely_core,[],"[""Canada""]",0,0,Editorial estimate: history or historical social science is the defining scholarly focus; likely historian-dominated for this working screen.,editorial_title_and_catalogue_subject_screen,,provisional_venue_screen_not_contributor_census
5,journal_d63c3d93c03ef931,Accounting History Review,likely_core,True,likely_core,[],"[""Business, labor and economics""]",60,64,"Retain accounting history as historical social science: focus on historical accounting thought, practice and institutions.",publisher_scope_checked,https://www.tandfonline.com/journals/rabf21,provisional_venue_screen_not_contributor_census
6,journal_7b7546e057193394,Acta Academiae Artium Vilnensis,mixed,False,mixed,[],"[""Art""]",64,73,Historical scholarship overlaps another disciplinary community; a historian or historical-social-scientist majority is not established.,editorial_title_and_catalogue_subject_screen,,provisional_venue_screen_not_contributor_census
7,journal_9643af836a3cff70,Acta Antiqua Academiae Scientiarum Hungaricae,mixed,False,mixed,[],"[""Ancient"", ""Archaeology"", ""Classical studies""]",171,125,Historical scholarship overlaps another disciplinary community; a historian or historical-social-scientist majority is not established.,editorial_title_and_catalogue_subject_screen,,provisional_venue_screen_not_contributor_census
8,journal_7e3614bef0a9d197,Acta Asiatica Varsoviensia,excluded,False,mixed,"[""general_area_studies""]","[""Asia""]",45,39,Historical scholarship overlaps another disciplinary community; a historian or historical-social-scientist majority is not established. Applied user exclusion: general_area_studies.,editorial_title_and_catalogue_subject_screen,,provisional_venue_screen_not_contributor_census
9,journal_d374e610cfd52bac,Acta Baltica Historiae et Philosophiae Scientiarum,likely_core,True,likely_core,[],"[""Baltic"", ""General history"", ""Philosophy"", ""Science and technology""]",99,92,Editorial estimate: history or historical social science is the defining scholarly focus; likely historian-dominated for this working screen.,editorial_title_and_catalogue_subject_screen,,provisional_venue_screen_not_contributor_census
10,journal_69cd6d42b6bae5ff,Acta Borealia,excluded,False,mixed,"[""general_area_studies""]","[""Nordic Europe""]",19,30,Historical scholarship overlaps another disciplinary community; a historian or historical-social-scientist majority is not established. Applied user exclusion: general_area_studies.,editorial_title_and_catalogue_subject_screen,,provisional_venue_screen_not_contributor_census
11,journal_d73bba16eb647404,Acta Historiae Artis Slovenica,likely_core,True,likely_core,[],"[""Art"", ""Art history"", ""Eastern Europe and Balkans""]",44,35,Editorial estimate: history or historical social science is the defining scholarly focus; likely historian-dominated for this working screen.,editorial_title_and_catalogue_subject_screen,,provisional_venue_screen_not_contributor_census
12,journal_301d620d70ac04c6,Acta Historica Tallinnensia,likely_core,True,likely_core,[],[],74,53,Editorial estimate: history or historical social science is the defining scholarly focus; likely historian-dominated for this working screen.,editorial_title_and_catalogue_subject_screen,,provisional_venue_screen_not_contributor_census
13,journal_90cf8ded2289c4e2,Acta Poloniae Historica,likely_core,True,likely_core,[],"[""Eastern Europe and Balkans"", ""Poland""]",127,132,Editorial estimate: history or historical social science is the defining scholarly focus; likely historian-dominated for this working screen.,editorial_title_and_catalogue_subject_screen,,provisional_venue_screen_not_contributor_census
14,journal_0bc86b3b70daac6a,Ad Limina,mixed,False,mixed,[],"[""Humanities""]",110,78,"Pilgrimage studies encompass history alongside art, literature, archaeology, anthropology and other fields; no historian majority established.",publisher_scope_checked,https://www.caminodesantiago.gal/es/conocimiento-e-investigacion/ad-limina,provisional_venue_screen_not_contributor_census
15,journal_8b7b28851d49744e,Adalya,excluded,False,other_primary_community,"[""archaeology""]",[],117,164,Editorial estimate: another disciplinary community is primary; omit from the historian-focused working selection. Applied user exclusion: archaeology.,editorial_title_and_catalogue_subject_screen,,provisional_venue_screen_not_contributor_census
16,journal_098c5601d80ef233,Aethiopica,excluded,False,mixed,"[""general_area_studies""]","[""Africa"", ""Anthropology and ethnography"", ""Archaeology"", ""Horn of Africa"", ""Language and linguistics"", ""Literature"", ""Manuscript studies"", ""Philosophy"", ""Religion""]",79,57,Historical scholarship overlaps another disciplinary community; a historian or historical-social-scientist majority is not established. Applied user exclusion: general_area_studies.,editorial_title_and_catalogue_subject_screen,,provisional_venue_screen_not_contributor_census
17,journal_38ecdf7c75977dec,Africa Review,excluded,False,other_primary_community,"[""general_area_studies""]","[""Africa"", ""General history""]",112,171,Editorial estimate: another disciplinary community is primary; omit from the historian-focused working selection. Applied user exclusion: general_area_studies.,editorial_title_and_catalogue_subject_screen,,provisional_venue_screen_not_contributor_census
18,journal_923835d8437c75d6,African and Asian Studies,excluded,False,other_primary_community,"[""general_area_studies""]","[""Africa"", ""Asia"", ""Women and gender studies""]",142,199,Editorial estimate: another disciplinary community is primary; omit from the historian-focused working selection. Applied user exclusion: general_area_studies.,editorial_title_and_catalogue_subject_screen,,provisional_venue_screen_not_contributor_census
19,journal_d972a540a617fa2f,African Archaeological Review,excluded,False,other_primary_community,"[""archaeology""]","[""Africa"", ""Archaeology"", ""Prehistory""]",215,270,Editorial estimate: another disciplinary community is primary; omit from the historian-focused working selection. Applied user exclusion: archaeology.,editorial_title_and_catalogue_subject_screen,,provisional_venue_screen_not_contributor_census
20,journal_bbcb45648f11880b,African Economic History,likely_core,True,likely_core,[],"[""Africa"", ""Business, labor and economics""]",0,0,Editorial estimate: history or historical social science is the defining scholarly focus; likely historian-dominated for this working screen.,editorial_title_and_catalogue_subject_screen,,provisional_venue_screen_not_contributor_census
21,journal_f94d1b95f9753857,African Historical Review,likely_core,True,likely_core,[],"[""Africa""]",86,87,Editorial estimate: history or historical social science is the defining scholarly focus; likely historian-dominated for this working screen.,editorial_title_and_catalogue_subject_screen,,provisional_venue_screen_not_contributor_census
22,journal_af321c83d77f929c,Afrique & Histoire,likely_core,True,likely_core,[],"[""Africa""]",0,0,Editorial estimate: history or historical social science is the defining scholarly focus; likely historian-dominated for this working screen.,editorial_title_and_catalogue_subject_screen,,provisional_venue_screen_not_contributor_census
23,journal_2dfeedfb997d608a,Afriques,likely_core,True,likely_core,[],"[""Africa"", ""Anthropology and ethnography""]",55,34,Editorial estimate: history or historical social science is the defining scholarly focus; likely historian-dominated for this working screen.,editorial_title_and_catalogue_subject_screen,,provisional_venue_screen_not_contributor_census
24,journal_4d7fa7f3dd0dba0e,Agricultural History,likely_core,True,likely_core,[],"[""Business, labor and economics"", ""Rural and agricultural""]",0,0,Editorial estimate: history or historical social science is the defining scholarly focus; likely historian-dominated for this working screen.,editorial_title_and_catalogue_subject_screen,,provisional_venue_screen_not_contributor_census
25,journal_9f9dff6d3ffacccd,Agricultural History Review,likely_core,True,likely_core,[],"[""Business, labor and economics"", ""Rural and agricultural""]",0,0,Editorial estimate: history or historical social science is the defining scholarly focus; likely historian-dominated for this working screen.,editorial_title_and_catalogue_subject_screen,,provisional_venue_screen_not_contributor_census
26,journal_994dc8e5a81961bb,AJS Review,mixed,False,mixed,[],"[""Jewish studies""]",0,0,Historical scholarship overlaps another disciplinary community; a historian or historical-social-scientist majority is not established.,editorial_title_and_catalogue_subject_screen,,provisional_venue_screen_not_contributor_census
27,journal_388d7ab2e7191e76,Akkadica,excluded,False,mixed,"[""archaeology""]","[""Archaeology"", ""General history"", ""Language and linguistics"", ""Western Asia""]",134,118,Historical scholarship overlaps another disciplinary community; a historian or historical-social-scientist majority is not established. Applied user exclusion: archaeology.,editorial_title_and_catalogue_subject_screen,,provisional_venue_screen_not_contributor_census
28,journal_c0d93ea09e20eb4c,Aleph,mixed,False,mixed,[],[],0,0,Historical scholarship overlaps another disciplinary community; a historian or historical-social-scientist majority is not established.,editorial_title_and_catalogue_subject_screen,,provisional_venue_screen_not_contributor_census
29,journal_d0d6da384f579019,Altorientalische Forschungen,excluded,False,mixed,"[""archaeology""]","[""Ancient"", ""Archaeology"", ""Art history"", ""Asia"", ""Language and linguistics"", ""Middle East""]",7,10,Historical scholarship overlaps another disciplinary community; a historian or historical-social-scientist majority is not established. Applied user exclusion: archaeology.,editorial_title_and_catalogue_subject_screen,,provisional_venue_screen_not_contributor_census
30,journal_8c92d015d9ca95a2,Ambix,likely_core,True,likely_core,[],"[""Science and technology""]",141,123,Editorial estimate: history or historical social science is the defining scholarly focus; likely historian-dominated for this working screen.,editorial_title_and_catalogue_subject_screen,,provisional_venue_screen_not_contributor_census
31,journal_78720e4a3a7881e7,Amerasia Journal,excluded,False,mixed,"[""general_area_studies""]","[""Ethnic and racial studies""]",40,40,Historical scholarship overlaps another disciplinary community; a historian or historical-social-scientist majority is not established. Applied user exclusion: general_area_studies.,editorial_title_and_catalogue_subject_screen,,provisional_venue_screen_not_contributor_census
32,journal_e27750ccb34e167a,American Antiquity,excluded,False,other_primary_community,"[""archaeology""]","[""Americas"", ""Ancient"", ""Anthropology and ethnography"", ""Archaeology""]",385,407,Editorial estimate: another disciplinary community is primary; omit from the historian-focused working selection. Applied user exclusion: archaeology.,editorial_title_and_catalogue_subject_screen,,provisional_venue_screen_not_contributor_census
33,journal_e58627135946a4e7,American Communist History,likely_core,True,likely_core,[],"[""Business, labor and economics"", ""Politics and public policy"", ""Socialism and related political traditions""]",37,31,Editorial estimate: history or historical social science is the defining scholarly focus; likely historian-dominated for this working screen.,editorial_title_and_catalogue_subject_screen,,provisional_venue_screen_not_contributor_census
34,journal_c2decf545335ea0c,American Educational History Journal,likely_core,True,likely_core,[],"[""Education"", ""Teaching and methods""]",0,0,Editorial estimate: history or historical social science is the defining scholarly focus; likely historian-dominated for this working screen.,editorial_title_and_catalogue_subject_screen,,provisional_venue_screen_not_contributor_census
35,journal_59f9468d9cf294be,American Indian Culture and Research Journal,excluded,False,mixed,"[""general_area_studies""]","[""Indigenous studies"", ""Regional or local history"", ""Social""]",38,29,Historical scholarship overlaps another disciplinary community; a historian or historical-social-scientist majority is not established. Applied user exclusion: general_area_studies.,editorial_title_and_catalogue_subject_screen,,provisional_venue_screen_not_contributor_census
36,journal_cc21c94c66fe3843,American Jewish History,likely_core,True,likely_core,[],"[""Ethnic and racial studies"", ""Jewish studies"", ""Religion"", ""United States""]",0,0,Editorial estimate: history or historical social science is the defining scholarly focus; likely historian-dominated for this working screen.,editorial_title_and_catalogue_subject_screen,,provisional_venue_screen_not_contributor_census
37,journal_31e5d822b53d053f,American Journal of Legal History,likely_core,True,likely_core,[],"[""Legal""]",50,46,Editorial estimate: history or historical social science is the defining scholarly focus; likely historian-dominated for this working screen.,editorial_title_and_catalogue_subject_screen,,provisional_venue_screen_not_contributor_census
38,journal_18f23b520a1e3c8d,American Literary History,mixed,False,mixed,[],"[""Media and books""]",28,23,Historical scholarship overlaps another disciplinary community; a historian or historical-social-scientist majority is not established.,editorial_title_and_catalogue_subject_screen,,provisional_venue_screen_not_contributor_census
39,journal_16c2606d6dc20ebf,American Nineteenth Century History,likely_core,True,likely_core,[],"[""Nineteenth century"", ""United States""]",24,22,Editorial estimate: history or historical social science is the defining scholarly focus; likely historian-dominated for this working screen.,editorial_title_and_catalogue_subject_screen,,provisional_venue_screen_not_contributor_census
40,journal_d1dcb7930f377399,American Quarterly,excluded,False,mixed,"[""general_area_studies""]","[""United States""]",0,0,Historical scholarship overlaps another disciplinary community; a historian or historical-social-scientist majority is not established. Applied user exclusion: general_area_studies.,editorial_title_and_catalogue_subject_screen,,provisional_venue_screen_not_contributor_census
41,journal_ce0b1688463d3515,American Studies in Scandinavia,excluded,False,mixed,"[""general_area_studies""]","[""Americas"", ""United States""]",0,0,Historical scholarship overlaps another disciplinary community; a historian or historical-social-scientist majority is not established. Applied user exclusion: general_area_studies.,editorial_title_and_catalogue_subject_screen,,provisional_venue_screen_not_contributor_census
42,journal_fd43dbc3fb2de149,Analecta Hibernica,likely_core,True,likely_core,[],"[""Ireland"", ""Manuscript studies""]",0,0,Editorial estimate: history or historical social science is the defining scholarly focus; likely historian-dominated for this working screen.,editorial_title_and_catalogue_subject_screen,,provisional_venue_screen_not_contributor_census
43,journal_c293897f8b6f4bd9,Anali Zavoda za Povijesne Znanosti Hrvatske Akademije Znanosti i Umjetnosti u Dubrovniku,likely_core,True,likely_core,[],"[""General history""]",0,0,Editorial estimate: history or historical social science is the defining scholarly focus; likely historian-dominated for this working screen.,editorial_title_and_catalogue_subject_screen,,provisional_venue_screen_not_contributor_census
44,journal_8bd27880639a07cf,Anatolian Studies,excluded,False,mixed,"[""archaeology""]","[""Archaeology"", ""Black Sea"", ""Heritage and public history"", ""Turkey""]",0,0,Historical scholarship overlaps another disciplinary community; a historian or historical-social-scientist majority is not established. Applied user exclusion: archaeology.,editorial_title_and_catalogue_subject_screen,,provisional_venue_screen_not_contributor_census
45,journal_c1f7ca4a05c31650,Anatolica,excluded,False,mixed,"[""archaeology""]","[""Anatolia"", ""Archaeology"", ""General history"", ""Turkey""]",0,0,Historical scholarship overlaps another disciplinary community; a historian or historical-social-scientist majority is not established. Applied user exclusion: archaeology.,editorial_title_and_catalogue_subject_screen,,provisional_venue_screen_not_contributor_census
46,journal_02ba7a555bbe4a75,Ancient Civilizations from Scythia to Siberia,excluded,False,mixed,"[""archaeology""]","[""Ancient"", ""Archaeology"", ""Russia and Eurasia""]",55,76,Historical scholarship overlaps another disciplinary community; a historian or historical-social-scientist majority is not established. Applied user exclusion: archaeology.,editorial_title_and_catalogue_subject_screen,,provisional_venue_screen_not_contributor_census
47,journal_5e0a17306de38521,Ancient Society,likely_core,True,likely_core,[],"[""Ancient"", ""Anthropology and ethnography"", ""Archaeology"", ""Classical studies""]",0,0,Editorial estimate: history or historical social science is the defining scholarly focus; likely historian-dominated for this working screen.,editorial_title_and_catalogue_subject_screen,,provisional_venue_screen_not_contributor_census
48,journal_3d920cc86259262a,Anglican & Episcopal History,likely_core,True,likely_core,[],"[""Religion""]",0,0,Editorial estimate: history or historical social science is the defining scholarly focus; likely historian-dominated for this working screen.,editorial_title_and_catalogue_subject_screen,,provisional_venue_screen_not_contributor_census
49,journal_cc0168d51244497a,Anglo-Saxon England,mixed,False,mixed,[],"[""Britain""]",13,11,Historical scholarship overlaps another disciplinary community; a historian or historical-social-scientist majority is not established.,editorial_title_and_catalogue_subject_screen,,provisional_venue_screen_not_contributor_census
50,journal_18b9b876e4599c56,Annales de Bourgogne,likely_core,True,likely_core,[],"[""France""]",0,0,Editorial estimate: history or historical social science is the defining scholarly focus; likely historian-dominated for this working screen.,editorial_title_and_catalogue_subject_screen,,provisional_venue_screen_not_contributor_census
51,journal_65dd21715536a35f,"Annales. Histoire, Sciences sociales",likely_core,True,likely_core,[],"[""Business, labor and economics"", ""General history"", ""Social sciences""]",0,0,Editorial estimate: history or historical social science is the defining scholarly focus; likely historian-dominated for this working screen.,editorial_title_and_catalogue_subject_screen,,provisional_venue_screen_not_contributor_census
52,journal_7e620e1d826de5ee,Annali di Scienze Religiose,excluded,False,other_primary_community,[],"[""Religion""]",0,0,Editorial estimate: another disciplinary community is primary; omit from the historian-focused working selection.,editorial_title_and_catalogue_subject_screen,,provisional_venue_screen_not_contributor_census
53,journal_f1f84936492363e6,Anthropology and Archeology of Eurasia,excluded,False,other_primary_community,"[""archaeology""]","[""Anthropology and ethnography"", ""Archaeology"", ""Russia and Eurasia""]",3,4,Editorial estimate: another disciplinary community is primary; omit from the historian-focused working selection. Applied user exclusion: archaeology.,editorial_title_and_catalogue_subject_screen,,provisional_venue_screen_not_contributor_census
54,journal_f9db737fd70a6563,Antiguo Oriente,mixed,False,mixed,[],"[""Classical"", ""Middle East""]",0,0,Historical scholarship overlaps another disciplinary community; a historian or historical-social-scientist majority is not established.,editorial_title_and_catalogue_subject_screen,,provisional_venue_screen_not_contributor_census
55,journal_124390f4234bafa7,Antike und Abendland,excluded,False,other_primary_community,[],"[""Ancient"", ""Classical studies"", ""Greece""]",7,7,Editorial estimate: another disciplinary community is primary; omit from the historian-focused working selection.,editorial_title_and_catalogue_subject_screen,,provisional_venue_screen_not_contributor_census
56,journal_016ce76060061eb0,Anuario Colombiano de Historia Social y de la Cultura,likely_core,True,likely_core,[],"[""Colombia"", ""Iberoamerica"", ""Social""]",181,203,Editorial estimate: history or historical social science is the defining scholarly focus; likely historian-dominated for this working screen.,editorial_title_and_catalogue_subject_screen,,provisional_venue_screen_not_contributor_census
57,journal_06d93b627ca5596b,Anuario de Estudios Americanos,likely_core,True,likely_core,[],"[""Americas"", ""Iberia"", ""Latin America and Caribbean""]",306,317,Editorial estimate: history or historical social science is the defining scholarly focus; likely historian-dominated for this working screen.,editorial_title_and_catalogue_subject_screen,,provisional_venue_screen_not_contributor_census
58,journal_2e04fa56f6705ec2,Anuario de Estudios Medievales,likely_core,True,likely_core,[],"[""Iberia"", ""Middle Ages""]",322,303,Editorial estimate: history or historical social science is the defining scholarly focus; likely historian-dominated for this working screen.,editorial_title_and_catalogue_subject_screen,,provisional_venue_screen_not_contributor_census
59,journal_f13d6292fe84a3b8,Anuario de Historia de la Iglesia,likely_core,True,likely_core,[],"[""Religion""]",576,304,Editorial estimate: history or historical social science is the defining scholarly focus; likely historian-dominated for this working screen.,editorial_title_and_catalogue_subject_screen,,provisional_venue_screen_not_contributor_census
60,journal_feaf505a39d5e0be,Appalachian Journal,excluded,False,mixed,"[""general_area_studies""]","[""Regional or local history""]",0,0,Historical scholarship overlaps another disciplinary community; a historian or historical-social-scientist majority is not established. Applied user exclusion: general_area_studies.,editorial_title_and_catalogue_subject_screen,,provisional_venue_screen_not_contributor_census
61,journal_ed36aa87373eecae,Arabic Sciences and Philosophy,mixed,False,mixed,[],"[""Middle East"", ""Philosophy"", ""Science and technology""]",8,7,Historical scholarship overlaps another disciplinary community; a historian or historical-social-scientist majority is not established.,editorial_title_and_catalogue_subject_screen,,provisional_venue_screen_not_contributor_census
62,journal_8acaf33f4270e550,Arabica,excluded,False,other_primary_community,"[""general_area_studies""]","[""Arab world"", ""Islamic studies"", ""Language and linguistics"", ""Literature""]",83,80,Editorial estimate: another disciplinary community is primary; omit from the historian-focused working selection. Applied user exclusion: general_area_studies.,editorial_title_and_catalogue_subject_screen,,provisional_venue_screen_not_contributor_census
63,journal_8ace63409371c1e4,Araucaria,excluded,False,other_primary_community,"[""politics_or_political_science""]","[""Iberia"", ""Latin America and Caribbean"", ""Politics and public policy""]",396,416,Editorial estimate: another disciplinary community is primary; omit from the historian-focused working selection. Applied user exclusion: politics_or_political_science.,editorial_title_and_catalogue_subject_screen,,provisional_venue_screen_not_contributor_census
64,journal_074a5b70dab9caaf,Arbeiderhistorie,likely_core,True,likely_core,[],"[""Business, labor and economics"", ""Socialism and related political traditions""]",0,0,Editorial estimate: history or historical social science is the defining scholarly focus; likely historian-dominated for this working screen.,editorial_title_and_catalogue_subject_screen,,provisional_venue_screen_not_contributor_census
65,journal_b8f2fe53e0236dd6,Archaeologia Historica,excluded,False,other_primary_community,"[""archaeology""]","[""Archaeology""]",0,0,Editorial estimate: another disciplinary community is primary; omit from the historian-focused working selection. Applied user exclusion: archaeology.,editorial_title_and_catalogue_subject_screen,,provisional_venue_screen_not_contributor_census
66,journal_7a867a2039a5d1cc,Archaeological Prospection,excluded,False,other_primary_community,"[""archaeology""]","[""Archaeology""]",346,634,Editorial estimate: another disciplinary community is primary; omit from the historian-focused working selection. Applied user exclusion: archaeology.,editorial_title_and_catalogue_subject_screen,,provisional_venue_screen_not_contributor_census
67,journal_535eb538f9cf8d74,Archaeometry,excluded,False,other_primary_community,"[""archaeology""]","[""Archaeology""]",646,1131,Editorial estimate: another disciplinary community is primary; omit from the historian-focused working selection. Applied user exclusion: archaeology.,editorial_title_and_catalogue_subject_screen,,provisional_venue_screen_not_contributor_census
68,journal_e831ae94ba35b0eb,Archipel,excluded,False,mixed,"[""general_area_studies""]","[""Southeast Asia""]",52,35,Historical scholarship overlaps another disciplinary community; a historian or historical-social-scientist majority is not established. Applied user exclusion: general_area_studies.,editorial_title_and_catalogue_subject_screen,,provisional_venue_screen_not_contributor_census
69,journal_b3ca8061d47a3438,Architectural History,likely_core,True,likely_core,[],"[""Architectural""]",4,4,Editorial estimate: history or historical social science is the defining scholarly focus; likely historian-dominated for this working screen.,editorial_title_and_catalogue_subject_screen,,provisional_venue_screen_not_contributor_census
70,journal_b8e0193eff375137,Archival Science,excluded,False,other_primary_community,[],"[""Archives""]",208,260,Editorial estimate: another disciplinary community is primary; omit from the historian-focused working selection.,editorial_title_and_catalogue_subject_screen,,provisional_venue_screen_not_contributor_census
71,journal_50555d07febbd77e,Archivaria,excluded,False,other_primary_community,[],"[""Archives"", ""Canada""]",0,0,Editorial estimate: another disciplinary community is primary; omit from the historian-focused working selection.,editorial_title_and_catalogue_subject_screen,,provisional_venue_screen_not_contributor_census
72,journal_2ac1462c9693f873,Archives and Records,excluded,False,other_primary_community,[],"[""Archives""]",126,184,Editorial estimate: another disciplinary community is primary; omit from the historian-focused working selection.,editorial_title_and_catalogue_subject_screen,,provisional_venue_screen_not_contributor_census
73,journal_b43fdf40584be57d,Archives Juives,likely_core,True,likely_core,[],"[""Jewish studies""]",0,0,Editorial estimate: history or historical social science is the defining scholarly focus; likely historian-dominated for this working screen.,editorial_title_and_catalogue_subject_screen,,provisional_venue_screen_not_contributor_census
74,journal_f6eda6c777ce6ed8,Archives of Natural History,mixed,False,mixed,[],"[""Science and technology""]",285,256,Natural-history history includes naturalists and specialist scientists; retain in mixed pool pending contributor review.,editorial_scope_assessment,,provisional_venue_screen_not_contributor_census
75,journal_5f366901b0f2ce47,Archivio Storico Italiano,likely_core,True,likely_core,[],"[""Italy""]",0,0,Editorial estimate: history or historical social science is the defining scholarly focus; likely historian-dominated for this working screen.,editorial_title_and_catalogue_subject_screen,,provisional_venue_screen_not_contributor_census
76,journal_f79eaa7c902e07c9,Archivium Hibernicum,likely_core,True,likely_core,[],"[""Archives"", ""Ireland""]",0,0,Editorial estimate: history or historical social science is the defining scholarly focus; likely historian-dominated for this working screen.,editorial_title_and_catalogue_subject_screen,,provisional_venue_screen_not_contributor_census
77,journal_ec7cbde01f926330,Archivos de Historia del Movimiento Obrero y la Izquierda,likely_core,True,likely_core,[],"[""Business, labor and economics"", ""Socialism and related political traditions""]",137,117,Editorial estimate: history or historical social science is the defining scholarly focus; likely historian-dominated for this working screen.,editorial_title_and_catalogue_subject_screen,,provisional_venue_screen_not_contributor_census
78,journal_d66a93cd9ae701f7,Aries,mixed,False,mixed,[],[],72,63,Historical scholarship overlaps another disciplinary community; a historian or historical-social-scientist majority is not established.,editorial_title_and_catalogue_subject_screen,,provisional_venue_screen_not_contributor_census
79,journal_93b3b533bbf8de5b,Arms and Armour,mixed,False,mixed,[],"[""Military""]",40,34,Historical scholarship overlaps another disciplinary community; a historian or historical-social-scientist majority is not established.,editorial_title_and_catalogue_subject_screen,,provisional_venue_screen_not_contributor_census
80,journal_137d24576962fec5,Ars Judaica,excluded,False,other_primary_community,[],"[""Art history"", ""Jewish studies""]",9,13,Editorial estimate: another disciplinary community is primary; omit from the historian-focused working selection.,editorial_title_and_catalogue_subject_screen,,provisional_venue_screen_not_contributor_census
81,journal_a91acae2caf7033f,Art and Perception,excluded,False,other_primary_community,[],"[""Art"", ""Art history""]",9,22,Editorial estimate: another disciplinary community is primary; omit from the historian-focused working selection.,editorial_title_and_catalogue_subject_screen,,provisional_venue_screen_not_contributor_census
82,journal_6cf732f1a6b422f5,Arthuriana,mixed,False,mixed,[],"[""Britain""]",0,0,Historical scholarship overlaps another disciplinary community; a historian or historical-social-scientist majority is not established.,editorial_title_and_catalogue_subject_screen,,provisional_venue_screen_not_contributor_census
83,journal_1344edbbda533c2f,ARTMargins,excluded,False,other_primary_community,[],"[""Art""]",0,0,Editorial estimate: another disciplinary community is primary; omit from the historian-focused working selection.,editorial_title_and_catalogue_subject_screen,,provisional_venue_screen_not_contributor_census
84,journal_2e9342c7983b8644,Asia Pacific Perspectives,excluded,False,other_primary_community,"[""general_area_studies""]","[""Asia"", ""Asia Pacific"", ""Chinese studies resources""]",0,0,Editorial estimate: another disciplinary community is primary; omit from the historian-focused working selection. Applied user exclusion: general_area_studies.,editorial_title_and_catalogue_subject_screen,,provisional_venue_screen_not_contributor_census
85,journal_b593c1e34bb05016,Asia Policy,excluded,False,other_primary_community,"[""politics_or_political_science"", ""general_area_studies""]","[""Asia"", ""East Asia""]",0,0,"Editorial estimate: another disciplinary community is primary; omit from the historian-focused working selection. Applied user exclusion: politics_or_political_science, general_area_studies.",editorial_title_and_catalogue_subject_screen,,provisional_venue_screen_not_contributor_census
86,journal_c4c26d5c273b75d4,Asia-Pacific Review,excluded,False,other_primary_community,"[""politics_or_political_science"", ""general_area_studies""]","[""Asia"", ""Asia Pacific"", ""East Asia""]",1,1,"Editorial estimate: another disciplinary community is primary; omit from the historian-focused working selection. Applied user exclusion: politics_or_political_science, general_area_studies.",editorial_title_and_catalogue_subject_screen,,provisional_venue_screen_not_contributor_census
87,journal_3e17477cc70b7285,Asian International Studies Review,excluded,False,other_primary_community,"[""politics_or_political_science"", ""general_area_studies""]","[""Asia"", ""International relations and diplomatic""]",45,63,"Editorial estimate: another disciplinary community is primary; omit from the historian-focused working selection. Applied user exclusion: politics_or_political_science, general_area_studies.",editorial_title_and_catalogue_subject_screen,,provisional_venue_screen_not_contributor_census
88,journal_f011ddc6230a56a2,Asian Perspectives,excluded,False,other_primary_community,"[""archaeology""]","[""Anthropology and ethnography"", ""Archaeology"", ""Asia"", ""Asia Pacific"", ""Australasia and Oceania"", ""Prehistory""]",0,0,Editorial estimate: another disciplinary community is primary; omit from the historian-focused working selection. Applied user exclusion: archaeology.,editorial_title_and_catalogue_subject_screen,,provisional_venue_screen_not_contributor_census
89,journal_ad06128b0cf01cb0,Asian Studies Review,excluded,False,mixed,"[""general_area_studies""]","[""Asia""]",307,342,Historical scholarship overlaps another disciplinary community; a historian or historical-social-scientist majority is not established. Applied user exclusion: general_area_studies.,editorial_title_and_catalogue_subject_screen,,provisional_venue_screen_not_contributor_census
90,journal_e40290b52b569d72,Asian Survey,excluded,False,other_primary_community,"[""politics_or_political_science"", ""general_area_studies""]","[""Asia""]",5,8,"Editorial estimate: another disciplinary community is primary; omit from the historian-focused working selection. Applied user exclusion: politics_or_political_science, general_area_studies.",editorial_title_and_catalogue_subject_screen,,provisional_venue_screen_not_contributor_census
91,journal_5ec98eab99700471,Asian-European Music Research Journal,excluded,False,other_primary_community,[],"[""Asia"", ""Europe"", ""Music""]",0,0,Editorial estimate: another disciplinary community is primary; omit from the historian-focused working selection.,editorial_title_and_catalogue_subject_screen,,provisional_venue_screen_not_contributor_census
92,journal_15b0eb0d40baa4d7,Aspasia,likely_core,True,likely_core,[],"[""Women and gender studies""]",16,16,Editorial estimate: history or historical social science is the defining scholarly focus; likely historian-dominated for this working screen.,editorial_title_and_catalogue_subject_screen,,provisional_venue_screen_not_contributor_census
93,journal_62f23709e6426bf7,Augustinian Studies,mixed,False,mixed,[],"[""Religion""]",6,6,Historical scholarship overlaps another disciplinary community; a historian or historical-social-scientist majority is not established.,editorial_title_and_catalogue_subject_screen,,provisional_venue_screen_not_contributor_census
94,journal_a85eacc64ad71f33,Australian Feminist Studies,excluded,False,other_primary_community,[],"[""Women and gender studies""]",189,270,Editorial estimate: another disciplinary community is primary; omit from the historian-focused working selection.,editorial_title_and_catalogue_subject_screen,,provisional_venue_screen_not_contributor_census
95,journal_b07a7af7b61dace6,Australian Historical Studies,likely_core,True,likely_core,[],"[""Australasia and Oceania"", ""General history""]",283,268,Editorial estimate: history or historical social science is the defining scholarly focus; likely historian-dominated for this working screen.,editorial_title_and_catalogue_subject_screen,,provisional_venue_screen_not_contributor_census
96,journal_4e673e92129b2dbb,Australian Journal of French Studies,excluded,False,other_primary_community,[],"[""France"", ""Literature""]",25,25,Editorial estimate: another disciplinary community is primary; omit from the historian-focused working selection.,editorial_title_and_catalogue_subject_screen,,provisional_venue_screen_not_contributor_census
97,journal_5c93f5735857ea16,Australian Journal of Human Rights,excluded,False,other_primary_community,"[""politics_or_political_science""]",[],161,203,Editorial estimate: another disciplinary community is primary; omit from the historian-focused working selection. Applied user exclusion: politics_or_political_science.,editorial_title_and_catalogue_subject_screen,,provisional_venue_screen_not_contributor_census
98,journal_4a2df654932baf41,Australian Journal of Politics and History,excluded,False,mixed,"[""politics_or_political_science""]","[""Australasia and Oceania"", ""Politics and public policy""]",269,242,Historical scholarship overlaps another disciplinary community; a historian or historical-social-scientist majority is not established. Applied user exclusion: politics_or_political_science.,editorial_title_and_catalogue_subject_screen,,provisional_venue_screen_not_contributor_census
99,journal_e274a734e74f75fe,Australian Slavonic and East European Studies,excluded,False,mixed,"[""general_area_studies""]","[""Eastern Europe and Balkans"", ""Slavic studies""]",0,0,Historical scholarship overlaps another disciplinary community; a historian or historical-social-scientist majority is not established. Applied user exclusion: general_area_studies.,editorial_title_and_catalogue_subject_screen,,provisional_venue_screen_not_contributor_census
100,journal_ef5d6bc586ea9c38,Austrian History Yearbook,likely_core,True,likely_core,[],"[""German-speaking Europe""]",130,117,Editorial estimate: history or historical social science is the defining scholarly focus; likely historian-dominated for this working screen.,editorial_title_and_catalogue_subject_screen,,provisional_venue_screen_not_contributor_census
101,journal_cceba9b53846150a,Avances del Cesor,likely_core,True,likely_core,[],"[""General history"", ""Latin America and Caribbean"", ""Social sciences""]",0,0,Editorial estimate: history or historical social science is the defining scholarly focus; likely historian-dominated for this working screen.,editorial_title_and_catalogue_subject_screen,,provisional_venue_screen_not_contributor_census
102,journal_5e98e399f54b5c32,Balkanistic Forum,excluded,False,mixed,"[""general_area_studies""]","[""Anthropology and ethnography"", ""Eastern Europe and Balkans"", ""Europe""]",25,26,Historical scholarship overlaps another disciplinary community; a historian or historical-social-scientist majority is not established. Applied user exclusion: general_area_studies.,editorial_title_and_catalogue_subject_screen,,provisional_venue_screen_not_contributor_census
103,journal_ff5dd150e367cfe0,Baltic Journal of Art History,likely_core,True,likely_core,[],"[""Art history"", ""Baltic""]",0,0,Editorial estimate: history or historical social science is the defining scholarly focus; likely historian-dominated for this working screen.,editorial_title_and_catalogue_subject_screen,,provisional_venue_screen_not_contributor_census
104,journal_e873131cb889010f,Baltic Region,excluded,False,other_primary_community,"[""general_area_studies""]","[""Baltic""]",158,237,Editorial estimate: another disciplinary community is primary; omit from the historian-focused working selection. Applied user exclusion: general_area_studies.,editorial_title_and_catalogue_subject_screen,,provisional_venue_screen_not_contributor_census
105,journal_12aa1a6827133fc8,Baptist Quarterly,likely_core,True,likely_core,[],"[""Religion""]",30,24,Editorial estimate: history or historical social science is the defining scholarly focus; likely historian-dominated for this working screen.,editorial_title_and_catalogue_subject_screen,,provisional_venue_screen_not_contributor_census
106,journal_e23a14b81e6fe8de,Belleten,mixed,False,mixed,[],"[""Archaeology"", ""Art history"", ""Cultural studies"", ""Turkey""]",215,245,Historical scholarship overlaps another disciplinary community; a historian or historical-social-scientist majority is not established.,editorial_title_and_catalogue_subject_screen,,provisional_venue_screen_not_contributor_census
107,journal_50571d41b70f9a9f,Berichte zur Wissenschaftsgeschichte,likely_core,True,likely_core,[],"[""Science and technology""]",85,87,Editorial estimate: history or historical social science is the defining scholarly focus; likely historian-dominated for this working screen.,editorial_title_and_catalogue_subject_screen,,provisional_venue_screen_not_contributor_census
108,journal_4a2f99869acda1bc,Biography,mixed,False,mixed,[],"[""Biography and life writing""]",0,0,Historical scholarship overlaps another disciplinary community; a historian or historical-social-scientist majority is not established.,editorial_title_and_catalogue_subject_screen,,provisional_venue_screen_not_contributor_census
109,journal_2c098277f043966a,Biuletyn Polskiej Misji Historycznej,likely_core,True,likely_core,[],"[""Central Europe"", ""Eastern Europe and Balkans"", ""German-speaking Europe"", ""Poland""]",71,57,Editorial estimate: history or historical social science is the defining scholarly focus; likely historian-dominated for this working screen.,editorial_title_and_catalogue_subject_screen,,provisional_venue_screen_not_contributor_census
110,journal_0746da64ae4b3c67,Bollettino Storico - Bibliografico Subalpino,likely_core,True,likely_core,[],"[""Italy""]",0,0,Editorial estimate: history or historical social science is the defining scholarly focus; likely historian-dominated for this working screen.,editorial_title_and_catalogue_subject_screen,,provisional_venue_screen_not_contributor_census
111,journal_5d76ceec2a327733,Book History,likely_core,True,likely_core,[],"[""Media and books""]",0,0,Editorial estimate: history or historical social science is the defining scholarly focus; likely historian-dominated for this working screen.,editorial_title_and_catalogue_subject_screen,,provisional_venue_screen_not_contributor_census
112,journal_0078dc876470cc4c,Boundary 2,excluded,False,other_primary_community,[],[],0,0,Editorial estimate: another disciplinary community is primary; omit from the historian-focused working selection.,editorial_title_and_catalogue_subject_screen,,provisional_venue_screen_not_contributor_census
113,journal_010aecbff62b5b33,Britannia,excluded,False,mixed,"[""archaeology""]","[""Britain""]",38,40,Historical scholarship overlaps another disciplinary community; a historian or historical-social-scientist majority is not established. Applied user exclusion: archaeology.,editorial_title_and_catalogue_subject_screen,,provisional_venue_screen_not_contributor_census
114,journal_1b86c431903b1bf8,British Catholic History,likely_core,True,likely_core,[],"[""Britain"", ""Religion""]",13,13,Editorial estimate: history or historical social science is the defining scholarly focus; likely historian-dominated for this working screen.,editorial_title_and_catalogue_subject_screen,,provisional_venue_screen_not_contributor_census
115,journal_6422d080c2ac6f33,British Journal of Canadian Studies,excluded,False,mixed,"[""general_area_studies""]","[""Canada""]",16,27,Historical scholarship overlaps another disciplinary community; a historian or historical-social-scientist majority is not established. Applied user exclusion: general_area_studies.,editorial_title_and_catalogue_subject_screen,,provisional_venue_screen_not_contributor_census
116,journal_f057c9596fcd4f95,British Journal of Middle Eastern Studies,excluded,False,mixed,"[""general_area_studies""]","[""Middle East""]",312,332,Historical scholarship overlaps another disciplinary community; a historian or historical-social-scientist majority is not established. Applied user exclusion: general_area_studies.,editorial_title_and_catalogue_subject_screen,,provisional_venue_screen_not_contributor_census
117,journal_ffa567d19d62bd5c,British Politics,excluded,False,other_primary_community,"[""politics_or_political_science""]","[""Britain"", ""Politics and public policy""]",8,7,Editorial estimate: another disciplinary community is primary; omit from the historian-focused working selection. Applied user exclusion: politics_or_political_science.,editorial_title_and_catalogue_subject_screen,,provisional_venue_screen_not_contributor_census
118,journal_ec750cd785783a4b,Bryn Mawr Classical Review,mixed,False,mixed,[],"[""Classical"", ""Classical studies""]",0,0,Historical scholarship overlaps another disciplinary community; a historian or historical-social-scientist majority is not established.,editorial_title_and_catalogue_subject_screen,,provisional_venue_screen_not_contributor_census
119,journal_faec0feae5de0c04,Buddhist-Christian Studies,excluded,False,other_primary_community,[],"[""Religion""]",0,0,Editorial estimate: another disciplinary community is primary; omit from the historian-focused working selection.,editorial_title_and_catalogue_subject_screen,,provisional_venue_screen_not_contributor_census
120,journal_6e7f0665ceede0fb,Bulletin Hispanique,excluded,False,other_primary_community,[],"[""Literature""]",119,67,Editorial estimate: another disciplinary community is primary; omit from the historian-focused working selection.,editorial_title_and_catalogue_subject_screen,,provisional_venue_screen_not_contributor_census
121,journal_98aa56748935df70,Bulletin of the American Schools of Oriental Research,excluded,False,other_primary_community,"[""archaeology""]","[""Archaeology"", ""Middle East""]",0,0,Editorial estimate: another disciplinary community is primary; omit from the historian-focused working selection. Applied user exclusion: archaeology.,editorial_title_and_catalogue_subject_screen,,provisional_venue_screen_not_contributor_census
122,journal_a5f41bc50adf0e15,Bulletin of the History of Medicine,likely_core,True,likely_core,[],"[""Medicine and health"", ""Science and technology""]",0,0,Editorial estimate: history or historical social science is the defining scholarly focus; likely historian-dominated for this working screen.,editorial_title_and_catalogue_subject_screen,,provisional_venue_screen_not_contributor_census
123,journal_69b32aaa614295f7,Business History,likely_core,True,likely_core,[],"[""Business, labor and economics""]",299,320,Editorial estimate: history or historical social science is the defining scholarly focus; likely historian-dominated for this working screen.,editorial_title_and_catalogue_subject_screen,,provisional_venue_screen_not_contributor_census
124,journal_fdceba6666bdce96,Bylye Gody,likely_core,True,likely_core,[],[],0,0,Editorial estimate: history or historical social science is the defining scholarly focus; likely historian-dominated for this working screen.,editorial_title_and_catalogue_subject_screen,,provisional_venue_screen_not_contributor_census
125,journal_95ce869bb6a03290,BYU Studies Quarterly,mixed,False,mixed,[],[],0,0,Historical scholarship overlaps another disciplinary community; a historian or historical-social-scientist majority is not established.,editorial_title_and_catalogue_subject_screen,,provisional_venue_screen_not_contributor_census
126,journal_403bb965634db9b0,Byzantine and Modern Greek Studies,mixed,False,mixed,[],"[""Ancient"", ""Greece"", ""Middle Ages""]",100,101,Historical scholarship overlaps another disciplinary community; a historian or historical-social-scientist majority is not established.,editorial_title_and_catalogue_subject_screen,,provisional_venue_screen_not_contributor_census
127,journal_501dbe26b910746b,Byzantinische Zeitschrift,mixed,False,mixed,[],"[""Ancient"", ""Middle Ages""]",0,0,Historical scholarship overlaps another disciplinary community; a historian or historical-social-scientist majority is not established.,editorial_title_and_catalogue_subject_screen,,provisional_venue_screen_not_contributor_census
128,journal_143316980706a039,Byzantinoslavica,mixed,False,mixed,[],"[""Ancient"", ""Eastern Europe and Balkans"", ""Middle Ages"", ""Slavic studies""]",1,1,Historical scholarship overlaps another disciplinary community; a historian or historical-social-scientist majority is not established.,editorial_title_and_catalogue_subject_screen,,provisional_venue_screen_not_contributor_census
129,journal_cc0994c4fffcf676,Cahiers du Monde Russe,likely_core,True,likely_core,[],"[""Russia and Eurasia"", ""Slavic studies""]",223,70,Editorial estimate: history or historical social science is the defining scholarly focus; likely historian-dominated for this working screen.,editorial_title_and_catalogue_subject_screen,,provisional_venue_screen_not_contributor_census
130,journal_3e25012edc96e37a,California History,likely_core,True,likely_core,[],"[""United States""]",0,0,Editorial estimate: history or historical social science is the defining scholarly focus; likely historian-dominated for this working screen.,editorial_title_and_catalogue_subject_screen,,provisional_venue_screen_not_contributor_census
131,journal_264c39cda506d1ec,Canadian Historical Review,likely_core,True,likely_core,[],"[""Canada""]",0,0,Editorial estimate: history or historical social science is the defining scholarly focus; likely historian-dominated for this working screen.,editorial_title_and_catalogue_subject_screen,,provisional_venue_screen_not_contributor_census
132,journal_2e73fa5b49d7b14b,Canadian Review of American Studies,excluded,False,mixed,"[""general_area_studies""]","[""Canada"", ""United States""]",0,0,Historical scholarship overlaps another disciplinary community; a historian or historical-social-scientist majority is not established. Applied user exclusion: general_area_studies.,editorial_title_and_catalogue_subject_screen,,provisional_venue_screen_not_contributor_census
133,journal_d54faa61334ccd90,Canadian Slavonic Papers,excluded,False,mixed,"[""general_area_studies""]","[""Slavic studies""]",128,106,Historical scholarship overlaps another disciplinary community; a historian or historical-social-scientist majority is not established. Applied user exclusion: general_area_studies.,editorial_title_and_catalogue_subject_screen,,provisional_venue_screen_not_contributor_census
134,journal_a4c0b4b2652fa872,Canadian Studies in Population,excluded,False,other_primary_community,[],"[""Canada"", ""Demography and family""]",58,71,Editorial estimate: another disciplinary community is primary; omit from the historian-focused working selection.,editorial_title_and_catalogue_subject_screen,,provisional_venue_screen_not_contributor_census
135,journal_65d46ad09961fe91,Canadian-American Slavic Studies,excluded,False,mixed,"[""general_area_studies""]","[""Eastern Europe and Balkans"", ""Russia and Eurasia"", ""Slavic studies""]",71,64,Historical scholarship overlaps another disciplinary community; a historian or historical-social-scientist majority is not established. Applied user exclusion: general_area_studies.,editorial_title_and_catalogue_subject_screen,,provisional_venue_screen_not_contributor_census
136,journal_22bcfbc8d91ac05e,Capital and Class,excluded,False,other_primary_community,[],"[""Business, labor and economics"", ""Socialism and related political traditions""]",187,198,Editorial estimate: another disciplinary community is primary; omit from the historian-focused working selection.,editorial_title_and_catalogue_subject_screen,,provisional_venue_screen_not_contributor_census
137,journal_63804d8e1774d9d3,Caribbean Quarterly,excluded,False,mixed,"[""general_area_studies""]","[""Latin America and Caribbean""]",23,21,Historical scholarship overlaps another disciplinary community; a historian or historical-social-scientist majority is not established. Applied user exclusion: general_area_studies.,editorial_title_and_catalogue_subject_screen,,provisional_venue_screen_not_contributor_census
138,journal_a4a46b09b233a09e,Cartagine. Studi e Ricerche,excluded,False,other_primary_community,"[""archaeology""]","[""Mediterranean""]",0,0,Editorial estimate: another disciplinary community is primary; omit from the historian-focused working selection. Applied user exclusion: archaeology.,editorial_title_and_catalogue_subject_screen,,provisional_venue_screen_not_contributor_census
139,journal_6983a79586ee9ce5,Catalan Historical Review,likely_core,True,likely_core,[],"[""Iberia""]",0,0,Editorial estimate: history or historical social science is the defining scholarly focus; likely historian-dominated for this working screen.,editorial_title_and_catalogue_subject_screen,,provisional_venue_screen_not_contributor_census
140,journal_18e78caa4599ff04,Catalan Review,excluded,False,mixed,"[""general_area_studies""]","[""Iberia""]",28,36,Historical scholarship overlaps another disciplinary community; a historian or historical-social-scientist majority is not established. Applied user exclusion: general_area_studies.,editorial_title_and_catalogue_subject_screen,,provisional_venue_screen_not_contributor_census
141,journal_31cbfa08a711a200,Caucasus Survey,excluded,False,other_primary_community,"[""politics_or_political_science"", ""general_area_studies""]","[""Caucasus"", ""Russia and Eurasia""]",76,79,"Editorial estimate: another disciplinary community is primary; omit from the historian-focused working selection. Applied user exclusion: politics_or_political_science, general_area_studies.",editorial_title_and_catalogue_subject_screen,,provisional_venue_screen_not_contributor_census
142,journal_c234c6c00846d8e3,Centaurus,likely_core,True,likely_core,[],"[""Medicine and health"", ""Science and technology""]",369,329,Editorial estimate: history or historical social science is the defining scholarly focus; likely historian-dominated for this working screen.,editorial_title_and_catalogue_subject_screen,,provisional_venue_screen_not_contributor_census
143,journal_671685ac69c70324,Central Asian Survey,excluded,False,mixed,"[""general_area_studies""]","[""Asia"", ""Central Asia"", ""East Asia"", ""Eastern Europe and Balkans""]",292,381,Historical scholarship overlaps another disciplinary community; a historian or historical-social-scientist majority is not established. Applied user exclusion: general_area_studies.,editorial_title_and_catalogue_subject_screen,,provisional_venue_screen_not_contributor_census
144,journal_6005d9c1a648b5b6,Central Asiatic Journal,excluded,False,mixed,"[""archaeology"", ""general_area_studies""]","[""Archaeology"", ""Central Asia"", ""Language and linguistics"", ""Literature""]",0,0,"Historical scholarship overlaps another disciplinary community; a historian or historical-social-scientist majority is not established. Applied user exclusion: archaeology, general_area_studies.",editorial_title_and_catalogue_subject_screen,,provisional_venue_screen_not_contributor_census
145,journal_64cf927ba34d3582,Central European History,likely_core,True,likely_core,[],"[""Central Europe"", ""Western Europe""]",189,189,Editorial estimate: history or historical social science is the defining scholarly focus; likely historian-dominated for this working screen.,editorial_title_and_catalogue_subject_screen,,provisional_venue_screen_not_contributor_census
146,journal_b51ee74d0e3a9f45,Change Over Time,mixed,False,mixed,[],"[""Architectural"", ""Heritage and public history""]",0,0,Historical scholarship overlaps another disciplinary community; a historian or historical-social-scientist majority is not established.,editorial_title_and_catalogue_subject_screen,,provisional_venue_screen_not_contributor_census
147,journal_422a2a3e5b661577,Chinese Studies in History,likely_core,True,likely_core,[],"[""East Asia"", ""General history""]",22,22,Editorial estimate: history or historical social science is the defining scholarly focus; likely historian-dominated for this working screen.,editorial_title_and_catalogue_subject_screen,,provisional_venue_screen_not_contributor_census
148,journal_7b94787a9b8edf12,Church History,likely_core,True,likely_core,[],"[""Religion""]",153,137,Editorial estimate: history or historical social science is the defining scholarly focus; likely historian-dominated for this working screen.,editorial_title_and_catalogue_subject_screen,,provisional_venue_screen_not_contributor_census
149,journal_3d173a064b1993c6,Church History and Religious Culture,likely_core,True,likely_core,[],"[""Religion""]",88,85,Editorial estimate: history or historical social science is the defining scholarly focus; likely historian-dominated for this working screen.,editorial_title_and_catalogue_subject_screen,,provisional_venue_screen_not_contributor_census
150,journal_adc191866244d967,Civil War History,likely_core,True,likely_core,[],"[""United States""]",0,0,Editorial estimate: history or historical social science is the defining scholarly focus; likely historian-dominated for this working screen.,editorial_title_and_catalogue_subject_screen,,provisional_venue_screen_not_contributor_census
151,journal_a3290bc9067147eb,Civil Wars,excluded,False,other_primary_community,"[""politics_or_political_science""]","[""Military"", ""Politics and public policy""]",232,271,Editorial estimate: another disciplinary community is primary; omit from the historian-focused working selection. Applied user exclusion: politics_or_political_science.,editorial_title_and_catalogue_subject_screen,,provisional_venue_screen_not_contributor_census
152,journal_05418473995006e9,Cliometrica,likely_core,True,likely_core,[],"[""Business, labor and economics""]",164,146,Editorial estimate: history or historical social science is the defining scholarly focus; likely historian-dominated for this working screen.,editorial_title_and_catalogue_subject_screen,,provisional_venue_screen_not_contributor_census
153,journal_483c5dbb9cc38f4f,Clogher Record,likely_core,True,likely_core,[],"[""Ireland""]",0,0,Editorial estimate: history or historical social science is the defining scholarly focus; likely historian-dominated for this working screen.,editorial_title_and_catalogue_subject_screen,,provisional_venue_screen_not_contributor_census
154,journal_59799c9b9484a549,Co-herencia,excluded,False,other_primary_community,[],"[""Colombia"", ""Humanities"", ""Philosophy""]",265,275,Editorial estimate: another disciplinary community is primary; omit from the historian-focused working selection.,editorial_title_and_catalogue_subject_screen,,provisional_venue_screen_not_contributor_census
155,journal_60c629672bd0f92f,Codrul Cosminului,likely_core,True,likely_core,[],"[""Archaeology"", ""General history"", ""International relations and diplomatic""]",0,0,Editorial estimate: history or historical social science is the defining scholarly focus; likely historian-dominated for this working screen.,editorial_title_and_catalogue_subject_screen,,provisional_venue_screen_not_contributor_census
156,journal_88eb32c3285de5d0,Cold War History,likely_core,True,likely_core,[],"[""International relations and diplomatic""]",149,157,Editorial estimate: history or historical social science is the defining scholarly focus; likely historian-dominated for this working screen.,editorial_title_and_catalogue_subject_screen,,provisional_venue_screen_not_contributor_census
157,journal_a81218833cb0d5d6,Colombia Internacional,excluded,False,other_primary_community,"[""politics_or_political_science""]","[""Colombia"", ""International relations and diplomatic""]",73,111,Editorial estimate: another disciplinary community is primary; omit from the historian-focused working selection. Applied user exclusion: politics_or_political_science.,editorial_title_and_catalogue_subject_screen,,provisional_venue_screen_not_contributor_census
158,journal_7bfa328cb1f8254a,Colonial Latin American Review,likely_core,True,likely_core,[],"[""Colonialism and empire"", ""Latin America and Caribbean""]",91,81,Editorial estimate: history or historical social science is the defining scholarly focus; likely historian-dominated for this working screen.,editorial_title_and_catalogue_subject_screen,,provisional_venue_screen_not_contributor_census
159,journal_115ce886a236cb08,Comitatus,mixed,False,mixed,[],"[""Literature""]",0,0,Historical scholarship overlaps another disciplinary community; a historian or historical-social-scientist majority is not established.,editorial_title_and_catalogue_subject_screen,,provisional_venue_screen_not_contributor_census
160,journal_604e2d632d1a8668,Communio Viatorum,excluded,False,other_primary_community,[],"[""Religion""]",2,2,Editorial estimate: another disciplinary community is primary; omit from the historian-focused working selection.,editorial_title_and_catalogue_subject_screen,,provisional_venue_screen_not_contributor_census
161,journal_6d14a1e9786228a0,Communisme,likely_core,True,likely_core,[],"[""Business, labor and economics"", ""Socialism and related political traditions""]",0,0,Editorial estimate: history or historical social science is the defining scholarly focus; likely historian-dominated for this working screen.,editorial_title_and_catalogue_subject_screen,,provisional_venue_screen_not_contributor_census
162,journal_da73a59f384f79a3,Comparative Legal History,likely_core,True,likely_core,[],"[""Legal""]",43,46,Editorial estimate: history or historical social science is the defining scholarly focus; likely historian-dominated for this working screen.,editorial_title_and_catalogue_subject_screen,,provisional_venue_screen_not_contributor_census
163,journal_647183c1e131cf7a,Comparative Studies in Society and History,likely_core,True,likely_core,[],"[""Comparative and world"", ""General history"", ""Social sciences""]",72,72,"Retain comparative history and historical social science; interdisciplinary history, anthropology, sociology and political science readership does not itself disqualify it.",publisher_scope_checked,https://www.cambridge.org/core/journals/comparative-studies-in-society-and-history/information/about-this-journal,provisional_venue_screen_not_contributor_census
164,journal_da616f4c2f57b959,Complutum,excluded,False,other_primary_community,"[""archaeology""]","[""Archaeology"", ""Europe"", ""Prehistory""]",70,146,Editorial estimate: another disciplinary community is primary; omit from the historian-focused working selection. Applied user exclusion: archaeology.,editorial_title_and_catalogue_subject_screen,,provisional_venue_screen_not_contributor_census
165,journal_321a8cfc8ab54ea0,Contemporary European History,likely_core,True,likely_core,[],"[""Eastern Europe and Balkans"", ""Europe""]",410,384,Editorial estimate: history or historical social science is the defining scholarly focus; likely historian-dominated for this working screen.,editorial_title_and_catalogue_subject_screen,,provisional_venue_screen_not_contributor_census
166,journal_546e3b8a35e077cc,Contemporary French and Francophone Studies,excluded,False,other_primary_community,[],"[""Cultural studies"", ""France"", ""Francophone studies"", ""Literature"", ""Modern and contemporary""]",90,80,Editorial estimate: another disciplinary community is primary; omit from the historian-focused working selection.,editorial_title_and_catalogue_subject_screen,,provisional_venue_screen_not_contributor_census
167,journal_bedaa9c70c04048e,Contemporary French Civilization,excluded,False,mixed,"[""general_area_studies""]","[""France""]",34,41,Historical scholarship overlaps another disciplinary community; a historian or historical-social-scientist majority is not established. Applied user exclusion: general_area_studies.,editorial_title_and_catalogue_subject_screen,,provisional_venue_screen_not_contributor_census
168,journal_c06357ebd2b4762e,Contemporary Japan,excluded,False,other_primary_community,"[""general_area_studies""]","[""East Asia""]",102,98,Editorial estimate: another disciplinary community is primary; omit from the historian-focused working selection. Applied user exclusion: general_area_studies.,editorial_title_and_catalogue_subject_screen,,provisional_venue_screen_not_contributor_census
169,journal_a5f90a52a2369794,Contemporary Jewry,excluded,False,other_primary_community,[],"[""Jewish studies"", ""Modern and contemporary""]",208,182,Editorial estimate: another disciplinary community is primary; omit from the historian-focused working selection.,editorial_title_and_catalogue_subject_screen,,provisional_venue_screen_not_contributor_census
170,journal_76c9fd616d8d57f0,Contemporary Levant,excluded,False,other_primary_community,"[""politics_or_political_science"", ""general_area_studies""]","[""Middle East"", ""Politics and public policy""]",69,72,"Editorial estimate: another disciplinary community is primary; omit from the historian-focused working selection. Applied user exclusion: politics_or_political_science, general_area_studies.",editorial_title_and_catalogue_subject_screen,,provisional_venue_screen_not_contributor_census
171,journal_fc4740973050fcb1,Contemporary Social Science,excluded,False,other_primary_community,[],"[""Social"", ""Social sciences""]",210,339,Editorial estimate: another disciplinary community is primary; omit from the historian-focused working selection.,editorial_title_and_catalogue_subject_screen,,provisional_venue_screen_not_contributor_census
172,journal_b7c39921ebc6dac5,Contemporary Southeast Asia,excluded,False,other_primary_community,"[""politics_or_political_science"", ""general_area_studies""]","[""Southeast Asia""]",0,0,"Editorial estimate: another disciplinary community is primary; omit from the historian-focused working selection. Applied user exclusion: politics_or_political_science, general_area_studies.",editorial_title_and_catalogue_subject_screen,,provisional_venue_screen_not_contributor_census
173,journal_9697ff97017802c8,Contemporary Southeastern Europe,excluded,False,mixed,"[""politics_or_political_science"", ""general_area_studies""]","[""Eastern Europe and Balkans""]",0,0,"Historical scholarship overlaps another disciplinary community; a historian or historical-social-scientist majority is not established. Applied user exclusion: politics_or_political_science, general_area_studies.",editorial_title_and_catalogue_subject_screen,,provisional_venue_screen_not_contributor_census
174,journal_4cb3ce45f1001168,Continuity and Change,likely_core,True,likely_core,[],"[""Demography and family"", ""Social""]",58,59,Editorial estimate: history or historical social science is the defining scholarly focus; likely historian-dominated for this working screen.,editorial_title_and_catalogue_subject_screen,,provisional_venue_screen_not_contributor_census
175,journal_7f61c29f57730a14,Contributions to the History of Concepts,likely_core,True,likely_core,[],"[""Ideas and historiography"", ""Politics and public policy"", ""Social sciences""]",34,39,Editorial estimate: history or historical social science is the defining scholarly focus; likely historian-dominated for this working screen.,editorial_title_and_catalogue_subject_screen,,provisional_venue_screen_not_contributor_census
176,journal_241562d91defe29a,Costume,mixed,False,mixed,[],"[""Dress and textile""]",61,57,Historical scholarship overlaps another disciplinary community; a historian or historical-social-scientist majority is not established.,editorial_title_and_catalogue_subject_screen,,provisional_venue_screen_not_contributor_census
177,journal_b2c77d0bf6c9b20c,Critical Historical Studies,likely_core,True,likely_core,[],"[""General history"", ""Social""]",0,0,Editorial estimate: history or historical social science is the defining scholarly focus; likely historian-dominated for this working screen.,editorial_title_and_catalogue_subject_screen,,provisional_venue_screen_not_contributor_census
178,journal_6e80485dff3ef6cc,Critical Inquiry,mixed,False,mixed,[],"[""General history"", ""Social theory and cultural criticism""]",0,0,Historical scholarship overlaps another disciplinary community; a historian or historical-social-scientist majority is not established.,editorial_title_and_catalogue_subject_screen,,provisional_venue_screen_not_contributor_census
179,journal_931c8262801c6e24,Critical Military Studies,excluded,False,other_primary_community,"[""politics_or_political_science""]","[""Military""]",170,177,Editorial estimate: another disciplinary community is primary; omit from the historian-focused working selection. Applied user exclusion: politics_or_political_science.,editorial_title_and_catalogue_subject_screen,,provisional_venue_screen_not_contributor_census
180,journal_c7c09979aff15611,Croatica Christiana Periodica,likely_core,True,likely_core,[],"[""Religion""]",58,55,Editorial estimate: history or historical social science is the defining scholarly focus; likely historian-dominated for this working screen.,editorial_title_and_catalogue_subject_screen,,provisional_venue_screen_not_contributor_census
181,journal_94cac3e8a12573d7,Cuadernos Dieciochistas,likely_core,True,likely_core,[],"[""Eighteenth century"", ""Iberia""]",19,20,Editorial estimate: history or historical social science is the defining scholarly focus; likely historian-dominated for this working screen.,editorial_title_and_catalogue_subject_screen,,provisional_venue_screen_not_contributor_census
182,journal_961459134d6e6ba2,Cuadernos Europeos de Deusto,excluded,False,other_primary_community,[],"[""Legal""]",11,14,Editorial estimate: another disciplinary community is primary; omit from the historian-focused working selection.,editorial_title_and_catalogue_subject_screen,,provisional_venue_screen_not_contributor_census
183,journal_ed63021a16e3f633,Cuadernos Medievales,likely_core,True,likely_core,[],"[""Middle Ages""]",0,0,Editorial estimate: history or historical social science is the defining scholarly focus; likely historian-dominated for this working screen.,editorial_title_and_catalogue_subject_screen,,provisional_venue_screen_not_contributor_census
184,journal_87d68803415b7a75,Cultura de los Cuidados,mixed,False,mixed,[],[],173,365,Historical scholarship overlaps another disciplinary community; a historian or historical-social-scientist majority is not established.,editorial_title_and_catalogue_subject_screen,,provisional_venue_screen_not_contributor_census
185,journal_807321c1e1922a76,Cultural & Social History,likely_core,True,likely_core,[],"[""Cultural studies"", ""Social""]",166,170,Editorial estimate: history or historical social science is the defining scholarly focus; likely historian-dominated for this working screen.,editorial_title_and_catalogue_subject_screen,,provisional_venue_screen_not_contributor_census
186,journal_4f86aafee1743ee1,Culture & History Digital Journal,likely_core,True,likely_core,[],"[""Cultural history"", ""Cultural studies"", ""General history"", ""Humanities"", ""Social""]",208,260,Editorial estimate: history or historical social science is the defining scholarly focus; likely historian-dominated for this working screen.,editorial_title_and_catalogue_subject_screen,,provisional_venue_screen_not_contributor_census
187,journal_89523cf0f1f9d8f4,Current History,excluded,False,mixed,"[""politics_or_political_science""]","[""General history""]",0,0,Historical scholarship overlaps another disciplinary community; a historian or historical-social-scientist majority is not established. Applied user exclusion: politics_or_political_science.,editorial_title_and_catalogue_subject_screen,,provisional_venue_screen_not_contributor_census
188,journal_72c9ee8b2d7bcf0f,De Medio Aevo,likely_core,True,likely_core,[],"[""General history"", ""Middle Ages""]",193,171,Editorial estimate: history or historical social science is the defining scholarly focus; likely historian-dominated for this working screen.,editorial_title_and_catalogue_subject_screen,,provisional_venue_screen_not_contributor_census
189,journal_4888c7a32e777535,Dead Sea Discoveries,mixed,False,mixed,[],"[""Middle East""]",71,71,Historical scholarship overlaps another disciplinary community; a historian or historical-social-scientist majority is not established.,editorial_title_and_catalogue_subject_screen,,provisional_venue_screen_not_contributor_census
190,journal_9995c59a0d9b2657,Defence Studies,excluded,False,other_primary_community,"[""politics_or_political_science""]","[""Military""]",154,178,Editorial estimate: another disciplinary community is primary; omit from the historian-focused working selection. Applied user exclusion: politics_or_political_science.,editorial_title_and_catalogue_subject_screen,,provisional_venue_screen_not_contributor_census
191,journal_9c4f10e776b54df4,Dialogues d'Histoire Ancienne,likely_core,True,likely_core,[],"[""Ancient"", ""History of civilization""]",0,0,Editorial estimate: history or historical social science is the defining scholarly focus; likely historian-dominated for this working screen.,editorial_title_and_catalogue_subject_screen,,provisional_venue_screen_not_contributor_census
192,journal_99cc6ff5f507e3fa,Diaspora Studies,mixed,False,mixed,[],"[""Ethnic and racial studies""]",110,165,Historical scholarship overlaps another disciplinary community; a historian or historical-social-scientist majority is not established.,editorial_title_and_catalogue_subject_screen,,provisional_venue_screen_not_contributor_census
193,journal_de6efc86e0eebf98,Diasporas,mixed,False,mixed,[],"[""Diaspora and migration"", ""Ethnic and racial studies""]",118,90,Diaspora history and social research overlap; historian majority uncertain.,editorial_scope_assessment,,provisional_venue_screen_not_contributor_census
194,journal_313175a141dec727,Die Welt des Islams,excluded,False,mixed,"[""general_area_studies""]","[""Islamic studies"", ""Religion""]",3,3,Historical scholarship overlaps another disciplinary community; a historian or historical-social-scientist majority is not established. Applied user exclusion: general_area_studies.,editorial_title_and_catalogue_subject_screen,,provisional_venue_screen_not_contributor_census
195,journal_a01fd42a602bdbdb,Diplomacy and Statecraft,mixed,False,mixed,[],"[""International relations and diplomatic"", ""Politics and public policy""]",99,100,Diplomatic history overlaps contemporary statecraft and international relations; hold outside core pending contributor review.,editorial_scope_assessment,,provisional_venue_screen_not_contributor_census
196,journal_9391847d5e9cffe7,Diplomatic History,likely_core,True,likely_core,[],"[""International relations and diplomatic"", ""United States""]",99,90,Editorial estimate: history or historical social science is the defining scholarly focus; likely historian-dominated for this working screen.,editorial_title_and_catalogue_subject_screen,,provisional_venue_screen_not_contributor_census
197,journal_59c0813242987d48,Dublin Historical Record,likely_core,True,likely_core,[],"[""Ireland""]",0,0,Editorial estimate: history or historical social science is the defining scholarly focus; likely historian-dominated for this working screen.,editorial_title_and_catalogue_subject_screen,,provisional_venue_screen_not_contributor_census
198,journal_ea759c416ef0daad,Dubrovnik Annals,likely_core,True,likely_core,[],"[""Art history"", ""Eastern Europe and Balkans"", ""General history"", ""Science and technology"", ""Social"", ""Social sciences"", ""Sociology""]",0,0,Editorial estimate: history or historical social science is the defining scholarly focus; likely historian-dominated for this working screen.,editorial_title_and_catalogue_subject_screen,,provisional_venue_screen_not_contributor_census
199,journal_532a049a3e8b7875,Dutch Crossing,excluded,False,mixed,"[""general_area_studies""]","[""Western Europe""]",38,36,Historical scholarship overlaps another disciplinary community; a historian or historical-social-scientist majority is not established. Applied user exclusion: general_area_studies.,editorial_title_and_catalogue_subject_screen,,provisional_venue_screen_not_contributor_census
200,journal_cbd6a933b40e0219,E-Journal of Portuguese History,likely_core,True,likely_core,[],"[""Iberia""]",65,80,Editorial estimate: history or historical social science is the defining scholarly focus; likely historian-dominated for this working screen.,editorial_title_and_catalogue_subject_screen,,provisional_venue_screen_not_contributor_census
201,journal_c62be8fe4e4e6e85,Early American Studies,likely_core,True,likely_core,[],"[""United States""]",0,0,Editorial estimate: history or historical social science is the defining scholarly focus; likely historian-dominated for this working screen.,editorial_title_and_catalogue_subject_screen,,provisional_venue_screen_not_contributor_census
202,journal_17db694241546b45,Early China,mixed,False,mixed,[],"[""East Asia""]",26,24,Historical scholarship overlaps another disciplinary community; a historian or historical-social-scientist majority is not established.,editorial_title_and_catalogue_subject_screen,,provisional_venue_screen_not_contributor_census
203,journal_96d199037ebb3fbd,Early Medieval China,mixed,False,mixed,[],"[""East Asia"", ""Middle Ages""]",3,3,Historical scholarship overlaps another disciplinary community; a historian or historical-social-scientist majority is not established.,editorial_title_and_catalogue_subject_screen,,provisional_venue_screen_not_contributor_census
204,journal_4037fa4fe9ea5914,Early Medieval Europe,likely_core,True,likely_core,[],"[""Europe"", ""Middle Ages""]",165,150,Editorial estimate: history or historical social science is the defining scholarly focus; likely historian-dominated for this working screen.,editorial_title_and_catalogue_subject_screen,,provisional_venue_screen_not_contributor_census
205,journal_d88d774823c8e85d,Early Modern French Studies,mixed,False,mixed,[],"[""Early modern"", ""France"", ""Literature""]",27,26,Historical scholarship overlaps another disciplinary community; a historian or historical-social-scientist majority is not established.,editorial_title_and_catalogue_subject_screen,,provisional_venue_screen_not_contributor_census
206,journal_b02e7da77e614967,Early Modern Low Countries,likely_core,True,likely_core,[],"[""Early modern"", ""Low Countries""]",42,51,Editorial estimate: history or historical social science is the defining scholarly focus; likely historian-dominated for this working screen.,editorial_title_and_catalogue_subject_screen,,provisional_venue_screen_not_contributor_census
207,journal_56000dd1bab1c981,Early Popular Visual Culture,mixed,False,mixed,[],"[""Cultural studies"", ""Visual culture""]",90,79,Historical scholarship overlaps another disciplinary community; a historian or historical-social-scientist majority is not established.,editorial_title_and_catalogue_subject_screen,,provisional_venue_screen_not_contributor_census
208,journal_ce86c0d0153d20cd,Early Science and Medicine,likely_core,True,likely_core,[],"[""Medicine and health"", ""Science and technology""]",140,133,Editorial estimate: history or historical social science is the defining scholarly focus; likely historian-dominated for this working screen.,editorial_title_and_catalogue_subject_screen,,provisional_venue_screen_not_contributor_census
209,journal_0aa5f8709a0dfd0f,East Central Europe,likely_core,True,likely_core,[],"[""Central Europe"", ""Eastern Europe and Balkans"", ""Europe""]",1,1,Editorial estimate: history or historical social science is the defining scholarly focus; likely historian-dominated for this working screen.,editorial_title_and_catalogue_subject_screen,,provisional_venue_screen_not_contributor_census
210,journal_c449c05671f88fb5,East European Jewish Affairs,excluded,False,mixed,"[""general_area_studies""]","[""Eastern Europe and Balkans"", ""Jewish studies"", ""Russia and Eurasia""]",29,30,Historical scholarship overlaps another disciplinary community; a historian or historical-social-scientist majority is not established. Applied user exclusion: general_area_studies.,editorial_title_and_catalogue_subject_screen,,provisional_venue_screen_not_contributor_census
211,journal_e391690d1620df07,Economic History of Developing Regions,likely_core,True,likely_core,[],"[""Business, labor and economics""]",54,68,Editorial estimate: history or historical social science is the defining scholarly focus; likely historian-dominated for this working screen.,editorial_title_and_catalogue_subject_screen,,provisional_venue_screen_not_contributor_census
212,journal_2f149169331d4289,Edad Media,likely_core,True,likely_core,[],"[""Europe"", ""Iberia"", ""Middle Ages""]",140,126,Editorial estimate: history or historical social science is the defining scholarly focus; likely historian-dominated for this working screen.,editorial_title_and_catalogue_subject_screen,,provisional_venue_screen_not_contributor_census
213,journal_34d94e5b6393875c,Edinburgh Law Review,excluded,False,other_primary_community,[],"[""Legal""]",0,0,Editorial estimate: another disciplinary community is primary; omit from the historian-focused working selection.,editorial_title_and_catalogue_subject_screen,,provisional_venue_screen_not_contributor_census
214,journal_be8760a9bb1f774e,Eighteenth-Century Ireland,likely_core,True,likely_core,[],"[""Ireland""]",22,25,Editorial estimate: history or historical social science is the defining scholarly focus; likely historian-dominated for this working screen.,editorial_title_and_catalogue_subject_screen,,provisional_venue_screen_not_contributor_census
215,journal_0e7d57e126ed1534,Eighteenth-Century Life,mixed,False,mixed,[],"[""Eighteenth century"", ""Social""]",0,0,Historical scholarship overlaps another disciplinary community; a historian or historical-social-scientist majority is not established.,editorial_title_and_catalogue_subject_screen,,provisional_venue_screen_not_contributor_census
216,journal_208547bb1918b2de,Eighteenth-Century Studies,mixed,False,mixed,[],"[""Modern and contemporary""]",0,0,Historical scholarship overlaps another disciplinary community; a historian or historical-social-scientist majority is not established.,editorial_title_and_catalogue_subject_screen,,provisional_venue_screen_not_contributor_census
217,journal_b87bc42725143f37,Electrum,likely_core,True,likely_core,[],"[""Ancient""]",147,76,Editorial estimate: history or historical social science is the defining scholarly focus; likely historian-dominated for this working screen.,editorial_title_and_catalogue_subject_screen,,provisional_venue_screen_not_contributor_census
218,journal_16a25dde320965ca,Encounters in Theory and History of Education,mixed,False,mixed,[],"[""Education""]",58,89,Historical scholarship overlaps another disciplinary community; a historian or historical-social-scientist majority is not established.,editorial_title_and_catalogue_subject_screen,,provisional_venue_screen_not_contributor_census
219,journal_1bb0722ee81baad1,English Academy Review,excluded,False,other_primary_community,[],"[""Literature""]",152,118,Editorial estimate: another disciplinary community is primary; omit from the historian-focused working selection.,editorial_title_and_catalogue_subject_screen,,provisional_venue_screen_not_contributor_census
220,journal_805acfa65470a411,Enterprise and Society,likely_core,True,likely_core,[],"[""Business, labor and economics""]",171,172,Editorial estimate: history or historical social science is the defining scholarly focus; likely historian-dominated for this working screen.,editorial_title_and_catalogue_subject_screen,,provisional_venue_screen_not_contributor_census
221,journal_d2ba6f0dddefaf57,Entreprises et Histoire,likely_core,True,likely_core,[],"[""Business, labor and economics""]",0,0,Editorial estimate: history or historical social science is the defining scholarly focus; likely historian-dominated for this working screen.,editorial_title_and_catalogue_subject_screen,,provisional_venue_screen_not_contributor_census
222,journal_25b3b25c0672ff34,Environment and History,likely_core,True,likely_core,[],"[""Environment"", ""Science and technology""]",167,212,Editorial estimate: history or historical social science is the defining scholarly focus; likely historian-dominated for this working screen.,editorial_title_and_catalogue_subject_screen,,provisional_venue_screen_not_contributor_census
223,journal_b8bc3aaecbd1501f,Environmental History,likely_core,True,likely_core,[],"[""Environment""]",12,12,Editorial estimate: history or historical social science is the defining scholarly focus; likely historian-dominated for this working screen.,editorial_title_and_catalogue_subject_screen,,provisional_venue_screen_not_contributor_census
224,journal_da3e1488fa742168,Ephemerides Theologicae Lovanienses,excluded,False,other_primary_community,[],"[""Legal"", ""Religion""]",0,0,Editorial estimate: another disciplinary community is primary; omit from the historian-focused working selection.,editorial_title_and_catalogue_subject_screen,,provisional_venue_screen_not_contributor_census
225,journal_fec8730d1b37f6d3,Erudition and the Republic of Letters,likely_core,True,likely_core,[],"[""Ideas and historiography""]",1,1,Editorial estimate: history or historical social science is the defining scholarly focus; likely historian-dominated for this working screen.,editorial_title_and_catalogue_subject_screen,,provisional_venue_screen_not_contributor_census
226,journal_732a73a98f998df2,Essays in Economic & Business History,likely_core,True,likely_core,[],"[""Business, labor and economics""]",0,0,Editorial estimate: history or historical social science is the defining scholarly focus; likely historian-dominated for this working screen.,editorial_title_and_catalogue_subject_screen,,provisional_venue_screen_not_contributor_census
227,journal_642a019eb8c47e87,Estudios de Literatura Colombiana,excluded,False,other_primary_community,[],"[""Latin America and Caribbean""]",132,124,Editorial estimate: another disciplinary community is primary; omit from the historian-focused working selection.,editorial_title_and_catalogue_subject_screen,,provisional_venue_screen_not_contributor_census
228,journal_22357afdb3343d11,Estudios Fronterizos,excluded,False,other_primary_community,"[""general_area_studies""]","[""Mexico"", ""United States""]",217,373,Editorial estimate: another disciplinary community is primary; omit from the historian-focused working selection. Applied user exclusion: general_area_studies.,editorial_title_and_catalogue_subject_screen,,provisional_venue_screen_not_contributor_census
229,journal_dd5aeee8c86c93fa,Estudos Ibero-Americanos,likely_core,True,likely_core,[],"[""Iberia"", ""Iberoamerica"", ""Latin America and Caribbean""]",355,449,Editorial estimate: history or historical social science is the defining scholarly focus; likely historian-dominated for this working screen.,editorial_title_and_catalogue_subject_screen,,provisional_venue_screen_not_contributor_census
230,journal_e6929b124f9137bc,Ethnohistory,likely_core,True,likely_core,[],"[""Anthropology and ethnography"", ""Indigenous studies""]",0,0,Editorial estimate: history or historical social science is the defining scholarly focus; likely historian-dominated for this working screen.,editorial_title_and_catalogue_subject_screen,,provisional_venue_screen_not_contributor_census
231,journal_decbe0c0ca8507c0,Ethnopolitics,excluded,False,other_primary_community,"[""politics_or_political_science""]","[""Politics and public policy""]",218,260,Editorial estimate: another disciplinary community is primary; omit from the historian-focused working selection. Applied user exclusion: politics_or_political_science.,editorial_title_and_catalogue_subject_screen,,provisional_venue_screen_not_contributor_census
232,journal_cef4ca11b205ebfa,Etnolog,excluded,False,other_primary_community,[],"[""Anthropology and ethnography""]",0,0,Editorial estimate: another disciplinary community is primary; omit from the historian-focused working selection.,editorial_title_and_catalogue_subject_screen,,provisional_venue_screen_not_contributor_census
233,journal_f68038c2fadc6417,Europe-Asia Studies,excluded,False,mixed,"[""general_area_studies""]","[""Asia"", ""Eastern Europe and Balkans"", ""Europe"", ""Russia and Eurasia"", ""Slavic studies""]",592,561,Historical scholarship overlaps another disciplinary community; a historian or historical-social-scientist majority is not established. Applied user exclusion: general_area_studies.,editorial_title_and_catalogue_subject_screen,,provisional_venue_screen_not_contributor_census
234,journal_d89f848191e82249,European Accounting Review,excluded,False,other_primary_community,[],"[""Business, labor and economics""]",271,480,General accounting research community; historical research is not the defining remit.,publisher_scope_checked,https://www.tandfonline.com/journals/rear20/about-this-journal,provisional_venue_screen_not_contributor_census
235,journal_07d22e9c6b79ee21,European History Quarterly,likely_core,True,likely_core,[],"[""Europe""]",118,125,Editorial estimate: history or historical social science is the defining scholarly focus; likely historian-dominated for this working screen.,editorial_title_and_catalogue_subject_screen,,provisional_venue_screen_not_contributor_census
236,journal_a9e5d4e18a612b75,European Journal of American Culture,excluded,False,mixed,"[""general_area_studies""]","[""United States""]",157,153,Historical scholarship overlaps another disciplinary community; a historian or historical-social-scientist majority is not established. Applied user exclusion: general_area_studies.,editorial_title_and_catalogue_subject_screen,,provisional_venue_screen_not_contributor_census
237,journal_5d2d7b82e0071552,European Journal of East Asian Studies,excluded,False,mixed,"[""general_area_studies""]","[""East Asia""]",81,115,Historical scholarship overlaps another disciplinary community; a historian or historical-social-scientist majority is not established. Applied user exclusion: general_area_studies.,editorial_title_and_catalogue_subject_screen,,provisional_venue_screen_not_contributor_census
238,journal_c755e4721eafb001,European Journal of Jewish Studies,mixed,False,mixed,[],"[""Jewish studies""]",71,80,Historical scholarship overlaps another disciplinary community; a historian or historical-social-scientist majority is not established.,editorial_title_and_catalogue_subject_screen,,provisional_venue_screen_not_contributor_census
239,journal_680f8e3ac13cbe55,European Judaism,excluded,False,other_primary_community,[],"[""Europe"", ""Jewish studies""]",2,2,Editorial estimate: another disciplinary community is primary; omit from the historian-focused working selection.,editorial_title_and_catalogue_subject_screen,,provisional_venue_screen_not_contributor_census
240,journal_7779b0949c5eba6b,European Review of Economic History,likely_core,True,likely_core,[],"[""Business, labor and economics"", ""Europe""]",66,78,Editorial estimate: history or historical social science is the defining scholarly focus; likely historian-dominated for this working screen.,editorial_title_and_catalogue_subject_screen,,provisional_venue_screen_not_contributor_census
241,journal_fe3758f7a5626a04,European Review of History,likely_core,True,likely_core,[],"[""Europe""]",242,249,Editorial estimate: history or historical social science is the defining scholarly focus; likely historian-dominated for this working screen.,editorial_title_and_catalogue_subject_screen,,provisional_venue_screen_not_contributor_census
242,journal_c371f5822c661826,European Yearbook of the History of Psychology,uncertain,False,uncertain,[],[],0,0,History-of-psychology venue: insufficient scope evidence for a confident primary-community estimate.,editorial_scope_assessment,,provisional_venue_screen_not_contributor_census
243,journal_25fe68c2c0186186,Explorations in Economic History,likely_core,True,likely_core,[],"[""Business, labor and economics""]",164,172,Editorial estimate: history or historical social science is the defining scholarly focus; likely historian-dominated for this working screen.,editorial_title_and_catalogue_subject_screen,,provisional_venue_screen_not_contributor_census
244,journal_40edc7a88ffaf34f,Explorations in Renaissance Culture,mixed,False,mixed,[],"[""Early modern""]",26,25,Historical scholarship overlaps another disciplinary community; a historian or historical-social-scientist majority is not established.,editorial_title_and_catalogue_subject_screen,,provisional_venue_screen_not_contributor_census
245,journal_757056d67864f4e8,Family and Community History,likely_core,True,likely_core,[],"[""Demography and family"", ""Sociology""]",30,24,Editorial estimate: history or historical social science is the defining scholarly focus; likely historian-dominated for this working screen.,editorial_title_and_catalogue_subject_screen,,provisional_venue_screen_not_contributor_census
246,journal_07fb7efaeeedc709,Fascism,mixed,False,mixed,[],"[""Politics and public policy""]",57,54,Historical fascism overlaps contemporary political research; hold in mixed pool.,editorial_scope_assessment,,provisional_venue_screen_not_contributor_census
247,journal_1bf8df84e3283ad5,Feminist Studies,mixed,False,mixed,[],"[""Women and gender studies""]",0,0,Historical scholarship overlaps another disciplinary community; a historian or historical-social-scientist majority is not established.,editorial_title_and_catalogue_subject_screen,,provisional_venue_screen_not_contributor_census
248,journal_7d661918209204ff,Film & History,likely_core,True,likely_core,[],"[""Media and books""]",0,0,Editorial estimate: history or historical social science is the defining scholarly focus; likely historian-dominated for this working screen.,editorial_title_and_catalogue_subject_screen,,provisional_venue_screen_not_contributor_census
249,journal_9e86406ba9f46e4a,Film Fashion and Consumption,excluded,False,other_primary_community,[],[],93,94,Editorial estimate: another disciplinary community is primary; omit from the historian-focused working selection.,editorial_title_and_catalogue_subject_screen,,provisional_venue_screen_not_contributor_census
250,journal_ecbd320c8d6e9372,Financial History Review,likely_core,True,likely_core,[],"[""Business, labor and economics""]",45,47,Editorial estimate: history or historical social science is the defining scholarly focus; likely historian-dominated for this working screen.,editorial_title_and_catalogue_subject_screen,,provisional_venue_screen_not_contributor_census
251,journal_3ff498241f0fb6c6,First World War Studies,likely_core,True,likely_core,[],"[""World Wars""]",204,174,Editorial estimate: history or historical social science is the defining scholarly focus; likely historian-dominated for this working screen.,editorial_title_and_catalogue_subject_screen,,provisional_venue_screen_not_contributor_census
252,journal_b98f6b1edace9f24,Florida Historical Quarterly,likely_core,True,likely_core,[],"[""United States""]",0,0,Editorial estimate: history or historical social science is the defining scholarly focus; likely historian-dominated for this working screen.,editorial_title_and_catalogue_subject_screen,,provisional_venue_screen_not_contributor_census
253,journal_d529db383a51b85a,Food & History,likely_core,True,likely_core,[],"[""Food history""]",0,0,Editorial estimate: history or historical social science is the defining scholarly focus; likely historian-dominated for this working screen.,editorial_title_and_catalogue_subject_screen,,provisional_venue_screen_not_contributor_census
254,journal_b5cc1afac0a59b60,Forum Historiae,likely_core,True,likely_core,[],"[""General history""]",73,74,Editorial estimate: history or historical social science is the defining scholarly focus; likely historian-dominated for this working screen.,editorial_title_and_catalogue_subject_screen,,provisional_venue_screen_not_contributor_census
255,journal_92c48c1e19b1b5f5,Franciscan Studies,mixed,False,mixed,[],"[""Religion""]",0,0,Historical scholarship overlaps another disciplinary community; a historian or historical-social-scientist majority is not established.,editorial_title_and_catalogue_subject_screen,,provisional_venue_screen_not_contributor_census
256,journal_d0aa0fce346501e1,French Colonial History,likely_core,True,likely_core,[],"[""Colonialism and empire"", ""France""]",2,2,Editorial estimate: history or historical social science is the defining scholarly focus; likely historian-dominated for this working screen.,editorial_title_and_catalogue_subject_screen,,provisional_venue_screen_not_contributor_census
257,journal_0428730c47903c7d,French Cultural Studies,excluded,False,mixed,"[""general_area_studies""]","[""Cultural studies"", ""France""]",184,172,Historical scholarship overlaps another disciplinary community; a historian or historical-social-scientist majority is not established. Applied user exclusion: general_area_studies.,editorial_title_and_catalogue_subject_screen,,provisional_venue_screen_not_contributor_census
258,journal_f522caac01d8a34a,French Historical Studies,likely_core,True,likely_core,[],"[""France"", ""Western Europe""]",0,0,Editorial estimate: history or historical social science is the defining scholarly focus; likely historian-dominated for this working screen.,editorial_title_and_catalogue_subject_screen,,provisional_venue_screen_not_contributor_census
259,journal_798c8a7ecbd4ce8b,French History,likely_core,True,likely_core,[],"[""France"", ""Western Europe""]",103,77,Editorial estimate: history or historical social science is the defining scholarly focus; likely historian-dominated for this working screen.,editorial_title_and_catalogue_subject_screen,,provisional_venue_screen_not_contributor_census
260,journal_0a25ba91e856b2ea,French Studies Bulletin,excluded,False,other_primary_community,[],"[""France"", ""Literature""]",3,3,Editorial estimate: another disciplinary community is primary; omit from the historian-focused working selection.,editorial_title_and_catalogue_subject_screen,,provisional_venue_screen_not_contributor_census
261,journal_d9b4415efa8a311d,Fronteras de la Historia,likely_core,True,likely_core,[],"[""Colombia"", ""Colonial period"", ""Colonialism and empire"", ""Iberia"", ""Latin America and Caribbean"", ""Social sciences""]",228,230,Editorial estimate: history or historical social science is the defining scholarly focus; likely historian-dominated for this working screen.,editorial_title_and_catalogue_subject_screen,,provisional_venue_screen_not_contributor_census
262,journal_3979fc76be7c4768,Frontiers of History in China,likely_core,True,likely_core,[],"[""East Asia""]",0,0,Editorial estimate: history or historical social science is the defining scholarly focus; likely historian-dominated for this working screen.,editorial_title_and_catalogue_subject_screen,,provisional_venue_screen_not_contributor_census
263,journal_7dcb7152872174a0,FWU Journal of Social Sciences,excluded,False,other_primary_community,[],"[""Social sciences""]",0,0,Editorial estimate: another disciplinary community is primary; omit from the historian-focused working selection.,editorial_title_and_catalogue_subject_screen,,provisional_venue_screen_not_contributor_census
264,journal_a00c9347fa743603,Gender & History,likely_core,True,likely_core,[],"[""Women and gender studies"", ""gender"", ""women""]",418,435,Editorial estimate: history or historical social science is the defining scholarly focus; likely historian-dominated for this working screen.,editorial_title_and_catalogue_subject_screen,,provisional_venue_screen_not_contributor_census
265,journal_263b4de58d393d76,"Geopolitics, History, and International Relations",excluded,False,other_primary_community,"[""politics_or_political_science""]","[""General history"", ""International relations and diplomatic"", ""Politics and public policy""]",0,0,Editorial estimate: another disciplinary community is primary; omit from the historian-focused working selection. Applied user exclusion: politics_or_political_science.,editorial_title_and_catalogue_subject_screen,,provisional_venue_screen_not_contributor_census
266,journal_42bfb044dd6ea86d,Gephyra,excluded,False,other_primary_community,"[""archaeology""]","[""Middle East"", ""Turkey""]",113,108,Editorial estimate: another disciplinary community is primary; omit from the historian-focused working selection. Applied user exclusion: archaeology.,editorial_title_and_catalogue_subject_screen,,provisional_venue_screen_not_contributor_census
267,journal_e36f736779fd97b7,German History,likely_core,True,likely_core,[],"[""German-speaking Europe"", ""Western Europe""]",102,84,Editorial estimate: history or historical social science is the defining scholarly focus; likely historian-dominated for this working screen.,editorial_title_and_catalogue_subject_screen,,provisional_venue_screen_not_contributor_census
268,journal_69a2877f98bab7a1,German Studies Review,excluded,False,mixed,"[""general_area_studies""]","[""German-speaking Europe"", ""Western Europe""]",0,0,Historical scholarship overlaps another disciplinary community; a historian or historical-social-scientist majority is not established. Applied user exclusion: general_area_studies.,editorial_title_and_catalogue_subject_screen,,provisional_venue_screen_not_contributor_census
269,journal_a67e93621de863b1,Geschichte und Gesellschaft,likely_core,True,likely_core,[],"[""Social"", ""Social sciences""]",0,0,Editorial estimate: history or historical social science is the defining scholarly focus; likely historian-dominated for this working screen.,editorial_title_and_catalogue_subject_screen,,provisional_venue_screen_not_contributor_census
270,journal_248bd9bc2ffb6732,Getty Research Journal,mixed,False,mixed,[],"[""Art""]",5,5,Historical scholarship overlaps another disciplinary community; a historian or historical-social-scientist majority is not established.,editorial_title_and_catalogue_subject_screen,,provisional_venue_screen_not_contributor_census
271,journal_7a73310b46e86f18,Giornale di Storia Costituzionale,likely_core,True,likely_core,[],"[""Legal""]",12,6,Editorial estimate: history or historical social science is the defining scholarly focus; likely historian-dominated for this working screen.,editorial_title_and_catalogue_subject_screen,,provisional_venue_screen_not_contributor_census
272,journal_655834095fdcc679,Gladius,mixed,False,mixed,[],"[""Military""]",106,164,Historical scholarship overlaps another disciplinary community; a historian or historical-social-scientist majority is not established.,editorial_title_and_catalogue_subject_screen,,provisional_venue_screen_not_contributor_census
273,journal_d20fc27000f3d220,Global Constitutionalism,excluded,False,other_primary_community,"[""politics_or_political_science""]","[""Legal""]",226,220,Editorial estimate: another disciplinary community is primary; omit from the historian-focused working selection. Applied user exclusion: politics_or_political_science.,editorial_title_and_catalogue_subject_screen,,provisional_venue_screen_not_contributor_census
274,journal_98ba9d1de9eef297,Global Environment,likely_core,True,likely_core,[],"[""Environment""]",23,33,Editorial estimate: history or historical social science is the defining scholarly focus; likely historian-dominated for this working screen.,editorial_title_and_catalogue_subject_screen,,provisional_venue_screen_not_contributor_census
275,journal_2601706da5173a25,Global Intellectual History,likely_core,True,likely_core,[],"[""Ideas and historiography""]",158,144,Editorial estimate: history or historical social science is the defining scholarly focus; likely historian-dominated for this working screen.,editorial_title_and_catalogue_subject_screen,,provisional_venue_screen_not_contributor_census
276,journal_ad5c79abbd9dcc80,Glossae,likely_core,True,likely_core,[],"[""Legal""]",0,0,Editorial estimate: history or historical social science is the defining scholarly focus; likely historian-dominated for this working screen.,editorial_title_and_catalogue_subject_screen,,provisional_venue_screen_not_contributor_census
277,journal_619b7173025ad490,Glottotheory,excluded,False,other_primary_community,[],"[""Language and linguistics""]",32,36,Editorial estimate: another disciplinary community is primary; omit from the historian-focused working selection.,editorial_title_and_catalogue_subject_screen,,provisional_venue_screen_not_contributor_census
278,journal_12a53f2b567d7197,Gothic Studies,excluded,False,other_primary_community,[],[],53,48,Editorial estimate: another disciplinary community is primary; omit from the historian-focused working selection.,editorial_title_and_catalogue_subject_screen,,provisional_venue_screen_not_contributor_census
279,journal_2e249e91aa6f1928,Graeco-Latina Brunensia,mixed,False,mixed,[],"[""Ancient"", ""Archaeology"", ""Classical"", ""Classical studies"", ""Language and linguistics""]",0,0,Historical scholarship overlaps another disciplinary community; a historian or historical-social-scientist majority is not established.,editorial_title_and_catalogue_subject_screen,,provisional_venue_screen_not_contributor_census
280,journal_f67fc612299ec4e3,"Greek, Roman and Byzantine Studies",mixed,False,mixed,[],"[""Ancient"", ""Classical studies"", ""Greece"", ""Middle Ages""]",0,0,Historical scholarship overlaps another disciplinary community; a historian or historical-social-scientist majority is not established.,editorial_title_and_catalogue_subject_screen,,provisional_venue_screen_not_contributor_census
281,journal_0ad8e0f3d821d733,Grotiana,mixed,False,mixed,[],[],5,6,Historical scholarship overlaps another disciplinary community; a historian or historical-social-scientist majority is not established.,editorial_title_and_catalogue_subject_screen,,provisional_venue_screen_not_contributor_census
282,journal_70e76363b3fe29d9,Guerres Mondiales et Conflits Contemporains,likely_core,True,likely_core,[],"[""International relations and diplomatic"", ""Military"", ""World Wars""]",0,0,Editorial estimate: history or historical social science is the defining scholarly focus; likely historian-dominated for this working screen.,editorial_title_and_catalogue_subject_screen,,provisional_venue_screen_not_contributor_census
283,journal_b5bc1b2839197574,Hamdard Islamicus,excluded,False,other_primary_community,[],"[""Islamic studies"", ""Religion""]",1,1,Editorial estimate: another disciplinary community is primary; omit from the historian-focused working selection.,editorial_title_and_catalogue_subject_screen,,provisional_venue_screen_not_contributor_census
284,journal_95ca004fc5a2f34b,Harvard Law Review,excluded,False,other_primary_community,[],"[""United States""]",0,0,Editorial estimate: another disciplinary community is primary; omit from the historian-focused working selection.,editorial_title_and_catalogue_subject_screen,,provisional_venue_screen_not_contributor_census
285,journal_f0362154cae50312,Hebrew Studies,mixed,False,mixed,[],"[""Jewish studies""]",0,0,Historical scholarship overlaps another disciplinary community; a historian or historical-social-scientist majority is not established.,editorial_title_and_catalogue_subject_screen,,provisional_venue_screen_not_contributor_census
286,journal_b94d9fb6ecebd296,Hercegovina,likely_core,True,likely_core,[],"[""Eastern Europe and Balkans""]",0,0,Editorial estimate: history or historical social science is the defining scholarly focus; likely historian-dominated for this working screen.,editorial_title_and_catalogue_subject_screen,,provisional_venue_screen_not_contributor_census
287,journal_1594f7d6e473ab43,Hispania Antiqua,likely_core,True,likely_core,[],"[""Ancient"", ""Iberia""]",26,18,Editorial estimate: history or historical social science is the defining scholarly focus; likely historian-dominated for this working screen.,editorial_title_and_catalogue_subject_screen,,provisional_venue_screen_not_contributor_census
288,journal_5b5389388885c1fc,Hispania Sacra,likely_core,True,likely_core,[],"[""General history"", ""Iberia"", ""Religion""]",457,438,Editorial estimate: history or historical social science is the defining scholarly focus; likely historian-dominated for this working screen.,editorial_title_and_catalogue_subject_screen,,provisional_venue_screen_not_contributor_census
289,journal_970e4c11481041d7,Hispanic American Historical Review,likely_core,True,likely_core,[],"[""Iberoamerica"", ""Latin America and Caribbean""]",0,0,Editorial estimate: history or historical social science is the defining scholarly focus; likely historian-dominated for this working screen.,editorial_title_and_catalogue_subject_screen,,provisional_venue_screen_not_contributor_census
290,journal_cd8ea342913754b3,Histoire Urbaine,likely_core,True,likely_core,[],"[""Urban""]",0,0,Editorial estimate: history or historical social science is the defining scholarly focus; likely historian-dominated for this working screen.,editorial_title_and_catalogue_subject_screen,,provisional_venue_screen_not_contributor_census
291,journal_65e984143e40bede,Historein,likely_core,True,likely_core,[],"[""General history""]",155,145,Editorial estimate: history or historical social science is the defining scholarly focus; likely historian-dominated for this working screen.,editorial_title_and_catalogue_subject_screen,,provisional_venue_screen_not_contributor_census
292,journal_2e6e57ae34ea1b42,Historia 396,likely_core,True,likely_core,[],"[""General history"", ""Latin America and Caribbean""]",33,41,Editorial estimate: history or historical social science is the defining scholarly focus; likely historian-dominated for this working screen.,editorial_title_and_catalogue_subject_screen,,provisional_venue_screen_not_contributor_census
293,journal_9c6f44fb42920fdc,Historia Caribe,likely_core,True,likely_core,[],"[""Latin America and Caribbean""]",102,107,Editorial estimate: history or historical social science is the defining scholarly focus; likely historian-dominated for this working screen.,editorial_title_and_catalogue_subject_screen,,provisional_venue_screen_not_contributor_census
294,journal_46f60c2239c241af,Historia Constitucional,likely_core,True,likely_core,[],"[""Europe"", ""Iberia"", ""International relations and diplomatic"", ""Latin America and Caribbean"", ""Legal""]",6,4,Editorial estimate: history or historical social science is the defining scholarly focus; likely historian-dominated for this working screen.,editorial_title_and_catalogue_subject_screen,,provisional_venue_screen_not_contributor_census
295,journal_e86ed4aeb73483ba,Historia et Ius,likely_core,True,likely_core,[],"[""Legal""]",0,0,Editorial estimate: history or historical social science is the defining scholarly focus; likely historian-dominated for this working screen.,editorial_title_and_catalogue_subject_screen,,provisional_venue_screen_not_contributor_census
296,journal_afc64324fdd2367c,Historia Mathematica,mixed,False,mixed,[],"[""Mathematics and logic"", ""Science and technology""]",73,68,Historical scholarship overlaps another disciplinary community; a historian or historical-social-scientist majority is not established.,editorial_title_and_catalogue_subject_screen,,provisional_venue_screen_not_contributor_census
297,journal_bd5a46a99fe5bd14,Historia Mexicana,likely_core,True,likely_core,[],"[""Hispanic world"", ""Ideas and historiography"", ""Mexico""]",0,0,Editorial estimate: history or historical social science is the defining scholarly focus; likely historian-dominated for this working screen.,editorial_title_and_catalogue_subject_screen,,provisional_venue_screen_not_contributor_census
298,journal_53e66fc2ba723ebe,Historia Regional,likely_core,True,likely_core,[],"[""General history"", ""Ideas and historiography"", ""Latin America and Caribbean"", ""Regional or local history""]",0,0,Editorial estimate: history or historical social science is the defining scholarly focus; likely historian-dominated for this working screen.,editorial_title_and_catalogue_subject_screen,,provisional_venue_screen_not_contributor_census
299,journal_8cb6f3595878e6b7,Historia Social,likely_core,True,likely_core,[],"[""Iberia"", ""Social""]",107,120,Editorial estimate: history or historical social science is the defining scholarly focus; likely historian-dominated for this working screen.,editorial_title_and_catalogue_subject_screen,,provisional_venue_screen_not_contributor_census
300,journal_c2452c54fca6f59e,"Historia, Instituciones, Documentos",likely_core,True,likely_core,[],"[""General history"", ""Iberia""]",0,0,Editorial estimate: history or historical social science is the defining scholarly focus; likely historian-dominated for this working screen.,editorial_title_and_catalogue_subject_screen,,provisional_venue_screen_not_contributor_census
301,journal_2e0fda8be73ce644,Historiallinen aikakauskirja,likely_core,True,likely_core,[],"[""General history""]",8,10,Editorial estimate: history or historical social science is the defining scholarly focus; likely historian-dominated for this working screen.,editorial_title_and_catalogue_subject_screen,,provisional_venue_screen_not_contributor_census
302,journal_ed2cb7d73b4f641f,Historical Archaeology,excluded,False,mixed,"[""archaeology""]","[""Americas"", ""Archaeology""]",342,286,Historical scholarship overlaps another disciplinary community; a historian or historical-social-scientist majority is not established. Applied user exclusion: archaeology.,editorial_title_and_catalogue_subject_screen,,provisional_venue_screen_not_contributor_census
303,journal_f9e9dac0c4b99396,Historical Social Research,likely_core,True,likely_core,[],"[""Europe"", ""Social"", ""Social sciences"", ""Sociology""]",0,0,Editorial estimate: history or historical social science is the defining scholarly focus; likely historian-dominated for this working screen.,editorial_title_and_catalogue_subject_screen,,provisional_venue_screen_not_contributor_census
304,journal_adee8b7eb5501f25,Historical Studies in Industrial Relations,likely_core,True,likely_core,[],"[""Business, labor and economics""]",7,6,Editorial estimate: history or historical social science is the defining scholarly focus; likely historian-dominated for this working screen.,editorial_title_and_catalogue_subject_screen,,provisional_venue_screen_not_contributor_census
305,journal_12bf31db16a72aab,Historical Studies in the Natural Sciences,likely_core,True,likely_core,[],"[""Science and technology""]",2,2,Editorial estimate: history or historical social science is the defining scholarly focus; likely historian-dominated for this working screen.,editorial_title_and_catalogue_subject_screen,,provisional_venue_screen_not_contributor_census
306,journal_0cb1f1b970c817ab,Historiographia Linguistica,mixed,False,mixed,[],"[""Ideas and historiography"", ""Language and linguistics""]",34,21,Historical scholarship overlaps another disciplinary community; a historian or historical-social-scientist majority is not established.,editorial_title_and_catalogue_subject_screen,,provisional_venue_screen_not_contributor_census
307,journal_e86963327015c29b,Historische Zeitschrift,likely_core,True,likely_core,[],"[""General history"", ""Western Europe""]",0,0,Editorial estimate: history or historical social science is the defining scholarly focus; likely historian-dominated for this working screen.,editorial_title_and_catalogue_subject_screen,,provisional_venue_screen_not_contributor_census
308,journal_d069d27534fa1504,Historisk Tidskrift för Finland,likely_core,True,likely_core,[],"[""Nordic Europe""]",0,0,Editorial estimate: history or historical social science is the defining scholarly focus; likely historian-dominated for this working screen.,editorial_title_and_catalogue_subject_screen,,provisional_venue_screen_not_contributor_census
309,journal_77a3ca6064c87819,History & Memory,likely_core,True,likely_core,[],"[""Cultural studies"", ""General history"", ""Ideas and historiography"", ""Memory studies""]",0,0,Editorial estimate: history or historical social science is the defining scholarly focus; likely historian-dominated for this working screen.,editorial_title_and_catalogue_subject_screen,,provisional_venue_screen_not_contributor_census
310,journal_6fcb20cb67be1401,History and Anthropology,likely_core,True,likely_core,[],"[""Anthropology and ethnography"", ""General history""]",172,186,Editorial estimate: history or historical social science is the defining scholarly focus; likely historian-dominated for this working screen.,editorial_title_and_catalogue_subject_screen,,provisional_venue_screen_not_contributor_census
311,journal_44517299fc490bc9,History and Philosophy of Logic,mixed,False,mixed,[],"[""Mathematics and logic"", ""Philosophy""]",177,162,Historical scholarship overlaps another disciplinary community; a historian or historical-social-scientist majority is not established.,editorial_title_and_catalogue_subject_screen,,provisional_venue_screen_not_contributor_census
312,journal_4ab29e2dc4c42863,History and Sociology of South Asia,likely_core,True,likely_core,[],"[""South Asia""]",6,10,Editorial estimate: history or historical social science is the defining scholarly focus; likely historian-dominated for this working screen.,editorial_title_and_catalogue_subject_screen,,provisional_venue_screen_not_contributor_census
313,journal_b8545866db1e00ae,History and Technology,likely_core,True,likely_core,[],"[""Science and technology""]",81,83,Editorial estimate: history or historical social science is the defining scholarly focus; likely historian-dominated for this working screen.,editorial_title_and_catalogue_subject_screen,,provisional_venue_screen_not_contributor_census
314,journal_0ab656c2753f6d74,History Australia,likely_core,True,likely_core,[],"[""Australasia and Oceania""]",427,377,Editorial estimate: history or historical social science is the defining scholarly focus; likely historian-dominated for this working screen.,editorial_title_and_catalogue_subject_screen,,provisional_venue_screen_not_contributor_census
315,journal_7e0d413e53aebefb,History Compass,likely_core,True,likely_core,[],"[""General history""]",347,344,Editorial estimate: history or historical social science is the defining scholarly focus; likely historian-dominated for this working screen.,editorial_title_and_catalogue_subject_screen,,provisional_venue_screen_not_contributor_census
316,journal_55b2862e091c93c6,History in Africa,likely_core,True,likely_core,[],"[""Africa""]",84,79,Editorial estimate: history or historical social science is the defining scholarly focus; likely historian-dominated for this working screen.,editorial_title_and_catalogue_subject_screen,,provisional_venue_screen_not_contributor_census
317,journal_1fa7274d28c61d69,History of Economic Ideas,likely_core,True,likely_core,[],"[""Business, labor and economics""]",0,0,Editorial estimate: history or historical social science is the defining scholarly focus; likely historian-dominated for this working screen.,editorial_title_and_catalogue_subject_screen,,provisional_venue_screen_not_contributor_census
318,journal_1d41a7564c5d12b7,History of Economic Thought and Policy,likely_core,True,likely_core,[],"[""Business, labor and economics""]",0,0,Editorial estimate: history or historical social science is the defining scholarly focus; likely historian-dominated for this working screen.,editorial_title_and_catalogue_subject_screen,,provisional_venue_screen_not_contributor_census
319,journal_8ab78befbed06155,History of Education Quarterly,likely_core,True,likely_core,[],"[""Education""]",223,194,Editorial estimate: history or historical social science is the defining scholarly focus; likely historian-dominated for this working screen.,editorial_title_and_catalogue_subject_screen,,provisional_venue_screen_not_contributor_census
320,journal_c3a89c9c58a756cc,History of Education Review,likely_core,True,likely_core,[],"[""Education""]",84,88,Editorial estimate: history or historical social science is the defining scholarly focus; likely historian-dominated for this working screen.,editorial_title_and_catalogue_subject_screen,,provisional_venue_screen_not_contributor_census
321,journal_d607b2b37a8c04f3,History of European Ideas,likely_core,True,likely_core,[],"[""Europe"", ""Ideas and historiography""]",280,204,Editorial estimate: history or historical social science is the defining scholarly focus; likely historian-dominated for this working screen.,editorial_title_and_catalogue_subject_screen,,provisional_venue_screen_not_contributor_census
322,journal_75a7036fd3d893a0,History of Intellectual Culture,likely_core,True,likely_core,[],"[""Canada"", ""Ideas and historiography"", ""Social""]",0,0,Editorial estimate: history or historical social science is the defining scholarly focus; likely historian-dominated for this working screen.,editorial_title_and_catalogue_subject_screen,,provisional_venue_screen_not_contributor_census
323,journal_34e0333c4604a050,History of Political Economy,likely_core,True,likely_core,[],"[""Business, labor and economics"", ""Politics and public policy""]",0,0,Editorial estimate: history or historical social science is the defining scholarly focus; likely historian-dominated for this working screen.,editorial_title_and_catalogue_subject_screen,,provisional_venue_screen_not_contributor_census
324,journal_366b2c11ffcdece3,History of Political Thought,likely_core,True,likely_core,[],"[""Politics and public policy""]",0,0,Editorial estimate: history or historical social science is the defining scholarly focus; likely historian-dominated for this working screen.,editorial_title_and_catalogue_subject_screen,,provisional_venue_screen_not_contributor_census
325,journal_3f8d7dbf4663e4be,History of Psychology,mixed,False,mixed,[],"[""Psychology and behavioral sciences""]",197,180,Historical scholarship overlaps another disciplinary community; a historian or historical-social-scientist majority is not established.,editorial_title_and_catalogue_subject_screen,,provisional_venue_screen_not_contributor_census
326,journal_276add574abd6316,History of Religions,mixed,False,mixed,[],"[""Religion""]",0,0,Historical scholarship overlaps another disciplinary community; a historian or historical-social-scientist majority is not established.,editorial_title_and_catalogue_subject_screen,,provisional_venue_screen_not_contributor_census
327,journal_2e3ccb52f5b36377,History of Retailing and Consumption,likely_core,True,likely_core,[],"[""Business, labor and economics""]",79,84,Editorial estimate: history or historical social science is the defining scholarly focus; likely historian-dominated for this working screen.,editorial_title_and_catalogue_subject_screen,,provisional_venue_screen_not_contributor_census
328,journal_1b4c993862f3c909,History of the Human Sciences,likely_core,True,likely_core,[],"[""Social sciences""]",284,285,Editorial estimate: history or historical social science is the defining scholarly focus; likely historian-dominated for this working screen.,editorial_title_and_catalogue_subject_screen,,provisional_venue_screen_not_contributor_census
329,journal_c1e5fe398786a42c,History of the Present,likely_core,True,likely_core,[],"[""General history"", ""Ideas and historiography"", ""Modern and contemporary""]",0,0,Editorial estimate: history or historical social science is the defining scholarly focus; likely historian-dominated for this working screen.,editorial_title_and_catalogue_subject_screen,,provisional_venue_screen_not_contributor_census
330,journal_2a7a36374c3b0e9f,History Today,mixed,False,mixed,[],"[""General history""]",0,0,Historical scholarship overlaps another disciplinary community; a historian or historical-social-scientist majority is not established.,editorial_title_and_catalogue_subject_screen,,provisional_venue_screen_not_contributor_census
331,journal_84203dbdbd3796c3,History Workshop Journal,likely_core,True,likely_core,[],"[""Britain"", ""General history"", ""Social""]",77,77,Editorial estimate: history or historical social science is the defining scholarly focus; likely historian-dominated for this working screen.,editorial_title_and_catalogue_subject_screen,,provisional_venue_screen_not_contributor_census
332,journal_34180f9dc5ac6b67,Hobbes Studies,mixed,False,mixed,[],[],15,14,Historical scholarship overlaps another disciplinary community; a historian or historical-social-scientist majority is not established.,editorial_title_and_catalogue_subject_screen,,provisional_venue_screen_not_contributor_census
333,journal_ff36bfe8f9406a9c,Holocaust and Genocide Studies,likely_core,True,likely_core,[],"[""Genocide"", ""holocaust""]",73,68,Editorial estimate: history or historical social science is the defining scholarly focus; likely historian-dominated for this working screen.,editorial_title_and_catalogue_subject_screen,,provisional_venue_screen_not_contributor_census
334,journal_808afeaacb5f4b11,Holocaust Studies,likely_core,True,likely_core,[],"[""Genocide""]",115,117,Editorial estimate: history or historical social science is the defining scholarly focus; likely historian-dominated for this working screen.,editorial_title_and_catalogue_subject_screen,,provisional_venue_screen_not_contributor_census
335,journal_7a900b153d984209,Huntington Library Quarterly,mixed,False,mixed,[],"[""Media and books""]",0,0,Historical scholarship overlaps another disciplinary community; a historian or historical-social-scientist majority is not established.,editorial_title_and_catalogue_subject_screen,,provisional_venue_screen_not_contributor_census
336,journal_669fdd8d058bc1d8,Hyperboreus,excluded,False,other_primary_community,[],"[""Classical studies""]",0,0,Editorial estimate: another disciplinary community is primary; omit from the historian-focused working selection.,editorial_title_and_catalogue_subject_screen,,provisional_venue_screen_not_contributor_census
337,journal_53d0ad654c4a87ff,I Tatti Studies,likely_core,True,likely_core,[],"[""Italy""]",0,0,Editorial estimate: history or historical social science is the defining scholarly focus; likely historian-dominated for this working screen.,editorial_title_and_catalogue_subject_screen,,provisional_venue_screen_not_contributor_census
338,journal_6e79a31c4f3a9c2a,Ibsen Studies,excluded,False,other_primary_community,[],[],14,11,Editorial estimate: another disciplinary community is primary; omit from the historian-focused working selection.,editorial_title_and_catalogue_subject_screen,,provisional_venue_screen_not_contributor_census
339,journal_29d4cfabb5270347,Illes i Imperis,likely_core,True,likely_core,[],"[""Iberia""]",0,0,Editorial estimate: history or historical social science is the defining scholarly focus; likely historian-dominated for this working screen.,editorial_title_and_catalogue_subject_screen,,provisional_venue_screen_not_contributor_census
340,journal_b20b0d03cbc378be,Imago Mundi,likely_core,True,likely_core,[],"[""Geography""]",131,104,Editorial estimate: history or historical social science is the defining scholarly focus; likely historian-dominated for this working screen.,editorial_title_and_catalogue_subject_screen,,provisional_venue_screen_not_contributor_census
341,journal_2af88744d50502c3,Immigrants and Minorities,likely_core,True,likely_core,[],"[""Diaspora and migration"", ""Ethnic and racial studies""]",51,59,Editorial estimate: history or historical social science is the defining scholarly focus; likely historian-dominated for this working screen.,editorial_title_and_catalogue_subject_screen,,provisional_venue_screen_not_contributor_census
342,journal_71da186c97c9cb19,Index on Censorship,excluded,False,mixed,"[""politics_or_political_science""]",[],0,0,Historical scholarship overlaps another disciplinary community; a historian or historical-social-scientist majority is not established. Applied user exclusion: politics_or_political_science.,editorial_title_and_catalogue_subject_screen,,provisional_venue_screen_not_contributor_census
343,journal_ec6114ac32c92f0e,Indian Historical Review,likely_core,True,likely_core,[],"[""South Asia""]",9,11,Editorial estimate: history or historical social science is the defining scholarly focus; likely historian-dominated for this working screen.,editorial_title_and_catalogue_subject_screen,,provisional_venue_screen_not_contributor_census
344,journal_ed54031020e6f922,Indiana Magazine of History,likely_core,True,likely_core,[],"[""United States""]",0,0,Editorial estimate: history or historical social science is the defining scholarly focus; likely historian-dominated for this working screen.,editorial_title_and_catalogue_subject_screen,,provisional_venue_screen_not_contributor_census
345,journal_12ee1cf3b74d54ea,Indo-European Linguistics,excluded,False,other_primary_community,[],"[""Language and linguistics""]",35,42,Editorial estimate: another disciplinary community is primary; omit from the historian-focused working selection.,editorial_title_and_catalogue_subject_screen,,provisional_venue_screen_not_contributor_census
346,journal_b8c15aae58cd91ae,Industrial Archaeology Review,excluded,False,mixed,"[""archaeology""]","[""Archaeology"", ""Science and technology""]",56,59,Historical scholarship overlaps another disciplinary community; a historian or historical-social-scientist majority is not established. Applied user exclusion: archaeology.,editorial_title_and_catalogue_subject_screen,,provisional_venue_screen_not_contributor_census
347,journal_8377161f76a06c59,Information & Culture,mixed,False,mixed,[],[],0,0,Historical information studies overlap information science; current contributor balance needs checking.,editorial_scope_assessment,,provisional_venue_screen_not_contributor_census
348,journal_aeea6c8b321be6f6,Insight on Africa,excluded,False,other_primary_community,"[""general_area_studies""]","[""Africa""]",80,92,Editorial estimate: another disciplinary community is primary; omit from the historian-focused working selection. Applied user exclusion: general_area_studies.,editorial_title_and_catalogue_subject_screen,,provisional_venue_screen_not_contributor_census
349,journal_3ad0b129b00ae4ae,Intellectual History Review,likely_core,True,likely_core,[],"[""Ideas and historiography""]",188,174,Editorial estimate: history or historical social science is the defining scholarly focus; likely historian-dominated for this working screen.,editorial_title_and_catalogue_subject_screen,,provisional_venue_screen_not_contributor_census
350,journal_887b02cb52ffc529,"International Journal for History, Culture and Modernity",likely_core,True,likely_core,[],"[""Cultural studies"", ""General history""]",0,0,Editorial estimate: history or historical social science is the defining scholarly focus; likely historian-dominated for this working screen.,editorial_title_and_catalogue_subject_screen,,provisional_venue_screen_not_contributor_census
351,journal_bfe29e0a8470fd90,International Journal of Asian Christianity,mixed,False,mixed,[],"[""Asia"", ""Religion""]",1,1,Historical scholarship overlaps another disciplinary community; a historian or historical-social-scientist majority is not established.,editorial_title_and_catalogue_subject_screen,,provisional_venue_screen_not_contributor_census
352,journal_335e5d13a7dbd1b4,International Journal of Cultural Property,mixed,False,mixed,[],"[""Heritage and public history""]",164,172,Historical scholarship overlaps another disciplinary community; a historian or historical-social-scientist majority is not established.,editorial_title_and_catalogue_subject_screen,,provisional_venue_screen_not_contributor_census
353,journal_6caa31fca875d185,International Journal of Euro-Mediterranean Studies,excluded,False,mixed,"[""general_area_studies""]","[""Mediterranean""]",3,5,Historical scholarship overlaps another disciplinary community; a historian or historical-social-scientist majority is not established. Applied user exclusion: general_area_studies.,editorial_title_and_catalogue_subject_screen,,provisional_venue_screen_not_contributor_census
354,journal_c9831879ef300dde,International Journal of Francophone Studies,excluded,False,other_primary_community,[],"[""Literature""]",74,74,Editorial estimate: another disciplinary community is primary; omit from the historian-focused working selection.,editorial_title_and_catalogue_subject_screen,,provisional_venue_screen_not_contributor_census
355,journal_afe1ad984fab520f,International Journal of Heritage Studies,mixed,False,mixed,[],"[""Cultural studies"", ""Heritage and public history""]",433,566,Historical scholarship overlaps another disciplinary community; a historian or historical-social-scientist majority is not established.,editorial_title_and_catalogue_subject_screen,,provisional_venue_screen_not_contributor_census
356,journal_0464df6ee029429f,International Journal of Iberian Studies,excluded,False,mixed,"[""general_area_studies""]","[""Iberia""]",183,179,Historical scholarship overlaps another disciplinary community; a historian or historical-social-scientist majority is not established. Applied user exclusion: general_area_studies.,editorial_title_and_catalogue_subject_screen,,provisional_venue_screen_not_contributor_census
357,journal_9dac4f2eb2dce0f8,International Journal of Korean History,likely_core,True,likely_core,[],"[""East Asia"", ""General history""]",1,2,Editorial estimate: history or historical social science is the defining scholarly focus; likely historian-dominated for this working screen.,editorial_title_and_catalogue_subject_screen,,provisional_venue_screen_not_contributor_census
358,journal_99c0d48d2806ce7a,International Journal of Latin American Religions,excluded,False,other_primary_community,[],"[""Latin America and Caribbean"", ""Religion""]",237,273,Editorial estimate: another disciplinary community is primary; omit from the historian-focused working selection.,editorial_title_and_catalogue_subject_screen,,provisional_venue_screen_not_contributor_census
359,journal_03fcc30800ae6fd9,International Journal of Maritime History,likely_core,True,likely_core,[],"[""Maritime""]",273,249,Editorial estimate: history or historical social science is the defining scholarly focus; likely historian-dominated for this working screen.,editorial_title_and_catalogue_subject_screen,,provisional_venue_screen_not_contributor_census
360,journal_d95c189c6494a6b0,International Journal of Military History and Historiography,likely_core,True,likely_core,[],"[""Ideas and historiography"", ""Military""]",11,12,Editorial estimate: history or historical social science is the defining scholarly focus; likely historian-dominated for this working screen.,editorial_title_and_catalogue_subject_screen,,provisional_venue_screen_not_contributor_census
361,journal_1b504ae54f900909,International Journal of Regional and Local History,likely_core,True,likely_core,[],"[""Regional or local history"", ""Urban""]",14,10,Editorial estimate: history or historical social science is the defining scholarly focus; likely historian-dominated for this working screen.,editorial_title_and_catalogue_subject_screen,,provisional_venue_screen_not_contributor_census
362,journal_3c00c0a539c8e25e,International Journal of Sino-Western Studies,excluded,False,mixed,"[""general_area_studies""]","[""East Asia""]",0,0,Historical scholarship overlaps another disciplinary community; a historian or historical-social-scientist majority is not established. Applied user exclusion: general_area_studies.,editorial_title_and_catalogue_subject_screen,,provisional_venue_screen_not_contributor_census
363,journal_ce1f623ed2219e26,International Labor and Working Class History,likely_core,True,likely_core,[],"[""Business, labor and economics""]",85,83,Editorial estimate: history or historical social science is the defining scholarly focus; likely historian-dominated for this working screen.,editorial_title_and_catalogue_subject_screen,,provisional_venue_screen_not_contributor_census
364,journal_231bcd1c47c023b4,International Public History,likely_core,True,likely_core,[],"[""General history"", ""Heritage and public history""]",24,27,Editorial estimate: history or historical social science is the defining scholarly focus; likely historian-dominated for this working screen.,editorial_title_and_catalogue_subject_screen,,provisional_venue_screen_not_contributor_census
365,journal_8a7c26ca6615de05,International Review of Social History,likely_core,True,likely_core,[],"[""Social""]",175,167,Editorial estimate: history or historical social science is the defining scholarly focus; likely historian-dominated for this working screen.,editorial_title_and_catalogue_subject_screen,,provisional_venue_screen_not_contributor_census
366,journal_ba5a5f5e7d8fd9c7,Internet Histories,mixed,False,mixed,[],"[""Media and books""]",180,204,Historical scholarship overlaps another disciplinary community; a historian or historical-social-scientist majority is not established.,editorial_title_and_catalogue_subject_screen,,provisional_venue_screen_not_contributor_census
367,journal_3a97286e11f6b5f5,Iranian Studies,excluded,False,mixed,"[""general_area_studies""]","[""Asia"", ""Middle East""]",274,242,Historical scholarship overlaps another disciplinary community; a historian or historical-social-scientist majority is not established. Applied user exclusion: general_area_studies.,editorial_title_and_catalogue_subject_screen,,provisional_venue_screen_not_contributor_census
368,journal_215053c67a06f64e,Iranica Antiqua,excluded,False,other_primary_community,"[""archaeology""]","[""Ancient"", ""Middle East""]",0,0,Editorial estimate: another disciplinary community is primary; omit from the historian-focused working selection. Applied user exclusion: archaeology.,editorial_title_and_catalogue_subject_screen,,provisional_venue_screen_not_contributor_census
369,journal_abfd10f3a0d4ea8e,Irish Economic and Social History,likely_core,True,likely_core,[],"[""Business, labor and economics"", ""Ireland"", ""Social""]",30,30,Editorial estimate: history or historical social science is the defining scholarly focus; likely historian-dominated for this working screen.,editorial_title_and_catalogue_subject_screen,,provisional_venue_screen_not_contributor_census
370,journal_8c0a1181448bc235,Irish Historical Studies,likely_core,True,likely_core,[],"[""Ireland""]",96,86,Editorial estimate: history or historical social science is the defining scholarly focus; likely historian-dominated for this working screen.,editorial_title_and_catalogue_subject_screen,,provisional_venue_screen_not_contributor_census
371,journal_e354a9a5628de194,Irish Studies Review,excluded,False,mixed,"[""general_area_studies""]","[""Ireland"", ""Literature""]",161,139,Historical scholarship overlaps another disciplinary community; a historian or historical-social-scientist majority is not established. Applied user exclusion: general_area_studies.,editorial_title_and_catalogue_subject_screen,,provisional_venue_screen_not_contributor_census
372,journal_8ca2dcb0199b28f9,Isis,likely_core,True,likely_core,[],"[""Science and technology"", ""science"", ""technology""]",0,0,Editorial estimate: history or historical social science is the defining scholarly focus; likely historian-dominated for this working screen.,editorial_title_and_catalogue_subject_screen,,provisional_venue_screen_not_contributor_census
373,journal_43e8150cb7694eb0,Islamic Africa,excluded,False,mixed,"[""general_area_studies""]","[""Africa"", ""Islamic studies"", ""Religion""]",0,0,Historical scholarship overlaps another disciplinary community; a historian or historical-social-scientist majority is not established. Applied user exclusion: general_area_studies.,editorial_title_and_catalogue_subject_screen,,provisional_venue_screen_not_contributor_census
374,journal_092251cbb28322b7,Israel Affairs,excluded,False,other_primary_community,"[""politics_or_political_science"", ""general_area_studies""]","[""Middle East""]",236,239,"Editorial estimate: another disciplinary community is primary; omit from the historian-focused working selection. Applied user exclusion: politics_or_political_science, general_area_studies.",editorial_title_and_catalogue_subject_screen,,provisional_venue_screen_not_contributor_census
375,journal_e0ab3c0d0da445c0,Israel Exploration Journal,excluded,False,mixed,"[""archaeology""]","[""Middle East""]",0,0,Historical scholarship overlaps another disciplinary community; a historian or historical-social-scientist majority is not established. Applied user exclusion: archaeology.,editorial_title_and_catalogue_subject_screen,,provisional_venue_screen_not_contributor_census
376,journal_f705619075dec11c,Israel Studies,excluded,False,mixed,"[""general_area_studies""]","[""Middle East""]",0,0,Historical scholarship overlaps another disciplinary community; a historian or historical-social-scientist majority is not established. Applied user exclusion: general_area_studies.,editorial_title_and_catalogue_subject_screen,,provisional_venue_screen_not_contributor_census
377,journal_ca95e71681fc7e1a,Istorija 20 Veka,likely_core,True,likely_core,[],"[""Eastern Europe and Balkans"", ""Modern and contemporary""]",150,104,Editorial estimate: history or historical social science is the defining scholarly focus; likely historian-dominated for this working screen.,editorial_title_and_catalogue_subject_screen,,provisional_venue_screen_not_contributor_census
378,journal_c32b7f6d5e83b5a4,Italian Studies,excluded,False,mixed,"[""general_area_studies""]","[""Italy""]",190,178,Historical scholarship overlaps another disciplinary community; a historian or historical-social-scientist majority is not established. Applied user exclusion: general_area_studies.,editorial_title_and_catalogue_subject_screen,,provisional_venue_screen_not_contributor_census
379,journal_fa867d3a552b6485,Itinerario,likely_core,True,likely_core,[],"[""Europe"", ""Low Countries""]",146,151,Editorial estimate: history or historical social science is the defining scholarly focus; likely historian-dominated for this working screen.,editorial_title_and_catalogue_subject_screen,,provisional_venue_screen_not_contributor_census
380,journal_6d43da8093b9af4d,J19,mixed,False,mixed,[],"[""Nineteenth century"", ""United States""]",0,0,Historical scholarship overlaps another disciplinary community; a historian or historical-social-scientist majority is not established.,editorial_title_and_catalogue_subject_screen,,provisional_venue_screen_not_contributor_census
381,journal_2b9c2a44f84e49d6,Japan Forum,excluded,False,mixed,"[""general_area_studies""]","[""East Asia""]",130,140,Historical scholarship overlaps another disciplinary community; a historian or historical-social-scientist majority is not established. Applied user exclusion: general_area_studies.,editorial_title_and_catalogue_subject_screen,,provisional_venue_screen_not_contributor_census
382,journal_6e5b6b13fb51ee4f,Jewish Culture and History,likely_core,True,likely_core,[],"[""Cultural history"", ""Jewish studies""]",76,71,Editorial estimate: history or historical social science is the defining scholarly focus; likely historian-dominated for this working screen.,editorial_title_and_catalogue_subject_screen,,provisional_venue_screen_not_contributor_census
383,journal_0e1cecd651790c35,Jewish History,likely_core,True,likely_core,[],"[""Jewish studies""]",8,8,Editorial estimate: history or historical social science is the defining scholarly focus; likely historian-dominated for this working screen.,editorial_title_and_catalogue_subject_screen,,provisional_venue_screen_not_contributor_census
384,journal_9d03148c52b1a89d,Jewish Social Studies,likely_core,True,likely_core,[],"[""Ethnic and racial studies"", ""Jewish studies""]",0,0,Editorial estimate: history or historical social science is the defining scholarly focus; likely historian-dominated for this working screen.,editorial_title_and_catalogue_subject_screen,,provisional_venue_screen_not_contributor_census
385,journal_8585d31947c9bdf9,Journal Asiatique,excluded,False,mixed,"[""general_area_studies""]","[""Asia""]",0,0,Historical scholarship overlaps another disciplinary community; a historian or historical-social-scientist majority is not established. Applied user exclusion: general_area_studies.,editorial_title_and_catalogue_subject_screen,,provisional_venue_screen_not_contributor_census
386,journal_370a07187220dddc,Journal for Eighteenth-Century Studies,mixed,False,mixed,[],"[""Eighteenth century"", ""Europe""]",187,173,Historical scholarship overlaps another disciplinary community; a historian or historical-social-scientist majority is not established.,editorial_title_and_catalogue_subject_screen,,provisional_venue_screen_not_contributor_census
387,journal_75c6a08ade7751b8,Journal for Maritime Research,likely_core,True,likely_core,[],"[""Britain"", ""Maritime"", ""Military""]",5,5,Editorial estimate: history or historical social science is the defining scholarly focus; likely historian-dominated for this working screen.,editorial_title_and_catalogue_subject_screen,,provisional_venue_screen_not_contributor_census
388,journal_5d9da3198ce156fb,Journal for the History of Astronomy,mixed,False,mixed,[],"[""Science and technology""]",116,101,History of astronomy includes astronomers and historians; contributor disciplinary balance uncertain.,editorial_scope_assessment,,provisional_venue_screen_not_contributor_census
389,journal_bd4f71df41937bd4,Journal for the Study of the Historical Jesus,mixed,False,mixed,[],"[""Religion""]",7,7,Historical scholarship overlaps another disciplinary community; a historian or historical-social-scientist majority is not established.,editorial_title_and_catalogue_subject_screen,,provisional_venue_screen_not_contributor_census
390,journal_811c9bfd83714935,Journal of African American History,likely_core,True,likely_core,[],"[""African American studies"", ""Ethnic and racial studies"", ""black""]",0,0,Editorial estimate: history or historical social science is the defining scholarly focus; likely historian-dominated for this working screen.,editorial_title_and_catalogue_subject_screen,,provisional_venue_screen_not_contributor_census
391,journal_4c8f06b614157e91,Journal of African Archaeology,excluded,False,other_primary_community,"[""archaeology""]","[""Africa"", ""Archaeology""]",64,156,Editorial estimate: another disciplinary community is primary; omit from the historian-focused working selection. Applied user exclusion: archaeology.,editorial_title_and_catalogue_subject_screen,,provisional_venue_screen_not_contributor_census
392,journal_96f001dc1b18ac34,Journal of African Diaspora Archaeology and Heritage,excluded,False,other_primary_community,"[""archaeology""]","[""Africa"", ""Archaeology"", ""Ethnic and racial studies"", ""Heritage and public history""]",48,50,Editorial estimate: another disciplinary community is primary; omit from the historian-focused working selection. Applied user exclusion: archaeology.,editorial_title_and_catalogue_subject_screen,,provisional_venue_screen_not_contributor_census
393,journal_c40d92e0554dd3b7,Journal of Agricultural and Environmental Ethics,excluded,False,other_primary_community,[],"[""Environment"", ""Rural and agricultural""]",272,306,Editorial estimate: another disciplinary community is primary; omit from the historian-focused working selection.,editorial_title_and_catalogue_subject_screen,,provisional_venue_screen_not_contributor_census
394,journal_3261cd2551a8f4ca,Journal of American Ethnic History,likely_core,True,likely_core,[],"[""Ethnic and racial studies"", ""United States""]",0,0,Editorial estimate: history or historical social science is the defining scholarly focus; likely historian-dominated for this working screen.,editorial_title_and_catalogue_subject_screen,,provisional_venue_screen_not_contributor_census
395,journal_5821106d7b9088f4,Journal of American-East Asian Relations,likely_core,True,likely_core,[],"[""Asia"", ""East Asia"", ""International relations and diplomatic"", ""United States""]",1,1,Editorial estimate: history or historical social science is the defining scholarly focus; likely historian-dominated for this working screen.,editorial_title_and_catalogue_subject_screen,,provisional_venue_screen_not_contributor_census
396,journal_4ac587b828c7f684,Journal of Ancient Near Eastern Religions,mixed,False,mixed,[],"[""Ancient"", ""Middle East"", ""Religion""]",20,24,Historical scholarship overlaps another disciplinary community; a historian or historical-social-scientist majority is not established.,editorial_title_and_catalogue_subject_screen,,provisional_venue_screen_not_contributor_census
397,journal_97051773a44b0c60,Journal of Anthropological Archaeology,excluded,False,other_primary_community,"[""archaeology""]","[""Anthropology and ethnography"", ""Archaeology""]",151,172,Editorial estimate: another disciplinary community is primary; omit from the historian-focused working selection. Applied user exclusion: archaeology.,editorial_title_and_catalogue_subject_screen,,provisional_venue_screen_not_contributor_census
398,journal_9ef951fd69ac0a2e,Journal of Archaeological Science,excluded,False,other_primary_community,"[""archaeology""]","[""Archaeology""]",1057,1513,Editorial estimate: another disciplinary community is primary; omit from the historian-focused working selection. Applied user exclusion: archaeology.,editorial_title_and_catalogue_subject_screen,,provisional_venue_screen_not_contributor_census
399,journal_b40c762271d3a12e,Journal of Archaeological Science: Reports,excluded,False,other_primary_community,"[""archaeology""]","[""Archaeology""]",2029,3224,"Exclude archaeological science: scientific techniques applied to archaeology, aimed at archaeologists and scientific specialists. Applied user exclusion: archaeology.",editor_scope_checked,https://www.elleryfrahm.com/jasrep,provisional_venue_screen_not_contributor_census
400,journal_4e2e554255607ea8,Journal of Asian American Studies,excluded,False,mixed,"[""general_area_studies""]","[""Ethnic and racial studies""]",0,0,Historical scholarship overlaps another disciplinary community; a historian or historical-social-scientist majority is not established. Applied user exclusion: general_area_studies.,editorial_title_and_catalogue_subject_screen,,provisional_venue_screen_not_contributor_census
401,journal_8fa6d55b62619679,Journal of Asian History,likely_core,True,likely_core,[],"[""Asia""]",0,0,Editorial estimate: history or historical social science is the defining scholarly focus; likely historian-dominated for this working screen.,editorial_title_and_catalogue_subject_screen,,provisional_venue_screen_not_contributor_census
402,journal_eae6adfa2ada8491,Journal of Astronomical History and Heritage,mixed,False,mixed,[],"[""Heritage and public history""]",0,0,Astronomical history and heritage includes professional and amateur astronomers; historian majority uncertain.,editorial_scope_assessment,,provisional_venue_screen_not_contributor_census
403,journal_6c752854d3e747af,Journal of Australian Studies,excluded,False,mixed,"[""general_area_studies""]","[""Australasia and Oceania""]",296,312,Historical scholarship overlaps another disciplinary community; a historian or historical-social-scientist majority is not established. Applied user exclusion: general_area_studies.,editorial_title_and_catalogue_subject_screen,,provisional_venue_screen_not_contributor_census
404,journal_9ed6094437f11ea2,Journal of Austrian-American History,likely_core,True,likely_core,[],"[""German-speaking Europe"", ""United States""]",27,29,Editorial estimate: history or historical social science is the defining scholarly focus; likely historian-dominated for this working screen.,editorial_title_and_catalogue_subject_screen,,provisional_venue_screen_not_contributor_census
405,journal_c183402b09c409fc,Journal of Balkan and Near Eastern Studies,excluded,False,mixed,"[""politics_or_political_science"", ""general_area_studies""]","[""Eastern Europe and Balkans"", ""Middle East""]",307,368,"Historical scholarship overlaps another disciplinary community; a historian or historical-social-scientist majority is not established. Applied user exclusion: politics_or_political_science, general_area_studies.",editorial_title_and_catalogue_subject_screen,,provisional_venue_screen_not_contributor_census
406,journal_3f383aa8e45b2601,Journal of British Studies,likely_core,True,likely_core,[],"[""Britain""]",921,825,Retain: user confirms Journal of British Studies is overwhelmingly history. Regional coverage and the word Studies do not make it general area studies.,user_editorial_correction_and_publisher_scope,https://www.cambridge.org/core/journals/journal-of-british-studies/information/about-this-journal,provisional_venue_screen_not_contributor_census
407,journal_86ee003c94c7951e,Journal of Chinese History,likely_core,True,likely_core,[],"[""East Asia""]",210,180,Editorial estimate: history or historical social science is the defining scholarly focus; likely historian-dominated for this working screen.,editorial_title_and_catalogue_subject_screen,,provisional_venue_screen_not_contributor_census
408,journal_7592b6a3251d66f6,Journal of Chinese Humanities,excluded,False,mixed,"[""general_area_studies""]","[""Asia"", ""East Asia"", ""Humanities""]",8,8,Historical scholarship overlaps another disciplinary community; a historian or historical-social-scientist majority is not established. Applied user exclusion: general_area_studies.,editorial_title_and_catalogue_subject_screen,,provisional_venue_screen_not_contributor_census
409,journal_48176cf0ef384b8d,Journal of Chinese Military History,likely_core,True,likely_core,[],"[""East Asia"", ""Military""]",35,33,Editorial estimate: history or historical social science is the defining scholarly focus; likely historian-dominated for this working screen.,editorial_title_and_catalogue_subject_screen,,provisional_venue_screen_not_contributor_census
410,journal_a086a4eaeb83fe7b,Journal of Chinese Overseas,excluded,False,mixed,"[""general_area_studies""]","[""Diaspora and migration"", ""Transnational studies""]",82,91,Historical scholarship overlaps another disciplinary community; a historian or historical-social-scientist majority is not established. Applied user exclusion: general_area_studies.,editorial_title_and_catalogue_subject_screen,,provisional_venue_screen_not_contributor_census
411,journal_0ac0b65c71faec1d,Journal of Chinese Writing Systems,excluded,False,other_primary_community,[],"[""East Asia"", ""Language and linguistics""]",88,84,Editorial estimate: another disciplinary community is primary; omit from the historian-focused working selection.,editorial_title_and_catalogue_subject_screen,,provisional_venue_screen_not_contributor_census
412,journal_072b906a45e5a200,Journal of Church and State,excluded,False,mixed,"[""politics_or_political_science""]","[""Politics and public policy"", ""Religion""]",153,161,Historical scholarship overlaps another disciplinary community; a historian or historical-social-scientist majority is not established. Applied user exclusion: politics_or_political_science.,editorial_title_and_catalogue_subject_screen,,provisional_venue_screen_not_contributor_census
413,journal_a09ca3d405b3ee2d,Journal of Cold War Studies,likely_core,True,likely_core,[],"[""International relations and diplomatic""]",0,0,Editorial estimate: history or historical social science is the defining scholarly focus; likely historian-dominated for this working screen.,editorial_title_and_catalogue_subject_screen,,provisional_venue_screen_not_contributor_census
414,journal_2d0a6518990a0fc5,Journal of Commonwealth and Postcolonial Studies,excluded,False,mixed,"[""general_area_studies""]","[""Colonialism and empire""]",0,0,Historical scholarship overlaps another disciplinary community; a historian or historical-social-scientist majority is not established. Applied user exclusion: general_area_studies.,editorial_title_and_catalogue_subject_screen,,provisional_venue_screen_not_contributor_census
415,journal_8f4a979bca341aad,Journal of Conflict Archaeology,excluded,False,other_primary_community,"[""archaeology""]","[""Archaeology""]",83,91,Editorial estimate: another disciplinary community is primary; omit from the historian-focused working selection. Applied user exclusion: archaeology.,editorial_title_and_catalogue_subject_screen,,provisional_venue_screen_not_contributor_census
416,journal_87f5474406e9e28c,Journal of Conflict Resolution,excluded,False,other_primary_community,"[""politics_or_political_science""]","[""International relations and diplomatic""]",517,596,Editorial estimate: another disciplinary community is primary; omit from the historian-focused working selection. Applied user exclusion: politics_or_political_science.,editorial_title_and_catalogue_subject_screen,,provisional_venue_screen_not_contributor_census
417,journal_baec35d136f8cd38,Journal of Coptic Studies,mixed,False,mixed,[],"[""Religion""]",0,0,Historical scholarship overlaps another disciplinary community; a historian or historical-social-scientist majority is not established.,editorial_title_and_catalogue_subject_screen,,provisional_venue_screen_not_contributor_census
418,journal_61fc40a27886234d,Journal of Cultural Analytics,excluded,False,other_primary_community,[],"[""Cultural studies""]",10,18,Editorial estimate: another disciplinary community is primary; omit from the historian-focused working selection.,editorial_title_and_catalogue_subject_screen,,provisional_venue_screen_not_contributor_census
419,journal_a4aa55469a081a29,Journal of Cultural Heritage,excluded,False,other_primary_community,[],"[""Heritage and public history""]",1244,2298,Editorial estimate: another disciplinary community is primary; omit from the historian-focused working selection.,editorial_title_and_catalogue_subject_screen,,provisional_venue_screen_not_contributor_census
420,journal_eff8dc1ec74d30c5,Journal of Cuneiform Studies,mixed,False,mixed,[],"[""Ancient"", ""Middle East""]",0,0,Historical scholarship overlaps another disciplinary community; a historian or historical-social-scientist majority is not established.,editorial_title_and_catalogue_subject_screen,,provisional_venue_screen_not_contributor_census
421,journal_02374963f4ea4849,Journal of Early American History,likely_core,True,likely_core,[],"[""United States""]",9,9,Editorial estimate: history or historical social science is the defining scholarly focus; likely historian-dominated for this working screen.,editorial_title_and_catalogue_subject_screen,,provisional_venue_screen_not_contributor_census
422,journal_3a2f182b9107325c,Journal of Early Christian Studies,mixed,False,mixed,[],"[""Late Antiquity"", ""Religion""]",0,0,"Early Christian studies includes historians, theologians and specialists in ancient texts; majority uncertain.",editorial_scope_assessment,,provisional_venue_screen_not_contributor_census
423,journal_f7f5c76bcfa26287,Journal of Early Modern History,likely_core,True,likely_core,[],"[""Early modern"", ""Modern and contemporary""]",154,144,Editorial estimate: history or historical social science is the defining scholarly focus; likely historian-dominated for this working screen.,editorial_title_and_catalogue_subject_screen,,provisional_venue_screen_not_contributor_census
424,journal_0b58a47e76ed8836,Journal of Eastern African Studies,excluded,False,mixed,"[""general_area_studies""]","[""Africa""]",144,172,Historical scholarship overlaps another disciplinary community; a historian or historical-social-scientist majority is not established. Applied user exclusion: general_area_studies.,editorial_title_and_catalogue_subject_screen,,provisional_venue_screen_not_contributor_census
425,journal_f945b16485034b24,Journal of Economic History,likely_core,True,likely_core,[],"[""Business, labor and economics"", ""economic""]",115,106,Editorial estimate: history or historical social science is the defining scholarly focus; likely historian-dominated for this working screen.,editorial_title_and_catalogue_subject_screen,,provisional_venue_screen_not_contributor_census
426,journal_85759916e0bae0c5,Journal of Egyptian History,likely_core,True,likely_core,[],"[""Egypt""]",37,38,Editorial estimate: history or historical social science is the defining scholarly focus; likely historian-dominated for this working screen.,editorial_title_and_catalogue_subject_screen,,provisional_venue_screen_not_contributor_census
427,journal_7dfffe81c3eadfd1,Journal of Eurasian Studies,excluded,False,mixed,"[""general_area_studies""]","[""Russia and Eurasia""]",111,145,Historical scholarship overlaps another disciplinary community; a historian or historical-social-scientist majority is not established. Applied user exclusion: general_area_studies.,editorial_title_and_catalogue_subject_screen,,provisional_venue_screen_not_contributor_census
428,journal_40dae856794b879a,Journal of European Integration History,likely_core,True,likely_core,[],"[""Europe""]",0,0,Editorial estimate: history or historical social science is the defining scholarly focus; likely historian-dominated for this working screen.,editorial_title_and_catalogue_subject_screen,,provisional_venue_screen_not_contributor_census
429,journal_a0ecba92e4f263e1,Journal of Family History,likely_core,True,likely_core,[],"[""Demography and family""]",159,156,Editorial estimate: history or historical social science is the defining scholarly focus; likely historian-dominated for this working screen.,editorial_title_and_catalogue_subject_screen,,provisional_venue_screen_not_contributor_census
430,journal_73cfe4dd8669d4b5,Journal of Genocide Research,likely_core,True,likely_core,[],"[""Genocide""]",173,173,Editorial estimate: history or historical social science is the defining scholarly focus; likely historian-dominated for this working screen.,editorial_title_and_catalogue_subject_screen,,provisional_venue_screen_not_contributor_census
431,journal_4455dbe3edff263b,Journal of global History,likely_core,True,likely_core,[],"[""Ideas and historiography""]",86,95,Editorial estimate: history or historical social science is the defining scholarly focus; likely historian-dominated for this working screen.,editorial_title_and_catalogue_subject_screen,,provisional_venue_screen_not_contributor_census
432,journal_bc9a224a0c7ddec6,Journal of Global Slavery,likely_core,True,likely_core,[],"[""Ethnic and racial studies""]",57,60,Editorial estimate: history or historical social science is the defining scholarly focus; likely historian-dominated for this working screen.,editorial_title_and_catalogue_subject_screen,,provisional_venue_screen_not_contributor_census
433,journal_4a8803ef72e243e9,Journal of Global South Studies,excluded,False,mixed,"[""general_area_studies""]","[""Global South"", ""United States""]",0,0,Historical scholarship overlaps another disciplinary community; a historian or historical-social-scientist majority is not established. Applied user exclusion: general_area_studies.,editorial_title_and_catalogue_subject_screen,,provisional_venue_screen_not_contributor_census
434,journal_c5dba6a3a05835fd,Journal of Heritage Tourism,excluded,False,other_primary_community,[],"[""Heritage and public history""]",265,422,Editorial estimate: another disciplinary community is primary; omit from the historian-focused working selection.,editorial_title_and_catalogue_subject_screen,,provisional_venue_screen_not_contributor_census
435,journal_7b35c15d5248d085,Journal of Historical Geography,likely_core,True,likely_core,[],"[""Geography""]",379,372,Editorial estimate: history or historical social science is the defining scholarly focus; likely historian-dominated for this working screen.,editorial_title_and_catalogue_subject_screen,,provisional_venue_screen_not_contributor_census
436,journal_13570df9a7422fdb,Journal of Historical Research in Music Education,mixed,False,mixed,[],"[""Music""]",78,73,Historical scholarship overlaps another disciplinary community; a historian or historical-social-scientist majority is not established.,editorial_title_and_catalogue_subject_screen,,provisional_venue_screen_not_contributor_census
437,journal_0ff5c17fd43c4f65,Journal of Historical Sociology,likely_core,True,likely_core,[],"[""Social""]",56,55,Editorial estimate: history or historical social science is the defining scholarly focus; likely historian-dominated for this working screen.,editorial_title_and_catalogue_subject_screen,,provisional_venue_screen_not_contributor_census
438,journal_60abd8b19fe3dd1d,Journal of Holy Land and Palestine Studies,excluded,False,mixed,"[""general_area_studies""]","[""Archaeology"", ""Middle East""]",1,1,Historical scholarship overlaps another disciplinary community; a historian or historical-social-scientist majority is not established. Applied user exclusion: general_area_studies.,editorial_title_and_catalogue_subject_screen,,provisional_venue_screen_not_contributor_census
439,journal_a1f77646ec5a2cb0,Journal of Human Rights Practice,excluded,False,other_primary_community,"[""politics_or_political_science""]",[],172,191,Editorial estimate: another disciplinary community is primary; omit from the historian-focused working selection. Applied user exclusion: politics_or_political_science.,editorial_title_and_catalogue_subject_screen,,provisional_venue_screen_not_contributor_census
440,journal_4f05bbd5cbfe6767,Journal of Indonesian Islam,excluded,False,other_primary_community,[],"[""Business, labor and economics"", ""Cultural studies"", ""Islamic studies"", ""Legal"", ""Politics and public policy"", ""Religion"", ""Social"", ""Southeast Asia""]",0,0,Editorial estimate: another disciplinary community is primary; omit from the historian-focused working selection.,editorial_title_and_catalogue_subject_screen,,provisional_venue_screen_not_contributor_census
441,journal_09012fb45eab4d3e,Journal of Intelligence History,likely_core,True,likely_core,[],[],80,68,Editorial estimate: history or historical social science is the defining scholarly focus; likely historian-dominated for this working screen.,editorial_title_and_catalogue_subject_screen,,provisional_venue_screen_not_contributor_census
442,journal_760e708b76e13ae9,Journal of Intercultural Studies,excluded,False,other_primary_community,[],"[""Cultural studies""]",257,352,Editorial estimate: another disciplinary community is primary; omit from the historian-focused working selection.,editorial_title_and_catalogue_subject_screen,,provisional_venue_screen_not_contributor_census
443,journal_186238c00e627d8e,Journal of Interdisciplinary History,likely_core,True,likely_core,[],"[""General history"", ""Interdisciplinary history""]",0,0,Editorial estimate: history or historical social science is the defining scholarly focus; likely historian-dominated for this working screen.,editorial_title_and_catalogue_subject_screen,,provisional_venue_screen_not_contributor_census
444,journal_e0d2a256525c4052,Journal of Islamic Thought and Civilization,excluded,False,other_primary_community,[],"[""Islamic studies"", ""Religion""]",276,688,Editorial estimate: another disciplinary community is primary; omit from the historian-focused working selection.,editorial_title_and_catalogue_subject_screen,,provisional_venue_screen_not_contributor_census
445,journal_d0b016607a360c95,Journal of Jesuit Studies,likely_core,True,likely_core,[],"[""General history"", ""Religion""]",52,53,Editorial estimate: history or historical social science is the defining scholarly focus; likely historian-dominated for this working screen.,editorial_title_and_catalogue_subject_screen,,provisional_venue_screen_not_contributor_census
446,journal_5f688a60482e0f9e,Journal of Jewish Languages,excluded,False,other_primary_community,[],"[""Jewish studies""]",41,44,Editorial estimate: another disciplinary community is primary; omit from the historian-focused working selection.,editorial_title_and_catalogue_subject_screen,,provisional_venue_screen_not_contributor_census
447,journal_042f6649722e2ad5,Journal of Jewish Studies,mixed,False,mixed,[],"[""Jewish studies""]",291,231,Historical scholarship overlaps another disciplinary community; a historian or historical-social-scientist majority is not established.,editorial_title_and_catalogue_subject_screen,,provisional_venue_screen_not_contributor_census
448,journal_5c9361edb40521aa,Journal of Language and Politics,excluded,False,other_primary_community,"[""politics_or_political_science""]","[""Language and linguistics"", ""Politics and public policy""]",541,568,Editorial estimate: another disciplinary community is primary; omit from the historian-focused working selection. Applied user exclusion: politics_or_political_science.,editorial_title_and_catalogue_subject_screen,,provisional_venue_screen_not_contributor_census
449,journal_ef420fa33c8f600a,Journal of Late Antiquity,likely_core,True,likely_core,[],"[""Ancient"", ""Late Antiquity""]",0,0,Editorial estimate: history or historical social science is the defining scholarly focus; likely historian-dominated for this working screen.,editorial_title_and_catalogue_subject_screen,,provisional_venue_screen_not_contributor_census
450,journal_6cc572b422cc9cfa,Journal of Latin American Cultural Studies,excluded,False,other_primary_community,"[""general_area_studies""]","[""Cultural studies"", ""Latin America and Caribbean""]",84,97,Editorial estimate: another disciplinary community is primary; omit from the historian-focused working selection. Applied user exclusion: general_area_studies.,editorial_title_and_catalogue_subject_screen,,provisional_venue_screen_not_contributor_census
451,journal_dca8de697d2e87d7,Journal of Latin American Studies,excluded,False,mixed,"[""general_area_studies""]","[""Iberoamerica"", ""Latin America and Caribbean""]",131,138,Historical scholarship overlaps another disciplinary community; a historian or historical-social-scientist majority is not established. Applied user exclusion: general_area_studies.,editorial_title_and_catalogue_subject_screen,,provisional_venue_screen_not_contributor_census
452,journal_513aa84d8ec855f3,Journal of Management History,likely_core,True,likely_core,[],[],7,15,Editorial estimate: history or historical social science is the defining scholarly focus; likely historian-dominated for this working screen.,editorial_title_and_catalogue_subject_screen,,provisional_venue_screen_not_contributor_census
453,journal_b333afd6f217e269,Journal of Medieval History,likely_core,True,likely_core,[],"[""Middle Ages""]",99,104,Editorial estimate: history or historical social science is the defining scholarly focus; likely historian-dominated for this working screen.,editorial_title_and_catalogue_subject_screen,,provisional_venue_screen_not_contributor_census
454,journal_43b50270ea079854,Journal of Medieval Iberian Studies,likely_core,True,likely_core,[],"[""Iberia"", ""Middle Ages""]",123,152,Editorial estimate: history or historical social science is the defining scholarly focus; likely historian-dominated for this working screen.,editorial_title_and_catalogue_subject_screen,,provisional_venue_screen_not_contributor_census
455,journal_aefa3b842e9299d0,Journal of Medieval Monastic Studies,likely_core,True,likely_core,[],"[""Middle Ages"", ""Religion""]",0,0,Editorial estimate: history or historical social science is the defining scholarly focus; likely historian-dominated for this working screen.,editorial_title_and_catalogue_subject_screen,,provisional_venue_screen_not_contributor_census
456,journal_0c74a728594aaf45,Journal of Mediterranean Studies,excluded,False,mixed,"[""general_area_studies""]","[""Mediterranean""]",0,0,Historical scholarship overlaps another disciplinary community; a historian or historical-social-scientist majority is not established. Applied user exclusion: general_area_studies.,editorial_title_and_catalogue_subject_screen,,provisional_venue_screen_not_contributor_census
457,journal_5e2c4b4321a8e81d,Journal of Migration History,likely_core,True,likely_core,[],"[""Diaspora and migration"", ""Ethnic and racial studies""]",5,5,Editorial estimate: history or historical social science is the defining scholarly focus; likely historian-dominated for this working screen.,editorial_title_and_catalogue_subject_screen,,provisional_venue_screen_not_contributor_census
458,journal_057f4e95b6bd7edb,Journal of Modern European History,likely_core,True,likely_core,[],"[""Europe""]",145,168,Editorial estimate: history or historical social science is the defining scholarly focus; likely historian-dominated for this working screen.,editorial_title_and_catalogue_subject_screen,,provisional_venue_screen_not_contributor_census
459,journal_8cf321b87cd71067,Journal of Modern Greek Studies,excluded,False,mixed,"[""general_area_studies""]","[""Eastern Europe and Balkans"", ""Greece""]",0,0,Historical scholarship overlaps another disciplinary community; a historian or historical-social-scientist majority is not established. Applied user exclusion: general_area_studies.,editorial_title_and_catalogue_subject_screen,,provisional_venue_screen_not_contributor_census
460,journal_bcbdf33aaac0ed1d,Journal of Modern Italian Studies,likely_core,True,likely_core,[],"[""Italy""]",156,155,"Retain as regional history: publisher frames coverage around political, economic, cultural and social history of Italy since 1700, while welcoming other disciplines.",publisher_scope_checked,https://www.tandfonline.com/rmis,provisional_venue_screen_not_contributor_census
461,journal_49c3e300249f856d,Journal of Modern Jewish Studies,mixed,False,mixed,[],"[""Jewish studies""]",107,106,Historical scholarship overlaps another disciplinary community; a historian or historical-social-scientist majority is not established.,editorial_title_and_catalogue_subject_screen,,provisional_venue_screen_not_contributor_census
462,journal_3f66d54b263d36b2,Journal of Moravian History,likely_core,True,likely_core,[],[],16,13,Editorial estimate: history or historical social science is the defining scholarly focus; likely historian-dominated for this working screen.,editorial_title_and_catalogue_subject_screen,,provisional_venue_screen_not_contributor_census
463,journal_8bec0e86e7c4a53e,Journal of Mormon History,likely_core,True,likely_core,[],"[""Religion""]",0,0,Editorial estimate: history or historical social science is the defining scholarly focus; likely historian-dominated for this working screen.,editorial_title_and_catalogue_subject_screen,,provisional_venue_screen_not_contributor_census
464,journal_2d4154272b770384,Journal of Muslims in Europe,excluded,False,other_primary_community,[],"[""Europe"", ""Islamic studies"", ""Religion""]",138,141,Editorial estimate: another disciplinary community is primary; omit from the historian-focused working selection.,editorial_title_and_catalogue_subject_screen,,provisional_venue_screen_not_contributor_census
465,journal_2a7e588116c20511,Journal of Near Eastern Studies,excluded,False,mixed,"[""general_area_studies""]","[""Middle East""]",0,0,Historical scholarship overlaps another disciplinary community; a historian or historical-social-scientist majority is not established. Applied user exclusion: general_area_studies.,editorial_title_and_catalogue_subject_screen,,provisional_venue_screen_not_contributor_census
466,journal_1c7b5476f23090dc,Journal of Negro History,likely_core,True,likely_core,[],"[""African American studies"", ""black""]",0,0,Editorial estimate: history or historical social science is the defining scholarly focus; likely historian-dominated for this working screen.,editorial_title_and_catalogue_subject_screen,,provisional_venue_screen_not_contributor_census
467,journal_19eb311dca82f7f8,Journal of New Zealand and Pacific Studies,excluded,False,mixed,"[""general_area_studies""]","[""Asia Pacific"", ""Australasia and Oceania""]",100,62,Historical scholarship overlaps another disciplinary community; a historian or historical-social-scientist majority is not established. Applied user exclusion: general_area_studies.,editorial_title_and_catalogue_subject_screen,,provisional_venue_screen_not_contributor_census
468,journal_3c679fa7ce9ce3b7,Journal of Pacific History,likely_core,True,likely_core,[],"[""Asia Pacific"", ""Australasia and Oceania""]",121,101,Editorial estimate: history or historical social science is the defining scholarly focus; likely historian-dominated for this working screen.,editorial_title_and_catalogue_subject_screen,,provisional_venue_screen_not_contributor_census
469,journal_d76902b4e7e68941,Journal of Palestine Studies,excluded,False,mixed,"[""politics_or_political_science"", ""general_area_studies""]","[""Middle East""]",34,35,"Historical scholarship overlaps another disciplinary community; a historian or historical-social-scientist majority is not established. Applied user exclusion: politics_or_political_science, general_area_studies.",editorial_title_and_catalogue_subject_screen,,provisional_venue_screen_not_contributor_census
470,journal_f90e40c76fcee7a9,Journal of Peace Research,excluded,False,other_primary_community,"[""politics_or_political_science""]","[""International relations and diplomatic""]",530,665,Editorial estimate: another disciplinary community is primary; omit from the historian-focused working selection. Applied user exclusion: politics_or_political_science.,editorial_title_and_catalogue_subject_screen,,provisional_venue_screen_not_contributor_census
471,journal_a0185a12e8f50685,Journal of Persianate Studies,excluded,False,mixed,"[""general_area_studies""]","[""Caucasus"", ""Central Asia"", ""Cultural studies"", ""Persianate studies"", ""Persianate world"", ""South Asia""]",51,53,Historical scholarship overlaps another disciplinary community; a historian or historical-social-scientist majority is not established. Applied user exclusion: general_area_studies.,editorial_title_and_catalogue_subject_screen,,provisional_venue_screen_not_contributor_census
472,journal_153a83fc0e0d029e,Journal of Philosophy of Education,excluded,False,other_primary_community,[],"[""Education"", ""Philosophy""]",337,291,Editorial estimate: another disciplinary community is primary; omit from the historian-focused working selection.,editorial_title_and_catalogue_subject_screen,,provisional_venue_screen_not_contributor_census
473,journal_05b07cc1ed9ec31d,Journal of Planning History,likely_core,True,likely_core,[],"[""Urban""]",147,144,Editorial estimate: history or historical social science is the defining scholarly focus; likely historian-dominated for this working screen.,editorial_title_and_catalogue_subject_screen,,provisional_venue_screen_not_contributor_census
474,journal_d21e2f0682668ea4,Journal of Policy History,likely_core,True,likely_core,[],"[""Politics and public policy"", ""United States""]",47,47,Editorial estimate: history or historical social science is the defining scholarly focus; likely historian-dominated for this working screen.,editorial_title_and_catalogue_subject_screen,,provisional_venue_screen_not_contributor_census
475,journal_c90bdc00bb27ebf2,Journal of Presbyterian History,likely_core,True,likely_core,[],[],0,0,Editorial estimate: history or historical social science is the defining scholarly focus; likely historian-dominated for this working screen.,editorial_title_and_catalogue_subject_screen,,provisional_venue_screen_not_contributor_census
476,journal_8e24a2cab6fed3d9,Journal of Religion in Africa,mixed,False,mixed,[],"[""Africa"", ""Religion""]",110,117,Historical scholarship overlaps another disciplinary community; a historian or historical-social-scientist majority is not established.,editorial_title_and_catalogue_subject_screen,,provisional_venue_screen_not_contributor_census
477,journal_efceea525a4eea2c,Journal of Religious History,likely_core,True,likely_core,[],"[""Australasia and Oceania"", ""Religion""]",659,510,Editorial estimate: history or historical social science is the defining scholarly focus; likely historian-dominated for this working screen.,editorial_title_and_catalogue_subject_screen,,provisional_venue_screen_not_contributor_census
478,journal_050469515a7e2989,Journal of Scottish Philosophy,excluded,False,other_primary_community,[],"[""Britain"", ""Philosophy""]",0,0,Editorial estimate: another disciplinary community is primary; omit from the historian-focused working selection.,editorial_title_and_catalogue_subject_screen,,provisional_venue_screen_not_contributor_census
479,journal_affd059f5acfd371,Journal of Semitic Studies,excluded,False,other_primary_community,[],"[""Jewish studies"", ""Language and linguistics""]",0,0,Editorial estimate: another disciplinary community is primary; omit from the historian-focused working selection.,editorial_title_and_catalogue_subject_screen,,provisional_venue_screen_not_contributor_census
480,journal_1427ecca9e4ca588,Journal of Slavic Military Studies,excluded,False,likely_core,"[""politics_or_political_science""]","[""Eastern Europe and Balkans"", ""Military""]",97,74,"Exclude: historical and geopolitical military affairs, explicitly serving security and military analysts; broader than military history. Applied user exclusion: politics_or_political_science.",publisher_scope_checked,https://www.tandfonline.com/journals/fslv19,provisional_venue_screen_not_contributor_census
481,journal_0ade3b13475fde7c,Journal of Social History,likely_core,True,likely_core,[],"[""Social"", ""social""]",124,114,Editorial estimate: history or historical social science is the defining scholarly focus; likely historian-dominated for this working screen.,editorial_title_and_catalogue_subject_screen,,provisional_venue_screen_not_contributor_census
482,journal_36e4a6077c49b27e,Journal of Somali Studies,excluded,False,mixed,"[""general_area_studies""]","[""Africa""]",0,0,Historical scholarship overlaps another disciplinary community; a historian or historical-social-scientist majority is not established. Applied user exclusion: general_area_studies.,editorial_title_and_catalogue_subject_screen,,provisional_venue_screen_not_contributor_census
483,journal_139d88e9e3bb415c,Journal of South Asian Development,excluded,False,other_primary_community,"[""general_area_studies""]","[""South Asia""]",119,149,Editorial estimate: another disciplinary community is primary; omit from the historian-focused working selection. Applied user exclusion: general_area_studies.,editorial_title_and_catalogue_subject_screen,,provisional_venue_screen_not_contributor_census
484,journal_88c72e3a99b114da,Journal of Southern African Studies,excluded,False,mixed,"[""general_area_studies""]","[""Africa""]",213,217,Historical scholarship overlaps another disciplinary community; a historian or historical-social-scientist majority is not established. Applied user exclusion: general_area_studies.,editorial_title_and_catalogue_subject_screen,,provisional_venue_screen_not_contributor_census
485,journal_a7d896658ff53964,Journal of Spanish Cultural Studies,excluded,False,other_primary_community,"[""general_area_studies""]","[""Cultural studies"", ""Iberia""]",148,152,Editorial estimate: another disciplinary community is primary; omit from the historian-focused working selection. Applied user exclusion: general_area_studies.,editorial_title_and_catalogue_subject_screen,,provisional_venue_screen_not_contributor_census
486,journal_393ccbcae701fdd2,Journal of Spiritual Formation and Soul Care,excluded,False,other_primary_community,[],"[""Religion""]",110,102,Editorial estimate: another disciplinary community is primary; omit from the historian-focused working selection.,editorial_title_and_catalogue_subject_screen,,provisional_venue_screen_not_contributor_census
487,journal_a6e068f32590fd4a,Journal of Sport History,likely_core,True,likely_core,[],"[""Sport""]",0,0,Editorial estimate: history or historical social science is the defining scholarly focus; likely historian-dominated for this working screen.,editorial_title_and_catalogue_subject_screen,,provisional_venue_screen_not_contributor_census
488,journal_ed62d2f216f750fd,Journal of Sufi Studies,mixed,False,mixed,[],"[""Religion""]",36,41,Historical scholarship overlaps another disciplinary community; a historian or historical-social-scientist majority is not established.,editorial_title_and_catalogue_subject_screen,,provisional_venue_screen_not_contributor_census
489,journal_838294bed277bdf9,Journal of the American Oriental Society,excluded,False,mixed,"[""general_area_studies""]","[""Asia""]",0,0,Historical scholarship overlaps another disciplinary community; a historian or historical-social-scientist majority is not established. Applied user exclusion: general_area_studies.,editorial_title_and_catalogue_subject_screen,,provisional_venue_screen_not_contributor_census
490,journal_e98330eb0fa7fa6c,Journal of the American Research Center in Egypt,excluded,False,mixed,"[""archaeology""]","[""Egypt""]",0,0,Historical scholarship overlaps another disciplinary community; a historian or historical-social-scientist majority is not established. Applied user exclusion: archaeology.,editorial_title_and_catalogue_subject_screen,,provisional_venue_screen_not_contributor_census
491,journal_691748060487dd52,Journal of the Australian Early Medieval Association,likely_core,True,likely_core,[],"[""Middle Ages""]",96,49,Editorial estimate: history or historical social science is the defining scholarly focus; likely historian-dominated for this working screen.,editorial_title_and_catalogue_subject_screen,,provisional_venue_screen_not_contributor_census
492,journal_b29c1b490cd7f2af,Journal of the Early Republic,likely_core,True,likely_core,[],"[""United States""]",0,0,Editorial estimate: history or historical social science is the defining scholarly focus; likely historian-dominated for this working screen.,editorial_title_and_catalogue_subject_screen,,provisional_venue_screen_not_contributor_census
493,journal_c2461bf533cd622a,Journal of the Economic and Social History of the Orient,likely_core,True,likely_core,[],"[""Asia"", ""Business, labor and economics"", ""East Asia"", ""Middle East"", ""Social""]",93,101,Editorial estimate: history or historical social science is the defining scholarly focus; likely historian-dominated for this working screen.,editorial_title_and_catalogue_subject_screen,,provisional_venue_screen_not_contributor_census
494,journal_bb186df994dfcc83,Journal of the History of Economic Thought,likely_core,True,likely_core,[],"[""Business, labor and economics""]",153,119,Editorial estimate: history or historical social science is the defining scholarly focus; likely historian-dominated for this working screen.,editorial_title_and_catalogue_subject_screen,,provisional_venue_screen_not_contributor_census
495,journal_8190ce597550789c,Journal of the History of Ideas,likely_core,True,likely_core,[],"[""Ideas and historiography"", ""Philosophy""]",0,0,Editorial estimate: history or historical social science is the defining scholarly focus; likely historian-dominated for this working screen.,editorial_title_and_catalogue_subject_screen,,provisional_venue_screen_not_contributor_census
496,journal_430c5c5a636cf950,Journal of the History of Medicine and Allied Sciences,likely_core,True,likely_core,[],"[""Medicine and health"", ""Science and technology""]",99,99,Editorial estimate: history or historical social science is the defining scholarly focus; likely historian-dominated for this working screen.,editorial_title_and_catalogue_subject_screen,,provisional_venue_screen_not_contributor_census
497,journal_07ccddae5a67c1fa,Journal of the History of Sexuality,likely_core,True,likely_core,[],"[""Women and gender studies"", ""queer""]",0,0,Editorial estimate: history or historical social science is the defining scholarly focus; likely historian-dominated for this working screen.,editorial_title_and_catalogue_subject_screen,,provisional_venue_screen_not_contributor_census
498,journal_2c835362abb13fca,Journal of the History of the Behavioral Sciences,likely_core,True,likely_core,[],"[""Psychology and behavioral sciences"", ""Social sciences""]",230,207,Editorial estimate: history or historical social science is the defining scholarly focus; likely historian-dominated for this working screen.,editorial_title_and_catalogue_subject_screen,,provisional_venue_screen_not_contributor_census
499,journal_c5141a5ebf454979,Journal of the Malaysian Branch of the Royal Asiatic Society,excluded,False,likely_core,"[""general_area_studies""]","[""Southeast Asia""]",0,0,Editorial estimate: history or historical social science is the defining scholarly focus; likely historian-dominated for this working screen. Applied user exclusion: general_area_studies.,editorial_title_and_catalogue_subject_screen,,provisional_venue_screen_not_contributor_census
500,journal_6468af62de1f2e03,Journal of the Ottoman and Turkish Studies Association,excluded,False,likely_core,"[""general_area_studies""]","[""Middle East"", ""Turkey""]",0,0,Conservative area-studies exclusion: publisher includes Ottoman and republican Turkey scholarship across disciplinary boundaries; contributor majority has not been established. Applied user exclusion: general_area_studies.,publisher_scope_checked,https://iupress.org/journals/jotsa/,provisional_venue_screen_not_contributor_census
501,journal_a891a2f926fa77c9,Journal of the Philosophy of History,mixed,False,mixed,[],"[""General history"", ""Ideas and historiography"", ""Philosophy""]",74,64,Historical scholarship overlaps another disciplinary community; a historian or historical-social-scientist majority is not established.,editorial_title_and_catalogue_subject_screen,,provisional_venue_screen_not_contributor_census
502,journal_12c0d6a71b4570ba,Journal of the Royal Australian Historical Society,likely_core,True,likely_core,[],"[""Australasia and Oceania""]",0,0,Editorial estimate: history or historical social science is the defining scholarly focus; likely historian-dominated for this working screen.,editorial_title_and_catalogue_subject_screen,,provisional_venue_screen_not_contributor_census
503,journal_95ffe6f1130dc012,Journal of the Royal Society of Antiquaries of Ireland,excluded,False,mixed,"[""archaeology""]","[""Ireland""]",0,0,Historical scholarship overlaps another disciplinary community; a historian or historical-social-scientist majority is not established. Applied user exclusion: archaeology.,editorial_title_and_catalogue_subject_screen,,provisional_venue_screen_not_contributor_census
504,journal_43031ba14ffea08e,Journal of the Siam Society,excluded,False,mixed,"[""general_area_studies""]","[""Southeast Asia""]",0,0,Historical scholarship overlaps another disciplinary community; a historian or historical-social-scientist majority is not established. Applied user exclusion: general_area_studies.,editorial_title_and_catalogue_subject_screen,,provisional_venue_screen_not_contributor_census
505,journal_f6713658693c61b7,Journal of the Society of Architectural Historians,likely_core,True,likely_core,[],"[""Architectural""]",0,0,Editorial estimate: history or historical social science is the defining scholarly focus; likely historian-dominated for this working screen.,editorial_title_and_catalogue_subject_screen,,provisional_venue_screen_not_contributor_census
506,journal_f201d4061026eddd,Journal of the Southwest,excluded,False,mixed,"[""general_area_studies""]","[""United States""]",0,0,Historical scholarship overlaps another disciplinary community; a historian or historical-social-scientist majority is not established. Applied user exclusion: general_area_studies.,editorial_title_and_catalogue_subject_screen,,provisional_venue_screen_not_contributor_census
507,journal_2d8590efe31099c7,Journal of the West,likely_core,True,likely_core,[],"[""United States""]",0,0,Editorial estimate: history or historical social science is the defining scholarly focus; likely historian-dominated for this working screen.,editorial_title_and_catalogue_subject_screen,,provisional_venue_screen_not_contributor_census
508,journal_84e0dc80bd203264,Journal of Tourism History,likely_core,True,likely_core,[],"[""Transport and tourism""]",81,89,Editorial estimate: history or historical social science is the defining scholarly focus; likely historian-dominated for this working screen.,editorial_title_and_catalogue_subject_screen,,provisional_venue_screen_not_contributor_census
509,journal_4c58aabb4b5e85bc,Journal of Transatlantic Studies,excluded,False,likely_core,"[""general_area_studies""]","[""Atlantic World"", ""Europe"", ""United States""]",18,21,Editorial estimate: history or historical social science is the defining scholarly focus; likely historian-dominated for this working screen. Applied user exclusion: general_area_studies.,editorial_title_and_catalogue_subject_screen,,provisional_venue_screen_not_contributor_census
510,journal_2b8522c13948819d,Journal of Urban History,likely_core,True,likely_core,[],"[""Urban""]",281,294,Editorial estimate: history or historical social science is the defining scholarly focus; likely historian-dominated for this working screen.,editorial_title_and_catalogue_subject_screen,,provisional_venue_screen_not_contributor_census
511,journal_a777ee8f7a3486d2,Journal of Victorian Culture,mixed,False,mixed,[],"[""Britain""]",163,146,Historical scholarship overlaps another disciplinary community; a historian or historical-social-scientist majority is not established.,editorial_title_and_catalogue_subject_screen,,provisional_venue_screen_not_contributor_census
512,journal_0274a11f810aef63,Journal of Vietnamese Studies,excluded,False,mixed,"[""general_area_studies""]","[""Southeast Asia""]",0,0,Historical scholarship overlaps another disciplinary community; a historian or historical-social-scientist majority is not established. Applied user exclusion: general_area_studies.,editorial_title_and_catalogue_subject_screen,,provisional_venue_screen_not_contributor_census
513,journal_5608e8d0c20d4110,Journal of War and Culture Studies,mixed,False,mixed,[],"[""Military""]",136,135,Historical scholarship overlaps another disciplinary community; a historian or historical-social-scientist majority is not established.,editorial_title_and_catalogue_subject_screen,,provisional_venue_screen_not_contributor_census
514,journal_ec74f244f54d7364,Journal of Women's History,likely_core,True,likely_core,[],"[""Women and gender studies""]",0,0,Editorial estimate: history or historical social science is the defining scholarly focus; likely historian-dominated for this working screen.,editorial_title_and_catalogue_subject_screen,,provisional_venue_screen_not_contributor_census
515,journal_77695299ceedc9b2,Journal of World History,likely_core,True,likely_core,[],"[""Comparative and world""]",0,0,Editorial estimate: history or historical social science is the defining scholarly focus; likely historian-dominated for this working screen.,editorial_title_and_catalogue_subject_screen,,provisional_venue_screen_not_contributor_census
516,journal_0b541c9b34dc482a,Journal on European History of Law,likely_core,True,likely_core,[],"[""Europe"", ""Legal""]",294,196,Editorial estimate: history or historical social science is the defining scholarly focus; likely historian-dominated for this working screen.,editorial_title_and_catalogue_subject_screen,,provisional_venue_screen_not_contributor_census
517,journal_d77b7f7c919dcef2,Judaica Bohemiae,likely_core,True,likely_core,[],"[""Eastern Europe and Balkans"", ""Jewish studies""]",0,0,Editorial estimate: history or historical social science is the defining scholarly focus; likely historian-dominated for this working screen.,editorial_title_and_catalogue_subject_screen,,provisional_venue_screen_not_contributor_census
518,journal_957c9e69c8e69d33,Kajian Malaysia,excluded,False,other_primary_community,"[""general_area_studies""]","[""Southeast Asia""]",0,0,Editorial estimate: another disciplinary community is primary; omit from the historian-focused working selection. Applied user exclusion: general_area_studies.,editorial_title_and_catalogue_subject_screen,,provisional_venue_screen_not_contributor_census
519,journal_89890cb9ebbc8969,Kansas History,likely_core,True,likely_core,[],"[""United States""]",0,0,Editorial estimate: history or historical social science is the defining scholarly focus; likely historian-dominated for this working screen.,editorial_title_and_catalogue_subject_screen,,provisional_venue_screen_not_contributor_census
520,journal_c3ea04dfb8fa5d34,Klio,likely_core,True,likely_core,[],"[""Ancient"", ""Greece""]",36,36,Editorial estimate: history or historical social science is the defining scholarly focus; likely historian-dominated for this working screen.,editorial_title_and_catalogue_subject_screen,,provisional_venue_screen_not_contributor_census
521,journal_ac500c75e6f8ef69,Knowledge Cultures,excluded,False,other_primary_community,[],[],0,0,Editorial estimate: another disciplinary community is primary; omit from the historian-focused working selection.,editorial_title_and_catalogue_subject_screen,,provisional_venue_screen_not_contributor_census
522,journal_0942ceb4caa62231,Kritika,likely_core,True,likely_core,[],"[""Russia and Eurasia""]",0,0,Editorial estimate: history or historical social science is the defining scholarly focus; likely historian-dominated for this working screen.,editorial_title_and_catalogue_subject_screen,,provisional_venue_screen_not_contributor_census
523,journal_1767521c1a72108c,Kurdish Studies,excluded,False,mixed,"[""general_area_studies""]","[""Anthropology and ethnography""]",9,9,Historical scholarship overlaps another disciplinary community; a historian or historical-social-scientist majority is not established. Applied user exclusion: general_area_studies.,editorial_title_and_catalogue_subject_screen,,provisional_venue_screen_not_contributor_census
524,journal_f0ff8d2c0ee1f500,Kwartalnik Historyczny,likely_core,True,likely_core,[],"[""Eastern Europe and Balkans"", ""General history"", ""Poland""]",189,167,Editorial estimate: history or historical social science is the defining scholarly focus; likely historian-dominated for this working screen.,editorial_title_and_catalogue_subject_screen,,provisional_venue_screen_not_contributor_census
525,journal_321bffd7278b56b0,Kyiv-Mohyla Humanities Journal,excluded,False,mixed,"[""general_area_studies""]","[""Central Europe"", ""Eastern Europe and Balkans""]",23,25,Historical scholarship overlaps another disciplinary community; a historian or historical-social-scientist majority is not established. Applied user exclusion: general_area_studies.,editorial_title_and_catalogue_subject_screen,,provisional_venue_screen_not_contributor_census
526,journal_5de8246e0b40b7e2,Labor History,likely_core,True,likely_core,[],"[""Business, labor and economics""]",196,224,Editorial estimate: history or historical social science is the defining scholarly focus; likely historian-dominated for this working screen.,editorial_title_and_catalogue_subject_screen,,provisional_venue_screen_not_contributor_census
527,journal_52d81008d00a13c6,Labour History,likely_core,True,likely_core,[],"[""Australasia and Oceania"", ""Business, labor and economics""]",30,46,Editorial estimate: history or historical social science is the defining scholarly focus; likely historian-dominated for this working screen.,editorial_title_and_catalogue_subject_screen,,provisional_venue_screen_not_contributor_census
528,journal_4d911409059178f9,Labour History Review,likely_core,True,likely_core,[],"[""Business, labor and economics""]",20,35,Editorial estimate: history or historical social science is the defining scholarly focus; likely historian-dominated for this working screen.,editorial_title_and_catalogue_subject_screen,,provisional_venue_screen_not_contributor_census
529,journal_d49ff3b1ae59979f,Landscape History,likely_core,True,likely_core,[],[],9,14,Editorial estimate: history or historical social science is the defining scholarly focus; likely historian-dominated for this working screen.,editorial_title_and_catalogue_subject_screen,,provisional_venue_screen_not_contributor_census
530,journal_a8b9e2add9d669e0,Language & History,mixed,False,mixed,[],"[""Language and linguistics""]",93,82,Historical scholarship overlaps another disciplinary community; a historian or historical-social-scientist majority is not established.,editorial_title_and_catalogue_subject_screen,,provisional_venue_screen_not_contributor_census
531,journal_96045933721e0452,Late Imperial China,likely_core,True,likely_core,[],"[""East Asia""]",0,0,Editorial estimate: history or historical social science is the defining scholarly focus; likely historian-dominated for this working screen.,editorial_title_and_catalogue_subject_screen,,provisional_venue_screen_not_contributor_census
532,journal_437ea6b27ea852c8,Latin American Antiquity,excluded,False,other_primary_community,"[""archaeology""]","[""Ancient"", ""Indigenous studies"", ""Latin America and Caribbean""]",410,463,Editorial estimate: another disciplinary community is primary; omit from the historian-focused working selection. Applied user exclusion: archaeology.,editorial_title_and_catalogue_subject_screen,,provisional_venue_screen_not_contributor_census
533,journal_ffa20b7277b85996,Latin American Research Review,excluded,False,mixed,"[""general_area_studies""]","[""Latin America and Caribbean""]",116,117,Historical scholarship overlaps another disciplinary community; a historian or historical-social-scientist majority is not established. Applied user exclusion: general_area_studies.,editorial_title_and_catalogue_subject_screen,,provisional_venue_screen_not_contributor_census
534,journal_222ce60e127f7f89,Latino Studies,excluded,False,mixed,"[""general_area_studies""]",[],102,99,Historical scholarship overlaps another disciplinary community; a historian or historical-social-scientist majority is not established. Applied user exclusion: general_area_studies.,editorial_title_and_catalogue_subject_screen,,provisional_venue_screen_not_contributor_census
535,journal_134943079e99fdc9,Latomus,excluded,False,other_primary_community,[],"[""Language and linguistics""]",0,0,Editorial estimate: another disciplinary community is primary; omit from the historian-focused working selection.,editorial_title_and_catalogue_subject_screen,,provisional_venue_screen_not_contributor_census
536,journal_423100a5a865d9cb,Law and History Review,likely_core,True,likely_core,[],"[""Legal""]",102,100,Editorial estimate: history or historical social science is the defining scholarly focus; likely historian-dominated for this working screen.,editorial_title_and_catalogue_subject_screen,,provisional_venue_screen_not_contributor_census
537,journal_054d070a681aafc6,Le Mouvement social,likely_core,True,likely_core,[],"[""Social"", ""Socialism and related political traditions""]",0,0,Editorial estimate: history or historical social science is the defining scholarly focus; likely historian-dominated for this working screen.,editorial_title_and_catalogue_subject_screen,,provisional_venue_screen_not_contributor_census
538,journal_f4a77d7b1ed17c3d,Letonica,excluded,False,mixed,"[""general_area_studies""]","[""Anthropology and ethnography""]",37,37,Historical scholarship overlaps another disciplinary community; a historian or historical-social-scientist majority is not established. Applied user exclusion: general_area_studies.,editorial_title_and_catalogue_subject_screen,,provisional_venue_screen_not_contributor_census
539,journal_731a611a5e11ed74,Levant,excluded,False,other_primary_community,"[""archaeology""]","[""Middle East""]",146,223,Editorial estimate: another disciplinary community is primary; omit from the historian-focused working selection. Applied user exclusion: archaeology.,editorial_title_and_catalogue_subject_screen,,provisional_venue_screen_not_contributor_census
540,journal_03083059e70c3d9a,Lias,likely_core,True,likely_core,[],"[""Philosophy""]",0,0,Editorial estimate: history or historical social science is the defining scholarly focus; likely historian-dominated for this working screen.,editorial_title_and_catalogue_subject_screen,,provisional_venue_screen_not_contributor_census
541,journal_2e4da8f4386d4dba,Libyan Studies,excluded,False,mixed,"[""archaeology"", ""general_area_studies""]",[],23,41,"Historical scholarship overlaps another disciplinary community; a historian or historical-social-scientist majority is not established. Applied user exclusion: archaeology, general_area_studies.",editorial_title_and_catalogue_subject_screen,,provisional_venue_screen_not_contributor_census
542,journal_cf4c20e3b761deda,Literature and History,mixed,False,mixed,[],"[""General history"", ""Humanities"", ""Literature""]",39,40,Historical scholarship overlaps another disciplinary community; a historian or historical-social-scientist majority is not established.,editorial_title_and_catalogue_subject_screen,,provisional_venue_screen_not_contributor_census
543,journal_7179bd45aeb8209a,Locus Amoenus,likely_core,True,likely_core,[],[],69,62,Editorial estimate: history or historical social science is the defining scholarly focus; likely historian-dominated for this working screen.,editorial_title_and_catalogue_subject_screen,,provisional_venue_screen_not_contributor_census
544,journal_150d0bd388355565,Lucentum,excluded,False,other_primary_community,"[""archaeology""]","[""Archaeology"", ""Iberia""]",408,515,Editorial estimate: another disciplinary community is primary; omit from the historian-focused working selection. Applied user exclusion: archaeology.,editorial_title_and_catalogue_subject_screen,,provisional_venue_screen_not_contributor_census
545,journal_14ee9581a8c361a7,Luso-Brazilian Review,excluded,False,mixed,"[""general_area_studies""]","[""Iberia"", ""Latin America and Caribbean""]",0,0,Historical scholarship overlaps another disciplinary community; a historian or historical-social-scientist majority is not established. Applied user exclusion: general_area_studies.,editorial_title_and_catalogue_subject_screen,,provisional_venue_screen_not_contributor_census
546,journal_edd6b16de01d01f2,"Magic, Ritual, and Witchcraft",mixed,False,mixed,[],"[""Religion""]",0,0,Historical religion overlaps anthropology and religious studies; contributor majority uncertain.,editorial_scope_assessment,,provisional_venue_screen_not_contributor_census
547,journal_8786da46168acc00,Management and Organizational History,likely_core,True,likely_core,[],[],67,90,Editorial estimate: history or historical social science is the defining scholarly focus; likely historian-dominated for this working screen.,editorial_title_and_catalogue_subject_screen,,provisional_venue_screen_not_contributor_census
548,journal_758785916713f130,Matatu,excluded,False,other_primary_community,"[""general_area_studies""]","[""Africa""]",76,89,Editorial estimate: another disciplinary community is primary; omit from the historian-focused working selection. Applied user exclusion: general_area_studies.,editorial_title_and_catalogue_subject_screen,,provisional_venue_screen_not_contributor_census
549,journal_88109e0093fdd947,Media History,likely_core,True,likely_core,[],"[""Media and books""]",109,119,Editorial estimate: history or historical social science is the defining scholarly focus; likely historian-dominated for this working screen.,editorial_title_and_catalogue_subject_screen,,provisional_venue_screen_not_contributor_census
550,journal_439b3c80580c4637,Mediaeval Studies,mixed,False,mixed,[],"[""Middle Ages""]",0,0,Historical scholarship overlaps another disciplinary community; a historian or historical-social-scientist majority is not established.,editorial_title_and_catalogue_subject_screen,,provisional_venue_screen_not_contributor_census
551,journal_ebe7717166683b58,Mediaevalia Historica Bohemica,likely_core,True,likely_core,[],"[""Eastern Europe and Balkans"", ""Middle Ages""]",34,31,Editorial estimate: history or historical social science is the defining scholarly focus; likely historian-dominated for this working screen.,editorial_title_and_catalogue_subject_screen,,provisional_venue_screen_not_contributor_census
552,journal_7c1762a74e99d9a6,Medical History,likely_core,True,likely_core,[],"[""Medicine and health""]",108,116,Editorial estimate: history or historical social science is the defining scholarly focus; likely historian-dominated for this working screen.,editorial_title_and_catalogue_subject_screen,,provisional_venue_screen_not_contributor_census
553,journal_80bebc4c1669b803,Medieval Archaeology,excluded,False,other_primary_community,"[""archaeology""]","[""Archaeology"", ""Britain"", ""Middle Ages""]",17,35,Editorial estimate: another disciplinary community is primary; omit from the historian-focused working selection. Applied user exclusion: archaeology.,editorial_title_and_catalogue_subject_screen,,provisional_venue_screen_not_contributor_census
554,journal_71accc8bf8209681,Medieval Encounters,likely_core,True,likely_core,[],"[""Islamic studies"", ""Jewish studies"", ""Middle Ages""]",84,86,Editorial estimate: history or historical social science is the defining scholarly focus; likely historian-dominated for this working screen.,editorial_title_and_catalogue_subject_screen,,provisional_venue_screen_not_contributor_census
555,journal_3e5ef0a278f422dd,Mediterranea - Ricerche Storiche,likely_core,True,likely_core,[],"[""Italy"", ""Mediterranean"", ""Middle Ages""]",0,0,Editorial estimate: history or historical social science is the defining scholarly focus; likely historian-dominated for this working screen.,editorial_title_and_catalogue_subject_screen,,provisional_venue_screen_not_contributor_census
556,journal_237c04bd38e91dd0,Mediterranean Historical Review,likely_core,True,likely_core,[],"[""Mediterranean""]",59,67,Editorial estimate: history or historical social science is the defining scholarly focus; likely historian-dominated for this working screen.,editorial_title_and_catalogue_subject_screen,,provisional_venue_screen_not_contributor_census
557,journal_9caf0673e1a3b685,Memoria e Ricerca,likely_core,True,likely_core,[],"[""General history"", ""Memory studies"", ""Modern and contemporary""]",0,0,Editorial estimate: history or historical social science is the defining scholarly focus; likely historian-dominated for this working screen.,editorial_title_and_catalogue_subject_screen,,provisional_venue_screen_not_contributor_census
558,journal_8540ac46959ae754,Memory Studies,mixed,False,mixed,[],"[""Memory studies""]",571,641,"Interdisciplinary memory research includes psychology, sociology, literature, anthropology and history; no historian majority established.",publisher_editorial_checked,https://journals.sagepub.com/toc/mssa/1/1,provisional_venue_screen_not_contributor_census
559,journal_0db9a2938358ec1f,Metascience,mixed,False,mixed,[],"[""Science and technology""]",19,18,Historical scholarship overlaps another disciplinary community; a historian or historical-social-scientist majority is not established.,editorial_title_and_catalogue_subject_screen,,provisional_venue_screen_not_contributor_census
560,journal_d12eeff4372890a4,Mexican Studies/Estudios Mexicanos,excluded,False,mixed,"[""general_area_studies""]","[""Iberoamerica"", ""Mexico""]",0,0,Historical scholarship overlaps another disciplinary community; a historian or historical-social-scientist majority is not established. Applied user exclusion: general_area_studies.,editorial_title_and_catalogue_subject_screen,,provisional_venue_screen_not_contributor_census
561,journal_bff810e388b95a3f,Michigan Historical Review,likely_core,True,likely_core,[],"[""United States""]",0,0,Editorial estimate: history or historical social science is the defining scholarly focus; likely historian-dominated for this working screen.,editorial_title_and_catalogue_subject_screen,,provisional_venue_screen_not_contributor_census
562,journal_49979ff565de49b8,Middle East Critique,excluded,False,other_primary_community,"[""politics_or_political_science""]","[""Middle East""]",202,218,Editorial estimate: another disciplinary community is primary; omit from the historian-focused working selection. Applied user exclusion: politics_or_political_science.,editorial_title_and_catalogue_subject_screen,,provisional_venue_screen_not_contributor_census
563,journal_1cbec499c3288335,Midland History,likely_core,True,likely_core,[],"[""Regional or local history""]",64,50,Editorial estimate: history or historical social science is the defining scholarly focus; likely historian-dominated for this working screen.,editorial_title_and_catalogue_subject_screen,,provisional_venue_screen_not_contributor_census
564,journal_d1e73b074516df50,Militärgeschichtliche Zeitschrift,likely_core,True,likely_core,[],"[""German-speaking Europe"", ""Military""]",0,0,Editorial estimate: history or historical social science is the defining scholarly focus; likely historian-dominated for this working screen.,editorial_title_and_catalogue_subject_screen,,provisional_venue_screen_not_contributor_census
565,journal_deea893c9dccfcc7,Ming Studies,likely_core,True,likely_core,[],"[""East Asia""]",27,18,Editorial estimate: history or historical social science is the defining scholarly focus; likely historian-dominated for this working screen.,editorial_title_and_catalogue_subject_screen,,provisional_venue_screen_not_contributor_census
566,journal_66d133bccca89ab7,Minnesota History,likely_core,True,likely_core,[],"[""United States""]",0,0,Editorial estimate: history or historical social science is the defining scholarly focus; likely historian-dominated for this working screen.,editorial_title_and_catalogue_subject_screen,,provisional_venue_screen_not_contributor_census
567,journal_88813dbe9dfe32ec,Mission Studies,mixed,False,mixed,[],[],138,129,Historical scholarship overlaps another disciplinary community; a historian or historical-social-scientist majority is not established.,editorial_title_and_catalogue_subject_screen,,provisional_venue_screen_not_contributor_census
568,journal_0e773d54a56d5141,Missouri Historical Review,likely_core,True,likely_core,[],"[""United States""]",0,0,Editorial estimate: history or historical social science is the defining scholarly focus; likely historian-dominated for this working screen.,editorial_title_and_catalogue_subject_screen,,provisional_venue_screen_not_contributor_census
569,journal_2e69736f71e79c0d,Modern & Contemporary France,excluded,False,mixed,"[""general_area_studies""]","[""France"", ""Modern and contemporary""]",159,108,Historical scholarship overlaps another disciplinary community; a historian or historical-social-scientist majority is not established. Applied user exclusion: general_area_studies.,editorial_title_and_catalogue_subject_screen,,provisional_venue_screen_not_contributor_census
570,journal_1f31b643beaca0dd,Modern American History,likely_core,True,likely_core,[],"[""United States""]",191,183,Editorial estimate: history or historical social science is the defining scholarly focus; likely historian-dominated for this working screen.,editorial_title_and_catalogue_subject_screen,,provisional_venue_screen_not_contributor_census
571,journal_25ba15ab35981ed0,Modern Asian Studies,excluded,False,mixed,"[""general_area_studies""]","[""Asia""]",372,365,Historical scholarship overlaps another disciplinary community; a historian or historical-social-scientist majority is not established. Applied user exclusion: general_area_studies.,editorial_title_and_catalogue_subject_screen,,provisional_venue_screen_not_contributor_census
572,journal_5629e5f533bfcf54,Modern China,excluded,False,mixed,"[""general_area_studies""]","[""East Asia""]",14,17,Historical scholarship overlaps another disciplinary community; a historian or historical-social-scientist majority is not established. Applied user exclusion: general_area_studies.,editorial_title_and_catalogue_subject_screen,,provisional_venue_screen_not_contributor_census
573,journal_d620de9e27dd4317,Modern Intellectual History,likely_core,True,likely_core,[],"[""Ideas and historiography""]",128,125,Editorial estimate: history or historical social science is the defining scholarly focus; likely historian-dominated for this working screen.,editorial_title_and_catalogue_subject_screen,,provisional_venue_screen_not_contributor_census
574,journal_a8921aeaaffb051b,Modern Italy,excluded,False,likely_core,"[""general_area_studies""]","[""Italy""]",169,140,"Exclude under general area-studies policy: publisher scope combines Italian history with politics and contemporary social, economic and cultural life. Applied user exclusion: general_area_studies.",publisher_scope_checked,https://www.cambridge.org/core/journals/modern-italy/information/about-this-journal,provisional_venue_screen_not_contributor_census
575,journal_d1f5623596cd47ba,Modernism/Modernity,excluded,False,other_primary_community,[],[],0,0,Editorial estimate: another disciplinary community is primary; omit from the historian-focused working selection.,editorial_title_and_catalogue_subject_screen,,provisional_venue_screen_not_contributor_census
576,journal_77dce64cf35cc436,Monumenta Nipponica,excluded,False,mixed,"[""general_area_studies""]","[""East Asia""]",0,0,Historical scholarship overlaps another disciplinary community; a historian or historical-social-scientist majority is not established. Applied user exclusion: general_area_studies.,editorial_title_and_catalogue_subject_screen,,provisional_venue_screen_not_contributor_census
577,journal_7387b767ad6cbb16,Monumenta Serica,excluded,False,mixed,"[""general_area_studies""]","[""East Asia"", ""Language and linguistics"", ""Literature"", ""Sinology and Chinese studies""]",32,25,Historical scholarship overlaps another disciplinary community; a historian or historical-social-scientist majority is not established. Applied user exclusion: general_area_studies.,editorial_title_and_catalogue_subject_screen,,provisional_venue_screen_not_contributor_census
578,journal_586efb7411d08bc4,Moreana,mixed,False,mixed,[],[],0,0,Historical scholarship overlaps another disciplinary community; a historian or historical-social-scientist majority is not established.,editorial_title_and_catalogue_subject_screen,,provisional_venue_screen_not_contributor_census
579,journal_ec3bc593890aed44,Mundo Agrario,likely_core,True,likely_core,[],"[""Latin America and Caribbean"", ""Rural and agricultural""]",126,228,Editorial estimate: history or historical social science is the defining scholarly focus; likely historian-dominated for this working screen.,editorial_title_and_catalogue_subject_screen,,provisional_venue_screen_not_contributor_census
580,journal_12fdca399e8d8d40,Museum History Journal,likely_core,True,likely_core,[],"[""Heritage and public history""]",62,74,Editorial estimate: history or historical social science is the defining scholarly focus; likely historian-dominated for this working screen.,editorial_title_and_catalogue_subject_screen,,provisional_venue_screen_not_contributor_census
581,journal_8a4b09f2f0b39a7c,National Identities,excluded,False,mixed,"[""politics_or_political_science""]","[""Politics and public policy""]",203,253,Historical scholarship overlaps another disciplinary community; a historian or historical-social-scientist majority is not established. Applied user exclusion: politics_or_political_science.,editorial_title_and_catalogue_subject_screen,,provisional_venue_screen_not_contributor_census
582,journal_8acff51a63f56fbb,Nationalities Papers,excluded,False,mixed,"[""politics_or_political_science""]","[""Anthropology and ethnography"", ""Diaspora and migration"", ""Ethnic and racial studies"", ""Politics and public policy""]",678,627,Historical scholarship overlaps another disciplinary community; a historian or historical-social-scientist majority is not established. Applied user exclusion: politics_or_political_science.,editorial_title_and_catalogue_subject_screen,,provisional_venue_screen_not_contributor_census
583,journal_50d38721b9dc530b,Nations and Nationalism,excluded,False,mixed,"[""politics_or_political_science""]","[""Politics and public policy""]",451,486,Historical scholarship overlaps another disciplinary community; a historian or historical-social-scientist majority is not established. Applied user exclusion: politics_or_political_science.,editorial_title_and_catalogue_subject_screen,,provisional_venue_screen_not_contributor_census
584,journal_4d2b6486db108d00,Near Eastern Archaeology,excluded,False,other_primary_community,"[""archaeology""]","[""Archaeology"", ""Middle East""]",0,0,Editorial estimate: another disciplinary community is primary; omit from the historian-focused working selection. Applied user exclusion: archaeology.,editorial_title_and_catalogue_subject_screen,,provisional_venue_screen_not_contributor_census
585,journal_cf610a9513553000,New Left Review,excluded,False,mixed,"[""politics_or_political_science""]","[""Social theory and cultural criticism"", ""Socialism and related political traditions""]",0,0,Historical scholarship overlaps another disciplinary community; a historian or historical-social-scientist majority is not established. Applied user exclusion: politics_or_political_science.,editorial_title_and_catalogue_subject_screen,,provisional_venue_screen_not_contributor_census
586,journal_aded3c6c3577b588,New Mexico Historical Review,likely_core,True,likely_core,[],"[""Indigenous studies"", ""United States""]",0,0,Editorial estimate: history or historical social science is the defining scholarly focus; likely historian-dominated for this working screen.,editorial_title_and_catalogue_subject_screen,,provisional_venue_screen_not_contributor_census
587,journal_c63c8868b0afed92,New Perspectives on Turkey,excluded,False,mixed,"[""general_area_studies""]","[""Middle East"", ""Turkey""]",178,188,Historical scholarship overlaps another disciplinary community; a historian or historical-social-scientist majority is not established. Applied user exclusion: general_area_studies.,editorial_title_and_catalogue_subject_screen,,provisional_venue_screen_not_contributor_census
588,journal_7b5c2ffb02e23f47,New Testament Studies,excluded,False,other_primary_community,[],"[""Religion""]",201,182,Editorial estimate: another disciplinary community is primary; omit from the historian-focused working selection.,editorial_title_and_catalogue_subject_screen,,provisional_venue_screen_not_contributor_census
589,journal_4a594fa2503f3313,New York History,likely_core,True,likely_core,[],"[""Regional or local history""]",0,0,Editorial estimate: history or historical social science is the defining scholarly focus; likely historian-dominated for this working screen.,editorial_title_and_catalogue_subject_screen,,provisional_venue_screen_not_contributor_census
590,journal_3c44c5c28f7b2c3b,New Zealand Journal of History,likely_core,True,likely_core,[],"[""Australasia and Oceania"", ""General history""]",0,0,Editorial estimate: history or historical social science is the defining scholarly focus; likely historian-dominated for this working screen.,editorial_title_and_catalogue_subject_screen,,provisional_venue_screen_not_contributor_census
591,journal_39aa81f94c95b3a4,Noctua,uncertain,False,uncertain,[],[],0,0,Insufficient scope evidence in this screen; do not infer a historian majority from catalogue membership.,editorial_scope_assessment,,provisional_venue_screen_not_contributor_census
592,journal_59279dbaabef521f,North Korean Review,excluded,False,other_primary_community,"[""general_area_studies""]","[""East Asia""]",0,0,Editorial estimate: another disciplinary community is primary; omit from the historian-focused working selection. Applied user exclusion: general_area_studies.,editorial_title_and_catalogue_subject_screen,,provisional_venue_screen_not_contributor_census
593,journal_4b4d307315e1f88d,Northeast African Studies,excluded,False,mixed,"[""general_area_studies""]","[""Africa"", ""African American studies""]",1,1,Historical scholarship overlaps another disciplinary community; a historian or historical-social-scientist majority is not established. Applied user exclusion: general_area_studies.,editorial_title_and_catalogue_subject_screen,,provisional_venue_screen_not_contributor_census
594,journal_96e925e588a01d43,Northern History,likely_core,True,likely_core,[],"[""Britain"", ""Regional or local history""]",58,52,Editorial estimate: history or historical social science is the defining scholarly focus; likely historian-dominated for this working screen.,editorial_title_and_catalogue_subject_screen,,provisional_venue_screen_not_contributor_census
595,journal_ed00abc0414f5a9f,Northern Scotland,likely_core,True,likely_core,[],"[""Britain""]",13,15,Editorial estimate: history or historical social science is the defining scholarly focus; likely historian-dominated for this working screen.,editorial_title_and_catalogue_subject_screen,,provisional_venue_screen_not_contributor_census
596,journal_8dec608379e28ab3,Nottingham French Studies,excluded,False,other_primary_community,[],"[""France"", ""Literature""]",78,71,Editorial estimate: another disciplinary community is primary; omit from the historian-focused working selection.,editorial_title_and_catalogue_subject_screen,,provisional_venue_screen_not_contributor_census
597,journal_3cfb792f324dc767,Novum Testamentum,excluded,False,other_primary_community,[],"[""Religion""]",128,114,Editorial estimate: another disciplinary community is primary; omit from the historian-focused working selection.,editorial_title_and_catalogue_subject_screen,,provisional_venue_screen_not_contributor_census
598,journal_883f0907e12de5d8,Nuova Rivista Storica,likely_core,True,likely_core,[],"[""General history""]",0,0,Editorial estimate: history or historical social science is the defining scholarly focus; likely historian-dominated for this working screen.,editorial_title_and_catalogue_subject_screen,,provisional_venue_screen_not_contributor_census
599,journal_939e97b9cdb02495,Oceania,excluded,False,other_primary_community,[],"[""Anthropology and ethnography"", ""Australasia and Oceania""]",13,13,Editorial estimate: another disciplinary community is primary; omit from the historian-focused working selection.,editorial_title_and_catalogue_subject_screen,,provisional_venue_screen_not_contributor_census
600,journal_91ac22513ea8f4aa,Ohio History,likely_core,True,likely_core,[],"[""United States""]",0,0,Editorial estimate: history or historical social science is the defining scholarly focus; likely historian-dominated for this working screen.,editorial_title_and_catalogue_subject_screen,,provisional_venue_screen_not_contributor_census
601,journal_93106eb391eaba63,Ons Geestelijk Erf,mixed,False,mixed,[],[],0,0,Historical scholarship overlaps another disciplinary community; a historian or historical-social-scientist majority is not established.,editorial_title_and_catalogue_subject_screen,,provisional_venue_screen_not_contributor_census
602,journal_faa29ea974140d4d,Open Review of Educational Research,excluded,False,other_primary_community,[],"[""Education""]",15,21,Editorial estimate: another disciplinary community is primary; omit from the historian-focused working selection.,editorial_title_and_catalogue_subject_screen,,provisional_venue_screen_not_contributor_census
603,journal_1d2f5edf681df07a,Oregon Historical Quarterly,likely_core,True,likely_core,[],"[""United States""]",0,0,Editorial estimate: history or historical social science is the defining scholarly focus; likely historian-dominated for this working screen.,editorial_title_and_catalogue_subject_screen,,provisional_venue_screen_not_contributor_census
604,journal_948cc26713e83336,Orientalia Christiana Periodica,mixed,False,mixed,[],"[""Religion""]",0,0,Historical scholarship overlaps another disciplinary community; a historian or historical-social-scientist majority is not established.,editorial_title_and_catalogue_subject_screen,,provisional_venue_screen_not_contributor_census
605,journal_0efa1029e2401054,Oriente Moderno,excluded,False,mixed,"[""general_area_studies""]","[""Cultural studies"", ""Islamic studies"", ""Literature"", ""Middle East"", ""Modern and contemporary"", ""Politics and public policy"", ""Social""]",81,67,Historical scholarship overlaps another disciplinary community; a historian or historical-social-scientist majority is not established. Applied user exclusion: general_area_studies.,editorial_title_and_catalogue_subject_screen,,provisional_venue_screen_not_contributor_census
606,journal_d14b6c9eeebdd0d6,Osiris,likely_core,True,likely_core,[],"[""Science and technology"", ""science""]",0,0,Editorial estimate: history or historical social science is the defining scholarly focus; likely historian-dominated for this working screen.,editorial_title_and_catalogue_subject_screen,,provisional_venue_screen_not_contributor_census
607,journal_fa9bf2f89281677e,Oxford Art Journal,likely_core,True,likely_core,[],"[""Art""]",61,57,Editorial estimate: history or historical social science is the defining scholarly focus; likely historian-dominated for this working screen.,editorial_title_and_catalogue_subject_screen,,provisional_venue_screen_not_contributor_census
608,journal_3d98833a0d8281f8,Pacific Historical Review,likely_core,True,likely_core,[],"[""United States""]",0,0,Editorial estimate: history or historical social science is the defining scholarly focus; likely historian-dominated for this working screen.,editorial_title_and_catalogue_subject_screen,,provisional_venue_screen_not_contributor_census
609,journal_0f2e6daed59d611b,Paedagogica Historica,likely_core,True,likely_core,[],"[""Education""]",362,416,Editorial estimate: history or historical social science is the defining scholarly focus; likely historian-dominated for this working screen.,editorial_title_and_catalogue_subject_screen,,provisional_venue_screen_not_contributor_census
610,journal_b95d3d520007b039,Palaeobulgarica,mixed,False,mixed,[],[],123,92,Historical scholarship overlaps another disciplinary community; a historian or historical-social-scientist majority is not established.,editorial_title_and_catalogue_subject_screen,,provisional_venue_screen_not_contributor_census
611,journal_4bb6357e2fdce70a,Palestine Exploration Quarterly,excluded,False,other_primary_community,"[""archaeology""]","[""Archaeology"", ""Middle East""]",114,132,Editorial estimate: another disciplinary community is primary; omit from the historian-focused working selection. Applied user exclusion: archaeology.,editorial_title_and_catalogue_subject_screen,,provisional_venue_screen_not_contributor_census
612,journal_152a0be173912ba1,Papers of the British School at Rome,excluded,False,mixed,"[""archaeology""]","[""Archaeology""]",1,1,Historical scholarship overlaps another disciplinary community; a historian or historical-social-scientist majority is not established. Applied user exclusion: archaeology.,editorial_title_and_catalogue_subject_screen,,provisional_venue_screen_not_contributor_census
613,journal_9dd1c72130a9fcdb,Parergon,mixed,False,mixed,[],"[""Middle Ages""]",0,0,Historical scholarship overlaps another disciplinary community; a historian or historical-social-scientist majority is not established.,editorial_title_and_catalogue_subject_screen,,provisional_venue_screen_not_contributor_census
614,journal_30f867b31cdf447a,Parliamentary History,likely_core,True,likely_core,[],"[""Politics and public policy""]",65,59,Editorial estimate: history or historical social science is the defining scholarly focus; likely historian-dominated for this working screen.,editorial_title_and_catalogue_subject_screen,,provisional_venue_screen_not_contributor_census
615,journal_fde910319ee8dd75,Parliaments Estates and Representation,likely_core,True,likely_core,[],"[""Politics and public policy""]",159,133,Editorial estimate: history or historical social science is the defining scholarly focus; likely historian-dominated for this working screen.,editorial_title_and_catalogue_subject_screen,,provisional_venue_screen_not_contributor_census
616,journal_b2aca6e2c5b0a211,Past & Present,likely_core,True,likely_core,[],"[""Britain"", ""General history""]",125,129,Editorial estimate: history or historical social science is the defining scholarly focus; likely historian-dominated for this working screen.,editorial_title_and_catalogue_subject_screen,,provisional_venue_screen_not_contributor_census
617,journal_da925052c0bcba47,Patterns of Prejudice,mixed,False,mixed,[],[],110,119,Historical scholarship overlaps another disciplinary community; a historian or historical-social-scientist majority is not established.,editorial_title_and_catalogue_subject_screen,,provisional_venue_screen_not_contributor_census
618,journal_5a828d39d05d6fb8,Pennsylvania History,likely_core,True,likely_core,[],"[""Regional or local history""]",30,23,Editorial estimate: history or historical social science is the defining scholarly focus; likely historian-dominated for this working screen.,editorial_title_and_catalogue_subject_screen,,provisional_venue_screen_not_contributor_census
619,journal_1afb8b667f1ae5c3,Peritia,likely_core,True,likely_core,[],"[""Ireland"", ""Middle Ages""]",0,0,Editorial estimate: history or historical social science is the defining scholarly focus; likely historian-dominated for this working screen.,editorial_title_and_catalogue_subject_screen,,provisional_venue_screen_not_contributor_census
620,journal_9799d03df89e4147,Petits Propos Culinaires,mixed,False,mixed,[],"[""Food history""]",0,0,Historical scholarship overlaps another disciplinary community; a historian or historical-social-scientist majority is not established.,editorial_title_and_catalogue_subject_screen,,provisional_venue_screen_not_contributor_census
621,journal_a13036715c908b55,Philippine Studies: Historical and Ethnographic Viewpoints,likely_core,True,likely_core,[],"[""Anthropology and ethnography"", ""Southeast Asia""]",0,0,Editorial estimate: history or historical social science is the defining scholarly focus; likely historian-dominated for this working screen.,editorial_title_and_catalogue_subject_screen,,provisional_venue_screen_not_contributor_census
622,journal_b5fbd9ff813d8792,Philological Quarterly,excluded,False,other_primary_community,[],"[""Language and linguistics""]",0,0,Editorial estimate: another disciplinary community is primary; omit from the historian-focused working selection.,editorial_title_and_catalogue_subject_screen,,provisional_venue_screen_not_contributor_census
623,journal_0ea6eb85492b044e,Philologus,excluded,False,other_primary_community,[],"[""Classical studies"", ""Language and linguistics""]",16,16,Editorial estimate: another disciplinary community is primary; omit from the historian-focused working selection.,editorial_title_and_catalogue_subject_screen,,provisional_venue_screen_not_contributor_census
624,journal_d9ad4351da48ddc7,Physics in Perspective,mixed,False,mixed,[],"[""Science and technology""]",4,6,History of physics includes physicists as well as historians; contributor majority uncertain.,editorial_scope_assessment,,provisional_venue_screen_not_contributor_census
625,journal_a43b2d9e9ee6d8b0,Planning Perspectives,likely_core,True,likely_core,[],"[""Urban""]",381,427,Editorial estimate: history or historical social science is the defining scholarly focus; likely historian-dominated for this working screen.,editorial_title_and_catalogue_subject_screen,,provisional_venue_screen_not_contributor_census
626,journal_ffe6ec8afaa57a68,Political Geography,excluded,False,other_primary_community,"[""politics_or_political_science""]","[""Politics and public policy""]",890,1115,Editorial estimate: another disciplinary community is primary; omit from the historian-focused working selection. Applied user exclusion: politics_or_political_science.,editorial_title_and_catalogue_subject_screen,,provisional_venue_screen_not_contributor_census
627,journal_f7c6373292ea9e23,Political Theory,excluded,False,other_primary_community,"[""politics_or_political_science""]","[""Politics and public policy""]",214,207,Editorial estimate: another disciplinary community is primary; omit from the historian-focused working selection. Applied user exclusion: politics_or_political_science.,editorial_title_and_catalogue_subject_screen,,provisional_venue_screen_not_contributor_census
628,journal_57faad005d329f58,"Politics, Religion & Ideology",excluded,False,mixed,"[""politics_or_political_science""]","[""Eastern Europe and Balkans"", ""Politics and public policy"", ""Religion""]",137,144,Historical scholarship overlaps another disciplinary community; a historian or historical-social-scientist majority is not established. Applied user exclusion: politics_or_political_science.,editorial_title_and_catalogue_subject_screen,,provisional_venue_screen_not_contributor_census
629,journal_2792bbb391111da3,Popolazione e Storia,likely_core,True,likely_core,[],"[""Demography and family"", ""Italy""]",0,0,Editorial estimate: history or historical social science is the defining scholarly focus; likely historian-dominated for this working screen.,editorial_title_and_catalogue_subject_screen,,provisional_venue_screen_not_contributor_census
630,journal_c48da356b6af1712,Portuguese Studies,excluded,False,mixed,"[""general_area_studies""]","[""Iberia"", ""Latin America and Caribbean""]",0,0,Historical scholarship overlaps another disciplinary community; a historian or historical-social-scientist majority is not established. Applied user exclusion: general_area_studies.,editorial_title_and_catalogue_subject_screen,,provisional_venue_screen_not_contributor_census
631,journal_76f49a9d91b53472,Post-Medieval Archaeology,excluded,False,mixed,"[""archaeology""]","[""Archaeology"", ""Britain"", ""Middle Ages""]",53,60,Historical scholarship overlaps another disciplinary community; a historian or historical-social-scientist majority is not established. Applied user exclusion: archaeology.,editorial_title_and_catalogue_subject_screen,,provisional_venue_screen_not_contributor_census
632,journal_a65e7898dc58a851,Postcolonial Studies,mixed,False,mixed,[],"[""Colonialism and empire""]",135,150,Historical scholarship overlaps another disciplinary community; a historian or historical-social-scientist majority is not established.,editorial_title_and_catalogue_subject_screen,,provisional_venue_screen_not_contributor_census
633,journal_c581690fb5cc4430,Povijesni Prilozi,likely_core,True,likely_core,[],[],119,99,Editorial estimate: history or historical social science is the defining scholarly focus; likely historian-dominated for this working screen.,editorial_title_and_catalogue_subject_screen,,provisional_venue_screen_not_contributor_census
634,journal_1682ba7d199de65b,Presidential Studies Quarterly,excluded,False,mixed,"[""politics_or_political_science""]","[""Politics and public policy""]",122,117,Historical scholarship overlaps another disciplinary community; a historian or historical-social-scientist majority is not established. Applied user exclusion: politics_or_political_science.,editorial_title_and_catalogue_subject_screen,,provisional_venue_screen_not_contributor_census
635,journal_99bd1c5b0a0c9c98,Public Opinion Quarterly,excluded,False,other_primary_community,"[""politics_or_political_science""]","[""Politics and public policy""]",295,499,Editorial estimate: another disciplinary community is primary; omit from the historian-focused working selection. Applied user exclusion: politics_or_political_science.,editorial_title_and_catalogue_subject_screen,,provisional_venue_screen_not_contributor_census
636,journal_140e8ca13be863d3,Publishing History,likely_core,True,likely_core,[],"[""Media and books""]",0,0,Editorial estimate: history or historical social science is the defining scholarly focus; likely historian-dominated for this working screen.,editorial_title_and_catalogue_subject_screen,,provisional_venue_screen_not_contributor_census
637,journal_2b79fc6e996ac620,Punk and Post-Punk,excluded,False,other_primary_community,[],[],329,161,Editorial estimate: another disciplinary community is primary; omit from the historian-focused working selection.,editorial_title_and_catalogue_subject_screen,,provisional_venue_screen_not_contributor_census
638,journal_cfc410ef907bdbd7,Quaderni Storici,likely_core,True,likely_core,[],[],0,0,Editorial estimate: history or historical social science is the defining scholarly focus; likely historian-dominated for this working screen.,editorial_title_and_catalogue_subject_screen,,provisional_venue_screen_not_contributor_census
639,journal_ab2613b233799692,Quaerendo,likely_core,True,likely_core,[],"[""Manuscript studies"", ""Media and books""]",52,53,Editorial estimate: history or historical social science is the defining scholarly focus; likely historian-dominated for this working screen.,editorial_title_and_catalogue_subject_screen,,provisional_venue_screen_not_contributor_census
640,journal_68a91263afc40b49,Quaestio Rossica,excluded,False,likely_core,"[""general_area_studies""]","[""Russia and Eurasia""]",715,629,Conservative general regional-humanities exclusion: Russian history overlaps literature and philology; dedicated historian majority not established. Applied user exclusion: general_area_studies.,editorial_scope_assessment,,provisional_venue_screen_not_contributor_census
641,journal_bb1199f7efcb2f58,Queensland Review,excluded,False,mixed,"[""general_area_studies""]","[""Australasia and Oceania""]",5,5,Historical scholarship overlaps another disciplinary community; a historian or historical-social-scientist majority is not established. Applied user exclusion: general_area_studies.,editorial_title_and_catalogue_subject_screen,,provisional_venue_screen_not_contributor_census
642,journal_472e21a0b18f882a,Quinto Sol,likely_core,True,likely_core,[],"[""Business, labor and economics"", ""Social"", ""Social sciences""]",21,24,Editorial estimate: history or historical social science is the defining scholarly focus; likely historian-dominated for this working screen.,editorial_title_and_catalogue_subject_screen,,provisional_venue_screen_not_contributor_census
643,journal_4630cadaf7561ba5,Radical History Review,likely_core,True,likely_core,[],"[""General history"", ""Modern and contemporary"", ""Socialism and related political traditions""]",0,0,Editorial estimate: history or historical social science is the defining scholarly focus; likely historian-dominated for this working screen.,editorial_title_and_catalogue_subject_screen,,provisional_venue_screen_not_contributor_census
644,journal_09fc2f1a6d52501a,Radovi Instituta za Povijest Umjetnosti,likely_core,True,likely_core,[],"[""Art""]",0,0,Editorial estimate: history or historical social science is the defining scholarly focus; likely historian-dominated for this working screen.,editorial_title_and_catalogue_subject_screen,,provisional_venue_screen_not_contributor_census
645,journal_0835598cd9000a22,Radovi Zavoda za Povijesne Znanosti Hazu u Zadru,likely_core,True,likely_core,[],[],0,0,Editorial estimate: history or historical social science is the defining scholarly focus; likely historian-dominated for this working screen.,editorial_title_and_catalogue_subject_screen,,provisional_venue_screen_not_contributor_census
646,journal_9094fd9292e9e102,Rassegna Storica del Risorgimento,likely_core,True,likely_core,[],"[""Italy""]",0,0,Editorial estimate: history or historical social science is the defining scholarly focus; likely historian-dominated for this working screen.,editorial_title_and_catalogue_subject_screen,,provisional_venue_screen_not_contributor_census
647,journal_757bfc4e2cd4a040,"Reception: Texts,  Readers, Audiences, History",excluded,False,other_primary_community,[],"[""Literature""]",21,21,Editorial estimate: another disciplinary community is primary; omit from the historian-focused working selection.,editorial_title_and_catalogue_subject_screen,,provisional_venue_screen_not_contributor_census
648,journal_bb801268105cb9a0,Records of the Australian Museum,excluded,False,other_primary_community,[],"[""Science and technology""]",167,271,Editorial estimate: another disciplinary community is primary; omit from the historian-focused working selection.,editorial_title_and_catalogue_subject_screen,,provisional_venue_screen_not_contributor_census
649,journal_d70bc8b4433eab4e,Reformation,likely_core,True,likely_core,[],"[""Britain"", ""Europe"", ""Religion""]",32,27,Editorial estimate: history or historical social science is the defining scholarly focus; likely historian-dominated for this working screen.,editorial_title_and_catalogue_subject_screen,,provisional_venue_screen_not_contributor_census
650,journal_218bc07409dec6b7,"Region: Regional Studies of Russia, Eastern Europe, and Central Asia",excluded,False,mixed,"[""general_area_studies""]","[""Central Asia"", ""Eastern Europe and Balkans"", ""Russia and Eurasia""]",0,0,Historical scholarship overlaps another disciplinary community; a historian or historical-social-scientist majority is not established. Applied user exclusion: general_area_studies.,editorial_title_and_catalogue_subject_screen,,provisional_venue_screen_not_contributor_census
651,journal_76dd73521ca11f56,Religion and the Arts,excluded,False,other_primary_community,[],"[""Religion""]",114,115,Editorial estimate: another disciplinary community is primary; omit from the historian-focused working selection.,editorial_title_and_catalogue_subject_screen,,provisional_venue_screen_not_contributor_census
652,journal_d9d1813044fa7b37,Renaissance and Reformation,mixed,False,mixed,[],"[""Early modern"", ""Religion""]",0,0,Historical scholarship overlaps another disciplinary community; a historian or historical-social-scientist majority is not established.,editorial_title_and_catalogue_subject_screen,,provisional_venue_screen_not_contributor_census
653,journal_ef1613e97ed2256c,Renaissance Quarterly,likely_core,True,likely_core,[],"[""Early modern""]",0,0,Editorial estimate: history or historical social science is the defining scholarly focus; likely historian-dominated for this working screen.,editorial_title_and_catalogue_subject_screen,,provisional_venue_screen_not_contributor_census
654,journal_2d4679f495d085cf,Representations,mixed,False,mixed,[],"[""General history"", ""Literature"", ""culture"", ""gender""]",0,0,Historical scholarship overlaps another disciplinary community; a historian or historical-social-scientist majority is not established.,editorial_title_and_catalogue_subject_screen,,provisional_venue_screen_not_contributor_census
655,journal_1e179fb66763df00,Rethinking History,likely_core,True,likely_core,[],"[""General history"", ""Ideas and historiography""]",178,197,Editorial estimate: history or historical social science is the defining scholarly focus; likely historian-dominated for this working screen.,editorial_title_and_catalogue_subject_screen,,provisional_venue_screen_not_contributor_census
656,journal_507b44cefba27a37,Review of Central and East European Law,excluded,False,other_primary_community,[],"[""Eastern Europe and Balkans"", ""Legal""]",14,12,Editorial estimate: another disciplinary community is primary; omit from the historian-focused working selection.,editorial_title_and_catalogue_subject_screen,,provisional_venue_screen_not_contributor_census
657,journal_5aac7e8b24bac0b8,Review of Middle East Studies,excluded,False,mixed,"[""general_area_studies""]","[""Middle East""]",49,48,Historical scholarship overlaps another disciplinary community; a historian or historical-social-scientist majority is not established. Applied user exclusion: general_area_studies.,editorial_title_and_catalogue_subject_screen,,provisional_venue_screen_not_contributor_census
658,journal_43b5e20e11120538,Review of Rabbinic Judaism,excluded,False,other_primary_community,[],"[""Jewish studies""]",31,24,Editorial estimate: another disciplinary community is primary; omit from the historian-focused working selection.,editorial_title_and_catalogue_subject_screen,,provisional_venue_screen_not_contributor_census
659,journal_5b3d779e522e957e,Reviews in American History,likely_core,True,likely_core,[],"[""United States""]",0,0,Editorial estimate: history or historical social science is the defining scholarly focus; likely historian-dominated for this working screen.,editorial_title_and_catalogue_subject_screen,,provisional_venue_screen_not_contributor_census
660,journal_3d80b9997859ebd7,Revista Chilena de Historia del Derecho,likely_core,True,likely_core,[],"[""Legal""]",0,0,Editorial estimate: history or historical social science is the defining scholarly focus; likely historian-dominated for this working screen.,editorial_title_and_catalogue_subject_screen,,provisional_venue_screen_not_contributor_census
661,journal_54275c61f233de7b,Revista Complutense de Historia de América,likely_core,True,likely_core,[],"[""Americas"", ""Iberoamerica""]",152,138,Editorial estimate: history or historical social science is the defining scholarly focus; likely historian-dominated for this working screen.,editorial_title_and_catalogue_subject_screen,,provisional_venue_screen_not_contributor_census
662,journal_b48b84834e5ca37d,Revista de Estudios Colombianos,excluded,False,mixed,"[""general_area_studies""]","[""Colombia"", ""Latin America and Caribbean""]",35,34,Historical scholarship overlaps another disciplinary community; a historian or historical-social-scientist majority is not established. Applied user exclusion: general_area_studies.,editorial_title_and_catalogue_subject_screen,,provisional_venue_screen_not_contributor_census
663,journal_965407575171492b,Revista de Estudios Sociales,mixed,False,mixed,[],"[""Colombia"", ""Social sciences""]",89,206,Historical scholarship overlaps another disciplinary community; a historian or historical-social-scientist majority is not established.,editorial_title_and_catalogue_subject_screen,,provisional_venue_screen_not_contributor_census
664,journal_152934bf5a838f6b,Revista de Historia Americana y Argentina,likely_core,True,likely_core,[],"[""Americas"", ""Iberoamerica"", ""Latin America and Caribbean""]",53,58,Editorial estimate: history or historical social science is the defining scholarly focus; likely historian-dominated for this working screen.,editorial_title_and_catalogue_subject_screen,,provisional_venue_screen_not_contributor_census
665,journal_8427ca6e04ef4a41,Revista de Historia Moderna,likely_core,True,likely_core,[],"[""Iberia"", ""Modern history since 1453""]",243,141,Editorial estimate: history or historical social science is the defining scholarly focus; likely historian-dominated for this working screen.,editorial_title_and_catalogue_subject_screen,,provisional_venue_screen_not_contributor_census
666,journal_8dd065a0e32535b3,Revista de Indias,likely_core,True,likely_core,[],"[""Latin America and Caribbean""]",291,310,Editorial estimate: history or historical social science is the defining scholarly focus; likely historian-dominated for this working screen.,editorial_title_and_catalogue_subject_screen,,provisional_venue_screen_not_contributor_census
667,journal_ca7bc52f8fd88506,Revista de Occidente,excluded,False,other_primary_community,[],"[""Iberia"", ""Literature""]",0,0,Editorial estimate: another disciplinary community is primary; omit from the historian-focused working selection.,editorial_title_and_catalogue_subject_screen,,provisional_venue_screen_not_contributor_census
668,journal_f40eafadb04073aa,Revolutionary Russia,likely_core,True,likely_core,[],"[""Eastern Europe and Balkans"", ""Russia and Eurasia""]",45,35,Editorial estimate: history or historical social science is the defining scholarly focus; likely historian-dominated for this working screen.,editorial_title_and_catalogue_subject_screen,,provisional_venue_screen_not_contributor_census
669,journal_62d8c198461e342d,Revue Biblique,mixed,False,mixed,[],[],0,0,Historical scholarship overlaps another disciplinary community; a historian or historical-social-scientist majority is not established.,editorial_title_and_catalogue_subject_screen,,provisional_venue_screen_not_contributor_census
670,journal_c9168e421ddebe7a,Revue de l’Histoire des Religions,likely_core,True,likely_core,[],"[""Religion""]",241,134,Editorial estimate: history or historical social science is the defining scholarly focus; likely historian-dominated for this working screen.,editorial_title_and_catalogue_subject_screen,,provisional_venue_screen_not_contributor_census
671,journal_824e0c40e74b1fc3,Revue du Nord,likely_core,True,likely_core,[],"[""France"", ""Low Countries""]",0,0,Editorial estimate: history or historical social science is the defining scholarly focus; likely historian-dominated for this working screen.,editorial_title_and_catalogue_subject_screen,,provisional_venue_screen_not_contributor_census
672,journal_714fc18dceabbefd,Revue historique,likely_core,True,likely_core,[],"[""General history""]",0,0,Editorial estimate: history or historical social science is the defining scholarly focus; likely historian-dominated for this working screen.,editorial_title_and_catalogue_subject_screen,,provisional_venue_screen_not_contributor_census
673,journal_e3a5dc606eabf6f5,Rhetorica,mixed,False,mixed,[],"[""Rhetoric""]",0,0,Historical scholarship overlaps another disciplinary community; a historian or historical-social-scientist majority is not established.,editorial_title_and_catalogue_subject_screen,,provisional_venue_screen_not_contributor_census
674,journal_5cd1b2ee989ccd97,Rhodesiana,likely_core,True,likely_core,[],"[""Africa""]",0,0,Editorial estimate: history or historical social science is the defining scholarly focus; likely historian-dominated for this working screen.,editorial_title_and_catalogue_subject_screen,,provisional_venue_screen_not_contributor_census
675,journal_a16d00a256e95952,Ricerche di Storia Politica,likely_core,True,likely_core,[],"[""General history"", ""Ideas and historiography"", ""Politics and public policy""]",0,0,Editorial estimate: history or historical social science is the defining scholarly focus; likely historian-dominated for this working screen.,editorial_title_and_catalogue_subject_screen,,provisional_venue_screen_not_contributor_census
676,journal_0a5c0399d174c74e,Rinascimento,mixed,False,mixed,[],"[""Early modern""]",0,0,Historical scholarship overlaps another disciplinary community; a historian or historical-social-scientist majority is not established.,editorial_title_and_catalogue_subject_screen,,provisional_venue_screen_not_contributor_census
677,journal_97bcca0093474cc2,Rivista degli Studi Orientali,excluded,False,mixed,"[""general_area_studies""]","[""Asia""]",0,0,Historical scholarship overlaps another disciplinary community; a historian or historical-social-scientist majority is not established. Applied user exclusion: general_area_studies.,editorial_title_and_catalogue_subject_screen,,provisional_venue_screen_not_contributor_census
678,journal_0010810cce9bcdbd,Rivista di Cultura Classica e Medioevale,mixed,False,mixed,[],"[""Classical"", ""Classical studies"", ""Middle Ages""]",0,0,Historical scholarship overlaps another disciplinary community; a historian or historical-social-scientist majority is not established.,editorial_title_and_catalogue_subject_screen,,provisional_venue_screen_not_contributor_census
679,journal_ea11078798998c2d,Rivista di storia della chiesa in Italia,likely_core,True,likely_core,[],"[""Italy""]",0,0,Editorial estimate: history or historical social science is the defining scholarly focus; likely historian-dominated for this working screen.,editorial_title_and_catalogue_subject_screen,,provisional_venue_screen_not_contributor_census
680,journal_4b140f301cf21063,Rivista Storica Italiana,likely_core,True,likely_core,[],"[""General history"", ""Italy""]",0,0,Editorial estimate: history or historical social science is the defining scholarly focus; likely historian-dominated for this working screen.,editorial_title_and_catalogue_subject_screen,,provisional_venue_screen_not_contributor_census
681,journal_2a1ced4337a4dfc5,Rocznik Teologiczny,excluded,False,other_primary_community,[],"[""Poland"", ""Religion""]",118,92,Editorial estimate: another disciplinary community is primary; omit from the historian-focused working selection.,editorial_title_and_catalogue_subject_screen,,provisional_venue_screen_not_contributor_census
682,journal_ac6eff79190d5918,Romantisme,excluded,False,other_primary_community,[],"[""Literature""]",0,0,Editorial estimate: another disciplinary community is primary; omit from the historian-focused working selection.,editorial_title_and_catalogue_subject_screen,,provisional_venue_screen_not_contributor_census
683,journal_2945cb5c5cc8af94,Rural History,likely_core,True,likely_core,[],"[""Rural and agricultural""]",71,88,Editorial estimate: history or historical social science is the defining scholarly focus; likely historian-dominated for this working screen.,editorial_title_and_catalogue_subject_screen,,provisional_venue_screen_not_contributor_census
684,journal_0a73c3dacf0060e1,Rusin,excluded,False,mixed,"[""general_area_studies""]",[],0,0,Historical scholarship overlaps another disciplinary community; a historian or historical-social-scientist majority is not established. Applied user exclusion: general_area_studies.,editorial_title_and_catalogue_subject_screen,,provisional_venue_screen_not_contributor_census
685,journal_5151e0dbe69f8f82,Russia in Global Affairs,excluded,False,other_primary_community,"[""politics_or_political_science""]","[""Russia and Eurasia""]",295,214,Editorial estimate: another disciplinary community is primary; omit from the historian-focused working selection. Applied user exclusion: politics_or_political_science.,editorial_title_and_catalogue_subject_screen,,provisional_venue_screen_not_contributor_census
686,journal_d046d761f06295b8,Russian History,likely_core,True,likely_core,[],"[""Eastern Europe and Balkans"", ""Russia and Eurasia""]",44,44,Editorial estimate: history or historical social science is the defining scholarly focus; likely historian-dominated for this working screen.,editorial_title_and_catalogue_subject_screen,,provisional_venue_screen_not_contributor_census
687,journal_d6f44d386655390b,Russian Politics,excluded,False,other_primary_community,"[""politics_or_political_science""]","[""Politics and public policy"", ""Russia and Eurasia""]",120,147,Editorial estimate: another disciplinary community is primary; omit from the historian-focused working selection. Applied user exclusion: politics_or_political_science.,editorial_title_and_catalogue_subject_screen,,provisional_venue_screen_not_contributor_census
688,journal_6c1110e1ca9a1ad1,Saeculum,likely_core,True,likely_core,[],[],0,0,Editorial estimate: history or historical social science is the defining scholarly focus; likely historian-dominated for this working screen.,editorial_title_and_catalogue_subject_screen,,provisional_venue_screen_not_contributor_census
689,journal_65191fb12f409407,Safundi,excluded,False,mixed,"[""general_area_studies""]","[""Africa"", ""United States""]",172,150,Historical scholarship overlaps another disciplinary community; a historian or historical-social-scientist majority is not established. Applied user exclusion: general_area_studies.,editorial_title_and_catalogue_subject_screen,,provisional_venue_screen_not_contributor_census
690,journal_ecf5132e394ec7b0,Saskatchewan History,likely_core,True,likely_core,[],"[""Canada""]",0,0,Editorial estimate: history or historical social science is the defining scholarly focus; likely historian-dominated for this working screen.,editorial_title_and_catalogue_subject_screen,,provisional_venue_screen_not_contributor_census
691,journal_a8aa6b4722fceb2e,Scandinavian Economic History Review,likely_core,True,likely_core,[],"[""Business, labor and economics"", ""Nordic Europe""]",99,106,Editorial estimate: history or historical social science is the defining scholarly focus; likely historian-dominated for this working screen.,editorial_title_and_catalogue_subject_screen,,provisional_venue_screen_not_contributor_census
692,journal_607f3bb0a5c3ec5c,Scandinavian Journal of History,likely_core,True,likely_core,[],"[""Nordic Europe""]",135,151,Editorial estimate: history or historical social science is the defining scholarly focus; likely historian-dominated for this working screen.,editorial_title_and_catalogue_subject_screen,,provisional_venue_screen_not_contributor_census
693,journal_a28d316e4a0455fe,Scando-Slavica,excluded,False,other_primary_community,"[""general_area_studies""]","[""Eastern Europe and Balkans"", ""Slavic studies""]",147,166,Editorial estimate: another disciplinary community is primary; omit from the historian-focused working selection. Applied user exclusion: general_area_studies.,editorial_title_and_catalogue_subject_screen,,provisional_venue_screen_not_contributor_census
694,journal_35637984666ee48e,Scrinium,mixed,False,mixed,[],"[""Religion""]",104,91,Historical scholarship overlaps another disciplinary community; a historian or historical-social-scientist majority is not established.,editorial_title_and_catalogue_subject_screen,,provisional_venue_screen_not_contributor_census
695,journal_51baace9d6f53bb9,Scripta Judaica Cracoviensia,mixed,False,mixed,[],"[""Jewish studies""]",29,29,Historical scholarship overlaps another disciplinary community; a historian or historical-social-scientist majority is not established.,editorial_title_and_catalogue_subject_screen,,provisional_venue_screen_not_contributor_census
696,journal_6f0b2f5c3de128d4,Sefarad,mixed,False,mixed,[],"[""Jewish studies"", ""Middle East""]",138,124,Historical scholarship overlaps another disciplinary community; a historian or historical-social-scientist majority is not established.,editorial_title_and_catalogue_subject_screen,,provisional_venue_screen_not_contributor_census
697,journal_ed215a303320fe72,Settler Colonial Studies,mixed,False,mixed,[],"[""Colonialism and empire""]",131,139,Settler colonial research spans history and contemporary political and social research; hold outside core.,editorial_scope_assessment,,provisional_venue_screen_not_contributor_census
698,journal_b694e17ada080869,Shofar,mixed,False,mixed,[],"[""Jewish studies""]",0,0,Historical scholarship overlaps another disciplinary community; a historian or historical-social-scientist majority is not established.,editorial_title_and_catalogue_subject_screen,,provisional_venue_screen_not_contributor_census
699,journal_8764d21a3f246bf9,Signs: Journal of Women in Culture and Society,mixed,False,mixed,[],"[""Women and gender studies""]",0,0,Historical scholarship overlaps another disciplinary community; a historian or historical-social-scientist majority is not established.,editorial_title_and_catalogue_subject_screen,,provisional_venue_screen_not_contributor_census
700,journal_f1858a37c3515a13,Sixteenth Century Journal,likely_core,True,likely_core,[],"[""Early modern"", ""Modern and contemporary""]",0,0,Editorial estimate: history or historical social science is the defining scholarly focus; likely historian-dominated for this working screen.,editorial_title_and_catalogue_subject_screen,,provisional_venue_screen_not_contributor_census
701,journal_82377ada849877fd,Slavery & Abolition,likely_core,True,likely_core,[],"[""Ethnic and racial studies""]",142,141,Editorial estimate: history or historical social science is the defining scholarly focus; likely historian-dominated for this working screen.,editorial_title_and_catalogue_subject_screen,,provisional_venue_screen_not_contributor_census
702,journal_a6facb84ebb73c4a,Slavia Meridionalis,excluded,False,other_primary_community,"[""general_area_studies""]","[""Eastern Europe and Balkans""]",0,0,Editorial estimate: another disciplinary community is primary; omit from the historian-focused working selection. Applied user exclusion: general_area_studies.,editorial_title_and_catalogue_subject_screen,,provisional_venue_screen_not_contributor_census
703,journal_ee1006221353a8e8,Slavic Review,excluded,False,mixed,"[""general_area_studies""]","[""Eastern Europe and Balkans"", ""Europe"", ""Russia and Eurasia"", ""Slavic studies""]",140,126,Historical scholarship overlaps another disciplinary community; a historian or historical-social-scientist majority is not established. Applied user exclusion: general_area_studies.,editorial_title_and_catalogue_subject_screen,,provisional_venue_screen_not_contributor_census
704,journal_3dbea424d72cf6ef,Slavica Slovaca,excluded,False,other_primary_community,"[""general_area_studies""]","[""Eastern Europe and Balkans"", ""Slavic studies""]",74,61,Editorial estimate: another disciplinary community is primary; omit from the historian-focused working selection. Applied user exclusion: general_area_studies.,editorial_title_and_catalogue_subject_screen,,provisional_venue_screen_not_contributor_census
705,journal_61716367f76ea56e,Slavonica,excluded,False,mixed,"[""general_area_studies""]","[""Eastern Europe and Balkans"", ""Slavic studies""]",39,39,Historical scholarship overlaps another disciplinary community; a historian or historical-social-scientist majority is not established. Applied user exclusion: general_area_studies.,editorial_title_and_catalogue_subject_screen,,provisional_venue_screen_not_contributor_census
706,journal_48084857eb5bdc78,Social Evolution and History,likely_core,True,likely_core,[],"[""Social""]",0,0,Editorial estimate: history or historical social science is the defining scholarly focus; likely historian-dominated for this working screen.,editorial_title_and_catalogue_subject_screen,,provisional_venue_screen_not_contributor_census
707,journal_2b11cba378549b6e,Social Forces,excluded,False,other_primary_community,[],"[""Social""]",327,392,Editorial estimate: another disciplinary community is primary; omit from the historian-focused working selection.,editorial_title_and_catalogue_subject_screen,,provisional_venue_screen_not_contributor_census
708,journal_6d9388bf4f2e1a99,Social History of Medicine,likely_core,True,likely_core,[],"[""Medicine and health"", ""Social""]",261,251,Editorial estimate: history or historical social science is the defining scholarly focus; likely historian-dominated for this working screen.,editorial_title_and_catalogue_subject_screen,,provisional_venue_screen_not_contributor_census
709,journal_03730bc252490e14,Social Science History,likely_core,True,likely_core,[],"[""Ideas and historiography"", ""Social"", ""Social sciences""]",245,315,Editorial estimate: history or historical social science is the defining scholarly focus; likely historian-dominated for this working screen.,editorial_title_and_catalogue_subject_screen,,provisional_venue_screen_not_contributor_census
710,journal_0be8b35dc038de73,Social Science Japan Journal,excluded,False,other_primary_community,"[""general_area_studies""]","[""East Asia"", ""Legal"", ""Social sciences""]",94,91,Editorial estimate: another disciplinary community is primary; omit from the historian-focused working selection. Applied user exclusion: general_area_studies.,editorial_title_and_catalogue_subject_screen,,provisional_venue_screen_not_contributor_census
711,journal_961817bc7a8baee4,Sociological Bulletin,excluded,False,other_primary_community,[],"[""Social"", ""Sociology""]",70,78,Editorial estimate: another disciplinary community is primary; omit from the historian-focused working selection.,editorial_title_and_catalogue_subject_screen,,provisional_venue_screen_not_contributor_census
712,journal_c97a546045c469c8,South African Historical Journal,likely_core,True,likely_core,[],"[""Africa"", ""General history""]",244,214,Editorial estimate: history or historical social science is the defining scholarly focus; likely historian-dominated for this working screen.,editorial_title_and_catalogue_subject_screen,,provisional_venue_screen_not_contributor_census
713,journal_c0d048742d49392f,South Asia: Journal of South Asian Studies,excluded,False,mixed,"[""general_area_studies""]","[""South Asia""]",278,288,Historical scholarship overlaps another disciplinary community; a historian or historical-social-scientist majority is not established. Applied user exclusion: general_area_studies.,editorial_title_and_catalogue_subject_screen,,provisional_venue_screen_not_contributor_census
714,journal_ae4282d42cb06387,Southeastern Europe,excluded,False,mixed,"[""general_area_studies""]","[""Eastern Europe and Balkans""]",6,8,Historical scholarship overlaps another disciplinary community; a historian or historical-social-scientist majority is not established. Applied user exclusion: general_area_studies.,editorial_title_and_catalogue_subject_screen,,provisional_venue_screen_not_contributor_census
715,journal_9003da6c1725c3e7,Southern Cultures,excluded,False,mixed,"[""general_area_studies""]","[""Cultural studies""]",0,0,Historical scholarship overlaps another disciplinary community; a historian or historical-social-scientist majority is not established. Applied user exclusion: general_area_studies.,editorial_title_and_catalogue_subject_screen,,provisional_venue_screen_not_contributor_census
716,journal_5e59fad08376c0cb,Southwestern Historical Quarterly,likely_core,True,likely_core,[],"[""United States""]",0,0,Editorial estimate: history or historical social science is the defining scholarly focus; likely historian-dominated for this working screen.,editorial_title_and_catalogue_subject_screen,,provisional_venue_screen_not_contributor_census
717,journal_3fcebf8d64238107,Soviet Studies,excluded,False,mixed,"[""general_area_studies""]","[""Eastern Europe and Balkans"", ""Russia and Eurasia""]",0,0,Historical scholarship overlaps another disciplinary community; a historian or historical-social-scientist majority is not established. Applied user exclusion: general_area_studies.,editorial_title_and_catalogue_subject_screen,,provisional_venue_screen_not_contributor_census
718,journal_e272cda784553865,Speculum,likely_core,True,likely_core,[],"[""Middle Ages""]",0,0,Editorial estimate: history or historical social science is the defining scholarly focus; likely historian-dominated for this working screen.,editorial_title_and_catalogue_subject_screen,,provisional_venue_screen_not_contributor_census
719,journal_1d409986bb24fa94,Spiritus,excluded,False,other_primary_community,[],[],0,0,Editorial estimate: another disciplinary community is primary; omit from the historian-focused working selection.,editorial_title_and_catalogue_subject_screen,,provisional_venue_screen_not_contributor_census
720,journal_567d4902fd507274,Sport history Review,likely_core,True,likely_core,[],"[""Sport""]",4,6,Editorial estimate: history or historical social science is the defining scholarly focus; likely historian-dominated for this working screen.,editorial_title_and_catalogue_subject_screen,,provisional_venue_screen_not_contributor_census
721,journal_3f55dca82ed716b2,Sport in History,likely_core,True,likely_core,[],"[""Sport""]",141,114,Editorial estimate: history or historical social science is the defining scholarly focus; likely historian-dominated for this working screen.,editorial_title_and_catalogue_subject_screen,,provisional_venue_screen_not_contributor_census
722,journal_8e6fcfb1042b0aff,Sport und Gesellschaft,excluded,False,other_primary_community,[],"[""Sport""]",10,13,Editorial estimate: another disciplinary community is primary; omit from the historian-focused working selection.,editorial_title_and_catalogue_subject_screen,,provisional_venue_screen_not_contributor_census
723,journal_4b770248dbf1f24a,Starinar,excluded,False,other_primary_community,"[""archaeology""]",[],63,62,Editorial estimate: another disciplinary community is primary; omit from the historian-focused working selection. Applied user exclusion: archaeology.,editorial_title_and_catalogue_subject_screen,,provisional_venue_screen_not_contributor_census
724,journal_170e71dea694ba27,Studi Francesi,excluded,False,other_primary_community,[],"[""France"", ""Literature""]",546,92,Editorial estimate: another disciplinary community is primary; omit from the historian-focused working selection.,editorial_title_and_catalogue_subject_screen,,provisional_venue_screen_not_contributor_census
725,journal_520f0367872b502b,Studi Medievali,likely_core,True,likely_core,[],"[""Middle Ages""]",0,0,Editorial estimate: history or historical social science is the defining scholarly focus; likely historian-dominated for this working screen.,editorial_title_and_catalogue_subject_screen,,provisional_venue_screen_not_contributor_census
726,journal_bc6b0a13e0e9b4dd,Studi Piemontesi,excluded,False,mixed,"[""general_area_studies""]","[""Italy""]",0,0,Historical scholarship overlaps another disciplinary community; a historian or historical-social-scientist majority is not established. Applied user exclusion: general_area_studies.,editorial_title_and_catalogue_subject_screen,,provisional_venue_screen_not_contributor_census
727,journal_d24e4eea2f61a28b,Studi Romani,mixed,False,mixed,[],[],0,0,Historical scholarship overlaps another disciplinary community; a historian or historical-social-scientist majority is not established.,editorial_title_and_catalogue_subject_screen,,provisional_venue_screen_not_contributor_census
728,journal_0a499d5cdd4c440d,Studi Storici,likely_core,True,likely_core,[],"[""Italy""]",0,0,Editorial estimate: history or historical social science is the defining scholarly focus; likely historian-dominated for this working screen.,editorial_title_and_catalogue_subject_screen,,provisional_venue_screen_not_contributor_census
729,journal_376b83364160c143,Studia Celtica,mixed,False,mixed,[],[],0,0,Historical scholarship overlaps another disciplinary community; a historian or historical-social-scientist majority is not established.,editorial_title_and_catalogue_subject_screen,,provisional_venue_screen_not_contributor_census
730,journal_45d24014cdad4e89,Studia Hibernica,mixed,False,mixed,[],"[""Ireland""]",10,32,Historical scholarship overlaps another disciplinary community; a historian or historical-social-scientist majority is not established.,editorial_title_and_catalogue_subject_screen,,provisional_venue_screen_not_contributor_census
731,journal_85ded14d1eb95c1f,Studia Islamica,mixed,False,mixed,[],"[""Islamic studies"", ""Religion""]",18,19,Historical scholarship overlaps another disciplinary community; a historian or historical-social-scientist majority is not established.,editorial_title_and_catalogue_subject_screen,,provisional_venue_screen_not_contributor_census
732,journal_9a03579a38d60741,Studia Rudolphina,likely_core,True,likely_core,[],[],0,0,Editorial estimate: history or historical social science is the defining scholarly focus; likely historian-dominated for this working screen.,editorial_title_and_catalogue_subject_screen,,provisional_venue_screen_not_contributor_census
733,journal_e826de5b0944e7f4,Studia Slavica et Balcanica Petropolitana,likely_core,True,likely_core,[],"[""Eastern Europe and Balkans"", ""Slavic studies""]",19,26,Editorial estimate: history or historical social science is the defining scholarly focus; likely historian-dominated for this working screen.,editorial_title_and_catalogue_subject_screen,,provisional_venue_screen_not_contributor_census
734,journal_7e71f9ae6859ee23,Studies in American Humor,excluded,False,other_primary_community,[],[],9,9,Editorial estimate: another disciplinary community is primary; omit from the historian-focused working selection.,editorial_title_and_catalogue_subject_screen,,provisional_venue_screen_not_contributor_census
735,journal_9e068a23e6df4ce4,Studies in American Political Development,excluded,False,likely_core,"[""politics_or_political_science""]","[""Politics and public policy"", ""United States""]",89,96,"Exclude under political-science policy despite historical orientation: political and institutional development, published as political science. Applied user exclusion: politics_or_political_science.",publisher_scope_checked,https://www.cambridge.org/core/journals/studies-in-american-political-development,provisional_venue_screen_not_contributor_census
736,journal_df6bff51116070f8,Studies in the Age of Chaucer,excluded,False,other_primary_community,[],"[""Literature"", ""Middle Ages""]",0,0,Editorial estimate: another disciplinary community is primary; omit from the historian-focused working selection.,editorial_title_and_catalogue_subject_screen,,provisional_venue_screen_not_contributor_census
737,journal_79e953acb780de42,Studies in World Christianity,mixed,False,mixed,[],"[""Religion""]",7,9,Historical scholarship overlaps another disciplinary community; a historian or historical-social-scientist majority is not established.,editorial_title_and_catalogue_subject_screen,,provisional_venue_screen_not_contributor_census
738,journal_f5e0bfa48293bf68,Tamkang Review,excluded,False,other_primary_community,[],"[""Literature""]",0,0,Editorial estimate: another disciplinary community is primary; omit from the historian-focused working selection.,editorial_title_and_catalogue_subject_screen,,provisional_venue_screen_not_contributor_census
739,journal_38e479e715d9523d,Technology and Culture,likely_core,True,likely_core,[],"[""Science and technology""]",0,0,Editorial estimate: history or historical social science is the defining scholarly focus; likely historian-dominated for this working screen.,editorial_title_and_catalogue_subject_screen,,provisional_venue_screen_not_contributor_census
740,journal_b5f044fbe895c22a,Tel Aviv,excluded,False,other_primary_community,"[""archaeology""]","[""Archaeology""]",57,98,Editorial estimate: another disciplinary community is primary; omit from the historian-focused working selection. Applied user exclusion: archaeology.,editorial_title_and_catalogue_subject_screen,,provisional_venue_screen_not_contributor_census
741,journal_c6b43684f97d61b4,Temas Americanistas,likely_core,True,likely_core,[],"[""Latin America and Caribbean""]",186,207,Editorial estimate: history or historical social science is the defining scholarly focus; likely historian-dominated for this working screen.,editorial_title_and_catalogue_subject_screen,,provisional_venue_screen_not_contributor_census
742,journal_e02602c2913ad82a,Terrae Incognitae,likely_core,True,likely_core,[],[],66,49,Editorial estimate: history or historical social science is the defining scholarly focus; likely historian-dominated for this working screen.,editorial_title_and_catalogue_subject_screen,,provisional_venue_screen_not_contributor_census
743,journal_d3fdfb4668463677,Textile History,likely_core,True,likely_core,[],"[""Dress and textile""]",68,59,Editorial estimate: history or historical social science is the defining scholarly focus; likely historian-dominated for this working screen.,editorial_title_and_catalogue_subject_screen,,provisional_venue_screen_not_contributor_census
744,journal_78af5311fd3dff5a,The American Historical Review,likely_core,True,likely_core,[],"[""General history"", ""United States""]",548,525,Editorial estimate: history or historical social science is the defining scholarly focus; likely historian-dominated for this working screen.,editorial_title_and_catalogue_subject_screen,,provisional_venue_screen_not_contributor_census
745,journal_abdcba84ad2aa0dc,The British Journal for the History of Science,likely_core,True,likely_core,[],"[""Britain"", ""Science and technology""]",151,149,Editorial estimate: history or historical social science is the defining scholarly focus; likely historian-dominated for this working screen.,editorial_title_and_catalogue_subject_screen,,provisional_venue_screen_not_contributor_census
746,journal_99054dca06f1ef03,The Catholic Historical Review,likely_core,True,likely_core,[],"[""Religion""]",0,0,Editorial estimate: history or historical social science is the defining scholarly focus; likely historian-dominated for this working screen.,editorial_title_and_catalogue_subject_screen,,provisional_venue_screen_not_contributor_census
747,journal_ffc733c2271369ff,The Chronicles of Oklahoma,likely_core,True,likely_core,[],"[""Indigenous studies"", ""United States""]",0,0,Editorial estimate: history or historical social science is the defining scholarly focus; likely historian-dominated for this working screen.,editorial_title_and_catalogue_subject_screen,,provisional_venue_screen_not_contributor_census
748,journal_aa1243d525819115,The Economic History Review,likely_core,True,likely_core,[],"[""Britain"", ""Business, labor and economics""]",226,250,Editorial estimate: history or historical social science is the defining scholarly focus; likely historian-dominated for this working screen.,editorial_title_and_catalogue_subject_screen,,provisional_venue_screen_not_contributor_census
749,journal_fb2e541ced15c90d,The English Historical Review,likely_core,True,likely_core,[],"[""Britain"", ""General history""]",370,298,Editorial estimate: history or historical social science is the defining scholarly focus; likely historian-dominated for this working screen.,editorial_title_and_catalogue_subject_screen,,provisional_venue_screen_not_contributor_census
750,journal_8216afcd658d2b61,The Historical Review / La Revue Historique,likely_core,True,likely_core,[],[],0,0,Editorial estimate: history or historical social science is the defining scholarly focus; likely historian-dominated for this working screen.,editorial_title_and_catalogue_subject_screen,,provisional_venue_screen_not_contributor_census
751,journal_bbddc9f007c2d87b,The History Teacher,mixed,False,mixed,[],"[""Teaching and methods""]",0,0,Historical scholarship overlaps another disciplinary community; a historian or historical-social-scientist majority is not established.,editorial_title_and_catalogue_subject_screen,,provisional_venue_screen_not_contributor_census
752,journal_a6538fc9e84fa4d1,The Irish Sword,likely_core,True,likely_core,[],"[""Ireland""]",0,0,Editorial estimate: history or historical social science is the defining scholarly focus; likely historian-dominated for this working screen.,editorial_title_and_catalogue_subject_screen,,provisional_venue_screen_not_contributor_census
753,journal_a60d063c840e1fcd,The Journal of African History,likely_core,True,likely_core,[],"[""Africa""]",241,221,Editorial estimate: history or historical social science is the defining scholarly focus; likely historian-dominated for this working screen.,editorial_title_and_catalogue_subject_screen,,provisional_venue_screen_not_contributor_census
754,journal_af9eb2a59f476770,The Journal of American History,likely_core,True,likely_core,[],"[""United States""]",0,0,Editorial estimate: history or historical social science is the defining scholarly focus; likely historian-dominated for this working screen.,editorial_title_and_catalogue_subject_screen,,provisional_venue_screen_not_contributor_census
755,journal_f1fc5e3fa81592a9,The Journal of Hellenic Studies,mixed,False,mixed,[],"[""Classical"", ""Greece""]",45,44,Historical scholarship overlaps another disciplinary community; a historian or historical-social-scientist majority is not established.,editorial_title_and_catalogue_subject_screen,,provisional_venue_screen_not_contributor_census
756,journal_06580f980c0bb576,The Journal of Holocaust Research,likely_core,True,likely_core,[],"[""Genocide""]",65,67,Editorial estimate: history or historical social science is the defining scholarly focus; likely historian-dominated for this working screen.,editorial_title_and_catalogue_subject_screen,,provisional_venue_screen_not_contributor_census
757,journal_465233074c92587e,The Journal of Modern History,likely_core,True,likely_core,[],"[""General history"", ""Modern and contemporary""]",0,0,Editorial estimate: history or historical social science is the defining scholarly focus; likely historian-dominated for this working screen.,editorial_title_and_catalogue_subject_screen,,provisional_venue_screen_not_contributor_census
758,journal_6ac7f98e81e1df04,The Medieval Review,likely_core,True,likely_core,[],"[""Middle Ages""]",0,0,Editorial estimate: history or historical social science is the defining scholarly focus; likely historian-dominated for this working screen.,editorial_title_and_catalogue_subject_screen,,provisional_venue_screen_not_contributor_census
759,journal_18cbd3e486b25ac8,The Mennonite Quarterly Review,likely_core,True,likely_core,[],"[""Religion""]",0,0,Editorial estimate: history or historical social science is the defining scholarly focus; likely historian-dominated for this working screen.,editorial_title_and_catalogue_subject_screen,,provisional_venue_screen_not_contributor_census
760,journal_b08fd4802c40b034,The New England Quarterly,likely_core,True,likely_core,[],"[""United States""]",0,0,Editorial estimate: history or historical social science is the defining scholarly focus; likely historian-dominated for this working screen.,editorial_title_and_catalogue_subject_screen,,provisional_venue_screen_not_contributor_census
761,journal_3bdf3800207924c3,The Polish Review,excluded,False,mixed,"[""general_area_studies""]","[""Eastern Europe and Balkans"", ""Poland""]",0,0,Historical scholarship overlaps another disciplinary community; a historian or historical-social-scientist majority is not established. Applied user exclusion: general_area_studies.,editorial_title_and_catalogue_subject_screen,,provisional_venue_screen_not_contributor_census
762,journal_d990835e95820881,The Public Historian,likely_core,True,likely_core,[],"[""Politics and public policy"", ""Social"", ""Social sciences"", ""United States""]",0,0,Editorial estimate: history or historical social science is the defining scholarly focus; likely historian-dominated for this working screen.,editorial_title_and_catalogue_subject_screen,,provisional_venue_screen_not_contributor_census
763,journal_753cd47a79a46a0e,The Russian Review,excluded,False,mixed,"[""general_area_studies""]","[""Eastern Europe and Balkans"", ""Russia and Eurasia""]",258,240,Historical scholarship overlaps another disciplinary community; a historian or historical-social-scientist majority is not established. Applied user exclusion: general_area_studies.,editorial_title_and_catalogue_subject_screen,,provisional_venue_screen_not_contributor_census
764,journal_1b28d5f920660c7b,The Slavic and East European Journal,excluded,False,other_primary_community,"[""general_area_studies""]","[""Eastern Europe and Balkans""]",0,0,Editorial estimate: another disciplinary community is primary; omit from the historian-focused working selection. Applied user exclusion: general_area_studies.,editorial_title_and_catalogue_subject_screen,,provisional_venue_screen_not_contributor_census
765,journal_7632f05d8be4b918,The Social History of Alcohol and Drugs,likely_core,True,likely_core,[],"[""Social""]",0,0,Editorial estimate: history or historical social science is the defining scholarly focus; likely historian-dominated for this working screen.,editorial_title_and_catalogue_subject_screen,,provisional_venue_screen_not_contributor_census
766,journal_fe2dbaa9dcc5f489,Theatralia,excluded,False,other_primary_community,[],[],0,0,Editorial estimate: another disciplinary community is primary; omit from the historian-focused working selection.,editorial_title_and_catalogue_subject_screen,,provisional_venue_screen_not_contributor_census
767,journal_f4a6e588434009fd,Theory and Society,mixed,False,mixed,[],"[""Politics and public policy"", ""Social theory and cultural criticism"", ""Sociology""]",264,303,Historical scholarship overlaps another disciplinary community; a historian or historical-social-scientist majority is not established.,editorial_title_and_catalogue_subject_screen,,provisional_venue_screen_not_contributor_census
768,journal_545016e59eaa4d82,Thesis Eleven,mixed,False,mixed,[],"[""Social sciences"", ""Socialism and related political traditions""]",172,169,Historical scholarship overlaps another disciplinary community; a historian or historical-social-scientist majority is not established.,editorial_title_and_catalogue_subject_screen,,provisional_venue_screen_not_contributor_census
769,journal_db43394a79456ab5,Tijdschrift voor Rechtsgeschiedenis,likely_core,True,likely_core,[],"[""Legal""]",59,55,Editorial estimate: history or historical social science is the defining scholarly focus; likely historian-dominated for this working screen.,editorial_title_and_catalogue_subject_screen,,provisional_venue_screen_not_contributor_census
770,journal_f3de9e4ca398c804,Tokovi Istorije,likely_core,True,likely_core,[],[],64,66,Editorial estimate: history or historical social science is the defining scholarly focus; likely historian-dominated for this working screen.,editorial_title_and_catalogue_subject_screen,,provisional_venue_screen_not_contributor_census
771,journal_c4ffba7bccd46af6,TRaNS: Trans-Regional and -National Studies of Southeast Asia,excluded,False,mixed,"[""general_area_studies""]","[""Social sciences"", ""Southeast Asia""]",92,90,Historical scholarship overlaps another disciplinary community; a historian or historical-social-scientist majority is not established. Applied user exclusion: general_area_studies.,editorial_title_and_catalogue_subject_screen,,provisional_venue_screen_not_contributor_census
772,journal_a5ffa3668c8cb0b3,Transactions of the Royal Historical Society,likely_core,True,likely_core,[],"[""Britain""]",88,97,Editorial estimate: history or historical social science is the defining scholarly focus; likely historian-dominated for this working screen.,editorial_title_and_catalogue_subject_screen,,provisional_venue_screen_not_contributor_census
773,journal_e582506513dcb65d,Translocal Chinese: East Asian Perspectives,excluded,False,mixed,"[""general_area_studies""]","[""East Asia""]",0,0,Historical scholarship overlaps another disciplinary community; a historian or historical-social-scientist majority is not established. Applied user exclusion: general_area_studies.,editorial_title_and_catalogue_subject_screen,,provisional_venue_screen_not_contributor_census
774,journal_6a64f9efba1e4a74,Transylvanian Review,excluded,False,likely_core,"[""general_area_studies""]","[""Eastern Europe and Balkans""]",0,0,Editorial estimate: history or historical social science is the defining scholarly focus; likely historian-dominated for this working screen. Applied user exclusion: general_area_studies.,editorial_title_and_catalogue_subject_screen,,provisional_venue_screen_not_contributor_census
775,journal_a3c5811a564c9812,Turkish Historical Review,likely_core,True,likely_core,[],"[""Middle East"", ""Turkey""]",6,8,Editorial estimate: history or historical social science is the defining scholarly focus; likely historian-dominated for this working screen.,editorial_title_and_catalogue_subject_screen,,provisional_venue_screen_not_contributor_census
776,journal_275dc7c9ecaeb6a0,Turkish Studies,excluded,False,other_primary_community,"[""politics_or_political_science"", ""general_area_studies""]","[""Middle East"", ""Turkey""]",234,281,"Editorial estimate: another disciplinary community is primary; omit from the historian-focused working selection. Applied user exclusion: politics_or_political_science, general_area_studies.",editorial_title_and_catalogue_subject_screen,,provisional_venue_screen_not_contributor_census
777,journal_c782341e2d63843a,Twentieth Century British History,likely_core,True,likely_core,[],"[""Britain""]",73,70,Editorial estimate: history or historical social science is the defining scholarly focus; likely historian-dominated for this working screen.,editorial_title_and_catalogue_subject_screen,,provisional_venue_screen_not_contributor_census
778,journal_f54a2269518da5c0,Twentieth-Century China,likely_core,True,likely_core,[],"[""East Asia""]",0,0,Editorial estimate: history or historical social science is the defining scholarly focus; likely historian-dominated for this working screen.,editorial_title_and_catalogue_subject_screen,,provisional_venue_screen_not_contributor_census
779,journal_164ac2d42cf679fd,Tyche,mixed,False,mixed,[],"[""Ancient""]",12,12,Historical scholarship overlaps another disciplinary community; a historian or historical-social-scientist majority is not established.,editorial_title_and_catalogue_subject_screen,,provisional_venue_screen_not_contributor_census
780,journal_97cc033e49a4f22b,Urban History,likely_core,True,likely_core,[],"[""Urban""]",408,372,Editorial estimate: history or historical social science is the defining scholarly focus; likely historian-dominated for this working screen.,editorial_title_and_catalogue_subject_screen,,provisional_venue_screen_not_contributor_census
781,journal_95d1a1a5f3c42882,Urban History Review,likely_core,True,likely_core,[],"[""Urban""]",5,5,Editorial estimate: history or historical social science is the defining scholarly focus; likely historian-dominated for this working screen.,editorial_title_and_catalogue_subject_screen,,provisional_venue_screen_not_contributor_census
782,journal_87cc8d1395e7eabc,Vernacular Architecture,mixed,False,mixed,[],"[""Architectural""]",30,19,Historical scholarship overlaps another disciplinary community; a historian or historical-social-scientist majority is not established.,editorial_title_and_catalogue_subject_screen,,provisional_venue_screen_not_contributor_census
783,journal_afe11d5314b46820,Vetus Testamentum,excluded,False,other_primary_community,[],"[""Religion""]",192,181,Editorial estimate: another disciplinary community is primary; omit from the historian-focused working selection.,editorial_title_and_catalogue_subject_screen,,provisional_venue_screen_not_contributor_census
784,journal_6945b13e007ffa31,Victorian Historical Journal,likely_core,True,likely_core,[],"[""Australasia and Oceania""]",0,0,Editorial estimate: history or historical social science is the defining scholarly focus; likely historian-dominated for this working screen.,editorial_title_and_catalogue_subject_screen,,provisional_venue_screen_not_contributor_census
785,journal_7561864b4f197c7f,Victorian Studies,mixed,False,mixed,[],"[""Britain"", ""Literature""]",0,0,Historical scholarship overlaps another disciplinary community; a historian or historical-social-scientist majority is not established.,editorial_title_and_catalogue_subject_screen,,provisional_venue_screen_not_contributor_census
786,journal_60f005e3ad4519a3,Vigiliae Christianae,mixed,False,mixed,[],"[""Religion""]",121,97,Historical scholarship overlaps another disciplinary community; a historian or historical-social-scientist majority is not established.,editorial_title_and_catalogue_subject_screen,,provisional_venue_screen_not_contributor_census
787,journal_4dea8909dd6dfdbb,Vivarium,mixed,False,mixed,[],"[""Philosophy""]",46,43,Historical scholarship overlaps another disciplinary community; a historian or historical-social-scientist majority is not established.,editorial_title_and_catalogue_subject_screen,,provisional_venue_screen_not_contributor_census
788,journal_4e8ff5bd7ff87fe6,Vulcan,likely_core,True,likely_core,[],"[""Military""]",0,0,Editorial estimate: history or historical social science is the defining scholarly focus; likely historian-dominated for this working screen.,editorial_title_and_catalogue_subject_screen,,provisional_venue_screen_not_contributor_census
789,journal_123c05bc2318b339,War & Society,likely_core,True,likely_core,[],"[""Military""]",85,90,Editorial estimate: history or historical social science is the defining scholarly focus; likely historian-dominated for this working screen.,editorial_title_and_catalogue_subject_screen,,provisional_venue_screen_not_contributor_census
790,journal_e4bfecd95b129a38,War in History,likely_core,True,likely_core,[],"[""Military""]",177,171,Editorial estimate: history or historical social science is the defining scholarly focus; likely historian-dominated for this working screen.,editorial_title_and_catalogue_subject_screen,,provisional_venue_screen_not_contributor_census
791,journal_b11573f4d81e9f89,Wesley and Methodist Studies,likely_core,True,likely_core,[],"[""Religion""]",12,13,Editorial estimate: history or historical social science is the defining scholarly focus; likely historian-dominated for this working screen.,editorial_title_and_catalogue_subject_screen,,provisional_venue_screen_not_contributor_census
792,journal_1c18541e9561fbec,Western Folklore,excluded,False,other_primary_community,[],"[""Folklore""]",0,0,Editorial estimate: another disciplinary community is primary; omit from the historian-focused working selection.,editorial_title_and_catalogue_subject_screen,,provisional_venue_screen_not_contributor_census
793,journal_5616638fc5b421be,Western Historical Quarterly,likely_core,True,likely_core,[],"[""Indigenous studies"", ""United States""]",32,30,Editorial estimate: history or historical social science is the defining scholarly focus; likely historian-dominated for this working screen.,editorial_title_and_catalogue_subject_screen,,provisional_venue_screen_not_contributor_census
794,journal_3d33767a76e5aca1,Winterthur Portfolio,likely_core,True,likely_core,[],"[""Art""]",0,0,Editorial estimate: history or historical social science is the defining scholarly focus; likely historian-dominated for this working screen.,editorial_title_and_catalogue_subject_screen,,provisional_venue_screen_not_contributor_census
795,journal_069e4cdc76aaa02b,Wisconsin Magazine of History,likely_core,True,likely_core,[],"[""United States""]",0,0,Editorial estimate: history or historical social science is the defining scholarly focus; likely historian-dominated for this working screen.,editorial_title_and_catalogue_subject_screen,,provisional_venue_screen_not_contributor_census
796,journal_759510c0ed4a2f0e,Zeitgeschichte,likely_core,True,likely_core,[],"[""General history"", ""Modern and contemporary""]",1,1,Editorial estimate: history or historical social science is the defining scholarly focus; likely historian-dominated for this working screen.,editorial_title_and_catalogue_subject_screen,,provisional_venue_screen_not_contributor_census
797,journal_d318e15fefc2343c,Zgodovinski časopis,likely_core,True,likely_core,[],"[""Eastern Europe and Balkans"", ""General history""]",50,55,Editorial estimate: history or historical social science is the defining scholarly focus; likely historian-dominated for this working screen.,editorial_title_and_catalogue_subject_screen,,provisional_venue_screen_not_contributor_census
798,journal_a47aa9a4395e5225,Zograf,likely_core,True,likely_core,[],"[""Art""]",30,21,Editorial estimate: history or historical social science is the defining scholarly focus; likely historian-dominated for this working screen.,editorial_title_and_catalogue_subject_screen,,provisional_venue_screen_not_contributor_census
799,journal_64eed992b3141a9f,Zwingliana,likely_core,True,likely_core,[],[],13,9,Editorial estimate: history or historical social science is the defining scholarly focus; likely historian-dominated for this working screen.,editorial_title_and_catalogue_subject_screen,,provisional_venue_screen_not_contributor_census
800,journal_919d0c14e01dd6ed,Environmental Review,likely_core,True,likely_core,[],[],0,0,Editorial estimate: history or historical social science is the defining scholarly focus; likely historian-dominated for this working screen.,editorial_title_and_catalogue_subject_screen,,provisional_venue_screen_not_contributor_census
801,journal_57a3505b8688a2ce,Environmental History Review,likely_core,True,likely_core,[],[],0,0,Editorial estimate: history or historical social science is the defining scholarly focus; likely historian-dominated for this working screen.,editorial_title_and_catalogue_subject_screen,,provisional_venue_screen_not_contributor_census
802,journal_f33abcd156e85bc9,Journal of Forest History,likely_core,True,likely_core,[],[],0,0,Editorial estimate: history or historical social science is the defining scholarly focus; likely historian-dominated for this working screen.,editorial_title_and_catalogue_subject_screen,,provisional_venue_screen_not_contributor_census
803,journal_02eec3b72cd5349d,Forest & Conservation History,likely_core,True,likely_core,[],[],0,0,Editorial estimate: history or historical social science is the defining scholarly focus; likely historian-dominated for this working screen.,editorial_title_and_catalogue_subject_screen,,provisional_venue_screen_not_contributor_census
804,journal_ef7022c2c9b569d4,Journal of the Historical Society of Nigeria,likely_core,True,likely_core,[],[],0,0,Editorial estimate: history or historical social science is the defining scholarly focus; likely historian-dominated for this working screen.,editorial_title_and_catalogue_subject_screen,,provisional_venue_screen_not_contributor_census
805,journal_05682cc5619c8c31,Annales d’histoire sociale (1939–1941),likely_core,True,likely_core,[],[],0,0,Editorial estimate: history or historical social science is the defining scholarly focus; likely historian-dominated for this working screen.,editorial_title_and_catalogue_subject_screen,,provisional_venue_screen_not_contributor_census
806,journal_2119b0e45870cd6f,Mélanges d’histoire sociale,likely_core,True,likely_core,[],[],0,0,Editorial estimate: history or historical social science is the defining scholarly focus; likely historian-dominated for this working screen.,editorial_title_and_catalogue_subject_screen,,provisional_venue_screen_not_contributor_census
807,journal_996df5230b13e08b,Annales d’histoire sociale (1945),likely_core,True,likely_core,[],[],0,0,Editorial estimate: history or historical social science is the defining scholarly focus; likely historian-dominated for this working screen.,editorial_title_and_catalogue_subject_screen,,provisional_venue_screen_not_contributor_census
808,journal_b5b188191ea8d9f7,"Annales. Économies, sociétés, civilisations",likely_core,True,likely_core,[],[],0,0,Editorial estimate: history or historical social science is the defining scholarly focus; likely historian-dominated for this working screen.,editorial_title_and_catalogue_subject_screen,,provisional_venue_screen_not_contributor_census
809,initial:annales_1929,Annales d’histoire économique et sociale,likely_core,True,likely_core,[],[],0,0,Editorial estimate: history or historical social science is the defining scholarly focus; likely historian-dominated for this working screen.,editorial_title_and_catalogue_subject_screen,,provisional_venue_screen_not_contributor_census
810,initial:annales_english,"Annales. Histoire, Sciences Sociales — English Edition",likely_core,True,likely_core,[],[],5,4,Editorial estimate: history or historical social science is the defining scholarly focus; likely historian-dominated for this working screen.,editorial_title_and_catalogue_subject_screen,,provisional_venue_screen_not_contributor_census
811,initial:history_theory,History and Theory,likely_core,True,likely_core,[],[],47,46,Editorial estimate: history or historical social science is the defining scholarly focus; likely historian-dominated for this working screen.,editorial_title_and_catalogue_subject_screen,,provisional_venue_screen_not_contributor_census
812,initial:historical_journal,The Historical Journal,likely_core,True,likely_core,[],[],447,441,Editorial estimate: history or historical social science is the defining scholarly focus; likely historian-dominated for this working screen.,editorial_title_and_catalogue_subject_screen,,provisional_venue_screen_not_contributor_census
813,initial:contemporary_history,Journal of Contemporary History,likely_core,True,likely_core,[],[],309,309,Editorial estimate: history or historical social science is the defining scholarly focus; likely historian-dominated for this working screen.,editorial_title_and_catalogue_subject_screen,,provisional_venue_screen_not_contributor_census
814,initial:william_mary,William and Mary Quarterly,likely_core,True,likely_core,[],[],1,1,Editorial estimate: history or historical social science is the defining scholarly focus; likely historian-dominated for this working screen.,editorial_title_and_catalogue_subject_screen,,provisional_venue_screen_not_contributor_census
815,initial:canadian_journal_history,Canadian Journal of History,likely_core,True,likely_core,[],[],1,1,Editorial estimate: history or historical social science is the defining scholarly focus; likely historian-dominated for this working screen.,editorial_title_and_catalogue_subject_screen,,provisional_venue_screen_not_contributor_census
816,initial:labour_le_travail,Labour/Le Travail,likely_core,True,likely_core,[],[],0,0,Editorial estimate: history or historical social science is the defining scholarly focus; likely historian-dominated for this working screen.,editorial_title_and_catalogue_subject_screen,,provisional_venue_screen_not_contributor_census
817,initial:cambridge_historical_journal,Cambridge Historical Journal,likely_core,True,likely_core,[],[],0,0,Editorial estimate: history or historical social science is the defining scholarly focus; likely historian-dominated for this working screen.,editorial_title_and_catalogue_subject_screen,,provisional_venue_screen_not_contributor_census
818,initial:mississippi_valley,The Mississippi Valley Historical Review,likely_core,True,likely_core,[],[],0,0,Editorial estimate: history or historical social science is the defining scholarly focus; likely historian-dominated for this working screen.,editorial_title_and_catalogue_subject_screen,,provisional_venue_screen_not_contributor_census
819,initial:history_workshop_earlier,History Workshop — earlier ISSN,likely_core,True,likely_core,[],[],0,0,Editorial estimate: history or historical social science is the defining scholarly focus; likely historian-dominated for this working screen.,editorial_title_and_catalogue_subject_screen,,provisional_venue_screen_not_contributor_census
