review_number,journal_key,label,working_group,include_in_working_selection,community_assessment,exclusions,subject_labels,publication_records,non_demo_distinct_orcids,reason,evidence_basis,scope_source_url,review_status
1,journal_1d3e57485ef758f2,20 & 21. Revue d'histoire,likely_core,True,likely_core,[],"[""Modern and contemporary""]",0,0,Editorial estimate: history or historical social science is the defining scholarly focus; likely historian-dominated for this working screen.,editorial_title_and_catalogue_subject_screen,,provisional_venue_screen_not_contributor_census
2,journal_dfcb3573c7c0f19f,Ab Imperio,likely_core,True,likely_core,[],"[""Colonialism and empire"", ""Politics and public policy"", ""Russia and Eurasia""]",0,0,Editorial estimate: history or historical social science is the defining scholarly focus; likely historian-dominated for this working screen.,editorial_title_and_catalogue_subject_screen,,provisional_venue_screen_not_contributor_census
4,journal_91f1c756cb33896f,Acadiensis,likely_core,True,likely_core,[],"[""Canada""]",0,0,Editorial estimate: history or historical social science is the defining scholarly focus; likely historian-dominated for this working screen.,editorial_title_and_catalogue_subject_screen,,provisional_venue_screen_not_contributor_census
5,journal_d63c3d93c03ef931,Accounting History Review,likely_core,True,likely_core,[],"[""Business, labor and economics""]",60,64,"Retain accounting history as historical social science: focus on historical accounting thought, practice and institutions.",publisher_scope_checked,https://www.tandfonline.com/journals/rabf21,provisional_venue_screen_not_contributor_census
9,journal_d374e610cfd52bac,Acta Baltica Historiae et Philosophiae Scientiarum,likely_core,True,likely_core,[],"[""Baltic"", ""General history"", ""Philosophy"", ""Science and technology""]",99,92,Editorial estimate: history or historical social science is the defining scholarly focus; likely historian-dominated for this working screen.,editorial_title_and_catalogue_subject_screen,,provisional_venue_screen_not_contributor_census
11,journal_d73bba16eb647404,Acta Historiae Artis Slovenica,likely_core,True,likely_core,[],"[""Art"", ""Art history"", ""Eastern Europe and Balkans""]",44,35,Editorial estimate: history or historical social science is the defining scholarly focus; likely historian-dominated for this working screen.,editorial_title_and_catalogue_subject_screen,,provisional_venue_screen_not_contributor_census
12,journal_301d620d70ac04c6,Acta Historica Tallinnensia,likely_core,True,likely_core,[],[],74,53,Editorial estimate: history or historical social science is the defining scholarly focus; likely historian-dominated for this working screen.,editorial_title_and_catalogue_subject_screen,,provisional_venue_screen_not_contributor_census
13,journal_90cf8ded2289c4e2,Acta Poloniae Historica,likely_core,True,likely_core,[],"[""Eastern Europe and Balkans"", ""Poland""]",127,132,Editorial estimate: history or historical social science is the defining scholarly focus; likely historian-dominated for this working screen.,editorial_title_and_catalogue_subject_screen,,provisional_venue_screen_not_contributor_census
20,journal_bbcb45648f11880b,African Economic History,likely_core,True,likely_core,[],"[""Africa"", ""Business, labor and economics""]",0,0,Editorial estimate: history or historical social science is the defining scholarly focus; likely historian-dominated for this working screen.,editorial_title_and_catalogue_subject_screen,,provisional_venue_screen_not_contributor_census
21,journal_f94d1b95f9753857,African Historical Review,likely_core,True,likely_core,[],"[""Africa""]",86,87,Editorial estimate: history or historical social science is the defining scholarly focus; likely historian-dominated for this working screen.,editorial_title_and_catalogue_subject_screen,,provisional_venue_screen_not_contributor_census
22,journal_af321c83d77f929c,Afrique & Histoire,likely_core,True,likely_core,[],"[""Africa""]",0,0,Editorial estimate: history or historical social science is the defining scholarly focus; likely historian-dominated for this working screen.,editorial_title_and_catalogue_subject_screen,,provisional_venue_screen_not_contributor_census
23,journal_2dfeedfb997d608a,Afriques,likely_core,True,likely_core,[],"[""Africa"", ""Anthropology and ethnography""]",55,34,Editorial estimate: history or historical social science is the defining scholarly focus; likely historian-dominated for this working screen.,editorial_title_and_catalogue_subject_screen,,provisional_venue_screen_not_contributor_census
24,journal_4d7fa7f3dd0dba0e,Agricultural History,likely_core,True,likely_core,[],"[""Business, labor and economics"", ""Rural and agricultural""]",0,0,Editorial estimate: history or historical social science is the defining scholarly focus; likely historian-dominated for this working screen.,editorial_title_and_catalogue_subject_screen,,provisional_venue_screen_not_contributor_census
25,journal_9f9dff6d3ffacccd,Agricultural History Review,likely_core,True,likely_core,[],"[""Business, labor and economics"", ""Rural and agricultural""]",0,0,Editorial estimate: history or historical social science is the defining scholarly focus; likely historian-dominated for this working screen.,editorial_title_and_catalogue_subject_screen,,provisional_venue_screen_not_contributor_census
30,journal_8c92d015d9ca95a2,Ambix,likely_core,True,likely_core,[],"[""Science and technology""]",141,123,Editorial estimate: history or historical social science is the defining scholarly focus; likely historian-dominated for this working screen.,editorial_title_and_catalogue_subject_screen,,provisional_venue_screen_not_contributor_census
33,journal_e58627135946a4e7,American Communist History,likely_core,True,likely_core,[],"[""Business, labor and economics"", ""Politics and public policy"", ""Socialism and related political traditions""]",37,31,Editorial estimate: history or historical social science is the defining scholarly focus; likely historian-dominated for this working screen.,editorial_title_and_catalogue_subject_screen,,provisional_venue_screen_not_contributor_census
34,journal_c2decf545335ea0c,American Educational History Journal,likely_core,True,likely_core,[],"[""Education"", ""Teaching and methods""]",0,0,Editorial estimate: history or historical social science is the defining scholarly focus; likely historian-dominated for this working screen.,editorial_title_and_catalogue_subject_screen,,provisional_venue_screen_not_contributor_census
36,journal_cc21c94c66fe3843,American Jewish History,likely_core,True,likely_core,[],"[""Ethnic and racial studies"", ""Jewish studies"", ""Religion"", ""United States""]",0,0,Editorial estimate: history or historical social science is the defining scholarly focus; likely historian-dominated for this working screen.,editorial_title_and_catalogue_subject_screen,,provisional_venue_screen_not_contributor_census
37,journal_31e5d822b53d053f,American Journal of Legal History,likely_core,True,likely_core,[],"[""Legal""]",50,46,Editorial estimate: history or historical social science is the defining scholarly focus; likely historian-dominated for this working screen.,editorial_title_and_catalogue_subject_screen,,provisional_venue_screen_not_contributor_census
39,journal_16c2606d6dc20ebf,American Nineteenth Century History,likely_core,True,likely_core,[],"[""Nineteenth century"", ""United States""]",24,22,Editorial estimate: history or historical social science is the defining scholarly focus; likely historian-dominated for this working screen.,editorial_title_and_catalogue_subject_screen,,provisional_venue_screen_not_contributor_census
42,journal_fd43dbc3fb2de149,Analecta Hibernica,likely_core,True,likely_core,[],"[""Ireland"", ""Manuscript studies""]",0,0,Editorial estimate: history or historical social science is the defining scholarly focus; likely historian-dominated for this working screen.,editorial_title_and_catalogue_subject_screen,,provisional_venue_screen_not_contributor_census
43,journal_c293897f8b6f4bd9,Anali Zavoda za Povijesne Znanosti Hrvatske Akademije Znanosti i Umjetnosti u Dubrovniku,likely_core,True,likely_core,[],"[""General history""]",0,0,Editorial estimate: history or historical social science is the defining scholarly focus; likely historian-dominated for this working screen.,editorial_title_and_catalogue_subject_screen,,provisional_venue_screen_not_contributor_census
47,journal_5e0a17306de38521,Ancient Society,likely_core,True,likely_core,[],"[""Ancient"", ""Anthropology and ethnography"", ""Archaeology"", ""Classical studies""]",0,0,Editorial estimate: history or historical social science is the defining scholarly focus; likely historian-dominated for this working screen.,editorial_title_and_catalogue_subject_screen,,provisional_venue_screen_not_contributor_census
48,journal_3d920cc86259262a,Anglican & Episcopal History,likely_core,True,likely_core,[],"[""Religion""]",0,0,Editorial estimate: history or historical social science is the defining scholarly focus; likely historian-dominated for this working screen.,editorial_title_and_catalogue_subject_screen,,provisional_venue_screen_not_contributor_census
50,journal_18b9b876e4599c56,Annales de Bourgogne,likely_core,True,likely_core,[],"[""France""]",0,0,Editorial estimate: history or historical social science is the defining scholarly focus; likely historian-dominated for this working screen.,editorial_title_and_catalogue_subject_screen,,provisional_venue_screen_not_contributor_census
51,journal_65dd21715536a35f,"Annales. Histoire, Sciences sociales",likely_core,True,likely_core,[],"[""Business, labor and economics"", ""General history"", ""Social sciences""]",0,0,Editorial estimate: history or historical social science is the defining scholarly focus; likely historian-dominated for this working screen.,editorial_title_and_catalogue_subject_screen,,provisional_venue_screen_not_contributor_census
56,journal_016ce76060061eb0,Anuario Colombiano de Historia Social y de la Cultura,likely_core,True,likely_core,[],"[""Colombia"", ""Iberoamerica"", ""Social""]",181,203,Editorial estimate: history or historical social science is the defining scholarly focus; likely historian-dominated for this working screen.,editorial_title_and_catalogue_subject_screen,,provisional_venue_screen_not_contributor_census
57,journal_06d93b627ca5596b,Anuario de Estudios Americanos,likely_core,True,likely_core,[],"[""Americas"", ""Iberia"", ""Latin America and Caribbean""]",306,317,Editorial estimate: history or historical social science is the defining scholarly focus; likely historian-dominated for this working screen.,editorial_title_and_catalogue_subject_screen,,provisional_venue_screen_not_contributor_census
58,journal_2e04fa56f6705ec2,Anuario de Estudios Medievales,likely_core,True,likely_core,[],"[""Iberia"", ""Middle Ages""]",322,303,Editorial estimate: history or historical social science is the defining scholarly focus; likely historian-dominated for this working screen.,editorial_title_and_catalogue_subject_screen,,provisional_venue_screen_not_contributor_census
59,journal_f13d6292fe84a3b8,Anuario de Historia de la Iglesia,likely_core,True,likely_core,[],"[""Religion""]",576,304,Editorial estimate: history or historical social science is the defining scholarly focus; likely historian-dominated for this working screen.,editorial_title_and_catalogue_subject_screen,,provisional_venue_screen_not_contributor_census
64,journal_074a5b70dab9caaf,Arbeiderhistorie,likely_core,True,likely_core,[],"[""Business, labor and economics"", ""Socialism and related political traditions""]",0,0,Editorial estimate: history or historical social science is the defining scholarly focus; likely historian-dominated for this working screen.,editorial_title_and_catalogue_subject_screen,,provisional_venue_screen_not_contributor_census
69,journal_b3ca8061d47a3438,Architectural History,likely_core,True,likely_core,[],"[""Architectural""]",4,4,Editorial estimate: history or historical social science is the defining scholarly focus; likely historian-dominated for this working screen.,editorial_title_and_catalogue_subject_screen,,provisional_venue_screen_not_contributor_census
73,journal_b43fdf40584be57d,Archives Juives,likely_core,True,likely_core,[],"[""Jewish studies""]",0,0,Editorial estimate: history or historical social science is the defining scholarly focus; likely historian-dominated for this working screen.,editorial_title_and_catalogue_subject_screen,,provisional_venue_screen_not_contributor_census
75,journal_5f366901b0f2ce47,Archivio Storico Italiano,likely_core,True,likely_core,[],"[""Italy""]",0,0,Editorial estimate: history or historical social science is the defining scholarly focus; likely historian-dominated for this working screen.,editorial_title_and_catalogue_subject_screen,,provisional_venue_screen_not_contributor_census
76,journal_f79eaa7c902e07c9,Archivium Hibernicum,likely_core,True,likely_core,[],"[""Archives"", ""Ireland""]",0,0,Editorial estimate: history or historical social science is the defining scholarly focus; likely historian-dominated for this working screen.,editorial_title_and_catalogue_subject_screen,,provisional_venue_screen_not_contributor_census
77,journal_ec7cbde01f926330,Archivos de Historia del Movimiento Obrero y la Izquierda,likely_core,True,likely_core,[],"[""Business, labor and economics"", ""Socialism and related political traditions""]",137,117,Editorial estimate: history or historical social science is the defining scholarly focus; likely historian-dominated for this working screen.,editorial_title_and_catalogue_subject_screen,,provisional_venue_screen_not_contributor_census
92,journal_15b0eb0d40baa4d7,Aspasia,likely_core,True,likely_core,[],"[""Women and gender studies""]",16,16,Editorial estimate: history or historical social science is the defining scholarly focus; likely historian-dominated for this working screen.,editorial_title_and_catalogue_subject_screen,,provisional_venue_screen_not_contributor_census
95,journal_b07a7af7b61dace6,Australian Historical Studies,likely_core,True,likely_core,[],"[""Australasia and Oceania"", ""General history""]",283,268,Editorial estimate: history or historical social science is the defining scholarly focus; likely historian-dominated for this working screen.,editorial_title_and_catalogue_subject_screen,,provisional_venue_screen_not_contributor_census
100,journal_ef5d6bc586ea9c38,Austrian History Yearbook,likely_core,True,likely_core,[],"[""German-speaking Europe""]",130,117,Editorial estimate: history or historical social science is the defining scholarly focus; likely historian-dominated for this working screen.,editorial_title_and_catalogue_subject_screen,,provisional_venue_screen_not_contributor_census
101,journal_cceba9b53846150a,Avances del Cesor,likely_core,True,likely_core,[],"[""General history"", ""Latin America and Caribbean"", ""Social sciences""]",0,0,Editorial estimate: history or historical social science is the defining scholarly focus; likely historian-dominated for this working screen.,editorial_title_and_catalogue_subject_screen,,provisional_venue_screen_not_contributor_census
103,journal_ff5dd150e367cfe0,Baltic Journal of Art History,likely_core,True,likely_core,[],"[""Art history"", ""Baltic""]",0,0,Editorial estimate: history or historical social science is the defining scholarly focus; likely historian-dominated for this working screen.,editorial_title_and_catalogue_subject_screen,,provisional_venue_screen_not_contributor_census
105,journal_12aa1a6827133fc8,Baptist Quarterly,likely_core,True,likely_core,[],"[""Religion""]",30,24,Editorial estimate: history or historical social science is the defining scholarly focus; likely historian-dominated for this working screen.,editorial_title_and_catalogue_subject_screen,,provisional_venue_screen_not_contributor_census
107,journal_50571d41b70f9a9f,Berichte zur Wissenschaftsgeschichte,likely_core,True,likely_core,[],"[""Science and technology""]",85,87,Editorial estimate: history or historical social science is the defining scholarly focus; likely historian-dominated for this working screen.,editorial_title_and_catalogue_subject_screen,,provisional_venue_screen_not_contributor_census
109,journal_2c098277f043966a,Biuletyn Polskiej Misji Historycznej,likely_core,True,likely_core,[],"[""Central Europe"", ""Eastern Europe and Balkans"", ""German-speaking Europe"", ""Poland""]",71,57,Editorial estimate: history or historical social science is the defining scholarly focus; likely historian-dominated for this working screen.,editorial_title_and_catalogue_subject_screen,,provisional_venue_screen_not_contributor_census
110,journal_0746da64ae4b3c67,Bollettino Storico - Bibliografico Subalpino,likely_core,True,likely_core,[],"[""Italy""]",0,0,Editorial estimate: history or historical social science is the defining scholarly focus; likely historian-dominated for this working screen.,editorial_title_and_catalogue_subject_screen,,provisional_venue_screen_not_contributor_census
111,journal_5d76ceec2a327733,Book History,likely_core,True,likely_core,[],"[""Media and books""]",0,0,Editorial estimate: history or historical social science is the defining scholarly focus; likely historian-dominated for this working screen.,editorial_title_and_catalogue_subject_screen,,provisional_venue_screen_not_contributor_census
114,journal_1b86c431903b1bf8,British Catholic History,likely_core,True,likely_core,[],"[""Britain"", ""Religion""]",13,13,Editorial estimate: history or historical social science is the defining scholarly focus; likely historian-dominated for this working screen.,editorial_title_and_catalogue_subject_screen,,provisional_venue_screen_not_contributor_census
122,journal_a5f41bc50adf0e15,Bulletin of the History of Medicine,likely_core,True,likely_core,[],"[""Medicine and health"", ""Science and technology""]",0,0,Editorial estimate: history or historical social science is the defining scholarly focus; likely historian-dominated for this working screen.,editorial_title_and_catalogue_subject_screen,,provisional_venue_screen_not_contributor_census
123,journal_69b32aaa614295f7,Business History,likely_core,True,likely_core,[],"[""Business, labor and economics""]",299,320,Editorial estimate: history or historical social science is the defining scholarly focus; likely historian-dominated for this working screen.,editorial_title_and_catalogue_subject_screen,,provisional_venue_screen_not_contributor_census
124,journal_fdceba6666bdce96,Bylye Gody,likely_core,True,likely_core,[],[],0,0,Editorial estimate: history or historical social science is the defining scholarly focus; likely historian-dominated for this working screen.,editorial_title_and_catalogue_subject_screen,,provisional_venue_screen_not_contributor_census
129,journal_cc0994c4fffcf676,Cahiers du Monde Russe,likely_core,True,likely_core,[],"[""Russia and Eurasia"", ""Slavic studies""]",223,70,Editorial estimate: history or historical social science is the defining scholarly focus; likely historian-dominated for this working screen.,editorial_title_and_catalogue_subject_screen,,provisional_venue_screen_not_contributor_census
130,journal_3e25012edc96e37a,California History,likely_core,True,likely_core,[],"[""United States""]",0,0,Editorial estimate: history or historical social science is the defining scholarly focus; likely historian-dominated for this working screen.,editorial_title_and_catalogue_subject_screen,,provisional_venue_screen_not_contributor_census
131,journal_264c39cda506d1ec,Canadian Historical Review,likely_core,True,likely_core,[],"[""Canada""]",0,0,Editorial estimate: history or historical social science is the defining scholarly focus; likely historian-dominated for this working screen.,editorial_title_and_catalogue_subject_screen,,provisional_venue_screen_not_contributor_census
139,journal_6983a79586ee9ce5,Catalan Historical Review,likely_core,True,likely_core,[],"[""Iberia""]",0,0,Editorial estimate: history or historical social science is the defining scholarly focus; likely historian-dominated for this working screen.,editorial_title_and_catalogue_subject_screen,,provisional_venue_screen_not_contributor_census
142,journal_c234c6c00846d8e3,Centaurus,likely_core,True,likely_core,[],"[""Medicine and health"", ""Science and technology""]",369,329,Editorial estimate: history or historical social science is the defining scholarly focus; likely historian-dominated for this working screen.,editorial_title_and_catalogue_subject_screen,,provisional_venue_screen_not_contributor_census
145,journal_64cf927ba34d3582,Central European History,likely_core,True,likely_core,[],"[""Central Europe"", ""Western Europe""]",189,189,Editorial estimate: history or historical social science is the defining scholarly focus; likely historian-dominated for this working screen.,editorial_title_and_catalogue_subject_screen,,provisional_venue_screen_not_contributor_census
147,journal_422a2a3e5b661577,Chinese Studies in History,likely_core,True,likely_core,[],"[""East Asia"", ""General history""]",22,22,Editorial estimate: history or historical social science is the defining scholarly focus; likely historian-dominated for this working screen.,editorial_title_and_catalogue_subject_screen,,provisional_venue_screen_not_contributor_census
148,journal_7b94787a9b8edf12,Church History,likely_core,True,likely_core,[],"[""Religion""]",153,137,Editorial estimate: history or historical social science is the defining scholarly focus; likely historian-dominated for this working screen.,editorial_title_and_catalogue_subject_screen,,provisional_venue_screen_not_contributor_census
149,journal_3d173a064b1993c6,Church History and Religious Culture,likely_core,True,likely_core,[],"[""Religion""]",88,85,Editorial estimate: history or historical social science is the defining scholarly focus; likely historian-dominated for this working screen.,editorial_title_and_catalogue_subject_screen,,provisional_venue_screen_not_contributor_census
150,journal_adc191866244d967,Civil War History,likely_core,True,likely_core,[],"[""United States""]",0,0,Editorial estimate: history or historical social science is the defining scholarly focus; likely historian-dominated for this working screen.,editorial_title_and_catalogue_subject_screen,,provisional_venue_screen_not_contributor_census
152,journal_05418473995006e9,Cliometrica,likely_core,True,likely_core,[],"[""Business, labor and economics""]",164,146,Editorial estimate: history or historical social science is the defining scholarly focus; likely historian-dominated for this working screen.,editorial_title_and_catalogue_subject_screen,,provisional_venue_screen_not_contributor_census
153,journal_483c5dbb9cc38f4f,Clogher Record,likely_core,True,likely_core,[],"[""Ireland""]",0,0,Editorial estimate: history or historical social science is the defining scholarly focus; likely historian-dominated for this working screen.,editorial_title_and_catalogue_subject_screen,,provisional_venue_screen_not_contributor_census
155,journal_60c629672bd0f92f,Codrul Cosminului,likely_core,True,likely_core,[],"[""Archaeology"", ""General history"", ""International relations and diplomatic""]",0,0,Editorial estimate: history or historical social science is the defining scholarly focus; likely historian-dominated for this working screen.,editorial_title_and_catalogue_subject_screen,,provisional_venue_screen_not_contributor_census
156,journal_88eb32c3285de5d0,Cold War History,likely_core,True,likely_core,[],"[""International relations and diplomatic""]",149,157,Editorial estimate: history or historical social science is the defining scholarly focus; likely historian-dominated for this working screen.,editorial_title_and_catalogue_subject_screen,,provisional_venue_screen_not_contributor_census
158,journal_7bfa328cb1f8254a,Colonial Latin American Review,likely_core,True,likely_core,[],"[""Colonialism and empire"", ""Latin America and Caribbean""]",91,81,Editorial estimate: history or historical social science is the defining scholarly focus; likely historian-dominated for this working screen.,editorial_title_and_catalogue_subject_screen,,provisional_venue_screen_not_contributor_census
161,journal_6d14a1e9786228a0,Communisme,likely_core,True,likely_core,[],"[""Business, labor and economics"", ""Socialism and related political traditions""]",0,0,Editorial estimate: history or historical social science is the defining scholarly focus; likely historian-dominated for this working screen.,editorial_title_and_catalogue_subject_screen,,provisional_venue_screen_not_contributor_census
162,journal_da73a59f384f79a3,Comparative Legal History,likely_core,True,likely_core,[],"[""Legal""]",43,46,Editorial estimate: history or historical social science is the defining scholarly focus; likely historian-dominated for this working screen.,editorial_title_and_catalogue_subject_screen,,provisional_venue_screen_not_contributor_census
163,journal_647183c1e131cf7a,Comparative Studies in Society and History,likely_core,True,likely_core,[],"[""Comparative and world"", ""General history"", ""Social sciences""]",72,72,"Retain comparative history and historical social science; interdisciplinary history, anthropology, sociology and political science readership does not itself disqualify it.",publisher_scope_checked,https://www.cambridge.org/core/journals/comparative-studies-in-society-and-history/information/about-this-journal,provisional_venue_screen_not_contributor_census
165,journal_321a8cfc8ab54ea0,Contemporary European History,likely_core,True,likely_core,[],"[""Eastern Europe and Balkans"", ""Europe""]",410,384,Editorial estimate: history or historical social science is the defining scholarly focus; likely historian-dominated for this working screen.,editorial_title_and_catalogue_subject_screen,,provisional_venue_screen_not_contributor_census
174,journal_4cb3ce45f1001168,Continuity and Change,likely_core,True,likely_core,[],"[""Demography and family"", ""Social""]",58,59,Editorial estimate: history or historical social science is the defining scholarly focus; likely historian-dominated for this working screen.,editorial_title_and_catalogue_subject_screen,,provisional_venue_screen_not_contributor_census
175,journal_7f61c29f57730a14,Contributions to the History of Concepts,likely_core,True,likely_core,[],"[""Ideas and historiography"", ""Politics and public policy"", ""Social sciences""]",34,39,Editorial estimate: history or historical social science is the defining scholarly focus; likely historian-dominated for this working screen.,editorial_title_and_catalogue_subject_screen,,provisional_venue_screen_not_contributor_census
177,journal_b2c77d0bf6c9b20c,Critical Historical Studies,likely_core,True,likely_core,[],"[""General history"", ""Social""]",0,0,Editorial estimate: history or historical social science is the defining scholarly focus; likely historian-dominated for this working screen.,editorial_title_and_catalogue_subject_screen,,provisional_venue_screen_not_contributor_census
180,journal_c7c09979aff15611,Croatica Christiana Periodica,likely_core,True,likely_core,[],"[""Religion""]",58,55,Editorial estimate: history or historical social science is the defining scholarly focus; likely historian-dominated for this working screen.,editorial_title_and_catalogue_subject_screen,,provisional_venue_screen_not_contributor_census
181,journal_94cac3e8a12573d7,Cuadernos Dieciochistas,likely_core,True,likely_core,[],"[""Eighteenth century"", ""Iberia""]",19,20,Editorial estimate: history or historical social science is the defining scholarly focus; likely historian-dominated for this working screen.,editorial_title_and_catalogue_subject_screen,,provisional_venue_screen_not_contributor_census
183,journal_ed63021a16e3f633,Cuadernos Medievales,likely_core,True,likely_core,[],"[""Middle Ages""]",0,0,Editorial estimate: history or historical social science is the defining scholarly focus; likely historian-dominated for this working screen.,editorial_title_and_catalogue_subject_screen,,provisional_venue_screen_not_contributor_census
185,journal_807321c1e1922a76,Cultural & Social History,likely_core,True,likely_core,[],"[""Cultural studies"", ""Social""]",166,170,Editorial estimate: history or historical social science is the defining scholarly focus; likely historian-dominated for this working screen.,editorial_title_and_catalogue_subject_screen,,provisional_venue_screen_not_contributor_census
186,journal_4f86aafee1743ee1,Culture & History Digital Journal,likely_core,True,likely_core,[],"[""Cultural history"", ""Cultural studies"", ""General history"", ""Humanities"", ""Social""]",208,260,Editorial estimate: history or historical social science is the defining scholarly focus; likely historian-dominated for this working screen.,editorial_title_and_catalogue_subject_screen,,provisional_venue_screen_not_contributor_census
188,journal_72c9ee8b2d7bcf0f,De Medio Aevo,likely_core,True,likely_core,[],"[""General history"", ""Middle Ages""]",193,171,Editorial estimate: history or historical social science is the defining scholarly focus; likely historian-dominated for this working screen.,editorial_title_and_catalogue_subject_screen,,provisional_venue_screen_not_contributor_census
191,journal_9c4f10e776b54df4,Dialogues d'Histoire Ancienne,likely_core,True,likely_core,[],"[""Ancient"", ""History of civilization""]",0,0,Editorial estimate: history or historical social science is the defining scholarly focus; likely historian-dominated for this working screen.,editorial_title_and_catalogue_subject_screen,,provisional_venue_screen_not_contributor_census
196,journal_9391847d5e9cffe7,Diplomatic History,likely_core,True,likely_core,[],"[""International relations and diplomatic"", ""United States""]",99,90,Editorial estimate: history or historical social science is the defining scholarly focus; likely historian-dominated for this working screen.,editorial_title_and_catalogue_subject_screen,,provisional_venue_screen_not_contributor_census
197,journal_59c0813242987d48,Dublin Historical Record,likely_core,True,likely_core,[],"[""Ireland""]",0,0,Editorial estimate: history or historical social science is the defining scholarly focus; likely historian-dominated for this working screen.,editorial_title_and_catalogue_subject_screen,,provisional_venue_screen_not_contributor_census
198,journal_ea759c416ef0daad,Dubrovnik Annals,likely_core,True,likely_core,[],"[""Art history"", ""Eastern Europe and Balkans"", ""General history"", ""Science and technology"", ""Social"", ""Social sciences"", ""Sociology""]",0,0,Editorial estimate: history or historical social science is the defining scholarly focus; likely historian-dominated for this working screen.,editorial_title_and_catalogue_subject_screen,,provisional_venue_screen_not_contributor_census
200,journal_cbd6a933b40e0219,E-Journal of Portuguese History,likely_core,True,likely_core,[],"[""Iberia""]",65,80,Editorial estimate: history or historical social science is the defining scholarly focus; likely historian-dominated for this working screen.,editorial_title_and_catalogue_subject_screen,,provisional_venue_screen_not_contributor_census
201,journal_c62be8fe4e4e6e85,Early American Studies,likely_core,True,likely_core,[],"[""United States""]",0,0,Editorial estimate: history or historical social science is the defining scholarly focus; likely historian-dominated for this working screen.,editorial_title_and_catalogue_subject_screen,,provisional_venue_screen_not_contributor_census
204,journal_4037fa4fe9ea5914,Early Medieval Europe,likely_core,True,likely_core,[],"[""Europe"", ""Middle Ages""]",165,150,Editorial estimate: history or historical social science is the defining scholarly focus; likely historian-dominated for this working screen.,editorial_title_and_catalogue_subject_screen,,provisional_venue_screen_not_contributor_census
206,journal_b02e7da77e614967,Early Modern Low Countries,likely_core,True,likely_core,[],"[""Early modern"", ""Low Countries""]",42,51,Editorial estimate: history or historical social science is the defining scholarly focus; likely historian-dominated for this working screen.,editorial_title_and_catalogue_subject_screen,,provisional_venue_screen_not_contributor_census
208,journal_ce86c0d0153d20cd,Early Science and Medicine,likely_core,True,likely_core,[],"[""Medicine and health"", ""Science and technology""]",140,133,Editorial estimate: history or historical social science is the defining scholarly focus; likely historian-dominated for this working screen.,editorial_title_and_catalogue_subject_screen,,provisional_venue_screen_not_contributor_census
209,journal_0aa5f8709a0dfd0f,East Central Europe,likely_core,True,likely_core,[],"[""Central Europe"", ""Eastern Europe and Balkans"", ""Europe""]",1,1,Editorial estimate: history or historical social science is the defining scholarly focus; likely historian-dominated for this working screen.,editorial_title_and_catalogue_subject_screen,,provisional_venue_screen_not_contributor_census
211,journal_e391690d1620df07,Economic History of Developing Regions,likely_core,True,likely_core,[],"[""Business, labor and economics""]",54,68,Editorial estimate: history or historical social science is the defining scholarly focus; likely historian-dominated for this working screen.,editorial_title_and_catalogue_subject_screen,,provisional_venue_screen_not_contributor_census
212,journal_2f149169331d4289,Edad Media,likely_core,True,likely_core,[],"[""Europe"", ""Iberia"", ""Middle Ages""]",140,126,Editorial estimate: history or historical social science is the defining scholarly focus; likely historian-dominated for this working screen.,editorial_title_and_catalogue_subject_screen,,provisional_venue_screen_not_contributor_census
214,journal_be8760a9bb1f774e,Eighteenth-Century Ireland,likely_core,True,likely_core,[],"[""Ireland""]",22,25,Editorial estimate: history or historical social science is the defining scholarly focus; likely historian-dominated for this working screen.,editorial_title_and_catalogue_subject_screen,,provisional_venue_screen_not_contributor_census
217,journal_b87bc42725143f37,Electrum,likely_core,True,likely_core,[],"[""Ancient""]",147,76,Editorial estimate: history or historical social science is the defining scholarly focus; likely historian-dominated for this working screen.,editorial_title_and_catalogue_subject_screen,,provisional_venue_screen_not_contributor_census
220,journal_805acfa65470a411,Enterprise and Society,likely_core,True,likely_core,[],"[""Business, labor and economics""]",171,172,Editorial estimate: history or historical social science is the defining scholarly focus; likely historian-dominated for this working screen.,editorial_title_and_catalogue_subject_screen,,provisional_venue_screen_not_contributor_census
221,journal_d2ba6f0dddefaf57,Entreprises et Histoire,likely_core,True,likely_core,[],"[""Business, labor and economics""]",0,0,Editorial estimate: history or historical social science is the defining scholarly focus; likely historian-dominated for this working screen.,editorial_title_and_catalogue_subject_screen,,provisional_venue_screen_not_contributor_census
222,journal_25b3b25c0672ff34,Environment and History,likely_core,True,likely_core,[],"[""Environment"", ""Science and technology""]",167,212,Editorial estimate: history or historical social science is the defining scholarly focus; likely historian-dominated for this working screen.,editorial_title_and_catalogue_subject_screen,,provisional_venue_screen_not_contributor_census
223,journal_b8bc3aaecbd1501f,Environmental History,likely_core,True,likely_core,[],"[""Environment""]",12,12,Editorial estimate: history or historical social science is the defining scholarly focus; likely historian-dominated for this working screen.,editorial_title_and_catalogue_subject_screen,,provisional_venue_screen_not_contributor_census
225,journal_fec8730d1b37f6d3,Erudition and the Republic of Letters,likely_core,True,likely_core,[],"[""Ideas and historiography""]",1,1,Editorial estimate: history or historical social science is the defining scholarly focus; likely historian-dominated for this working screen.,editorial_title_and_catalogue_subject_screen,,provisional_venue_screen_not_contributor_census
226,journal_732a73a98f998df2,Essays in Economic & Business History,likely_core,True,likely_core,[],"[""Business, labor and economics""]",0,0,Editorial estimate: history or historical social science is the defining scholarly focus; likely historian-dominated for this working screen.,editorial_title_and_catalogue_subject_screen,,provisional_venue_screen_not_contributor_census
229,journal_dd5aeee8c86c93fa,Estudos Ibero-Americanos,likely_core,True,likely_core,[],"[""Iberia"", ""Iberoamerica"", ""Latin America and Caribbean""]",355,449,Editorial estimate: history or historical social science is the defining scholarly focus; likely historian-dominated for this working screen.,editorial_title_and_catalogue_subject_screen,,provisional_venue_screen_not_contributor_census
230,journal_e6929b124f9137bc,Ethnohistory,likely_core,True,likely_core,[],"[""Anthropology and ethnography"", ""Indigenous studies""]",0,0,Editorial estimate: history or historical social science is the defining scholarly focus; likely historian-dominated for this working screen.,editorial_title_and_catalogue_subject_screen,,provisional_venue_screen_not_contributor_census
235,journal_07d22e9c6b79ee21,European History Quarterly,likely_core,True,likely_core,[],"[""Europe""]",118,125,Editorial estimate: history or historical social science is the defining scholarly focus; likely historian-dominated for this working screen.,editorial_title_and_catalogue_subject_screen,,provisional_venue_screen_not_contributor_census
240,journal_7779b0949c5eba6b,European Review of Economic History,likely_core,True,likely_core,[],"[""Business, labor and economics"", ""Europe""]",66,78,Editorial estimate: history or historical social science is the defining scholarly focus; likely historian-dominated for this working screen.,editorial_title_and_catalogue_subject_screen,,provisional_venue_screen_not_contributor_census
241,journal_fe3758f7a5626a04,European Review of History,likely_core,True,likely_core,[],"[""Europe""]",242,249,Editorial estimate: history or historical social science is the defining scholarly focus; likely historian-dominated for this working screen.,editorial_title_and_catalogue_subject_screen,,provisional_venue_screen_not_contributor_census
243,journal_25fe68c2c0186186,Explorations in Economic History,likely_core,True,likely_core,[],"[""Business, labor and economics""]",164,172,Editorial estimate: history or historical social science is the defining scholarly focus; likely historian-dominated for this working screen.,editorial_title_and_catalogue_subject_screen,,provisional_venue_screen_not_contributor_census
245,journal_757056d67864f4e8,Family and Community History,likely_core,True,likely_core,[],"[""Demography and family"", ""Sociology""]",30,24,Editorial estimate: history or historical social science is the defining scholarly focus; likely historian-dominated for this working screen.,editorial_title_and_catalogue_subject_screen,,provisional_venue_screen_not_contributor_census
248,journal_7d661918209204ff,Film & History,likely_core,True,likely_core,[],"[""Media and books""]",0,0,Editorial estimate: history or historical social science is the defining scholarly focus; likely historian-dominated for this working screen.,editorial_title_and_catalogue_subject_screen,,provisional_venue_screen_not_contributor_census
250,journal_ecbd320c8d6e9372,Financial History Review,likely_core,True,likely_core,[],"[""Business, labor and economics""]",45,47,Editorial estimate: history or historical social science is the defining scholarly focus; likely historian-dominated for this working screen.,editorial_title_and_catalogue_subject_screen,,provisional_venue_screen_not_contributor_census
251,journal_3ff498241f0fb6c6,First World War Studies,likely_core,True,likely_core,[],"[""World Wars""]",204,174,Editorial estimate: history or historical social science is the defining scholarly focus; likely historian-dominated for this working screen.,editorial_title_and_catalogue_subject_screen,,provisional_venue_screen_not_contributor_census
252,journal_b98f6b1edace9f24,Florida Historical Quarterly,likely_core,True,likely_core,[],"[""United States""]",0,0,Editorial estimate: history or historical social science is the defining scholarly focus; likely historian-dominated for this working screen.,editorial_title_and_catalogue_subject_screen,,provisional_venue_screen_not_contributor_census
253,journal_d529db383a51b85a,Food & History,likely_core,True,likely_core,[],"[""Food history""]",0,0,Editorial estimate: history or historical social science is the defining scholarly focus; likely historian-dominated for this working screen.,editorial_title_and_catalogue_subject_screen,,provisional_venue_screen_not_contributor_census
254,journal_b5cc1afac0a59b60,Forum Historiae,likely_core,True,likely_core,[],"[""General history""]",73,74,Editorial estimate: history or historical social science is the defining scholarly focus; likely historian-dominated for this working screen.,editorial_title_and_catalogue_subject_screen,,provisional_venue_screen_not_contributor_census
256,journal_d0aa0fce346501e1,French Colonial History,likely_core,True,likely_core,[],"[""Colonialism and empire"", ""France""]",2,2,Editorial estimate: history or historical social science is the defining scholarly focus; likely historian-dominated for this working screen.,editorial_title_and_catalogue_subject_screen,,provisional_venue_screen_not_contributor_census
258,journal_f522caac01d8a34a,French Historical Studies,likely_core,True,likely_core,[],"[""France"", ""Western Europe""]",0,0,Editorial estimate: history or historical social science is the defining scholarly focus; likely historian-dominated for this working screen.,editorial_title_and_catalogue_subject_screen,,provisional_venue_screen_not_contributor_census
259,journal_798c8a7ecbd4ce8b,French History,likely_core,True,likely_core,[],"[""France"", ""Western Europe""]",103,77,Editorial estimate: history or historical social science is the defining scholarly focus; likely historian-dominated for this working screen.,editorial_title_and_catalogue_subject_screen,,provisional_venue_screen_not_contributor_census
261,journal_d9b4415efa8a311d,Fronteras de la Historia,likely_core,True,likely_core,[],"[""Colombia"", ""Colonial period"", ""Colonialism and empire"", ""Iberia"", ""Latin America and Caribbean"", ""Social sciences""]",228,230,Editorial estimate: history or historical social science is the defining scholarly focus; likely historian-dominated for this working screen.,editorial_title_and_catalogue_subject_screen,,provisional_venue_screen_not_contributor_census
262,journal_3979fc76be7c4768,Frontiers of History in China,likely_core,True,likely_core,[],"[""East Asia""]",0,0,Editorial estimate: history or historical social science is the defining scholarly focus; likely historian-dominated for this working screen.,editorial_title_and_catalogue_subject_screen,,provisional_venue_screen_not_contributor_census
264,journal_a00c9347fa743603,Gender & History,likely_core,True,likely_core,[],"[""Women and gender studies"", ""gender"", ""women""]",418,435,Editorial estimate: history or historical social science is the defining scholarly focus; likely historian-dominated for this working screen.,editorial_title_and_catalogue_subject_screen,,provisional_venue_screen_not_contributor_census
267,journal_e36f736779fd97b7,German History,likely_core,True,likely_core,[],"[""German-speaking Europe"", ""Western Europe""]",102,84,Editorial estimate: history or historical social science is the defining scholarly focus; likely historian-dominated for this working screen.,editorial_title_and_catalogue_subject_screen,,provisional_venue_screen_not_contributor_census
269,journal_a67e93621de863b1,Geschichte und Gesellschaft,likely_core,True,likely_core,[],"[""Social"", ""Social sciences""]",0,0,Editorial estimate: history or historical social science is the defining scholarly focus; likely historian-dominated for this working screen.,editorial_title_and_catalogue_subject_screen,,provisional_venue_screen_not_contributor_census
271,journal_7a73310b46e86f18,Giornale di Storia Costituzionale,likely_core,True,likely_core,[],"[""Legal""]",12,6,Editorial estimate: history or historical social science is the defining scholarly focus; likely historian-dominated for this working screen.,editorial_title_and_catalogue_subject_screen,,provisional_venue_screen_not_contributor_census
274,journal_98ba9d1de9eef297,Global Environment,likely_core,True,likely_core,[],"[""Environment""]",23,33,Editorial estimate: history or historical social science is the defining scholarly focus; likely historian-dominated for this working screen.,editorial_title_and_catalogue_subject_screen,,provisional_venue_screen_not_contributor_census
275,journal_2601706da5173a25,Global Intellectual History,likely_core,True,likely_core,[],"[""Ideas and historiography""]",158,144,Editorial estimate: history or historical social science is the defining scholarly focus; likely historian-dominated for this working screen.,editorial_title_and_catalogue_subject_screen,,provisional_venue_screen_not_contributor_census
276,journal_ad5c79abbd9dcc80,Glossae,likely_core,True,likely_core,[],"[""Legal""]",0,0,Editorial estimate: history or historical social science is the defining scholarly focus; likely historian-dominated for this working screen.,editorial_title_and_catalogue_subject_screen,,provisional_venue_screen_not_contributor_census
282,journal_70e76363b3fe29d9,Guerres Mondiales et Conflits Contemporains,likely_core,True,likely_core,[],"[""International relations and diplomatic"", ""Military"", ""World Wars""]",0,0,Editorial estimate: history or historical social science is the defining scholarly focus; likely historian-dominated for this working screen.,editorial_title_and_catalogue_subject_screen,,provisional_venue_screen_not_contributor_census
286,journal_b94d9fb6ecebd296,Hercegovina,likely_core,True,likely_core,[],"[""Eastern Europe and Balkans""]",0,0,Editorial estimate: history or historical social science is the defining scholarly focus; likely historian-dominated for this working screen.,editorial_title_and_catalogue_subject_screen,,provisional_venue_screen_not_contributor_census
287,journal_1594f7d6e473ab43,Hispania Antiqua,likely_core,True,likely_core,[],"[""Ancient"", ""Iberia""]",26,18,Editorial estimate: history or historical social science is the defining scholarly focus; likely historian-dominated for this working screen.,editorial_title_and_catalogue_subject_screen,,provisional_venue_screen_not_contributor_census
288,journal_5b5389388885c1fc,Hispania Sacra,likely_core,True,likely_core,[],"[""General history"", ""Iberia"", ""Religion""]",457,438,Editorial estimate: history or historical social science is the defining scholarly focus; likely historian-dominated for this working screen.,editorial_title_and_catalogue_subject_screen,,provisional_venue_screen_not_contributor_census
289,journal_970e4c11481041d7,Hispanic American Historical Review,likely_core,True,likely_core,[],"[""Iberoamerica"", ""Latin America and Caribbean""]",0,0,Editorial estimate: history or historical social science is the defining scholarly focus; likely historian-dominated for this working screen.,editorial_title_and_catalogue_subject_screen,,provisional_venue_screen_not_contributor_census
290,journal_cd8ea342913754b3,Histoire Urbaine,likely_core,True,likely_core,[],"[""Urban""]",0,0,Editorial estimate: history or historical social science is the defining scholarly focus; likely historian-dominated for this working screen.,editorial_title_and_catalogue_subject_screen,,provisional_venue_screen_not_contributor_census
291,journal_65e984143e40bede,Historein,likely_core,True,likely_core,[],"[""General history""]",155,145,Editorial estimate: history or historical social science is the defining scholarly focus; likely historian-dominated for this working screen.,editorial_title_and_catalogue_subject_screen,,provisional_venue_screen_not_contributor_census
292,journal_2e6e57ae34ea1b42,Historia 396,likely_core,True,likely_core,[],"[""General history"", ""Latin America and Caribbean""]",33,41,Editorial estimate: history or historical social science is the defining scholarly focus; likely historian-dominated for this working screen.,editorial_title_and_catalogue_subject_screen,,provisional_venue_screen_not_contributor_census
293,journal_9c6f44fb42920fdc,Historia Caribe,likely_core,True,likely_core,[],"[""Latin America and Caribbean""]",102,107,Editorial estimate: history or historical social science is the defining scholarly focus; likely historian-dominated for this working screen.,editorial_title_and_catalogue_subject_screen,,provisional_venue_screen_not_contributor_census
294,journal_46f60c2239c241af,Historia Constitucional,likely_core,True,likely_core,[],"[""Europe"", ""Iberia"", ""International relations and diplomatic"", ""Latin America and Caribbean"", ""Legal""]",6,4,Editorial estimate: history or historical social science is the defining scholarly focus; likely historian-dominated for this working screen.,editorial_title_and_catalogue_subject_screen,,provisional_venue_screen_not_contributor_census
295,journal_e86ed4aeb73483ba,Historia et Ius,likely_core,True,likely_core,[],"[""Legal""]",0,0,Editorial estimate: history or historical social science is the defining scholarly focus; likely historian-dominated for this working screen.,editorial_title_and_catalogue_subject_screen,,provisional_venue_screen_not_contributor_census
297,journal_bd5a46a99fe5bd14,Historia Mexicana,likely_core,True,likely_core,[],"[""Hispanic world"", ""Ideas and historiography"", ""Mexico""]",0,0,Editorial estimate: history or historical social science is the defining scholarly focus; likely historian-dominated for this working screen.,editorial_title_and_catalogue_subject_screen,,provisional_venue_screen_not_contributor_census
298,journal_53e66fc2ba723ebe,Historia Regional,likely_core,True,likely_core,[],"[""General history"", ""Ideas and historiography"", ""Latin America and Caribbean"", ""Regional or local history""]",0,0,Editorial estimate: history or historical social science is the defining scholarly focus; likely historian-dominated for this working screen.,editorial_title_and_catalogue_subject_screen,,provisional_venue_screen_not_contributor_census
299,journal_8cb6f3595878e6b7,Historia Social,likely_core,True,likely_core,[],"[""Iberia"", ""Social""]",107,120,Editorial estimate: history or historical social science is the defining scholarly focus; likely historian-dominated for this working screen.,editorial_title_and_catalogue_subject_screen,,provisional_venue_screen_not_contributor_census
300,journal_c2452c54fca6f59e,"Historia, Instituciones, Documentos",likely_core,True,likely_core,[],"[""General history"", ""Iberia""]",0,0,Editorial estimate: history or historical social science is the defining scholarly focus; likely historian-dominated for this working screen.,editorial_title_and_catalogue_subject_screen,,provisional_venue_screen_not_contributor_census
301,journal_2e0fda8be73ce644,Historiallinen aikakauskirja,likely_core,True,likely_core,[],"[""General history""]",8,10,Editorial estimate: history or historical social science is the defining scholarly focus; likely historian-dominated for this working screen.,editorial_title_and_catalogue_subject_screen,,provisional_venue_screen_not_contributor_census
303,journal_f9e9dac0c4b99396,Historical Social Research,likely_core,True,likely_core,[],"[""Europe"", ""Social"", ""Social sciences"", ""Sociology""]",0,0,Editorial estimate: history or historical social science is the defining scholarly focus; likely historian-dominated for this working screen.,editorial_title_and_catalogue_subject_screen,,provisional_venue_screen_not_contributor_census
304,journal_adee8b7eb5501f25,Historical Studies in Industrial Relations,likely_core,True,likely_core,[],"[""Business, labor and economics""]",7,6,Editorial estimate: history or historical social science is the defining scholarly focus; likely historian-dominated for this working screen.,editorial_title_and_catalogue_subject_screen,,provisional_venue_screen_not_contributor_census
305,journal_12bf31db16a72aab,Historical Studies in the Natural Sciences,likely_core,True,likely_core,[],"[""Science and technology""]",2,2,Editorial estimate: history or historical social science is the defining scholarly focus; likely historian-dominated for this working screen.,editorial_title_and_catalogue_subject_screen,,provisional_venue_screen_not_contributor_census
307,journal_e86963327015c29b,Historische Zeitschrift,likely_core,True,likely_core,[],"[""General history"", ""Western Europe""]",0,0,Editorial estimate: history or historical social science is the defining scholarly focus; likely historian-dominated for this working screen.,editorial_title_and_catalogue_subject_screen,,provisional_venue_screen_not_contributor_census
308,journal_d069d27534fa1504,Historisk Tidskrift för Finland,likely_core,True,likely_core,[],"[""Nordic Europe""]",0,0,Editorial estimate: history or historical social science is the defining scholarly focus; likely historian-dominated for this working screen.,editorial_title_and_catalogue_subject_screen,,provisional_venue_screen_not_contributor_census
309,journal_77a3ca6064c87819,History & Memory,likely_core,True,likely_core,[],"[""Cultural studies"", ""General history"", ""Ideas and historiography"", ""Memory studies""]",0,0,Editorial estimate: history or historical social science is the defining scholarly focus; likely historian-dominated for this working screen.,editorial_title_and_catalogue_subject_screen,,provisional_venue_screen_not_contributor_census
310,journal_6fcb20cb67be1401,History and Anthropology,likely_core,True,likely_core,[],"[""Anthropology and ethnography"", ""General history""]",172,186,Editorial estimate: history or historical social science is the defining scholarly focus; likely historian-dominated for this working screen.,editorial_title_and_catalogue_subject_screen,,provisional_venue_screen_not_contributor_census
312,journal_4ab29e2dc4c42863,History and Sociology of South Asia,likely_core,True,likely_core,[],"[""South Asia""]",6,10,Editorial estimate: history or historical social science is the defining scholarly focus; likely historian-dominated for this working screen.,editorial_title_and_catalogue_subject_screen,,provisional_venue_screen_not_contributor_census
313,journal_b8545866db1e00ae,History and Technology,likely_core,True,likely_core,[],"[""Science and technology""]",81,83,Editorial estimate: history or historical social science is the defining scholarly focus; likely historian-dominated for this working screen.,editorial_title_and_catalogue_subject_screen,,provisional_venue_screen_not_contributor_census
314,journal_0ab656c2753f6d74,History Australia,likely_core,True,likely_core,[],"[""Australasia and Oceania""]",427,377,Editorial estimate: history or historical social science is the defining scholarly focus; likely historian-dominated for this working screen.,editorial_title_and_catalogue_subject_screen,,provisional_venue_screen_not_contributor_census
315,journal_7e0d413e53aebefb,History Compass,likely_core,True,likely_core,[],"[""General history""]",347,344,Editorial estimate: history or historical social science is the defining scholarly focus; likely historian-dominated for this working screen.,editorial_title_and_catalogue_subject_screen,,provisional_venue_screen_not_contributor_census
316,journal_55b2862e091c93c6,History in Africa,likely_core,True,likely_core,[],"[""Africa""]",84,79,Editorial estimate: history or historical social science is the defining scholarly focus; likely historian-dominated for this working screen.,editorial_title_and_catalogue_subject_screen,,provisional_venue_screen_not_contributor_census
317,journal_1fa7274d28c61d69,History of Economic Ideas,likely_core,True,likely_core,[],"[""Business, labor and economics""]",0,0,Editorial estimate: history or historical social science is the defining scholarly focus; likely historian-dominated for this working screen.,editorial_title_and_catalogue_subject_screen,,provisional_venue_screen_not_contributor_census
318,journal_1d41a7564c5d12b7,History of Economic Thought and Policy,likely_core,True,likely_core,[],"[""Business, labor and economics""]",0,0,Editorial estimate: history or historical social science is the defining scholarly focus; likely historian-dominated for this working screen.,editorial_title_and_catalogue_subject_screen,,provisional_venue_screen_not_contributor_census
319,journal_8ab78befbed06155,History of Education Quarterly,likely_core,True,likely_core,[],"[""Education""]",223,194,Editorial estimate: history or historical social science is the defining scholarly focus; likely historian-dominated for this working screen.,editorial_title_and_catalogue_subject_screen,,provisional_venue_screen_not_contributor_census
320,journal_c3a89c9c58a756cc,History of Education Review,likely_core,True,likely_core,[],"[""Education""]",84,88,Editorial estimate: history or historical social science is the defining scholarly focus; likely historian-dominated for this working screen.,editorial_title_and_catalogue_subject_screen,,provisional_venue_screen_not_contributor_census
321,journal_d607b2b37a8c04f3,History of European Ideas,likely_core,True,likely_core,[],"[""Europe"", ""Ideas and historiography""]",280,204,Editorial estimate: history or historical social science is the defining scholarly focus; likely historian-dominated for this working screen.,editorial_title_and_catalogue_subject_screen,,provisional_venue_screen_not_contributor_census
322,journal_75a7036fd3d893a0,History of Intellectual Culture,likely_core,True,likely_core,[],"[""Canada"", ""Ideas and historiography"", ""Social""]",0,0,Editorial estimate: history or historical social science is the defining scholarly focus; likely historian-dominated for this working screen.,editorial_title_and_catalogue_subject_screen,,provisional_venue_screen_not_contributor_census
323,journal_34e0333c4604a050,History of Political Economy,likely_core,True,likely_core,[],"[""Business, labor and economics"", ""Politics and public policy""]",0,0,Editorial estimate: history or historical social science is the defining scholarly focus; likely historian-dominated for this working screen.,editorial_title_and_catalogue_subject_screen,,provisional_venue_screen_not_contributor_census
324,journal_366b2c11ffcdece3,History of Political Thought,likely_core,True,likely_core,[],"[""Politics and public policy""]",0,0,Editorial estimate: history or historical social science is the defining scholarly focus; likely historian-dominated for this working screen.,editorial_title_and_catalogue_subject_screen,,provisional_venue_screen_not_contributor_census
327,journal_2e3ccb52f5b36377,History of Retailing and Consumption,likely_core,True,likely_core,[],"[""Business, labor and economics""]",79,84,Editorial estimate: history or historical social science is the defining scholarly focus; likely historian-dominated for this working screen.,editorial_title_and_catalogue_subject_screen,,provisional_venue_screen_not_contributor_census
328,journal_1b4c993862f3c909,History of the Human Sciences,likely_core,True,likely_core,[],"[""Social sciences""]",284,285,Editorial estimate: history or historical social science is the defining scholarly focus; likely historian-dominated for this working screen.,editorial_title_and_catalogue_subject_screen,,provisional_venue_screen_not_contributor_census
329,journal_c1e5fe398786a42c,History of the Present,likely_core,True,likely_core,[],"[""General history"", ""Ideas and historiography"", ""Modern and contemporary""]",0,0,Editorial estimate: history or historical social science is the defining scholarly focus; likely historian-dominated for this working screen.,editorial_title_and_catalogue_subject_screen,,provisional_venue_screen_not_contributor_census
331,journal_84203dbdbd3796c3,History Workshop Journal,likely_core,True,likely_core,[],"[""Britain"", ""General history"", ""Social""]",77,77,Editorial estimate: history or historical social science is the defining scholarly focus; likely historian-dominated for this working screen.,editorial_title_and_catalogue_subject_screen,,provisional_venue_screen_not_contributor_census
333,journal_ff36bfe8f9406a9c,Holocaust and Genocide Studies,likely_core,True,likely_core,[],"[""Genocide"", ""holocaust""]",73,68,Editorial estimate: history or historical social science is the defining scholarly focus; likely historian-dominated for this working screen.,editorial_title_and_catalogue_subject_screen,,provisional_venue_screen_not_contributor_census
334,journal_808afeaacb5f4b11,Holocaust Studies,likely_core,True,likely_core,[],"[""Genocide""]",115,117,Editorial estimate: history or historical social science is the defining scholarly focus; likely historian-dominated for this working screen.,editorial_title_and_catalogue_subject_screen,,provisional_venue_screen_not_contributor_census
337,journal_53d0ad654c4a87ff,I Tatti Studies,likely_core,True,likely_core,[],"[""Italy""]",0,0,Editorial estimate: history or historical social science is the defining scholarly focus; likely historian-dominated for this working screen.,editorial_title_and_catalogue_subject_screen,,provisional_venue_screen_not_contributor_census
339,journal_29d4cfabb5270347,Illes i Imperis,likely_core,True,likely_core,[],"[""Iberia""]",0,0,Editorial estimate: history or historical social science is the defining scholarly focus; likely historian-dominated for this working screen.,editorial_title_and_catalogue_subject_screen,,provisional_venue_screen_not_contributor_census
340,journal_b20b0d03cbc378be,Imago Mundi,likely_core,True,likely_core,[],"[""Geography""]",131,104,Editorial estimate: history or historical social science is the defining scholarly focus; likely historian-dominated for this working screen.,editorial_title_and_catalogue_subject_screen,,provisional_venue_screen_not_contributor_census
341,journal_2af88744d50502c3,Immigrants and Minorities,likely_core,True,likely_core,[],"[""Diaspora and migration"", ""Ethnic and racial studies""]",51,59,Editorial estimate: history or historical social science is the defining scholarly focus; likely historian-dominated for this working screen.,editorial_title_and_catalogue_subject_screen,,provisional_venue_screen_not_contributor_census
343,journal_ec6114ac32c92f0e,Indian Historical Review,likely_core,True,likely_core,[],"[""South Asia""]",9,11,Editorial estimate: history or historical social science is the defining scholarly focus; likely historian-dominated for this working screen.,editorial_title_and_catalogue_subject_screen,,provisional_venue_screen_not_contributor_census
344,journal_ed54031020e6f922,Indiana Magazine of History,likely_core,True,likely_core,[],"[""United States""]",0,0,Editorial estimate: history or historical social science is the defining scholarly focus; likely historian-dominated for this working screen.,editorial_title_and_catalogue_subject_screen,,provisional_venue_screen_not_contributor_census
349,journal_3ad0b129b00ae4ae,Intellectual History Review,likely_core,True,likely_core,[],"[""Ideas and historiography""]",188,174,Editorial estimate: history or historical social science is the defining scholarly focus; likely historian-dominated for this working screen.,editorial_title_and_catalogue_subject_screen,,provisional_venue_screen_not_contributor_census
350,journal_887b02cb52ffc529,"International Journal for History, Culture and Modernity",likely_core,True,likely_core,[],"[""Cultural studies"", ""General history""]",0,0,Editorial estimate: history or historical social science is the defining scholarly focus; likely historian-dominated for this working screen.,editorial_title_and_catalogue_subject_screen,,provisional_venue_screen_not_contributor_census
357,journal_9dac4f2eb2dce0f8,International Journal of Korean History,likely_core,True,likely_core,[],"[""East Asia"", ""General history""]",1,2,Editorial estimate: history or historical social science is the defining scholarly focus; likely historian-dominated for this working screen.,editorial_title_and_catalogue_subject_screen,,provisional_venue_screen_not_contributor_census
359,journal_03fcc30800ae6fd9,International Journal of Maritime History,likely_core,True,likely_core,[],"[""Maritime""]",273,249,Editorial estimate: history or historical social science is the defining scholarly focus; likely historian-dominated for this working screen.,editorial_title_and_catalogue_subject_screen,,provisional_venue_screen_not_contributor_census
360,journal_d95c189c6494a6b0,International Journal of Military History and Historiography,likely_core,True,likely_core,[],"[""Ideas and historiography"", ""Military""]",11,12,Editorial estimate: history or historical social science is the defining scholarly focus; likely historian-dominated for this working screen.,editorial_title_and_catalogue_subject_screen,,provisional_venue_screen_not_contributor_census
361,journal_1b504ae54f900909,International Journal of Regional and Local History,likely_core,True,likely_core,[],"[""Regional or local history"", ""Urban""]",14,10,Editorial estimate: history or historical social science is the defining scholarly focus; likely historian-dominated for this working screen.,editorial_title_and_catalogue_subject_screen,,provisional_venue_screen_not_contributor_census
363,journal_ce1f623ed2219e26,International Labor and Working Class History,likely_core,True,likely_core,[],"[""Business, labor and economics""]",85,83,Editorial estimate: history or historical social science is the defining scholarly focus; likely historian-dominated for this working screen.,editorial_title_and_catalogue_subject_screen,,provisional_venue_screen_not_contributor_census
364,journal_231bcd1c47c023b4,International Public History,likely_core,True,likely_core,[],"[""General history"", ""Heritage and public history""]",24,27,Editorial estimate: history or historical social science is the defining scholarly focus; likely historian-dominated for this working screen.,editorial_title_and_catalogue_subject_screen,,provisional_venue_screen_not_contributor_census
365,journal_8a7c26ca6615de05,International Review of Social History,likely_core,True,likely_core,[],"[""Social""]",175,167,Editorial estimate: history or historical social science is the defining scholarly focus; likely historian-dominated for this working screen.,editorial_title_and_catalogue_subject_screen,,provisional_venue_screen_not_contributor_census
369,journal_abfd10f3a0d4ea8e,Irish Economic and Social History,likely_core,True,likely_core,[],"[""Business, labor and economics"", ""Ireland"", ""Social""]",30,30,Editorial estimate: history or historical social science is the defining scholarly focus; likely historian-dominated for this working screen.,editorial_title_and_catalogue_subject_screen,,provisional_venue_screen_not_contributor_census
370,journal_8c0a1181448bc235,Irish Historical Studies,likely_core,True,likely_core,[],"[""Ireland""]",96,86,Editorial estimate: history or historical social science is the defining scholarly focus; likely historian-dominated for this working screen.,editorial_title_and_catalogue_subject_screen,,provisional_venue_screen_not_contributor_census
372,journal_8ca2dcb0199b28f9,Isis,likely_core,True,likely_core,[],"[""Science and technology"", ""science"", ""technology""]",0,0,Editorial estimate: history or historical social science is the defining scholarly focus; likely historian-dominated for this working screen.,editorial_title_and_catalogue_subject_screen,,provisional_venue_screen_not_contributor_census
377,journal_ca95e71681fc7e1a,Istorija 20 Veka,likely_core,True,likely_core,[],"[""Eastern Europe and Balkans"", ""Modern and contemporary""]",150,104,Editorial estimate: history or historical social science is the defining scholarly focus; likely historian-dominated for this working screen.,editorial_title_and_catalogue_subject_screen,,provisional_venue_screen_not_contributor_census
379,journal_fa867d3a552b6485,Itinerario,likely_core,True,likely_core,[],"[""Europe"", ""Low Countries""]",146,151,Editorial estimate: history or historical social science is the defining scholarly focus; likely historian-dominated for this working screen.,editorial_title_and_catalogue_subject_screen,,provisional_venue_screen_not_contributor_census
382,journal_6e5b6b13fb51ee4f,Jewish Culture and History,likely_core,True,likely_core,[],"[""Cultural history"", ""Jewish studies""]",76,71,Editorial estimate: history or historical social science is the defining scholarly focus; likely historian-dominated for this working screen.,editorial_title_and_catalogue_subject_screen,,provisional_venue_screen_not_contributor_census
383,journal_0e1cecd651790c35,Jewish History,likely_core,True,likely_core,[],"[""Jewish studies""]",8,8,Editorial estimate: history or historical social science is the defining scholarly focus; likely historian-dominated for this working screen.,editorial_title_and_catalogue_subject_screen,,provisional_venue_screen_not_contributor_census
384,journal_9d03148c52b1a89d,Jewish Social Studies,likely_core,True,likely_core,[],"[""Ethnic and racial studies"", ""Jewish studies""]",0,0,Editorial estimate: history or historical social science is the defining scholarly focus; likely historian-dominated for this working screen.,editorial_title_and_catalogue_subject_screen,,provisional_venue_screen_not_contributor_census
387,journal_75c6a08ade7751b8,Journal for Maritime Research,likely_core,True,likely_core,[],"[""Britain"", ""Maritime"", ""Military""]",5,5,Editorial estimate: history or historical social science is the defining scholarly focus; likely historian-dominated for this working screen.,editorial_title_and_catalogue_subject_screen,,provisional_venue_screen_not_contributor_census
390,journal_811c9bfd83714935,Journal of African American History,likely_core,True,likely_core,[],"[""African American studies"", ""Ethnic and racial studies"", ""black""]",0,0,Editorial estimate: history or historical social science is the defining scholarly focus; likely historian-dominated for this working screen.,editorial_title_and_catalogue_subject_screen,,provisional_venue_screen_not_contributor_census
394,journal_3261cd2551a8f4ca,Journal of American Ethnic History,likely_core,True,likely_core,[],"[""Ethnic and racial studies"", ""United States""]",0,0,Editorial estimate: history or historical social science is the defining scholarly focus; likely historian-dominated for this working screen.,editorial_title_and_catalogue_subject_screen,,provisional_venue_screen_not_contributor_census
395,journal_5821106d7b9088f4,Journal of American-East Asian Relations,likely_core,True,likely_core,[],"[""Asia"", ""East Asia"", ""International relations and diplomatic"", ""United States""]",1,1,Editorial estimate: history or historical social science is the defining scholarly focus; likely historian-dominated for this working screen.,editorial_title_and_catalogue_subject_screen,,provisional_venue_screen_not_contributor_census
401,journal_8fa6d55b62619679,Journal of Asian History,likely_core,True,likely_core,[],"[""Asia""]",0,0,Editorial estimate: history or historical social science is the defining scholarly focus; likely historian-dominated for this working screen.,editorial_title_and_catalogue_subject_screen,,provisional_venue_screen_not_contributor_census
404,journal_9ed6094437f11ea2,Journal of Austrian-American History,likely_core,True,likely_core,[],"[""German-speaking Europe"", ""United States""]",27,29,Editorial estimate: history or historical social science is the defining scholarly focus; likely historian-dominated for this working screen.,editorial_title_and_catalogue_subject_screen,,provisional_venue_screen_not_contributor_census
406,journal_3f383aa8e45b2601,Journal of British Studies,likely_core,True,likely_core,[],"[""Britain""]",921,825,Retain: user confirms Journal of British Studies is overwhelmingly history. Regional coverage and the word Studies do not make it general area studies.,user_editorial_correction_and_publisher_scope,https://www.cambridge.org/core/journals/journal-of-british-studies/information/about-this-journal,provisional_venue_screen_not_contributor_census
407,journal_86ee003c94c7951e,Journal of Chinese History,likely_core,True,likely_core,[],"[""East Asia""]",210,180,Editorial estimate: history or historical social science is the defining scholarly focus; likely historian-dominated for this working screen.,editorial_title_and_catalogue_subject_screen,,provisional_venue_screen_not_contributor_census
409,journal_48176cf0ef384b8d,Journal of Chinese Military History,likely_core,True,likely_core,[],"[""East Asia"", ""Military""]",35,33,Editorial estimate: history or historical social science is the defining scholarly focus; likely historian-dominated for this working screen.,editorial_title_and_catalogue_subject_screen,,provisional_venue_screen_not_contributor_census
413,journal_a09ca3d405b3ee2d,Journal of Cold War Studies,likely_core,True,likely_core,[],"[""International relations and diplomatic""]",0,0,Editorial estimate: history or historical social science is the defining scholarly focus; likely historian-dominated for this working screen.,editorial_title_and_catalogue_subject_screen,,provisional_venue_screen_not_contributor_census
421,journal_02374963f4ea4849,Journal of Early American History,likely_core,True,likely_core,[],"[""United States""]",9,9,Editorial estimate: history or historical social science is the defining scholarly focus; likely historian-dominated for this working screen.,editorial_title_and_catalogue_subject_screen,,provisional_venue_screen_not_contributor_census
423,journal_f7f5c76bcfa26287,Journal of Early Modern History,likely_core,True,likely_core,[],"[""Early modern"", ""Modern and contemporary""]",154,144,Editorial estimate: history or historical social science is the defining scholarly focus; likely historian-dominated for this working screen.,editorial_title_and_catalogue_subject_screen,,provisional_venue_screen_not_contributor_census
425,journal_f945b16485034b24,Journal of Economic History,likely_core,True,likely_core,[],"[""Business, labor and economics"", ""economic""]",115,106,Editorial estimate: history or historical social science is the defining scholarly focus; likely historian-dominated for this working screen.,editorial_title_and_catalogue_subject_screen,,provisional_venue_screen_not_contributor_census
426,journal_85759916e0bae0c5,Journal of Egyptian History,likely_core,True,likely_core,[],"[""Egypt""]",37,38,Editorial estimate: history or historical social science is the defining scholarly focus; likely historian-dominated for this working screen.,editorial_title_and_catalogue_subject_screen,,provisional_venue_screen_not_contributor_census
428,journal_40dae856794b879a,Journal of European Integration History,likely_core,True,likely_core,[],"[""Europe""]",0,0,Editorial estimate: history or historical social science is the defining scholarly focus; likely historian-dominated for this working screen.,editorial_title_and_catalogue_subject_screen,,provisional_venue_screen_not_contributor_census
429,journal_a0ecba92e4f263e1,Journal of Family History,likely_core,True,likely_core,[],"[""Demography and family""]",159,156,Editorial estimate: history or historical social science is the defining scholarly focus; likely historian-dominated for this working screen.,editorial_title_and_catalogue_subject_screen,,provisional_venue_screen_not_contributor_census
430,journal_73cfe4dd8669d4b5,Journal of Genocide Research,likely_core,True,likely_core,[],"[""Genocide""]",173,173,Editorial estimate: history or historical social science is the defining scholarly focus; likely historian-dominated for this working screen.,editorial_title_and_catalogue_subject_screen,,provisional_venue_screen_not_contributor_census
431,journal_4455dbe3edff263b,Journal of global History,likely_core,True,likely_core,[],"[""Ideas and historiography""]",86,95,Editorial estimate: history or historical social science is the defining scholarly focus; likely historian-dominated for this working screen.,editorial_title_and_catalogue_subject_screen,,provisional_venue_screen_not_contributor_census
432,journal_bc9a224a0c7ddec6,Journal of Global Slavery,likely_core,True,likely_core,[],"[""Ethnic and racial studies""]",57,60,Editorial estimate: history or historical social science is the defining scholarly focus; likely historian-dominated for this working screen.,editorial_title_and_catalogue_subject_screen,,provisional_venue_screen_not_contributor_census
435,journal_7b35c15d5248d085,Journal of Historical Geography,likely_core,True,likely_core,[],"[""Geography""]",379,372,Editorial estimate: history or historical social science is the defining scholarly focus; likely historian-dominated for this working screen.,editorial_title_and_catalogue_subject_screen,,provisional_venue_screen_not_contributor_census
437,journal_0ff5c17fd43c4f65,Journal of Historical Sociology,likely_core,True,likely_core,[],"[""Social""]",56,55,Editorial estimate: history or historical social science is the defining scholarly focus; likely historian-dominated for this working screen.,editorial_title_and_catalogue_subject_screen,,provisional_venue_screen_not_contributor_census
441,journal_09012fb45eab4d3e,Journal of Intelligence History,likely_core,True,likely_core,[],[],80,68,Editorial estimate: history or historical social science is the defining scholarly focus; likely historian-dominated for this working screen.,editorial_title_and_catalogue_subject_screen,,provisional_venue_screen_not_contributor_census
443,journal_186238c00e627d8e,Journal of Interdisciplinary History,likely_core,True,likely_core,[],"[""General history"", ""Interdisciplinary history""]",0,0,Editorial estimate: history or historical social science is the defining scholarly focus; likely historian-dominated for this working screen.,editorial_title_and_catalogue_subject_screen,,provisional_venue_screen_not_contributor_census
445,journal_d0b016607a360c95,Journal of Jesuit Studies,likely_core,True,likely_core,[],"[""General history"", ""Religion""]",52,53,Editorial estimate: history or historical social science is the defining scholarly focus; likely historian-dominated for this working screen.,editorial_title_and_catalogue_subject_screen,,provisional_venue_screen_not_contributor_census
449,journal_ef420fa33c8f600a,Journal of Late Antiquity,likely_core,True,likely_core,[],"[""Ancient"", ""Late Antiquity""]",0,0,Editorial estimate: history or historical social science is the defining scholarly focus; likely historian-dominated for this working screen.,editorial_title_and_catalogue_subject_screen,,provisional_venue_screen_not_contributor_census
452,journal_513aa84d8ec855f3,Journal of Management History,likely_core,True,likely_core,[],[],7,15,Editorial estimate: history or historical social science is the defining scholarly focus; likely historian-dominated for this working screen.,editorial_title_and_catalogue_subject_screen,,provisional_venue_screen_not_contributor_census
453,journal_b333afd6f217e269,Journal of Medieval History,likely_core,True,likely_core,[],"[""Middle Ages""]",99,104,Editorial estimate: history or historical social science is the defining scholarly focus; likely historian-dominated for this working screen.,editorial_title_and_catalogue_subject_screen,,provisional_venue_screen_not_contributor_census
454,journal_43b50270ea079854,Journal of Medieval Iberian Studies,likely_core,True,likely_core,[],"[""Iberia"", ""Middle Ages""]",123,152,Editorial estimate: history or historical social science is the defining scholarly focus; likely historian-dominated for this working screen.,editorial_title_and_catalogue_subject_screen,,provisional_venue_screen_not_contributor_census
455,journal_aefa3b842e9299d0,Journal of Medieval Monastic Studies,likely_core,True,likely_core,[],"[""Middle Ages"", ""Religion""]",0,0,Editorial estimate: history or historical social science is the defining scholarly focus; likely historian-dominated for this working screen.,editorial_title_and_catalogue_subject_screen,,provisional_venue_screen_not_contributor_census
457,journal_5e2c4b4321a8e81d,Journal of Migration History,likely_core,True,likely_core,[],"[""Diaspora and migration"", ""Ethnic and racial studies""]",5,5,Editorial estimate: history or historical social science is the defining scholarly focus; likely historian-dominated for this working screen.,editorial_title_and_catalogue_subject_screen,,provisional_venue_screen_not_contributor_census
458,journal_057f4e95b6bd7edb,Journal of Modern European History,likely_core,True,likely_core,[],"[""Europe""]",145,168,Editorial estimate: history or historical social science is the defining scholarly focus; likely historian-dominated for this working screen.,editorial_title_and_catalogue_subject_screen,,provisional_venue_screen_not_contributor_census
460,journal_bcbdf33aaac0ed1d,Journal of Modern Italian Studies,likely_core,True,likely_core,[],"[""Italy""]",156,155,"Retain as regional history: publisher frames coverage around political, economic, cultural and social history of Italy since 1700, while welcoming other disciplines.",publisher_scope_checked,https://www.tandfonline.com/rmis,provisional_venue_screen_not_contributor_census
462,journal_3f66d54b263d36b2,Journal of Moravian History,likely_core,True,likely_core,[],[],16,13,Editorial estimate: history or historical social science is the defining scholarly focus; likely historian-dominated for this working screen.,editorial_title_and_catalogue_subject_screen,,provisional_venue_screen_not_contributor_census
463,journal_8bec0e86e7c4a53e,Journal of Mormon History,likely_core,True,likely_core,[],"[""Religion""]",0,0,Editorial estimate: history or historical social science is the defining scholarly focus; likely historian-dominated for this working screen.,editorial_title_and_catalogue_subject_screen,,provisional_venue_screen_not_contributor_census
466,journal_1c7b5476f23090dc,Journal of Negro History,likely_core,True,likely_core,[],"[""African American studies"", ""black""]",0,0,Editorial estimate: history or historical social science is the defining scholarly focus; likely historian-dominated for this working screen.,editorial_title_and_catalogue_subject_screen,,provisional_venue_screen_not_contributor_census
468,journal_3c679fa7ce9ce3b7,Journal of Pacific History,likely_core,True,likely_core,[],"[""Asia Pacific"", ""Australasia and Oceania""]",121,101,Editorial estimate: history or historical social science is the defining scholarly focus; likely historian-dominated for this working screen.,editorial_title_and_catalogue_subject_screen,,provisional_venue_screen_not_contributor_census
473,journal_05b07cc1ed9ec31d,Journal of Planning History,likely_core,True,likely_core,[],"[""Urban""]",147,144,Editorial estimate: history or historical social science is the defining scholarly focus; likely historian-dominated for this working screen.,editorial_title_and_catalogue_subject_screen,,provisional_venue_screen_not_contributor_census
474,journal_d21e2f0682668ea4,Journal of Policy History,likely_core,True,likely_core,[],"[""Politics and public policy"", ""United States""]",47,47,Editorial estimate: history or historical social science is the defining scholarly focus; likely historian-dominated for this working screen.,editorial_title_and_catalogue_subject_screen,,provisional_venue_screen_not_contributor_census
475,journal_c90bdc00bb27ebf2,Journal of Presbyterian History,likely_core,True,likely_core,[],[],0,0,Editorial estimate: history or historical social science is the defining scholarly focus; likely historian-dominated for this working screen.,editorial_title_and_catalogue_subject_screen,,provisional_venue_screen_not_contributor_census
477,journal_efceea525a4eea2c,Journal of Religious History,likely_core,True,likely_core,[],"[""Australasia and Oceania"", ""Religion""]",659,510,Editorial estimate: history or historical social science is the defining scholarly focus; likely historian-dominated for this working screen.,editorial_title_and_catalogue_subject_screen,,provisional_venue_screen_not_contributor_census
481,journal_0ade3b13475fde7c,Journal of Social History,likely_core,True,likely_core,[],"[""Social"", ""social""]",124,114,Editorial estimate: history or historical social science is the defining scholarly focus; likely historian-dominated for this working screen.,editorial_title_and_catalogue_subject_screen,,provisional_venue_screen_not_contributor_census
487,journal_a6e068f32590fd4a,Journal of Sport History,likely_core,True,likely_core,[],"[""Sport""]",0,0,Editorial estimate: history or historical social science is the defining scholarly focus; likely historian-dominated for this working screen.,editorial_title_and_catalogue_subject_screen,,provisional_venue_screen_not_contributor_census
491,journal_691748060487dd52,Journal of the Australian Early Medieval Association,likely_core,True,likely_core,[],"[""Middle Ages""]",96,49,Editorial estimate: history or historical social science is the defining scholarly focus; likely historian-dominated for this working screen.,editorial_title_and_catalogue_subject_screen,,provisional_venue_screen_not_contributor_census
492,journal_b29c1b490cd7f2af,Journal of the Early Republic,likely_core,True,likely_core,[],"[""United States""]",0,0,Editorial estimate: history or historical social science is the defining scholarly focus; likely historian-dominated for this working screen.,editorial_title_and_catalogue_subject_screen,,provisional_venue_screen_not_contributor_census
493,journal_c2461bf533cd622a,Journal of the Economic and Social History of the Orient,likely_core,True,likely_core,[],"[""Asia"", ""Business, labor and economics"", ""East Asia"", ""Middle East"", ""Social""]",93,101,Editorial estimate: history or historical social science is the defining scholarly focus; likely historian-dominated for this working screen.,editorial_title_and_catalogue_subject_screen,,provisional_venue_screen_not_contributor_census
494,journal_bb186df994dfcc83,Journal of the History of Economic Thought,likely_core,True,likely_core,[],"[""Business, labor and economics""]",153,119,Editorial estimate: history or historical social science is the defining scholarly focus; likely historian-dominated for this working screen.,editorial_title_and_catalogue_subject_screen,,provisional_venue_screen_not_contributor_census
495,journal_8190ce597550789c,Journal of the History of Ideas,likely_core,True,likely_core,[],"[""Ideas and historiography"", ""Philosophy""]",0,0,Editorial estimate: history or historical social science is the defining scholarly focus; likely historian-dominated for this working screen.,editorial_title_and_catalogue_subject_screen,,provisional_venue_screen_not_contributor_census
496,journal_430c5c5a636cf950,Journal of the History of Medicine and Allied Sciences,likely_core,True,likely_core,[],"[""Medicine and health"", ""Science and technology""]",99,99,Editorial estimate: history or historical social science is the defining scholarly focus; likely historian-dominated for this working screen.,editorial_title_and_catalogue_subject_screen,,provisional_venue_screen_not_contributor_census
497,journal_07ccddae5a67c1fa,Journal of the History of Sexuality,likely_core,True,likely_core,[],"[""Women and gender studies"", ""queer""]",0,0,Editorial estimate: history or historical social science is the defining scholarly focus; likely historian-dominated for this working screen.,editorial_title_and_catalogue_subject_screen,,provisional_venue_screen_not_contributor_census
498,journal_2c835362abb13fca,Journal of the History of the Behavioral Sciences,likely_core,True,likely_core,[],"[""Psychology and behavioral sciences"", ""Social sciences""]",230,207,Editorial estimate: history or historical social science is the defining scholarly focus; likely historian-dominated for this working screen.,editorial_title_and_catalogue_subject_screen,,provisional_venue_screen_not_contributor_census
502,journal_12c0d6a71b4570ba,Journal of the Royal Australian Historical Society,likely_core,True,likely_core,[],"[""Australasia and Oceania""]",0,0,Editorial estimate: history or historical social science is the defining scholarly focus; likely historian-dominated for this working screen.,editorial_title_and_catalogue_subject_screen,,provisional_venue_screen_not_contributor_census
505,journal_f6713658693c61b7,Journal of the Society of Architectural Historians,likely_core,True,likely_core,[],"[""Architectural""]",0,0,Editorial estimate: history or historical social science is the defining scholarly focus; likely historian-dominated for this working screen.,editorial_title_and_catalogue_subject_screen,,provisional_venue_screen_not_contributor_census
507,journal_2d8590efe31099c7,Journal of the West,likely_core,True,likely_core,[],"[""United States""]",0,0,Editorial estimate: history or historical social science is the defining scholarly focus; likely historian-dominated for this working screen.,editorial_title_and_catalogue_subject_screen,,provisional_venue_screen_not_contributor_census
508,journal_84e0dc80bd203264,Journal of Tourism History,likely_core,True,likely_core,[],"[""Transport and tourism""]",81,89,Editorial estimate: history or historical social science is the defining scholarly focus; likely historian-dominated for this working screen.,editorial_title_and_catalogue_subject_screen,,provisional_venue_screen_not_contributor_census
510,journal_2b8522c13948819d,Journal of Urban History,likely_core,True,likely_core,[],"[""Urban""]",281,294,Editorial estimate: history or historical social science is the defining scholarly focus; likely historian-dominated for this working screen.,editorial_title_and_catalogue_subject_screen,,provisional_venue_screen_not_contributor_census
514,journal_ec74f244f54d7364,Journal of Women's History,likely_core,True,likely_core,[],"[""Women and gender studies""]",0,0,Editorial estimate: history or historical social science is the defining scholarly focus; likely historian-dominated for this working screen.,editorial_title_and_catalogue_subject_screen,,provisional_venue_screen_not_contributor_census
515,journal_77695299ceedc9b2,Journal of World History,likely_core,True,likely_core,[],"[""Comparative and world""]",0,0,Editorial estimate: history or historical social science is the defining scholarly focus; likely historian-dominated for this working screen.,editorial_title_and_catalogue_subject_screen,,provisional_venue_screen_not_contributor_census
516,journal_0b541c9b34dc482a,Journal on European History of Law,likely_core,True,likely_core,[],"[""Europe"", ""Legal""]",294,196,Editorial estimate: history or historical social science is the defining scholarly focus; likely historian-dominated for this working screen.,editorial_title_and_catalogue_subject_screen,,provisional_venue_screen_not_contributor_census
517,journal_d77b7f7c919dcef2,Judaica Bohemiae,likely_core,True,likely_core,[],"[""Eastern Europe and Balkans"", ""Jewish studies""]",0,0,Editorial estimate: history or historical social science is the defining scholarly focus; likely historian-dominated for this working screen.,editorial_title_and_catalogue_subject_screen,,provisional_venue_screen_not_contributor_census
519,journal_89890cb9ebbc8969,Kansas History,likely_core,True,likely_core,[],"[""United States""]",0,0,Editorial estimate: history or historical social science is the defining scholarly focus; likely historian-dominated for this working screen.,editorial_title_and_catalogue_subject_screen,,provisional_venue_screen_not_contributor_census
520,journal_c3ea04dfb8fa5d34,Klio,likely_core,True,likely_core,[],"[""Ancient"", ""Greece""]",36,36,Editorial estimate: history or historical social science is the defining scholarly focus; likely historian-dominated for this working screen.,editorial_title_and_catalogue_subject_screen,,provisional_venue_screen_not_contributor_census
522,journal_0942ceb4caa62231,Kritika,likely_core,True,likely_core,[],"[""Russia and Eurasia""]",0,0,Editorial estimate: history or historical social science is the defining scholarly focus; likely historian-dominated for this working screen.,editorial_title_and_catalogue_subject_screen,,provisional_venue_screen_not_contributor_census
524,journal_f0ff8d2c0ee1f500,Kwartalnik Historyczny,likely_core,True,likely_core,[],"[""Eastern Europe and Balkans"", ""General history"", ""Poland""]",189,167,Editorial estimate: history or historical social science is the defining scholarly focus; likely historian-dominated for this working screen.,editorial_title_and_catalogue_subject_screen,,provisional_venue_screen_not_contributor_census
526,journal_5de8246e0b40b7e2,Labor History,likely_core,True,likely_core,[],"[""Business, labor and economics""]",196,224,Editorial estimate: history or historical social science is the defining scholarly focus; likely historian-dominated for this working screen.,editorial_title_and_catalogue_subject_screen,,provisional_venue_screen_not_contributor_census
527,journal_52d81008d00a13c6,Labour History,likely_core,True,likely_core,[],"[""Australasia and Oceania"", ""Business, labor and economics""]",30,46,Editorial estimate: history or historical social science is the defining scholarly focus; likely historian-dominated for this working screen.,editorial_title_and_catalogue_subject_screen,,provisional_venue_screen_not_contributor_census
528,journal_4d911409059178f9,Labour History Review,likely_core,True,likely_core,[],"[""Business, labor and economics""]",20,35,Editorial estimate: history or historical social science is the defining scholarly focus; likely historian-dominated for this working screen.,editorial_title_and_catalogue_subject_screen,,provisional_venue_screen_not_contributor_census
529,journal_d49ff3b1ae59979f,Landscape History,likely_core,True,likely_core,[],[],9,14,Editorial estimate: history or historical social science is the defining scholarly focus; likely historian-dominated for this working screen.,editorial_title_and_catalogue_subject_screen,,provisional_venue_screen_not_contributor_census
531,journal_96045933721e0452,Late Imperial China,likely_core,True,likely_core,[],"[""East Asia""]",0,0,Editorial estimate: history or historical social science is the defining scholarly focus; likely historian-dominated for this working screen.,editorial_title_and_catalogue_subject_screen,,provisional_venue_screen_not_contributor_census
536,journal_423100a5a865d9cb,Law and History Review,likely_core,True,likely_core,[],"[""Legal""]",102,100,Editorial estimate: history or historical social science is the defining scholarly focus; likely historian-dominated for this working screen.,editorial_title_and_catalogue_subject_screen,,provisional_venue_screen_not_contributor_census
537,journal_054d070a681aafc6,Le Mouvement social,likely_core,True,likely_core,[],"[""Social"", ""Socialism and related political traditions""]",0,0,Editorial estimate: history or historical social science is the defining scholarly focus; likely historian-dominated for this working screen.,editorial_title_and_catalogue_subject_screen,,provisional_venue_screen_not_contributor_census
540,journal_03083059e70c3d9a,Lias,likely_core,True,likely_core,[],"[""Philosophy""]",0,0,Editorial estimate: history or historical social science is the defining scholarly focus; likely historian-dominated for this working screen.,editorial_title_and_catalogue_subject_screen,,provisional_venue_screen_not_contributor_census
543,journal_7179bd45aeb8209a,Locus Amoenus,likely_core,True,likely_core,[],[],69,62,Editorial estimate: history or historical social science is the defining scholarly focus; likely historian-dominated for this working screen.,editorial_title_and_catalogue_subject_screen,,provisional_venue_screen_not_contributor_census
547,journal_8786da46168acc00,Management and Organizational History,likely_core,True,likely_core,[],[],67,90,Editorial estimate: history or historical social science is the defining scholarly focus; likely historian-dominated for this working screen.,editorial_title_and_catalogue_subject_screen,,provisional_venue_screen_not_contributor_census
549,journal_88109e0093fdd947,Media History,likely_core,True,likely_core,[],"[""Media and books""]",109,119,Editorial estimate: history or historical social science is the defining scholarly focus; likely historian-dominated for this working screen.,editorial_title_and_catalogue_subject_screen,,provisional_venue_screen_not_contributor_census
551,journal_ebe7717166683b58,Mediaevalia Historica Bohemica,likely_core,True,likely_core,[],"[""Eastern Europe and Balkans"", ""Middle Ages""]",34,31,Editorial estimate: history or historical social science is the defining scholarly focus; likely historian-dominated for this working screen.,editorial_title_and_catalogue_subject_screen,,provisional_venue_screen_not_contributor_census
552,journal_7c1762a74e99d9a6,Medical History,likely_core,True,likely_core,[],"[""Medicine and health""]",108,116,Editorial estimate: history or historical social science is the defining scholarly focus; likely historian-dominated for this working screen.,editorial_title_and_catalogue_subject_screen,,provisional_venue_screen_not_contributor_census
554,journal_71accc8bf8209681,Medieval Encounters,likely_core,True,likely_core,[],"[""Islamic studies"", ""Jewish studies"", ""Middle Ages""]",84,86,Editorial estimate: history or historical social science is the defining scholarly focus; likely historian-dominated for this working screen.,editorial_title_and_catalogue_subject_screen,,provisional_venue_screen_not_contributor_census
555,journal_3e5ef0a278f422dd,Mediterranea - Ricerche Storiche,likely_core,True,likely_core,[],"[""Italy"", ""Mediterranean"", ""Middle Ages""]",0,0,Editorial estimate: history or historical social science is the defining scholarly focus; likely historian-dominated for this working screen.,editorial_title_and_catalogue_subject_screen,,provisional_venue_screen_not_contributor_census
556,journal_237c04bd38e91dd0,Mediterranean Historical Review,likely_core,True,likely_core,[],"[""Mediterranean""]",59,67,Editorial estimate: history or historical social science is the defining scholarly focus; likely historian-dominated for this working screen.,editorial_title_and_catalogue_subject_screen,,provisional_venue_screen_not_contributor_census
557,journal_9caf0673e1a3b685,Memoria e Ricerca,likely_core,True,likely_core,[],"[""General history"", ""Memory studies"", ""Modern and contemporary""]",0,0,Editorial estimate: history or historical social science is the defining scholarly focus; likely historian-dominated for this working screen.,editorial_title_and_catalogue_subject_screen,,provisional_venue_screen_not_contributor_census
561,journal_bff810e388b95a3f,Michigan Historical Review,likely_core,True,likely_core,[],"[""United States""]",0,0,Editorial estimate: history or historical social science is the defining scholarly focus; likely historian-dominated for this working screen.,editorial_title_and_catalogue_subject_screen,,provisional_venue_screen_not_contributor_census
563,journal_1cbec499c3288335,Midland History,likely_core,True,likely_core,[],"[""Regional or local history""]",64,50,Editorial estimate: history or historical social science is the defining scholarly focus; likely historian-dominated for this working screen.,editorial_title_and_catalogue_subject_screen,,provisional_venue_screen_not_contributor_census
564,journal_d1e73b074516df50,Militärgeschichtliche Zeitschrift,likely_core,True,likely_core,[],"[""German-speaking Europe"", ""Military""]",0,0,Editorial estimate: history or historical social science is the defining scholarly focus; likely historian-dominated for this working screen.,editorial_title_and_catalogue_subject_screen,,provisional_venue_screen_not_contributor_census
565,journal_deea893c9dccfcc7,Ming Studies,likely_core,True,likely_core,[],"[""East Asia""]",27,18,Editorial estimate: history or historical social science is the defining scholarly focus; likely historian-dominated for this working screen.,editorial_title_and_catalogue_subject_screen,,provisional_venue_screen_not_contributor_census
566,journal_66d133bccca89ab7,Minnesota History,likely_core,True,likely_core,[],"[""United States""]",0,0,Editorial estimate: history or historical social science is the defining scholarly focus; likely historian-dominated for this working screen.,editorial_title_and_catalogue_subject_screen,,provisional_venue_screen_not_contributor_census
568,journal_0e773d54a56d5141,Missouri Historical Review,likely_core,True,likely_core,[],"[""United States""]",0,0,Editorial estimate: history or historical social science is the defining scholarly focus; likely historian-dominated for this working screen.,editorial_title_and_catalogue_subject_screen,,provisional_venue_screen_not_contributor_census
570,journal_1f31b643beaca0dd,Modern American History,likely_core,True,likely_core,[],"[""United States""]",191,183,Editorial estimate: history or historical social science is the defining scholarly focus; likely historian-dominated for this working screen.,editorial_title_and_catalogue_subject_screen,,provisional_venue_screen_not_contributor_census
573,journal_d620de9e27dd4317,Modern Intellectual History,likely_core,True,likely_core,[],"[""Ideas and historiography""]",128,125,Editorial estimate: history or historical social science is the defining scholarly focus; likely historian-dominated for this working screen.,editorial_title_and_catalogue_subject_screen,,provisional_venue_screen_not_contributor_census
579,journal_ec3bc593890aed44,Mundo Agrario,likely_core,True,likely_core,[],"[""Latin America and Caribbean"", ""Rural and agricultural""]",126,228,Editorial estimate: history or historical social science is the defining scholarly focus; likely historian-dominated for this working screen.,editorial_title_and_catalogue_subject_screen,,provisional_venue_screen_not_contributor_census
580,journal_12fdca399e8d8d40,Museum History Journal,likely_core,True,likely_core,[],"[""Heritage and public history""]",62,74,Editorial estimate: history or historical social science is the defining scholarly focus; likely historian-dominated for this working screen.,editorial_title_and_catalogue_subject_screen,,provisional_venue_screen_not_contributor_census
586,journal_aded3c6c3577b588,New Mexico Historical Review,likely_core,True,likely_core,[],"[""Indigenous studies"", ""United States""]",0,0,Editorial estimate: history or historical social science is the defining scholarly focus; likely historian-dominated for this working screen.,editorial_title_and_catalogue_subject_screen,,provisional_venue_screen_not_contributor_census
589,journal_4a594fa2503f3313,New York History,likely_core,True,likely_core,[],"[""Regional or local history""]",0,0,Editorial estimate: history or historical social science is the defining scholarly focus; likely historian-dominated for this working screen.,editorial_title_and_catalogue_subject_screen,,provisional_venue_screen_not_contributor_census
590,journal_3c44c5c28f7b2c3b,New Zealand Journal of History,likely_core,True,likely_core,[],"[""Australasia and Oceania"", ""General history""]",0,0,Editorial estimate: history or historical social science is the defining scholarly focus; likely historian-dominated for this working screen.,editorial_title_and_catalogue_subject_screen,,provisional_venue_screen_not_contributor_census
594,journal_96e925e588a01d43,Northern History,likely_core,True,likely_core,[],"[""Britain"", ""Regional or local history""]",58,52,Editorial estimate: history or historical social science is the defining scholarly focus; likely historian-dominated for this working screen.,editorial_title_and_catalogue_subject_screen,,provisional_venue_screen_not_contributor_census
595,journal_ed00abc0414f5a9f,Northern Scotland,likely_core,True,likely_core,[],"[""Britain""]",13,15,Editorial estimate: history or historical social science is the defining scholarly focus; likely historian-dominated for this working screen.,editorial_title_and_catalogue_subject_screen,,provisional_venue_screen_not_contributor_census
598,journal_883f0907e12de5d8,Nuova Rivista Storica,likely_core,True,likely_core,[],"[""General history""]",0,0,Editorial estimate: history or historical social science is the defining scholarly focus; likely historian-dominated for this working screen.,editorial_title_and_catalogue_subject_screen,,provisional_venue_screen_not_contributor_census
600,journal_91ac22513ea8f4aa,Ohio History,likely_core,True,likely_core,[],"[""United States""]",0,0,Editorial estimate: history or historical social science is the defining scholarly focus; likely historian-dominated for this working screen.,editorial_title_and_catalogue_subject_screen,,provisional_venue_screen_not_contributor_census
603,journal_1d2f5edf681df07a,Oregon Historical Quarterly,likely_core,True,likely_core,[],"[""United States""]",0,0,Editorial estimate: history or historical social science is the defining scholarly focus; likely historian-dominated for this working screen.,editorial_title_and_catalogue_subject_screen,,provisional_venue_screen_not_contributor_census
606,journal_d14b6c9eeebdd0d6,Osiris,likely_core,True,likely_core,[],"[""Science and technology"", ""science""]",0,0,Editorial estimate: history or historical social science is the defining scholarly focus; likely historian-dominated for this working screen.,editorial_title_and_catalogue_subject_screen,,provisional_venue_screen_not_contributor_census
607,journal_fa9bf2f89281677e,Oxford Art Journal,likely_core,True,likely_core,[],"[""Art""]",61,57,Editorial estimate: history or historical social science is the defining scholarly focus; likely historian-dominated for this working screen.,editorial_title_and_catalogue_subject_screen,,provisional_venue_screen_not_contributor_census
608,journal_3d98833a0d8281f8,Pacific Historical Review,likely_core,True,likely_core,[],"[""United States""]",0,0,Editorial estimate: history or historical social science is the defining scholarly focus; likely historian-dominated for this working screen.,editorial_title_and_catalogue_subject_screen,,provisional_venue_screen_not_contributor_census
609,journal_0f2e6daed59d611b,Paedagogica Historica,likely_core,True,likely_core,[],"[""Education""]",362,416,Editorial estimate: history or historical social science is the defining scholarly focus; likely historian-dominated for this working screen.,editorial_title_and_catalogue_subject_screen,,provisional_venue_screen_not_contributor_census
614,journal_30f867b31cdf447a,Parliamentary History,likely_core,True,likely_core,[],"[""Politics and public policy""]",65,59,Editorial estimate: history or historical social science is the defining scholarly focus; likely historian-dominated for this working screen.,editorial_title_and_catalogue_subject_screen,,provisional_venue_screen_not_contributor_census
615,journal_fde910319ee8dd75,Parliaments Estates and Representation,likely_core,True,likely_core,[],"[""Politics and public policy""]",159,133,Editorial estimate: history or historical social science is the defining scholarly focus; likely historian-dominated for this working screen.,editorial_title_and_catalogue_subject_screen,,provisional_venue_screen_not_contributor_census
616,journal_b2aca6e2c5b0a211,Past & Present,likely_core,True,likely_core,[],"[""Britain"", ""General history""]",125,129,Editorial estimate: history or historical social science is the defining scholarly focus; likely historian-dominated for this working screen.,editorial_title_and_catalogue_subject_screen,,provisional_venue_screen_not_contributor_census
618,journal_5a828d39d05d6fb8,Pennsylvania History,likely_core,True,likely_core,[],"[""Regional or local history""]",30,23,Editorial estimate: history or historical social science is the defining scholarly focus; likely historian-dominated for this working screen.,editorial_title_and_catalogue_subject_screen,,provisional_venue_screen_not_contributor_census
619,journal_1afb8b667f1ae5c3,Peritia,likely_core,True,likely_core,[],"[""Ireland"", ""Middle Ages""]",0,0,Editorial estimate: history or historical social science is the defining scholarly focus; likely historian-dominated for this working screen.,editorial_title_and_catalogue_subject_screen,,provisional_venue_screen_not_contributor_census
621,journal_a13036715c908b55,Philippine Studies: Historical and Ethnographic Viewpoints,likely_core,True,likely_core,[],"[""Anthropology and ethnography"", ""Southeast Asia""]",0,0,Editorial estimate: history or historical social science is the defining scholarly focus; likely historian-dominated for this working screen.,editorial_title_and_catalogue_subject_screen,,provisional_venue_screen_not_contributor_census
625,journal_a43b2d9e9ee6d8b0,Planning Perspectives,likely_core,True,likely_core,[],"[""Urban""]",381,427,Editorial estimate: history or historical social science is the defining scholarly focus; likely historian-dominated for this working screen.,editorial_title_and_catalogue_subject_screen,,provisional_venue_screen_not_contributor_census
629,journal_2792bbb391111da3,Popolazione e Storia,likely_core,True,likely_core,[],"[""Demography and family"", ""Italy""]",0,0,Editorial estimate: history or historical social science is the defining scholarly focus; likely historian-dominated for this working screen.,editorial_title_and_catalogue_subject_screen,,provisional_venue_screen_not_contributor_census
633,journal_c581690fb5cc4430,Povijesni Prilozi,likely_core,True,likely_core,[],[],119,99,Editorial estimate: history or historical social science is the defining scholarly focus; likely historian-dominated for this working screen.,editorial_title_and_catalogue_subject_screen,,provisional_venue_screen_not_contributor_census
636,journal_140e8ca13be863d3,Publishing History,likely_core,True,likely_core,[],"[""Media and books""]",0,0,Editorial estimate: history or historical social science is the defining scholarly focus; likely historian-dominated for this working screen.,editorial_title_and_catalogue_subject_screen,,provisional_venue_screen_not_contributor_census
638,journal_cfc410ef907bdbd7,Quaderni Storici,likely_core,True,likely_core,[],[],0,0,Editorial estimate: history or historical social science is the defining scholarly focus; likely historian-dominated for this working screen.,editorial_title_and_catalogue_subject_screen,,provisional_venue_screen_not_contributor_census
639,journal_ab2613b233799692,Quaerendo,likely_core,True,likely_core,[],"[""Manuscript studies"", ""Media and books""]",52,53,Editorial estimate: history or historical social science is the defining scholarly focus; likely historian-dominated for this working screen.,editorial_title_and_catalogue_subject_screen,,provisional_venue_screen_not_contributor_census
642,journal_472e21a0b18f882a,Quinto Sol,likely_core,True,likely_core,[],"[""Business, labor and economics"", ""Social"", ""Social sciences""]",21,24,Editorial estimate: history or historical social science is the defining scholarly focus; likely historian-dominated for this working screen.,editorial_title_and_catalogue_subject_screen,,provisional_venue_screen_not_contributor_census
643,journal_4630cadaf7561ba5,Radical History Review,likely_core,True,likely_core,[],"[""General history"", ""Modern and contemporary"", ""Socialism and related political traditions""]",0,0,Editorial estimate: history or historical social science is the defining scholarly focus; likely historian-dominated for this working screen.,editorial_title_and_catalogue_subject_screen,,provisional_venue_screen_not_contributor_census
644,journal_09fc2f1a6d52501a,Radovi Instituta za Povijest Umjetnosti,likely_core,True,likely_core,[],"[""Art""]",0,0,Editorial estimate: history or historical social science is the defining scholarly focus; likely historian-dominated for this working screen.,editorial_title_and_catalogue_subject_screen,,provisional_venue_screen_not_contributor_census
645,journal_0835598cd9000a22,Radovi Zavoda za Povijesne Znanosti Hazu u Zadru,likely_core,True,likely_core,[],[],0,0,Editorial estimate: history or historical social science is the defining scholarly focus; likely historian-dominated for this working screen.,editorial_title_and_catalogue_subject_screen,,provisional_venue_screen_not_contributor_census
646,journal_9094fd9292e9e102,Rassegna Storica del Risorgimento,likely_core,True,likely_core,[],"[""Italy""]",0,0,Editorial estimate: history or historical social science is the defining scholarly focus; likely historian-dominated for this working screen.,editorial_title_and_catalogue_subject_screen,,provisional_venue_screen_not_contributor_census
649,journal_d70bc8b4433eab4e,Reformation,likely_core,True,likely_core,[],"[""Britain"", ""Europe"", ""Religion""]",32,27,Editorial estimate: history or historical social science is the defining scholarly focus; likely historian-dominated for this working screen.,editorial_title_and_catalogue_subject_screen,,provisional_venue_screen_not_contributor_census
653,journal_ef1613e97ed2256c,Renaissance Quarterly,likely_core,True,likely_core,[],"[""Early modern""]",0,0,Editorial estimate: history or historical social science is the defining scholarly focus; likely historian-dominated for this working screen.,editorial_title_and_catalogue_subject_screen,,provisional_venue_screen_not_contributor_census
655,journal_1e179fb66763df00,Rethinking History,likely_core,True,likely_core,[],"[""General history"", ""Ideas and historiography""]",178,197,Editorial estimate: history or historical social science is the defining scholarly focus; likely historian-dominated for this working screen.,editorial_title_and_catalogue_subject_screen,,provisional_venue_screen_not_contributor_census
659,journal_5b3d779e522e957e,Reviews in American History,likely_core,True,likely_core,[],"[""United States""]",0,0,Editorial estimate: history or historical social science is the defining scholarly focus; likely historian-dominated for this working screen.,editorial_title_and_catalogue_subject_screen,,provisional_venue_screen_not_contributor_census
660,journal_3d80b9997859ebd7,Revista Chilena de Historia del Derecho,likely_core,True,likely_core,[],"[""Legal""]",0,0,Editorial estimate: history or historical social science is the defining scholarly focus; likely historian-dominated for this working screen.,editorial_title_and_catalogue_subject_screen,,provisional_venue_screen_not_contributor_census
661,journal_54275c61f233de7b,Revista Complutense de Historia de América,likely_core,True,likely_core,[],"[""Americas"", ""Iberoamerica""]",152,138,Editorial estimate: history or historical social science is the defining scholarly focus; likely historian-dominated for this working screen.,editorial_title_and_catalogue_subject_screen,,provisional_venue_screen_not_contributor_census
664,journal_152934bf5a838f6b,Revista de Historia Americana y Argentina,likely_core,True,likely_core,[],"[""Americas"", ""Iberoamerica"", ""Latin America and Caribbean""]",53,58,Editorial estimate: history or historical social science is the defining scholarly focus; likely historian-dominated for this working screen.,editorial_title_and_catalogue_subject_screen,,provisional_venue_screen_not_contributor_census
665,journal_8427ca6e04ef4a41,Revista de Historia Moderna,likely_core,True,likely_core,[],"[""Iberia"", ""Modern history since 1453""]",243,141,Editorial estimate: history or historical social science is the defining scholarly focus; likely historian-dominated for this working screen.,editorial_title_and_catalogue_subject_screen,,provisional_venue_screen_not_contributor_census
666,journal_8dd065a0e32535b3,Revista de Indias,likely_core,True,likely_core,[],"[""Latin America and Caribbean""]",291,310,Editorial estimate: history or historical social science is the defining scholarly focus; likely historian-dominated for this working screen.,editorial_title_and_catalogue_subject_screen,,provisional_venue_screen_not_contributor_census
668,journal_f40eafadb04073aa,Revolutionary Russia,likely_core,True,likely_core,[],"[""Eastern Europe and Balkans"", ""Russia and Eurasia""]",45,35,Editorial estimate: history or historical social science is the defining scholarly focus; likely historian-dominated for this working screen.,editorial_title_and_catalogue_subject_screen,,provisional_venue_screen_not_contributor_census
670,journal_c9168e421ddebe7a,Revue de l’Histoire des Religions,likely_core,True,likely_core,[],"[""Religion""]",241,134,Editorial estimate: history or historical social science is the defining scholarly focus; likely historian-dominated for this working screen.,editorial_title_and_catalogue_subject_screen,,provisional_venue_screen_not_contributor_census
671,journal_824e0c40e74b1fc3,Revue du Nord,likely_core,True,likely_core,[],"[""France"", ""Low Countries""]",0,0,Editorial estimate: history or historical social science is the defining scholarly focus; likely historian-dominated for this working screen.,editorial_title_and_catalogue_subject_screen,,provisional_venue_screen_not_contributor_census
672,journal_714fc18dceabbefd,Revue historique,likely_core,True,likely_core,[],"[""General history""]",0,0,Editorial estimate: history or historical social science is the defining scholarly focus; likely historian-dominated for this working screen.,editorial_title_and_catalogue_subject_screen,,provisional_venue_screen_not_contributor_census
674,journal_5cd1b2ee989ccd97,Rhodesiana,likely_core,True,likely_core,[],"[""Africa""]",0,0,Editorial estimate: history or historical social science is the defining scholarly focus; likely historian-dominated for this working screen.,editorial_title_and_catalogue_subject_screen,,provisional_venue_screen_not_contributor_census
675,journal_a16d00a256e95952,Ricerche di Storia Politica,likely_core,True,likely_core,[],"[""General history"", ""Ideas and historiography"", ""Politics and public policy""]",0,0,Editorial estimate: history or historical social science is the defining scholarly focus; likely historian-dominated for this working screen.,editorial_title_and_catalogue_subject_screen,,provisional_venue_screen_not_contributor_census
679,journal_ea11078798998c2d,Rivista di storia della chiesa in Italia,likely_core,True,likely_core,[],"[""Italy""]",0,0,Editorial estimate: history or historical social science is the defining scholarly focus; likely historian-dominated for this working screen.,editorial_title_and_catalogue_subject_screen,,provisional_venue_screen_not_contributor_census
680,journal_4b140f301cf21063,Rivista Storica Italiana,likely_core,True,likely_core,[],"[""General history"", ""Italy""]",0,0,Editorial estimate: history or historical social science is the defining scholarly focus; likely historian-dominated for this working screen.,editorial_title_and_catalogue_subject_screen,,provisional_venue_screen_not_contributor_census
683,journal_2945cb5c5cc8af94,Rural History,likely_core,True,likely_core,[],"[""Rural and agricultural""]",71,88,Editorial estimate: history or historical social science is the defining scholarly focus; likely historian-dominated for this working screen.,editorial_title_and_catalogue_subject_screen,,provisional_venue_screen_not_contributor_census
686,journal_d046d761f06295b8,Russian History,likely_core,True,likely_core,[],"[""Eastern Europe and Balkans"", ""Russia and Eurasia""]",44,44,Editorial estimate: history or historical social science is the defining scholarly focus; likely historian-dominated for this working screen.,editorial_title_and_catalogue_subject_screen,,provisional_venue_screen_not_contributor_census
688,journal_6c1110e1ca9a1ad1,Saeculum,likely_core,True,likely_core,[],[],0,0,Editorial estimate: history or historical social science is the defining scholarly focus; likely historian-dominated for this working screen.,editorial_title_and_catalogue_subject_screen,,provisional_venue_screen_not_contributor_census
690,journal_ecf5132e394ec7b0,Saskatchewan History,likely_core,True,likely_core,[],"[""Canada""]",0,0,Editorial estimate: history or historical social science is the defining scholarly focus; likely historian-dominated for this working screen.,editorial_title_and_catalogue_subject_screen,,provisional_venue_screen_not_contributor_census
691,journal_a8aa6b4722fceb2e,Scandinavian Economic History Review,likely_core,True,likely_core,[],"[""Business, labor and economics"", ""Nordic Europe""]",99,106,Editorial estimate: history or historical social science is the defining scholarly focus; likely historian-dominated for this working screen.,editorial_title_and_catalogue_subject_screen,,provisional_venue_screen_not_contributor_census
692,journal_607f3bb0a5c3ec5c,Scandinavian Journal of History,likely_core,True,likely_core,[],"[""Nordic Europe""]",135,151,Editorial estimate: history or historical social science is the defining scholarly focus; likely historian-dominated for this working screen.,editorial_title_and_catalogue_subject_screen,,provisional_venue_screen_not_contributor_census
700,journal_f1858a37c3515a13,Sixteenth Century Journal,likely_core,True,likely_core,[],"[""Early modern"", ""Modern and contemporary""]",0,0,Editorial estimate: history or historical social science is the defining scholarly focus; likely historian-dominated for this working screen.,editorial_title_and_catalogue_subject_screen,,provisional_venue_screen_not_contributor_census
701,journal_82377ada849877fd,Slavery & Abolition,likely_core,True,likely_core,[],"[""Ethnic and racial studies""]",142,141,Editorial estimate: history or historical social science is the defining scholarly focus; likely historian-dominated for this working screen.,editorial_title_and_catalogue_subject_screen,,provisional_venue_screen_not_contributor_census
706,journal_48084857eb5bdc78,Social Evolution and History,likely_core,True,likely_core,[],"[""Social""]",0,0,Editorial estimate: history or historical social science is the defining scholarly focus; likely historian-dominated for this working screen.,editorial_title_and_catalogue_subject_screen,,provisional_venue_screen_not_contributor_census
708,journal_6d9388bf4f2e1a99,Social History of Medicine,likely_core,True,likely_core,[],"[""Medicine and health"", ""Social""]",261,251,Editorial estimate: history or historical social science is the defining scholarly focus; likely historian-dominated for this working screen.,editorial_title_and_catalogue_subject_screen,,provisional_venue_screen_not_contributor_census
709,journal_03730bc252490e14,Social Science History,likely_core,True,likely_core,[],"[""Ideas and historiography"", ""Social"", ""Social sciences""]",245,315,Editorial estimate: history or historical social science is the defining scholarly focus; likely historian-dominated for this working screen.,editorial_title_and_catalogue_subject_screen,,provisional_venue_screen_not_contributor_census
712,journal_c97a546045c469c8,South African Historical Journal,likely_core,True,likely_core,[],"[""Africa"", ""General history""]",244,214,Editorial estimate: history or historical social science is the defining scholarly focus; likely historian-dominated for this working screen.,editorial_title_and_catalogue_subject_screen,,provisional_venue_screen_not_contributor_census
716,journal_5e59fad08376c0cb,Southwestern Historical Quarterly,likely_core,True,likely_core,[],"[""United States""]",0,0,Editorial estimate: history or historical social science is the defining scholarly focus; likely historian-dominated for this working screen.,editorial_title_and_catalogue_subject_screen,,provisional_venue_screen_not_contributor_census
718,journal_e272cda784553865,Speculum,likely_core,True,likely_core,[],"[""Middle Ages""]",0,0,Editorial estimate: history or historical social science is the defining scholarly focus; likely historian-dominated for this working screen.,editorial_title_and_catalogue_subject_screen,,provisional_venue_screen_not_contributor_census
720,journal_567d4902fd507274,Sport history Review,likely_core,True,likely_core,[],"[""Sport""]",4,6,Editorial estimate: history or historical social science is the defining scholarly focus; likely historian-dominated for this working screen.,editorial_title_and_catalogue_subject_screen,,provisional_venue_screen_not_contributor_census
721,journal_3f55dca82ed716b2,Sport in History,likely_core,True,likely_core,[],"[""Sport""]",141,114,Editorial estimate: history or historical social science is the defining scholarly focus; likely historian-dominated for this working screen.,editorial_title_and_catalogue_subject_screen,,provisional_venue_screen_not_contributor_census
725,journal_520f0367872b502b,Studi Medievali,likely_core,True,likely_core,[],"[""Middle Ages""]",0,0,Editorial estimate: history or historical social science is the defining scholarly focus; likely historian-dominated for this working screen.,editorial_title_and_catalogue_subject_screen,,provisional_venue_screen_not_contributor_census
728,journal_0a499d5cdd4c440d,Studi Storici,likely_core,True,likely_core,[],"[""Italy""]",0,0,Editorial estimate: history or historical social science is the defining scholarly focus; likely historian-dominated for this working screen.,editorial_title_and_catalogue_subject_screen,,provisional_venue_screen_not_contributor_census
732,journal_9a03579a38d60741,Studia Rudolphina,likely_core,True,likely_core,[],[],0,0,Editorial estimate: history or historical social science is the defining scholarly focus; likely historian-dominated for this working screen.,editorial_title_and_catalogue_subject_screen,,provisional_venue_screen_not_contributor_census
733,journal_e826de5b0944e7f4,Studia Slavica et Balcanica Petropolitana,likely_core,True,likely_core,[],"[""Eastern Europe and Balkans"", ""Slavic studies""]",19,26,Editorial estimate: history or historical social science is the defining scholarly focus; likely historian-dominated for this working screen.,editorial_title_and_catalogue_subject_screen,,provisional_venue_screen_not_contributor_census
739,journal_38e479e715d9523d,Technology and Culture,likely_core,True,likely_core,[],"[""Science and technology""]",0,0,Editorial estimate: history or historical social science is the defining scholarly focus; likely historian-dominated for this working screen.,editorial_title_and_catalogue_subject_screen,,provisional_venue_screen_not_contributor_census
741,journal_c6b43684f97d61b4,Temas Americanistas,likely_core,True,likely_core,[],"[""Latin America and Caribbean""]",186,207,Editorial estimate: history or historical social science is the defining scholarly focus; likely historian-dominated for this working screen.,editorial_title_and_catalogue_subject_screen,,provisional_venue_screen_not_contributor_census
742,journal_e02602c2913ad82a,Terrae Incognitae,likely_core,True,likely_core,[],[],66,49,Editorial estimate: history or historical social science is the defining scholarly focus; likely historian-dominated for this working screen.,editorial_title_and_catalogue_subject_screen,,provisional_venue_screen_not_contributor_census
743,journal_d3fdfb4668463677,Textile History,likely_core,True,likely_core,[],"[""Dress and textile""]",68,59,Editorial estimate: history or historical social science is the defining scholarly focus; likely historian-dominated for this working screen.,editorial_title_and_catalogue_subject_screen,,provisional_venue_screen_not_contributor_census
744,journal_78af5311fd3dff5a,The American Historical Review,likely_core,True,likely_core,[],"[""General history"", ""United States""]",548,525,Editorial estimate: history or historical social science is the defining scholarly focus; likely historian-dominated for this working screen.,editorial_title_and_catalogue_subject_screen,,provisional_venue_screen_not_contributor_census
745,journal_abdcba84ad2aa0dc,The British Journal for the History of Science,likely_core,True,likely_core,[],"[""Britain"", ""Science and technology""]",151,149,Editorial estimate: history or historical social science is the defining scholarly focus; likely historian-dominated for this working screen.,editorial_title_and_catalogue_subject_screen,,provisional_venue_screen_not_contributor_census
746,journal_99054dca06f1ef03,The Catholic Historical Review,likely_core,True,likely_core,[],"[""Religion""]",0,0,Editorial estimate: history or historical social science is the defining scholarly focus; likely historian-dominated for this working screen.,editorial_title_and_catalogue_subject_screen,,provisional_venue_screen_not_contributor_census
747,journal_ffc733c2271369ff,The Chronicles of Oklahoma,likely_core,True,likely_core,[],"[""Indigenous studies"", ""United States""]",0,0,Editorial estimate: history or historical social science is the defining scholarly focus; likely historian-dominated for this working screen.,editorial_title_and_catalogue_subject_screen,,provisional_venue_screen_not_contributor_census
748,journal_aa1243d525819115,The Economic History Review,likely_core,True,likely_core,[],"[""Britain"", ""Business, labor and economics""]",226,250,Editorial estimate: history or historical social science is the defining scholarly focus; likely historian-dominated for this working screen.,editorial_title_and_catalogue_subject_screen,,provisional_venue_screen_not_contributor_census
749,journal_fb2e541ced15c90d,The English Historical Review,likely_core,True,likely_core,[],"[""Britain"", ""General history""]",370,298,Editorial estimate: history or historical social science is the defining scholarly focus; likely historian-dominated for this working screen.,editorial_title_and_catalogue_subject_screen,,provisional_venue_screen_not_contributor_census
750,journal_8216afcd658d2b61,The Historical Review / La Revue Historique,likely_core,True,likely_core,[],[],0,0,Editorial estimate: history or historical social science is the defining scholarly focus; likely historian-dominated for this working screen.,editorial_title_and_catalogue_subject_screen,,provisional_venue_screen_not_contributor_census
752,journal_a6538fc9e84fa4d1,The Irish Sword,likely_core,True,likely_core,[],"[""Ireland""]",0,0,Editorial estimate: history or historical social science is the defining scholarly focus; likely historian-dominated for this working screen.,editorial_title_and_catalogue_subject_screen,,provisional_venue_screen_not_contributor_census
753,journal_a60d063c840e1fcd,The Journal of African History,likely_core,True,likely_core,[],"[""Africa""]",241,221,Editorial estimate: history or historical social science is the defining scholarly focus; likely historian-dominated for this working screen.,editorial_title_and_catalogue_subject_screen,,provisional_venue_screen_not_contributor_census
754,journal_af9eb2a59f476770,The Journal of American History,likely_core,True,likely_core,[],"[""United States""]",0,0,Editorial estimate: history or historical social science is the defining scholarly focus; likely historian-dominated for this working screen.,editorial_title_and_catalogue_subject_screen,,provisional_venue_screen_not_contributor_census
756,journal_06580f980c0bb576,The Journal of Holocaust Research,likely_core,True,likely_core,[],"[""Genocide""]",65,67,Editorial estimate: history or historical social science is the defining scholarly focus; likely historian-dominated for this working screen.,editorial_title_and_catalogue_subject_screen,,provisional_venue_screen_not_contributor_census
757,journal_465233074c92587e,The Journal of Modern History,likely_core,True,likely_core,[],"[""General history"", ""Modern and contemporary""]",0,0,Editorial estimate: history or historical social science is the defining scholarly focus; likely historian-dominated for this working screen.,editorial_title_and_catalogue_subject_screen,,provisional_venue_screen_not_contributor_census
758,journal_6ac7f98e81e1df04,The Medieval Review,likely_core,True,likely_core,[],"[""Middle Ages""]",0,0,Editorial estimate: history or historical social science is the defining scholarly focus; likely historian-dominated for this working screen.,editorial_title_and_catalogue_subject_screen,,provisional_venue_screen_not_contributor_census
759,journal_18cbd3e486b25ac8,The Mennonite Quarterly Review,likely_core,True,likely_core,[],"[""Religion""]",0,0,Editorial estimate: history or historical social science is the defining scholarly focus; likely historian-dominated for this working screen.,editorial_title_and_catalogue_subject_screen,,provisional_venue_screen_not_contributor_census
760,journal_b08fd4802c40b034,The New England Quarterly,likely_core,True,likely_core,[],"[""United States""]",0,0,Editorial estimate: history or historical social science is the defining scholarly focus; likely historian-dominated for this working screen.,editorial_title_and_catalogue_subject_screen,,provisional_venue_screen_not_contributor_census
762,journal_d990835e95820881,The Public Historian,likely_core,True,likely_core,[],"[""Politics and public policy"", ""Social"", ""Social sciences"", ""United States""]",0,0,Editorial estimate: history or historical social science is the defining scholarly focus; likely historian-dominated for this working screen.,editorial_title_and_catalogue_subject_screen,,provisional_venue_screen_not_contributor_census
765,journal_7632f05d8be4b918,The Social History of Alcohol and Drugs,likely_core,True,likely_core,[],"[""Social""]",0,0,Editorial estimate: history or historical social science is the defining scholarly focus; likely historian-dominated for this working screen.,editorial_title_and_catalogue_subject_screen,,provisional_venue_screen_not_contributor_census
769,journal_db43394a79456ab5,Tijdschrift voor Rechtsgeschiedenis,likely_core,True,likely_core,[],"[""Legal""]",59,55,Editorial estimate: history or historical social science is the defining scholarly focus; likely historian-dominated for this working screen.,editorial_title_and_catalogue_subject_screen,,provisional_venue_screen_not_contributor_census
770,journal_f3de9e4ca398c804,Tokovi Istorije,likely_core,True,likely_core,[],[],64,66,Editorial estimate: history or historical social science is the defining scholarly focus; likely historian-dominated for this working screen.,editorial_title_and_catalogue_subject_screen,,provisional_venue_screen_not_contributor_census
772,journal_a5ffa3668c8cb0b3,Transactions of the Royal Historical Society,likely_core,True,likely_core,[],"[""Britain""]",88,97,Editorial estimate: history or historical social science is the defining scholarly focus; likely historian-dominated for this working screen.,editorial_title_and_catalogue_subject_screen,,provisional_venue_screen_not_contributor_census
775,journal_a3c5811a564c9812,Turkish Historical Review,likely_core,True,likely_core,[],"[""Middle East"", ""Turkey""]",6,8,Editorial estimate: history or historical social science is the defining scholarly focus; likely historian-dominated for this working screen.,editorial_title_and_catalogue_subject_screen,,provisional_venue_screen_not_contributor_census
777,journal_c782341e2d63843a,Twentieth Century British History,likely_core,True,likely_core,[],"[""Britain""]",73,70,Editorial estimate: history or historical social science is the defining scholarly focus; likely historian-dominated for this working screen.,editorial_title_and_catalogue_subject_screen,,provisional_venue_screen_not_contributor_census
778,journal_f54a2269518da5c0,Twentieth-Century China,likely_core,True,likely_core,[],"[""East Asia""]",0,0,Editorial estimate: history or historical social science is the defining scholarly focus; likely historian-dominated for this working screen.,editorial_title_and_catalogue_subject_screen,,provisional_venue_screen_not_contributor_census
780,journal_97cc033e49a4f22b,Urban History,likely_core,True,likely_core,[],"[""Urban""]",408,372,Editorial estimate: history or historical social science is the defining scholarly focus; likely historian-dominated for this working screen.,editorial_title_and_catalogue_subject_screen,,provisional_venue_screen_not_contributor_census
781,journal_95d1a1a5f3c42882,Urban History Review,likely_core,True,likely_core,[],"[""Urban""]",5,5,Editorial estimate: history or historical social science is the defining scholarly focus; likely historian-dominated for this working screen.,editorial_title_and_catalogue_subject_screen,,provisional_venue_screen_not_contributor_census
784,journal_6945b13e007ffa31,Victorian Historical Journal,likely_core,True,likely_core,[],"[""Australasia and Oceania""]",0,0,Editorial estimate: history or historical social science is the defining scholarly focus; likely historian-dominated for this working screen.,editorial_title_and_catalogue_subject_screen,,provisional_venue_screen_not_contributor_census
788,journal_4e8ff5bd7ff87fe6,Vulcan,likely_core,True,likely_core,[],"[""Military""]",0,0,Editorial estimate: history or historical social science is the defining scholarly focus; likely historian-dominated for this working screen.,editorial_title_and_catalogue_subject_screen,,provisional_venue_screen_not_contributor_census
789,journal_123c05bc2318b339,War & Society,likely_core,True,likely_core,[],"[""Military""]",85,90,Editorial estimate: history or historical social science is the defining scholarly focus; likely historian-dominated for this working screen.,editorial_title_and_catalogue_subject_screen,,provisional_venue_screen_not_contributor_census
790,journal_e4bfecd95b129a38,War in History,likely_core,True,likely_core,[],"[""Military""]",177,171,Editorial estimate: history or historical social science is the defining scholarly focus; likely historian-dominated for this working screen.,editorial_title_and_catalogue_subject_screen,,provisional_venue_screen_not_contributor_census
791,journal_b11573f4d81e9f89,Wesley and Methodist Studies,likely_core,True,likely_core,[],"[""Religion""]",12,13,Editorial estimate: history or historical social science is the defining scholarly focus; likely historian-dominated for this working screen.,editorial_title_and_catalogue_subject_screen,,provisional_venue_screen_not_contributor_census
793,journal_5616638fc5b421be,Western Historical Quarterly,likely_core,True,likely_core,[],"[""Indigenous studies"", ""United States""]",32,30,Editorial estimate: history or historical social science is the defining scholarly focus; likely historian-dominated for this working screen.,editorial_title_and_catalogue_subject_screen,,provisional_venue_screen_not_contributor_census
794,journal_3d33767a76e5aca1,Winterthur Portfolio,likely_core,True,likely_core,[],"[""Art""]",0,0,Editorial estimate: history or historical social science is the defining scholarly focus; likely historian-dominated for this working screen.,editorial_title_and_catalogue_subject_screen,,provisional_venue_screen_not_contributor_census
795,journal_069e4cdc76aaa02b,Wisconsin Magazine of History,likely_core,True,likely_core,[],"[""United States""]",0,0,Editorial estimate: history or historical social science is the defining scholarly focus; likely historian-dominated for this working screen.,editorial_title_and_catalogue_subject_screen,,provisional_venue_screen_not_contributor_census
796,journal_759510c0ed4a2f0e,Zeitgeschichte,likely_core,True,likely_core,[],"[""General history"", ""Modern and contemporary""]",1,1,Editorial estimate: history or historical social science is the defining scholarly focus; likely historian-dominated for this working screen.,editorial_title_and_catalogue_subject_screen,,provisional_venue_screen_not_contributor_census
797,journal_d318e15fefc2343c,Zgodovinski časopis,likely_core,True,likely_core,[],"[""Eastern Europe and Balkans"", ""General history""]",50,55,Editorial estimate: history or historical social science is the defining scholarly focus; likely historian-dominated for this working screen.,editorial_title_and_catalogue_subject_screen,,provisional_venue_screen_not_contributor_census
798,journal_a47aa9a4395e5225,Zograf,likely_core,True,likely_core,[],"[""Art""]",30,21,Editorial estimate: history or historical social science is the defining scholarly focus; likely historian-dominated for this working screen.,editorial_title_and_catalogue_subject_screen,,provisional_venue_screen_not_contributor_census
799,journal_64eed992b3141a9f,Zwingliana,likely_core,True,likely_core,[],[],13,9,Editorial estimate: history or historical social science is the defining scholarly focus; likely historian-dominated for this working screen.,editorial_title_and_catalogue_subject_screen,,provisional_venue_screen_not_contributor_census
800,journal_919d0c14e01dd6ed,Environmental Review,likely_core,True,likely_core,[],[],0,0,Editorial estimate: history or historical social science is the defining scholarly focus; likely historian-dominated for this working screen.,editorial_title_and_catalogue_subject_screen,,provisional_venue_screen_not_contributor_census
801,journal_57a3505b8688a2ce,Environmental History Review,likely_core,True,likely_core,[],[],0,0,Editorial estimate: history or historical social science is the defining scholarly focus; likely historian-dominated for this working screen.,editorial_title_and_catalogue_subject_screen,,provisional_venue_screen_not_contributor_census
802,journal_f33abcd156e85bc9,Journal of Forest History,likely_core,True,likely_core,[],[],0,0,Editorial estimate: history or historical social science is the defining scholarly focus; likely historian-dominated for this working screen.,editorial_title_and_catalogue_subject_screen,,provisional_venue_screen_not_contributor_census
803,journal_02eec3b72cd5349d,Forest & Conservation History,likely_core,True,likely_core,[],[],0,0,Editorial estimate: history or historical social science is the defining scholarly focus; likely historian-dominated for this working screen.,editorial_title_and_catalogue_subject_screen,,provisional_venue_screen_not_contributor_census
804,journal_ef7022c2c9b569d4,Journal of the Historical Society of Nigeria,likely_core,True,likely_core,[],[],0,0,Editorial estimate: history or historical social science is the defining scholarly focus; likely historian-dominated for this working screen.,editorial_title_and_catalogue_subject_screen,,provisional_venue_screen_not_contributor_census
805,journal_05682cc5619c8c31,Annales d’histoire sociale (1939–1941),likely_core,True,likely_core,[],[],0,0,Editorial estimate: history or historical social science is the defining scholarly focus; likely historian-dominated for this working screen.,editorial_title_and_catalogue_subject_screen,,provisional_venue_screen_not_contributor_census
806,journal_2119b0e45870cd6f,Mélanges d’histoire sociale,likely_core,True,likely_core,[],[],0,0,Editorial estimate: history or historical social science is the defining scholarly focus; likely historian-dominated for this working screen.,editorial_title_and_catalogue_subject_screen,,provisional_venue_screen_not_contributor_census
807,journal_996df5230b13e08b,Annales d’histoire sociale (1945),likely_core,True,likely_core,[],[],0,0,Editorial estimate: history or historical social science is the defining scholarly focus; likely historian-dominated for this working screen.,editorial_title_and_catalogue_subject_screen,,provisional_venue_screen_not_contributor_census
808,journal_b5b188191ea8d9f7,"Annales. Économies, sociétés, civilisations",likely_core,True,likely_core,[],[],0,0,Editorial estimate: history or historical social science is the defining scholarly focus; likely historian-dominated for this working screen.,editorial_title_and_catalogue_subject_screen,,provisional_venue_screen_not_contributor_census
809,initial:annales_1929,Annales d’histoire économique et sociale,likely_core,True,likely_core,[],[],0,0,Editorial estimate: history or historical social science is the defining scholarly focus; likely historian-dominated for this working screen.,editorial_title_and_catalogue_subject_screen,,provisional_venue_screen_not_contributor_census
810,initial:annales_english,"Annales. Histoire, Sciences Sociales — English Edition",likely_core,True,likely_core,[],[],5,4,Editorial estimate: history or historical social science is the defining scholarly focus; likely historian-dominated for this working screen.,editorial_title_and_catalogue_subject_screen,,provisional_venue_screen_not_contributor_census
811,initial:history_theory,History and Theory,likely_core,True,likely_core,[],[],47,46,Editorial estimate: history or historical social science is the defining scholarly focus; likely historian-dominated for this working screen.,editorial_title_and_catalogue_subject_screen,,provisional_venue_screen_not_contributor_census
812,initial:historical_journal,The Historical Journal,likely_core,True,likely_core,[],[],447,441,Editorial estimate: history or historical social science is the defining scholarly focus; likely historian-dominated for this working screen.,editorial_title_and_catalogue_subject_screen,,provisional_venue_screen_not_contributor_census
813,initial:contemporary_history,Journal of Contemporary History,likely_core,True,likely_core,[],[],309,309,Editorial estimate: history or historical social science is the defining scholarly focus; likely historian-dominated for this working screen.,editorial_title_and_catalogue_subject_screen,,provisional_venue_screen_not_contributor_census
814,initial:william_mary,William and Mary Quarterly,likely_core,True,likely_core,[],[],1,1,Editorial estimate: history or historical social science is the defining scholarly focus; likely historian-dominated for this working screen.,editorial_title_and_catalogue_subject_screen,,provisional_venue_screen_not_contributor_census
815,initial:canadian_journal_history,Canadian Journal of History,likely_core,True,likely_core,[],[],1,1,Editorial estimate: history or historical social science is the defining scholarly focus; likely historian-dominated for this working screen.,editorial_title_and_catalogue_subject_screen,,provisional_venue_screen_not_contributor_census
816,initial:labour_le_travail,Labour/Le Travail,likely_core,True,likely_core,[],[],0,0,Editorial estimate: history or historical social science is the defining scholarly focus; likely historian-dominated for this working screen.,editorial_title_and_catalogue_subject_screen,,provisional_venue_screen_not_contributor_census
817,initial:cambridge_historical_journal,Cambridge Historical Journal,likely_core,True,likely_core,[],[],0,0,Editorial estimate: history or historical social science is the defining scholarly focus; likely historian-dominated for this working screen.,editorial_title_and_catalogue_subject_screen,,provisional_venue_screen_not_contributor_census
818,initial:mississippi_valley,The Mississippi Valley Historical Review,likely_core,True,likely_core,[],[],0,0,Editorial estimate: history or historical social science is the defining scholarly focus; likely historian-dominated for this working screen.,editorial_title_and_catalogue_subject_screen,,provisional_venue_screen_not_contributor_census
819,initial:history_workshop_earlier,History Workshop — earlier ISSN,likely_core,True,likely_core,[],[],0,0,Editorial estimate: history or historical social science is the defining scholarly focus; likely historian-dominated for this working screen.,editorial_title_and_catalogue_subject_screen,,provisional_venue_screen_not_contributor_census
