record_id,doi,publication_year,print_date,online_date,title_text,volume,issue,page_raw,page_count,pagination_status,book_citation_title_hint,genre_status,deposited_byline
crossref:10.1086/ahr/1.1.1,10.1086/ahr/1.1.1,1895,1895-10-01,1895-10-01,History and Democracy,1,1,1-23,23,explicit_numeric_range,false,unclassified,William M. Sloane
crossref:10.1086/ahr/1.1.190,10.1086/ahr/1.1.190,1895,1895-10-01,1895-10-01,Notes and News,1,1,190-208,19,explicit_numeric_range,false,unclassified,
crossref:10.1086/ahr/1.1.24,10.1086/ahr/1.1.24,1895,1895-10-01,1895-10-01,The Party of the Loyalists in the American Revolution,1,1,24-45,22,explicit_numeric_range,false,unclassified,Moses Coit Tyler
crossref:10.1086/ahr/1.1.51,10.1086/ahr/1.1.51,1895,1895-10-01,1895-10-01,Count Edward de Crillon,1,1,51-69,19,explicit_numeric_range,false,unclassified,Henry Adams
crossref:10.1086/ahr/1.1.70,10.1086/ahr/1.1.70,1895,1895-10-01,1895-10-01,Western State-Making in the Revolutionary Era,1,1,70-87,18,explicit_numeric_range,false,unclassified,Frederick Jackson Turner
crossref:10.1086/ahr/1.2.209,10.1086/ahr/1.2.209,1896,1896-01-01,1896-01-01,Ferrand Martinez and the Massacres of 1391,1,2,209-219,11,explicit_numeric_range,false,unclassified,Henry Charles Lea
crossref:10.1086/ahr/1.2.226,10.1086/ahr/1.2.226,1896,1896-01-01,1896-01-01,Radisson and Groseilliers: Problems in Early Western History,1,2,226-237,12,explicit_numeric_range,false,unclassified,Henry Colin Campbell
crossref:10.1086/ahr/1.2.238,10.1086/ahr/1.2.238,1896,1896-01-01,1896-01-01,The Whigs of Colonial New York,1,2,238-250,13,explicit_numeric_range,false,unclassified,Charles H. Levermore
crossref:10.1086/ahr/1.2.251,10.1086/ahr/1.2.251,1896,1896-01-01,1896-01-01,Western State-Making in the Revolutionary Era,1,2,251-269,19,explicit_numeric_range,false,unclassified,Frederick Jackson Turner
crossref:10.1086/ahr/1.2.270,10.1086/ahr/1.2.270,1896,1896-01-01,1896-01-01,Office-Seeking During Washington's Administration,1,2,270-283,14,explicit_numeric_range,false,unclassified,Gaillard Hunt
crossref:10.1086/ahr/1.2.288,10.1086/ahr/1.2.288,1896,1896-01-01,1896-01-01,"1. Diary of Richard Smith in the Continental Congress, 1775–1776",1,2,288-310,23,explicit_numeric_range,false,unclassified,
crossref:10.1086/ahr/1.2.380,10.1086/ahr/1.2.380,1896,1896-01-01,1896-01-01,Notes and News,1,2,381-400,20,explicit_numeric_range,false,unclassified,
crossref:10.1086/ahr/1.3.401,10.1086/ahr/1.3.401,1896,1896-04-01,1896-04-01,The Battle of Bunker Hill,1,3,401-413,13,explicit_numeric_range,false,unclassified,Charles Francis Adams
crossref:10.1086/ahr/1.3.414,10.1086/ahr/1.3.414,1896,1896-04-01,1896-04-01,The Bohun Wills,1,3,414-435,22,explicit_numeric_range,false,unclassified,Melville M. Bigelow
crossref:10.1086/ahr/1.3.444,10.1086/ahr/1.3.444,1896,1896-04-01,1896-04-01,The Case of Josiah Philips,1,3,444-454,11,explicit_numeric_range,false,unclassified,W. P. Trent
crossref:10.1086/ahr/1.3.473,10.1086/ahr/1.3.473,1896,1896-04-01,1896-04-01,Recent Memoirs of the French Directory,1,3,473-489,17,explicit_numeric_range,false,unclassified,H. Morse Stephens
crossref:10.1086/ahr/1.3.493,10.1086/ahr/1.3.493,1896,1896-04-01,1896-04-01,"2. Diary of Richard Smith in the Continental Congress, 1775–1776. II",1,3,493-516,24,explicit_numeric_range,false,unclassified,
crossref:10.1086/ahr/1.3.553,10.1086/ahr/1.3.553,1896,1896-04-01,1896-04-01,"John Sherman's Recollections of Forty Years in the House, Senate, and Cabinet. An Autobiography. (Chicago, New York, London, Berlin: The Werner Company. 1895. Two vols., pp. xxxv, 1239)",1,3,553-562,10,explicit_numeric_range,true,unclassified,Edward L. Pierce
crossref:10.1086/ahr/1.3.565,10.1086/ahr/1.3.565,1896,1896-04-01,1896-04-01,"Essays in Taxation. By Edwin R. A. Seligman, Professor of Political Economy and Finance, Columbia College. (New York and London: Macmillan and Co. 1895. Pp. x, 434)",1,3,565-580,16,explicit_numeric_range,true,unclassified,Charles H. Hull
crossref:10.1086/ahr/1.3.587,10.1086/ahr/1.3.587,1896,1896-04-01,1896-04-01,Notes and News,1,3,587-608,22,explicit_numeric_range,false,unclassified,
crossref:10.1086/ahr/1.4.609,10.1086/ahr/1.4.609,1896,1896-07-01,1896-07-01,Hotman and the “Franco-Gallia”,1,4,609-630,22,explicit_numeric_range,false,unclassified,Henry Martyn Baird
crossref:10.1086/ahr/1.4.631,10.1086/ahr/1.4.631,1896,1896-07-01,1896-07-01,"The Bohun Wills, II",1,4,631-649,19,explicit_numeric_range,false,unclassified,Melville M. Bigelow
crossref:10.1086/ahr/1.4.650,10.1086/ahr/1.4.650,1896,1896-07-01,1896-07-01,The Battle of Long Island,1,4,650-670,21,explicit_numeric_range,false,unclassified,Charles Francis Adams
crossref:10.1086/ahr/1.4.684,10.1086/ahr/1.4.684,1896,1896-07-01,1896-07-01,"1. Draft of an Address of the Continental Congress to the People of the United States, 1776",1,4,684-696,13,explicit_numeric_range,false,unclassified,Herbert Friedenwald
crossref:10.1086/ahr/1.4.760,10.1086/ahr/1.4.760,1896,1896-07-01,1896-07-01,Bibliographical,1,4,760-772,13,explicit_numeric_range,false,unclassified,
crossref:10.1086/ahr/1.4.773,10.1086/ahr/1.4.773,1896,1896-07-01,1896-07-01,Notes and News,1,4,773-787,15,explicit_numeric_range,false,unclassified,
crossref:10.1086/ahr/1.4.789,10.1086/ahr/1.4.789,1896,1896-07-01,1896-07-01,Index American Historical Review Vol. I,1,4,789-811,23,explicit_numeric_range,false,unclassified,
crossref:10.1086/ahr/2.1.1,10.1086/ahr/2.1.1,1896,1896-10-01,1896-10-01,The Colonel and His Command,2,1,1-11,11,explicit_numeric_range,false,unclassified,Julian Corbett
crossref:10.1086/ahr/2.1.12,10.1086/ahr/2.1.12,1896,1896-10-01,1896-10-01,British Convicts Shipped to American Colonies,2,1,12-33,22,explicit_numeric_range,false,unclassified,James Davie Butler
crossref:10.1086/ahr/2.1.40,10.1086/ahr/2.1.40,1896,1896-10-01,1896-10-01,The Vatican Archives,2,1,40-58,19,explicit_numeric_range,false,unclassified,Charles H. Haskins
crossref:10.1086/ahr/2.1.59,10.1086/ahr/2.1.59,1896,1896-10-01,1896-10-01,Rev. Thomas Bray and His American Libraries,2,1,59-75,17,explicit_numeric_range,false,unclassified,Bernard C. Steiner
crossref:10.1086/ahr/2.1.76,10.1086/ahr/2.1.76,1896,1896-10-01,1896-10-01,The Partition of Poland,2,1,76-92,17,explicit_numeric_range,false,unclassified,James Breck Perkins
crossref:10.1086/ahr/84.4.191,10.1086/ahr/84.4.191,1896,1896-10-01,1896-10-01,Bibliographical,2,1,191-200,10,explicit_numeric_range,false,unclassified,
crossref:10.1086/ahr/84.4.201,10.1086/ahr/84.4.201,1896,1896-10-01,1896-10-01,Notes and News,2,1,201-212,12,explicit_numeric_range,false,unclassified,
crossref:10.1086/ahr/2.2.213,10.1086/ahr/2.2.213,1897,1897-01-01,1897-01-01,Boon-Services on the Estates of Ramsey Abbey,2,2,213-224,12,explicit_numeric_range,false,unclassified,N. Neilson
crossref:10.1086/ahr/2.2.229,10.1086/ahr/2.2.229,1897,1897-01-01,1897-01-01,The Case of Frost vs. Leighton,2,2,229-240,12,explicit_numeric_range,false,unclassified,Andrew McFarland Davis
crossref:10.1086/ahr/2.2.241,10.1086/ahr/2.2.241,1897,1897-01-01,1897-01-01,Office-Seeking during the Administration of John Adams,2,2,241-261,21,explicit_numeric_range,false,unclassified,Gaillard Hunt
crossref:10.1086/ahr/2.2.262,10.1086/ahr/2.2.262,1897,1897-01-01,1897-01-01,Nominating Conventions in Pennsylvania,2,2,262-278,17,explicit_numeric_range,false,unclassified,Jos. S. Walton
crossref:10.1086/ahr/2.2.279,10.1086/ahr/2.2.279,1897,1897-01-01,1897-01-01,"Representation in the National Congress from the Seceding States, 1861–65",2,2,279-293,15,explicit_numeric_range,false,unclassified,Frederick W. Moore
crossref:10.1086/ahr/2.2.294,10.1086/ahr/2.2.294,1897,1897-01-01,1897-01-01,"1. Letters of John Marshall when Envoy to France, 1797, 1798",2,2,294-306,13,explicit_numeric_range,false,unclassified,J. Marshall
crossref:10.1086/ahr/2.2.306,10.1086/ahr/2.2.306,1897,1897-01-01,1897-01-01,"2. Letters of Richard Cobden to Charles Sumner, 1862–1865",2,2,306-319,14,explicit_numeric_range,false,unclassified,Richard Cobden
crossref:10.1086/ahr/2.2.369,10.1086/ahr/2.2.369,1897,1897-01-01,1897-01-01,Minor Notices,2,2,369-378,10,explicit_numeric_range,false,unclassified,G. W. B. | W. W. | R. P. | A. W. D. | C. F. A. C.
crossref:10.1086/ahr/2.2.379,10.1086/ahr/2.2.379,1897,1897-01-01,1897-01-01,Notes and News,2,2,379-397,19,explicit_numeric_range,false,unclassified,
crossref:10.1086/ahr/2.3.409,10.1086/ahr/2.3.409,1897,1897-04-01,1897-04-01,Marsiglio of Padua and William of Ockam,2,3,409-426,18,explicit_numeric_range,false,unclassified,James Sullivan
crossref:10.1086/ahr/2.3.427,10.1086/ahr/2.3.427,1897,1897-04-01,1897-04-01,Diplomatic Missions to the Court of China,2,3,427-442,16,explicit_numeric_range,false,unclassified,William Woodville Rockhill
crossref:10.1086/ahr/2.3.443,10.1086/ahr/2.3.443,1897,1897-04-01,1897-04-01,The Authorship of the Federalist,2,3,443-460,18,explicit_numeric_range,false,unclassified,Edward Gaylord Bourne
crossref:10.1086/ahr/2.3.461,10.1086/ahr/2.3.461,1897,1897-04-01,1897-04-01,"Representation in the National Congress from the Seceding States, 1861–65",2,3,461-471,11,explicit_numeric_range,false,unclassified,Frederick W. Moore
crossref:10.1086/ahr/2.3.474,10.1086/ahr/2.3.474,1897,1897-04-01,1897-04-01,"Carondelet on the Defence of Louisiana, 1794",2,3,474-505,32,explicit_numeric_range,false,unclassified,Frederick J. Turner
crossref:10.1086/ahr/2.3.565,10.1086/ahr/2.3.565,1897,1897-04-01,1897-04-01,"The Story of Canada. By J. G. Bourinot, LL. D., Clerk of the Canadian House of Commons. [The Story of the Nations.] (New York: G. P. Putnam's Sons. 1896. Pp. xx, 463.)",2,3,565-576,12,explicit_numeric_range,true,unclassified,Victor Coffin
crossref:10.1086/ahr/2.3.577,10.1086/ahr/2.3.577,1897,1897-04-01,1897-04-01,Notes and News,2,3,577-592,16,explicit_numeric_range,false,unclassified,
crossref:10.1086/ahr/2.4.593,10.1086/ahr/2.4.593,1897,1897-07-01,1897-07-01,Marsiglio of Padua and William of Ockam,2,4,593-610,18,explicit_numeric_range,false,unclassified,James Sullivan
crossref:10.1086/ahr/2.4.611,10.1086/ahr/2.4.611,1897,1897-07-01,1897-07-01,Lucero the Inquisitor,2,4,611-626,16,explicit_numeric_range,false,unclassified,Henry Charles Lea
crossref:10.1086/ahr/2.4.627,10.1086/ahr/2.4.627,1897,1897-07-01,1897-07-01,Diplomatic Missions to the Court of China,2,4,627-643,17,explicit_numeric_range,false,unclassified,William Woodville Rockhill
crossref:10.1086/ahr/2.4.644,10.1086/ahr/2.4.644,1897,1897-07-01,1897-07-01,The Proprietary Province as a form of Colonial Government,2,4,644-664,21,explicit_numeric_range,false,unclassified,Herbert L. Osgood
crossref:10.1086/ahr/2.4.665,10.1086/ahr/2.4.665,1897,1897-07-01,1897-07-01,Evolution of the American Voter,2,4,665-674,10,explicit_numeric_range,false,unclassified,James Schouler
crossref:10.1086/ahr/2.4.675,10.1086/ahr/2.4.675,1897,1897-07-01,1897-07-01,The Authorship of the Federalist,2,4,675-687,13,explicit_numeric_range,false,unclassified,Paul Leicester Ford
crossref:10.1086/ahr/2.4.758,10.1086/ahr/2.4.758,1897,1897-07-01,1897-07-01,Bibliographical,2,4,758-768,11,explicit_numeric_range,false,unclassified,
crossref:10.1086/ahr/2.4.769,10.1086/ahr/2.4.769,1897,1897-07-01,1897-07-01,Notes and News,2,4,769-787,19,explicit_numeric_range,false,unclassified,
crossref:10.1086/ahr/3.1.1,10.1086/ahr/3.1.1,1897,1897-10-01,1897-10-01,"The Prussian Campaign of 1758, I",3,1,1-18,18,explicit_numeric_range,false,unclassified,Herbert Tuttle
crossref:10.1086/ahr/3.1.177,10.1086/ahr/3.1.177,1897,1897-10-01,1897-10-01,Notes and News,3,1,177-196,20,explicit_numeric_range,false,unclassified,
crossref:10.1086/ahr/3.1.19,10.1086/ahr/3.1.19,1897,1897-10-01,1897-10-01,"Mirabeau, a Victim of the Lettres de Cachet",3,1,19-30,12,explicit_numeric_range,false,unclassified,Fred Morrow Fling
crossref:10.1086/ahr/3.1.31,10.1086/ahr/3.1.31,1897,1897-10-01,1897-10-01,The Proprietary Province as a form of Colonial Government,3,1,31-55,25,explicit_numeric_range,false,unclassified,Herbert L. Osgood
crossref:10.1086/ahr/3.1.56,10.1086/ahr/3.1.56,1897,1897-10-01,1897-10-01,The Development of the Love of Romantic Scenery in America,3,1,56-66,11,explicit_numeric_range,false,unclassified,Mary E. Woolley
crossref:10.1086/ahr/3.1.67,10.1086/ahr/3.1.67,1897,1897-10-01,1897-10-01,The Causes of Know-Nothing Success in Massachusetts,3,1,67-82,16,explicit_numeric_range,false,unclassified,George H. Haynes
crossref:10.1086/ahr/3.1.90,10.1086/ahr/3.1.90,1897,1897-10-01,1897-10-01,Correspondence of Eli Whitney Relative to the Invention of the Cotton Gin,3,1,90-127,38,explicit_numeric_range,false,unclassified,M. B. Hammond | Phins Miller | Eli Whitney | Nath Pendleton
crossref:10.1086/ahr/3.2.203,10.1086/ahr/3.2.203,1898,1898-01-01,1898-01-01,The Life of Medieval Students as Illustrated by Their Letters,3,2,203-229,27,explicit_numeric_range,false,unclassified,Charles H. Haskins
crossref:10.1086/ahr/3.2.230,10.1086/ahr/3.2.230,1898,1898-01-01,1898-01-01,The Prussian Campaign of 1758,3,2,230-243,14,explicit_numeric_range,false,unclassified,Herbert Tuttle
crossref:10.1086/ahr/3.2.244,10.1086/ahr/3.2.244,1898,1898-01-01,1898-01-01,The Proprietary Province as a form of Colonial Government,3,2,244-265,22,explicit_numeric_range,false,unclassified,Herbert L. Osgood
crossref:10.1086/ahr/3.2.270,10.1086/ahr/3.2.270,1898,1898-01-01,1898-01-01,Office-Seeking during Jefferson's Administration,3,2,270-291,22,explicit_numeric_range,false,unclassified,Gaillard Hunt
crossref:10.1086/ahr/3.2.292,10.1086/ahr/3.2.292,1898,1898-01-01,1898-01-01,Tammany Hall and the Dorr Rebellion,3,2,292-301,10,explicit_numeric_range,false,unclassified,Arthur May Mowry
crossref:10.1086/ahr/3.2.310,10.1086/ahr/3.2.310,1898,1898-01-01,1898-01-01,Notes of Major William Pierce on the Federal Convention of 1787,3,2,310-334,25,explicit_numeric_range,false,unclassified,
crossref:10.1086/ahr/3.2.379,10.1086/ahr/3.2.379,1898,1898-01-01,1898-01-01,"Canstitutional Studies, State and Federal. By James Schouler, LL.D. (New York: Dodd, Mead and Co. 1897. Pp. 332.)",3,2,379-390,12,explicit_numeric_range,true,unclassified,F. N. T.
crossref:10.1086/ahr/3.2.391,10.1086/ahr/3.2.391,1898,1898-01-01,1898-01-01,Notes and News,3,2,391-404,14,explicit_numeric_range,false,unclassified,
crossref:10.1086/ahr/3.3.405,10.1086/ahr/3.3.405,1898,1898-04-01,1898-04-01,The Annual Meeting of the American Historical Association,3,3,405-417,13,explicit_numeric_range,false,unclassified,
crossref:10.1086/ahr/3.3.418,10.1086/ahr/3.3.418,1898,1898-04-01,1898-04-01,Opportunities for American Students of History at Paris,3,3,418-430,13,explicit_numeric_range,false,unclassified,Charles H. Haskins
crossref:10.1086/ahr/3.3.431,10.1086/ahr/3.3.431,1898,1898-04-01,1898-04-01,Features of the New History: Apropos of Lamprecht's “Deutsche Geschichte”,3,3,431-448,18,explicit_numeric_range,false,unclassified,Earle Wilbur Dow
crossref:10.1086/ahr/3.3.464,10.1086/ahr/3.3.464,1898,1898-04-01,1898-04-01,The Present Status of the Königsmark Question,3,3,464-476,13,explicit_numeric_range,false,unclassified,Ernest F. Henderson
crossref:10.1086/ahr/3.3.477,10.1086/ahr/3.3.477,1898,1898-04-01,1898-04-01,The Early Political Uses of the Word Convention,3,3,477-487,11,explicit_numeric_range,false,unclassified,J. Franklin Jameson
crossref:10.1086/ahr/3.3.490,10.1086/ahr/3.3.490,1898,1898-04-01,1898-04-01,"Documents on the Relations of France to Louisiana, 1792–1795",3,3,490-516,27,explicit_numeric_range,false,unclassified,Frederick J. Turner | Pierre Lyonnet | Joel Barlow | M. Leavenworth
crossref:10.1086/ahr/3.3.580,10.1086/ahr/3.3.580,1898,1898-04-01,1898-04-01,"Report and Accompanying Papers of the Commission appointed by the President of the United States “ to investigate and report upon the true divisional Line between the Republic of Venezuela and British Guiana.” (Washington: Government Printing Office. 1897. Four vols., pp. 406, 723, 517; Vol. IV., atlas of 76 plates.)",3,3,580-592,13,explicit_numeric_range,true,unclassified,S. M. Macvane
crossref:10.1086/ahr/3.3.593,10.1086/ahr/3.3.593,1898,1898-04-01,1898-04-01,Notes and News,3,3,593-606,14,explicit_numeric_range,false,unclassified,
crossref:10.1086/ahr/3.4.607,10.1086/ahr/3.4.607,1898,1898-07-01,1898-07-01,The Spanish Dollar and the Colonial Shilling,3,4,607-619,13,explicit_numeric_range,false,unclassified,W. G. Sumner
crossref:10.1086/ahr/3.4.620,10.1086/ahr/3.4.620,1898,1898-07-01,1898-07-01,The Execution of the Duc D'Enghien,3,4,620-640,21,explicit_numeric_range,false,unclassified,Sidney B. Fay
crossref:10.1086/ahr/3.4.650,10.1086/ahr/3.4.650,1898,1898-07-01,1898-07-01,The Origin of Genet's Projected Attack on Louisiana and the Floridas,3,4,650-671,22,explicit_numeric_range,false,unclassified,Frederick J. Turner
crossref:10.1086/ahr/3.4.674,10.1086/ahr/3.4.674,1898,1898-07-01,1898-07-01,"2. Diary and Letters of Henry Ingersoll, Prisoner at Carthagena, 1806–1809",3,4,674-702,29,explicit_numeric_range,false,unclassified,Edwin Erle Sparks
crossref:10.1086/ahr/3.4.767,10.1086/ahr/3.4.767,1898,1898-07-01,1898-07-01,Notes and News,3,4,767-780,14,explicit_numeric_range,false,unclassified,
crossref:10.1086/ahr/4.1.1,10.1086/ahr/4.1.1,1898,1898-10-01,1898-10-01,The Historical Opportunity in America,4,1,1-20,20,explicit_numeric_range,false,unclassified,Albert Bushnell Hart
crossref:10.1086/ahr/4.1.111,10.1086/ahr/4.1.111,1898,1898-10-01,1898-10-01,3. South Carolina in the Presidential Election of 1800,4,1,111-132,22,explicit_numeric_range,false,unclassified,James Bain
crossref:10.1086/ahr/4.1.189,10.1086/ahr/4.1.189,1898,1898-10-01,1898-10-01,"Cases on American Constitutional Law. Edited by Carl Evans Boyd, Ph.D. (Chicago: Callaghan and Co. 1898. Pp. xi, 678)",4,1,189-199,11,explicit_numeric_range,true,unclassified,Roger Foster
crossref:10.1086/ahr/4.1.200,10.1086/ahr/4.1.200,1898,1898-10-01,1898-10-01,Notes and News,4,1,200-216,17,explicit_numeric_range,false,unclassified,
crossref:10.1086/ahr/4.1.38,10.1086/ahr/4.1.38,1898,1898-10-01,1898-10-01,The Outcome of the Cabot Quater-Centenary,4,1,38-61,24,explicit_numeric_range,false,unclassified,Henry Harrisse
crossref:10.1086/ahr/4.1.62,10.1086/ahr/4.1.62,1898,1898-10-01,1898-10-01,Spain and the United States in 1795,4,1,62-79,18,explicit_numeric_range,false,unclassified,G. L. Rives
crossref:10.1086/ahr/4.1.80,10.1086/ahr/4.1.80,1898,1898-10-01,1898-10-01,The Career of a Kansas Politician,4,1,80-104,25,explicit_numeric_range,false,unclassified,Leverett W. Spring
crossref:10.1086/ahr/4.2.217,10.1086/ahr/4.2.217,1899,1899-01-01,1899-01-01,The French Reformation and the French People in the Sixteenth Century,4,2,217-227,11,explicit_numeric_range,false,unclassified,H. Hauser
crossref:10.1086/ahr/4.2.228,10.1086/ahr/4.2.228,1899,1899-01-01,1899-01-01,The Causes of Cromwell's West Indian Expedition,4,2,228-245,18,explicit_numeric_range,false,unclassified,Frank Strong
crossref:10.1086/ahr/4.2.246,10.1086/ahr/4.2.246,1899,1899-01-01,1899-01-01,The Administrative History of the British Dependencies in the Further East,4,2,246-272,27,explicit_numeric_range,false,unclassified,H. Morse Stephens
crossref:10.1086/ahr/4.2.273,10.1086/ahr/4.2.273,1899,1899-01-01,1899-01-01,The Connecticut Loyalists,4,2,273-291,19,explicit_numeric_range,false,unclassified,G. A. Gilbert
crossref:10.1086/ahr/4.2.292,10.1086/ahr/4.2.292,1899,1899-01-01,1899-01-01,The Politics of John Adams,4,2,292-312,21,explicit_numeric_range,false,unclassified,Anson D. Morse
crossref:10.1086/ahr/4.2.313,10.1086/ahr/4.2.313,1899,1899-01-01,1899-01-01,The First Republican National Convention,4,2,313-322,10,explicit_numeric_range,false,unclassified,George W. Julian
crossref:10.1086/ahr/4.2.331,10.1086/ahr/4.2.331,1899,1899-01-01,1899-01-01,"3. Letters to Secretary Chase from the South, 1861",4,2,331-347,17,explicit_numeric_range,false,unclassified,
crossref:10.1086/ahr/4.2.381,10.1086/ahr/4.2.381,1899,1899-01-01,1899-01-01,"Leading Events of Wisconsin History. The Story of the State. By Henry E. Legler. (Milwaukee: The Sentinel Company. 1898. Pp. viii, 320.)",4,2,381-394,14,explicit_numeric_range,true,unclassified,James D. Butler
crossref:10.1086/ahr/4.2.395,10.1086/ahr/4.2.395,1899,1899-01-01,1899-01-01,Notes and News,4,2,395-408,14,explicit_numeric_range,false,unclassified,
crossref:10.1086/ahr/4.3.409,10.1086/ahr/4.3.409,1899,1899-04-01,1899-04-01,The New Haven Meeting of the American Historical Association,4,3,409-422,14,explicit_numeric_range,false,unclassified,
crossref:10.1086/ahr/4.3.423,10.1086/ahr/4.3.423,1899,1899-04-01,1899-04-01,The Recantations of the Early Lollards,4,3,423-438,16,explicit_numeric_range,false,unclassified,Edward P. Cheyney
crossref:10.1086/ahr/4.3.439,10.1086/ahr/4.3.439,1899,1899-04-01,1899-04-01,Napoleon's Plans for a Colonial System,4,3,439-455,17,explicit_numeric_range,false,unclassified,W. M. Sloane
crossref:10.1086/ahr/4.3.456,10.1086/ahr/4.3.456,1899,1899-04-01,1899-04-01,Holmes vs. Walton: The New Jersey Precedent: A Chapter in the History of Judicial Power and Unconstitutional Legislation,4,3,456-469,14,explicit_numeric_range,false,unclassified,Austin Scott
crossref:10.1086/ahr/4.3.478,10.1086/ahr/4.3.478,1899,1899-04-01,1899-04-01,"1. The Siege of Charleston; Journal of Captain Peter Russell, December 25, 1779, to May 2, 1780",4,3,478-501,24,explicit_numeric_range,false,unclassified,James Bain
crossref:10.1086/ahr/4.3.582,10.1086/ahr/4.3.582,1899,1899-04-01,1899-04-01,"Modern Political Institutions. By Simeon E. Baldwin, LL.D. (Boston: Little, Brown and Co. 1898. Pp. 378.)",4,3,582-593,12,explicit_numeric_range,true,unclassified,Jeremiah W. Jenks
crossref:10.1086/ahr/4.3.594,10.1086/ahr/4.3.594,1899,1899-04-01,1899-04-01,Notes and News,4,3,594-622,29,explicit_numeric_range,false,unclassified,
crossref:10.1086/ahr/4.4.623,10.1086/ahr/4.4.623,1899,1899-07-01,1899-07-01,The County of Illinois,4,4,623-635,13,explicit_numeric_range,false,unclassified,Carl Evans Boyd
crossref:10.1086/ahr/4.4.636,10.1086/ahr/4.4.636,1899,1899-07-01,1899-07-01,Hidalgo and Morelos,4,4,636-651,16,explicit_numeric_range,false,unclassified,Henry Charles Lea
crossref:10.1086/ahr/4.4.652,10.1086/ahr/4.4.652,1899,1899-07-01,1899-07-01,John Bell of Tennessee A Chapter of Political History,4,4,652-664,13,explicit_numeric_range,false,unclassified,Joshua W. Caldwell
crossref:10.1086/ahr/4.4.665,10.1086/ahr/4.4.665,1899,1899-07-01,1899-07-01,The Battle of Gettysburg,4,4,665-677,13,explicit_numeric_range,false,unclassified,James Ford Rhodes
crossref:10.1086/ahr/4.4.678,10.1086/ahr/4.4.678,1899,1899-07-01,1899-07-01,"Attempts toward Colonization: the Council for New England and the Merchant Venturers of Bristol, 1621–1623",4,4,678-702,25,explicit_numeric_range,false,unclassified,Miller Christy
crossref:10.1086/ahr/4.4.764,10.1086/ahr/4.4.764,1899,1899-07-01,1899-07-01,Notes and News,4,4,764-780,17,explicit_numeric_range,false,unclassified,
crossref:10.1086/ahr/4.4.781,10.1086/ahr/4.4.781,1899,1899-07-01,1899-07-01,Index,4,4,781-813,33,explicit_numeric_range,false,unclassified,
crossref:10.1086/ahr/5.1.1,10.1086/ahr/5.1.1,1899,1899-10-01,1899-10-01,The Ballot and other forms of Voting in the Italian Communes,5,1,1-21,21,explicit_numeric_range,false,unclassified,Arthur M. Wolfson
crossref:10.1086/ahr/5.1.155,10.1086/ahr/5.1.155,1899,1899-10-01,1899-10-01,"Thaddens Stevens. By Samuel W. McCall. [American Statesmen.] (Boston and New York: Houghton, Mifflin and Co. 1899. Pp. vi, 369.)",5,1,155-173,19,explicit_numeric_range,true,unclassified,Wm. A. Dunning
crossref:10.1086/ahr/5.1.174,10.1086/ahr/5.1.174,1899,1899-10-01,1899-10-01,Notes and News,5,1,174-198,25,explicit_numeric_range,false,unclassified,
crossref:10.1086/ahr/5.1.22,10.1086/ahr/5.1.22,1899,1899-10-01,1899-10-01,Maryland's Adoption of the Federal Constitution,5,1,22-44,23,explicit_numeric_range,false,unclassified,Bernard C. Steiner
crossref:10.1086/ahr/5.1.45,10.1086/ahr/5.1.45,1899,1899-10-01,1899-10-01,Contemporary Opinion of the Virginia and Kentucky Resolutions,5,1,45-63,19,explicit_numeric_range,false,unclassified,Frank Maloy Anderson
crossref:10.1086/ahr/5.1.64,10.1086/ahr/5.1.64,1899,1899-10-01,1899-10-01,The Unit Rule in National Nominating Conventions,5,1,64-82,19,explicit_numeric_range,false,unclassified,Carl Becker
crossref:10.1086/ahr/5.1.83,10.1086/ahr/5.1.83,1899,1899-10-01,1899-10-01,"1. Accounts of Star Chamber Dinners, 1593–4",5,1,83-95,13,explicit_numeric_range,false,unclassified,Cora L. Scofield
crossref:10.1086/ahr/5.2.253,10.1086/ahr/5.2.253,1899,1899-12-01,1899-12-01,"The Rise and Fall of the Nominating Caucus, Legislative and Congressional",5,2,253-283,31,explicit_numeric_range,false,unclassified,M. Ostrogorski
crossref:10.1086/ahr/5.2.290,10.1086/ahr/5.2.290,1899,1899-12-01,1899-12-01,"2. Journal of Philip Fithian, kept at Nomini Hall, Virginia, 1773–1774",5,2,290-319,30,explicit_numeric_range,false,unclassified,John Rogers Williams
crossref:10.1086/ahr/5.2.383,10.1086/ahr/5.2.383,1899,1899-12-01,1899-12-01,"The Fee System of the United States. By Thomas K. Urdahl, Ph.D. (Madison, Wisconsin. 1898. Pp. xii, 193)",5,2,383-403,21,explicit_numeric_range,true,unclassified,A. C. Miller
crossref:10.1086/ahr/5.2.406,10.1086/ahr/5.2.406,1899,1899-12-01,1899-12-01,Notes and News,5,2,406-422,17,explicit_numeric_range,false,unclassified,
crossref:10.1086/ahr/5.3.423,10.1086/ahr/5.3.423,1900,1900-04-01,1900-04-01,The Boston Meeting of the American Historical Association,5,3,423-439,17,explicit_numeric_range,false,unclassified,Charles M. Andrews
crossref:10.1086/ahr/5.3.440,10.1086/ahr/5.3.440,1900,1900-04-01,1900-04-01,The Problem of the North,5,3,440-466,27,explicit_numeric_range,false,unclassified,Gaillard Thomas Lapsley
crossref:10.1086/ahr/5.3.467,10.1086/ahr/5.3.467,1900,1900-04-01,1900-04-01,Social Compact and Constitutional Construction,5,3,467-490,24,explicit_numeric_range,false,unclassified,Andrew C. McLaughlin
crossref:10.1086/ahr/5.3.491,10.1086/ahr/5.3.491,1900,1900-04-01,1900-04-01,"The United States and Mexico, 1847–1848",5,3,491-502,12,explicit_numeric_range,false,unclassified,Edward G. Bourne
crossref:10.1086/ahr/5.3.503,10.1086/ahr/5.3.503,1900,1900-04-01,1900-04-01,The Chinese Immigrant in Further Asia,5,3,503-517,15,explicit_numeric_range,false,unclassified,Frederick Wells Williams
crossref:10.1086/ahr/5.3.518,10.1086/ahr/5.3.518,1900,1900-04-01,1900-04-01,"“A Memorandum of M. Austin's Journey from the Lead Mines in the County of Wythe in the State of Virginia to the Lead Mines in the Province of Louisiana West of the Mississippi,” 1796–1797",5,3,518-542,25,explicit_numeric_range,false,unclassified,George P. Garrison
crossref:10.1086/ahr/5.3.605,10.1086/ahr/5.3.605,1900,1900-04-01,1900-04-01,"Nos Estados Unidos. Impressões Politicas e Sociaes. Por [Manoel da] Oliveira Lima, da Academia Brazileira. (Leipzig: F. A. Brockhaus. 1899. Pp. 524.)",5,3,605-622,18,explicit_numeric_range,true,unclassified,Edward G. Bourne
crossref:10.1086/ahr/5.3.623,10.1086/ahr/5.3.623,1900,1900-04-01,1900-04-01,Notes and News,5,3,623-642,20,explicit_numeric_range,false,unclassified,
crossref:10.1086/ahr/5.4.643,10.1086/ahr/5.4.643,1900,1900-07-01,1900-07-01,The Critical Period of English Constitutional History,5,4,643-658,16,explicit_numeric_range,false,unclassified,George Burton Adams
crossref:10.1086/ahr/5.4.659,10.1086/ahr/5.4.659,1900,1900-07-01,1900-07-01,Chatham's Colonial Policy,5,4,659-675,17,explicit_numeric_range,false,unclassified,Hubert Hall
crossref:10.1086/ahr/5.4.687,10.1086/ahr/5.4.687,1900,1900-07-01,1900-07-01,President Buchanan's Proposed Intervention in Mexico,5,4,687-701,15,explicit_numeric_range,false,unclassified,Howard Lafayette Wilson
crossref:10.1086/ahr/5.4.702,10.1086/ahr/5.4.702,1900,1900-07-01,1900-07-01,"Letters of Ebenezer Huntington, 1774–1781",5,4,702-729,28,explicit_numeric_range,false,unclassified,Ebenezer Huntington
crossref:10.1086/ahr/5.4.790,10.1086/ahr/5.4.790,1900,1900-07-01,1900-07-01,"History of American Coinage. By David K. Watson. (New York: G. P. Putnam's Sons. 1899. Pp. xx, 278.)",5,4,790-803,14,explicit_numeric_range,true,unclassified,J. Laurence Laughlin
crossref:10.1086/ahr/5.4.806,10.1086/ahr/5.4.806,1900,1900-07-01,1900-07-01,Notes and News,5,4,806-822,17,explicit_numeric_range,false,unclassified,
crossref:10.1086/ahr/6.1.1,10.1086/ahr/6.1.1,1900,1900-10-01,1900-10-01,The English and Dutch Towns of New Netherland,6,1,1-18,18,explicit_numeric_range,false,unclassified,Albert E. McKinley
crossref:10.1086/ahr/6.1.162,10.1086/ahr/6.1.162,1900,1900-10-01,1900-10-01,"The Philadelphia Negro: A Social Study. By W. E. Burghardt Du Bois, Ph.D. [Publications of the University of Pennsylvania, Series in Political Economy and Public Law, No. 14.] (Boston: Ginn and Company. 1899. Pp. xv, 520.)",6,1,162-180,19,explicit_numeric_range,true,unclassified,
crossref:10.1086/ahr/6.1.182,10.1086/ahr/6.1.182,1900,1900-10-01,1900-10-01,Notes and News,6,1,182-196,15,explicit_numeric_range,false,unclassified,
crossref:10.1086/ahr/6.1.19,10.1086/ahr/6.1.19,1900,1900-10-01,1900-10-01,Some Political Aspects of Homestead Legislation,6,1,19-37,19,explicit_numeric_range,false,unclassified,John Bell Sanborn
crossref:10.1086/ahr/6.1.38,10.1086/ahr/6.1.38,1900,1900-10-01,1900-10-01,The Buford Expedition to Kansas,6,1,38-48,11,explicit_numeric_range,false,unclassified,Walter L. Fleming
crossref:10.1086/ahr/6.1.49,10.1086/ahr/6.1.49,1900,1900-10-01,1900-10-01,The Guiana Boundary,6,1,49-64,16,explicit_numeric_range,false,unclassified,George Lincoln Burr
crossref:10.1086/ahr/6.1.65,10.1086/ahr/6.1.65,1900,1900-10-01,1900-10-01,"Diary of John Harrower, 1773–1776",6,1,65-107,43,explicit_numeric_range,false,unclassified,
crossref:10.1086/ahr/6.2.197,10.1086/ahr/6.2.197,1901,1901-01-01,1901-01-01,The Sifted Grain and the Grain Sifters,6,2,197-234,38,explicit_numeric_range,false,unclassified,Charles Francis Adams
crossref:10.1086/ahr/6.2.235,10.1086/ahr/6.2.235,1901,1901-01-01,1901-01-01,Mirabeau's Secret Mission to Berlin,6,2,235-253,19,explicit_numeric_range,false,unclassified,R. M. Johnston
crossref:10.1086/ahr/6.2.260,10.1086/ahr/6.2.260,1901,1901-01-01,1901-01-01,Nominations in Colonial New York,6,2,260-275,16,explicit_numeric_range,false,unclassified,Carl Becker
crossref:10.1086/ahr/6.2.276,10.1086/ahr/6.2.276,1901,1901-01-01,1901-01-01,The Legend of Marcus Whitman,6,2,276-300,25,explicit_numeric_range,false,unclassified,Edward Gaylord Bourne
crossref:10.1086/ahr/6.2.301,10.1086/ahr/6.2.301,1901,1901-01-01,1901-01-01,"1. Diary of Samuel Cooper, 1775–1776.",6,2,301-341,41,explicit_numeric_range,false,unclassified,Frederick Tuckerman
crossref:10.1086/ahr/6.2.380,10.1086/ahr/6.2.380,1901,1901-01-01,1901-01-01,"A History of Tennessee from 1663 to 1900 for Use in Schools. By G. R. McGee Principal of College Street School, Jackson, Tennessee. (New York: The American Book Company. Pp. xxxix, 238.) and History of Tennessee, its People and its Institutions. By William Robertson Garrett, A.M., Ph.D., Professor of American History in Peabody Normal College, and Albert Virgil Goodpasture, A.M. formerly Clerk of the Supreme Court of Tennessee. (Nashville: Brandon Printing Company. Pp. 350.)",6,2,380-393,14,explicit_numeric_range,true,unclassified,Frederick W. Moore
crossref:10.1086/ahr/6.2.394,10.1086/ahr/6.2.394,1901,1901-01-01,1901-01-01,Notes and News,6,2,394-412,19,explicit_numeric_range,false,unclassified,
crossref:10.1086/ahr/6.3.413,10.1086/ahr/6.3.413,1901,1901-04-01,1901-04-01,The Meeting of the American Historical Association at Detroit and Ann Arbor,6,3,413-428,16,explicit_numeric_range,false,unclassified,
crossref:10.1086/ahr/6.3.429,10.1086/ahr/6.3.429,1901,1901-04-01,1901-04-01,The Year 1000 and the Antecedents of the Crusades,6,3,429-439,11,explicit_numeric_range,false,unclassified,George Lincoln Burr
crossref:10.1086/ahr/6.3.446,10.1086/ahr/6.3.446,1901,1901-04-01,1901-04-01,"The Rise of Metropolitan Journalism, 1800–1840",6,3,446-465,20,explicit_numeric_range,false,unclassified,Charles H. Levermore
crossref:10.1086/ahr/6.3.475,10.1086/ahr/6.3.475,1901,1901-04-01,1901-04-01,French Experience with Representative Government in the West Indies,6,3,475-497,23,explicit_numeric_range,false,unclassified,Paul S. Reinsch
crossref:10.1086/ahr/6.3.498,10.1086/ahr/6.3.498,1901,1901-04-01,1901-04-01,1. The Society of Dissenters founded at New York in 1769,6,3,498-507,10,explicit_numeric_range,false,unclassified,Herbert L. Osgood
crossref:10.1086/ahr/6.3.508,10.1086/ahr/6.3.508,1901,1901-04-01,1901-04-01,"2. Miranda and the British Admiralty, 1804–1806",6,3,508-530,23,explicit_numeric_range,false,unclassified,
crossref:10.1086/ahr/6.3.602,10.1086/ahr/6.3.602,1901,1901-04-01,1901-04-01,"Military Reminiscences of the Civil War. By General Jacob D. Cox. (New York: Charles Scribner's Sons. 1900. Two vols., pp. xvii, 549; xvi, 596.)",6,3,602-614,13,explicit_numeric_range,true,unclassified,H. V. Boynton
crossref:10.1086/ahr/6.3.615,10.1086/ahr/6.3.615,1901,1901-04-01,1901-04-01,Notes and News,6,3,615-632,18,explicit_numeric_range,false,unclassified,
crossref:10.1086/ahr/6.4.633,10.1086/ahr/6.4.633,1901,1901-07-01,1901-07-01,The Republic of San Marino,6,4,633-649,17,explicit_numeric_range,false,unclassified,William Miller
crossref:10.1086/ahr/6.4.650,10.1086/ahr/6.4.650,1901,1901-07-01,1901-07-01,The Risings in the English Monastic Towns in 1327,6,4,650-670,21,explicit_numeric_range,false,unclassified,Norman Maclaren Trenholme
crossref:10.1086/ahr/6.4.671,10.1086/ahr/6.4.671,1901,1901-07-01,1901-07-01,The French Hakluyt; Marc Lescarbot of Vervins,6,4,671-692,22,explicit_numeric_range,false,unclassified,H. P. Biggar
crossref:10.1086/ahr/6.4.693,10.1086/ahr/6.4.693,1901,1901-07-01,1901-07-01,The Transition from Dutch to English Rule in New York,6,4,693-724,32,explicit_numeric_range,false,unclassified,Albert E. McKinley
crossref:10.1086/ahr/6.4.725,10.1086/ahr/6.4.725,1901,1901-07-01,1901-07-01,"1. Letters of Dr. Thomas Cooper, 1825–1832",6,4,725-736,12,explicit_numeric_range,false,unclassified,Thomas Cooper
crossref:10.1086/ahr/6.4.736,10.1086/ahr/6.4.736,1901,1901-07-01,1901-07-01,"2. Letters on the Nullification Movement in South Carolina, 1830–1834",6,4,736-765,30,explicit_numeric_range,false,unclassified,Rob. Y. Hayne
crossref:10.1086/ahr/6.4.830,10.1086/ahr/6.4.830,1901,1901-07-01,1901-07-01,"Canada under British Rule, 1700–1900. By Sir John G. Bourinot. [Cambridge Historical Series.] (Cambridge: University Press. 1900. Pp. xii, 346.)",6,4,830-847,18,explicit_numeric_range,true,unclassified,William MacDonald
crossref:10.1086/ahr/6.4.848,10.1086/ahr/6.4.848,1901,1901-07-01,1901-07-01,A Trial Bibliography of American Diplomacy,6,4,848-866,19,explicit_numeric_range,false,unclassified,Albert Bushnell Hart
crossref:10.1086/ahr/6.4.867,10.1086/ahr/6.4.867,1901,1901-07-01,1901-07-01,Notes and News,6,4,867-883,17,explicit_numeric_range,false,unclassified,
crossref:10.1086/ahr/6.4.885,10.1086/ahr/6.4.885,1901,1901-07-01,1901-07-01,Index,6,4,885-915,31,explicit_numeric_range,false,unclassified,
crossref:10.1086/ahr/7.1.11,10.1086/ahr/7.1.11,1901,1901-10-01,1901-10-01,Anglo-Saxon Feudalism,7,1,11-35,25,explicit_numeric_range,false,unclassified,George Burton Adams
crossref:10.1086/ahr/7.1.187,10.1086/ahr/7.1.187,1901,1901-10-01,1901-10-01,Notes and News,7,1,187-202,16,explicit_numeric_range,false,unclassified,
crossref:10.1086/ahr/7.1.36,10.1086/ahr/7.1.36,1901,1901-10-01,1901-10-01,The Jesuit Relations,7,1,36-55,20,explicit_numeric_range,false,unclassified,Charles W. Colby
crossref:10.1086/ahr/7.1.56,10.1086/ahr/7.1.56,1901,1901-10-01,1901-10-01,"Growth of Revolutionary Parties and Methods in New York Province, 1765–1774",7,1,56-76,21,explicit_numeric_range,false,unclassified,Carl Becker
crossref:10.1086/ahr/7.1.77,10.1086/ahr/7.1.77,1901,1901-10-01,1901-10-01,The Monroe Doctrine and the Doctrine of Permanent Interest,7,1,77-91,15,explicit_numeric_range,false,unclassified,Albert Bushnell Hart
crossref:10.1086/ahr/7.2.203,10.1086/ahr/7.2.203,1902,1902-01-01,1902-01-01,An Undeveloped Function,7,2,203-232,30,explicit_numeric_range,false,unclassified,Charles Francis Adams
crossref:10.1086/ahr/7.2.233,10.1086/ahr/7.2.233,1902,1902-01-01,1902-01-01,The Credibility of Early Roman History,7,2,233-253,21,explicit_numeric_range,false,unclassified,Samuel Ball Platner
crossref:10.1086/ahr/7.2.254,10.1086/ahr/7.2.254,1902,1902-01-01,1902-01-01,Studies in the Sources of the Social Revolt in 1381,7,2,254-285,32,explicit_numeric_range,false,unclassified,George Kriehn
crossref:10.1086/ahr/7.2.286,10.1086/ahr/7.2.286,1902,1902-01-01,1902-01-01,A British Privateer in the American Revolution,7,2,286-303,18,explicit_numeric_range,false,unclassified,George Dean | Henry R. Howland
crossref:10.1086/ahr/7.2.304,10.1086/ahr/7.2.304,1902,1902-01-01,1902-01-01,The Papers of Sir Charles Vaughan,7,2,304-329,26,explicit_numeric_range,false,unclassified,John A. Doyle
crossref:10.1086/ahr/7.2.388,10.1086/ahr/7.2.388,1902,1902-01-01,1902-01-01,"China and the Allies. By A. Henry Savage Landor. (New York: Charles Scribner's Sons. 1901. Two Vols., pp. xxv, 382; xxv, 446.)",7,2,388-405,18,explicit_numeric_range,true,unclassified,James B. Angell
crossref:10.1086/ahr/7.2.406,10.1086/ahr/7.2.406,1902,1902-01-01,1902-01-01,Notes and News,7,2,406-420,15,explicit_numeric_range,false,unclassified,
crossref:10.1086/ahr/7.3.421,10.1086/ahr/7.3.421,1902,1902-04-01,1902-04-01,The Meeting of the American Historical Association at Washington,7,3,421-436,16,explicit_numeric_range,false,unclassified,
crossref:10.1086/ahr/7.3.437,10.1086/ahr/7.3.437,1902,1902-04-01,1902-04-01,Robert Le Bougre and the Beginnings of the Inquisition in Northern France,7,3,437-457,21,explicit_numeric_range,false,unclassified,Charles H. Haskins
crossref:10.1086/ahr/7.3.458,10.1086/ahr/7.3.458,1902,1902-04-01,1902-04-01,Studies in the Sources of the Social Revolt in 1381,7,3,458-484,27,explicit_numeric_range,false,unclassified,George Kriehn
crossref:10.1086/ahr/7.3.500,10.1086/ahr/7.3.500,1902,1902-04-01,1902-04-01,"The Papers of Sir Charles R. Vaughan, 1825–1835",7,3,500-533,34,explicit_numeric_range,false,unclassified,
crossref:10.1086/ahr/7.3.590,10.1086/ahr/7.3.590,1902,1902-04-01,1902-04-01,"Seventeenth Annual Report of the Bureau of American Ethnology to the Secretary of the Smithsonian Institution, 1895–1896. By J. W. Powell. Part 1. (Washington: Government Printing Office. 1898. Pp. cxiii, 468 + 129-344.) and Eighteenth Annual Report of the Bureau of American Ethnology to the Secretary of the Smithsonian Institution, 1896–1897. By J. W. Powell. Part 1. (Washington: Government Printing Office. 1899. Pp.lvii,518.)",7,3,590-614,25,explicit_numeric_range,true,unclassified,Frank Russell
crossref:10.1086/ahr/7.3.615,10.1086/ahr/7.3.615,1902,1902-04-01,1902-04-01,Notes and News,7,3,615-630,16,explicit_numeric_range,false,unclassified,
crossref:10.1086/ahr/7.4.653,10.1086/ahr/7.4.653,1902,1902-07-01,1902-07-01,European Archives,7,4,653-662,10,explicit_numeric_range,false,unclassified,George Lincoln Burr
crossref:10.1086/ahr/7.4.663,10.1086/ahr/7.4.663,1902,1902-07-01,1902-07-01,The Place of Nathaniel Macon in Southern History,7,4,663-675,13,explicit_numeric_range,false,unclassified,William E. Dodd
crossref:10.1086/ahr/7.4.706,10.1086/ahr/7.4.706,1902,1902-07-01,1902-07-01,2. English Policy Toward America in 1790–1791,7,4,706-735,30,explicit_numeric_range,false,unclassified,Frederick J. Turner
crossref:10.1086/ahr/7.4.801,10.1086/ahr/7.4.801,1902,1902-07-01,1902-07-01,"A Short History of the Mississippi Valley. By James K. Hosmer. (Boston and New York: Houghton, Mifflin and Co. 1901. Pp. xv, 230.)",7,4,801-820,20,explicit_numeric_range,true,unclassified,F. J. T.
crossref:10.1086/ahr/7.4.821,10.1086/ahr/7.4.821,1902,1902-07-01,1902-07-01,Notes and News,7,4,821-838,18,explicit_numeric_range,false,unclassified,
crossref:10.1086/ahr/8.1.1,10.1086/ahr/8.1.1,1902,1902-10-01,1902-10-01,The Financial Relations of the Knights Templars to the English Crown,8,1,1-17,17,explicit_numeric_range,false,unclassified,Eleanor Ferris
crossref:10.1086/ahr/8.1.154,10.1086/ahr/8.1.154,1902,1902-10-01,1902-10-01,"Japan: Its History, Arts and Literature. By Captain F. Brinkley. [Oriental Series.] (Boston and Tokyo: J. B. Millet Co. 1901. Vols. I.–VI., pp. 260; 286; 256; 267; 260; 301.)",8,1,154-185,32,explicit_numeric_range,true,unclassified,William Elliott Griffis
crossref:10.1086/ahr/8.1.18,10.1086/ahr/8.1.18,1902,1902-10-01,1902-10-01,Habeas Corpus in the Colonies,8,1,18-27,10,explicit_numeric_range,false,unclassified,A. H. Carpenter
crossref:10.1086/ahr/8.1.186,10.1086/ahr/8.1.186,1902,1902-10-01,1902-10-01,Notes and News,8,1,186-204,19,explicit_numeric_range,false,unclassified,
crossref:10.1086/ahr/8.1.28,10.1086/ahr/8.1.28,1902,1902-10-01,1902-10-01,John Quincy Adams and the Monroe Doctrine,8,1,28-52,25,explicit_numeric_range,false,unclassified,Worthington Chauncey Ford
crossref:10.1086/ahr/8.1.53,10.1086/ahr/8.1.53,1902,1902-10-01,1902-10-01,Lincoln and the Patronage,8,1,53-69,17,explicit_numeric_range,false,unclassified,Carl Russell Fish
crossref:10.1086/ahr/8.2.205,10.1086/ahr/8.2.205,1903,1903-01-01,1903-01-01,The Study of the Lutheran Revolt,8,2,205-216,12,explicit_numeric_range,false,unclassified,James Harvey Robinson
crossref:10.1086/ahr/8.2.217,10.1086/ahr/8.2.217,1903,1903-01-01,1903-01-01,Geneva Before Calvin (1387–1536). The Antecedents of a Puritan State,8,2,217-240,24,explicit_numeric_range,false,unclassified,Herbert Darling Foster
crossref:10.1086/ahr/8.2.241,10.1086/ahr/8.2.241,1903,1903-01-01,1903-01-01,The Constitution and Finance of the Royal African Company of England from its Foundation Till 1720,8,2,241-259,19,explicit_numeric_range,false,unclassified,W. R. Scott
crossref:10.1086/ahr/8.2.260,10.1086/ahr/8.2.260,1903,1903-01-01,1903-01-01,The Plantation Type of Colony,8,2,260-270,11,explicit_numeric_range,false,unclassified,L. D. Scisco
crossref:10.1086/ahr/8.2.271,10.1086/ahr/8.2.271,1903,1903-01-01,1903-01-01,The State of Franklin,8,2,271-289,19,explicit_numeric_range,false,unclassified,George Henry Alden
crossref:10.1086/ahr/8.2.301,10.1086/ahr/8.2.301,1903,1903-01-01,1903-01-01,"2. Letters of Samuel Cooper to Thomas Pownall, 1769–1777",8,2,301-330,30,explicit_numeric_range,false,unclassified,Frederick Tuckerman
crossref:10.1086/ahr/8.2.376,10.1086/ahr/8.2.376,1903,1903-01-01,1903-01-01,"The Mastery of the Pacific. By Archibald R. Colquhoun. (New York: The Macmillan Co. 1902. Pp. xvi, 440.)",8,2,376-391,16,explicit_numeric_range,true,unclassified,H. Morse Stephens
crossref:10.1086/ahr/8.2.392,10.1086/ahr/8.2.392,1903,1903-01-01,1903-01-01,Notes and News,8,2,392-408,17,explicit_numeric_range,false,unclassified,
crossref:10.1086/ahr/8.3.409,10.1086/ahr/8.3.409,1903,1903-04-01,1903-04-01,The Meeting of the American Historical Association at Philadelphia,8,3,409-425,17,explicit_numeric_range,false,unclassified,
crossref:10.1086/ahr/8.3.426,10.1086/ahr/8.3.426,1903,1903-04-01,1903-04-01,The Origin of Property in Land,8,3,426-448,23,explicit_numeric_range,false,unclassified,Gaillard Thomas Lapsley
crossref:10.1086/ahr/8.3.449,10.1086/ahr/8.3.449,1903,1903-04-01,1903-04-01,American Business Corporations Before 1786,8,3,449-465,17,explicit_numeric_range,false,unclassified,Simeon E. Baldwin
crossref:10.1086/ahr/8.3.466,10.1086/ahr/8.3.466,1903,1903-04-01,1903-04-01,American Constitutional Precedents in the French National Assembly,8,3,466-486,21,explicit_numeric_range,false,unclassified,Henry E. Bourne
crossref:10.1086/ahr/8.3.491,10.1086/ahr/8.3.491,1903,1903-04-01,1903-04-01,"1. George Rogers Clark and the Kaskaskia Campaign, 1777–1778",8,3,491-506,16,explicit_numeric_range,false,unclassified,Frederick J. Turner
crossref:10.1086/ahr/8.3.578,10.1086/ahr/8.3.578,1903,1903-04-01,1903-04-01,"La Hongrie Moderne de 1849 à 1901.Étude Historique. Par A. de Bertha. (Paris: Plon-Nourrit et Cie. 1901. Pp. iv, 358.)",8,3,578-593,16,explicit_numeric_range,true,unclassified,Archibald Cary Coolidge
crossref:10.1086/ahr/8.3.594,10.1086/ahr/8.3.594,1903,1903-04-01,1903-04-01,Notes and News,8,3,594-612,19,explicit_numeric_range,false,unclassified,
crossref:10.1086/ahr/8.4.613,10.1086/ahr/8.4.613,1903,1903-07-01,1903-07-01,The Early Norman Jury,8,4,613-640,28,explicit_numeric_range,false,unclassified,Charles H. Haskins
crossref:10.1086/ahr/8.4.641,10.1086/ahr/8.4.641,1903,1903-07-01,1903-07-01,"Some French Communes, in the Light of their Charters",8,4,641-656,16,explicit_numeric_range,false,unclassified,Earle Wilbur Dow
crossref:10.1086/ahr/8.4.657,10.1086/ahr/8.4.657,1903,1903-07-01,1903-07-01,The Youth of Mirabeau,8,4,657-682,26,explicit_numeric_range,false,unclassified,Fred Morrow Fling
crossref:10.1086/ahr/8.4.683,10.1086/ahr/8.4.683,1903,1903-07-01,1903-07-01,St. Eustatius in the American Revolution,8,4,683-708,26,explicit_numeric_range,false,unclassified,J. Franklin Jameson
crossref:10.1086/ahr/8.4.709,10.1086/ahr/8.4.709,1903,1903-07-01,1903-07-01,"Correspondence of the Comte de Moustier with the Comte de Montmorin, 1787–1789",8,4,709-733,25,explicit_numeric_range,false,unclassified,Henry E. Bourne
crossref:10.1086/ahr/8.4.795,10.1086/ahr/8.4.795,1903,1903-07-01,1903-07-01,"Japan: Its History, Arts, and Literature. By Captain F. Brinkley. [Oriental Series, Volumes VII. and VIII.] (Boston and Tokyo: J. B. Millet Company. 1902. Pp. 396; 450.) and China. By Captain F. Brinkley. [Oriental Series, Volumes IX.–XII.] (Boston and Tokyo: J. B. Millet Company. 1902. Pp. iv, 426; 273; 285; 292.)",8,4,795-808,14,explicit_numeric_range,true,unclassified,William Elliot Griffis
crossref:10.1086/ahr/8.4.813,10.1086/ahr/8.4.813,1903,1903-07-01,1903-07-01,Notes and News,8,4,813-828,16,explicit_numeric_range,false,unclassified,
crossref:10.1086/ahr/9.1.1,10.1086/ahr/9.1.1,1903,1903-10-01,1903-10-01,Historical Synthesis,9,1,1-22,22,explicit_numeric_range,false,unclassified,Fred Morrow Fling
crossref:10.1086/ahr/9.1.104,10.1086/ahr/9.1.104,1903,1903-10-01,1903-10-01,3. A Journey from New York to San Francisco in 1850,9,1,104-115,12,explicit_numeric_range,false,unclassified,
crossref:10.1086/ahr/9.1.195,10.1086/ahr/9.1.195,1903,1903-10-01,1903-10-01,"England, India, and Afghanistan. An Essay upon the Relations, Past and Future, between Afghanistan and the British Empire in India. [The Le Bas Prize Essay, 1902.] By Frank Noyce, B.A. (London: C. J. Clay and Sons; New York: The Macmillan Company. 1902. Pp. xii, 174.)",9,1,195-209,15,explicit_numeric_range,true,unclassified,Alfred L. P. Dennis
crossref:10.1086/ahr/9.1.210,10.1086/ahr/9.1.210,1903,1903-10-01,1903-10-01,Notes and News,9,1,210-232,23,explicit_numeric_range,false,unclassified,
crossref:10.1086/ahr/9.1.23,10.1086/ahr/9.1.23,1903,1903-10-01,1903-10-01,Two Lives of the Emperor Charles V,9,1,23-35,13,explicit_numeric_range,false,unclassified,Ernest F. Henderson
crossref:10.1086/ahr/9.1.36,10.1086/ahr/9.1.36,1903,1903-10-01,1903-10-01,The Failure of the Humble Petition and Advice,9,1,36-65,30,explicit_numeric_range,false,unclassified,Ralph C. H. Catterall
crossref:10.1086/ahr/9.1.66,10.1086/ahr/9.1.66,1903,1903-10-01,1903-10-01,Election of Delegates from New York to the Second Continental Congress,9,1,66-85,20,explicit_numeric_range,false,unclassified,Carl Becker
crossref:10.1086/ahr/9.1.86,10.1086/ahr/9.1.86,1903,1903-10-01,1903-10-01,"1. Correspondence of the Comte de Moustier with the Comte de Montmorin, 1787–1789",9,1,86-96,11,explicit_numeric_range,false,unclassified,
crossref:10.1086/ahr/10.1.1,10.1086/ahr/10.1.1,1904,1904-10-01,1904-10-01,The University Of Paris in the Sermons of the Thirteenth Century,10,1,1-27,27,explicit_numeric_range,false,unclassified,Charles H. Haskins
crossref:10.1086/ahr/10.1.110,10.1086/ahr/10.1.110,1904,1904-10-01,1904-10-01,"2. Some Papers of Franklin Pierce, 1852–1862",10,1,110-127,18,explicit_numeric_range,false,unclassified,
crossref:10.1086/ahr/10.1.207,10.1086/ahr/10.1.207,1904,1904-10-01,1904-10-01,"Writings on American History, 1902. By Ernest C. Richardson and A. E. Morse. (Princeton: The Library book store. 1904. Pp. xxi, 294.)",10,1,207-220,14,explicit_numeric_range,true,unclassified,W. D. Johnston
crossref:10.1086/ahr/10.1.226,10.1086/ahr/10.1.226,1904,1904-10-01,1904-10-01,Notes and News,10,1,226-248,23,explicit_numeric_range,false,unclassified,
crossref:10.1086/ahr/10.1.28,10.1086/ahr/10.1.28,1904,1904-10-01,1904-10-01,English Poetry and English History,10,1,28-40,13,explicit_numeric_range,false,unclassified,Goldwin Smith
crossref:10.1086/ahr/10.1.41,10.1086/ahr/10.1.41,1904,1904-10-01,1904-10-01,The Naming of America,10,1,41-51,11,explicit_numeric_range,false,unclassified,Edward Gaylord Bourne
crossref:10.1086/ahr/10.1.52,10.1086/ahr/10.1.52,1904,1904-10-01,1904-10-01,Nova Scotia and New England During the Revolution,10,1,52-71,20,explicit_numeric_range,false,unclassified,Emily P. Weaver
crossref:10.1086/ahr/10.1.72,10.1086/ahr/10.1.72,1904,1904-10-01,1904-10-01,The First Stage of the Movement for the Annexation of Texas,10,1,72-96,25,explicit_numeric_range,false,unclassified,George P. Garrison
crossref:10.1086/ahr/10.1.97,10.1086/ahr/10.1.97,1904,1904-10-01,1904-10-01,1. Alexander Hamilton's Notes in the Federal Convention of 1787,10,1,97-109,13,explicit_numeric_range,false,unclassified,Worthington Chauncey Ford
crossref:10.1086/ahr/9.2.233,10.1086/ahr/9.2.233,1904,1904-01-01,1904-01-01,Ethical Values in History,9,2,233-246,14,explicit_numeric_range,false,unclassified,Henry Charles Lea
crossref:10.1086/ahr/9.2.247,10.1086/ahr/9.2.247,1904,1904-01-01,1904-01-01,The Podestà of Siena,9,2,247-264,18,explicit_numeric_range,false,unclassified,Ferdinand Schwill
crossref:10.1086/ahr/9.2.265,10.1086/ahr/9.2.265,1904,1904-01-01,1904-01-01,The Merchant Adventurers at Hamburg,9,2,265-287,23,explicit_numeric_range,false,unclassified,William E. Lingelbach
crossref:10.1086/ahr/9.2.288,10.1086/ahr/9.2.288,1904,1904-01-01,1904-01-01,Naturalization in England and the American Colonies,9,2,288-303,16,explicit_numeric_range,false,unclassified,A. H. Carpenter
crossref:10.1086/ahr/9.2.310,10.1086/ahr/9.2.310,1904,1904-01-01,1904-01-01,"Papers of William Paterson on the Federal Convention,: 1787",9,2,310-340,31,explicit_numeric_range,false,unclassified,
crossref:10.1086/ahr/9.2.394,10.1086/ahr/9.2.394,1904,1904-01-01,1904-01-01,"Zur jüngsten deutschen Vergangenheit. Von Karl Lamprecht, Professor der Geschichte an der Universität Leipzig. Zweiter Ergänzungsband, erste Hälfte. (Freiburg im Breisgau: Verlag von Hermann Heyfelder. 1903. Pp. xvii, 520.)",9,2,394-411,18,explicit_numeric_range,true,unclassified,William E. Dodd
crossref:10.1086/ahr/9.2.413,10.1086/ahr/9.2.413,1904,1904-01-01,1904-01-01,Notes and News,9,2,413-436,24,explicit_numeric_range,false,unclassified,
crossref:10.1086/ahr/9.3.437,10.1086/ahr/9.3.437,1904,1904-04-01,1904-04-01,The Meeting of the American Historical Association at New Orleans,9,3,437-455,19,explicit_numeric_range,false,unclassified,
crossref:10.1086/ahr/9.3.460,10.1086/ahr/9.3.460,1904,1904-04-01,1904-04-01,Frederick the Great and the American Revolution,9,3,460-478,19,explicit_numeric_range,false,unclassified,Paul Leland Haworth
crossref:10.1086/ahr/9.3.479,10.1086/ahr/9.3.479,1904,1904-04-01,1904-04-01,Compromises of the Constitution,9,3,479-489,11,explicit_numeric_range,false,unclassified,Max Farrand
crossref:10.1086/ahr/9.3.490,10.1086/ahr/9.3.490,1904,1904-04-01,1904-04-01,Wilkinson and the Beginnings of the Spanish Conspiracy,9,3,490-506,17,explicit_numeric_range,false,unclassified,William R. Shepherd
crossref:10.1086/ahr/9.3.507,10.1086/ahr/9.3.507,1904,1904-04-01,1904-04-01,The World Aspects of the Louisiana Purchase,9,3,507-521,15,explicit_numeric_range,false,unclassified,William M. Sloane
crossref:10.1086/ahr/9.3.601,10.1086/ahr/9.3.601,1904,1904-04-01,1904-04-01,"Dochet (St. Croix) Island: a Monograph. By W. F. Ganong, M.A., Ph.D. (Ottawa: J. Hope and Sons; Toronto: The Copp-Clark Company; London: Bernard Quaritch. 1902. Pp. 127–231.)",9,3,601-622,22,explicit_numeric_range,true,unclassified,Victor Hugo Paltsits
crossref:10.1086/ahr/9.3.623,10.1086/ahr/9.3.623,1904,1904-04-01,1904-04-01,Notes and News,9,3,623-648,26,explicit_numeric_range,false,unclassified,
crossref:10.1086/ahr/9.4.649,10.1086/ahr/9.4.649,1904,1904-07-01,1904-07-01,The Rehabilitation of Theramenes,9,4,649-669,21,explicit_numeric_range,false,unclassified,Bernadotte Perrin
crossref:10.1086/ahr/9.4.670,10.1086/ahr/9.4.670,1904,1904-07-01,1904-07-01,Cornage and Drengage,9,4,670-695,26,explicit_numeric_range,false,unclassified,Gaillard Thomas Lapsley
crossref:10.1086/ahr/9.4.696,10.1086/ahr/9.4.696,1904,1904-07-01,1904-07-01,Reginald Pole and Thomas Cromwell: An Examination of the Apologia Ad Carolum Quintum,9,4,696-724,29,explicit_numeric_range,false,unclassified,Paul van Dyke
crossref:10.1086/ahr/9.4.725,10.1086/ahr/9.4.725,1904,1904-07-01,1904-07-01,The Navigation Acts As Applied to European Trade,9,4,725-734,10,explicit_numeric_range,false,unclassified,Dudley Odell McGovney
crossref:10.1086/ahr/9.4.735,10.1086/ahr/9.4.735,1904,1904-07-01,1904-07-01,"1. Sketch of Pinckney's Plan for a Constitution, 1787",9,4,735-747,13,explicit_numeric_range,false,unclassified,
crossref:10.1086/ahr/9.4.748,10.1086/ahr/9.4.748,1904,1904-07-01,1904-07-01,"2. Papers Bearing on James Wilkinson's Relations with Spain, 1787–1789",9,4,748-766,19,explicit_numeric_range,false,unclassified,William R. Shepherd
crossref:10.1086/ahr/9.4.846,10.1086/ahr/9.4.846,1904,1904-07-01,1904-07-01,"Letters of Lord Acton to Mary Gladstone. Edited, with an introductory memoir, by Herbert Paul. (New York: The Macmillan Company; London: George Allen. 1904. Pp. 353.)",9,4,846-863,18,explicit_numeric_range,true,unclassified,William R. Thayer
crossref:10.1086/ahr/9.4.864,10.1086/ahr/9.4.864,1904,1904-07-01,1904-07-01,Notes and News,9,4,864-882,19,explicit_numeric_range,false,unclassified,
crossref:10.1086/ahr/10.2.249,10.1086/ahr/10.2.249,1905,1905-01-01,1905-01-01,The Policy of France Toward the Mississippi Valley in the Period of Washington and Adams,10,2,249-279,31,explicit_numeric_range,false,unclassified,Frederick Jackson Turner
crossref:10.1086/ahr/10.2.280,10.1086/ahr/10.2.280,1905,1905-01-01,1905-01-01,"Improvising a Government in Paris in July, 1789",10,2,280-308,29,explicit_numeric_range,false,unclassified,Henry E. Bourne
crossref:10.1086/ahr/10.2.309,10.1086/ahr/10.2.309,1905,1905-01-01,1905-01-01,The Treaty of Guadalupe-Hidalgo,10,2,309-324,16,explicit_numeric_range,false,unclassified,Jesse S. Reeves
crossref:10.1086/ahr/10.2.325,10.1086/ahr/10.2.325,1905,1905-01-01,1905-01-01,Materials in British Archives for American Colonial History,10,2,325-349,25,explicit_numeric_range,false,unclassified,Charles M. Andrews
crossref:10.1086/ahr/10.2.350,10.1086/ahr/10.2.350,1905,1905-01-01,1905-01-01,"Some Papers of Franklin Pierce, 1852–1862",10,2,350-371,22,explicit_numeric_range,false,unclassified,
crossref:10.1086/ahr/10.2.435,10.1086/ahr/10.2.435,1905,1905-01-01,1905-01-01,"Historical Manuscripts Commission: Report on the Manuscripts of Mrs. Stopford-Sackville, of Drayton House, Northamptonshire, Volume I. (London: Eyre and Spottiswoode. 1904. Pp. viii, 439.), Report on Manuscripts in Various Collections Volume III. The Manuscripts of T. B. Clarke-Thornhill, Esq., Sir T. Barrett-Lennard, Bart., Pelham R. Papillon, Esq., and W. Cleverly Alexander, Esq. (1904. Pp. lxxvii, 281, ix.) and Sixteenth Report of the Royal Commission on Historical Manuscripts. (1904. Pp. 173.)",10,2,435-458,24,explicit_numeric_range,true,unclassified,Edward Porritt
crossref:10.1086/ahr/10.2.463,10.1086/ahr/10.2.463,1905,1905-01-01,1905-01-01,Notes and News,10,2,463-488,26,explicit_numeric_range,false,unclassified,
crossref:10.1086/ahr/10.3.489,10.1086/ahr/10.3.489,1905,1905-04-01,1905-04-01,The Meeting of the American Historical Association at Chicago,10,3,489-510,22,explicit_numeric_range,false,unclassified,
crossref:10.1086/ahr/10.3.511,10.1086/ahr/10.3.511,1905,1905-04-01,1905-04-01,The Treatment of History,10,3,511-520,10,explicit_numeric_range,false,unclassified,Goldwin Smith
crossref:10.1086/ahr/10.3.521,10.1086/ahr/10.3.521,1905,1905-04-01,1905-04-01,Methods of Work in Historical Seminaries,10,3,521-533,13,explicit_numeric_range,false,unclassified,George Burton Adams
crossref:10.1086/ahr/10.3.534,10.1086/ahr/10.3.534,1905,1905-04-01,1905-04-01,The Early Life of Oliver Ellsworth,10,3,534-564,31,explicit_numeric_range,false,unclassified,William Garrott Brown
crossref:10.1086/ahr/10.3.574,10.1086/ahr/10.3.574,1905,1905-04-01,1905-04-01,"Documents on the Blount Conspiracy, 1795–1797",10,3,574-606,33,explicit_numeric_range,false,unclassified,Frederick J. Turner
crossref:10.1086/ahr/10.3.678,10.1086/ahr/10.3.678,1905,1905-04-01,1905-04-01,"A History of Military Government in Newly Acquired Territory of the United States. By David Yancey Thomas, Ph.D. [Columbia University Studies in History, Economics, and Public Law, Volume XX, No. 2.] (New York: The Columbia University Press; The Macmillan Company; London: P. S. King and Son. 1904. Pp. 334.)",10,3,678-691,14,explicit_numeric_range,true,unclassified,A. H. Carpenter
crossref:10.1086/ahr/10.3.704,10.1086/ahr/10.3.704,1905,1905-04-01,1905-04-01,Notes and News,10,3,704-726,23,explicit_numeric_range,false,unclassified,
crossref:10.1086/ahr/10.4.727,10.1086/ahr/10.4.727,1905,1905-07-01,1905-07-01,History and Materialism,10,4,727-750,24,explicit_numeric_range,false,unclassified,Alfred H. Lloyd
crossref:10.1086/ahr/10.4.751,10.1086/ahr/10.4.751,1905,1905-07-01,1905-07-01,"A Continental Congressman: Oliver Ellsworth, 1777–1783",10,4,751-781,31,explicit_numeric_range,false,unclassified,William Garrott Brown
crossref:10.1086/ahr/10.4.782,10.1086/ahr/10.4.782,1905,1905-07-01,1905-07-01,The Indian Boundary Line,10,4,782-791,10,explicit_numeric_range,false,unclassified,Max Farrand
crossref:10.1086/ahr/10.4.792,10.1086/ahr/10.4.792,1905,1905-07-01,1905-07-01,William Walker and the Steamship Corporation in Nicaragua,10,4,792-811,20,explicit_numeric_range,false,unclassified,William Oscar Scroggs
crossref:10.1086/ahr/10.4.817,10.1086/ahr/10.4.817,1905,1905-07-01,1905-07-01,"3. Charles Pinckney's Reply to Jay, August 16, 1786, regarding a Treaty with Spain",10,4,817-827,11,explicit_numeric_range,false,unclassified,Worthington Chauncey Ford
crossref:10.1086/ahr/10.4.907,10.1086/ahr/10.4.907,1905,1905-07-01,1905-07-01,"Th. Nast, his Period and his Pictures. By Albert Bigelow Paine. (New York and London: Macmillan. 1904. Pp. xxi, 583, xx.)",10,4,907-928,22,explicit_numeric_range,true,unclassified,Charles H. Levermore
crossref:10.1086/ahr/10.4.933,10.1086/ahr/10.4.933,1905,1905-07-01,1905-07-01,Notes and News,10,4,933-956,24,explicit_numeric_range,false,unclassified,
crossref:10.1086/ahr/11.1.1,10.1086/ahr/11.1.1,1905,1905-10-01,1905-10-01,Early Records of the King's Council,11,1,1-15,15,explicit_numeric_range,false,unclassified,James F. Baldwin
crossref:10.1086/ahr/11.1.16,10.1086/ahr/11.1.16,1905,1905-10-01,1905-10-01,The Literary Activity of the Emperor Maximilian I,11,1,16-28,13,explicit_numeric_range,false,unclassified,Paul van Dyke
crossref:10.1086/ahr/11.1.186,10.1086/ahr/11.1.186,1905,1905-10-01,1905-10-01,Minor Notices,11,1,186-204,19,explicit_numeric_range,false,unclassified,
crossref:10.1086/ahr/11.1.205,10.1086/ahr/11.1.205,1905,1905-10-01,1905-10-01,Notes and News,11,1,205-230,26,explicit_numeric_range,false,unclassified,
crossref:10.1086/ahr/11.1.42,10.1086/ahr/11.1.42,1905,1905-10-01,1905-10-01,The Confederation and the Shays Rebellion,11,1,42-67,26,explicit_numeric_range,false,unclassified,Joseph Parker Warren
crossref:10.1086/ahr/11.1.68,10.1086/ahr/11.1.68,1905,1905-10-01,1905-10-01,The Negotiations at Ghent in 1814,11,1,68-87,20,explicit_numeric_range,false,unclassified,A. T. Mahan
crossref:10.1086/ahr/11.1.88,10.1086/ahr/11.1.88,1905,1905-10-01,1905-10-01,"Letters of John Quincy Adams to Alexander Hamilton Everett, 1811–1837",11,1,88-116,29,explicit_numeric_range,false,unclassified,Andrew C. McLaughlin | John Quincy Adams
crossref:10.1086/ahr/11.2.231,10.1086/ahr/11.2.231,1906,1906-01-01,1906-01-01,"The Speech of Pope Urban II. At Clermont, 1095",11,2,231-242,12,explicit_numeric_range,false,unclassified,Dana Carleton Munro
crossref:10.1086/ahr/11.2.243,10.1086/ahr/11.2.243,1906,1906-01-01,1906-01-01,Molinos and the Italian Mystics,11,2,243-262,20,explicit_numeric_range,false,unclassified,Henry Charles Lea
crossref:10.1086/ahr/11.2.263,10.1086/ahr/11.2.263,1906,1906-01-01,1906-01-01,Municipal Politics in Paris in 1789,11,2,263-286,24,explicit_numeric_range,false,unclassified,Henry E. Bourne
crossref:10.1086/ahr/11.2.287,10.1086/ahr/11.2.287,1906,1906-01-01,1906-01-01,The Travels of Jonathan Carver,11,2,287-302,16,explicit_numeric_range,false,unclassified,Edward Gaylord Bourne
crossref:10.1086/ahr/11.2.303,10.1086/ahr/11.2.303,1906,1906-01-01,1906-01-01,"The Colonization of the West, 1820–1830",11,2,303-327,25,explicit_numeric_range,false,unclassified,Frederick J. Turner
crossref:10.1086/ahr/11.2.332,10.1086/ahr/11.2.332,1906,1906-01-01,1906-01-01,"2. Letters of John Quincy Adams to Alexander Hamilton Everett, 1811–1837",11,2,332-354,23,explicit_numeric_range,false,unclassified,J. Q. Adams
crossref:10.1086/ahr/11.2.428,10.1086/ahr/11.2.428,1906,1906-01-01,1906-01-01,Minor Notices,11,2,428-448,21,explicit_numeric_range,false,unclassified,
crossref:10.1086/ahr/11.2.455,10.1086/ahr/11.2.455,1906,1906-01-01,1906-01-01,Notes and News,11,2,455-490,36,explicit_numeric_range,false,unclassified,
crossref:10.1086/ahr/11.3.491,10.1086/ahr/11.3.491,1906,1906-04-01,1906-04-01,The Meeting of the American Historical Association at Baltimore,11,3,491-514,24,explicit_numeric_range,false,unclassified,
crossref:10.1086/ahr/11.3.515,10.1086/ahr/11.3.515,1906,1906-04-01,1906-04-01,Old Standards of Public Morals,11,3,515-528,14,explicit_numeric_range,false,unclassified,John Bach McMaster
crossref:10.1086/ahr/11.3.529,10.1086/ahr/11.3.529,1906,1906-04-01,1906-04-01,Recent Tendencies in the Study of the French Revolution,11,3,529-547,19,explicit_numeric_range,false,unclassified,James Harvey Robinson
crossref:10.1086/ahr/11.3.548,10.1086/ahr/11.3.548,1906,1906-04-01,1906-04-01,Dr. S. Millington Miller and the Mecklenburg Declaration,11,3,548-558,11,explicit_numeric_range,false,unclassified,Worthington Chauncey Ford | A. S. Salley
crossref:10.1086/ahr/11.3.559,10.1086/ahr/11.3.559,1906,1906-04-01,1906-04-01,"The South, 1820–1830",11,3,559-573,15,explicit_numeric_range,false,unclassified,Frederick J. Turner
crossref:10.1086/ahr/11.3.574,10.1086/ahr/11.3.574,1906,1906-04-01,1906-04-01,More Light on Andrew Johnson,11,3,574-594,21,explicit_numeric_range,false,unclassified,William A. Dunning
crossref:10.1086/ahr/11.3.595,10.1086/ahr/11.3.595,1906,1906-04-01,1906-04-01,Papers of Dr. James McHenry on the Federal Convention of 1787,11,3,595-624,30,explicit_numeric_range,false,unclassified,Luther Martin
crossref:10.1086/ahr/11.3.705,10.1086/ahr/11.3.705,1906,1906-04-01,1906-04-01,Minor Notices,11,3,705-717,13,explicit_numeric_range,false,unclassified,
crossref:10.1086/ahr/11.3.724,10.1086/ahr/11.3.724,1906,1906-04-01,1906-04-01,Notes and News,11,3,724-760,37,explicit_numeric_range,false,unclassified,
crossref:10.1086/ahr/11.4.769,10.1086/ahr/11.4.769,1906,1906-07-01,1906-07-01,The England of Our Forefathers,11,4,769-778,10,explicit_numeric_range,false,unclassified,Edward P. Cheyney
crossref:10.1086/ahr/11.4.779,10.1086/ahr/11.4.779,1906,1906-07-01,1906-07-01,The Later American Policy of George Canning,11,4,779-797,19,explicit_numeric_range,false,unclassified,H. W. V. Temperley
crossref:10.1086/ahr/11.4.798,10.1086/ahr/11.4.798,1906,1906-07-01,1906-07-01,The Origin and Growth of the Southern Black Belts,11,4,798-816,19,explicit_numeric_range,false,unclassified,Ulrich B. Phillips
crossref:10.1086/ahr/11.4.817,10.1086/ahr/11.4.817,1906,1906-07-01,1906-07-01,Gaps in the Published Records of United States History,11,4,817-831,15,explicit_numeric_range,false,unclassified,J. Franklin Jameson
crossref:10.1086/ahr/11.4.832,10.1086/ahr/11.4.832,1906,1906-07-01,1906-07-01,"1. Letters of Gideon J. Pillow to James K. Polk, 1844",11,4,832-843,12,explicit_numeric_range,false,unclassified,Jesse S. Reeves | Andrew Jackson | Gid. J. Pillow | G.J.P
crossref:10.1086/ahr/11.4.843,10.1086/ahr/11.4.843,1906,1906-07-01,1906-07-01,2. Apolinario Mabini on the Failure of the Filipino Revolution,11,4,843-861,19,explicit_numeric_range,false,unclassified,
crossref:10.1086/ahr/11.4.930,10.1086/ahr/11.4.930,1906,1906-07-01,1906-07-01,Minor Notices,11,4,930-945,16,explicit_numeric_range,false,unclassified,
crossref:10.1086/ahr/11.4.953,10.1086/ahr/11.4.953,1906,1906-07-01,1906-07-01,Notes and News,11,4,953-987,35,explicit_numeric_range,false,unclassified,
crossref:10.1086/ahr/11.4.989,10.1086/ahr/11.4.989,1906,1906-07-01,1906-07-01,American Historical Review Volume XI,11,4,989-1020,32,explicit_numeric_range,false,unclassified,
crossref:10.1086/ahr/12.1.1,10.1086/ahr/12.1.1,1906,1906-10-01,1906-10-01,The Privy Council of the Time of Richard II,12,1,1-14,14,explicit_numeric_range,false,unclassified,James F. Baldwin
crossref:10.1086/ahr/12.1.15,10.1086/ahr/12.1.15,1906,1906-10-01,1906-10-01,The Office of Intendant in New France,12,1,15-38,24,explicit_numeric_range,false,unclassified,W. B. Munro
crossref:10.1086/ahr/12.1.168,10.1086/ahr/12.1.168,1906,1906-10-01,1906-10-01,Minor Notices,12,1,168-182,15,explicit_numeric_range,false,unclassified,
crossref:10.1086/ahr/12.1.186,10.1086/ahr/12.1.186,1906,1906-10-01,1906-10-01,Notes and News,12,1,186-218,33,explicit_numeric_range,false,unclassified,
crossref:10.1086/ahr/12.1.39,10.1086/ahr/12.1.39,1906,1906-10-01,1906-10-01,Canning and the Spanish Patriots in 1808,12,1,39-52,14,explicit_numeric_range,false,unclassified,J. Holland Rose
crossref:10.1086/ahr/12.1.53,10.1086/ahr/12.1.53,1906,1906-10-01,1906-10-01,The Territory of Colorado,12,1,53-65,13,explicit_numeric_range,false,unclassified,Frederic L. Paxson
crossref:10.1086/ahr/12.1.77,10.1086/ahr/12.1.77,1906,1906-10-01,1906-10-01,"2. Journal of John Mair, 1791",12,1,77-94,18,explicit_numeric_range,false,unclassified,
crossref:10.1086/ahr/12.1.94,10.1086/ahr/12.1.94,1906,1906-10-01,1906-10-01,"3. Project of Latin-American Confederation, 1856",12,1,94-103,10,explicit_numeric_range,false,unclassified,Juan de Zavala
crossref:10.1086/ahr/12.2.219,10.1086/ahr/12.2.219,1907,1907-01-01,1907-01-01,Religion Still the Key to History,12,2,219-243,25,explicit_numeric_range,false,unclassified,Simeon E. Baldwin
crossref:10.1086/ahr/12.2.244,10.1086/ahr/12.2.244,1907,1907-01-01,1907-01-01,French Reports of British Parliamentary Debates in the Eighteenth Century,12,2,244-269,26,explicit_numeric_range,false,unclassified,Paul Mantoux
crossref:10.1086/ahr/12.2.270,10.1086/ahr/12.2.270,1907,1907-01-01,1907-01-01,Proof that Columbus was Born in 1451: A New Document,12,2,270-279,10,explicit_numeric_range,false,unclassified,
crossref:10.1086/ahr/12.2.280,10.1086/ahr/12.2.280,1907,1907-01-01,1907-01-01,The Black Warrior Affair,12,2,280-298,19,explicit_numeric_range,false,unclassified,Henry Lorenzo Janes
crossref:10.1086/ahr/12.2.299,10.1086/ahr/12.2.299,1907,1907-01-01,1907-01-01,"The Literature of the South African War, 1899–1902",12,2,299-321,23,explicit_numeric_range,false,unclassified,
crossref:10.1086/ahr/12.2.327,10.1086/ahr/12.2.327,1907,1907-01-01,1907-01-01,"2. Narrative of a Voyage to Maryland, 1705–1706",12,2,327-340,14,explicit_numeric_range,false,unclassified,
crossref:10.1086/ahr/12.2.412,10.1086/ahr/12.2.412,1907,1907-01-01,1907-01-01,Minor Notices,12,2,412-436,25,explicit_numeric_range,false,unclassified,
crossref:10.1086/ahr/12.2.441,10.1086/ahr/12.2.441,1907,1907-01-01,1907-01-01,Notes and News,12,2,441-482,42,explicit_numeric_range,false,unclassified,
crossref:10.1086/ahr/12.3.483,10.1086/ahr/12.3.483,1907,1907-04-01,1907-04-01,The Meeting of the American Historical Association at Providence,12,3,483-506,24,explicit_numeric_range,false,unclassified,
crossref:10.1086/ahr/12.3.507,10.1086/ahr/12.3.507,1907,1907-04-01,1907-04-01,Some English Conditions Surrounding the Settlement of Virginia,12,3,507-528,22,explicit_numeric_range,false,unclassified,Edward P. Cheyney
crossref:10.1086/ahr/12.3.529,10.1086/ahr/12.3.529,1907,1907-04-01,1907-04-01,Sovereignty in the American Revolution: an Historical Study,12,3,529-545,17,explicit_numeric_range,false,unclassified,Claude H. Van Tyne
crossref:10.1086/ahr/12.3.546,10.1086/ahr/12.3.546,1907,1907-04-01,1907-04-01,The Sharps Rifle Episode in Kansas History,12,3,546-566,21,explicit_numeric_range,false,unclassified,W. H. Isely
crossref:10.1086/ahr/12.3.567,10.1086/ahr/12.3.567,1907,1907-04-01,1907-04-01,The Attitude of Thaddeus Stevens Toward the Conduct of the Civil War,12,3,567-583,17,explicit_numeric_range,false,unclassified,James Albert Woodburn
crossref:10.1086/ahr/12.3.587,10.1086/ahr/12.3.587,1907,1907-04-01,1907-04-01,"2. Edmund Randolph on the British Treaty, 1795",12,3,587-599,13,explicit_numeric_range,false,unclassified,Edm Randolph
crossref:10.1086/ahr/12.3.686,10.1086/ahr/12.3.686,1907,1907-04-01,1907-04-01,Minor Notices,12,3,686-702,17,explicit_numeric_range,false,unclassified,
crossref:10.1086/ahr/12.3.703,10.1086/ahr/12.3.703,1907,1907-04-01,1907-04-01,Notes and News,12,3,703-732,30,explicit_numeric_range,false,unclassified,
crossref:10.1086/ahr/12.4.733,10.1086/ahr/12.4.733,1907,1907-07-01,1907-07-01,Mortmain in Medieval Boroughs,12,4,733-742,10,explicit_numeric_range,false,unclassified,Charles Gross
crossref:10.1086/ahr/12.4.743,10.1086/ahr/12.4.743,1907,1907-07-01,1907-07-01,Nicholas Fuller: A Forgotten Exponent of English Liberty,12,4,743-760,18,explicit_numeric_range,false,unclassified,Roland G. Usher
crossref:10.1086/ahr/12.4.761,10.1086/ahr/12.4.761,1907,1907-07-01,1907-07-01,The Rise of Manufactures in the Miami Country,12,4,761-775,15,explicit_numeric_range,false,unclassified,Frank P. Goodwin
crossref:10.1086/ahr/12.4.776,10.1086/ahr/12.4.776,1907,1907-07-01,1907-07-01,"Chief Justice Marshall and Virginia, 1813–1821",12,4,776-787,12,explicit_numeric_range,false,unclassified,William E. Dodd
crossref:10.1086/ahr/12.4.788,10.1086/ahr/12.4.788,1907,1907-07-01,1907-07-01,President Jackson and the Texas Revolution,12,4,788-809,22,explicit_numeric_range,false,unclassified,Eugene C. Barker
crossref:10.1086/ahr/12.4.810,10.1086/ahr/12.4.810,1907,1907-07-01,1907-07-01,Directorium ad Faciendum Passagium Transmarinum,12,4,810-857,48,explicit_numeric_range,false,unclassified,C. Raymond Beazley
crossref:10.1086/ahr/12.4.915,10.1086/ahr/12.4.915,1907,1907-07-01,1907-07-01,Minor Notices,12,4,915-936,22,explicit_numeric_range,false,unclassified,
crossref:10.1086/ahr/12.4.937,10.1086/ahr/12.4.937,1907,1907-07-01,1907-07-01,Notes and News,12,4,937-970,34,explicit_numeric_range,false,unclassified,
crossref:10.1086/ahr/12.4.971,10.1086/ahr/12.4.971,1907,1907-07-01,1907-07-01,Index American Historical Review Volume XII,12,4,971-995,25,explicit_numeric_range,false,unclassified,
crossref:10.1086/ahr/13.1.1,10.1086/ahr/13.1.1,1907,1907-10-01,1907-10-01,Amunclae a Serpentibus Deletae,13,1,1-10,10,explicit_numeric_range,false,unclassified,Ettore Païs
crossref:10.1086/ahr/13.1.16,10.1086/ahr/13.1.16,1907,1907-10-01,1907-10-01,The Mecklenburg Declaration: The Present Status of the Question,13,1,16-43,28,explicit_numeric_range,false,unclassified,A. S. Salley
crossref:10.1086/ahr/13.1.173,10.1086/ahr/13.1.173,1907,1907-10-01,1907-10-01,Minor Notices,13,1,173-192,20,explicit_numeric_range,false,unclassified,
crossref:10.1086/ahr/13.1.198,10.1086/ahr/13.1.198,1907,1907-10-01,1907-10-01,Notes and News,13,1,198-228,31,explicit_numeric_range,false,unclassified,
crossref:10.1086/ahr/13.1.44,10.1086/ahr/13.1.44,1907,1907-10-01,1907-10-01,The Records of the Federal Convention,13,1,44-65,22,explicit_numeric_range,false,unclassified,Max Farrand
crossref:10.1086/ahr/13.1.66,10.1086/ahr/13.1.66,1907,1907-10-01,1907-10-01,"Directorium ad Faciendum Passagium Transmarinum, II",13,1,66-115,50,explicit_numeric_range,false,unclassified,C. Raymond Beazley
crossref:10.1086/ahr/13.2.229,10.1086/ahr/13.2.229,1908,1908-01-01,1908-01-01,"The Origin of the English Constitution, I",13,2,229-245,17,explicit_numeric_range,false,unclassified,George Burton Adams
crossref:10.1086/ahr/13.2.246,10.1086/ahr/13.2.246,1908,1908-01-01,1908-01-01,The Greek Renaissance in Italy,13,2,246-258,13,explicit_numeric_range,false,unclassified,Louise Ropes Loomis
crossref:10.1086/ahr/13.2.259,10.1086/ahr/13.2.259,1908,1908-01-01,1908-01-01,John Knox as a Man of the World,13,2,259-280,22,explicit_numeric_range,false,unclassified,Albert Bushnell Hart
crossref:10.1086/ahr/13.2.286,10.1086/ahr/13.2.286,1908,1908-01-01,1908-01-01,The American Acta Sanctorum,13,2,286-302,17,explicit_numeric_range,false,unclassified,J. Franklin Jameson
crossref:10.1086/ahr/13.2.378,10.1086/ahr/13.2.378,1908,1908-01-01,1908-01-01,Minor Notices,13,2,378-391,14,explicit_numeric_range,false,unclassified,
crossref:10.1086/ahr/13.2.398,10.1086/ahr/13.2.398,1908,1908-01-01,1908-01-01,Notes and News,13,2,398-432,35,explicit_numeric_range,false,unclassified,
crossref:10.1086/ahr/13.3.433,10.1086/ahr/13.3.433,1908,1908-04-01,1908-04-01,The Meeting of the American Historical Association at Madison,13,3,433-458,26,explicit_numeric_range,false,unclassified,
crossref:10.1086/ahr/13.3.459,10.1086/ahr/13.3.459,1908,1908-04-01,1908-04-01,The Household of the Norwegian Kings in the Thirteenth Century,13,3,459-479,21,explicit_numeric_range,false,unclassified,Laurence M. Larson
crossref:10.1086/ahr/13.3.480,10.1086/ahr/13.3.480,1908,1908-04-01,1908-04-01,Some Notes on the Treatment of the English Catholics in the Reign of Elizabeth,13,3,480-500,21,explicit_numeric_range,false,unclassified,Roger Bigelow Merriman
crossref:10.1086/ahr/13.3.510,10.1086/ahr/13.3.510,1908,1908-04-01,1908-04-01,Material for Southwestern History in the Central Archives of Mexico,13,3,510-527,18,explicit_numeric_range,false,unclassified,Herbert E. Bolton
crossref:10.1086/ahr/13.3.528,10.1086/ahr/13.3.528,1908,1908-04-01,1908-04-01,"Narrative and Letter of William Henry Trescot, concerning, the Negotiations between South Carolina and President Buchanan in December, 1860",13,3,528-556,29,explicit_numeric_range,false,unclassified,Gaillard Hunt
crossref:10.1086/ahr/13.3.631,10.1086/ahr/13.3.631,1908,1908-04-01,1908-04-01,Minor Notices,13,3,631-665,35,explicit_numeric_range,false,unclassified,
crossref:10.1086/ahr/13.3.670,10.1086/ahr/13.3.670,1908,1908-04-01,1908-04-01,Notes and News,13,3,670-712,43,explicit_numeric_range,false,unclassified,
crossref:10.1086/ahr/13.4.713,10.1086/ahr/13.4.713,1908,1908-07-01,1908-07-01,"The Origin of the English Constitution, II",13,4,713-730,18,explicit_numeric_range,false,unclassified,George Burton Adams
crossref:10.1086/ahr/13.4.731,10.1086/ahr/13.4.731,1908,1908-07-01,1908-07-01,The Russian Expansion Towards Asia and the Arctic in the Middle Ages (to 1500),13,4,731-741,11,explicit_numeric_range,false,unclassified,C. Raymond Beazley
crossref:10.1086/ahr/13.4.742,10.1086/ahr/13.4.742,1908,1908-07-01,1908-07-01,The Politics Behind Braddock's Expedition,13,4,742-752,11,explicit_numeric_range,false,unclassified,Thad W. Riker
crossref:10.1086/ahr/13.4.753,10.1086/ahr/13.4.753,1908,1908-07-01,1908-07-01,A Preliminary Study of the Administrative Polity of Napoleon I,13,4,753-778,26,explicit_numeric_range,false,unclassified,Victor Coffin
crossref:10.1086/ahr/13.4.779,10.1086/ahr/13.4.779,1908,1908-07-01,1908-07-01,Some Problems of Southern Economic History,13,4,779-797,19,explicit_numeric_range,false,unclassified,Alfred Holt Stone
crossref:10.1086/ahr/13.4.798,10.1086/ahr/13.4.798,1908,1908-07-01,1908-07-01,"Papers of Zebulon M. Pike, 1806–1807",13,4,798-827,30,explicit_numeric_range,false,unclassified,Herbert E. Bolton
crossref:10.1086/ahr/13.4.892,10.1086/ahr/13.4.892,1908,1908-07-01,1908-07-01,Minor Notices,13,4,892-920,29,explicit_numeric_range,false,unclassified,
crossref:10.1086/ahr/13.4.922,10.1086/ahr/13.4.922,1908,1908-07-01,1908-07-01,Notes and News,13,4,922-954,33,explicit_numeric_range,false,unclassified,
crossref:10.1086/ahr/13.4.955,10.1086/ahr/13.4.955,1908,1908-07-01,1908-07-01,Index American Historical Review Volume XIII,13,4,955-977,23,explicit_numeric_range,false,unclassified,
crossref:10.1086/ahr/14.1.166,10.1086/ahr/14.1.166,1908,1908-10-01,1908-10-01,Minor Notices,14,1,166-186,21,explicit_numeric_range,false,unclassified,
crossref:10.1086/ahr/14.1.191,10.1086/ahr/14.1.191,1908,1908-10-01,1908-10-01,Notes and News,14,1,191-220,30,explicit_numeric_range,false,unclassified,
crossref:10.1086/ahr/14.1.22,10.1086/ahr/14.1.22,1908,1908-10-01,1908-10-01,San Galgano: A Cistercian Abbey of the Middle ages,14,1,22-37,16,explicit_numeric_range,false,unclassified,Ferdinand Schevill
crossref:10.1086/ahr/14.1.38,10.1086/ahr/14.1.38,1908,1908-10-01,1908-10-01,Some Economic Factors in the Revocation of the Edict of Nantes,14,1,38-50,13,explicit_numeric_range,false,unclassified,James Westfall Thompson
crossref:10.1086/ahr/14.1.51,10.1086/ahr/14.1.51,1908,1908-10-01,1908-10-01,Some Phases of Tennessee Politics in the Jackson Period,14,1,51-69,19,explicit_numeric_range,false,unclassified,St. George Leakin Sioussat
crossref:10.1086/ahr/14.1.70,10.1086/ahr/14.1.70,1908,1908-10-01,1908-10-01,"Letters of Sir George Simpson, 1841–1843",14,1,70-94,25,explicit_numeric_range,false,unclassified,Joseph Schafer
crossref:10.1086/ahr/14.1.9,10.1086/ahr/14.1.9,1908,1908-10-01,1908-10-01,The Ethical Function of the Historian,14,1,9-21,13,explicit_numeric_range,false,unclassified,David J. Hill
crossref:10.1086/ahr/14.2.221,10.1086/ahr/14.2.221,1909,1909-01-01,1909-01-01,History and the Philosophy of History,14,2,221-236,16,explicit_numeric_range,false,unclassified,George Burton Adams
crossref:10.1086/ahr/14.2.237,10.1086/ahr/14.2.237,1909,1909-01-01,1909-01-01,The State and Seigniorial Authority in Early German History,14,2,237-248,12,explicit_numeric_range,false,unclassified,Gerhard Seeliger
crossref:10.1086/ahr/14.2.249,10.1086/ahr/14.2.249,1909,1909-01-01,1909-01-01,The Origin and Credibility of the Icelandic Saga,14,2,249-261,13,explicit_numeric_range,false,unclassified,Alexander Bugge
crossref:10.1086/ahr/14.2.262,10.1086/ahr/14.2.262,1909,1909-01-01,1909-01-01,Great Britain and the Dutch Question in 1787–1788,14,2,262-283,22,explicit_numeric_range,false,unclassified,J. Holland Rose
crossref:10.1086/ahr/14.2.284,10.1086/ahr/14.2.284,1909,1909-01-01,1909-01-01,President Lincoln and the Navy,14,2,284-303,20,explicit_numeric_range,false,unclassified,Charles Oscar Paullin
crossref:10.1086/ahr/14.2.304,10.1086/ahr/14.2.304,1909,1909-01-01,1909-01-01,"Letters of General Thomas Williams, 1862",14,2,304-328,25,explicit_numeric_range,false,unclassified,G. Mott Williams
crossref:10.1086/ahr/14.2.375,10.1086/ahr/14.2.375,1909,1909-01-01,1909-01-01,Minor Notices,14,2,375-394,20,explicit_numeric_range,false,unclassified,
crossref:10.1086/ahr/14.2.397,10.1086/ahr/14.2.397,1909,1909-01-01,1909-01-01,Notes and News,14,2,397-428,32,explicit_numeric_range,false,unclassified,
crossref:10.1086/ahr/14.3.429,10.1086/ahr/14.3.429,1909,1909-04-01,1909-04-01,The Meeting of the American Historical Association at Washington and Richmond,14,3,429-452,24,explicit_numeric_range,false,unclassified,
crossref:10.1086/ahr/14.3.453,10.1086/ahr/14.3.453,1909,1909-04-01,1909-04-01,Normandy Under William the Conqueror,14,3,453-476,24,explicit_numeric_range,false,unclassified,Charles H. Haskins
crossref:10.1086/ahr/14.3.477,10.1086/ahr/14.3.477,1909,1909-04-01,1909-04-01,The Formation and Constitution of the Burgundian State (Fifteenth and Sixteenth Centuries),14,3,477-502,26,explicit_numeric_range,false,unclassified,H. Pirenne
crossref:10.1086/ahr/14.3.503,10.1086/ahr/14.3.503,1909,1909-04-01,1909-04-01,"English Conspiracy and Dissent, 1660–1674, I",14,3,503-528,26,explicit_numeric_range,false,unclassified,Wilbur C. Abbott
crossref:10.1086/ahr/14.3.529,10.1086/ahr/14.3.529,1909,1909-04-01,1909-04-01,"The South Carolina Federalists, I",14,3,529-543,15,explicit_numeric_range,false,unclassified,Ulrich B. Phillips
crossref:10.1086/ahr/14.3.544,10.1086/ahr/14.3.544,1909,1909-04-01,1909-04-01,"Father Pierre Gibault and the Submission of Post Vincennes, 1778",14,3,544-557,14,explicit_numeric_range,false,unclassified,Clarence Walworth Alvord
crossref:10.1086/ahr/14.3.596,10.1086/ahr/14.3.596,1909,1909-04-01,1909-04-01,Minor Notices,14,3,596-639,44,explicit_numeric_range,false,unclassified,
crossref:10.1086/ahr/14.3.642,10.1086/ahr/14.3.642,1909,1909-04-01,1909-04-01,Notes and News,14,3,642-674,33,explicit_numeric_range,false,unclassified,
crossref:10.1086/ahr/14.4.675,10.1086/ahr/14.4.675,1909,1909-07-01,1909-07-01,The Christian Church and Slavery in the Middle Ages,14,4,675-695,21,explicit_numeric_range,false,unclassified,Frederik Pijper
crossref:10.1086/ahr/14.4.696,10.1086/ahr/14.4.696,1909,1909-07-01,1909-07-01,"English Conspiracy and Dissent, 1660–1674, II",14,4,696-722,27,explicit_numeric_range,false,unclassified,W. C. Abbott
crossref:10.1086/ahr/14.4.731,10.1086/ahr/14.4.731,1909,1909-07-01,1909-07-01,"The South Carolina Federalists, II",14,4,731-743,13,explicit_numeric_range,false,unclassified,Ulrich B. Phillips
crossref:10.1086/ahr/14.4.744,10.1086/ahr/14.4.744,1909,1909-07-01,1909-07-01,English Interest in the Annexation of California,14,4,744-763,20,explicit_numeric_range,false,unclassified,Ephraim D. Adams
crossref:10.1086/ahr/14.4.764,10.1086/ahr/14.4.764,1909,1909-07-01,1909-07-01,1. Texts of Columbus's Privileges,14,4,764-776,13,explicit_numeric_range,false,unclassified,Frances G. Davenport
crossref:10.1086/ahr/14.4.776,10.1086/ahr/14.4.776,1909,1909-07-01,1909-07-01,"2. South Carolina Federalist Correspondence, 1789–1797",14,4,776-790,15,explicit_numeric_range,false,unclassified,Ulrich B. Phillips
crossref:10.1086/ahr/14.4.843,10.1086/ahr/14.4.843,1909,1909-07-01,1909-07-01,Minor Notices,14,4,843-861,19,explicit_numeric_range,false,unclassified,
crossref:10.1086/ahr/14.4.864,10.1086/ahr/14.4.864,1909,1909-07-01,1909-07-01,Notes and News,14,4,864-898,35,explicit_numeric_range,false,unclassified,
crossref:10.1086/ahr/14.4.899,10.1086/ahr/14.4.899,1909,1909-07-01,1909-07-01,Index American Historical Review Volume XIV,14,4,899-921,23,explicit_numeric_range,false,unclassified,
crossref:10.1086/ahr/15.1.1,10.1086/ahr/15.1.1,1909,1909-10-01,1909-10-01,"The American Historical Association, 1884–1909",15,1,1-20,20,explicit_numeric_range,false,unclassified,J. Franklin Jameson
crossref:10.1086/ahr/15.1.169,10.1086/ahr/15.1.169,1909,1909-10-01,1909-10-01,Minor Notices,15,1,169-194,26,explicit_numeric_range,false,unclassified,
crossref:10.1086/ahr/15.1.199,10.1086/ahr/15.1.199,1909,1909-10-01,1909-10-01,Notes and News,15,1,199-226,28,explicit_numeric_range,false,unclassified,
crossref:10.1086/ahr/15.1.21,10.1086/ahr/15.1.21,1909,1909-10-01,1909-10-01,British Druidism and the Roman War Policy,15,1,21-36,16,explicit_numeric_range,false,unclassified,W. F. Tamblyn
crossref:10.1086/ahr/15.1.37,10.1086/ahr/15.1.37,1909,1909-10-01,1909-10-01,The Character and Antecedents of the Charter of Liberties of Henry I,15,1,37-46,10,explicit_numeric_range,false,unclassified,Henry L. Cannon
crossref:10.1086/ahr/15.1.54,10.1086/ahr/15.1.54,1909,1909-10-01,1909-10-01,The Share of America in Civilization,15,1,54-65,12,explicit_numeric_range,false,unclassified,Joaquim Nabuco
crossref:10.1086/ahr/15.1.66,10.1086/ahr/15.1.66,1909,1909-10-01,1909-10-01,"Papers relating to Bourbon County, Georgia, 1785–1786, I",15,1,66-111,46,explicit_numeric_range,false,unclassified,Edmund C. Burnett
crossref:10.1086/ahr/15.2.227,10.1086/ahr/15.2.227,1910,1910-01-01,1910-01-01,Imagination in History,15,2,227-251,25,explicit_numeric_range,false,unclassified,Albert Bushnell Hart
crossref:10.1086/ahr/15.2.252,10.1086/ahr/15.2.252,1910,1910-01-01,1910-01-01,The Wealth of the Knights Templars in England and the Disposition of It after Their Dissolution,15,2,252-263,12,explicit_numeric_range,false,unclassified,Clarence Perkins
crossref:10.1086/ahr/15.2.264,10.1086/ahr/15.2.264,1910,1910-01-01,1910-01-01,"Wöllner and the Prussian Religious Edict of 1788, I",15,2,264-280,17,explicit_numeric_range,false,unclassified,Guy Stanton Ford
crossref:10.1086/ahr/15.2.281,10.1086/ahr/15.2.281,1910,1910-01-01,1910-01-01,The Indians in the Civil War,15,2,281-296,16,explicit_numeric_range,false,unclassified,Annie Heloise Abel
crossref:10.1086/ahr/15.2.297,10.1086/ahr/15.2.297,1910,1910-01-01,1910-01-01,"Papers relating to Bourbon County, Georgia, 1785–1786, II",15,2,297-353,57,explicit_numeric_range,false,unclassified,Edmund C. Burnett
crossref:10.1086/ahr/15.2.402,10.1086/ahr/15.2.402,1910,1910-01-01,1910-01-01,Minor Notices,15,2,402-426,25,explicit_numeric_range,false,unclassified,
crossref:10.1086/ahr/15.2.433,10.1086/ahr/15.2.433,1910,1910-01-01,1910-01-01,Notes and News,15,2,433-473,41,explicit_numeric_range,false,unclassified,
crossref:10.1086/ahr/15.3.475,10.1086/ahr/15.3.475,1910,1910-04-01,1910-04-01,The Meeting of the American Historical Association at New York,15,3,475-495,21,explicit_numeric_range,false,unclassified,
crossref:10.1086/ahr/15.3.496,10.1086/ahr/15.3.496,1910,1910-04-01,1910-04-01,"The King's Council and the Chancery, I",15,3,496-508,13,explicit_numeric_range,false,unclassified,James F. Baldwin
crossref:10.1086/ahr/15.3.509,10.1086/ahr/15.3.509,1910,1910-04-01,1910-04-01,"Wöllner and the Prussian Religious Edict of 1788, II",15,3,509-525,17,explicit_numeric_range,false,unclassified,Guy Stanton Ford
crossref:10.1086/ahr/15.3.526,10.1086/ahr/15.3.526,1910,1910-04-01,1910-04-01,The Contest for the Laws of Reform in Mexico,15,3,526-546,21,explicit_numeric_range,false,unclassified,John W. Foster
crossref:10.1086/ahr/15.3.547,10.1086/ahr/15.3.547,1910,1910-04-01,1910-04-01,The Molly Maguires in the Anthracite Region of Pennsylvania,15,3,547-561,15,explicit_numeric_range,false,unclassified,James Ford Rhodes
crossref:10.1086/ahr/15.3.642,10.1086/ahr/15.3.642,1910,1910-04-01,1910-04-01,Minor Notices,15,3,642-676,35,explicit_numeric_range,false,unclassified,
crossref:10.1086/ahr/15.3.677,10.1086/ahr/15.3.677,1910,1910-04-01,1910-04-01,Notes and News,15,3,677-708,32,explicit_numeric_range,false,unclassified,
crossref:10.1086/ahr/15.4.709,10.1086/ahr/15.4.709,1910,1910-07-01,1910-07-01,The Circumstance or the Substance of History,15,4,709-719,11,explicit_numeric_range,false,unclassified,Frederick J. Teggart
crossref:10.1086/ahr/15.4.720,10.1086/ahr/15.4.720,1910,1910-07-01,1910-07-01,The Political Policies of Cnut as King of England,15,4,720-743,24,explicit_numeric_range,false,unclassified,Laurence M. Larson
crossref:10.1086/ahr/15.4.744,10.1086/ahr/15.4.744,1910,1910-07-01,1910-07-01,"The King's Council and the Chancery, II",15,4,744-761,18,explicit_numeric_range,false,unclassified,James F. Baldwin
crossref:10.1086/ahr/15.4.762,10.1086/ahr/15.4.762,1910,1910-07-01,1910-07-01,The Cleavage between Eastern and Western Virginia,15,4,762-780,19,explicit_numeric_range,false,unclassified,Charles H. Ambler
crossref:10.1086/ahr/15.4.781,10.1086/ahr/15.4.781,1910,1910-07-01,1910-07-01,Reconstruction and Its Benefits,15,4,781-799,19,explicit_numeric_range,false,unclassified,W. E. Burghardt Du Bois
crossref:10.1086/ahr/15.4.800,10.1086/ahr/15.4.800,1910,1910-07-01,1910-07-01,"Documents relative to the Adjustment of the Roman Catholic Organization in the United States to the Conditions of National Independence, 1783–1789",15,4,800-829,30,explicit_numeric_range,false,unclassified,Carl Russell Fish
crossref:10.1086/ahr/15.4.908,10.1086/ahr/15.4.908,1910,1910-07-01,1910-07-01,Minor Notices,15,4,908-924,17,explicit_numeric_range,false,unclassified,
crossref:10.1086/ahr/15.4.927,10.1086/ahr/15.4.927,1910,1910-07-01,1910-07-01,Notes and News,15,4,927-960,34,explicit_numeric_range,false,unclassified,
crossref:10.1086/ahr/15.4.961,10.1086/ahr/15.4.961,1910,1910-07-01,1910-07-01,Index American Historical Review Volume XV,15,4,961-984,24,explicit_numeric_range,false,unclassified,
crossref:10.1086/ahr/16.1.1,10.1086/ahr/16.1.1,1910,1910-10-01,1910-10-01,Athens and Hellenism,16,1,1-10,10,explicit_numeric_range,false,unclassified,William Scott Ferguson
crossref:10.1086/ahr/16.1.11,10.1086/ahr/16.1.11,1910,1910-10-01,1910-10-01,Prince Henry of Portugal and the African Crusade of the Fifteenth Century,16,1,11-23,13,explicit_numeric_range,false,unclassified,C. Raymond Beazley
crossref:10.1086/ahr/16.1.156,10.1086/ahr/16.1.156,1910,1910-10-01,1910-10-01,Minor Notices,16,1,156-180,25,explicit_numeric_range,false,unclassified,
crossref:10.1086/ahr/16.1.181,10.1086/ahr/16.1.181,1910,1910-10-01,1910-10-01,Notes and News,16,1,181-216,36,explicit_numeric_range,false,unclassified,
crossref:10.1086/ahr/16.1.24,10.1086/ahr/16.1.24,1910,1910-10-01,1910-10-01,The Credibility of Marat,16,1,24-35,12,explicit_numeric_range,false,unclassified,R. C. H. Catterall
crossref:10.1086/ahr/16.1.36,10.1086/ahr/16.1.36,1910,1910-10-01,1910-10-01,The Mexican Recognition of Texas,16,1,36-55,20,explicit_numeric_range,false,unclassified,Justin H. Smith
crossref:10.1086/ahr/16.1.64,10.1086/ahr/16.1.64,1910,1910-10-01,1910-10-01,"Letters of Toussaint Louverture and of Edward Stevens, 1798–1800",16,1,64-101,38,explicit_numeric_range,false,unclassified,Toussaint Louverture | Edward Stevens
crossref:10.1086/ahr/16.2.217,10.1086/ahr/16.2.217,1911,1911-01-01,1911-01-01,Social Forces in American History,16,2,217-233,17,explicit_numeric_range,false,unclassified,Frederick J. Turner
crossref:10.1086/ahr/16.2.234,10.1086/ahr/16.2.234,1911,1911-01-01,1911-01-01,The Roman Law and the German Peasant,16,2,234-254,21,explicit_numeric_range,false,unclassified,Sidney Bradshaw Fay
crossref:10.1086/ahr/16.2.255,10.1086/ahr/16.2.255,1911,1911-01-01,1911-01-01,"Horace Walpole's Memoirs of the Reign of George the Third, I",16,2,255-272,18,explicit_numeric_range,false,unclassified,Carl Becker
crossref:10.1086/ahr/16.2.273,10.1086/ahr/16.2.273,1911,1911-01-01,1911-01-01,"The British Attitude Toward the Oregon Question, 1815–1846",16,2,273-299,27,explicit_numeric_range,false,unclassified,Joseph Schafer
crossref:10.1086/ahr/16.2.300,10.1086/ahr/16.2.300,1911,1911-01-01,1911-01-01,The Scandinavian Element in American Population,16,2,300-310,11,explicit_numeric_range,false,unclassified,Kendric Charles Babcock
crossref:10.1086/ahr/16.2.327,10.1086/ahr/16.2.327,1911,1911-01-01,1911-01-01,"3. Letters of William T. Barry, 1800–1810, 1829–1831",16,2,327-336,10,explicit_numeric_range,false,unclassified,
crossref:10.1086/ahr/16.2.376,10.1086/ahr/16.2.376,1911,1911-01-01,1911-01-01,Minor Notices,16,2,376-399,24,explicit_numeric_range,false,unclassified,
crossref:10.1086/ahr/16.2.407,10.1086/ahr/16.2.407,1911,1911-01-01,1911-01-01,Notes and News,16,2,407-452,46,explicit_numeric_range,false,unclassified,
crossref:10.1086/ahr/16.3.453,10.1086/ahr/16.3.453,1911,1911-04-01,1911-04-01,The Meeting of the American Historical Association at Indianapolis,16,3,453-475,23,explicit_numeric_range,false,unclassified,
crossref:10.1086/ahr/16.3.476,10.1086/ahr/16.3.476,1911,1911-04-01,1911-04-01,The Cortes of the Spanish Kingdoms in the Later Middle Ages,16,3,476-495,20,explicit_numeric_range,false,unclassified,Roger Bigelow Merriman
crossref:10.1086/ahr/16.3.496,10.1086/ahr/16.3.496,1911,1911-04-01,1911-04-01,"Horace Walpole's Memoirs of the Reign of George the Third, II",16,3,496-507,12,explicit_numeric_range,false,unclassified,Carl Becker
crossref:10.1086/ahr/16.3.508,10.1086/ahr/16.3.508,1911,1911-04-01,1911-04-01,"The Literature of the Russo-Japanese War, I",16,3,508-528,21,explicit_numeric_range,false,unclassified,A British Officer
crossref:10.1086/ahr/16.3.529,10.1086/ahr/16.3.529,1911,1911-04-01,1911-04-01,Privateers and Pirates of the West Indies,16,3,529-566,38,explicit_numeric_range,false,unclassified,Violet Barbour
crossref:10.1086/ahr/16.3.568,10.1086/ahr/16.3.568,1911,1911-04-01,1911-04-01,"American Commercial Conditions, and Negotiations with Austria,1783–1786",16,3,567-578,12,explicit_numeric_range,false,unclassified,Hubert Van Houtte | R. Kaunitz | Joseph
crossref:10.1086/ahr/16.3.654,10.1086/ahr/16.3.654,1911,1911-04-01,1911-04-01,Minor Notices,16,3,654-680,27,explicit_numeric_range,false,unclassified,
crossref:10.1086/ahr/16.3.684,10.1086/ahr/16.3.684,1911,1911-04-01,1911-04-01,Notes and News,16,3,684-722,39,explicit_numeric_range,false,unclassified,
crossref:10.1086/ahr/16.4.723,10.1086/ahr/16.4.723,1911,1911-07-01,1911-07-01,"A New Fragment on Luther's Death, with other Gleanings from the Age of the Reformation",16,4,723-735,13,explicit_numeric_range,false,unclassified,George L. Burr
crossref:10.1086/ahr/16.4.736,10.1086/ahr/16.4.736,1911,1911-07-01,1911-07-01,"The Literature of the Russo-Japanese War, II",16,4,736-750,15,explicit_numeric_range,false,unclassified,A British Officer
crossref:10.1086/ahr/16.4.751,10.1086/ahr/16.4.751,1911,1911-07-01,1911-07-01,The Establishment of the Secretaryship of the Interior,16,4,751-773,23,explicit_numeric_range,false,unclassified,Henry Barrett Learned
crossref:10.1086/ahr/16.4.774,10.1086/ahr/16.4.774,1911,1911-07-01,1911-07-01,"The Fight for the Northwest, 1860",16,4,774-788,15,explicit_numeric_range,false,unclassified,William E. Dodd
crossref:10.1086/ahr/16.4.840,10.1086/ahr/16.4.840,1911,1911-07-01,1911-07-01,Minor Notices,16,4,840-862,23,explicit_numeric_range,false,unclassified,
crossref:10.1086/ahr/16.4.863,10.1086/ahr/16.4.863,1911,1911-07-01,1911-07-01,Notes and News,16,4,863-892,30,explicit_numeric_range,false,unclassified,
crossref:10.1086/ahr/16.4.893,10.1086/ahr/16.4.893,1911,1911-07-01,1911-07-01,American Historical Review Volume XVI,16,4,893-915,23,explicit_numeric_range,false,unclassified,
crossref:10.1086/ahr/17.1.1,10.1086/ahr/17.1.1,1911,1911-10-01,1911-10-01,The Monument of Ancyra,17,1,1-11,11,explicit_numeric_range,false,unclassified,W. L. Westermann
crossref:10.1086/ahr/17.1.17,10.1086/ahr/17.1.17,1911,1911-10-01,1911-10-01,The Board of Trade at work,17,1,17-43,27,explicit_numeric_range,false,unclassified,Mary Patterson Clarke
crossref:10.1086/ahr/17.1.172,10.1086/ahr/17.1.172,1911,1911-10-01,1911-10-01,Minor Notices,17,1,172-200,29,explicit_numeric_range,false,unclassified,
crossref:10.1086/ahr/17.1.204,10.1086/ahr/17.1.204,1911,1911-10-01,1911-10-01,Notes and News,17,1,204-234,31,explicit_numeric_range,false,unclassified,
crossref:10.1086/ahr/17.1.52,10.1086/ahr/17.1.52,1911,1911-10-01,1911-10-01,"The Dred Scott Decision, in the Light of Contemporary Legal Doctrines",17,1,52-69,18,explicit_numeric_range,false,unclassified,Edward S. Corwin
crossref:10.1086/ahr/17.1.70,10.1086/ahr/17.1.70,1911,1911-10-01,1911-10-01,"Secret Reports of John Howe, 1808, I",17,1,70-102,33,explicit_numeric_range,false,unclassified,David W. Parker
crossref:10.1086/ahr/17.2.235,10.1086/ahr/17.2.235,1912,1912-01-01,1912-01-01,The Substance and Vision of History,17,2,235-251,17,explicit_numeric_range,false,unclassified,William M. Sloane
crossref:10.1086/ahr/17.2.252,10.1086/ahr/17.2.252,1912,1912-01-01,1912-01-01,"Prince Henry of Portugal and His Political, Commercial, and Colonizing Work",17,2,252-267,16,explicit_numeric_range,false,unclassified,C. Raymond Beazley
crossref:10.1086/ahr/17.2.268,10.1086/ahr/17.2.268,1912,1912-01-01,1912-01-01,Sir George Downing and the Regicides,17,2,268-289,22,explicit_numeric_range,false,unclassified,Ralph C. H. Catterall
crossref:10.1086/ahr/17.2.290,10.1086/ahr/17.2.290,1912,1912-01-01,1912-01-01,The American Intervention in West Florida,17,2,290-311,22,explicit_numeric_range,false,unclassified,Isaac Joslin Cox
crossref:10.1086/ahr/17.2.312,10.1086/ahr/17.2.312,1912,1912-01-01,1912-01-01,Taxation of the Second Bank of the United States by Ohio,17,2,312-331,20,explicit_numeric_range,false,unclassified,Ernest L. Bogart
crossref:10.1086/ahr/17.2.332,10.1086/ahr/17.2.332,1912,1912-01-01,1912-01-01,"Secret Reports of John Howe, 1808, II",17,2,332-354,23,explicit_numeric_range,false,unclassified,John Howe
crossref:10.1086/ahr/17.2.388,10.1086/ahr/17.2.388,1912,1912-01-01,1912-01-01,Minor Notices,17,2,388-417,30,explicit_numeric_range,false,unclassified,
crossref:10.1086/ahr/17.2.419,10.1086/ahr/17.2.419,1912,1912-01-01,1912-01-01,Notes and News,17,2,419-452,34,explicit_numeric_range,false,unclassified,
crossref:10.1086/ahr/17.3.453,10.1086/ahr/17.3.453,1912,1912-04-01,1912-04-01,The Meeting of the American Historical Association at Buffalo and Ithaca,17,3,453-476,24,explicit_numeric_range,false,unclassified,
crossref:10.1086/ahr/17.3.477,10.1086/ahr/17.3.477,1912,1912-04-01,1912-04-01,The Establishment of the Committee of Both Kingdoms,17,3,477-495,19,explicit_numeric_range,false,unclassified,Wallace Notestein
crossref:10.1086/ahr/17.3.496,10.1086/ahr/17.3.496,1912,1912-04-01,1912-04-01,The Quit-Rent System in the American Colonies,17,3,496-516,21,explicit_numeric_range,false,unclassified,Beverley W. Bond
crossref:10.1086/ahr/17.3.517,10.1086/ahr/17.3.517,1912,1912-04-01,1912-04-01,"Saxon-American Relations, 1778–1828",17,3,517-539,23,explicit_numeric_range,false,unclassified,William E. Lingelbach
crossref:10.1086/ahr/17.3.540,10.1086/ahr/17.3.540,1912,1912-04-01,1912-04-01,The Trent Affair,17,3,540-562,23,explicit_numeric_range,false,unclassified,Charles Francis Adams
crossref:10.1086/ahr/17.3.563,10.1086/ahr/17.3.563,1912,1912-04-01,1912-04-01,"Debates on the Declaratory Act and the Repeal of the Stamp Act, 1766",17,3,563-586,24,explicit_numeric_range,false,unclassified,H. W. V. Temperley
crossref:10.1086/ahr/17.3.643,10.1086/ahr/17.3.643,1912,1912-04-01,1912-04-01,Minor Notices,17,3,643-675,33,explicit_numeric_range,false,unclassified,
crossref:10.1086/ahr/17.3.684,10.1086/ahr/17.3.684,1912,1912-04-01,1912-04-01,Notes and News,17,3,684-722,39,explicit_numeric_range,false,unclassified,
crossref:10.1086/ahr/17.4.723,10.1086/ahr/17.4.723,1912,1912-07-01,1912-07-01,The European Reconquest of North Africa,17,4,723-734,12,explicit_numeric_range,false,unclassified,Archibald Cary Coolidge
crossref:10.1086/ahr/17.4.744,10.1086/ahr/17.4.744,1912,1912-07-01,1912-07-01,"The First National Nominating Convention, 1808",17,4,744-763,20,explicit_numeric_range,false,unclassified,Samuel E. Morison
crossref:10.1086/ahr/17.4.764,10.1086/ahr/17.4.764,1912,1912-07-01,1912-07-01,Lord Ashburton and the Treaty of Washington,17,4,764-782,19,explicit_numeric_range,false,unclassified,Ephraim Douglass Adams
crossref:10.1086/ahr/17.4.783,10.1086/ahr/17.4.783,1912,1912-07-01,1912-07-01,"Journal of William K. Beall, July–August, 1812",17,4,783-808,26,explicit_numeric_range,false,unclassified,WM. K. Beall
crossref:10.1086/ahr/17.4.864,10.1086/ahr/17.4.864,1912,1912-07-01,1912-07-01,Minor Notices,17,4,864-884,21,explicit_numeric_range,false,unclassified,
crossref:10.1086/ahr/17.4.887,10.1086/ahr/17.4.887,1912,1912-07-01,1912-07-01,Notes and News,17,4,887-917,31,explicit_numeric_range,false,unclassified,
crossref:10.1086/ahr/17.4.918,10.1086/ahr/17.4.918,1912,1912-07-01,1912-07-01,Index American Historical Review Volume XVII,17,4,918-940,23,explicit_numeric_range,false,unclassified,
crossref:10.1086/ahr/18.1.1,10.1086/ahr/18.1.1,1912,1912-10-01,1912-10-01,The National Archives: A Programme,18,1,1-28,28,explicit_numeric_range,false,unclassified,Waldo Gifford Leland
crossref:10.1086/ahr/18.1.158,10.1086/ahr/18.1.158,1912,1912-10-01,1912-10-01,Minor Notices,18,1,158-174,17,explicit_numeric_range,false,unclassified,
crossref:10.1086/ahr/18.1.178,10.1086/ahr/18.1.178,1912,1912-10-01,1912-10-01,Notes and News,18,1,178-212,35,explicit_numeric_range,false,unclassified,
crossref:10.1086/ahr/18.1.29,10.1086/ahr/18.1.29,1912,1912-10-01,1912-10-01,Legalized Absolutism en Route from Greece to Rome,18,1,29-47,19,explicit_numeric_range,false,unclassified,William Scott Ferguson
crossref:10.1086/ahr/18.1.48,10.1086/ahr/18.1.48,1912,1912-10-01,1912-10-01,The First Levy of Papal Annates,18,1,48-64,17,explicit_numeric_range,false,unclassified,W. E. Lunt
crossref:10.1086/ahr/18.1.65,10.1086/ahr/18.1.65,1912,1912-10-01,1912-10-01,Nonconformity under the “Clarendon Code”,18,1,65-78,14,explicit_numeric_range,false,unclassified,Albert Cassell Dudley
crossref:10.1086/ahr/18.1.79,10.1086/ahr/18.1.79,1912,1912-10-01,1912-10-01,Some Legal Aspects of the Confiscation Acts of the Civil War,18,1,79-96,18,explicit_numeric_range,false,unclassified,James G. Randall
crossref:10.1086/ahr/18.1.97,10.1086/ahr/18.1.97,1912,1912-10-01,1912-10-01,"Diary of Thomas Ewing, August and September, 1841",18,1,97-112,16,explicit_numeric_range,false,unclassified,T. Ewing
crossref:10.1086/ahr/18.2.213,10.1086/ahr/18.2.213,1913,1913-01-01,1913-01-01,Changes of Climate and History,18,2,213-232,20,explicit_numeric_range,false,unclassified,Ellsworth Huntington
crossref:10.1086/ahr/18.2.233,10.1086/ahr/18.2.233,1913,1913-01-01,1913-01-01,Mercantilism and Rome's Foreign Policy,18,2,233-252,20,explicit_numeric_range,false,unclassified,Tenney Frank
crossref:10.1086/ahr/18.2.253,10.1086/ahr/18.2.253,1913,1913-01-01,1913-01-01,William Pitt and Westminster Elections,18,2,253-274,22,explicit_numeric_range,false,unclassified,William Thomas Laprade
crossref:10.1086/ahr/18.2.275,10.1086/ahr/18.2.275,1913,1913-01-01,1913-01-01,Mexican Diplomacy on the Eve of War with the United States,18,2,275-294,20,explicit_numeric_range,false,unclassified,George L. Rives
crossref:10.1086/ahr/18.2.295,10.1086/ahr/18.2.295,1913,1913-01-01,1913-01-01,The Question of Arming the Slaves,18,2,295-308,14,explicit_numeric_range,false,unclassified,N. W. Stephenson
crossref:10.1086/ahr/18.2.309,10.1086/ahr/18.2.309,1913,1913-01-01,1913-01-01,"Correspondence of the Russian Ministers in Washington, 1818–1825, I",18,2,309-345,37,explicit_numeric_range,false,unclassified,
crossref:10.1086/ahr/18.2.382,10.1086/ahr/18.2.382,1913,1913-01-01,1913-01-01,Minor Notices,18,2,382-407,26,explicit_numeric_range,false,unclassified,
crossref:10.1086/ahr/18.2.408,10.1086/ahr/18.2.408,1913,1913-01-01,1913-01-01,Notes and News,18,2,408-448,41,explicit_numeric_range,false,unclassified,
crossref:10.1086/ahr/18.3.449,10.1086/ahr/18.3.449,1913,1913-04-01,1913-04-01,The Meeting of the American Historical Association at Boston and Cambridge,18,3,449-472,24,explicit_numeric_range,false,unclassified,
crossref:10.1086/ahr/18.3.490,10.1086/ahr/18.3.490,1913,1913-04-01,1913-04-01,Profitable Fields of Investigation in Medieval History,18,3,490-504,15,explicit_numeric_range,false,unclassified,James Westfall Thompson
crossref:10.1086/ahr/18.3.522,10.1086/ahr/18.3.522,1913,1913-04-01,1913-04-01,"Profitable Fields of Investigation in American History, 1815–1860",18,3,522-536,15,explicit_numeric_range,false,unclassified,William E. Dodd
crossref:10.1086/ahr/18.3.537,10.1086/ahr/18.3.537,1913,1913-04-01,1913-04-01,"Correspondence of the Russian Ministers in Washington, 1818–1825, II",18,3,537-562,26,explicit_numeric_range,false,unclassified,
crossref:10.1086/ahr/18.3.615,10.1086/ahr/18.3.615,1913,1913-04-01,1913-04-01,Minor Notices,18,3,615-637,23,explicit_numeric_range,false,unclassified,
crossref:10.1086/ahr/18.3.638,10.1086/ahr/18.3.638,1913,1913-04-01,1913-04-01,Notes and News,18,3,638-678,41,explicit_numeric_range,false,unclassified,
crossref:10.1086/ahr/18.4.679,10.1086/ahr/18.4.679,1913,1913-07-01,1913-07-01,"The International Congress of Historical Studies, Held at London",18,4,679-691,13,explicit_numeric_range,false,unclassified,J. F. J.
crossref:10.1086/ahr/18.4.692,10.1086/ahr/18.4.692,1913,1913-07-01,1913-07-01,The Interpretation of History,18,4,692-709,18,explicit_numeric_range,false,unclassified,J. T. Shotwell
crossref:10.1086/ahr/18.4.710,10.1086/ahr/18.4.710,1913,1913-07-01,1913-07-01,Anent the Middle Ages,18,4,710-726,17,explicit_numeric_range,false,unclassified,George L. Burr
crossref:10.1086/ahr/18.4.727,10.1086/ahr/18.4.727,1913,1913-07-01,1913-07-01,The Court of Star Chamber,18,4,727-750,24,explicit_numeric_range,false,unclassified,Edward P. Cheyney
crossref:10.1086/ahr/18.4.751,10.1086/ahr/18.4.751,1913,1913-07-01,1913-07-01,"The Development of the Cabinet, 1688–1760",18,4,751-768,18,explicit_numeric_range,false,unclassified,Edward Raymond Turner
crossref:10.1086/ahr/18.4.769,10.1086/ahr/18.4.769,1913,1913-07-01,1913-07-01,"1. Observations of London Merchants on American Trade, 1783",18,4,769-780,12,explicit_numeric_range,false,unclassified,Edmund C. Burnett
crossref:10.1086/ahr/18.4.828,10.1086/ahr/18.4.828,1913,1913-07-01,1913-07-01,Minor Notices,18,4,828-847,20,explicit_numeric_range,false,unclassified,
crossref:10.1086/ahr/18.4.848,10.1086/ahr/18.4.848,1913,1913-07-01,1913-07-01,Notes and News,18,4,848-886,39,explicit_numeric_range,false,unclassified,
crossref:10.1086/ahr/18.4.887,10.1086/ahr/18.4.887,1913,1913-07-01,1913-07-01,American Historical Review Volume XVIII,18,4,887-905,19,explicit_numeric_range,false,unclassified,
crossref:10.1086/ahr/19.1.1,10.1086/ahr/19.1.1,1913,1913-10-01,1913-10-01,The Sources of Medieval Political Theory and its Connection with Medieval Politics,19,1,1-12,12,explicit_numeric_range,false,unclassified,Alexander J. Carlyle
crossref:10.1086/ahr/19.1.13,10.1086/ahr/19.1.13,1913,1913-10-01,1913-10-01,Charles I. and Rome,19,1,13-26,14,explicit_numeric_range,false,unclassified,Arnold Oskar Meyer
crossref:10.1086/ahr/19.1.165,10.1086/ahr/19.1.165,1913,1913-10-01,1913-10-01,Minor Notices,19,1,165-180,16,explicit_numeric_range,false,unclassified,
crossref:10.1086/ahr/19.1.182,10.1086/ahr/19.1.182,1913,1913-10-01,1913-10-01,Notes and News,19,1,182-216,35,explicit_numeric_range,false,unclassified,
crossref:10.1086/ahr/19.1.27,10.1086/ahr/19.1.27,1913,1913-10-01,1913-10-01,"The Development of the Cabinet, 1688–1760",19,1,27-43,17,explicit_numeric_range,false,unclassified,Edward Raymond Turner
crossref:10.1086/ahr/19.1.44,10.1086/ahr/19.1.44,1913,1913-10-01,1913-10-01,"Influence of the Clergy, and of Religious and Sectarian Forces, on the American Revolution",19,1,44-64,21,explicit_numeric_range,false,unclassified,C. H. Van Tyne
crossref:10.1086/ahr/19.1.65,10.1086/ahr/19.1.65,1913,1913-10-01,1913-10-01,Captured and Abandoned Property During the Civil War,19,1,65-79,15,explicit_numeric_range,false,unclassified,James G. Randall
crossref:10.1086/ahr/19.1.80,10.1086/ahr/19.1.80,1913,1913-10-01,1913-10-01,The Position of American Economic History,19,1,80-97,18,explicit_numeric_range,false,unclassified,Guy S. Callender
crossref:10.1086/ahr/19.1.98,10.1086/ahr/19.1.98,1913,1913-10-01,1913-10-01,"Notes of Colonel W. G. Moore, Private Secretary to President Johnson, 1866–1868",19,1,98-132,35,explicit_numeric_range,false,unclassified,George L. St. Sioussat
crossref:10.1086/ahr/19.2.217,10.1086/ahr/19.2.217,1914,1914-01-01,1914-01-01,Truth in History,19,2,217-229,13,explicit_numeric_range,false,unclassified,William A. Dunning
crossref:10.1086/ahr/19.2.230,10.1086/ahr/19.2.230,1914,1914-01-01,1914-01-01,The Early History of Caste,19,2,230-244,15,explicit_numeric_range,false,unclassified,A. A. Macdonell
crossref:10.1086/ahr/19.2.245,10.1086/ahr/19.2.245,1914,1914-01-01,1914-01-01,"The Effects of Norman Rule in Ireland, 1169–1333",19,2,245-256,12,explicit_numeric_range,false,unclassified,Goddard H. Orpen
crossref:10.1086/ahr/19.2.257,10.1086/ahr/19.2.257,1914,1914-01-01,1914-01-01,Historical Investigation and the Commercial History of the Napoleonic Era,19,2,257-281,25,explicit_numeric_range,false,unclassified,W. E. Lingelbach
crossref:10.1086/ahr/19.2.282,10.1086/ahr/19.2.282,1914,1914-01-01,1914-01-01,Some Economic Origins of Jeffersonian Democracy,19,2,282-298,17,explicit_numeric_range,false,unclassified,Charles A. Beard
crossref:10.1086/ahr/19.2.299,10.1086/ahr/19.2.299,1914,1914-01-01,1914-01-01,"Journal of Jean Baptiste Truteau on the Upper Missouri, “ Première Partie”, June 7, 1794–March 26, 1795",19,2,299-333,35,explicit_numeric_range,false,unclassified,
crossref:10.1086/ahr/19.2.386,10.1086/ahr/19.2.386,1914,1914-01-01,1914-01-01,Minor Notices,19,2,386-407,22,explicit_numeric_range,false,unclassified,
crossref:10.1086/ahr/19.2.408,10.1086/ahr/19.2.408,1914,1914-01-01,1914-01-01,Notes and News,19,2,408-449,42,explicit_numeric_range,false,unclassified,
crossref:10.1086/ahr/19.2.450,10.1086/ahr/19.2.450,1914,1914-01-01,1914-01-01,"List of Doctoral Dissertations in History Now in Progress at the Chief American Universities, December, 1913",19,2,450-466,17,explicit_numeric_range,false,unclassified,
crossref:10.1086/ahr/19.3.467,10.1086/ahr/19.3.467,1914,1914-04-01,1914-04-01,The Meeting of the American Historical Association at Charleston and Columbia,19,3,467-493,27,explicit_numeric_range,false,unclassified,
crossref:10.1086/ahr/19.3.494,10.1086/ahr/19.3.494,1914,1914-04-01,1914-04-01,The Stages in the Social History of Capitalism,19,3,494-515,22,explicit_numeric_range,false,unclassified,Henri Pirenne
crossref:10.1086/ahr/19.3.525,10.1086/ahr/19.3.525,1914,1914-04-01,1914-04-01,The Correspondence of Queen Elizabeth with the Russian Czars,19,3,525-542,18,explicit_numeric_range,false,unclassified,Inna Lubimenko
crossref:10.1086/ahr/19.3.543,10.1086/ahr/19.3.543,1914,1914-04-01,1914-04-01,A Jamaica Slave Plantation,19,3,543-558,16,explicit_numeric_range,false,unclassified,Ulrich B. Phillips
crossref:10.1086/ahr/19.3.559,10.1086/ahr/19.3.559,1914,1914-04-01,1914-04-01,"A New Plan to Govern Virginia, 1623",19,3,559-578,20,explicit_numeric_range,false,unclassified,Arthur Percival Newton
crossref:10.1086/ahr/19.3.677,10.1086/ahr/19.3.677,1914,1914-04-01,1914-04-01,Minor Notices,19,3,677-694,18,explicit_numeric_range,false,unclassified,
crossref:10.1086/ahr/19.3.695,10.1086/ahr/19.3.695,1914,1914-04-01,1914-04-01,Notes and News,19,3,695-732,38,explicit_numeric_range,false,unclassified,
crossref:10.1086/ahr/19.4.735,10.1086/ahr/19.4.735,1914,1914-07-01,1914-07-01,Some Early Instances of Concentration of Representatives in England,19,4,735-750,16,explicit_numeric_range,false,unclassified,Albert Beebe White
crossref:10.1086/ahr/19.4.751,10.1086/ahr/19.4.751,1914,1914-07-01,1914-07-01,Legal Materials as Sources for the Study of Modern English History,19,4,751-771,21,explicit_numeric_range,false,unclassified,Arthur Lyon Cross
crossref:10.1086/ahr/19.4.772,10.1086/ahr/19.4.772,1914,1914-07-01,1914-07-01,Committees of Council and the Cabinet 1660–1688,19,4,772-793,22,explicit_numeric_range,false,unclassified,Edward Raymond Turner
crossref:10.1086/ahr/19.4.794,10.1086/ahr/19.4.794,1914,1914-07-01,1914-07-01,General Wilkinson and his Later Intrigues with the Spaniards,19,4,794-812,19,explicit_numeric_range,false,unclassified,Isaac Joslin Cox
crossref:10.1086/ahr/19.4.813,10.1086/ahr/19.4.813,1914,1914-07-01,1914-07-01,"Estimates of the Value of Slaves, 1815",19,4,813-838,26,explicit_numeric_range,false,unclassified,Elias Glenn | Julius Forrest | Benj. M. Hodges | T. H. Wilkinson | Walter M. Miller | Thomas Rogerson | John Edelen | R. Garner | T. P. Devereux | J. Burgwyn | Thos Wynns | Wm. B. Meares | Frans Hawks | J. Manly | David Clark | A. Moore | Thomas Cowan | J. Wellborn | Geo. L. Davidson | Robt. Y. Hayne | J. Hamilton Jun | G. W. Morgan | Langdon Cheves | Henry Seawell
crossref:10.1086/ahr/19.4.918,10.1086/ahr/19.4.918,1914,1914-07-01,1914-07-01,Minor Notices,19,4,918-934,17,explicit_numeric_range,false,unclassified,
crossref:10.1086/ahr/19.4.935,10.1086/ahr/19.4.935,1914,1914-07-01,1914-07-01,Notes and News,19,4,935-969,35,explicit_numeric_range,false,unclassified,
crossref:10.1086/ahr/19.4.970,10.1086/ahr/19.4.970,1914,1914-07-01,1914-07-01,Index American Historical Review Volume XIX,19,4,970-988,19,explicit_numeric_range,false,unclassified,
crossref:10.1086/ahr/20.1.1,10.1086/ahr/20.1.1,1914,1914-10-01,1914-10-01,The Origin of the Feudal Land Tenure in Japan,20,1,1-23,23,explicit_numeric_range,false,unclassified,K. Asakawa
crossref:10.1086/ahr/20.1.108,10.1086/ahr/20.1.108,1914,1914-10-01,1914-10-01,"Letters relating to the Negotiation at Ghent, 1812–1814",20,1,108-129,22,explicit_numeric_range,false,unclassified,
crossref:10.1086/ahr/20.1.184,10.1086/ahr/20.1.184,1914,1914-10-01,1914-10-01,Minor Notices,20,1,184-214,31,explicit_numeric_range,false,unclassified,
crossref:10.1086/ahr/20.1.215,10.1086/ahr/20.1.215,1914,1914-10-01,1914-10-01,Notes and News,20,1,215-254,40,explicit_numeric_range,false,unclassified,
crossref:10.1086/ahr/20.1.24,10.1086/ahr/20.1.24,1914,1914-10-01,1914-10-01,The Government of Normandy under Henry II,20,1,24-42,19,explicit_numeric_range,false,unclassified,Charles H. Haskins
crossref:10.1086/ahr/20.1.43,10.1086/ahr/20.1.43,1914,1914-10-01,1914-10-01,Colonial Commerce,20,1,43-63,21,explicit_numeric_range,false,unclassified,Charles M. Andrews
crossref:10.1086/ahr/20.1.64,10.1086/ahr/20.1.64,1914,1914-10-01,1914-10-01,The Anglican Outlook on the American Colonies in the Early Eighteenth Century,20,1,64-85,22,explicit_numeric_range,false,unclassified,Evarts B. Greene
crossref:10.1086/ahr/20.1.86,10.1086/ahr/20.1.86,1914,1914-10-01,1914-10-01,The Creative Forces in Westward Expansion: Henderson and Boone,20,1,86-107,22,explicit_numeric_range,false,unclassified,Archibald Henderson
crossref:10.1086/ahr/20.2.255,10.1086/ahr/20.2.255,1915,1915-01-01,1915-01-01,The American Historical Review,20,2,255-276,22,explicit_numeric_range,false,unclassified,Andrew C. McLaughlin
crossref:10.1086/ahr/20.2.277,10.1086/ahr/20.2.277,1915,1915-01-01,1915-01-01,The Government of Normady under Henry II,20,2,277-291,15,explicit_numeric_range,false,unclassified,Charles H. Haskins
crossref:10.1086/ahr/20.2.292,10.1086/ahr/20.2.292,1915,1915-01-01,1915-01-01,The Fame of Sir Edward Stafford,20,2,292-313,22,explicit_numeric_range,false,unclassified,Conyers Read
crossref:10.1086/ahr/20.2.314,10.1086/ahr/20.2.314,1915,1915-01-01,1915-01-01,A Portrait of General George Gordon Meade,20,2,314-329,16,explicit_numeric_range,false,unclassified,Gamaliel Bradford
crossref:10.1086/ahr/20.2.330,10.1086/ahr/20.2.330,1915,1915-01-01,1915-01-01,Notes and Suggestions,20,2,330-340,11,explicit_numeric_range,false,unclassified,James F. Baldwin | Edward Channing | Ulrich B. Phillips
crossref:10.1086/ahr/20.2.341,10.1086/ahr/20.2.341,1915,1915-01-01,1915-01-01,"Documents-Letters from Lafayette to Luzerne, 1780–1782",20,2,341-376,36,explicit_numeric_range,false,unclassified,Lafayette
crossref:10.1086/ahr/20.2.423,10.1086/ahr/20.2.423,1915,1915-01-01,1915-01-01,Minor Notices,20,2,423-443,21,explicit_numeric_range,false,unclassified,
crossref:10.1086/ahr/20.2.445,10.1086/ahr/20.2.445,1915,1915-01-01,1915-01-01,Historical News,20,2,445-483,39,explicit_numeric_range,false,unclassified,
crossref:10.1086/ahr/20.2.484,10.1086/ahr/20.2.484,1915,1915-01-01,1915-01-01,"List Of Doctoral Dissertations in History Now in Progress at The Chief American Universities, December, 1914",20,2,484-502,19,explicit_numeric_range,false,unclassified,
crossref:10.1086/ahr/20.3.503,10.1086/ahr/20.3.503,1915,1915-04-01,1915-04-01,The Meeting of the American Historical Association in Chicago,20,3,503-527,25,explicit_numeric_range,false,unclassified,J. Franklin Jameson
crossref:10.1086/ahr/20.3.528,10.1086/ahr/20.3.528,1915,1915-04-01,1915-04-01,Boyen's Military Law,20,3,528-538,11,explicit_numeric_range,false,unclassified,Guy Stanton Ford
crossref:10.1086/ahr/20.3.539,10.1086/ahr/20.3.539,1915,1915-04-01,1915-04-01,"Anglo-French Commercial Rivalry, 1700–1750: The Wesern Phase, I",20,3,539-556,18,explicit_numeric_range,false,unclassified,Charles M. Andrews
crossref:10.1086/ahr/20.3.577,10.1086/ahr/20.3.577,1915,1915-04-01,1915-04-01,"Letters from Lafayette to Luzerne, 1780–1782, Part II",20,3,577-612,36,explicit_numeric_range,false,unclassified,Waldo G. Leland
crossref:10.1086/ahr/20.3.654,10.1086/ahr/20.3.654,1915,1915-04-01,1915-04-01,Minor Notices,20,3,654-679,26,explicit_numeric_range,false,unclassified,
crossref:10.1086/ahr/20.3.682,10.1086/ahr/20.3.682,1915,1915-04-01,1915-04-01,Historical News,20,3,682-722,41,explicit_numeric_range,false,unclassified,J. Franklin Jameson
crossref:10.1086/ahr/20.4.723,10.1086/ahr/20.4.723,1915,1915-07-01,1915-07-01,The Economic Basis of the Decline of Ancient Culture,20,4,723-743,21,explicit_numeric_range,false,unclassified,W. L. Westermann
crossref:10.1086/ahr/20.4.744,10.1086/ahr/20.4.744,1915,1915-07-01,1915-07-01,Magna Carta and the Responsible Ministry,20,4,744-760,17,explicit_numeric_range,false,unclassified,George Burton Adams
crossref:10.1086/ahr/20.4.761,10.1086/ahr/20.4.761,1915,1915-07-01,1915-07-01,"Anglo-French Commercial Rivalry, 1700–1750: The Western Phase, II",20,4,761-780,20,explicit_numeric_range,false,unclassified,Charles M. Andrews
crossref:10.1086/ahr/20.4.781,10.1086/ahr/20.4.781,1915,1915-07-01,1915-07-01,The United States and Spain in 1822,20,4,781-800,20,explicit_numeric_range,false,unclassified,William Spence Robertson
crossref:10.1086/ahr/20.4.801,10.1086/ahr/20.4.801,1915,1915-07-01,1915-07-01,The Russian Fleet and the Civil War,20,4,801-812,12,explicit_numeric_range,false,unclassified,F. A. Golder
crossref:10.1086/ahr/20.4.815,10.1086/ahr/20.4.815,1915,1915-07-01,1915-07-01,1. Observations of Superintendent John Stuart and Governor James Grant of East Florida on the Proposed Plan of 1764 for the Future Management of Indian Affairs,20,4,815-831,17,explicit_numeric_range,false,unclassified,Clarence E. Carter
crossref:10.1086/ahr/20.4.873,10.1086/ahr/20.4.873,1915,1915-07-01,1915-07-01,Minor Notices,20,4,873-899,27,explicit_numeric_range,false,unclassified,
crossref:10.1086/ahr/20.4.901,10.1086/ahr/20.4.901,1915,1915-07-01,1915-07-01,Historical News,20,4,901-933,33,explicit_numeric_range,false,unclassified,
crossref:10.1086/ahr/20.4.934,10.1086/ahr/20.4.934,1915,1915-07-01,1915-07-01,American Historical Review Volume XX,20,4,934-952,19,explicit_numeric_range,false,unclassified,
crossref:10.1086/ahr/21.1.1,10.1086/ahr/21.1.1,1915,1915-10-01,1915-10-01,The Meeting of the American Historical Association in California,21,1,1-11,11,explicit_numeric_range,false,unclassified,J. F. J.
crossref:10.1086/ahr/21.1.104,10.1086/ahr/21.1.104,1915,1915-10-01,1915-10-01,"Dr. John McLoughlin's Last Letter to the Hudson's Bay Company, as Chief Factor, in charge at Fort Vancouver, 1845",21,1,104-134,31,explicit_numeric_range,false,unclassified,Katharine B. Judson
crossref:10.1086/ahr/21.1.12,10.1086/ahr/21.1.12,1915,1915-10-01,1915-10-01,"Maximum Wage-Laws for Priests After the Black Death, 1348–1381",21,1,12-32,21,explicit_numeric_range,false,unclassified,Bertha Haven Putnam
crossref:10.1086/ahr/21.1.171,10.1086/ahr/21.1.171,1915,1915-10-01,1915-10-01,Minor Notices,21,1,171-193,23,explicit_numeric_range,false,unclassified,
crossref:10.1086/ahr/21.1.194,10.1086/ahr/21.1.194,1915,1915-10-01,1915-10-01,Historical News,21,1,194-224,31,explicit_numeric_range,false,unclassified,
crossref:10.1086/ahr/21.1.33,10.1086/ahr/21.1.33,1915,1915-10-01,1915-10-01,The French Objective in the American Revolution,21,1,33-61,29,explicit_numeric_range,false,unclassified,Edward S. Corwin
crossref:10.1086/ahr/21.1.62,10.1086/ahr/21.1.62,1915,1915-10-01,1915-10-01,The Earlier Relations of England and Belgium,21,1,62-72,11,explicit_numeric_range,false,unclassified,Charles W. Colby
crossref:10.1086/ahr/21.1.73,10.1086/ahr/21.1.73,1915,1915-10-01,1915-10-01,A Theory of Jefferson Davis,21,1,73-90,18,explicit_numeric_range,false,unclassified,N. W. Stephenson
crossref:10.1086/ahr/21.2.225,10.1086/ahr/21.2.225,1916,1916-01-01,1916-01-01,Nationality and History,21,2,225-236,12,explicit_numeric_range,false,unclassified,H. Morse Stephens
crossref:10.1086/ahr/21.2.237,10.1086/ahr/21.2.237,1916,1916-01-01,1916-01-01,"The True Roger Bacon, I",21,2,237-257,21,explicit_numeric_range,false,unclassified,Lynn Thorndike
crossref:10.1086/ahr/21.2.258,10.1086/ahr/21.2.258,1916,1916-01-01,1916-01-01,The Colonial Post-Office,21,2,258-275,18,explicit_numeric_range,false,unclassified,William Smith
crossref:10.1086/ahr/21.2.276,10.1086/ahr/21.2.276,1916,1916-01-01,1916-01-01,American Cotton Trade with Liverpool under the Embargo and Non-Intercourse Acts,21,2,276-287,12,explicit_numeric_range,false,unclassified,G. W. Daniels
crossref:10.1086/ahr/21.2.288,10.1086/ahr/21.2.288,1916,1916-01-01,1916-01-01,The Governor-General of the Philippines under Spain and the United States,21,2,288-311,24,explicit_numeric_range,false,unclassified,David P. Barrows
crossref:10.1086/ahr/21.2.320,10.1086/ahr/21.2.320,1916,1916-01-01,1916-01-01,The Origin of the Regulation in North Carolina,21,2,320-332,13,explicit_numeric_range,false,unclassified,Henderson Archibald
crossref:10.1086/ahr/21.2.360,10.1086/ahr/21.2.360,1916,1916-01-01,1916-01-01,Minor Notices,21,2,360-378,19,explicit_numeric_range,false,unclassified,
crossref:10.1086/ahr/21.2.379,10.1086/ahr/21.2.379,1916,1916-01-01,1916-01-01,Historical News,21,2,379-420,42,explicit_numeric_range,false,unclassified,
crossref:10.1086/ahr/21.2.421,10.1086/ahr/21.2.421,1916,1916-01-01,1916-01-01,"List of Doctoral Dissertations in History Now in Progress at the Chief American Universities, December, 1915",21,2,421-433,13,explicit_numeric_range,false,unclassified,
crossref:10.1086/ahr/21.3.441,10.1086/ahr/21.3.441,1916,1916-04-01,1916-04-01,The Meeting of the American Historical Association at Washington,21,3,441-467,27,explicit_numeric_range,false,unclassified,J. F. J.
crossref:10.1086/ahr/21.3.468,10.1086/ahr/21.3.468,1916,1916-04-01,1916-04-01,"The True Roger Bacon, II",21,3,468-480,13,explicit_numeric_range,false,unclassified,Lynn Thorndike
crossref:10.1086/ahr/21.3.481,10.1086/ahr/21.3.481,1916,1916-04-01,1916-04-01,The Political Theories of Calvinists before the Puritan Exodus to America,21,3,481-503,23,explicit_numeric_range,false,unclassified,Herbert Darling Foster
crossref:10.1086/ahr/21.3.504,10.1086/ahr/21.3.504,1916,1916-04-01,1916-04-01,Slavery and Conversion in the American Colonies,21,3,504-527,24,explicit_numeric_range,false,unclassified,Marcus W. Jernegan
crossref:10.1086/ahr/21.3.528,10.1086/ahr/21.3.528,1916,1916-04-01,1916-04-01,"Influences which determined the French Government to make the treaty with America, 1778",21,3,528-541,14,explicit_numeric_range,false,unclassified,C. H. Van Tyne
crossref:10.1086/ahr/21.3.547,10.1086/ahr/21.3.547,1916,1916-04-01,1916-04-01,"Relations between the Vermont Separatists and Great Britain, 1789–1791",21,3,547-560,14,explicit_numeric_range,false,unclassified,S. F. Bemis | Levi Allen | Samuel Peters
crossref:10.1086/ahr/21.3.618,10.1086/ahr/21.3.618,1916,1916-04-01,1916-04-01,Minor Notices,21,3,618-639,22,explicit_numeric_range,false,unclassified,
crossref:10.1086/ahr/21.3.640,10.1086/ahr/21.3.640,1916,1916-04-01,1916-04-01,Historical News,21,3,640-685,46,explicit_numeric_range,false,unclassified,
crossref:10.1086/ahr/21.4.689,10.1086/ahr/21.4.689,1916,1916-07-01,1916-07-01,Race Mixture in the Roman Empire,21,4,689-708,20,explicit_numeric_range,false,unclassified,Tenney Frank
crossref:10.1086/ahr/21.4.709,10.1086/ahr/21.4.709,1916,1916-07-01,1916-07-01,A Missing Chapter of Franco-American History,21,4,709-719,11,explicit_numeric_range,false,unclassified,David Jayne Hill
crossref:10.1086/ahr/21.4.720,10.1086/ahr/21.4.720,1916,1916-07-01,1916-07-01,Western Ship-Building,21,4,720-733,14,explicit_numeric_range,false,unclassified,Archer B. Hulbert
crossref:10.1086/ahr/21.4.734,10.1086/ahr/21.4.734,1916,1916-07-01,1916-07-01,The Readjuster Movement in Virginia,21,4,734-749,16,explicit_numeric_range,false,unclassified,C. C. Pearson
crossref:10.1086/ahr/21.4.755,10.1086/ahr/21.4.755,1916,1916-07-01,1916-07-01,"The Commencement of the Cane Sugar Industry in America, 1519–1538 (1563)",21,4,755-780,26,explicit_numeric_range,false,unclassified,Irene A. Wright
crossref:10.1086/ahr/21.4.839,10.1086/ahr/21.4.839,1916,1916-07-01,1916-07-01,Minor Notices,21,4,839-865,27,explicit_numeric_range,false,unclassified,Oric Bates
crossref:10.1086/ahr/21.4.868,10.1086/ahr/21.4.868,1916,1916-07-01,1916-07-01,Historical News,21,4,868-910,43,explicit_numeric_range,false,unclassified,
crossref:10.1086/ahr/21.4.911,10.1086/ahr/21.4.911,1916,1916-07-01,1916-07-01,Index: American Historical Review Volume XXI,21,4,911-942,32,explicit_numeric_range,false,unclassified,
crossref:10.1086/ahr/22.1.1,10.1086/ahr/22.1.1,1916,1916-10-01,1916-10-01,"Alexander VI. and the Demarcation of the Maritime and Colonial Domains of Spain and Portugal, 1493–1494",22,1,1-20,20,explicit_numeric_range,false,unclassified,H. Vander Linden
crossref:10.1086/ahr/22.1.192,10.1086/ahr/22.1.192,1916,1916-10-01,1916-10-01,Minor Notices,22,1,192-216,25,explicit_numeric_range,false,unclassified,
crossref:10.1086/ahr/22.1.21,10.1086/ahr/22.1.21,1916,1916-10-01,1916-10-01,Swiss Emigration to the American Colonies in the Eighteenth Century,22,1,21-44,24,explicit_numeric_range,false,unclassified,Albert B. Faust
crossref:10.1086/ahr/22.1.218,10.1086/ahr/22.1.218,1916,1916-10-01,1916-10-01,Historical News,22,1,218-252,35,explicit_numeric_range,false,unclassified,
crossref:10.1086/ahr/22.1.45,10.1086/ahr/22.1.45,1916,1916-10-01,1916-10-01,The Growth of Nationalism in the British Empire,22,1,45-57,13,explicit_numeric_range,false,unclassified,George M. Wrong
crossref:10.1086/ahr/22.1.65,10.1086/ahr/22.1.65,1916,1916-10-01,1916-10-01,The Cow Country,22,1,65-82,18,explicit_numeric_range,false,unclassified,Frederic L. Paxson
crossref:10.1086/ahr/22.1.98,10.1086/ahr/22.1.98,1916,1916-10-01,1916-10-01,Documents in Swiss Archives relating to Emigration to American Colonies in the Eighteenth Century,22,1,98-132,35,explicit_numeric_range,false,unclassified,
crossref:10.1086/ahr/22.2.253,10.1086/ahr/22.2.253,1917,1917-01-01,1917-01-01,The Freedom of History,22,2,253-271,19,explicit_numeric_range,false,unclassified,George L. Burr
crossref:10.1086/ahr/22.2.272,10.1086/ahr/22.2.272,1917,1917-01-01,1917-01-01,The West India Trade Before the American Revolution,22,2,272-287,16,explicit_numeric_range,false,unclassified,Herbert C. Bell
crossref:10.1086/ahr/22.2.288,10.1086/ahr/22.2.288,1917,1917-01-01,1917-01-01,Censorship and Literature Under Napoleon I,22,2,288-308,21,explicit_numeric_range,false,unclassified,Victor Coffin
crossref:10.1086/ahr/22.2.309,10.1086/ahr/22.2.309,1917,1917-01-01,1917-01-01,Social Relief in the Northwest During the Civil War,22,2,309-324,16,explicit_numeric_range,false,unclassified,C. R. Fish
crossref:10.1086/ahr/22.2.340,10.1086/ahr/22.2.340,1917,1917-01-01,1917-01-01,"The Senate Debate on the Breckinridge Bill for the Government of Louisiana, 1804",22,2,340-364,25,explicit_numeric_range,false,unclassified,Everett S. Brown
crossref:10.1086/ahr/22.2.431,10.1086/ahr/22.2.431,1917,1917-01-01,1917-01-01,Minor Notices,22,2,431-447,17,explicit_numeric_range,false,unclassified,
crossref:10.1086/ahr/22.2.450,10.1086/ahr/22.2.450,1917,1917-01-01,1917-01-01,Historical News,22,2,450-485,36,explicit_numeric_range,false,unclassified,
crossref:10.1086/ahr/22.2.486,10.1086/ahr/22.2.486,1917,1917-01-01,1917-01-01,"List of Doctoral Dissertations in History Now in Progress at the Chief American Universities, December, 1916",22,2,486-508,23,explicit_numeric_range,false,unclassified,
crossref:10.1086/ahr/22.3.509,10.1086/ahr/22.3.509,1917,1917-04-01,1917-04-01,The Meeting of the American Historical Association at Cincinnati,22,3,509-534,26,explicit_numeric_range,false,unclassified,J. F. J.
crossref:10.1086/ahr/22.3.544,10.1086/ahr/22.3.544,1917,1917-04-01,1917-04-01,The English Criminal Law and Benefit of Clergy During the Eighteenth and Early. Nineteenth Centuries,22,3,544-565,22,explicit_numeric_range,false,unclassified,Arthur Lyon Cross
crossref:10.1086/ahr/22.3.566,10.1086/ahr/22.3.566,1917,1917-04-01,1917-04-01,The States' Rights Doctrine and the Treaty-Making Power,22,3,566-585,20,explicit_numeric_range,false,unclassified,Ralston Hayden
crossref:10.1086/ahr/22.3.595,10.1086/ahr/22.3.595,1917,1917-04-01,1917-04-01,"Protocols of Conferences of Representatives of the Allied Powers respecting Spanish America, 1824–1825",22,3,595-616,22,explicit_numeric_range,false,unclassified,
crossref:10.1086/ahr/22.3.692,10.1086/ahr/22.3.692,1917,1917-04-01,1917-04-01,Minor Notices,22,3,692-721,30,explicit_numeric_range,false,unclassified,
crossref:10.1086/ahr/22.3.724,10.1086/ahr/22.3.724,1917,1917-04-01,1917-04-01,Historical News,22,3,724-762,39,explicit_numeric_range,false,unclassified,
crossref:10.1086/ahr/22.4.763,10.1086/ahr/22.4.763,1917,1917-07-01,1917-07-01,The Beginnings of the Standing Army in Prussia,22,4,763-777,15,explicit_numeric_range,false,unclassified,Sidney B. Fay
crossref:10.1086/ahr/22.4.778,10.1086/ahr/22.4.778,1917,1917-07-01,1917-07-01,"The Northern Railroads, April, 1861",22,4,778-793,16,explicit_numeric_range,false,unclassified,Carl Russell Fish
crossref:10.1086/ahr/22.4.794,10.1086/ahr/22.4.794,1917,1917-07-01,1917-07-01,The Confederate Government and the Railroads,22,4,794-810,17,explicit_numeric_range,false,unclassified,Charles W. Ramsdell
crossref:10.1086/ahr/22.4.811,10.1086/ahr/22.4.811,1917,1917-07-01,1917-07-01,The Philippines Since the Inauguration of the Philippine Assembly,22,4,811-830,20,explicit_numeric_range,false,unclassified,James Alexander Robertson
crossref:10.1086/ahr/22.4.896,10.1086/ahr/22.4.896,1917,1917-07-01,1917-07-01,Minor Notices,22,4,896-914,19,explicit_numeric_range,false,unclassified,
crossref:10.1086/ahr/22.4.917,10.1086/ahr/22.4.917,1917,1917-07-01,1917-07-01,Historical News,22,4,917-956,40,explicit_numeric_range,false,unclassified,
crossref:10.1086/ahr/22.4.957,10.1086/ahr/22.4.957,1917,1917-07-01,1917-07-01,Index American Historical Review Volume XXII,22,4,957-988,32,explicit_numeric_range,false,unclassified,
crossref:10.1086/ahr/23.1.1,10.1086/ahr/23.1.1,1917,1917-10-01,1917-10-01,A Case of Witchcraft,23,1,1-19,19,explicit_numeric_range,false,unclassified,G. L. Kittredge
crossref:10.1086/ahr/23.1.102,10.1086/ahr/23.1.102,1917,1917-10-01,1917-10-01,The Trades of Antiquity as a Field of Investigation,23,1,102-113,12,explicit_numeric_range,false,unclassified,W. L. Westermann
crossref:10.1086/ahr/23.1.20,10.1086/ahr/23.1.20,1917,1917-10-01,1917-10-01,"The Lords of Trade and Plantations, 1675–1696",23,1,20-41,22,explicit_numeric_range,false,unclassified,Winfred T. Root
crossref:10.1086/ahr/23.1.203,10.1086/ahr/23.1.203,1917,1917-10-01,1917-10-01,Minor Notices,23,1,203-225,23,explicit_numeric_range,false,unclassified,
crossref:10.1086/ahr/23.1.227,10.1086/ahr/23.1.227,1917,1917-10-01,1917-10-01,Historical News,23,1,227-272,46,explicit_numeric_range,false,unclassified,
crossref:10.1086/ahr/23.1.42,10.1086/ahr/23.1.42,1917,1917-10-01,1917-10-01,The Mission as a Frontier Institution in the Spanish-American Colonies,23,1,42-61,20,explicit_numeric_range,false,unclassified,Herbert E. Bolton
crossref:10.1086/ahr/23.1.62,10.1086/ahr/23.1.62,1917,1917-10-01,1917-10-01,The History of German Socialism Reconsidered,23,1,62-101,40,explicit_numeric_range,false,unclassified,Carlton J. H. Hayes
crossref:10.1086/ahr/23.2.273,10.1086/ahr/23.2.273,1918,1918-01-01,1918-01-01,The Editorial Function in United States History,23,2,273-286,14,explicit_numeric_range,false,unclassified,Worthington Chauncey Ford
crossref:10.1086/ahr/23.2.287,10.1086/ahr/23.2.287,1918,1918-01-01,1918-01-01,American Rule in Mexico,23,2,287-302,16,explicit_numeric_range,false,unclassified,Justin H. Smith
crossref:10.1086/ahr/23.2.303,10.1086/ahr/23.2.303,1918,1918-01-01,1918-01-01,The Newspaper Problem in its Bearing Upon Military Secrecy During the Civil War,23,2,303-323,21,explicit_numeric_range,false,unclassified,James G. Randall
crossref:10.1086/ahr/23.2.324,10.1086/ahr/23.2.324,1918,1918-01-01,1918-01-01,The End of the Alliance of the Emperors,23,2,324-349,26,explicit_numeric_range,false,unclassified,Serge Goriainov
crossref:10.1086/ahr/23.2.355,10.1086/ahr/23.2.355,1918,1918-01-01,1918-01-01,"The American Minister in Berlin, on the Revolution of March, 1848",23,2,355-373,19,explicit_numeric_range,false,unclassified,
crossref:10.1086/ahr/23.2.427,10.1086/ahr/23.2.427,1918,1918-01-01,1918-01-01,Minor Notices,23,2,427-445,19,explicit_numeric_range,false,unclassified,
crossref:10.1086/ahr/23.2.446,10.1086/ahr/23.2.446,1918,1918-01-01,1918-01-01,Historical News,23,2,446-485,40,explicit_numeric_range,false,unclassified,
crossref:10.1086/ahr/23.2.486,10.1086/ahr/23.2.486,1918,1918-01-01,1918-01-01,"List of Doctoral Dissertations in History Now in Progress at the Chief American Universities, December, 1917",23,2,486-504,19,explicit_numeric_range,false,unclassified,
crossref:10.1086/ahr/23.3.505,10.1086/ahr/23.3.505,1918,1918-04-01,1918-04-01,The Meeting of the American Historical Association at Philadelphia,23,3,505-530,26,explicit_numeric_range,false,unclassified,
crossref:10.1086/ahr/23.3.531,10.1086/ahr/23.3.531,1918,1918-04-01,1918-04-01,The Mikado's Ratification of the Foreign Treaties,23,3,531-549,19,explicit_numeric_range,false,unclassified,Payson J. Treat
crossref:10.1086/ahr/23.3.550,10.1086/ahr/23.3.550,1918,1918-04-01,1918-04-01,The Committee on the Conduct of the Civil War,23,3,550-576,27,explicit_numeric_range,false,unclassified,William Whatley Pierson
crossref:10.1086/ahr/23.3.577,10.1086/ahr/23.3.577,1918,1918-04-01,1918-04-01,Austro-German Relations Since 1866,23,3,577-595,19,explicit_numeric_range,false,unclassified,Roland G. Usher
crossref:10.1086/ahr/23.3.689,10.1086/ahr/23.3.689,1918,1918-04-01,1918-04-01,Minor Notices,23,3,689-710,22,explicit_numeric_range,false,unclassified,
crossref:10.1086/ahr/23.3.713,10.1086/ahr/23.3.713,1918,1918-04-01,1918-04-01,Historical News,23,3,713-754,42,explicit_numeric_range,false,unclassified,
crossref:10.1086/ahr/23.4.779,10.1086/ahr/23.4.779,1918,1918-07-01,1918-07-01,The Early Spanish Colonial Exchequer,23,4,779-796,18,explicit_numeric_range,false,unclassified,C. H. Haring
crossref:10.1086/ahr/23.4.797,10.1086/ahr/23.4.797,1918,1918-07-01,1918-07-01,Interpretations of Recent Economic Progress in Germany,23,4,797-815,19,explicit_numeric_range,false,unclassified,Abbott Payson Usher
crossref:10.1086/ahr/23.4.816,10.1086/ahr/23.4.816,1918,1918-07-01,1918-07-01,"1. The River Plate Voyages, 1798–1800",23,4,816-826,11,explicit_numeric_range,false,unclassified,Charles Lyon Chandler
crossref:10.1086/ahr/23.4.826,10.1086/ahr/23.4.826,1918,1918-07-01,1918-07-01,2. The Confederacy and the Declaration of Paris,23,4,826-835,10,explicit_numeric_range,false,unclassified,
crossref:10.1086/ahr/23.4.882,10.1086/ahr/23.4.882,1918,1918-07-01,1918-07-01,Minor Notices,23,4,882-915,34,explicit_numeric_range,false,unclassified,
crossref:10.1086/ahr/23.4.916,10.1086/ahr/23.4.916,1918,1918-07-01,1918-07-01,Historical News,23,4,916-959,44,explicit_numeric_range,false,unclassified,
crossref:10.1086/ahr/23.4.960,10.1086/ahr/23.4.960,1918,1918-07-01,1918-07-01,Index American Historical Review Volume XXIII,23,4,960-992,33,explicit_numeric_range,false,unclassified,
crossref:10.1086/ahr/24.1.1,10.1086/ahr/24.1.1,1918,1918-10-01,1918-10-01,The Extraordinary Commands from 80 to 48 B. C.: A Study in the Origins of the Principate,24,1,1-25,25,explicit_numeric_range,false,unclassified,A. E. R. Boak
crossref:10.1086/ahr/24.1.118,10.1086/ahr/24.1.118,1918,1918-10-01,1918-10-01,Minor Notices,24,1,118-140,23,explicit_numeric_range,false,unclassified,
crossref:10.1086/ahr/24.1.141,10.1086/ahr/24.1.141,1918,1918-10-01,1918-10-01,Historical News,24,1,141-182,42,explicit_numeric_range,false,unclassified,
crossref:10.1086/ahr/24.1.26,10.1086/ahr/24.1.26,1918,1918-10-01,1918-10-01,The United States and the Abortive Armed Neutrality of 1794,24,1,26-47,22,explicit_numeric_range,false,unclassified,Samuel Flagg Bemis
crossref:10.1086/ahr/24.1.48,10.1086/ahr/24.1.48,1918,1918-10-01,1918-10-01,"The Kaiser's Secret Negotiations with the Tsar, 1904–1905",24,1,48-72,25,explicit_numeric_range,false,unclassified,Sidney B. Fay
crossref:10.1086/ahr/24.2.183,10.1086/ahr/24.2.183,1919,1919-01-01,1919-01-01,Vagaries of Historians,24,2,183-195,13,explicit_numeric_range,false,unclassified,Roscoe Thayer William
crossref:10.1086/ahr/24.2.196,10.1086/ahr/24.2.196,1919,1919-01-01,1919-01-01,The War-Scare of 1875,24,2,196-226,31,explicit_numeric_range,false,unclassified,Joseph V. Fuller
crossref:10.1086/ahr/24.2.227,10.1086/ahr/24.2.227,1919,1919-01-01,1919-01-01,Prussianism in North Sleswick,24,2,227-252,26,explicit_numeric_range,false,unclassified,Laurence M. Larson
crossref:10.1086/ahr/24.2.253,10.1086/ahr/24.2.253,1919,1919-01-01,1919-01-01,Captain Nathaniel Pryor,24,2,253-265,13,explicit_numeric_range,false,unclassified,Walter B. Douglas
crossref:10.1086/ahr/24.2.290,10.1086/ahr/24.2.290,1919,1919-01-01,1919-01-01,Minor Notices,24,2,290-305,16,explicit_numeric_range,false,unclassified,
crossref:10.1086/ahr/24.2.308,10.1086/ahr/24.2.308,1919,1919-01-01,1919-01-01,Historical News,24,2,308-348,41,explicit_numeric_range,false,unclassified,
crossref:10.1086/ahr/24.3.358,10.1086/ahr/24.3.358,1919,1919-04-01,1919-04-01,The Prussian Peasantry Before 1807,24,3,358-378,21,explicit_numeric_range,false,unclassified,Guy Stanton Ford
crossref:10.1086/ahr/24.3.379,10.1086/ahr/24.3.379,1919,1919-04-01,1919-04-01,The Southern Frontier in Queen Anne's War,24,3,379-395,17,explicit_numeric_range,false,unclassified,Verner W. Crane
crossref:10.1086/ahr/24.3.396,10.1086/ahr/24.3.396,1919,1919-04-01,1919-04-01,Diverging Tendencies in New York Democracy in the Period of the Locofocos,24,3,396-421,26,explicit_numeric_range,false,unclassified,William Trimble
crossref:10.1086/ahr/24.3.422,10.1086/ahr/24.3.422,1919,1919-04-01,1919-04-01,The Education of Henry Adams,24,3,422-434,13,explicit_numeric_range,false,unclassified,Carl Becker
crossref:10.1086/ahr/24.3.444,10.1086/ahr/24.3.444,1919,1919-04-01,1919-04-01,"Diary and Memoranda of William L. Marcy, 1849–1851",24,3,444-462,19,explicit_numeric_range,false,unclassified,Thomas Maitland Marshall
crossref:10.1086/ahr/24.3.503,10.1086/ahr/24.3.503,1919,1919-04-01,1919-04-01,Minor Notices,24,3,503-523,21,explicit_numeric_range,false,unclassified,
crossref:10.1086/ahr/24.3.525,10.1086/ahr/24.3.525,1919,1919-04-01,1919-04-01,Historical News,24,3,525-564,40,explicit_numeric_range,false,unclassified,
crossref:10.1086/ahr/24.4.565,10.1086/ahr/24.4.565,1919,1919-07-01,1919-07-01,The English Benedictines and their Bishops in the Thirteenth Century,24,4,565-577,13,explicit_numeric_range,false,unclassified,Alfred H. Sweet
crossref:10.1086/ahr/24.4.578,10.1086/ahr/24.4.578,1919,1919-07-01,1919-07-01,The Origin of English Political Parties,24,4,578-602,25,explicit_numeric_range,false,unclassified,Wilbur C. Abbott
crossref:10.1086/ahr/24.4.603,10.1086/ahr/24.4.603,1919,1919-07-01,1919-07-01,The Coalition of Europe against Napoleon,24,4,603-624,22,explicit_numeric_range,false,unclassified,Édouard Driault
crossref:10.1086/ahr/24.4.641,10.1086/ahr/24.4.641,1919,1919-07-01,1919-07-01,"Diary and Memoranda of William L. Marcy, 1857",24,4,641-653,13,explicit_numeric_range,false,unclassified,Thomas M. Marshall
crossref:10.1086/ahr/24.4.717,10.1086/ahr/24.4.717,1919,1919-07-01,1919-07-01,Minor Notices,24,4,717-745,29,explicit_numeric_range,false,unclassified,
crossref:10.1086/ahr/24.4.746,10.1086/ahr/24.4.746,1919,1919-07-01,1919-07-01,Historical News,24,4,746-784,39,explicit_numeric_range,false,unclassified,
crossref:10.1086/ahr/24.4.785,10.1086/ahr/24.4.785,1919,1919-07-01,1919-07-01,Index American Historical Review Volume XXIV,24,4,785-810,26,explicit_numeric_range,false,unclassified,
crossref:10.1086/ahr/25.1.1,10.1086/ahr/25.1.1,1919,1919-10-01,1919-10-01,Was There a “Common Council” Before Parliament?,25,1,1-17,17,explicit_numeric_range,false,unclassified,Albert Beebe White
crossref:10.1086/ahr/25.1.130,10.1086/ahr/25.1.130,1919,1919-10-01,1919-10-01,Minor Notices,25,1,130-145,16,explicit_numeric_range,false,unclassified,
crossref:10.1086/ahr/25.1.146,10.1086/ahr/25.1.146,1919,1919-10-01,1919-10-01,Historical News,25,1,146-178,33,explicit_numeric_range,false,unclassified,
crossref:10.1086/ahr/25.1.18,10.1086/ahr/25.1.18,1919,1919-10-01,1919-10-01,The English Manufacturers and the Commercial Treaty of 1786 with France,25,1,18-35,18,explicit_numeric_range,false,unclassified,Witt Bowden
crossref:10.1086/ahr/25.1.36,10.1086/ahr/25.1.36,1919,1919-10-01,1919-10-01,The Diplomatic Preliminaries of the Crimean War,25,1,36-67,32,explicit_numeric_range,false,unclassified,Bernadotte E. Schmitt
crossref:10.1086/ahr/25.2.179,10.1086/ahr/25.2.179,1920,1920-01-01,1920-01-01,Fallacies in History,25,2,179-190,12,explicit_numeric_range,false,unclassified,William Roscoe Thayer
crossref:10.1086/ahr/25.2.191,10.1086/ahr/25.2.191,1920,1920-01-01,1920-01-01,Genoese Trade with Syria in the Twelfth Century,25,2,191-219,29,explicit_numeric_range,false,unclassified,Eugene H. Byrne
crossref:10.1086/ahr/25.2.220,10.1086/ahr/25.2.220,1920,1920-01-01,1920-01-01,Slavery and the Beginnings of Industrialism in the American Colonies,25,2,220-240,21,explicit_numeric_range,false,unclassified,Marcus W. Jernegan
crossref:10.1086/ahr/25.2.241,10.1086/ahr/25.2.241,1920,1920-01-01,1920-01-01,"Henry Adams and Garibaldi, 1860",25,2,241-255,15,explicit_numeric_range,false,unclassified,
crossref:10.1086/ahr/25.2.311,10.1086/ahr/25.2.311,1920,1920-01-01,1920-01-01,Minor Notices,25,2,311-327,17,explicit_numeric_range,false,unclassified,
crossref:10.1086/ahr/25.2.328,10.1086/ahr/25.2.328,1920,1920-01-01,1920-01-01,Historical News,25,2,328-368,41,explicit_numeric_range,false,unclassified,
crossref:10.1086/ahr/25.3.369,10.1086/ahr/25.3.369,1920,1920-04-01,1920-04-01,The Meeting of the American Historical Association at Cleveland,25,3,369-390,22,explicit_numeric_range,false,unclassified,
crossref:10.1086/ahr/25.3.391,10.1086/ahr/25.3.391,1920,1920-04-01,1920-04-01,Russia and the Dual Alliance,25,3,391-410,20,explicit_numeric_range,false,unclassified,Laurence B. Packard
crossref:10.1086/ahr/25.3.411,10.1086/ahr/25.3.411,1920,1920-04-01,1920-04-01,The Purchase of Alaska,25,3,411-425,15,explicit_numeric_range,false,unclassified,Frank A. Golder
crossref:10.1086/ahr/25.3.426,10.1086/ahr/25.3.426,1920,1920-04-01,1920-04-01,The Miners' Laws of Colorado,25,3,426-439,14,explicit_numeric_range,false,unclassified,Thomas Maitland Marshall
crossref:10.1086/ahr/25.3.448,10.1086/ahr/25.3.448,1920,1920-04-01,1920-04-01,"Spanish Policy toward Virginia, 1606–1612; Jamestown, Ecija, and John Clark of the Mayflower",25,3,448-479,32,explicit_numeric_range,false,unclassified,Irene A. Wright
crossref:10.1086/ahr/25.3.537,10.1086/ahr/25.3.537,1920,1920-04-01,1920-04-01,Minor Notices,25,3,537-560,24,explicit_numeric_range,false,unclassified,
crossref:10.1086/ahr/25.3.561,10.1086/ahr/25.3.561,1920,1920-04-01,1920-04-01,Historical News,25,3,561-602,42,explicit_numeric_range,false,unclassified,
crossref:10.1086/ahr/25.4.603,10.1086/ahr/25.4.603,1920,1920-07-01,1920-07-01,The Greek Element in the Renaissance of the Twelfth Century,25,4,603-615,13,explicit_numeric_range,false,unclassified,Charles H. Haskins
crossref:10.1086/ahr/25.4.616,10.1086/ahr/25.4.616,1920,1920-07-01,1920-07-01,"New Light on the Origins of the World War, I. Berlin and Vienna, to July 29",25,4,616-639,24,explicit_numeric_range,false,unclassified,Sidney Bradshaw Fay
crossref:10.1086/ahr/25.4.640,10.1086/ahr/25.4.640,1920,1920-07-01,1920-07-01,"German Historical Publications, 1914–1920",25,4,640-659,20,explicit_numeric_range,false,unclassified,Antoine Guilland
crossref:10.1086/ahr/25.4.660,10.1086/ahr/25.4.660,1920,1920-07-01,1920-07-01,La República de Río Grande,25,4,660-675,16,explicit_numeric_range,false,unclassified,Justin H. Smith
crossref:10.1086/ahr/25.4.676,10.1086/ahr/25.4.676,1920,1920-07-01,1920-07-01,An Unrecognized Father Marquette Letter,25,4,676-691,16,explicit_numeric_range,false,unclassified,Clarence Walworth Alvord
crossref:10.1086/ahr/25.4.738,10.1086/ahr/25.4.738,1920,1920-07-01,1920-07-01,Minor Notices,25,4,738-754,17,explicit_numeric_range,false,unclassified,
crossref:10.1086/ahr/25.4.756,10.1086/ahr/25.4.756,1920,1920-07-01,1920-07-01,Historical News,25,4,756-789,34,explicit_numeric_range,false,unclassified,
crossref:10.1086/ahr/25.4.790,10.1086/ahr/25.4.790,1920,1920-07-01,1920-07-01,Index American Historical Review Volume XXV,25,4,790-820,31,explicit_numeric_range,false,unclassified,
crossref:10.1086/ahr/26.1.1,10.1086/ahr/26.1.1,1920,1920-10-01,1920-10-01,"The American Historical Review, 1895–1920",26,1,1-17,17,explicit_numeric_range,false,unclassified,J. F. J.
crossref:10.1086/ahr/26.1.124,10.1086/ahr/26.1.124,1920,1920-10-01,1920-10-01,Minor Notices,26,1,124-153,30,explicit_numeric_range,false,unclassified,
crossref:10.1086/ahr/26.1.154,10.1086/ahr/26.1.154,1920,1920-10-01,1920-10-01,Historical News,26,1,154-190,37,explicit_numeric_range,false,unclassified,
crossref:10.1086/ahr/26.1.18,10.1086/ahr/26.1.18,1920,1920-10-01,1920-10-01,The Recall of the Legions: A Phase of the Decentralization of the British Empire,26,1,18-36,19,explicit_numeric_range,false,unclassified,Robert Livingston Schuyler
crossref:10.1086/ahr/26.1.37,10.1086/ahr/26.1.37,1920,1920-10-01,1920-10-01,"New Light on the Origins of the World War, II. Berlin and Vienna, July 29 to 31",26,1,37-53,17,explicit_numeric_range,false,unclassified,Sidney B. Fay
crossref:10.1086/ahr/26.1.54,10.1086/ahr/26.1.54,1920,1920-10-01,1920-10-01,"The American War Government, 1917–1918",26,1,54-76,23,explicit_numeric_range,false,unclassified,Frederic L. Paxson
crossref:10.1086/ahr/26.2.191,10.1086/ahr/26.2.191,1921,1921-01-01,1921-01-01,An Historical Retrospect,26,2,191-202,12,explicit_numeric_range,false,unclassified,Edward Channing
crossref:10.1086/ahr/26.2.203,10.1086/ahr/26.2.203,1921,1921-01-01,1921-01-01,South Russia in the Prehistoric and Classical Period,26,2,203-224,22,explicit_numeric_range,false,unclassified,M. Rostovtsev
crossref:10.1086/ahr/26.2.225,10.1086/ahr/26.2.225,1921,1921-01-01,1921-01-01,"New Light on the Origins of the War, III. Russia and the Other Powers",26,2,225-254,30,explicit_numeric_range,false,unclassified,Sidney B. Fay
crossref:10.1086/ahr/26.2.255,10.1086/ahr/26.2.255,1921,1921-01-01,1921-01-01,A Confederate Diplomat at the Court of Napoleon III,26,2,255-281,27,explicit_numeric_range,false,unclassified,John Slidell | Louis Martin Sears
crossref:10.1086/ahr/26.2.285,10.1086/ahr/26.2.285,1921,1921-01-01,1921-01-01,General M. C. Meigs on the Conduct of the Civil War,26,2,285-303,19,explicit_numeric_range,false,unclassified,
crossref:10.1086/ahr/26.2.353,10.1086/ahr/26.2.353,1921,1921-01-01,1921-01-01,Minor Notices,26,2,353-373,21,explicit_numeric_range,false,unclassified,
crossref:10.1086/ahr/26.2.374,10.1086/ahr/26.2.374,1921,1921-01-01,1921-01-01,Historical News,26,2,374-412,39,explicit_numeric_range,false,unclassified,
crossref:10.1086/ahr/26.3.413,10.1086/ahr/26.3.413,1921,1921-04-01,1921-04-01,The Meeting of the American Historical Association at Washington,26,3,413-439,27,explicit_numeric_range,false,unclassified,J. F. J.
crossref:10.1086/ahr/26.3.440,10.1086/ahr/26.3.440,1921,1921-04-01,1921-04-01,The Peasants' Crusade,26,3,440-453,14,explicit_numeric_range,false,unclassified,Frederic Duncalf
crossref:10.1086/ahr/26.3.454,10.1086/ahr/26.3.454,1921,1921-04-01,1921-04-01,The American Civil War Through the Eyes of a Russian Diplomat,26,3,454-463,10,explicit_numeric_range,false,unclassified,Frank A. Golder
crossref:10.1086/ahr/26.3.464,10.1086/ahr/26.3.464,1921,1921-04-01,1921-04-01,Troop Movements on the American Railroads During the Great War,26,3,464-488,25,explicit_numeric_range,false,unclassified,Ross H. McLean
crossref:10.1086/ahr/26.3.561,10.1086/ahr/26.3.561,1921,1921-04-01,1921-04-01,Minor Notices,26,3,561-599,39,explicit_numeric_range,false,unclassified,
crossref:10.1086/ahr/26.3.600,10.1086/ahr/26.3.600,1921,1921-04-01,1921-04-01,Historical News,26,3,600-640,41,explicit_numeric_range,false,unclassified,
crossref:10.1086/ahr/26.4.641,10.1086/ahr/26.4.641,1921,1921-07-01,1921-07-01,Mr. Wells and the New History,26,4,641-656,16,explicit_numeric_range,false,unclassified,Carl Becker
crossref:10.1086/ahr/26.4.657,10.1086/ahr/26.4.657,1921,1921-07-01,1921-07-01,German Historians and Macedonian Imperialism,26,4,657-671,15,explicit_numeric_range,false,unclassified,John R. Knipfing
crossref:10.1086/ahr/26.4.672,10.1086/ahr/26.4.672,1921,1921-07-01,1921-07-01,"The Life of Disraeli, V., VI",26,4,672-682,11,explicit_numeric_range,false,unclassified,Bryce
crossref:10.1086/ahr/26.4.683,10.1086/ahr/26.4.683,1921,1921-07-01,1921-07-01,The Agricultural Revolution in New England,26,4,683-702,20,explicit_numeric_range,false,unclassified,Percy W. Bidwell
crossref:10.1086/ahr/26.4.703,10.1086/ahr/26.4.703,1921,1921-07-01,1921-07-01,Chinese Historical Studies During the Past Seven Years,26,4,703-716,14,explicit_numeric_range,false,unclassified,Kenneth Scott Latourette
crossref:10.1086/ahr/26.4.726,10.1086/ahr/26.4.726,1921,1921-07-01,1921-07-01,"Journal of a French Traveller in the Colonies, 1765, I",26,4,726-747,22,explicit_numeric_range,false,unclassified,
crossref:10.1086/ahr/26.4.819,10.1086/ahr/26.4.819,1921,1921-07-01,1921-07-01,Minor Notices,26,4,819-845,27,explicit_numeric_range,false,unclassified,
crossref:10.1086/ahr/26.4.846,10.1086/ahr/26.4.846,1921,1921-07-01,1921-07-01,Historical News,26,4,846-882,37,explicit_numeric_range,false,unclassified,
crossref:10.1086/ahr/26.4.883,10.1086/ahr/26.4.883,1921,1921-07-01,1921-07-01,Index American Historical Review Volume XXVI,26,4,883-916,34,explicit_numeric_range,false,unclassified,
crossref:10.1086/ahr/27.1.1,10.1086/ahr/27.1.1,1921,1921-10-01,1921-10-01,English Coal Industry in the Seventeenth and Eighteenth Centuries,27,1,1-23,23,explicit_numeric_range,false,unclassified,Raymond Turner
crossref:10.1086/ahr/27.1.138,10.1086/ahr/27.1.138,1921,1921-10-01,1921-10-01,Minor Notices,27,1,138-163,26,explicit_numeric_range,false,unclassified,
crossref:10.1086/ahr/27.1.164,10.1086/ahr/27.1.164,1921,1921-10-01,1921-10-01,Historical News,27,1,164-205,42,explicit_numeric_range,false,unclassified,
crossref:10.1086/ahr/27.1.24,10.1086/ahr/27.1.24,1921,1921-10-01,1921-10-01,A Letter from Danton to Marie Antoinette,27,1,24-46,23,explicit_numeric_range,false,unclassified,Carl Becker
crossref:10.1086/ahr/27.1.47,10.1086/ahr/27.1.47,1921,1921-10-01,1921-10-01,Architecture in the History of the Colonies and of the Republic,27,1,47-57,11,explicit_numeric_range,false,unclassified,Fiske Kimball
crossref:10.1086/ahr/27.1.70,10.1086/ahr/27.1.70,1921,1921-10-01,1921-10-01,"Journal of a French Traveller in the Colonies, 1765, II",27,1,70-89,20,explicit_numeric_range,false,unclassified,
crossref:10.1086/ahr/27.2.207,10.1086/ahr/27.2.207,1922,1922-01-01,1922-01-01,"Europe, Spanish America, and the Monroe Doctrine",27,2,207-218,12,explicit_numeric_range,false,unclassified,Dexter Perkins
crossref:10.1086/ahr/27.2.219,10.1086/ahr/27.2.219,1922,1922-01-01,1922-01-01,Garibaldi's Sicilian Campaign as reported by an American Diplomat,27,2,219-244,26,explicit_numeric_range,false,unclassified,H. Nelson Gay
crossref:10.1086/ahr/27.2.245,10.1086/ahr/27.2.245,1922,1922-01-01,1922-01-01,"Webster's Seventh of March Speech and the Secession Movement, 1850",27,2,245-270,26,explicit_numeric_range,false,unclassified,Herbert Darling Foster
crossref:10.1086/ahr/27.2.271,10.1086/ahr/27.2.271,1922,1922-01-01,1922-01-01,Washington in 1834; Letter of Robert C. Caldwell,27,2,271-281,11,explicit_numeric_range,false,unclassified,R. C. Caldwell
crossref:10.1086/ahr/27.2.337,10.1086/ahr/27.2.337,1922,1922-01-01,1922-01-01,Minor Notices,27,2,337-368,32,explicit_numeric_range,false,unclassified,
crossref:10.1086/ahr/27.2.369,10.1086/ahr/27.2.369,1922,1922-01-01,1922-01-01,Historical News,27,2,369-404,36,explicit_numeric_range,false,unclassified,
crossref:10.1086/ahr/27.3.405,10.1086/ahr/27.3.405,1922,1922-04-01,1922-04-01,The Meeting of the American Historical Association at st. Louis,27,3,405-425,21,explicit_numeric_range,false,unclassified,
crossref:10.1086/ahr/27.3.426,10.1086/ahr/27.3.426,1922,1922-04-01,1922-04-01,The School for Ambassadors,27,3,426-464,39,explicit_numeric_range,false,unclassified,J. J. Jusserand
crossref:10.1086/ahr/27.3.465,10.1086/ahr/27.3.465,1922,1922-04-01,1922-04-01,Jay's Treaty and the Northwest Boundary Gap,27,3,465-484,20,explicit_numeric_range,false,unclassified,Samuel Flagg Bemis
crossref:10.1086/ahr/27.3.493,10.1086/ahr/27.3.493,1922,1922-04-01,1922-04-01,"Lord Sackville's Papers respecting Virginia, 1613–1631, I",27,3,493-538,46,explicit_numeric_range,false,unclassified,
crossref:10.1086/ahr/27.3.602,10.1086/ahr/27.3.602,1922,1922-04-01,1922-04-01,Minor Notices,27,3,602-625,24,explicit_numeric_range,false,unclassified,
crossref:10.1086/ahr/27.3.627,10.1086/ahr/27.3.627,1922,1922-04-01,1922-04-01,Historical News,27,3,627-668,42,explicit_numeric_range,false,unclassified,
crossref:10.1086/ahr/27.4.669,10.1086/ahr/27.4.669,1922,1922-07-01,1922-07-01,Science at the Court of the Emperor Frederick II,27,4,669-694,26,explicit_numeric_range,false,unclassified,Charles H. Haskins
crossref:10.1086/ahr/27.4.695,10.1086/ahr/27.4.695,1922,1922-07-01,1922-07-01,The Development of Metropolitan Economy in Europe and America,27,4,695-708,14,explicit_numeric_range,false,unclassified,N. S. B. Gras
crossref:10.1086/ahr/27.4.709,10.1086/ahr/27.4.709,1922,1922-07-01,1922-07-01,Slidell and Buchanan,27,4,709-730,22,explicit_numeric_range,false,unclassified,Louis Martin Sears
crossref:10.1086/ahr/27.4.738,10.1086/ahr/27.4.738,1922,1922-07-01,1922-07-01,"Lord Sackville's Papers respecting Virginia, 1613–1631, II",27,4,738-765,28,explicit_numeric_range,false,unclassified,
crossref:10.1086/ahr/27.4.809,10.1086/ahr/27.4.809,1922,1922-07-01,1922-07-01,Minor Notices,27,4,809-837,29,explicit_numeric_range,false,unclassified,
crossref:10.1086/ahr/27.4.838,10.1086/ahr/27.4.838,1922,1922-07-01,1922-07-01,Historical News,27,4,838-873,36,explicit_numeric_range,false,unclassified,
crossref:10.1086/ahr/27.4.874,10.1086/ahr/27.4.874,1922,1922-07-01,1922-07-01,Index American Historical Review Volume XXVII,27,4,874-904,31,explicit_numeric_range,false,unclassified,
crossref:10.1086/ahr/28.1.1,10.1086/ahr/28.1.1,1922,1922-10-01,1922-10-01,The International State of the Middle Ages: Some Reasons for its Failure,28,1,1-12,12,explicit_numeric_range,false,unclassified,August C. Krey
crossref:10.1086/ahr/28.1.13,10.1086/ahr/28.1.13,1922,1922-10-01,1922-10-01,"The Secretary of State for the Colonies, 1768–1782",28,1,13-23,11,explicit_numeric_range,false,unclassified,Arthur Herbert Basye
crossref:10.1086/ahr/28.1.143,10.1086/ahr/28.1.143,1922,1922-10-01,1922-10-01,Minor Notices,28,1,143-172,30,explicit_numeric_range,false,unclassified,
crossref:10.1086/ahr/28.1.173,10.1086/ahr/28.1.173,1922,1922-10-01,1922-10-01,Historical News,28,1,173-214,42,explicit_numeric_range,false,unclassified,
crossref:10.1086/ahr/28.1.24,10.1086/ahr/28.1.24,1922,1922-10-01,1922-10-01,"The American Grain Trade to the Spanish Peninsula, 1810–1814",28,1,24-44,21,explicit_numeric_range,false,unclassified,W. Freeman Galpin
crossref:10.1086/ahr/28.1.45,10.1086/ahr/28.1.45,1922,1922-10-01,1922-10-01,Seward's Far Eastern Policy,28,1,45-62,18,explicit_numeric_range,false,unclassified,Berthemy | Tyler Dennett
crossref:10.1086/ahr/28.1.68,10.1086/ahr/28.1.68,1922,1922-10-01,1922-10-01,"2. James K. Polk and his Constituents, 1831–1832",28,1,68-77,10,explicit_numeric_range,false,unclassified,John Spencer Bassett
crossref:10.1086/ahr/28.2.215,10.1086/ahr/28.2.215,1923,1923-01-01,1923-01-01,European History and American Scholarship,28,2,215-227,13,explicit_numeric_range,false,unclassified,Charles H. Haskins
crossref:10.1086/ahr/28.2.228,10.1086/ahr/28.2.228,1923,1923-01-01,1923-01-01,"The London Mission of Thomas Pinckney, 1792–1796",28,2,228-247,20,explicit_numeric_range,false,unclassified,Samuel Flagg Bemis
crossref:10.1086/ahr/28.2.248,10.1086/ahr/28.2.248,1923,1923-01-01,1923-01-01,Historical Research in Russia During the Revolutionary Crisis,28,2,248-257,10,explicit_numeric_range,false,unclassified,A. Presniakov
crossref:10.1086/ahr/28.2.263,10.1086/ahr/28.2.263,1923,1923-01-01,1923-01-01,The Accounts of a Colonial Governor's Agent in the Seventeenth Century,28,2,263-285,23,explicit_numeric_range,false,unclassified,C. S. S. Higham
crossref:10.1086/ahr/28.2.345,10.1086/ahr/28.2.345,1923,1923-01-01,1923-01-01,Minor Notices,28,2,345-375,31,explicit_numeric_range,false,unclassified,
crossref:10.1086/ahr/28.2.376,10.1086/ahr/28.2.376,1923,1923-01-01,1923-01-01,Historical News,28,2,376-416,41,explicit_numeric_range,false,unclassified,
crossref:10.1086/ahr/28.3.417,10.1086/ahr/28.3.417,1923,1923-04-01,1923-04-01,The Meeting of the American Historical Association at New Haven,28,3,417-439,23,explicit_numeric_range,false,unclassified,
crossref:10.1086/ahr/28.3.440,10.1086/ahr/28.3.440,1923,1923-04-01,1923-04-01,German Feudalism,28,3,440-474,35,explicit_numeric_range,false,unclassified,James Westfall Thompson
crossref:10.1086/ahr/28.3.475,10.1086/ahr/28.3.475,1923,1923-04-01,1923-04-01,"The Significance of the Military Office in America, 1763–1775",28,3,475-488,14,explicit_numeric_range,false,unclassified,Clarence E. Carter
crossref:10.1086/ahr/28.3.497,10.1086/ahr/28.3.497,1923,1923-04-01,1923-04-01,"Washington and the Potomac: Manuscripts of the Minnesota Historical Society, [1754] 1769–1796, I",28,3,497-519,23,explicit_numeric_range,false,unclassified,Grace L. Nute
crossref:10.1086/ahr/28.3.573,10.1086/ahr/28.3.573,1923,1923-04-01,1923-04-01,Minor Notices,28,3,573-603,31,explicit_numeric_range,false,unclassified,
crossref:10.1086/ahr/28.3.604,10.1086/ahr/28.3.604,1923,1923-04-01,1923-04-01,Historical News,28,3,604-638,35,explicit_numeric_range,false,unclassified,
crossref:10.1086/ahr/28.4.639,10.1086/ahr/28.4.639,1923,1923-07-01,1923-07-01,"The International Congress of Historical Sciences, Held at Brussels",28,4,639-655,17,explicit_numeric_range,false,unclassified,Waldo G. Leland
crossref:10.1086/ahr/28.4.656,10.1086/ahr/28.4.656,1923,1923-07-01,1923-07-01,"Russia and the Spanish Colonies, 1817–1818",28,4,656-672,17,explicit_numeric_range,false,unclassified,Dexter Perkins
crossref:10.1086/ahr/28.4.682,10.1086/ahr/28.4.682,1923,1923-07-01,1923-07-01,The South Carolina up Country at the end of the Eighteenth Century,28,4,682-698,17,explicit_numeric_range,false,unclassified,D. Huger Bacot
crossref:10.1086/ahr/28.4.705,10.1086/ahr/28.4.705,1923,1923-07-01,1923-07-01,"Washington and the Potomac: Manuscripts of the Minnesota Historical Society, [1754] 1769–1796, II",28,4,705-722,18,explicit_numeric_range,false,unclassified,Grace L. Nute
crossref:10.1086/ahr/28.4.766,10.1086/ahr/28.4.766,1923,1923-07-01,1923-07-01,Minor Notices,28,4,766-779,14,explicit_numeric_range,false,unclassified,
crossref:10.1086/ahr/28.4.781,10.1086/ahr/28.4.781,1923,1923-07-01,1923-07-01,Historical News,28,4,781-819,39,explicit_numeric_range,false,unclassified,
crossref:10.1086/ahr/28.4.820,10.1086/ahr/28.4.820,1923,1923-07-01,1923-07-01,Index American Historical Review Volume XXVIII,28,4,820-854,35,explicit_numeric_range,false,unclassified,
crossref:10.1086/ahr/29.1.1,10.1086/ahr/29.1.1,1923,1923-10-01,1923-10-01,Altopascio—A Forgotten Order,29,1,1-23,23,explicit_numeric_range,false,unclassified,Ephraim Emerton
crossref:10.1086/ahr/29.1.156,10.1086/ahr/29.1.156,1923,1923-10-01,1923-10-01,Minor Notices,29,1,156-186,31,explicit_numeric_range,false,unclassified,
crossref:10.1086/ahr/29.1.188,10.1086/ahr/29.1.188,1923,1923-10-01,1923-10-01,Historical News,29,1,188-230,43,explicit_numeric_range,false,unclassified,
crossref:10.1086/ahr/29.1.24,10.1086/ahr/29.1.24,1923,1923-10-01,1923-10-01,Bismarck and Russia in 1863,29,1,24-48,25,explicit_numeric_range,false,unclassified,Robert H. Lord
crossref:10.1086/ahr/29.1.49,10.1086/ahr/29.1.49,1923,1923-10-01,1923-10-01,The Odyssey of Thomas Muir,29,1,49-72,24,explicit_numeric_range,false,unclassified,Marjorie Masson | J. F. Jameson
crossref:10.1086/ahr/29.1.87,10.1086/ahr/29.1.87,1923,1923-10-01,1923-10-01,"Letters of Robert Biddulph, 1779–1983",29,1,87-109,23,explicit_numeric_range,false,unclassified,Violet Biddulph
crossref:10.1086/ahr/29.2.231,10.1086/ahr/29.2.231,1924,1924-01-01,1924-01-01,Law in History,29,2,231-248,18,explicit_numeric_range,false,unclassified,Edward P. Cheyney
crossref:10.1086/ahr/29.2.249,10.1086/ahr/29.2.249,1924,1924-01-01,1924-01-01,American Opinion of the French Nineteenth-Century Revolutions,29,2,249-270,22,explicit_numeric_range,false,unclassified,Eugene N. Curtis
crossref:10.1086/ahr/29.2.271,10.1086/ahr/29.2.271,1924,1924-01-01,1924-01-01,Jacksonian Democracy in Massachusetts 1824–1848,29,2,271-287,17,explicit_numeric_range,false,unclassified,Arthur B. Darling
crossref:10.1086/ahr/29.2.301,10.1086/ahr/29.2.301,1924,1924-01-01,1924-01-01,"Papers of Count Tisza, 1914–1918",29,2,301-312,12,explicit_numeric_range,false,unclassified,H. Marczali
crossref:10.1086/ahr/29.2.364,10.1086/ahr/29.2.364,1924,1924-01-01,1924-01-01,Minor Notices,29,2,364-386,23,explicit_numeric_range,false,unclassified,
crossref:10.1086/ahr/29.2.387,10.1086/ahr/29.2.387,1924,1924-01-01,1924-01-01,Historical News,29,2,387-422,36,explicit_numeric_range,false,unclassified,
crossref:10.1086/ahr/29.3.423,10.1086/ahr/29.3.423,1924,1924-04-01,1924-04-01,The Meeting of the American Historical Association at Columbus,29,3,423-448,26,explicit_numeric_range,false,unclassified,J. F. J.
crossref:10.1086/ahr/29.3.449,10.1086/ahr/29.3.449,1924,1924-04-01,1924-04-01,"Triple Alliance and Triple Entente, 1902–1914",29,3,449-473,25,explicit_numeric_range,false,unclassified,Bernadotte E. Schmitt
crossref:10.1086/ahr/29.3.474,10.1086/ahr/29.3.474,1924,1924-04-01,1924-04-01,British Secret Service and the French-American Alliance,29,3,474-495,22,explicit_numeric_range,false,unclassified,Samuel Flagg Bemis
crossref:10.1086/ahr/29.3.586,10.1086/ahr/29.3.586,1924,1924-04-01,1924-04-01,Minor Notices,29,3,586-617,32,explicit_numeric_range,false,unclassified,
crossref:10.1086/ahr/29.3.618,10.1086/ahr/29.3.618,1924,1924-04-01,1924-04-01,Historical News,29,3,618-654,37,explicit_numeric_range,false,unclassified,
crossref:10.1086/ahr/29.4.655,10.1086/ahr/29.4.655,1924,1924-07-01,1924-07-01,The Influence of the Manufacturers on Some of the Early Policies of William Pitt,29,4,655-674,20,explicit_numeric_range,false,unclassified,Witt Bowden
crossref:10.1086/ahr/29.4.681,10.1086/ahr/29.4.681,1924,1924-07-01,1924-07-01,The Oregon Pioneers and the Boundary,29,4,681-699,19,explicit_numeric_range,false,unclassified,Frederick Merk
crossref:10.1086/ahr/29.4.700,10.1086/ahr/29.4.700,1924,1924-07-01,1924-07-01,The Louisville and Nashville Railroad 1861–1865,29,4,700-715,16,explicit_numeric_range,false,unclassified,R. S. Cotterill
crossref:10.1086/ahr/29.4.725,10.1086/ahr/29.4.725,1924,1924-07-01,1924-07-01,"Marbois on the Fur Trade, 1784",29,4,725-740,16,explicit_numeric_range,false,unclassified,
crossref:10.1086/ahr/29.4.787,10.1086/ahr/29.4.787,1924,1924-07-01,1924-07-01,Minor Notices,29,4,787-815,29,explicit_numeric_range,false,unclassified,
crossref:10.1086/ahr/29.4.818,10.1086/ahr/29.4.818,1924,1924-07-01,1924-07-01,Historical News,29,4,818-857,40,explicit_numeric_range,false,unclassified,
crossref:10.1086/ahr/29.4.858,10.1086/ahr/29.4.858,1924,1924-07-01,1924-07-01,Index American Historical Review Volume XXIX,29,4,858-891,34,explicit_numeric_range,false,unclassified,
crossref:10.1086/ahr/30.1.1,10.1086/ahr/30.1.1,1924,1924-10-01,1924-10-01,The Case of the Miscreant Cardinal,30,1,1-15,15,explicit_numeric_range,false,unclassified,Theodore F. T. Plucknett
crossref:10.1086/ahr/30.1.16,10.1086/ahr/30.1.16,1924,1924-10-01,1924-10-01,"Canning and the Conferences of the Four Allied Governments at Paris, 1823–1826",30,1,16-43,28,explicit_numeric_range,false,unclassified,Harold Temperley
crossref:10.1086/ahr/30.1.168,10.1086/ahr/30.1.168,1924,1924-10-01,1924-10-01,Minor Notices,30,1,168-186,19,explicit_numeric_range,false,unclassified,
crossref:10.1086/ahr/30.1.189,10.1086/ahr/30.1.189,1924,1924-10-01,1924-10-01,Historical News,30,1,189-224,36,explicit_numeric_range,false,unclassified,
crossref:10.1086/ahr/30.1.44,10.1086/ahr/30.1.44,1924,1924-10-01,1924-10-01,"French Opinion as a Factor in Preventing War Between France and the United States, 1795–1800",30,1,44-55,12,explicit_numeric_range,false,unclassified,James Alton James
crossref:10.1086/ahr/30.1.56,10.1086/ahr/30.1.56,1924,1924-10-01,1924-10-01,Some Antecedents of the Dred Scott Case,30,1,56-71,16,explicit_numeric_range,false,unclassified,Helen Tunnicliff Catterall
crossref:10.1086/ahr/30.1.84,10.1086/ahr/30.1.84,1924,1924-10-01,1924-10-01,American Choices in the Far East in 1882,30,1,84-108,25,explicit_numeric_range,false,unclassified,Tyler Dennett
crossref:10.1086/ahr/30.2.225,10.1086/ahr/30.2.225,1925,1925-01-01,1925-01-01,These Forty Years,30,2,225-250,26,explicit_numeric_range,false,unclassified,Charles M. Andrews
crossref:10.1086/ahr/30.2.251,10.1086/ahr/30.2.251,1925,1925-01-01,1925-01-01,The Conversion of the British Trade-Unions to Political Action,30,2,251-270,20,explicit_numeric_range,false,unclassified,Carl F. Brand
crossref:10.1086/ahr/30.2.271,10.1086/ahr/30.2.271,1925,1925-01-01,1925-01-01,The Supply of Gunpowder in 1776,30,2,271-281,11,explicit_numeric_range,false,unclassified,Orlando W. Stephenson
crossref:10.1086/ahr/30.2.282,10.1086/ahr/30.2.282,1925,1925-01-01,1925-01-01,An Interpretation of Civil War Finance,30,2,282-297,16,explicit_numeric_range,false,unclassified,James L. Sellers
crossref:10.1086/ahr/30.2.311,10.1086/ahr/30.2.311,1925,1925-01-01,1925-01-01,"From the Autobiography of Herschel V. Johnson, 1856–1867",30,2,311-336,26,explicit_numeric_range,false,unclassified,
crossref:10.1086/ahr/30.2.381,10.1086/ahr/30.2.381,1925,1925-01-01,1925-01-01,Minor Notices,30,2,381-405,25,explicit_numeric_range,false,unclassified,
crossref:10.1086/ahr/30.2.410,10.1086/ahr/30.2.410,1925,1925-01-01,1925-01-01,Historical News,30,2,410-450,41,explicit_numeric_range,false,unclassified,
crossref:10.1086/ahr/30.3.451,10.1086/ahr/30.3.451,1925,1925-04-01,1925-04-01,The Meeting of the American Historical Association at Richmond,30,3,451-477,27,explicit_numeric_range,false,unclassified,J. F. J.
crossref:10.1086/ahr/30.3.478,10.1086/ahr/30.3.478,1925,1925-04-01,1925-04-01,"Finmark in British Diplomacy, 1836–1855",30,3,478-502,25,explicit_numeric_range,false,unclassified,Paul Knaplund
crossref:10.1086/ahr/30.3.511,10.1086/ahr/30.3.511,1925,1925-04-01,1925-04-01,The Progress of Constitutional Theory Between the Declaration of Independence and the Meeting of the Philadelphia Convention,30,3,511-536,26,explicit_numeric_range,false,unclassified,Edward S. Corwin
crossref:10.1086/ahr/30.3.628,10.1086/ahr/30.3.628,1925,1925-04-01,1925-04-01,Minor Notices,30,3,628-659,32,explicit_numeric_range,false,unclassified,
crossref:10.1086/ahr/30.3.660,10.1086/ahr/30.3.660,1925,1925-04-01,1925-04-01,Historical News,30,3,660-700,41,explicit_numeric_range,false,unclassified,
crossref:10.1086/ahr/30.4.701,10.1086/ahr/30.4.701,1925,1925-07-01,1925-07-01,The Inception of the British Board of Trade,30,4,701-727,27,explicit_numeric_range,false,unclassified,Anna Lane Lingelbach
crossref:10.1086/ahr/30.4.728,10.1086/ahr/30.4.728,1925,1925-07-01,1925-07-01,The Study of British Foreign Policy (Nineteenth Century),30,4,728-737,10,explicit_numeric_range,false,unclassified,C. K. Webster
crossref:10.1086/ahr/30.4.738,10.1086/ahr/30.4.738,1925,1925-07-01,1925-07-01,Plantations with Slave Labor and Free,30,4,738-753,16,explicit_numeric_range,false,unclassified,Ulrich B. Phillips
crossref:10.1086/ahr/30.4.754,10.1086/ahr/30.4.754,1925,1925-07-01,1925-07-01,Germany and the Spanish-American War,30,4,754-777,24,explicit_numeric_range,false,unclassified,Lester Burrell Shippee
crossref:10.1086/ahr/30.4.778,10.1086/ahr/30.4.778,1925,1925-07-01,1925-07-01,"1. Talleyrand and Jaudenes, 1795",30,4,778-787,10,explicit_numeric_range,false,unclassified,
crossref:10.1086/ahr/30.4.847,10.1086/ahr/30.4.847,1925,1925-07-01,1925-07-01,Minor Notices,30,4,847-874,28,explicit_numeric_range,false,unclassified,
crossref:10.1086/ahr/30.4.875,10.1086/ahr/30.4.875,1925,1925-07-01,1925-07-01,Historical News,30,4,875-914,40,explicit_numeric_range,false,unclassified,
crossref:10.1086/ahr/30.4.915,10.1086/ahr/30.4.915,1925,1925-07-01,1925-07-01,Index American Historical Review Volume XXX,30,4,915-948,34,explicit_numeric_range,false,unclassified,
crossref:10.1086/ahr/31.1.1,10.1086/ahr/31.1.1,1925,1925-10-01,1925-10-01,"A Medieval Florentine, His Family and His Possessions",31,1,1-19,19,explicit_numeric_range,false,unclassified,Ginevra Niccolini di Camugliano
crossref:10.1086/ahr/31.1.158,10.1086/ahr/31.1.158,1925,1925-10-01,1925-10-01,Minor notices,31,1,158-184,27,explicit_numeric_range,false,unclassified,
crossref:10.1086/ahr/31.1.185,10.1086/ahr/31.1.185,1925,1925-10-01,1925-10-01,Historical News,31,1,185-218,34,explicit_numeric_range,false,unclassified,
crossref:10.1086/ahr/31.1.20,10.1086/ahr/31.1.20,1925,1925-10-01,1925-10-01,French Aid Before the Alliance of 1778,31,1,20-40,21,explicit_numeric_range,false,unclassified,C. H. Van Tyne
crossref:10.1086/ahr/31.1.41,10.1086/ahr/31.1.41,1925,1925-10-01,1925-10-01,The Poor Whites of the Ante-Bellum South,31,1,41-54,14,explicit_numeric_range,false,unclassified,Paul H. Buck
crossref:10.1086/ahr/31.1.55,10.1086/ahr/31.1.55,1925,1925-10-01,1925-10-01,"The European Powers and the French Occupation of Tunis, 1878–1881, I",31,1,55-78,24,explicit_numeric_range,false,unclassified,William L. Langer
crossref:10.1086/ahr/31.1.82,10.1086/ahr/31.1.82,1925,1925-10-01,1925-10-01,The Change of Secession Sentiment in Virginia in 1861,31,1,82-101,20,explicit_numeric_range,false,unclassified,James Elliott Walmsley
crossref:10.1086/ahr/31.2.219,10.1086/ahr/31.2.219,1926,1926-01-01,1926-01-01,The American Revolution: An Interpretation,31,2,219-232,14,explicit_numeric_range,false,unclassified,Charles M. Andrews
crossref:10.1086/ahr/31.2.233,10.1086/ahr/31.2.233,1926,1926-01-01,1926-01-01,Roman Parties in the Reign of Tiberius,31,2,233-250,18,explicit_numeric_range,false,unclassified,Frank Burr Marsh
crossref:10.1086/ahr/31.2.251,10.1086/ahr/31.2.251,1926,1926-01-01,1926-01-01,"The European Powers and the French Occupation of Tunis, 1878–1881, II",31,2,251-265,15,explicit_numeric_range,false,unclassified,William L. Langer
crossref:10.1086/ahr/31.2.266,10.1086/ahr/31.2.266,1926,1926-01-01,1926-01-01,"United States vs. Jefferson Davis, 1865–1869",31,2,266-284,19,explicit_numeric_range,false,unclassified,Roy Franklin Nichols
crossref:10.1086/ahr/31.2.285,10.1086/ahr/31.2.285,1926,1926-01-01,1926-01-01,"Despatches of Castelnau de la Mauvissière (on Frobisher, Gilbert, de la Roche, Drake), 1577–1581",31,2,285-296,12,explicit_numeric_range,false,unclassified,Conyers Read
crossref:10.1086/ahr/31.2.340,10.1086/ahr/31.2.340,1926,1926-01-01,1926-01-01,Minor Notices,31,2,340-370,31,explicit_numeric_range,false,unclassified,
crossref:10.1086/ahr/31.2.373,10.1086/ahr/31.2.373,1926,1926-01-01,1926-01-01,Historical News,31,2,373-413,41,explicit_numeric_range,false,unclassified,
crossref:10.1086/ahr/31.3.415,10.1086/ahr/31.3.415,1926,1926-04-01,1926-04-01,The Meeting of the American Historical Association at Ann Arbor,31,3,415-442,28,explicit_numeric_range,false,unclassified,J. F. J.
crossref:10.1086/ahr/31.3.443,10.1086/ahr/31.3.443,1926,1926-04-01,1926-04-01,Massachusetts and the Common Law: The Declaration of 1646,31,3,443-453,11,explicit_numeric_range,false,unclassified,Richard B. Morris
crossref:10.1086/ahr/31.3.462,10.1086/ahr/31.3.462,1926,1926-04-01,1926-04-01,Russian-American Relations During the Crimean War,31,3,462-476,15,explicit_numeric_range,false,unclassified,Frank A. Golder
crossref:10.1086/ahr/31.3.484,10.1086/ahr/31.3.484,1926,1926-04-01,1926-04-01,2. Three Manuscripts of Gideon Welles,31,3,484-494,11,explicit_numeric_range,false,unclassified,A. Howard Meneely
crossref:10.1086/ahr/31.3.557,10.1086/ahr/31.3.557,1926,1926-04-01,1926-04-01,Minor Notices,31,3,557-597,41,explicit_numeric_range,false,unclassified,
crossref:10.1086/ahr/31.3.600,10.1086/ahr/31.3.600,1926,1926-04-01,1926-04-01,Historical News,31,3,600-645,46,explicit_numeric_range,false,unclassified,
crossref:10.1086/ahr/31.4.647,10.1086/ahr/31.4.647,1926,1926-07-01,1926-07-01,Good Queen Bess,31,4,647-661,15,explicit_numeric_range,false,unclassified,Conyers Read
crossref:10.1086/ahr/31.4.662,10.1086/ahr/31.4.662,1926,1926-07-01,1926-07-01,The South Sea Company and Contraband Trade,31,4,662-678,17,explicit_numeric_range,false,unclassified,Vera Lee Brown
crossref:10.1086/ahr/31.4.679,10.1086/ahr/31.4.679,1926,1926-07-01,1926-07-01,French Public Opinion on War with Prussia in 1870,31,4,679-700,22,explicit_numeric_range,false,unclassified,E. Malcolm Carroll
crossref:10.1086/ahr/31.4.708,10.1086/ahr/31.4.708,1926,1926-07-01,1926-07-01,"The Background of the Beginnings of Swedish Immigration, 1850–1875",31,4,708-723,16,explicit_numeric_range,false,unclassified,George M. Stephenson
crossref:10.1086/ahr/31.4.732,10.1086/ahr/31.4.732,1926,1926-07-01,1926-07-01,"Commerce between France and the United States, 1783–1784",31,4,732-752,21,explicit_numeric_range,false,unclassified,Henri Sée
crossref:10.1086/ahr/31.4.817,10.1086/ahr/31.4.817,1926,1926-07-01,1926-07-01,Minor Notices,31,4,817-846,30,explicit_numeric_range,false,unclassified,
crossref:10.1086/ahr/31.4.850,10.1086/ahr/31.4.850,1926,1926-07-01,1926-07-01,Historical News,31,4,850-890,41,explicit_numeric_range,false,unclassified,
crossref:10.1086/ahr/31.4.892,10.1086/ahr/31.4.892,1926,1926-07-01,1926-07-01,Index American Historical Review Volume XXXI,31,4,892-926,35,explicit_numeric_range,false,unclassified,
crossref:10.1086/ahr/32.1.10,10.1086/ahr/32.1.10,1926,1926-10-01,1926-10-01,The Origin of the English Towns,32,1,10-21,12,explicit_numeric_range,false,unclassified,Carl Stephenson
crossref:10.1086/ahr/32.1.148,10.1086/ahr/32.1.148,1926,1926-10-01,1926-10-01,Minor Notices,32,1,148-180,33,explicit_numeric_range,false,unclassified,
crossref:10.1086/ahr/32.1.181,10.1086/ahr/32.1.181,1926,1926-10-01,1926-10-01,Historical News,32,1,181-217,37,explicit_numeric_range,false,unclassified,
crossref:10.1086/ahr/32.1.22,10.1086/ahr/32.1.22,1926,1926-10-01,1926-10-01,Retrospective Reviews: Recent British Biographies and Memoirs,32,1,22-33,12,explicit_numeric_range,false,unclassified,Wallace Notestein
crossref:10.1086/ahr/32.1.34,10.1086/ahr/32.1.34,1926,1926-10-01,1926-10-01,“Young America”,32,1,34-55,22,explicit_numeric_range,false,unclassified,M. E. Curti
crossref:10.1086/ahr/32.1.69,10.1086/ahr/32.1.69,1926,1926-10-01,1926-10-01,"Recollections of the War of 1812 by George Hay, Eighth Marquis of Tweeddale",32,1,69-78,10,explicit_numeric_range,false,unclassified,Lewis Einstein
crossref:10.1086/ahr/32.2.219,10.1086/ahr/32.2.219,1927,1927-01-01,1927-01-01,War and History,32,2,219-231,13,explicit_numeric_range,false,unclassified,Dana Carleton Munro
crossref:10.1086/ahr/32.2.241,10.1086/ahr/32.2.241,1927,1927-01-01,1927-01-01,The Alleged Frankish Protectorate in Palestine,32,2,241-261,21,explicit_numeric_range,false,unclassified,Einar Joranson
crossref:10.1086/ahr/32.2.262,10.1086/ahr/32.2.262,1927,1927-01-01,1927-01-01,The Federal Government and Confederate Cotton,32,2,262-275,14,explicit_numeric_range,false,unclassified,A. Sellew Roberts
crossref:10.1086/ahr/32.2.350,10.1086/ahr/32.2.350,1927,1927-01-01,1927-01-01,Minor Notices,32,2,350-377,28,explicit_numeric_range,false,unclassified,
crossref:10.1086/ahr/32.2.380,10.1086/ahr/32.2.380,1927,1927-01-01,1927-01-01,Historical News,32,2,380-427,48,explicit_numeric_range,false,unclassified,
crossref:10.1086/ahr/32.3.429,10.1086/ahr/32.3.429,1927,1927-04-01,1927-04-01,The Meeting of the American Historical Association at Rochester,32,3,429-454,26,explicit_numeric_range,false,unclassified,J. F. J.
crossref:10.1086/ahr/32.3.455,10.1086/ahr/32.3.455,1927,1927-04-01,1927-04-01,The Blight of Pestilence on Early Modern Civilization,32,3,455-474,20,explicit_numeric_range,false,unclassified,Lynn Thorndike
crossref:10.1086/ahr/32.3.475,10.1086/ahr/32.3.475,1927,1927-04-01,1927-04-01,International Calvinism Through Locke and the Revolution of 1688,32,3,475-499,25,explicit_numeric_range,false,unclassified,Herbert D. Foster
crossref:10.1086/ahr/32.3.500,10.1086/ahr/32.3.500,1927,1927-04-01,1927-04-01,The History of American Immigration as a Field for Research,32,3,500-518,19,explicit_numeric_range,false,unclassified,Marcus L. Hansen
crossref:10.1086/ahr/32.3.519,10.1086/ahr/32.3.519,1927,1927-04-01,1927-04-01,The Papers of the American Fur Company: A Brief Estimate of Their Significance,32,3,519-538,20,explicit_numeric_range,false,unclassified,Grace Lee Nute
crossref:10.1086/ahr/32.3.635,10.1086/ahr/32.3.635,1927,1927-04-01,1927-04-01,Minor Notices,32,3,635-674,40,explicit_numeric_range,false,unclassified,
crossref:10.1086/ahr/32.3.676,10.1086/ahr/32.3.676,1927,1927-04-01,1927-04-01,Historical News,32,3,676-717,42,explicit_numeric_range,false,unclassified,
crossref:10.1086/ahr/32.4.719,10.1086/ahr/32.4.719,1927,1927-07-01,1927-07-01,Contributions of Herder to the Doctrine of Nationalism,32,4,719-736,18,explicit_numeric_range,false,unclassified,Carlton J. H. Hayes
crossref:10.1086/ahr/32.4.737,10.1086/ahr/32.4.737,1927,1927-07-01,1927-07-01,Revolutionary Symbolism in the Jacobin Clubs,32,4,737-752,16,explicit_numeric_range,false,unclassified,Crane Brinton
crossref:10.1086/ahr/32.4.753,10.1086/ahr/32.4.753,1927,1927-07-01,1927-07-01,Civilization in Transit,32,4,753-768,16,explicit_numeric_range,false,unclassified,Dixon Ryan Fox
crossref:10.1086/ahr/32.4.769,10.1086/ahr/32.4.769,1927,1927-07-01,1927-07-01,The Free Negro in Mississippi Before the Civil War,32,4,769-788,20,explicit_numeric_range,false,unclassified,Charles S. Sydnor
crossref:10.1086/ahr/32.4.801,10.1086/ahr/32.4.801,1927,1927-07-01,1927-07-01,"Despatches from the United States Consulate in New Orleans, 1801–1803, I",32,4,801-824,24,explicit_numeric_range,false,unclassified,
crossref:10.1086/ahr/32.4.906,10.1086/ahr/32.4.906,1927,1927-07-01,1927-07-01,Minor Notices,32,4,906-941,36,explicit_numeric_range,false,unclassified,
crossref:10.1086/ahr/32.4.947,10.1086/ahr/32.4.947,1927,1927-07-01,1927-07-01,Historical News,32,4,947-990,44,explicit_numeric_range,false,unclassified,
crossref:10.1086/ahr/32.4.992,10.1086/ahr/32.4.992,1927,1927-07-01,1927-07-01,Index,32,4,992-1026,35,explicit_numeric_range,false,unclassified,
crossref:10.1086/ahr/33.1.1,10.1086/ahr/33.1.1,1927,1927-10-01,1927-10-01,Productivity of Doctors of Philosophy in History,33,1,1-22,22,explicit_numeric_range,false,unclassified,Marcus W. Jernegan
crossref:10.1086/ahr/33.1.169,10.1086/ahr/33.1.169,1927,1927-10-01,1927-10-01,Minor Notices,33,1,169-205,37,explicit_numeric_range,false,unclassified,
crossref:10.1086/ahr/33.1.206,10.1086/ahr/33.1.206,1927,1927-10-01,1927-10-01,Historical News,33,1,206-245,40,explicit_numeric_range,false,unclassified,
crossref:10.1086/ahr/33.1.23,10.1086/ahr/33.1.23,1927,1927-10-01,1927-10-01,Lord George Germain in Office; 1775–1782,33,1,23-43,21,explicit_numeric_range,false,unclassified,George H. Guttridge
crossref:10.1086/ahr/33.1.44,10.1086/ahr/33.1.44,1927,1927-10-01,1927-10-01,"American Interest in the Greek Cause, 1821–1827",33,1,44-63,20,explicit_numeric_range,false,unclassified,Edward Mead Earle
crossref:10.1086/ahr/33.1.64,10.1086/ahr/33.1.64,1927,1927-10-01,1927-10-01,Andrew Jackson and the Rise of Southwestern Democracy,33,1,64-77,14,explicit_numeric_range,false,unclassified,Thomas P. Abernethy
crossref:10.1086/ahr/33.2.247,10.1086/ahr/33.2.247,1928,1928-01-01,1928-01-01,A Layman's View of History,33,2,247-256,10,explicit_numeric_range,false,unclassified,Henry Osborn Taylor
crossref:10.1086/ahr/33.2.257,10.1086/ahr/33.2.257,1928,1928-01-01,1928-01-01,Social Psychology as Liaison Between History and Sociology,33,2,257-277,21,explicit_numeric_range,false,unclassified,Edwin E. Aubrey
crossref:10.1086/ahr/33.2.278,10.1086/ahr/33.2.278,1928,1928-01-01,1928-01-01,"German Foreign Policy, 1904–1906",33,2,278-301,24,explicit_numeric_range,false,unclassified,Raymond J. Sontag
crossref:10.1086/ahr/33.2.302,10.1086/ahr/33.2.302,1928,1928-01-01,1928-01-01,The Agricultural Reformers of the Ante-Bellum South,33,2,302-314,13,explicit_numeric_range,false,unclassified,Avery O. Craven
crossref:10.1086/ahr/33.2.331,10.1086/ahr/33.2.331,1928,1928-01-01,1928-01-01,"Despatches from the United States Consulate in New Orleans, 1801–1803, II",33,2,331-359,29,explicit_numeric_range,false,unclassified,Daniel Clark
crossref:10.1086/ahr/33.2.424,10.1086/ahr/33.2.424,1928,1928-01-01,1928-01-01,Minor Notices,33,2,424-455,32,explicit_numeric_range,false,unclassified,
crossref:10.1086/ahr/33.2.462,10.1086/ahr/33.2.462,1928,1928-01-01,1928-01-01,Historical News,33,2,462-515,54,explicit_numeric_range,false,unclassified,
crossref:10.1086/ahr/33.3.517,10.1086/ahr/33.3.517,1928,1928-04-01,1928-04-01,The Meeting of the American Historical Association at Washington,33,3,517-543,27,explicit_numeric_range,false,unclassified,
crossref:10.1086/ahr/33.3.553,10.1086/ahr/33.3.553,1928,1928-04-01,1928-04-01,Consular Service in the Reign of Charles II,33,3,553-578,26,explicit_numeric_range,false,unclassified,Violet Barbour
crossref:10.1086/ahr/33.3.579,10.1086/ahr/33.3.579,1928,1928-04-01,1928-04-01,The Irish Migration of the 'Forties,33,3,579-592,14,explicit_numeric_range,false,unclassified,Frances Morehouse
crossref:10.1086/ahr/33.3.599,10.1086/ahr/33.3.599,1928,1928-04-01,1928-04-01,"Letters of a West Pointer, 1860–1861",33,3,599-617,19,explicit_numeric_range,false,unclassified,
crossref:10.1086/ahr/33.3.678,10.1086/ahr/33.3.678,1928,1928-04-01,1928-04-01,Minor Notices,33,3,678-709,32,explicit_numeric_range,false,unclassified,
crossref:10.1086/ahr/33.3.711,10.1086/ahr/33.3.711,1928,1928-04-01,1928-04-01,Historical News,33,3,711-757,47,explicit_numeric_range,false,unclassified,
crossref:10.1086/ahr/33.4.759,10.1086/ahr/33.4.759,1928,1928-07-01,1928-07-01,The Historical Results of Recent Exploration in Palestine and Iraq,33,4,759-783,25,explicit_numeric_range,false,unclassified,George A. Barton
crossref:10.1086/ahr/33.4.784,10.1086/ahr/33.4.784,1928,1928-07-01,1928-07-01,The Memoirs and the Letters of Madame Roland,33,4,784-803,20,explicit_numeric_range,false,unclassified,Carl Becker
crossref:10.1086/ahr/33.4.804,10.1086/ahr/33.4.804,1928,1928-07-01,1928-07-01,The Slave Trade into South Carolina Before the Revolution,33,4,804-828,25,explicit_numeric_range,false,unclassified,Elizabeth Donnan
crossref:10.1086/ahr/33.4.901,10.1086/ahr/33.4.901,1928,1928-07-01,1928-07-01,Minor Notices,33,4,901-930,30,explicit_numeric_range,false,unclassified,
crossref:10.1086/ahr/33.4.933,10.1086/ahr/33.4.933,1928,1928-07-01,1928-07-01,Historical News,33,4,933-972,40,explicit_numeric_range,false,unclassified,
crossref:10.1086/ahr/33.4.974,10.1086/ahr/33.4.974,1928,1928-07-01,1928-07-01,Index,33,4,974-1007,34,explicit_numeric_range,false,unclassified,
crossref:10.1086/ahr/34.1.149,10.1086/ahr/34.1.149,1928,1928-10-01,1928-10-01,Minor Notices,34,1,149-166,18,explicit_numeric_range,false,unclassified,
crossref:10.1086/ahr/34.1.169,10.1086/ahr/34.1.169,1928,1928-10-01,1928-10-01,Historical News,34,1,169-213,45,explicit_numeric_range,false,unclassified,
crossref:10.1086/ahr/34.1.30,10.1086/ahr/34.1.30,1928,1928-10-01,1928-10-01,The Central Theme of Southern History,34,1,30-43,14,explicit_numeric_range,false,unclassified,Ulrich B. Phillips
crossref:10.1086/ahr/34.1.55,10.1086/ahr/34.1.55,1928,1928-10-01,1928-10-01,"1. Diary of José Bernardo Gutierrez de Lara, 1811–1812, I",34,1,55-77,23,explicit_numeric_range,false,unclassified,Elizabeth Howard West | José Álvarez de Toledo
crossref:10.1086/ahr/34.1.77,10.1086/ahr/34.1.77,1928,1928-10-01,1928-10-01,"2. Papers relating to Belligerent and Neutral Rights, 1861–1865",34,1,77-91,15,explicit_numeric_range,false,unclassified,James P. Baxter
crossref:10.1086/ahr/34.1.9,10.1086/ahr/34.1.9,1928,1928-10-01,1928-10-01,"The British Government and Neutral Rights, 1861–1865",34,1,9-29,21,explicit_numeric_range,false,unclassified,James P. Baxter
crossref:10.1086/ahr/34.2.215,10.1086/ahr/34.2.215,1929,1929-01-01,1929-01-01,The New Crusade,34,2,215-236,22,explicit_numeric_range,false,unclassified,James Henry Breasted
crossref:10.1086/ahr/34.2.237,10.1086/ahr/34.2.237,1929,1929-01-01,1929-01-01,The Pact of Osborne a Controversial Episode in the Making of Rumania,34,2,237-249,13,explicit_numeric_range,false,unclassified,T. W. Riker
crossref:10.1086/ahr/34.2.250,10.1086/ahr/34.2.250,1929,1929-01-01,1929-01-01,The Economic Background of the Liberty Party,34,2,250-264,15,explicit_numeric_range,false,unclassified,Julian P. Bretz
crossref:10.1086/ahr/34.2.281,10.1086/ahr/34.2.281,1929,1929-01-01,1929-01-01,"Diary of José Bernardo Gutiérrez de Lara, 1811–1812, II",34,2,281-294,14,explicit_numeric_range,false,unclassified,
crossref:10.1086/ahr/34.2.376,10.1086/ahr/34.2.376,1929,1929-01-01,1929-01-01,Minor Notices,34,2,376-406,31,explicit_numeric_range,false,unclassified,
crossref:10.1086/ahr/34.2.407,10.1086/ahr/34.2.407,1929,1929-01-01,1929-01-01,Historical News,34,2,407-453,47,explicit_numeric_range,false,unclassified,
crossref:10.1086/ahr/34.3.455,10.1086/ahr/34.3.455,1929,1929-04-01,1929-04-01,The Meeting of the American Historical Association at Indianapolis,34,3,455-484,30,explicit_numeric_range,false,unclassified,Dexter Perkins
crossref:10.1086/ahr/34.3.485,10.1086/ahr/34.3.485,1929,1929-04-01,1929-04-01,The Present State of Studies on the English Exchequer in the Middle Ages,34,3,485-512,28,explicit_numeric_range,false,unclassified,Anthony B. Steel
crossref:10.1086/ahr/34.3.513,10.1086/ahr/34.3.513,1929,1929-04-01,1929-04-01,"British Public Opinion of the Peace with America, 1782",34,3,513-531,19,explicit_numeric_range,false,unclassified,Eunice Wead
crossref:10.1086/ahr/34.3.536,10.1086/ahr/34.3.536,1929,1929-04-01,1929-04-01,Some Letters of Salmon P. Chase 1848–1865,34,3,536-555,20,explicit_numeric_range,false,unclassified,Annie A. Nunns
crossref:10.1086/ahr/34.3.633,10.1086/ahr/34.3.633,1929,1929-04-01,1929-04-01,Minor Notices,34,3,633-668,36,explicit_numeric_range,false,unclassified,
crossref:10.1086/ahr/34.3.670,10.1086/ahr/34.3.670,1929,1929-04-01,1929-04-01,Historical News,34,3,670-713,44,explicit_numeric_range,false,unclassified,
crossref:10.1086/ahr/34.4.715,10.1086/ahr/34.4.715,1929,1929-07-01,1929-07-01,What Chinese Historians are Doing in Their Own History,34,4,715-724,10,explicit_numeric_range,false,unclassified,Arthur W. Hummel
crossref:10.1086/ahr/34.4.725,10.1086/ahr/34.4.725,1929,1929-07-01,1929-07-01,English Manorial Forms,34,4,725-739,15,explicit_numeric_range,false,unclassified,N. Neilson
crossref:10.1086/ahr/34.4.740,10.1086/ahr/34.4.740,1929,1929-07-01,1929-07-01,The Membership of the Jacobin Clubs,34,4,740-756,17,explicit_numeric_range,false,unclassified,Crane Brinton
crossref:10.1086/ahr/34.4.757,10.1086/ahr/34.4.757,1929,1929-07-01,1929-07-01,The Fate of Calhoun's Sovereign Convention in South Carolina,34,4,757-771,15,explicit_numeric_range,false,unclassified,Laura A. White
crossref:10.1086/ahr/34.4.864,10.1086/ahr/34.4.864,1929,1929-07-01,1929-07-01,Minor Notices,34,4,864-896,33,explicit_numeric_range,false,unclassified,
crossref:10.1086/ahr/34.4.897,10.1086/ahr/34.4.897,1929,1929-07-01,1929-07-01,Historical News,34,4,897-947,51,explicit_numeric_range,false,unclassified,
crossref:10.1086/ahr/34.4.949,10.1086/ahr/34.4.949,1929,1929-07-01,1929-07-01,American Historical Review Volume XXXIV,34,4,949-981,33,explicit_numeric_range,false,unclassified,
crossref:10.1086/ahr/35.1.1,10.1086/ahr/35.1.1,1929,1929-10-01,1929-10-01,The Interrelation of Social and Constitutional History,35,1,1-13,13,explicit_numeric_range,false,unclassified,J. G. Randall
crossref:10.1086/ahr/35.1.14,10.1086/ahr/35.1.14,1929,1929-10-01,1929-10-01,New Historical Documents in Greek and Roman History,35,1,14-32,19,explicit_numeric_range,false,unclassified,William Linn Westermann
crossref:10.1086/ahr/35.1.149,10.1086/ahr/35.1.149,1929,1929-10-01,1929-10-01,Minor Notices,35,1,149-187,39,explicit_numeric_range,false,unclassified,
crossref:10.1086/ahr/35.1.188,10.1086/ahr/35.1.188,1929,1929-10-01,1929-10-01,Historical News,35,1,188-243,56,explicit_numeric_range,false,unclassified,
crossref:10.1086/ahr/35.1.33,10.1086/ahr/35.1.33,1929,1929-10-01,1929-10-01,Football in Medieval England and in Middle-English Literature,35,1,33-45,13,explicit_numeric_range,false,unclassified,F. P. Magoun
crossref:10.1086/ahr/35.1.46,10.1086/ahr/35.1.46,1929,1929-10-01,1929-10-01,"Aspects of Revolutionary Finance, 1775–1783",35,1,46-68,23,explicit_numeric_range,false,unclassified,Ralph Volney Harlow
crossref:10.1086/ahr/35.2.245,10.1086/ahr/35.2.245,1930,1930-01-01,1930-01-01,The Newer ways of Historians,35,2,245-255,11,explicit_numeric_range,false,unclassified,James Harvey Robinson
crossref:10.1086/ahr/35.2.256,10.1086/ahr/35.2.256,1930,1930-01-01,1930-01-01,A Synthetic Principle in American Social History,35,2,256-266,11,explicit_numeric_range,false,unclassified,Dixon Ryan Fox
crossref:10.1086/ahr/35.2.276,10.1086/ahr/35.2.276,1930,1930-01-01,1930-01-01,The Tariff and Reconstruction,35,2,276-294,19,explicit_numeric_range,false,unclassified,Howard K. Beale
crossref:10.1086/ahr/35.2.295,10.1086/ahr/35.2.295,1930,1930-01-01,1930-01-01,The Early Biographers of George Rogers Clark,35,2,295-307,13,explicit_numeric_range,false,unclassified,Louise Phelps Kellogg
crossref:10.1086/ahr/35.2.386,10.1086/ahr/35.2.386,1930,1930-01-01,1930-01-01,Shorter Notices,35,2,386-429,44,explicit_numeric_range,false,unclassified,
crossref:10.1086/ahr/35.2.430,10.1086/ahr/35.2.430,1930,1930-01-01,1930-01-01,Historical News,35,2,430-479,50,explicit_numeric_range,false,unclassified,S. B. F.
crossref:10.1086/ahr/35.3.481,10.1086/ahr/35.3.481,1930,1930-04-01,1930-04-01,North Carolina Meeting of the American Historical Association,35,3,481-506,26,explicit_numeric_range,false,unclassified,
crossref:10.1086/ahr/35.3.507,10.1086/ahr/35.3.507,1930,1930-04-01,1930-04-01,Pierre Dubois: Modern or Medieval?,35,3,507-521,15,explicit_numeric_range,false,unclassified,Walther I. Brandt
crossref:10.1086/ahr/35.3.522,10.1086/ahr/35.3.522,1930,1930-04-01,1930-04-01,British Labor and the War-Time Coalitions,35,3,522-541,20,explicit_numeric_range,false,unclassified,Carl F. Brand
crossref:10.1086/ahr/35.3.542,10.1086/ahr/35.3.542,1930,1930-04-01,1930-04-01,Responsibility for the Failure of the Burgoyne Campaign,35,3,542-559,18,explicit_numeric_range,false,unclassified,Jane Clark
crossref:10.1086/ahr/35.3.560,10.1086/ahr/35.3.560,1930,1930-04-01,1930-04-01,The Fame of Sir Edward Stafford,35,3,560-574,15,explicit_numeric_range,false,unclassified,Conyers Read
crossref:10.1086/ahr/35.3.647,10.1086/ahr/35.3.647,1930,1930-04-01,1930-04-01,Shorter Notices,35,3,647-688,42,explicit_numeric_range,false,unclassified,
crossref:10.1086/ahr/35.3.689,10.1086/ahr/35.3.689,1930,1930-04-01,1930-04-01,Historical News,35,3,689-734,46,explicit_numeric_range,false,unclassified,
crossref:10.1086/ahr/35.4.735,10.1086/ahr/35.4.735,1930,1930-07-01,1930-07-01,The Stamp Act in British Politics,35,4,735-757,23,explicit_numeric_range,false,unclassified,William T. Laprade
crossref:10.1086/ahr/35.4.758,10.1086/ahr/35.4.758,1930,1930-07-01,1930-07-01,"General Robert E. Lee's Horse Supply, 1862–1865",35,4,758-777,20,explicit_numeric_range,false,unclassified,Charles W. Ramsdell
crossref:10.1086/ahr/35.4.778,10.1086/ahr/35.4.778,1930,1930-07-01,1930-07-01,Chinese Historical Studies During the Past Nine Years,35,4,778-797,20,explicit_numeric_range,false,unclassified,Kenneth Scott Latourette
crossref:10.1086/ahr/35.4.798,10.1086/ahr/35.4.798,1930,1930-07-01,1930-07-01,"The Conference at Bayonne, 1565",35,4,798-810,13,explicit_numeric_range,false,unclassified,John M. Potter
crossref:10.1086/ahr/35.4.811,10.1086/ahr/35.4.811,1930,1930-07-01,1930-07-01,The London Expenditures of the Confederate Secret Service,35,4,811-824,14,explicit_numeric_range,false,unclassified,J. F. Jameson
crossref:10.1086/ahr/35.4.901,10.1086/ahr/35.4.901,1930,1930-07-01,1930-07-01,Shorter Notices,35,4,901-934,34,explicit_numeric_range,false,unclassified,
crossref:10.1086/ahr/35.4.939,10.1086/ahr/35.4.939,1930,1930-07-01,1930-07-01,Historical News,35,4,939-989,51,explicit_numeric_range,false,unclassified,
crossref:10.1086/ahr/35.4.990,10.1086/ahr/35.4.990,1930,1930-07-01,1930-07-01,Index American Historical Review Volume XXXV,35,4,990-1023,34,explicit_numeric_range,false,unclassified,
crossref:10.1086/ahr/36.1.1,10.1086/ahr/36.1.1,1930,1930-10-01,1930-10-01,Pensylvanie: L'Age d'Or,36,1,1-16,16,explicit_numeric_range,false,unclassified,Edith Philips
crossref:10.1086/ahr/36.1.17,10.1086/ahr/36.1.17,1930,1930-10-01,1930-10-01,A New Madison Manuscript Relating to the Federal Convention of 1787,36,1,17-30,14,explicit_numeric_range,false,unclassified,Charles Roy Keller | George Wilson Pierson
crossref:10.1086/ahr/36.1.182,10.1086/ahr/36.1.182,1930,1930-10-01,1930-10-01,Shorter Notices,36,1,182-214,33,explicit_numeric_range,false,unclassified,
crossref:10.1086/ahr/36.1.215,10.1086/ahr/36.1.215,1930,1930-10-01,1930-10-01,Historical News,36,1,215-256,42,explicit_numeric_range,false,unclassified,
crossref:10.1086/ahr/36.1.31,10.1086/ahr/36.1.31,1930,1930-10-01,1930-10-01,Economic ideas and Facts in the Early Period of the Risorgimento (1815–1848),36,1,31-43,13,explicit_numeric_range,false,unclassified,Kent Roberts Greenfield
crossref:10.1086/ahr/36.1.44,10.1086/ahr/36.1.44,1930,1930-10-01,1930-10-01,The Rehabilitation of a Rural Commonwealth,36,1,44-62,19,explicit_numeric_range,false,unclassified,R. D. W. Connor
crossref:10.1086/ahr/36.1.63,10.1086/ahr/36.1.63,1930,1930-10-01,1930-10-01,The Battle Abbey Records in the Huntington Library,36,1,63-75,13,explicit_numeric_range,false,unclassified,John Martin Vincent
crossref:10.1086/ahr/36.1.76,10.1086/ahr/36.1.76,1930,1930-10-01,1930-10-01,"Tariff Strategy and Propaganda in the United States, 1887–1888",36,1,76-96,21,explicit_numeric_range,false,unclassified,A. T. Volwiler
crossref:10.1086/ahr/36.2.257,10.1086/ahr/36.2.257,1931,1931-01-01,1931-01-01,Persistent Problems of Church and State,36,2,257-273,17,explicit_numeric_range,false,unclassified,Evarts B. Greene
crossref:10.1086/ahr/36.2.274,10.1086/ahr/36.2.274,1931,1931-01-01,1931-01-01,"The Earl of Salisbury and the “Court” Party in Parliament, 1604–1610",36,2,274-294,21,explicit_numeric_range,false,unclassified,David Harris Willson
crossref:10.1086/ahr/36.2.295,10.1086/ahr/36.2.295,1931,1931-01-01,1931-01-01,Barère in the Constituent Assembly,36,2,295-313,19,explicit_numeric_range,false,unclassified,Leo Gershoy
crossref:10.1086/ahr/36.2.314,10.1086/ahr/36.2.314,1931,1931-01-01,1931-01-01,Southern Nationalism in South Carolina in 1851,36,2,314-335,22,explicit_numeric_range,false,unclassified,N. W. Stephenson
crossref:10.1086/ahr/36.2.336,10.1086/ahr/36.2.336,1931,1931-01-01,1931-01-01,1. Virginia and the Alien and Sedition Laws,36,2,336-349,14,explicit_numeric_range,false,unclassified,Philip G. Davidson
crossref:10.1086/ahr/36.2.350,10.1086/ahr/36.2.350,1931,1931-01-01,1931-01-01,William Shirley to Samuel Waldo,36,2,350-360,11,explicit_numeric_range,false,unclassified,Amelia C. Ford
crossref:10.1086/ahr/36.2.419,10.1086/ahr/36.2.419,1931,1931-01-01,1931-01-01,Shorter Notices,36,2,419-458,40,explicit_numeric_range,false,unclassified,
crossref:10.1086/ahr/36.2.459,10.1086/ahr/36.2.459,1931,1931-01-01,1931-01-01,Historical News,36,2,459-494,36,explicit_numeric_range,false,unclassified,
crossref:10.1086/ahr/36.3.495,10.1086/ahr/36.3.495,1931,1931-04-01,1931-04-01,Boston Meeting of the American Historical Association,36,3,495-514,20,explicit_numeric_range,false,unclassified,
crossref:10.1086/ahr/36.3.515,10.1086/ahr/36.3.515,1931,1931-04-01,1931-04-01,Making the Revolutionary Calendar,36,3,515-532,18,explicit_numeric_range,false,unclassified,George Gordon Andrews
crossref:10.1086/ahr/36.3.533,10.1086/ahr/36.3.533,1931,1931-04-01,1931-04-01,"The Famine Immigration to Canada, 1847",36,3,533-549,17,explicit_numeric_range,false,unclassified,Gilbert Tucker
crossref:10.1086/ahr/36.3.550,10.1086/ahr/36.3.550,1931,1931-04-01,1931-04-01,Lincoln's First Inaugural Address,36,3,550-560,11,explicit_numeric_range,false,unclassified,Jay B. Hubbell
crossref:10.1086/ahr/36.3.561,10.1086/ahr/36.3.561,1931,1931-04-01,1931-04-01,Lafayette as Commercial Expert,36,3,561-570,10,explicit_numeric_range,false,unclassified,Louis R. Gottschalk
crossref:10.1086/ahr/36.3.628,10.1086/ahr/36.3.628,1931,1931-04-01,1931-04-01,Shorter Notices,36,3,628-659,32,explicit_numeric_range,false,unclassified,
crossref:10.1086/ahr/36.3.660,10.1086/ahr/36.3.660,1931,1931-04-01,1931-04-01,Historical News,36,3,660-700,41,explicit_numeric_range,false,unclassified,
crossref:10.1086/ahr/36.4.701,10.1086/ahr/36.4.701,1931,1931-07-01,1931-07-01,The Diplomacy of the Louisiana Cession,36,4,701-720,20,explicit_numeric_range,false,unclassified,Arthur S. Aiton
crossref:10.1086/ahr/36.4.721,10.1086/ahr/36.4.721,1931,1931-07-01,1931-07-01,Connecticut Taxation and Parliamentary Aid Preceding the Revolutionary War,36,4,721-739,19,explicit_numeric_range,false,unclassified,Lawrence H. Gipson
crossref:10.1086/ahr/36.4.740,10.1086/ahr/36.4.740,1931,1931-07-01,1931-07-01,Lincoln's Election an Immediate Menace to Slavery in the States?,36,4,740-767,28,explicit_numeric_range,false,unclassified,Arthur C. Cole
crossref:10.1086/ahr/36.4.850,10.1086/ahr/36.4.850,1931,1931-07-01,1931-07-01,Shorter Notices,36,4,850-871,22,explicit_numeric_range,false,unclassified,
crossref:10.1086/ahr/36.4.872,10.1086/ahr/36.4.872,1931,1931-07-01,1931-07-01,Historical News,36,4,872-913,42,explicit_numeric_range,false,unclassified,G. C. Boyce | T. R. S. Broughton | E. C. Burnett | E. N. Curtis | J. F. Jameson | L. M. Larson | D. C. Munro | J. W. Oliver | W. S. Robertson
crossref:10.1086/ahr/36.4.914,10.1086/ahr/36.4.914,1931,1931-07-01,1931-07-01,Index American Historical Review Volume XXXVI,36,4,914-952,39,explicit_numeric_range,false,unclassified,
crossref:10.1086/ahr/37.1.1,10.1086/ahr/37.1.1,1931,1931-10-01,1931-10-01,"Scottish Popular Football, 1424–1815",37,1,1-13,13,explicit_numeric_range,false,unclassified,Francis P. Magoun
crossref:10.1086/ahr/37.1.14,10.1086/ahr/37.1.14,1931,1931-10-01,1931-10-01,The Dissolution of the London Company for Virginia,37,1,14-24,11,explicit_numeric_range,false,unclassified,Wesley Frank Craven
crossref:10.1086/ahr/37.1.146,10.1086/ahr/37.1.146,1931,1931-10-01,1931-10-01,Shorter Notices,37,1,146-180,35,explicit_numeric_range,false,unclassified,
crossref:10.1086/ahr/37.1.181,10.1086/ahr/37.1.181,1931,1931-10-01,1931-10-01,Historical News,37,1,181-220,40,explicit_numeric_range,false,unclassified,G. C. Boyce | T. R. S. Broughton | E. C. Burnett | E. N. Curtis | F. C. Dietz | Alfred Hasbrouck | J. F. Jameson | L. M. Larson | J. M. Vincent
crossref:10.1086/ahr/37.1.25,10.1086/ahr/37.1.25,1931,1931-10-01,1931-10-01,A View of Cornwallis's Surrender at Yorktown,37,1,25-49,25,explicit_numeric_range,false,unclassified,Randolph G. Adams
crossref:10.1086/ahr/37.1.50,10.1086/ahr/37.1.50,1931,1931-10-01,1931-10-01,Prohibition in the Confederacy,37,1,50-64,15,explicit_numeric_range,false,unclassified,William M. Robinson
crossref:10.1086/ahr/37.1.65,10.1086/ahr/37.1.65,1931,1931-10-01,1931-10-01,Journal of a Journey to the Westward,37,1,65-88,24,explicit_numeric_range,false,unclassified,Peter S. McGuire
crossref:10.1086/ahr/37.2.221,10.1086/ahr/37.2.221,1932,1932-01-01,1932-01-01,Everyman His Own Historian,37,2,221-236,16,explicit_numeric_range,false,unclassified,Carl Becker
crossref:10.1086/ahr/37.2.237,10.1086/ahr/37.2.237,1932,1932-01-01,1932-01-01,The Expedition of Baron de Pointis Against Cartagena,37,2,237-254,18,explicit_numeric_range,false,unclassified,William Thomas Morgan
crossref:10.1086/ahr/37.2.255,10.1086/ahr/37.2.255,1932,1932-01-01,1932-01-01,Learned Societies in Europe and America in the Eighteenth Century,37,2,255-266,12,explicit_numeric_range,false,unclassified,Bernard Faÿ
crossref:10.1086/ahr/37.2.267,10.1086/ahr/37.2.267,1932,1932-01-01,1932-01-01,The Authorship of a Discourse about Civil Government in a New Plantation Whose Design is Religion,37,2,267-279,13,explicit_numeric_range,false,unclassified,Isabel M. Calder
crossref:10.1086/ahr/37.2.361,10.1086/ahr/37.2.361,1932,1932-01-01,1932-01-01,Shorter Notices,37,2,361-390,30,explicit_numeric_range,false,unclassified,
crossref:10.1086/ahr/37.2.391,10.1086/ahr/37.2.391,1932,1932-01-01,1932-01-01,Historical News,37,2,391-428,38,explicit_numeric_range,false,unclassified,G. F. Andrews | G. C. Boyce | T. R. S. Broughton | E. C. Burnett | E. N. Curtis | C. L. Grose | Alfred Hasbrouck | J. F. Jameson | L. W. Labaree | C. O. Paullin
crossref:10.1086/ahr/37.3.429,10.1086/ahr/37.3.429,1932,1932-04-01,1932-04-01,Minneapolis Meeting American Historical Association,37,3,429-450,22,explicit_numeric_range,false,unclassified,
crossref:10.1086/ahr/37.3.451,10.1086/ahr/37.3.451,1932,1932-04-01,1932-04-01,The French Commune and the English Borough,37,3,451-467,17,explicit_numeric_range,false,unclassified,Carl Stephenson
crossref:10.1086/ahr/37.3.468,10.1086/ahr/37.3.468,1932,1932-04-01,1932-04-01,The Rise of the Ottoman Turks and its Historical Background,37,3,468-505,38,explicit_numeric_range,false,unclassified,William L. Langer | Robert P. Blake
crossref:10.1086/ahr/37.3.516,10.1086/ahr/37.3.516,1932,1932-04-01,1932-04-01,Dr. Channing and the Creole Case,37,3,516-525,10,explicit_numeric_range,false,unclassified,Granville Hicks
crossref:10.1086/ahr/37.3.577,10.1086/ahr/37.3.577,1932,1932-04-01,1932-04-01,Shorter Notices,37,3,577-614,38,explicit_numeric_range,false,unclassified,
crossref:10.1086/ahr/37.3.615,10.1086/ahr/37.3.615,1932,1932-04-01,1932-04-01,Historical News,37,3,615-652,38,explicit_numeric_range,false,unclassified,G. F. Andrews | G. C. Boyce | T. R. S. Broughton | E. C. Burnett | E. N. Curtis | S. B. Fay | Alfred Hasbrouck | J. F. Jameson | S. M. Pargellis | C. O. Paullin | J. A. Wilson
crossref:10.1086/ahr/37.4.653,10.1086/ahr/37.4.653,1932,1932-07-01,1932-07-01,British Party Politics and the Oregon Treaty,37,4,653-677,25,explicit_numeric_range,false,unclassified,Frederick Merk
crossref:10.1086/ahr/37.4.678,10.1086/ahr/37.4.678,1932,1932-07-01,1932-07-01,Reform Periodicals and Female Reformers 1830–1860,37,4,678-699,22,explicit_numeric_range,false,unclassified,Bertha-Monica Stearns
crossref:10.1086/ahr/37.4.700,10.1086/ahr/37.4.700,1932,1932-07-01,1932-07-01,Lincoln's Election an Immediate Menace to Slavery in the States?,37,4,700-711,12,explicit_numeric_range,false,unclassified,J. G. de Roulhac Hamilton
crossref:10.1086/ahr/37.4.787,10.1086/ahr/37.4.787,1932,1932-07-01,1932-07-01,Shorter Notices,37,4,787-816,30,explicit_numeric_range,false,unclassified,
crossref:10.1086/ahr/37.4.820,10.1086/ahr/37.4.820,1932,1932-07-01,1932-07-01,Historical News,37,4,820-866,47,explicit_numeric_range,false,unclassified,T. P. Abernethy | R. G. Adams | C. M. Andrews | S. F. Bemis | T. C. Biegen | G. C. Boyce | T. R. S. Broughton | E. C. Burnett | C. P. Cheyney | E. M. Curtis | Alfred Hasbrouck | L. M. Larson | Frederick Merk | C. O. Paullin
crossref:10.1086/ahr/37.4.867,10.1086/ahr/37.4.867,1932,1932-07-01,1932-07-01,Index,37,4,867-900,34,explicit_numeric_range,false,unclassified,
crossref:10.1086/ahr/38.1.1,10.1086/ahr/38.1.1,1932,1932-10-01,1932-10-01,Garibaldi's American Contacts and His Claims to American Citizenship,38,1,1-19,19,explicit_numeric_range,false,unclassified,H. Nelson Gay
crossref:10.1086/ahr/38.1.142,10.1086/ahr/38.1.142,1932,1932-10-01,1932-10-01,Shorter Notices,38,1,142-176,35,explicit_numeric_range,false,unclassified,
crossref:10.1086/ahr/38.1.179,10.1086/ahr/38.1.179,1932,1932-10-01,1932-10-01,Historical News,38,1,179-218,40,explicit_numeric_range,false,unclassified,G. C. Boyce | T. R. S. Broughton | E. C. Burnett | E. N. Curtis | Alfred Hasbrouck | Albert Hyma | W. T. Laprade | L. M. Larson | Catherine P. Mitchell | G. C. Sellery
crossref:10.1086/ahr/38.1.20,10.1086/ahr/38.1.20,1932,1932-10-01,1932-10-01,"The Anglo-Saxon Press in Mexico, 1846–1848",38,1,20-31,12,explicit_numeric_range,false,unclassified,Lota M. Spell
crossref:10.1086/ahr/38.1.32,10.1086/ahr/38.1.32,1932,1932-10-01,1932-10-01,Gerrit Smith and the John Brown Raid,38,1,32-60,29,explicit_numeric_range,false,unclassified,Ralph Volney Harlow
crossref:10.1086/ahr/38.1.61,10.1086/ahr/38.1.61,1932,1932-10-01,1932-10-01,Documents Available for Research on the Modern History of China,38,1,61-73,13,explicit_numeric_range,false,unclassified,Cyrus H. Peake
crossref:10.1086/ahr/38.1.74,10.1086/ahr/38.1.74,1932,1932-10-01,1932-10-01,How William James came to be a Naval Historian,38,1,74-85,12,explicit_numeric_range,false,unclassified,Holden Furber
crossref:10.1086/ahr/38.2.219,10.1086/ahr/38.2.219,1933,1933-01-01,1933-01-01,Venetian Shipping During the Commercial Revolution,38,2,219-239,21,explicit_numeric_range,false,unclassified,Frederic Chapin Lane
crossref:10.1086/ahr/38.2.240,10.1086/ahr/38.2.240,1933,1933-01-01,1933-01-01,The English Game Law System,38,2,240-262,23,explicit_numeric_range,false,unclassified,Chester Kirby
crossref:10.1086/ahr/38.2.263,10.1086/ahr/38.2.263,1933,1933-01-01,1933-01-01,The Reaction of British Labor to the Policies of President Wilson During the World War,38,2,263-285,23,explicit_numeric_range,false,unclassified,Carl F. Brand
crossref:10.1086/ahr/38.2.356,10.1086/ahr/38.2.356,1933,1933-01-01,1933-01-01,Shorter Notices,38,2,356-389,34,explicit_numeric_range,false,unclassified,
crossref:10.1086/ahr/38.2.390,10.1086/ahr/38.2.390,1933,1933-01-01,1933-01-01,Historical News,38,2,390-430,41,explicit_numeric_range,false,unclassified,
crossref:10.1086/ahr/38.3.431,10.1086/ahr/38.3.431,1933,1933-04-01,1933-04-01,Toronto Meeting American Historical Association,38,3,431-447,17,explicit_numeric_range,false,unclassified,H. E. B.
crossref:10.1086/ahr/38.3.448,10.1086/ahr/38.3.448,1933,1933-04-01,1933-04-01,The Epic of Greater America,38,3,448-474,27,explicit_numeric_range,false,unclassified,Herbert E. Bolton
crossref:10.1086/ahr/38.3.475,10.1086/ahr/38.3.475,1933,1933-04-01,1933-04-01,The Formation of the New East India Company of Calonne,38,3,475-497,23,explicit_numeric_range,false,unclassified,Frederick L. Nussbaum
crossref:10.1086/ahr/38.3.511,10.1086/ahr/38.3.511,1933,1933-04-01,1933-04-01,The Lyons-Seward Treaty of 1862,38,3,511-525,15,explicit_numeric_range,false,unclassified,A. Taylor Milne
crossref:10.1086/ahr/38.3.581,10.1086/ahr/38.3.581,1933,1933-04-01,1933-04-01,Shorter Notices,38,3,581-610,30,explicit_numeric_range,false,unclassified,
crossref:10.1086/ahr/38.3.612,10.1086/ahr/38.3.612,1933,1933-04-01,1933-04-01,Historical News,38,3,612-658,47,explicit_numeric_range,false,unclassified,
crossref:10.1086/ahr/38.4.659,10.1086/ahr/38.4.659,1933,1933-07-01,1933-07-01,Parliamentary Confirmations of the Great Charter,38,4,659-672,14,explicit_numeric_range,false,unclassified,Faith Thompson
crossref:10.1086/ahr/38.4.673,10.1086/ahr/38.4.673,1933,1933-07-01,1933-07-01,Some Aspects of American State Debts in the Forties,38,4,673-686,14,explicit_numeric_range,false,unclassified,Reginald C. McGrane
crossref:10.1086/ahr/38.4.687,10.1086/ahr/38.4.687,1933,1933-07-01,1933-07-01,The Reaction of American Scientists to Darwinism,38,4,687-701,15,explicit_numeric_range,false,unclassified,Bert James Loewenberg
crossref:10.1086/ahr/38.4.702,10.1086/ahr/38.4.702,1933,1933-07-01,1933-07-01,The Founders of New England,38,4,702-713,12,explicit_numeric_range,false,unclassified,Howard F. Barker
crossref:10.1086/ahr/38.4.783,10.1086/ahr/38.4.783,1933,1933-07-01,1933-07-01,Shorter Notices,38,4,783-807,25,explicit_numeric_range,false,unclassified,
crossref:10.1086/ahr/38.4.808,10.1086/ahr/38.4.808,1933,1933-07-01,1933-07-01,Historical News,38,4,808-856,49,explicit_numeric_range,false,unclassified,
crossref:10.1086/ahr/38.4.857,10.1086/ahr/38.4.857,1933,1933-07-01,1933-07-01,Index American Historical Review Volume XXXVIII,38,4,857-878,22,explicit_numeric_range,false,unclassified,
crossref:10.1086/ahr/39.1.1,10.1086/ahr/39.1.1,1933,1933-10-01,1933-10-01,England and Dunkirk,39,1,1-27,27,explicit_numeric_range,false,unclassified,Clyde L. Grose
crossref:10.1086/ahr/39.1.152,10.1086/ahr/39.1.152,1933,1933-10-01,1933-10-01,Shorter Notices,39,1,152-182,31,explicit_numeric_range,false,unclassified,
crossref:10.1086/ahr/39.1.183,10.1086/ahr/39.1.183,1933,1933-10-01,1933-10-01,Historical News,39,1,183-218,36,explicit_numeric_range,false,unclassified,
crossref:10.1086/ahr/39.1.28,10.1086/ahr/39.1.28,1933,1933-10-01,1933-10-01,"The Depression of 1819–1822, A Social History",39,1,28-47,20,explicit_numeric_range,false,unclassified,Samuel Rezneck
crossref:10.1086/ahr/39.1.48,10.1086/ahr/39.1.48,1933,1933-10-01,1933-10-01,Belgian Neutrality: Its Origin and Interpretation,39,1,48-72,25,explicit_numeric_range,false,unclassified,William E. Lingelbach
crossref:10.1086/ahr/39.2.219,10.1086/ahr/39.2.219,1934,1934-01-01,1934-01-01,Written History as an Act of Faith,39,2,219-231,13,explicit_numeric_range,false,unclassified,Charles A. Beard
crossref:10.1086/ahr/39.2.232,10.1086/ahr/39.2.232,1934,1934-01-01,1934-01-01,The Transportation of Convicts to the American Colonies in the Seventeenth Century,39,2,232-249,18,explicit_numeric_range,false,unclassified,Abbot Emerson Smith
crossref:10.1086/ahr/39.2.250,10.1086/ahr/39.2.250,1934,1934-01-01,1934-01-01,Washington's Farewell Address: A Foreign Policy of Independence,39,2,250-268,19,explicit_numeric_range,false,unclassified,Samuel Flagg Bemis
crossref:10.1086/ahr/39.2.269,10.1086/ahr/39.2.269,1934,1934-01-01,1934-01-01,"Seventh International Congress of Historical Sciences Warsaw, August 21–28, 1933",39,2,269-283,15,explicit_numeric_range,false,unclassified,Fred Morrow Fling
crossref:10.1086/ahr/39.2.284,10.1086/ahr/39.2.284,1934,1934-01-01,1934-01-01,Federal Generals and a Good Press,39,2,284-297,14,explicit_numeric_range,false,unclassified,
crossref:10.1086/ahr/39.2.354,10.1086/ahr/39.2.354,1934,1934-01-01,1934-01-01,Shorter Notices,39,2,354-385,32,explicit_numeric_range,false,unclassified,
crossref:10.1086/ahr/39.2.386,10.1086/ahr/39.2.386,1934,1934-01-01,1934-01-01,Historical News,39,2,386-422,37,explicit_numeric_range,false,unclassified,
crossref:10.1086/ahr/39.3.423,10.1086/ahr/39.3.423,1934,1934-04-01,1934-04-01,Urbana Meeting American Historical Association,39,3,423-441,19,explicit_numeric_range,false,unclassified,H. E. B.
crossref:10.1086/ahr/39.3.442,10.1086/ahr/39.3.442,1934,1934-04-01,1934-04-01,Whig Propagandists of the American Revolution,39,3,442-453,12,explicit_numeric_range,false,unclassified,Philip G. Davidson
crossref:10.1086/ahr/39.3.454,10.1086/ahr/39.3.454,1934,1934-04-01,1934-04-01,The Retrocession of Louisiana in Spanish Policy,39,3,454-476,23,explicit_numeric_range,false,unclassified,Arthur P. Whitaker
crossref:10.1086/ahr/39.3.477,10.1086/ahr/39.3.477,1934,1934-04-01,1934-04-01,Notes and Suggestions,39,3,477-488,12,explicit_numeric_range,false,unclassified,
crossref:10.1086/ahr/39.3.552,10.1086/ahr/39.3.552,1934,1934-04-01,1934-04-01,Shorter Notices,39,3,552-589,38,explicit_numeric_range,false,unclassified,
crossref:10.1086/ahr/39.3.590,10.1086/ahr/39.3.590,1934,1934-04-01,1934-04-01,Historical News,39,3,590-628,39,explicit_numeric_range,false,unclassified,
crossref:10.1086/ahr/39.4.629,10.1086/ahr/39.4.629,1934,1934-07-01,1934-07-01,Sieges and Customs of War at the Opening of the Eighteenth Century,39,4,629-644,16,explicit_numeric_range,false,unclassified,John W. Wright
crossref:10.1086/ahr/39.4.645,10.1086/ahr/39.4.645,1934,1934-07-01,1934-07-01,The Early Cartography of the Missouri Valley,39,4,645-662,18,explicit_numeric_range,false,unclassified,Raphael N. Hamilton
crossref:10.1086/ahr/39.4.663,10.1086/ahr/39.4.663,1934,1934-07-01,1934-07-01,The Negotiation of the Anglo-American Treaty of 1870,39,4,663-681,19,explicit_numeric_range,false,unclassified,Rising Lake Morrow
crossref:10.1086/ahr/39.4.756,10.1086/ahr/39.4.756,1934,1934-07-01,1934-07-01,Shorter Notices,39,4,756-793,38,explicit_numeric_range,false,unclassified,
crossref:10.1086/ahr/39.4.798,10.1086/ahr/39.4.798,1934,1934-07-01,1934-07-01,Historical News,39,4,798-838,41,explicit_numeric_range,false,unclassified,
crossref:10.1086/ahr/39.4.839,10.1086/ahr/39.4.839,1934,1934-07-01,1934-07-01,Index,39,4,839-860,22,explicit_numeric_range,false,unclassified,
crossref:10.1086/ahr/40.1.10,10.1086/ahr/40.1.10,1934,1934-10-01,1934-10-01,State and Local Historical Societies in the United States,40,1,10-37,28,explicit_numeric_range,false,unclassified,Julian P. Boyd
crossref:10.1086/ahr/40.1.157,10.1086/ahr/40.1.157,1934,1934-10-01,1934-10-01,Shorter Notices,40,1,157-180,24,explicit_numeric_range,false,unclassified,
crossref:10.1086/ahr/40.1.181,10.1086/ahr/40.1.181,1934,1934-10-01,1934-10-01,Historical News,40,1,181-216,36,explicit_numeric_range,false,unclassified,
crossref:10.1086/ahr/40.1.38,10.1086/ahr/40.1.38,1934,1934-10-01,1934-10-01,British Government Propaganda and the Oregon Treaty,40,1,38-62,25,explicit_numeric_range,false,unclassified,Frederick Merk
crossref:10.1086/ahr/40.1.63,10.1086/ahr/40.1.63,1934,1934-10-01,1934-10-01,An International Debt Settlement: The North Carolina Debt to France,40,1,63-81,19,explicit_numeric_range,false,unclassified,B. U. Ratchford
crossref:10.1086/ahr/40.1.82,10.1086/ahr/40.1.82,1934,1934-10-01,1934-10-01,John C. Calhoun and the Presidential Campaign of 1824: Some Unpublished Calhoun Letters,40,1,82-96,15,explicit_numeric_range,false,unclassified,Thomas Robson Hay
crossref:10.1086/ahr/40.2.217,10.1086/ahr/40.2.217,1935,1935-01-01,1935-01-01,The Emergence of the First Social Order in the United States,40,2,217-231,15,explicit_numeric_range,false,unclassified,William E. Dodd
crossref:10.1086/ahr/40.2.232,10.1086/ahr/40.2.232,1935,1935-01-01,1935-01-01,The Influence of Irish Monks on Merovingian Diocesan Organization,40,2,232-245,14,explicit_numeric_range,false,unclassified,Helen Robbins Bittermann
crossref:10.1086/ahr/40.2.246,10.1086/ahr/40.2.246,1935,1935-01-01,1935-01-01,Fur Trade Strategy and the American Left Flank in the War of 1812,40,2,246-273,28,explicit_numeric_range,false,unclassified,Julius W. Pratt
crossref:10.1086/ahr/40.2.274,10.1086/ahr/40.2.274,1935,1935-01-01,1935-01-01,Notes and Suggestions,40,2,274-286,13,explicit_numeric_range,false,unclassified,
crossref:10.1086/ahr/40.2.287,10.1086/ahr/40.2.287,1935,1935-01-01,1935-01-01,"John C. Calhoun and the Presidential Campaign of 1824: Some Unpublished Calhoun Letters, II",40,2,287-300,14,explicit_numeric_range,false,unclassified,Thomas Robson Hay
crossref:10.1086/ahr/40.2.362,10.1086/ahr/40.2.362,1935,1935-01-01,1935-01-01,Shorter Notices,40,2,362-387,26,explicit_numeric_range,false,unclassified,
crossref:10.1086/ahr/40.2.388,10.1086/ahr/40.2.388,1935,1935-01-01,1935-01-01,Historical News,40,2,388-422,35,explicit_numeric_range,false,unclassified,
crossref:10.1086/ahr/40.3.423,10.1086/ahr/40.3.423,1935,1935-04-01,1935-04-01,The Fiftieth Anniversary Meeting,40,3,423-438,16,explicit_numeric_range,false,unclassified,H. E. B.
crossref:10.1086/ahr/40.3.439,10.1086/ahr/40.3.439,1935,1935-04-01,1935-04-01,"The Writing of American History in America, From 1884 to 1934",40,3,439-449,11,explicit_numeric_range,false,unclassified,Theodore Clarke Smith
crossref:10.1086/ahr/40.3.450,10.1086/ahr/40.3.450,1935,1935-04-01,1935-04-01,Castle-Guard,40,3,450-459,10,explicit_numeric_range,false,unclassified,Sidney Painter
crossref:10.1086/ahr/40.3.460,10.1086/ahr/40.3.460,1935,1935-04-01,1935-04-01,A Plea for Puritanism,40,3,460-472,13,explicit_numeric_range,false,unclassified,Clifford K. Shipton
crossref:10.1086/ahr/40.3.544,10.1086/ahr/40.3.544,1935,1935-04-01,1935-04-01,Shorter Notices,40,3,544-572,29,explicit_numeric_range,false,unclassified,
crossref:10.1086/ahr/40.3.573,10.1086/ahr/40.3.573,1935,1935-04-01,1935-04-01,Historical News,40,3,573-624,52,explicit_numeric_range,false,unclassified,
crossref:10.1086/ahr/40.4.625,10.1086/ahr/40.4.625,1935,1935-07-01,1935-07-01,The Statistical Sources of Frankish History,40,4,625-645,21,explicit_numeric_range,false,unclassified,James Westfall Thompson
crossref:10.1086/ahr/40.4.646,10.1086/ahr/40.4.646,1935,1935-07-01,1935-07-01,The Imago Mundi and Columbus,40,4,646-661,16,explicit_numeric_range,false,unclassified,George E. Nunn
crossref:10.1086/ahr/40.4.662,10.1086/ahr/40.4.662,1935,1935-07-01,1935-07-01,"The Social History of an American Depression, 1837–1843",40,4,662-687,26,explicit_numeric_range,false,unclassified,Samuel Rezneck
crossref:10.1086/ahr/40.4.688,10.1086/ahr/40.4.688,1935,1935-07-01,1935-07-01,Notes and Suggestions,40,4,688-703,16,explicit_numeric_range,false,unclassified,
crossref:10.1086/ahr/40.4.704,10.1086/ahr/40.4.704,1935,1935-07-01,1935-07-01,A Pan-Slavist Memorandum of Liudevit Gaj in 1838,40,4,704-716,13,explicit_numeric_range,false,unclassified,Philip E. Mosely
crossref:10.1086/ahr/40.4.768,10.1086/ahr/40.4.768,1935,1935-07-01,1935-07-01,Shorter Notices,40,4,768-799,32,explicit_numeric_range,false,unclassified,
crossref:10.1086/ahr/40.4.800,10.1086/ahr/40.4.800,1935,1935-07-01,1935-07-01,Historical News,40,4,800-838,39,explicit_numeric_range,false,unclassified,
crossref:10.1086/ahr/40.4.839,10.1086/ahr/40.4.839,1935,1935-07-01,1935-07-01,Index American Historical Review Volume XL,40,4,839-858,20,explicit_numeric_range,false,unclassified,
crossref:10.1086/ahr/41.1.1,10.1086/ahr/41.1.1,1935,1935-10-01,1935-10-01,The Rise and Fall of the Kansas Aid Movement,41,1,1-25,25,explicit_numeric_range,false,unclassified,Ralph Volney Harlow
crossref:10.1086/ahr/41.1.173,10.1086/ahr/41.1.173,1935,1935-10-01,1935-10-01,Shorter Notices,41,1,173-201,29,explicit_numeric_range,false,unclassified,
crossref:10.1086/ahr/41.1.202,10.1086/ahr/41.1.202,1935,1935-10-01,1935-10-01,Historical News,41,1,202-230,29,explicit_numeric_range,false,unclassified,
crossref:10.1086/ahr/41.1.26,10.1086/ahr/41.1.26,1935,1935-10-01,1935-10-01,The Politics and Personalities of Silver Repeal in the United States Senate,41,1,26-53,28,explicit_numeric_range,false,unclassified,Jeannette Paddock Nichols
crossref:10.1086/ahr/41.1.54,10.1086/ahr/41.1.54,1935,1935-10-01,1935-10-01,The Sinking of the Lusitania,41,1,54-73,20,explicit_numeric_range,false,unclassified,Thomas A. Bailey
crossref:10.1086/ahr/41.1.74,10.1086/ahr/41.1.74,1935,1935-10-01,1935-10-01,Notes and Suggestions,41,1,74-91,18,explicit_numeric_range,false,unclassified,
crossref:10.1086/ahr/41.1.92,10.1086/ahr/41.1.92,1935,1935-10-01,1935-10-01,Clark—Leyba Papers,41,1,92-112,21,explicit_numeric_range,false,unclassified,Lawrence Kinnaird
crossref:10.1086/ahr/41.2.231,10.1086/ahr/41.2.231,1936,1936-01-01,1936-01-01,The Hellenistic World and Its Economic Development,41,2,231-252,22,explicit_numeric_range,false,unclassified,Michael I. Rostovtzeff
crossref:10.1086/ahr/41.2.253,10.1086/ahr/41.2.253,1936,1936-01-01,1936-01-01,Braddock's Defeat,41,2,253-269,17,explicit_numeric_range,false,unclassified,Stanley Pargellis
crossref:10.1086/ahr/41.2.270,10.1086/ahr/41.2.270,1936,1936-01-01,1936-01-01,Has the Lincoln Theme Been Exhausted?,41,2,270-294,25,explicit_numeric_range,false,unclassified,J. G. Randall
crossref:10.1086/ahr/41.2.295,10.1086/ahr/41.2.295,1936,1936-01-01,1936-01-01,Notes and Suggestions,41,2,295-305,11,explicit_numeric_range,false,unclassified,
crossref:10.1086/ahr/41.2.306,10.1086/ahr/41.2.306,1936,1936-01-01,1936-01-01,The Second Congress of the Confederate States Enactments at its Second and Last Session,41,2,306-317,12,explicit_numeric_range,false,unclassified,William M. Robinson
crossref:10.1086/ahr/41.2.364,10.1086/ahr/41.2.364,1936,1936-01-01,1936-01-01,Shorter Notices,41,2,364-396,33,explicit_numeric_range,false,unclassified,
crossref:10.1086/ahr/41.2.399,10.1086/ahr/41.2.399,1936,1936-01-01,1936-01-01,Historical News,41,2,399-438,40,explicit_numeric_range,false,unclassified,
crossref:10.1086/ahr/41.3.439,10.1086/ahr/41.3.439,1936,1936-04-01,1936-04-01,The Association at Chattanooga,41,3,439-457,19,explicit_numeric_range,false,unclassified,H. E. B.
crossref:10.1086/ahr/41.3.458,10.1086/ahr/41.3.458,1936,1936-04-01,1936-04-01,Medical Sources and the Social Historian,41,3,458-473,16,explicit_numeric_range,false,unclassified,Richard H. Shryock
crossref:10.1086/ahr/41.3.474,10.1086/ahr/41.3.474,1936,1936-04-01,1936-04-01,The Austro-French Commercial Treaty of 1866,41,3,474-491,18,explicit_numeric_range,false,unclassified,Dwight C. Long
crossref:10.1086/ahr/41.3.492,10.1086/ahr/41.3.492,1936,1936-04-01,1936-04-01,Notes and Suggestions,41,3,492-502,11,explicit_numeric_range,false,unclassified,
crossref:10.1086/ahr/41.3.503,10.1086/ahr/41.3.503,1936,1936-04-01,1936-04-01,"An Austrian Diplomat in America, 1840",41,3,503-514,12,explicit_numeric_range,false,unclassified,Clarence W. Efroymson
crossref:10.1086/ahr/41.3.563,10.1086/ahr/41.3.563,1936,1936-04-01,1936-04-01,Shorter Notices,41,3,563-591,29,explicit_numeric_range,false,unclassified,
crossref:10.1086/ahr/41.3.592,10.1086/ahr/41.3.592,1936,1936-04-01,1936-04-01,Historical News,41,3,592-636,45,explicit_numeric_range,false,unclassified,
crossref:10.1086/ahr/41.4.637,10.1086/ahr/41.4.637,1936,1936-07-01,1936-07-01,The Homestead Act and the Labor Surplus,41,4,637-651,15,explicit_numeric_range,false,unclassified,Fred A. Shannon
crossref:10.1086/ahr/41.4.652,10.1086/ahr/41.4.652,1936,1936-07-01,1936-07-01,The Homestead Law in an Incongruous Land System,41,4,652-681,30,explicit_numeric_range,false,unclassified,Paul Wallace Gates
crossref:10.1086/ahr/41.4.682,10.1086/ahr/41.4.682,1936,1936-07-01,1936-07-01,The Official Chinese Attitude Toward the Burlingame Mission,41,4,682-701,20,explicit_numeric_range,false,unclassified,Knight Biggerstaff
crossref:10.1086/ahr/41.4.710,10.1086/ahr/41.4.710,1936,1936-07-01,1936-07-01,The Flight of Capital from Revolutionary France,41,4,710-727,18,explicit_numeric_range,false,unclassified,H. E. B.
crossref:10.1086/ahr/41.4.788,10.1086/ahr/41.4.788,1936,1936-07-01,1936-07-01,Shorter Notices,41,4,788-823,36,explicit_numeric_range,false,unclassified,
crossref:10.1086/ahr/41.4.824,10.1086/ahr/41.4.824,1936,1936-07-01,1936-07-01,Historical News,41,4,824-857,34,explicit_numeric_range,false,unclassified,
crossref:10.1086/ahr/41.4.858,10.1086/ahr/41.4.858,1936,1936-07-01,1936-07-01,American Historical Review Volume XLI,41,4,858-877,20,explicit_numeric_range,false,unclassified,
crossref:10.1086/ahr/42.1.1,10.1086/ahr/42.1.1,1936,1936-10-01,1936-10-01,The Byzantinization of Sicily,42,1,1-21,21,explicit_numeric_range,false,unclassified,Lynn White
crossref:10.1086/ahr/42.1.164,10.1086/ahr/42.1.164,1936,1936-10-01,1936-10-01,Notices of Other Recent Publications General History,42,1,164-192,29,explicit_numeric_range,false,unclassified,
crossref:10.1086/ahr/42.1.193,10.1086/ahr/42.1.193,1936,1936-10-01,1936-10-01,Historical News,42,1,193-206,14,explicit_numeric_range,false,unclassified,
crossref:10.1086/ahr/42.1.22,10.1086/ahr/42.1.22,1936,1936-10-01,1936-10-01,The Office of Secretary to the Treasury in the Eighteenth Century,42,1,22-45,24,explicit_numeric_range,false,unclassified,Dora Mae Clark
crossref:10.1086/ahr/42.1.46,10.1086/ahr/42.1.46,1936,1936-10-01,1936-10-01,"Intellectual Crosscurrents in American Colleges, 1825–1855",42,1,46-67,22,explicit_numeric_range,false,unclassified,George P. Schmidt
crossref:10.1086/ahr/42.1.68,10.1086/ahr/42.1.68,1936,1936-10-01,1936-10-01,Notes and Suggestions,42,1,68-78,11,explicit_numeric_range,false,unclassified,
crossref:10.1086/ahr/42.2.207,10.1086/ahr/42.2.207,1937,1937-01-01,1937-01-01,The Historian's Part in a Changing World,42,2,207-224,18,explicit_numeric_range,false,unclassified,C. H. McIlwain
crossref:10.1086/ahr/42.2.225,10.1086/ahr/42.2.225,1937,1937-01-01,1937-01-01,Expedicio Billarum Antiquitus,42,2,225-243,19,explicit_numeric_range,false,unclassified,Catherine Strateman
crossref:10.1086/ahr/42.2.244,10.1086/ahr/42.2.244,1937,1937-01-01,1937-01-01,The Attitude of British Labor Toward President Wilson During the Peace Conference,42,2,244-255,12,explicit_numeric_range,false,unclassified,Carl F. Brand
crossref:10.1086/ahr/42.2.256,10.1086/ahr/42.2.256,1937,1937-01-01,1937-01-01,Notes and Suggestions,42,2,256-272,17,explicit_numeric_range,false,unclassified,
crossref:10.1086/ahr/42.2.374,10.1086/ahr/42.2.374,1937,1937-01-01,1937-01-01,Notices of Other Recent Publications,42,2,374-407,34,explicit_numeric_range,false,unclassified,
crossref:10.1086/ahr/42.2.408,10.1086/ahr/42.2.408,1937,1937-01-01,1937-01-01,Historical News,42,2,408-418,11,explicit_numeric_range,false,unclassified,
crossref:10.1086/ahr/42.3.419,10.1086/ahr/42.3.419,1937,1937-04-01,1937-04-01,The Association at Providence,42,3,419-442,24,explicit_numeric_range,false,unclassified,The Editors
crossref:10.1086/ahr/42.3.443,10.1086/ahr/42.3.443,1937,1937-04-01,1937-04-01,The Shield Signal at Marathon,42,3,443-459,17,explicit_numeric_range,false,unclassified,Harris Gary Hudson
crossref:10.1086/ahr/42.3.460,10.1086/ahr/42.3.460,1937,1937-04-01,1937-04-01,Currents of Thought in Historiography,42,3,460-483,24,explicit_numeric_range,false,unclassified,Charles A. Beard | Alfred Vagts
crossref:10.1086/ahr/42.3.491,10.1086/ahr/42.3.491,1937,1937-04-01,1937-04-01,"Anglo-American Relations, 1853–1857",42,3,491-500,10,explicit_numeric_range,false,unclassified,Richard W. Van Alstyne
crossref:10.1086/ahr/42.3.576,10.1086/ahr/42.3.576,1937,1937-04-01,1937-04-01,Notices of Other Recent Publications General History,42,3,576-609,34,explicit_numeric_range,false,unclassified,
crossref:10.1086/ahr/42.3.610,10.1086/ahr/42.3.610,1937,1937-04-01,1937-04-01,Historical News,42,3,610-630,21,explicit_numeric_range,false,unclassified,
crossref:10.1086/ahr/42.4.631,10.1086/ahr/42.4.631,1937,1937-07-01,1937-07-01,Christopher St. German,42,4,631-651,21,explicit_numeric_range,false,unclassified,Franklin Le Van Baumer
crossref:10.1086/ahr/42.4.652,10.1086/ahr/42.4.652,1937,1937-07-01,1937-07-01,Aeronautics in the Civil War,42,4,652-669,18,explicit_numeric_range,false,unclassified,J. Duane Squires
crossref:10.1086/ahr/42.4.670,10.1086/ahr/42.4.670,1937,1937-07-01,1937-07-01,A Note on the Bill of Rights,42,4,670-679,10,explicit_numeric_range,false,unclassified,Robert H. George
crossref:10.1086/ahr/42.4.680,10.1086/ahr/42.4.680,1937,1937-07-01,1937-07-01,Fictitious Biography,42,4,680-690,11,explicit_numeric_range,false,unclassified,Margaret Castle Schindler
crossref:10.1086/ahr/42.4.810,10.1086/ahr/42.4.810,1937,1937-07-01,1937-07-01,Notices of Other Recent Publications,42,4,810-848,39,explicit_numeric_range,false,unclassified,
crossref:10.1086/ahr/42.4.849,10.1086/ahr/42.4.849,1937,1937-07-01,1937-07-01,Historical News,42,4,849-862,14,explicit_numeric_range,false,unclassified,
crossref:10.1086/ahr/42.4.866,10.1086/ahr/42.4.866,1937,1937-07-01,1937-07-01,Index,42,4,866-890,25,explicit_numeric_range,false,unclassified,
crossref:10.1086/ahr/43.1.1,10.1086/ahr/43.1.1,1937,1937-10-01,1937-10-01,Early Parliamentary Organization,43,1,1-21,21,explicit_numeric_range,false,unclassified,Josiah Cox Russell
crossref:10.1086/ahr/43.1.179,10.1086/ahr/43.1.179,1937,1937-10-01,1937-10-01,Notices of Other Recent Publications,43,1,179-230,52,explicit_numeric_range,false,unclassified,
crossref:10.1086/ahr/43.1.22,10.1086/ahr/43.1.22,1937,1937-10-01,1937-10-01,The Diplomatic Revolution of 1854,43,1,22-50,29,explicit_numeric_range,false,unclassified,Gavin B. Henderson
crossref:10.1086/ahr/43.1.231,10.1086/ahr/43.1.231,1937,1937-10-01,1937-10-01,American Historical Association,43,1,231-240,10,explicit_numeric_range,false,unclassified,
crossref:10.1086/ahr/43.1.51,10.1086/ahr/43.1.51,1937,1937-10-01,1937-10-01,John Marshall as a Historian,43,1,51-64,14,explicit_numeric_range,false,unclassified,William A. Foran
crossref:10.1086/ahr/43.2.243,10.1086/ahr/43.2.243,1938,1938-01-01,1938-01-01,John Franklin Jameson,43,2,243-252,10,explicit_numeric_range,false,unclassified,
crossref:10.1086/ahr/43.2.253,10.1086/ahr/43.2.253,1938,1938-01-01,1938-01-01,Some Suggestions to American Historians,43,2,253-269,17,explicit_numeric_range,false,unclassified,Guy Stanton Ford
crossref:10.1086/ahr/43.2.270,10.1086/ahr/43.2.270,1938,1938-01-01,1938-01-01,The Ptolemies and the Welfare of their Subjects,43,2,270-287,18,explicit_numeric_range,false,unclassified,William Linn Westermann
crossref:10.1086/ahr/43.2.288,10.1086/ahr/43.2.288,1938,1938-01-01,1938-01-01,"British Trade to the Spanish Colonies, 1796–1823",43,2,288-320,33,explicit_numeric_range,false,unclassified,Dorothy Burne Goebel
crossref:10.1086/ahr/43.2.321,10.1086/ahr/43.2.321,1938,1938-01-01,1938-01-01,“War Guilt” in France and Germany,43,2,321-341,21,explicit_numeric_range,false,unclassified,Bernadotte E. Schmitt
crossref:10.1086/ahr/43.2.430,10.1086/ahr/43.2.430,1938,1938-01-01,1938-01-01,Notices of Other Recent Publications,43,2,430-474,45,explicit_numeric_range,false,unclassified,
crossref:10.1086/ahr/43.2.475,10.1086/ahr/43.2.475,1938,1938-01-01,1938-01-01,American Historical Association,43,2,475-485,11,explicit_numeric_range,false,unclassified,
crossref:10.1086/ahr/43.3.489,10.1086/ahr/43.3.489,1938,1938-04-01,1938-04-01,A Survey of Japanese Historiography,43,3,489-499,11,explicit_numeric_range,false,unclassified,Hugh Borton
crossref:10.1086/ahr/43.3.500,10.1086/ahr/43.3.500,1938,1938-04-01,1938-04-01,Acadian Transients in South Carolina,43,3,500-513,14,explicit_numeric_range,false,unclassified,Ruth Allison Hudnut | Hayes Baker-Crothers
crossref:10.1086/ahr/43.3.514,10.1086/ahr/43.3.514,1938,1938-04-01,1938-04-01,The Directory and the United States,43,3,514-532,19,explicit_numeric_range,false,unclassified,E. Wilson Lyon
crossref:10.1086/ahr/43.3.542,10.1086/ahr/43.3.542,1938,1938-04-01,1938-04-01,Harriet Beecher Stowe and Social Reform in England,43,3,542-552,11,explicit_numeric_range,false,unclassified,Frank J. Klingberg
crossref:10.1086/ahr/43.3.553,10.1086/ahr/43.3.553,1938,1938-04-01,1938-04-01,A Side Light on Federalist Strategy During the War of 1812,43,3,553-566,14,explicit_numeric_range,false,unclassified,J. S. Martell
crossref:10.1086/ahr/43.3.669,10.1086/ahr/43.3.669,1938,1938-04-01,1938-04-01,Notices of Other Recent Publications,43,3,669-724,56,explicit_numeric_range,false,unclassified,
crossref:10.1086/ahr/43.3.727,10.1086/ahr/43.3.727,1938,1938-04-01,1938-04-01,American Historical Association,43,3,727-757,31,explicit_numeric_range,false,unclassified,
crossref:10.1086/ahr/43.4.759,10.1086/ahr/43.4.759,1938,1938-07-01,1938-07-01,William Huskisson as President of the Board of Trade,43,4,759-774,16,explicit_numeric_range,false,unclassified,Anna Lane Lingelbach
crossref:10.1086/ahr/43.4.775,10.1086/ahr/43.4.775,1938,1938-07-01,1938-07-01,"Theodore Roosevelt and American Neutrality, 1914–1917",43,4,775-790,16,explicit_numeric_range,false,unclassified,Russell Buchanan
crossref:10.1086/ahr/43.4.914,10.1086/ahr/43.4.914,1938,1938-07-01,1938-07-01,Notices of Other Recent Publications,43,4,914-964,51,explicit_numeric_range,false,unclassified,
crossref:10.1086/ahr/43.4.983,10.1086/ahr/43.4.983,1938,1938-07-01,1938-07-01,Index,43,4,983-1020,38,explicit_numeric_range,false,unclassified,
crossref:10.1086/ahr/44.1.1,10.1086/ahr/44.1.1,1938,1938-10-01,1938-10-01,Continuities in History,44,1,1-19,19,explicit_numeric_range,false,unclassified,Henry Osborn Taylor
crossref:10.1086/ahr/44.1.169,10.1086/ahr/44.1.169,1938,1938-10-01,1938-10-01,Notices of Other Recent Publications,44,1,169-224,56,explicit_numeric_range,false,unclassified,
crossref:10.1086/ahr/44.1.225,10.1086/ahr/44.1.225,1938,1938-10-01,1938-10-01,Historical News,44,1,225-236,12,explicit_numeric_range,false,unclassified,
crossref:10.1086/ahr/44.1.29,10.1086/ahr/44.1.29,1938,1938-10-01,1938-10-01,The Problem of the Presbyterian Independents,44,1,29-49,21,explicit_numeric_range,false,unclassified,J. H. Hexter
crossref:10.1086/ahr/44.2.237,10.1086/ahr/44.2.237,1939,1939-01-01,1939-01-01,The Great Demobilization,44,2,237-251,15,explicit_numeric_range,false,unclassified,Frederic L. Paxson
crossref:10.1086/ahr/44.2.252,10.1086/ahr/44.2.252,1939,1939-01-01,1939-01-01,French Gild Opinion in 1789,44,2,252-271,20,explicit_numeric_range,false,unclassified,Beatrice F. Hyslop
crossref:10.1086/ahr/44.2.272,10.1086/ahr/44.2.272,1939,1939-01-01,1939-01-01,Paternalism and the Pullman Strike,44,2,272-289,18,explicit_numeric_range,false,unclassified,Almont Lindsey
crossref:10.1086/ahr/44.2.293,10.1086/ahr/44.2.293,1939,1939-01-01,1939-01-01,"Imperial Reform and the Habsburgs, 1486–1504",44,2,293-303,11,explicit_numeric_range,false,unclassified,Hans Baron
crossref:10.1086/ahr/44.2.303,10.1086/ahr/44.2.303,1939,1939-01-01,1939-01-01,Greek and English Colonization,44,2,303-315,13,explicit_numeric_range,false,unclassified,Vincent M. Scramuzza
crossref:10.1086/ahr/44.2.419,10.1086/ahr/44.2.419,1939,1939-01-01,1939-01-01,Notices of Other Recent Publications,44,2,419-472,54,explicit_numeric_range,false,unclassified,
crossref:10.1086/ahr/44.3.481,10.1086/ahr/44.3.481,1939,1939-04-01,1939-04-01,History and Historians at Chicago,44,3,481-507,27,explicit_numeric_range,false,unclassified,
crossref:10.1086/ahr/44.3.508,10.1086/ahr/44.3.508,1939,1939-04-01,1939-04-01,Nationality at the Council of Constance,44,3,508-527,20,explicit_numeric_range,false,unclassified,Louise R. Loomis
crossref:10.1086/ahr/44.3.528,10.1086/ahr/44.3.528,1939,1939-04-01,1939-04-01,"Sermons before the Commons, 1640–42",44,3,528-548,21,explicit_numeric_range,false,unclassified,Ethyn Williams Kirby
crossref:10.1086/ahr/44.3.556,10.1086/ahr/44.3.556,1939,1939-04-01,1939-04-01,Coronado's Muster Roll,44,3,556-570,15,explicit_numeric_range,false,unclassified,Arthur S. Aiton | Juan de cuebas Rúbrica
crossref:10.1086/ahr/44.3.676,10.1086/ahr/44.3.676,1939,1939-04-01,1939-04-01,Notices of Other Recent Publications,44,3,676-748,73,explicit_numeric_range,false,unclassified,
crossref:10.1086/ahr/44.3.749,10.1086/ahr/44.3.749,1939,1939-04-01,1939-04-01,Historical News,44,3,749-778,30,explicit_numeric_range,false,unclassified,
crossref:10.1086/ahr/44.4.1017,10.1086/ahr/44.4.1017,1939,1939-07-01,1939-07-01,Historical News,44,4,1017-1026,10,explicit_numeric_range,false,unclassified,
crossref:10.1086/ahr/44.4.1027,10.1086/ahr/44.4.1027,1939,1939-07-01,1939-07-01,American Historical Review Volume XLIV,44,4,1027-1069,43,explicit_numeric_range,false,unclassified,
crossref:10.1086/ahr/44.4.781,10.1086/ahr/44.4.781,1939,1939-07-01,1939-07-01,The Indo-Parthian Frontier,44,4,781-801,21,explicit_numeric_range,false,unclassified,Robert H. McDowell
crossref:10.1086/ahr/44.4.802,10.1086/ahr/44.4.802,1939,1939-07-01,1939-07-01,The Columbus Question,44,4,802-822,21,explicit_numeric_range,false,unclassified,Charles E. Nowell
crossref:10.1086/ahr/44.4.823,10.1086/ahr/44.4.823,1939,1939-07-01,1939-07-01,The Fate of Confederate Archives,44,4,823-841,19,explicit_numeric_range,false,unclassified,Dallas D. Irvine
crossref:10.1086/ahr/44.4.943,10.1086/ahr/44.4.943,1939,1939-07-01,1939-07-01,Notices of other Recent Publications,44,4,943-1016,74,explicit_numeric_range,false,unclassified,
crossref:10.1086/ahr/45.1.1,10.1086/ahr/45.1.1,1939,1939-10-01,1939-10-01,Humanist Views of the Renaissance,45,1,1-28,28,explicit_numeric_range,false,unclassified,Wallace K. Ferguson
crossref:10.1086/ahr/45.1.185,10.1086/ahr/45.1.185,1939,1939-10-01,1939-10-01,Notices of Other Recent Publications,45,1,185-254,70,explicit_numeric_range,false,unclassified,
crossref:10.1086/ahr/45.1.255,10.1086/ahr/45.1.255,1939,1939-10-01,1939-10-01,Historical News,45,1,255-265,11,explicit_numeric_range,false,unclassified,
crossref:10.1086/ahr/45.1.29,10.1086/ahr/45.1.29,1939,1939-10-01,1939-10-01,Fishing and Plantation,45,1,29-43,15,explicit_numeric_range,false,unclassified,Richard A. Preston
crossref:10.1086/ahr/45.1.44,10.1086/ahr/45.1.44,1939,1939-10-01,1939-10-01,The French Jesuits in the Age of Enlightenment,45,1,44-58,15,explicit_numeric_range,false,unclassified,Robert R. Palmer
crossref:10.1086/ahr/45.1.59,10.1086/ahr/45.1.59,1939,1939-10-01,1939-10-01,Dewey and the Germans at Manila Bay,45,1,59-81,23,explicit_numeric_range,false,unclassified,Thomas A. Bailey
crossref:10.1086/ahr/45.2.269,10.1086/ahr/45.2.269,1940,1940-01-01,1940-01-01,Polis and Idia in Periclean Athens,45,2,269-278,10,explicit_numeric_range,false,unclassified,W. S. Ferguson
crossref:10.1086/ahr/45.2.279,10.1086/ahr/45.2.279,1940,1940-01-01,1940-01-01,"Summoning and Dissolving Parliament, 1603–25",45,2,279-300,22,explicit_numeric_range,false,unclassified,David Harris Willson
crossref:10.1086/ahr/45.2.301,10.1086/ahr/45.2.301,1940,1940-01-01,1940-01-01,The American Churches and the Mexican War,45,2,301-326,26,explicit_numeric_range,false,unclassified,Clayton Sumner Ellsworth
crossref:10.1086/ahr/45.2.327,10.1086/ahr/45.2.327,1940,1940-01-01,1940-01-01,The Jewish Exchequer,45,2,327-337,11,explicit_numeric_range,false,unclassified,Alice Carver Cramer
crossref:10.1086/ahr/45.2.338,10.1086/ahr/45.2.338,1940,1940-01-01,1940-01-01,The Two John Nicholases,45,2,338-348,11,explicit_numeric_range,false,unclassified,Manning J. Dauer
crossref:10.1086/ahr/45.2.440,10.1086/ahr/45.2.440,1940,1940-01-01,1940-01-01,Notices of Other Recent Publications,45,2,440-495,56,explicit_numeric_range,false,unclassified,
crossref:10.1086/ahr/45.3.533,10.1086/ahr/45.3.533,1940,1940-04-01,,French Intrigue at the Court of Queen Mary,45,3,533-551,19,explicit_numeric_range,false,unclassified,E. H. Harbison
crossref:10.1086/ahr/45.3.552,10.1086/ahr/45.3.552,1940,1940-04-01,,The Canada Expedition of 1746,45,3,552-580,29,explicit_numeric_range,false,unclassified,A. H. Buffinton
crossref:10.1086/ahr/45.3.581,10.1086/ahr/45.3.581,1940,1940-04-01,,The Mediterranean Spice Trade,45,3,581-590,10,explicit_numeric_range,false,unclassified,F. C. Lane
crossref:10.1086/ahr/45.3.678,10.1086/ahr/45.3.678,1940,1940-04-01,,Notices of Other Recent Publications,45,3,678-732,55,explicit_numeric_range,false,unclassified,
crossref:10.1086/ahr/45.3.733,10.1086/ahr/45.3.733,1940,1940-04-01,,Historical News,45,3,733-760,28,explicit_numeric_range,false,unclassified,
crossref:10.1093/ahr/45.3.505,10.1093/ahr/45.3.505,1940,1940-04-01,,Educating Clio,45,3,505-532,28,explicit_numeric_range,false,unclassified,The Editors
crossref:10.1093/ahr/45.3.533,10.1093/ahr/45.3.533,1940,1940-04-01,,French Intrigue at the Court of Queen Mary,45,3,533-551,19,explicit_numeric_range,false,unclassified,E. H. Harbison
crossref:10.1093/ahr/45.3.733,10.1093/ahr/45.3.733,1940,1940-04-01,,American Historical Association,45,3,733-760,28,explicit_numeric_range,false,unclassified,
crossref:10.1093/ahr/45.4.1013,10.1093/ahr/45.4.1013,1940,1940-07-01,,Index,45,4,1013-1056,44,explicit_numeric_range,false,unclassified,
crossref:10.1093/ahr/45.4.940,10.1093/ahr/45.4.940,1940,1940-07-01,,Notices of Other Recent Publications,45,4,940-997,58,explicit_numeric_range,false,unclassified,
crossref:10.1093/ahr/45.4.998,10.1093/ahr/45.4.998,1940,1940-07-01,,Historical Activities,45,4,998-1011,14,explicit_numeric_range,false,unclassified,
crossref:10.1086/ahr/46.1.1,10.1086/ahr/46.1.1,1940,1940-10-01,1940-10-01,Maryland before the Revolution,46,1,1-20,20,explicit_numeric_range,false,unclassified,Charles A. Barker
crossref:10.1086/ahr/46.1.21,10.1086/ahr/46.1.21,1940,1940-10-01,1940-10-01,"The State of Nature and the Decline of Lockian Political Theory in England, 1760–1800",46,1,21-44,24,explicit_numeric_range,false,unclassified,H. V. S. Ogden
crossref:10.1086/ahr/46.1.240,10.1086/ahr/46.1.240,1940,1940-10-01,1940-10-01,Historical News,46,1,240-258,19,explicit_numeric_range,false,unclassified,
crossref:10.1086/ahr/46.1.45,10.1086/ahr/46.1.45,1940,1940-10-01,1940-10-01,"The Court, the Corporation, and Conkling",46,1,45-63,19,explicit_numeric_range,false,unclassified,Andrew C. McLaughlin
crossref:10.1086/ahr/46.1.64,10.1086/ahr/46.1.64,1940,1940-10-01,1940-10-01,President Jefferson and his Successor,46,1,64-75,12,explicit_numeric_range,false,unclassified,Roy J. Honeywell
crossref:10.1086/ahr/46.1.76,10.1086/ahr/46.1.76,1940,1940-10-01,1940-10-01,A Peace Mission of 1863,46,1,76-86,11,explicit_numeric_range,false,unclassified,Fred Harvey Harrington
crossref:10.1086/ahr/46.2.259,10.1086/ahr/46.2.259,1941,1941-01-01,1941-01-01,Business Training in Medieval Oxford,46,2,259-280,22,explicit_numeric_range,false,unclassified,H. G. Richardson
crossref:10.1086/ahr/46.2.281,10.1086/ahr/46.2.281,1941,1941-01-01,1941-01-01,Urban and Rural Voting in 1896,46,2,281-305,25,explicit_numeric_range,false,unclassified,William Diamond
crossref:10.1086/ahr/46.2.306,10.1086/ahr/46.2.306,1941,1941-01-01,1941-01-01,Who Killed the Progressive Party?,46,2,306-337,32,explicit_numeric_range,false,unclassified,Harold L. Ickes
crossref:10.1086/ahr/46.2.338,10.1086/ahr/46.2.338,1941,1941-01-01,1941-01-01,The Norman Communes Once More 1189–1223,46,2,338-347,10,explicit_numeric_range,false,unclassified,Sidney R. Packard
crossref:10.1086/ahr/46.2.348,10.1086/ahr/46.2.348,1941,1941-01-01,1941-01-01,An American Plan for a Canadian Campaign,46,2,348-358,11,explicit_numeric_range,false,unclassified,C. P. Stacey
crossref:10.1086/ahr/46.2.449,10.1086/ahr/46.2.449,1941,1941-01-01,1941-01-01,Notices of other Recent Publications,46,2,449-494,46,explicit_numeric_range,false,unclassified,
crossref:10.1086/ahr/46.2.495,10.1086/ahr/46.2.495,1941,1941-01-01,1941-01-01,Historical News,46,2,495-508,14,explicit_numeric_range,false,unclassified,
crossref:10.1086/ahr/46.3.509,10.1086/ahr/46.3.509,1941,1941-04-01,1941-04-01,The Quality of Distinction,46,3,509-522,14,explicit_numeric_range,false,unclassified,Max Farrand
crossref:10.1086/ahr/46.3.523,10.1086/ahr/46.3.523,1941,1941-04-01,1941-04-01,Escape to the Present,46,3,523-559,37,explicit_numeric_range,false,unclassified,Jesse Dunsmore Clarkson
crossref:10.1086/ahr/46.3.560,10.1086/ahr/46.3.560,1941,1941-04-01,1941-04-01,The Sick Poor in Colonial Times,46,3,560-579,20,explicit_numeric_range,false,unclassified,Albert Deutsch
crossref:10.1086/ahr/46.3.693,10.1086/ahr/46.3.693,1941,1941-04-01,1941-04-01,Notices of other Recent Publications,46,3,693-736,44,explicit_numeric_range,false,unclassified,
crossref:10.1086/ahr/46.3.737,10.1086/ahr/46.3.737,1941,1941-04-01,1941-04-01,Historical News,46,3,737-762,26,explicit_numeric_range,false,unclassified,
crossref:10.1086/ahr/46.4.1003,10.1086/ahr/46.4.1003,1941,1941-07-01,1941-07-01,Historical News,46,4,1003-1021,19,explicit_numeric_range,false,unclassified,
crossref:10.1086/ahr/46.4.1023,10.1086/ahr/46.4.1023,1941,1941-07-01,1941-07-01,Index,46,4,1023-1064,42,explicit_numeric_range,false,unclassified,
crossref:10.1086/ahr/46.4.765,10.1086/ahr/46.4.765,1941,1941-07-01,1941-07-01,The Historian Theopompos,46,4,765-787,23,explicit_numeric_range,false,unclassified,Kurt von Fritz
crossref:10.1086/ahr/46.4.788,10.1086/ahr/46.4.788,1941,1941-07-01,1941-07-01,The Origin and Significance of Feudalism,46,4,788-812,25,explicit_numeric_range,false,unclassified,Carl Stephenson
crossref:10.1086/ahr/46.4.813,10.1086/ahr/46.4.813,1941,1941-07-01,1941-07-01,Altgeld and the Progressive Tradition,46,4,813-831,19,explicit_numeric_range,false,unclassified,Harvey Wish
crossref:10.1086/ahr/46.4.960,10.1086/ahr/46.4.960,1941,1941-07-01,1941-07-01,Notices of other Recent Publications,46,4,960-1002,43,explicit_numeric_range,false,unclassified,
crossref:10.1086/ahr/47.1.1,10.1086/ahr/47.1.1,1941,1941-10-01,1941-10-01,The Statute of York and the Community of the Realm,47,1,1-22,22,explicit_numeric_range,false,unclassified,Joseph R. Strayer
crossref:10.1086/ahr/47.1.175,10.1086/ahr/47.1.175,1941,1941-10-01,1941-10-01,Notices of other Recent Publications,47,1,175-213,39,explicit_numeric_range,false,unclassified,
crossref:10.1086/ahr/47.1.214,10.1086/ahr/47.1.214,1941,1941-10-01,1941-10-01,Historical News,47,1,214-224,11,explicit_numeric_range,false,unclassified,
crossref:10.1086/ahr/47.1.23,10.1086/ahr/47.1.23,1941,1941-10-01,1941-10-01,The Knights of the Golden Circle,47,1,23-50,28,explicit_numeric_range,false,unclassified,Ollinger Crenshaw
crossref:10.1086/ahr/47.1.51,10.1086/ahr/47.1.51,1941,1941-10-01,1941-10-01,Who Elected Lincoln?,47,1,51-63,13,explicit_numeric_range,false,unclassified,Joseph Schafer
crossref:10.1086/ahr/47.2.225,10.1086/ahr/47.2.225,1942,1942-01-01,1942-01-01,The Age of Mabillon and Montfaucon,47,2,225-244,20,explicit_numeric_range,false,unclassified,James Westfall Thompson
crossref:10.1086/ahr/47.2.245,10.1086/ahr/47.2.245,1942,1942-01-01,1942-01-01,The Internationalism of the Early Social Democrats of Germany,47,2,245-258,14,explicit_numeric_range,false,unclassified,Sinclair W. Armstrong
crossref:10.1086/ahr/47.2.259,10.1086/ahr/47.2.259,1942,1942-01-01,1942-01-01,Background of Cleveland's Venezuelan Policy,47,2,259-277,19,explicit_numeric_range,false,unclassified,Nelson M. Blake
crossref:10.1086/ahr/47.2.278,10.1086/ahr/47.2.278,1942,1942-01-01,1942-01-01,The Origins of Pan-Islamism,47,2,278-287,10,explicit_numeric_range,false,unclassified,Dwight E. Lee
crossref:10.1086/ahr/47.2.400,10.1086/ahr/47.2.400,1942,1942-01-01,1942-01-01,Notices of Other Recent Publications,47,2,400-441,42,explicit_numeric_range,false,unclassified,
crossref:10.1086/ahr/47.2.442,10.1086/ahr/47.2.442,1942,1942-01-01,1942-01-01,Historical News,47,2,442-458,17,explicit_numeric_range,false,unclassified,
crossref:10.1086/ahr/47.3.459,10.1086/ahr/47.3.459,1942,1942-04-01,1942-04-01,Echoes from Chicago,47,3,459-487,29,explicit_numeric_range,false,unclassified,William L. Sachse
crossref:10.1086/ahr/47.3.488,10.1086/ahr/47.3.488,1942,1942-04-01,1942-04-01,Recent Work on the French Revolution,47,3,488-517,30,explicit_numeric_range,false,unclassified,Beatrice F. Hyslop
crossref:10.1086/ahr/47.3.518,10.1086/ahr/47.3.518,1942,1942-04-01,1942-04-01,The First Parliamentary Election in Manchester,47,3,518-538,21,explicit_numeric_range,false,unclassified,L. S. Marshall
crossref:10.1086/ahr/47.3.658,10.1086/ahr/47.3.658,1942,1942-04-01,1942-04-01,Notices of Other Recent Publications,47,3,658-699,42,explicit_numeric_range,false,unclassified,
crossref:10.1086/ahr/47.3.700,10.1086/ahr/47.3.700,1942,1942-04-01,1942-04-01,Historical News,47,3,700-726,27,explicit_numeric_range,false,unclassified,
crossref:10.1086/ahr/47.4.727,10.1086/ahr/47.4.727,1942,1942-07-01,1942-07-01,Recent Developments in Economic History,47,4,727-746,20,explicit_numeric_range,false,unclassified,Herbert Heaton
crossref:10.1086/ahr/47.4.747,10.1086/ahr/47.4.747,1942,1942-07-01,1942-07-01,Competition Among Grains in Classical Antiquity,47,4,747-764,18,explicit_numeric_range,false,unclassified,N. Jasny
crossref:10.1086/ahr/47.4.765,10.1086/ahr/47.4.765,1942,1942-07-01,1942-07-01,Doctors of Philosophy in History,47,4,765-800,36,explicit_numeric_range,false,unclassified,William B. Hesseltine | Louis Kaplan
crossref:10.1086/ahr/47.4.919,10.1086/ahr/47.4.919,1942,1942-07-01,1942-07-01,Notices of Other Recent Publications,47,4,919-960,42,explicit_numeric_range,false,unclassified,
crossref:10.1086/ahr/47.4.961,10.1086/ahr/47.4.961,1942,1942-07-01,1942-07-01,Historical News,47,4,961-978,18,explicit_numeric_range,false,unclassified,
crossref:10.1086/ahr/47.4.981,10.1086/ahr/47.4.981,1942,1942-07-01,1942-07-01,Index,47,4,981-1021,41,explicit_numeric_range,false,unclassified,
crossref:10.1086/ahr/48.1.1,10.1086/ahr/48.1.1,1942,1942-10-01,1942-10-01,Elizabethan Seamen in Mexico and Ports of the Spanish Main,48,1,1-19,19,explicit_numeric_range,false,unclassified,Frank Aydelotte
crossref:10.1086/ahr/48.1.164,10.1086/ahr/48.1.164,1942,1942-10-01,1942-10-01,Other Recent Publications,48,1,164-208,45,explicit_numeric_range,false,unclassified,
crossref:10.1086/ahr/48.1.20,10.1086/ahr/48.1.20,1942,1942-10-01,1942-10-01,Reflections on the First “Reception” of Roman Law in Germanic States,48,1,20-29,10,explicit_numeric_range,false,unclassified,Ernst Levy
crossref:10.1086/ahr/48.1.209,10.1086/ahr/48.1.209,1942,1942-10-01,1942-10-01,Historical News,48,1,209-223,15,explicit_numeric_range,false,unclassified,
crossref:10.1086/ahr/48.1.30,10.1086/ahr/48.1.30,1942,1942-10-01,1942-10-01,The Balkan Federation Movement A Neglected Aspect,48,1,30-51,22,explicit_numeric_range,false,unclassified,L. S. Stavrianos
crossref:10.1086/ahr/48.2.225,10.1086/ahr/48.2.225,1943,1943-01-01,1943-01-01,"“What Then Is the American, This New Man?”",48,2,225-244,20,explicit_numeric_range,false,unclassified,Arthur M. Schlesinger
crossref:10.1086/ahr/48.2.245,10.1086/ahr/48.2.245,1943,1943-01-01,1943-01-01,Feudalism and Its Antecedents in England,48,2,245-265,21,explicit_numeric_range,false,unclassified,Carl Stephenson
crossref:10.1086/ahr/48.2.266,10.1086/ahr/48.2.266,1943,1943-01-01,1943-01-01,Censorship of the Southern Mails,48,2,266-280,15,explicit_numeric_range,false,unclassified,Clement Eaton
crossref:10.1086/ahr/48.2.281,10.1086/ahr/48.2.281,1943,1943-01-01,1943-01-01,Medieval Liberty Poems,48,2,281-290,10,explicit_numeric_range,false,unclassified,Halvdan Koht
crossref:10.1086/ahr/48.2.387,10.1086/ahr/48.2.387,1943,1943-01-01,1943-01-01,Other Recent Publications,48,2,387-442,56,explicit_numeric_range,false,unclassified,
crossref:10.1086/ahr/48.2.443,10.1086/ahr/48.2.443,1943,1943-01-01,1943-01-01,Historical News,48,2,443-458,16,explicit_numeric_range,false,unclassified,
crossref:10.1086/ahr/48.3.459,10.1086/ahr/48.3.459,1943,1943-04-01,1943-04-01,Your Business,48,3,459-494,36,explicit_numeric_range,false,unclassified,Guy Stanton Ford
crossref:10.1086/ahr/48.3.495,10.1086/ahr/48.3.495,1943,1943-04-01,1943-04-01,Abraham Lincoln and the California Patronage,48,3,495-506,12,explicit_numeric_range,false,unclassified,John Denton Carter
crossref:10.1086/ahr/48.3.507,10.1086/ahr/48.3.507,1943,1943-04-01,1943-04-01,"The Influence of Western Political Thought in Bulgaria, 1850–1885",48,3,507-520,14,explicit_numeric_range,false,unclassified,C. E. Black
crossref:10.1086/ahr/48.3.521,10.1086/ahr/48.3.521,1943,1943-04-01,1943-04-01,Russian Opinion on the Cession of Alaska,48,3,521-531,11,explicit_numeric_range,false,unclassified,Hunter Miller
crossref:10.1086/ahr/48.3.630,10.1086/ahr/48.3.630,1943,1943-04-01,1943-04-01,Other Recent Publications,48,3,630-679,50,explicit_numeric_range,false,unclassified,
crossref:10.1086/ahr/48.3.680,10.1086/ahr/48.3.680,1943,1943-04-01,1943-04-01,Historical News,48,3,680-690,11,explicit_numeric_range,false,unclassified,
crossref:10.1086/ahr/48.4.691,10.1086/ahr/48.4.691,1943,1943-07-01,1943-07-01,What Is Still Living in the Political Philosophy of Thomas Jefferson,48,4,691-706,16,explicit_numeric_range,false,unclassified,Carl Becker
crossref:10.1086/ahr/48.4.707,10.1086/ahr/48.4.707,1943,1943-07-01,1943-07-01,The Tory Tradition,48,4,707-721,15,explicit_numeric_range,false,unclassified,William B. Willcox
crossref:10.1086/ahr/48.4.722,10.1086/ahr/48.4.722,1943,1943-07-01,1943-07-01,The Possibility of Union among the Arab States,48,4,722-732,11,explicit_numeric_range,false,unclassified,Philip K. Hitti
crossref:10.1086/ahr/48.4.733,10.1086/ahr/48.4.733,1943,1943-07-01,1943-07-01,The Collection of World War I Materials in the States,48,4,733-745,13,explicit_numeric_range,false,unclassified,Lester J. Cappon
crossref:10.1086/ahr/48.4.842,10.1086/ahr/48.4.842,1943,1943-07-01,1943-07-01,Other Recent Publications,48,4,842-886,45,explicit_numeric_range,false,unclassified,
crossref:10.1086/ahr/48.4.887,10.1086/ahr/48.4.887,1943,1943-07-01,1943-07-01,Historical News,48,4,887-898,12,explicit_numeric_range,false,unclassified,
crossref:10.1086/ahr/48.4.901,10.1086/ahr/48.4.901,1943,1943-07-01,1943-07-01,Index,48,4,901-946,46,explicit_numeric_range,false,unclassified,
crossref:10.1086/ahr/49.1.1,10.1086/ahr/49.1.1,1943,1943-10-01,1943-10-01,"The Rise of the Junkers in Brandenburg-Prussia, 1410–1653 Part I",49,1,1-22,22,explicit_numeric_range,false,unclassified,Hans Rosenberg
crossref:10.1086/ahr/49.1.137,10.1086/ahr/49.1.137,1943,1943-10-01,1943-10-01,Other Recent Publications,49,1,137-181,45,explicit_numeric_range,false,unclassified,
crossref:10.1086/ahr/49.1.182,10.1086/ahr/49.1.182,1943,1943-10-01,1943-10-01,Historical News,49,1,182-195,14,explicit_numeric_range,false,unclassified,
crossref:10.1086/ahr/49.1.32,10.1086/ahr/49.1.32,1943,1943-10-01,1943-10-01,The Tragedy of Charles O'Conor An Episode in Anglo-Irish Relations,49,1,32-54,23,explicit_numeric_range,false,unclassified,Giovanni Costigan
crossref:10.1086/ahr/49.1.55,10.1086/ahr/49.1.55,1943,1943-10-01,1943-10-01,Secret Negotiations to Maintain the Peace of Amiens,49,1,55-64,10,explicit_numeric_range,false,unclassified,Carl Ludwig Lokke
crossref:10.1086/ahr/49.2.199,10.1086/ahr/49.2.199,1944,1944-01-01,1944-01-01,The Early Pattern of the Common Law,49,2,199-212,14,explicit_numeric_range,false,unclassified,Nellie Neilson
crossref:10.1086/ahr/49.2.213,10.1086/ahr/49.2.213,1944,1944-01-01,1944-01-01,Public Records under Military Occupation,49,2,213-227,15,explicit_numeric_range,false,unclassified,Ernst Posner
crossref:10.1086/ahr/49.2.228,10.1086/ahr/49.2.228,1944,1944-01-01,1944-01-01,"The Rise of the Junkers in Brandenburg-Prussia, 1410–1563 Part II",49,2,228-242,15,explicit_numeric_range,false,unclassified,Hans Rosenberg
crossref:10.1086/ahr/49.2.243,10.1086/ahr/49.2.243,1944,1944-01-01,1944-01-01,Plans for the Historiography of the United States in World War II,49,2,243-252,10,explicit_numeric_range,false,unclassified,
crossref:10.1086/ahr/49.2.335,10.1086/ahr/49.2.335,1944,1944-01-01,1944-01-01,Other Recent Publications,49,2,335-378,44,explicit_numeric_range,false,unclassified,
crossref:10.1086/ahr/49.2.379,10.1086/ahr/49.2.379,1944,1944-01-01,1944-01-01,Historical News,49,2,379-392,14,explicit_numeric_range,false,unclassified,
crossref:10.1086/ahr/49.3.393,10.1086/ahr/49.3.393,1944,1944-04-01,1944-04-01,"Arnold, Aristocracy, and America",49,3,393-409,17,explicit_numeric_range,false,unclassified,Howard Mumford Jones
crossref:10.1086/ahr/49.3.410,10.1086/ahr/49.3.410,1944,1944-04-01,1944-04-01,Theodoric vs. Boethius: Vindication and Apology,49,3,410-426,17,explicit_numeric_range,false,unclassified,William Bark
crossref:10.1086/ahr/49.3.427,10.1086/ahr/49.3.427,1944,1944-04-01,1944-04-01,Thurlow Weed: A Character Study,49,3,427-440,14,explicit_numeric_range,false,unclassified,Glyndon G. Van Deusen
crossref:10.1086/ahr/49.3.520,10.1086/ahr/49.3.520,1944,1944-04-01,1944-04-01,Other Recent Publications,49,3,520-563,44,explicit_numeric_range,false,unclassified,
crossref:10.1086/ahr/49.3.564,10.1086/ahr/49.3.564,1944,1944-04-01,1944-04-01,Historical News,49,3,564-608,45,explicit_numeric_range,false,unclassified,
crossref:10.1086/ahr/49.4.609,10.1086/ahr/49.4.609,1944,1944-07-01,1944-07-01,Abraham Lincoln and the Tariff,49,4,609-629,21,explicit_numeric_range,false,unclassified,Reinhard H. Luthin
crossref:10.1086/ahr/49.4.630,10.1086/ahr/49.4.630,1944,1944-07-01,1944-07-01,American Experience with Military Government,49,4,630-643,14,explicit_numeric_range,false,unclassified,Ralph H. Gabriel
crossref:10.1086/ahr/49.4.644,10.1086/ahr/49.4.644,1944,1944-07-01,1944-07-01,Wolsey's Rule of the King's Whole Council,49,4,644-662,19,explicit_numeric_range,false,unclassified,William Huse Dunham
crossref:10.1086/ahr/49.4.663,10.1086/ahr/49.4.663,1944,1944-07-01,1944-07-01,Profile of a Late Ante-Bellum Community,49,4,663-680,18,explicit_numeric_range,false,unclassified,James C. Bonner
crossref:10.1086/ahr/49.4.776,10.1086/ahr/49.4.776,1944,1944-07-01,1944-07-01,Other Recent Publications,49,4,776-817,42,explicit_numeric_range,false,unclassified,
crossref:10.1086/ahr/49.4.827,10.1086/ahr/49.4.827,1944,1944-07-01,1944-07-01,Index,49,4,827-853,27,explicit_numeric_range,false,unclassified,
crossref:10.1086/ahr/50.1.1,10.1086/ahr/50.1.1,1944,1944-10-01,1944-10-01,Biography of a Nation of Joiners,50,1,1-25,25,explicit_numeric_range,false,unclassified,Arthur M. Schlesinger
crossref:10.1086/ahr/50.1.159,10.1086/ahr/50.1.159,1944,1944-10-01,1944-10-01,Other Recent Publications,50,1,159-200,42,explicit_numeric_range,false,unclassified,
crossref:10.1086/ahr/50.1.201,10.1086/ahr/50.1.201,1944,1944-10-01,1944-10-01,Historical News,50,1,201-210,10,explicit_numeric_range,false,unclassified,
crossref:10.1086/ahr/50.1.26,10.1086/ahr/50.1.26,1944,1944-10-01,1944-10-01,"England, the Turk, and the Common Corps of Christendom",50,1,26-48,23,explicit_numeric_range,false,unclassified,Franklin L. Baumer
crossref:10.1086/ahr/50.1.49,10.1086/ahr/50.1.49,1944,1944-10-01,1944-10-01,Wealth Against Commonwealth 1894 and 1944,50,1,49-72,24,explicit_numeric_range,false,unclassified,Chester McA. Destler
crossref:10.1086/ahr/50.2.213,10.1086/ahr/50.2.213,1945,1945-01-01,1945-01-01,Between Slavery and Freedom,50,2,213-227,15,explicit_numeric_range,false,unclassified,William Linn Westermann
crossref:10.1086/ahr/50.2.228,10.1086/ahr/50.2.228,1945,1945-01-01,1945-01-01,The Olney-Pauncefote Treaty of 1897,50,2,228-243,16,explicit_numeric_range,false,unclassified,Nelson M. Blake
crossref:10.1086/ahr/50.2.244,10.1086/ahr/50.2.244,1945,1945-01-01,1945-01-01,Leadership and Democracy in the Early New England System of Defense,50,2,244-260,17,explicit_numeric_range,false,unclassified,Morrison Sharp
crossref:10.1086/ahr/50.2.261,10.1086/ahr/50.2.261,1945,1945-01-01,1945-01-01,Some Bryce-Jameson Correspondence,50,2,261-298,38,explicit_numeric_range,false,unclassified,Leo Francis Stock
crossref:10.1086/ahr/50.2.382,10.1086/ahr/50.2.382,1945,1945-01-01,1945-01-01,Other Recent Publications,50,2,382-424,43,explicit_numeric_range,false,unclassified,
crossref:10.1086/ahr/50.2.425,10.1086/ahr/50.2.425,1945,1945-01-01,1945-01-01,Historical News,50,2,425-434,10,explicit_numeric_range,false,unclassified,
crossref:10.1086/ahr/50.3.437,10.1086/ahr/50.3.437,1945,1945-04-01,1945-04-01,The Art Confiscations of the Napoleonic Wars,50,3,437-460,24,explicit_numeric_range,false,unclassified,Dorothy Mackay Quynn
crossref:10.1086/ahr/50.3.461,10.1086/ahr/50.3.461,1945,1945-04-01,1945-04-01,"Hubert Howe Bancroft, Historian of Western America",50,3,461-470,10,explicit_numeric_range,false,unclassified,John Walton Caughey
crossref:10.1086/ahr/50.3.471,10.1086/ahr/50.3.471,1945,1945-04-01,1945-04-01,"Emperor Francis II and the Austrian “Jacobins,” 1792–1796",50,3,471-490,20,explicit_numeric_range,false,unclassified,Walter Consuelo Langsam
crossref:10.1086/ahr/50.3.587,10.1086/ahr/50.3.587,1945,1945-04-01,1945-04-01,Other Recent Publications,50,3,587-634,48,explicit_numeric_range,false,unclassified,
crossref:10.1086/ahr/50.3.635,10.1086/ahr/50.3.635,1945,1945-04-01,1945-04-01,Historical News,50,3,635-675,41,explicit_numeric_range,false,unclassified,
crossref:10.1086/ahr/50.3.676,10.1086/ahr/50.3.676,1945,1945-04-01,1945-04-01,My dear Mr. Jameson,50,3,676-689,14,explicit_numeric_range,false,unclassified,Henry Adams
crossref:10.1086/ahr/50.3.676-a,10.1086/ahr/50.3.676-a,1945,1945-04-01,1945-04-01,To the Editor of the American Historical Review,50,3,676-689,14,explicit_numeric_range,false,unclassified,Allan Nevins
crossref:10.1086/ahr/50.4.691,10.1086/ahr/50.4.691,1945,1945-07-01,1945-07-01,The Baltimore Convention of 1912,50,4,691-713,23,explicit_numeric_range,false,unclassified,Arthur S. Link
crossref:10.1086/ahr/50.4.714,10.1086/ahr/50.4.714,1945,1945-07-01,1945-07-01,"Pierre Joseph Proudhon, Harbinger of Fascism",50,4,714-737,24,explicit_numeric_range,false,unclassified,J. Salwyn Schapiro
crossref:10.1086/ahr/50.4.738,10.1086/ahr/50.4.738,1945,1945-07-01,1945-07-01,Great Britain and the Belgian Railways Dispute of 1869,50,4,738-761,24,explicit_numeric_range,false,unclassified,Gordon A. Craig
crossref:10.1086/ahr/50.4.825,10.1086/ahr/50.4.825,1945,1945-07-01,1945-07-01,Other Recent Publications,50,4,825-870,46,explicit_numeric_range,false,unclassified,
crossref:10.1086/ahr/50.4.871,10.1086/ahr/50.4.871,1945,1945-07-01,1945-07-01,Historical News,50,4,871-888,18,explicit_numeric_range,false,unclassified,
crossref:10.1086/ahr/50.4.889,10.1086/ahr/50.4.889,1945,1945-07-01,1945-07-01,Index,50,4,889-917,29,explicit_numeric_range,false,unclassified,
crossref:10.1086/ahr/51.1.1,10.1086/ahr/51.1.1,1945,1945-10-01,1945-10-01,From Jimmu Tennō to Perry Sea Power in Early Japanese History,51,1,1-34,34,explicit_numeric_range,false,unclassified,Arthur J. Marder
crossref:10.1086/ahr/51.1.141,10.1086/ahr/51.1.141,1945,1945-10-01,1945-10-01,Other Recent Publications,51,1,141-184,44,explicit_numeric_range,false,unclassified,
crossref:10.1086/ahr/51.1.185,10.1086/ahr/51.1.185,1945,1945-10-01,1945-10-01,Historical News,51,1,185-197,13,explicit_numeric_range,false,unclassified,
crossref:10.1086/ahr/51.1.35,10.1086/ahr/51.1.35,1945,1945-10-01,1945-10-01,"Violations of Secrecy In Re Senate Executive Sessions, 1789–1929",51,1,35-54,20,explicit_numeric_range,false,unclassified,R. Earl McClendon
crossref:10.1086/ahr/51.1.55,10.1086/ahr/51.1.55,1945,1945-10-01,1945-10-01,"Contraband Trade under the Asiento, 1730–1739",51,1,55-67,13,explicit_numeric_range,false,unclassified,George H. Nelson
crossref:10.1086/ahr/51.1.74,10.1086/ahr/51.1.74,1945,1945-10-01,1945-10-01,Henry Adams’ “Diary of a Visit to Manchester”,51,1,74-89,16,explicit_numeric_range,false,unclassified,Arthur W. Silver
crossref:10.1086/ahr/51.2.199,10.1086/ahr/51.2.199,1946,1946-01-01,1946-01-01,The American Frontier—Frontier of What?,51,2,199-216,18,explicit_numeric_range,false,unclassified,Carlton J. H. Hayes
crossref:10.1086/ahr/51.2.217,10.1086/ahr/51.2.217,1946,1946-01-01,1946-01-01,French Military Institutions before the Franco-Prussian War,51,2,217-235,19,explicit_numeric_range,false,unclassified,Arpad F. Kovacs
crossref:10.1086/ahr/51.2.236,10.1086/ahr/51.2.236,1946,1946-01-01,1946-01-01,"The Highway Movement, 1916–1935",51,2,236-253,18,explicit_numeric_range,false,unclassified,Frederic L. Paxson
crossref:10.1086/ahr/51.2.262,10.1086/ahr/51.2.262,1946,1946-01-01,1946-01-01,Commodore Perry at Okinawa From the Unpublished Diary of a British Missionary,51,2,262-276,15,explicit_numeric_range,false,unclassified,William Leonard Schwartz
crossref:10.1086/ahr/51.2.351,10.1086/ahr/51.2.351,1946,1946-01-01,1946-01-01,Other Recent Publications,51,2,351-403,53,explicit_numeric_range,false,unclassified,
crossref:10.1086/ahr/51.2.404,10.1086/ahr/51.2.404,1946,1946-01-01,1946-01-01,Historical News,51,2,404-418,15,explicit_numeric_range,false,unclassified,
crossref:10.1086/ahr/51.3.419,10.1086/ahr/51.3.419,1946,1946-04-01,1946-04-01,The Problem of the Common Man in Early Medieval Europe,51,3,419-438,20,explicit_numeric_range,false,unclassified,Carl Stephenson
crossref:10.1086/ahr/51.3.439,10.1086/ahr/51.3.439,1946,1946-04-01,1946-04-01,The One-Party Period of American History,51,3,439-451,13,explicit_numeric_range,false,unclassified,Charles S. Sydnor
crossref:10.1086/ahr/51.3.452,10.1086/ahr/51.3.452,1946,1946-04-01,1946-04-01,"Theodore Roosevelt, the American Navy, and the Venezuelan Crisis of 1902–1903",51,3,452-471,20,explicit_numeric_range,false,unclassified,Seward W. Livermore
crossref:10.1086/ahr/51.3.528,10.1086/ahr/51.3.528,1946,1946-04-01,1946-04-01,Other Recent Publications,51,3,528-573,46,explicit_numeric_range,false,unclassified,
crossref:10.1086/ahr/51.3.574,10.1086/ahr/51.3.574,1946,1946-04-01,1946-04-01,Historical News,51,3,574-607,34,explicit_numeric_range,false,unclassified,
crossref:10.1086/ahr/51.4.609,10.1086/ahr/51.4.609,1946,1946-07-01,1946-07-01,The Twentieth of July in the History of the German Resistance,51,4,609-626,18,explicit_numeric_range,false,unclassified,Franklin L. Ford
crossref:10.1086/ahr/51.4.627,10.1086/ahr/51.4.627,1946,1946-07-01,1946-07-01,"British Diplomacy in the Light of Anglo-Spanish New World Issues, 1750–1757",51,4,627-648,22,explicit_numeric_range,false,unclassified,Lawrence Henry Gipson
crossref:10.1086/ahr/51.4.649,10.1086/ahr/51.4.649,1946,1946-07-01,1946-07-01,The Problem of Bread and the French Revolution at Bordeaux,51,4,649-667,19,explicit_numeric_range,false,unclassified,Richard Munthe Brace
crossref:10.1086/ahr/51.4.668,10.1086/ahr/51.4.668,1946,1946-07-01,1946-07-01,Lollard Opposition to Oaths by Creatures,51,4,668-684,17,explicit_numeric_range,false,unclassified,Henry G. Russell
crossref:10.1086/ahr/51.4.740,10.1086/ahr/51.4.740,1946,1946-07-01,1946-07-01,Other Recent Publications,51,4,740-787,48,explicit_numeric_range,false,unclassified,
crossref:10.1086/ahr/51.4.788,10.1086/ahr/51.4.788,1946,1946-07-01,1946-07-01,Historical News,51,4,788-802,15,explicit_numeric_range,false,unclassified,
crossref:10.1086/ahr/51.4.805,10.1086/ahr/51.4.805,1946,1946-07-01,1946-07-01,Index,51,4,805-832,28,explicit_numeric_range,false,unclassified,
crossref:10.1086/ahr/52.1.1,10.1086/ahr/52.1.1,1946,1946-10-01,1946-10-01,The British Road to Yorktown: A Study in Divided Command,52,1,1-35,35,explicit_numeric_range,false,unclassified,William B. Willcox
crossref:10.1086/ahr/52.1.161,10.1086/ahr/52.1.161,1946,1946-10-01,1946-10-01,Other Recent Publications,52,1,161-212,52,explicit_numeric_range,false,unclassified,
crossref:10.1086/ahr/52.1.213,10.1086/ahr/52.1.213,1946,1946-10-01,1946-10-01,Historical News,52,1,213-230,18,explicit_numeric_range,false,unclassified,
crossref:10.1086/ahr/52.1.36,10.1086/ahr/52.1.36,1946,1946-10-01,1946-10-01,Odoacer: German or Hun?,52,1,36-53,18,explicit_numeric_range,false,unclassified,Robert L. Reynolds | Robert S. Lopez
crossref:10.1086/ahr/52.1.54,10.1086/ahr/52.1.54,1946,1946-10-01,1946-10-01,The Failure of an Attempted Franco-German Liberal Rapprochement 1830–1840,52,1,54-67,14,explicit_numeric_range,false,unclassified,Oscar J. Hammen
crossref:10.1086/ahr/52.1.74,10.1086/ahr/52.1.74,1946,1946-10-01,1946-10-01,On the Question of the Hellenization of Sicily and Southern Italy during the Middle Ages,52,1,74-86,13,explicit_numeric_range,false,unclassified,Peter Charanis
crossref:10.1086/ahr/52.1.87,10.1086/ahr/52.1.87,1946,1946-10-01,1946-10-01,Duer and the “Conway Cabal”,52,1,87-96,10,explicit_numeric_range,false,unclassified,Louis Gottschalk | Josephine Fennell
crossref:10.1086/ahr/52.2.231,10.1086/ahr/52.2.231,1947,1947-01-01,1947-01-01,The Idea of Progress,52,2,231-246,16,explicit_numeric_range,false,unclassified,Sidney B. Fay
crossref:10.1086/ahr/52.2.247,10.1086/ahr/52.2.247,1947,1947-01-01,1947-01-01,"Duff Green, Militant Journalist of the Old School",52,2,247-264,18,explicit_numeric_range,false,unclassified,Fletcher M. Green
crossref:10.1086/ahr/52.2.265,10.1086/ahr/52.2.265,1947,1947-01-01,1947-01-01,The Dawn of Nationalism in Europe,52,2,265-280,16,explicit_numeric_range,false,unclassified,Halvdan Koht
crossref:10.1086/ahr/52.2.281,10.1086/ahr/52.2.281,1947,1947-01-01,1947-01-01,An Eighteenth Century Beveridge Planner,52,2,281-290,10,explicit_numeric_range,false,unclassified,Oscar Sherwin
crossref:10.1086/ahr/52.2.353,10.1086/ahr/52.2.353,1947,1947-01-01,1947-01-01,Other Recent Publications,52,2,353-407,55,explicit_numeric_range,false,unclassified,
crossref:10.1086/ahr/52.2.408,10.1086/ahr/52.2.408,1947,1947-01-01,1947-01-01,Historical News,52,2,408-420,13,explicit_numeric_range,false,unclassified,
crossref:10.1086/ahr/52.3.421,10.1086/ahr/52.3.421,1947,1947-04-01,1947-04-01,Natural Science and Naturalistic Art in the Middle Ages,52,3,421-435,15,explicit_numeric_range,false,unclassified,Lynn White
crossref:10.1086/ahr/52.3.436,10.1086/ahr/52.3.436,1947,1947-04-01,1947-04-01,Migration of English Mormons to America,52,3,436-455,20,explicit_numeric_range,false,unclassified,M. Hamlin Cannon
crossref:10.1086/ahr/52.3.456,10.1086/ahr/52.3.456,1947,1947-04-01,1947-04-01,"Gerbert, the Teacher",52,3,456-476,21,explicit_numeric_range,false,unclassified,Oscar G. Darlington
crossref:10.1086/ahr/52.3.477,10.1086/ahr/52.3.477,1947,1947-04-01,1947-04-01,The Four Lords and the Partition Treaty,52,3,477-490,14,explicit_numeric_range,false,unclassified,Chester Kirby
crossref:10.1086/ahr/52.3.538,10.1086/ahr/52.3.538,1947,1947-04-01,1947-04-01,Other Recent Publications,52,3,538-586,49,explicit_numeric_range,false,unclassified,
crossref:10.1086/ahr/52.3.587,10.1086/ahr/52.3.587,1947,1947-04-01,1947-04-01,Historical News,52,3,587-654,68,explicit_numeric_range,false,unclassified,
crossref:10.1086/ahr/52.4.655,10.1086/ahr/52.4.655,1947,1947-07-01,1947-07-01,"The Appearance of an American Attitude toward External Affairs, 1750–1775",52,4,655-666,12,explicit_numeric_range,false,unclassified,Max Savelle
crossref:10.1086/ahr/52.4.667,10.1086/ahr/52.4.667,1947,1947-07-01,1947-07-01,Parliament in the Later Middle Ages,52,4,667-683,17,explicit_numeric_range,false,unclassified,George L. Haskins
crossref:10.1086/ahr/52.4.684,10.1086/ahr/52.4.684,1947,1947-07-01,1947-07-01,Hieronymus of Cardia,52,4,684-696,13,explicit_numeric_range,false,unclassified,Truesdell S. Brown
crossref:10.1086/ahr/52.4.764,10.1086/ahr/52.4.764,1947,1947-07-01,1947-07-01,Other Recent Publications,52,4,764-818,55,explicit_numeric_range,false,unclassified,
crossref:10.1086/ahr/52.4.819,10.1086/ahr/52.4.819,1947,1947-07-01,1947-07-01,Historical News,52,4,819-836,18,explicit_numeric_range,false,unclassified,
crossref:10.1086/ahr/52.4.851,10.1086/ahr/52.4.851,1947,1947-07-01,1947-07-01,Index,52,4,851-884,34,explicit_numeric_range,false,unclassified,
crossref:10.1086/ahr/53.1.1,10.1086/ahr/53.1.1,1947,1947-10-01,1947-10-01,Chinamen in Yankeedom: Anti-Unionism in Massachusetts in 1870,53,1,1-29,29,explicit_numeric_range,false,unclassified,Frederick Rudolph
crossref:10.1086/ahr/53.1.139,10.1086/ahr/53.1.139,1947,1947-10-01,1947-10-01,Other Recent Publications,53,1,139-204,66,explicit_numeric_range,false,unclassified,
crossref:10.1086/ahr/53.1.205,10.1086/ahr/53.1.205,1947,1947-10-01,1947-10-01,Historical News,53,1,205-222,18,explicit_numeric_range,false,unclassified,
crossref:10.1086/ahr/53.1.30,10.1086/ahr/53.1.30,1947,1947-10-01,1947-10-01,The Maine Frontier and the Northeastern Boundary Controversy,53,1,30-41,12,explicit_numeric_range,false,unclassified,Thomas Le Duc
crossref:10.1086/ahr/53.1.59,10.1086/ahr/53.1.59,1947,1947-10-01,1947-10-01,Henry Adams Reports on a German Gymnasium,53,1,59-74,16,explicit_numeric_range,false,unclassified,Harold Dean Cater
crossref:10.1086/ahr/53.2.223,10.1086/ahr/53.2.223,1948,1948-01-01,1948-01-01,The Molding of the Middle West,53,2,223-234,12,explicit_numeric_range,false,unclassified,Thomas J. Wertenbaker
crossref:10.1086/ahr/53.2.235,10.1086/ahr/53.2.235,1948,1948-01-01,1948-01-01,Urban's Crusade—Success or Failure,53,2,235-250,16,explicit_numeric_range,false,unclassified,A. C. Krey
crossref:10.1086/ahr/53.2.251,10.1086/ahr/53.2.251,1948,1948-01-01,1948-01-01,"The Migration of New Englanders to England, 1640–1660",53,2,251-278,28,explicit_numeric_range,false,unclassified,William L. Sachse
crossref:10.1086/ahr/53.2.288,10.1086/ahr/53.2.288,1948,1948-01-01,1948-01-01,“The moderne forme of the Parliaments of England”,53,2,288-305,18,explicit_numeric_range,false,unclassified,Catherine Strateman Sims
crossref:10.1086/ahr/53.2.368,10.1086/ahr/53.2.368,1948,1948-01-01,1948-01-01,Other Recent Publications,53,2,368-418,51,explicit_numeric_range,false,unclassified,
crossref:10.1086/ahr/53.2.419,10.1086/ahr/53.2.419,1948,1948-01-01,1948-01-01,Historical News,53,2,419-435,17,explicit_numeric_range,false,unclassified,
crossref:10.1086/ahr/53.3.439,10.1086/ahr/53.3.439,1948,1948-04-01,1948-04-01,American Public Opinion and the Portsmouth Peace Conference,53,3,439-464,26,explicit_numeric_range,false,unclassified,Winston B. Thorson
crossref:10.1086/ahr/53.3.465,10.1086/ahr/53.3.465,1948,1948-04-01,1948-04-01,Industry and Labor under Napoleon,53,3,465-480,16,explicit_numeric_range,false,unclassified,Chester P. Higby | Caroline B. Willis
crossref:10.1086/ahr/53.3.481,10.1086/ahr/53.3.481,1948,1948-04-01,1948-04-01,"The Armenian Crisis, 1912–1914",53,3,481-505,25,explicit_numeric_range,false,unclassified,Roderic H. Davison
crossref:10.1086/ahr/53.3.506,10.1086/ahr/53.3.506,1948,1948-04-01,1948-04-01,The Neglected First Half of American History,53,3,506-517,12,explicit_numeric_range,false,unclassified,Carl Bridenbaugh
crossref:10.1086/ahr/53.3.585,10.1086/ahr/53.3.585,1948,1948-04-01,1948-04-01,Other Recent Publications,53,3,585-657,73,explicit_numeric_range,false,unclassified,
crossref:10.1086/ahr/53.3.658,10.1086/ahr/53.3.658,1948,1948-04-01,1948-04-01,Historical News,53,3,658-710,53,explicit_numeric_range,false,unclassified,
crossref:10.1086/ahr/53.4.711,10.1086/ahr/53.4.711,1948,1948-07-01,1948-07-01,The German Forty-Eighters in America: A Centennial Appraisal,53,4,711-725,15,explicit_numeric_range,false,unclassified,Carl Wittke
crossref:10.1086/ahr/53.4.726,10.1086/ahr/53.4.726,1948,1948-07-01,1948-07-01,Richard Price and the Constitution of the United States,53,4,726-747,22,explicit_numeric_range,false,unclassified,Carl B. Cone
crossref:10.1086/ahr/53.4.748,10.1086/ahr/53.4.748,1948,1948-07-01,1948-07-01,The “Presidential Synthesis” in American History,53,4,748-759,12,explicit_numeric_range,false,unclassified,Thomas C. Cochran
crossref:10.1086/ahr/53.4.760,10.1086/ahr/53.4.760,1948,1948-07-01,1948-07-01,A Seventeenth Century Attempt to Purify the Anglican Church,53,4,760-775,16,explicit_numeric_range,false,unclassified,Isabel M. Calder
crossref:10.1086/ahr/53.4.776,10.1086/ahr/53.4.776,1948,1948-07-01,1948-07-01,"Our First “War” in China: The Diary of William Henry Powell, 1856",53,4,776-786,11,explicit_numeric_range,false,unclassified,Julius W. Pratt
crossref:10.1086/ahr/53.4.862,10.1086/ahr/53.4.862,1948,1948-07-01,1948-07-01,Other Recent Publications,53,4,862-928,67,explicit_numeric_range,false,unclassified,
crossref:10.1086/ahr/53.4.929,10.1086/ahr/53.4.929,1948,1948-07-01,1948-07-01,Historical News,53,4,929-941,13,explicit_numeric_range,false,unclassified,
crossref:10.1086/ahr/53.4.946,10.1086/ahr/53.4.946,1948,1948-07-01,1948-07-01,Index,53,4,946-977,32,explicit_numeric_range,false,unclassified,
crossref:10.1086/ahr/54.1.1,10.1086/ahr/54.1.1,1948,1948-10-01,1948-10-01,Emperor Frederick III and the German Liberal Movement,54,1,1-31,31,explicit_numeric_range,false,unclassified,Andreas Dorpalen
crossref:10.1086/ahr/54.1.178,10.1086/ahr/54.1.178,1948,1948-10-01,1948-10-01,Other Recent Publications,54,1,178-241,64,explicit_numeric_range,false,unclassified,
crossref:10.1086/ahr/54.1.242,10.1086/ahr/54.1.242,1948,1948-10-01,1948-10-01,Historical News,54,1,242-258,17,explicit_numeric_range,false,unclassified,
crossref:10.1086/ahr/54.1.32,10.1086/ahr/54.1.32,1948,1948-10-01,1948-10-01,The Historian of the Spanish Empire,54,1,32-48,17,explicit_numeric_range,false,unclassified,Garrett Mattingly
crossref:10.1086/ahr/54.1.49,10.1086/ahr/54.1.49,1948,1948-10-01,1948-10-01,Benjamin Harrison and the Presidential Campaign of 1892,54,1,49-77,29,explicit_numeric_range,false,unclassified,Donald Marquand Dozer
crossref:10.1086/ahr/54.1.78,10.1086/ahr/54.1.78,1948,1948-10-01,1948-10-01,Postwar Reorientation of Historical Thinking,54,1,78-89,12,explicit_numeric_range,false,unclassified,Roy F. Nichols
crossref:10.1086/ahr/54.2.259,10.1086/ahr/54.2.259,1949,1949-01-01,1949-01-01,The Christian Understanding of History,54,2,259-276,18,explicit_numeric_range,false,unclassified,Kenneth Scott Latourette
crossref:10.1086/ahr/54.2.277,10.1086/ahr/54.2.277,1949,1949-01-01,1949-01-01,John Evans' Strange Journey,54,2,277-295,19,explicit_numeric_range,false,unclassified,David Williams
crossref:10.1086/ahr/54.2.296,10.1086/ahr/54.2.296,1949,1949-01-01,1949-01-01,The Jackson Wage-Earner Thesis,54,2,296-306,11,explicit_numeric_range,false,unclassified,Joseph Dorfman
crossref:10.1086/ahr/54.2.315,10.1086/ahr/54.2.315,1949,1949-01-01,1949-01-01,Negro Craftsmanship in Early America,54,2,315-325,11,explicit_numeric_range,false,unclassified,Leonard Price Stavisky
crossref:10.1086/ahr/54.2.401,10.1086/ahr/54.2.401,1949,1949-01-01,1949-01-01,Other Recent Publications,54,2,401-456,56,explicit_numeric_range,false,unclassified,
crossref:10.1086/ahr/54.2.467,10.1086/ahr/54.2.467,1949,1949-01-01,1949-01-01,Historical News,54,2,467-483,17,explicit_numeric_range,false,unclassified,
crossref:10.1086/ahr/54.3.485,10.1086/ahr/54.3.485,1949,1949-04-01,1949-04-01,The Impeachment of John Pickering,54,3,485-507,23,explicit_numeric_range,false,unclassified,Lynn W. Turner
crossref:10.1086/ahr/54.3.508,10.1086/ahr/54.3.508,1949,1949-04-01,1949-04-01,John Evans' Strange Journey,54,3,508-529,22,explicit_numeric_range,false,unclassified,David Williams
crossref:10.1086/ahr/54.3.530,10.1086/ahr/54.3.530,1949,1949-04-01,1949-04-01,The Ancient Near East as History,54,3,530-547,18,explicit_numeric_range,false,unclassified,Burr C. Brundage
crossref:10.1086/ahr/54.3.648,10.1086/ahr/54.3.648,1949,1949-04-01,1949-04-01,Other Recent Publications,54,3,648-722,75,explicit_numeric_range,false,unclassified,
crossref:10.1086/ahr/54.3.723,10.1086/ahr/54.3.723,1949,1949-04-01,1949-04-01,Historical News,54,3,723-781,59,explicit_numeric_range,false,unclassified,
crossref:10.1086/ahr/54.4.787,10.1086/ahr/54.4.787,1949,1949-07-01,1949-07-01,Arndt and the Character of German Nationalism,54,4,787-803,17,explicit_numeric_range,false,unclassified,Hans Kohn
crossref:10.1086/ahr/54.4.804,10.1086/ahr/54.4.804,1949,1949-07-01,1949-07-01,Archbishop Manasses I of Rheims and Pope Gregory VII,54,4,804-824,21,explicit_numeric_range,false,unclassified,John R. Williams
crossref:10.1086/ahr/54.4.825,10.1086/ahr/54.4.825,1949,1949-07-01,1949-07-01,Economic and Social Factors in the Prussian Rhineland in 1848,54,4,825-840,16,explicit_numeric_range,false,unclassified,Oscar J. Hammen
crossref:10.1086/ahr/54.4.906,10.1086/ahr/54.4.906,1949,1949-07-01,1949-07-01,Other Recent Publications,54,4,906-971,66,explicit_numeric_range,false,unclassified,
crossref:10.1086/ahr/54.4.972,10.1086/ahr/54.4.972,1949,1949-07-01,1949-07-01,Historical News,54,4,972-991,20,explicit_numeric_range,false,unclassified,
crossref:10.1086/ahr/54.4.992,10.1086/ahr/54.4.992,1949,1949-07-01,1949-07-01,Index,54,4,992-1020,29,explicit_numeric_range,false,unclassified,
crossref:10.1086/ahr/55.1.1,10.1086/ahr/55.1.1,1949,1949-10-01,1949-10-01,Napoleon's Journey to Elba in 1814,55,1,1-21,21,explicit_numeric_range,false,unclassified,J. M. Thompson
crossref:10.1086/ahr/55.1.181,10.1086/ahr/55.1.181,1949,1949-10-01,1949-10-01,Other Recent Publications,55,1,181-259,79,explicit_numeric_range,false,unclassified,
crossref:10.1086/ahr/55.1.22,10.1086/ahr/55.1.22,1949,1949-10-01,1949-10-01,Carl Becker on Progress and Power,55,1,22-35,14,explicit_numeric_range,false,unclassified,Leo Gershoy
crossref:10.1086/ahr/55.1.260,10.1086/ahr/55.1.260,1949,1949-10-01,1949-10-01,Historical News,55,1,260-272,13,explicit_numeric_range,false,unclassified,
crossref:10.1086/ahr/55.1.36,10.1086/ahr/55.1.36,1949,1949-10-01,1949-10-01,"Cipriano Castro, “Man without a Country”",55,1,36-53,18,explicit_numeric_range,false,unclassified,J. Fred Rippy | Clyde E. Hewitt
crossref:10.1086/ahr/55.1.54,10.1086/ahr/55.1.54,1949,1949-10-01,1949-10-01,"Andrew Jackson, Strikebreaker",55,1,54-68,15,explicit_numeric_range,false,unclassified,Richard B. Morris
crossref:10.1086/ahr/55.1.69,10.1086/ahr/55.1.69,1949,1949-10-01,1949-10-01,The Trial of Peers in Great Britain,55,1,69-81,13,explicit_numeric_range,false,unclassified,Colin Rhys Lovell
crossref:10.1086/ahr/55.2.275,10.1086/ahr/55.2.275,1950,1950-01-01,1950-01-01,The Social Responsibilities of the Historian,55,2,275-285,11,explicit_numeric_range,false,unclassified,Conyers Read
crossref:10.1086/ahr/55.2.286,10.1086/ahr/55.2.286,1950,1950-01-01,1950-01-01,When Our West Moved North,55,2,286-300,15,explicit_numeric_range,false,unclassified,Paul F. Sharp
crossref:10.1086/ahr/55.2.301,10.1086/ahr/55.2.301,1950,1950-01-01,1950-01-01,Napoleon's Journey to Elba in 1814,55,2,301-320,20,explicit_numeric_range,false,unclassified,J. M. Thompson
crossref:10.1086/ahr/55.2.321,10.1086/ahr/55.2.321,1950,1950-01-01,1950-01-01,"London and the Twenty Ships, 1626–1627",55,2,321-335,15,explicit_numeric_range,false,unclassified,Melvin C. Wren
crossref:10.1086/ahr/55.2.401,10.1086/ahr/55.2.401,1950,1950-01-01,1950-01-01,Other Recent Publications,55,2,401-461,61,explicit_numeric_range,false,unclassified,
crossref:10.1086/ahr/55.2.462,10.1086/ahr/55.2.462,1950,1950-01-01,1950-01-01,Historical News,55,2,462-476,15,explicit_numeric_range,false,unclassified,
crossref:10.1086/ahr/55.3.479,10.1086/ahr/55.3.479,1950,1950-04-01,1950-04-01,Piedmont and Prussia: The Influence of the Campaigns of 1848–1849 on the Constitutional Development of Italy,55,3,479-502,24,explicit_numeric_range,false,unclassified,Howard McGaw Smyth
crossref:10.1086/ahr/55.3.503,10.1086/ahr/55.3.503,1950,1950-04-01,1950-04-01,Some Observations on Contemporary Historical Theory,55,3,503-529,27,explicit_numeric_range,false,unclassified,Chester McArthur Destler
crossref:10.1086/ahr/55.3.530,10.1086/ahr/55.3.530,1950,1950-04-01,1950-04-01,The Ghost River Caledonia in the Oregon Negotiation of 1818,55,3,530-551,22,explicit_numeric_range,false,unclassified,Frederick Merk
crossref:10.1086/ahr/55.3.552,10.1086/ahr/55.3.552,1950,1950-04-01,1950-04-01,Emigration to Russia,55,3,552-566,15,explicit_numeric_range,false,unclassified,Walther Kirchner
crossref:10.1086/ahr/55.3.650,10.1086/ahr/55.3.650,1950,1950-04-01,1950-04-01,Other Recent Publications,55,3,650-729,80,explicit_numeric_range,false,unclassified,
crossref:10.1086/ahr/55.3.730,10.1086/ahr/55.3.730,1950,1950-04-01,1950-04-01,Historical News,55,3,730-781,52,explicit_numeric_range,false,unclassified,
crossref:10.1086/ahr/55.4.1027,10.1086/ahr/55.4.1027,1950,1950-07-01,1950-07-01,Historical News,55,4,1027-1039,13,explicit_numeric_range,false,unclassified,
crossref:10.1086/ahr/55.4.1043,10.1086/ahr/55.4.1043,1950,1950-07-01,1950-07-01,Index,55,4,1043-1073,31,explicit_numeric_range,false,unclassified,
crossref:10.1086/ahr/55.4.787,10.1086/ahr/55.4.787,1950,1950-07-01,1950-07-01,The Background of the Spanish Revolution of 1868,55,4,787-810,24,explicit_numeric_range,false,unclassified,Willard A. Smith
crossref:10.1086/ahr/55.4.811,10.1086/ahr/55.4.811,1950,1950-07-01,1950-07-01,The Problem of the Spurious Letter of Emperor Alexius to the Count of Flanders,55,4,811-832,22,explicit_numeric_range,false,unclassified,Einar Joranson
crossref:10.1086/ahr/55.4.833,10.1086/ahr/55.4.833,1950,1950-07-01,1950-07-01,"America at the World Fairs, 1851–1893",55,4,833-856,24,explicit_numeric_range,false,unclassified,Merle Curti
crossref:10.1086/ahr/55.4.954,10.1086/ahr/55.4.954,1950,1950-07-01,1950-07-01,Other Recent Publications,55,4,954-1026,73,explicit_numeric_range,false,unclassified,
crossref:10.1086/ahr/56.1.1,10.1086/ahr/56.1.1,1950,1950-10-01,1950-10-01,The Myth of the Unguarded Frontier 1815–1871,56,1,1-18,18,explicit_numeric_range,false,unclassified,C. P. Stacey
crossref:10.1086/ahr/56.1.166,10.1086/ahr/56.1.166,1950,1950-10-01,1950-10-01,Other Recent Publications,56,1,166-239,74,explicit_numeric_range,false,unclassified,
crossref:10.1086/ahr/56.1.19,10.1086/ahr/56.1.19,1950,1950-10-01,1950-10-01,"The American Liberty League, 1934–1940",56,1,19-33,15,explicit_numeric_range,false,unclassified,Frederick Rudolph
crossref:10.1086/ahr/56.1.248,10.1086/ahr/56.1.248,1950,1950-10-01,1950-10-01,Historical Activities,56,1,248-257,10,explicit_numeric_range,false,unclassified,
crossref:10.1086/ahr/56.1.34,10.1086/ahr/56.1.34,1950,1950-10-01,1950-10-01,The Archives and Libraries of Postwar Germany,56,1,34-57,24,explicit_numeric_range,false,unclassified,Lester K. Born
crossref:10.1086/ahr/56.2.261,10.1086/ahr/56.2.261,1951,1951-01-01,1951-01-01,Faith of a Historian,56,2,261-275,15,explicit_numeric_range,false,unclassified,Samuel Eliot Morison
crossref:10.1086/ahr/56.2.276,10.1086/ahr/56.2.276,1951,1951-01-01,1951-01-01,"Austria and the Problem of Reform in the German Confederation, 1851–1863",56,2,276-294,19,explicit_numeric_range,false,unclassified,Enno E. Kraehe
crossref:10.1086/ahr/56.2.295,10.1086/ahr/56.2.295,1951,1951-01-01,1951-01-01,Roosevelt's Monetary Diplomacy in 1933,56,2,295-317,23,explicit_numeric_range,false,unclassified,Jeannette P. Nichols
crossref:10.1086/ahr/56.2.373,10.1086/ahr/56.2.373,1951,1951-01-01,1951-01-01,Other Recent Publications,56,2,373-431,59,explicit_numeric_range,false,unclassified,
crossref:10.1086/ahr/56.2.432,10.1086/ahr/56.2.432,1951,1951-01-01,1951-01-01,Books Received,56,2,432-441,10,explicit_numeric_range,false,unclassified,
crossref:10.1086/ahr/56.3.453,10.1086/ahr/56.3.453,1951,1951-04-01,1951-04-01,The Rise of American Intellectual History,56,3,453-471,19,explicit_numeric_range,false,unclassified,John Higham
crossref:10.1086/ahr/56.3.472,10.1086/ahr/56.3.472,1951,1951-04-01,1951-04-01,Pro Patria Mori in Medieval Political Thought,56,3,472-492,21,explicit_numeric_range,false,unclassified,Ernst H. Kantorowicz
crossref:10.1086/ahr/56.3.493,10.1086/ahr/56.3.493,1951,1951-04-01,1951-04-01,General Dumouriez and the Girondins 1792–1793,56,3,493-509,17,explicit_numeric_range,false,unclassified,Richard Munthe Brace
crossref:10.1086/ahr/56.3.628,10.1086/ahr/56.3.628,1951,1951-04-01,1951-04-01,Other Recent Publications,56,3,628-700,73,explicit_numeric_range,false,unclassified,
crossref:10.1086/ahr/56.3.700,10.1086/ahr/56.3.700,1951,1951-04-01,1951-04-01,Books Received,56,3,700-709,10,explicit_numeric_range,false,unclassified,
crossref:10.1086/ahr/56.3.710,10.1086/ahr/56.3.710,1951,1951-04-01,1951-04-01,Historical News,56,3,710-757,48,explicit_numeric_range,false,unclassified,
crossref:10.1086/ahr/56.4.1014,10.1086/ahr/56.4.1014,1951,1951-07-01,1951-07-01,Books Received,56,4,1014-1024,11,explicit_numeric_range,false,unclassified,
crossref:10.1086/ahr/56.4.1025,10.1086/ahr/56.4.1025,1951,1951-07-01,1951-07-01,Historical News,56,4,1025-1037,13,explicit_numeric_range,false,unclassified,
crossref:10.1086/ahr/56.4.1043,10.1086/ahr/56.4.1043,1951,1951-07-01,1951-07-01,Index,56,4,1043-1075,33,explicit_numeric_range,false,unclassified,
crossref:10.1086/ahr/56.4.767,10.1086/ahr/56.4.767,1951,1951-07-01,1951-07-01,The comte d'Antraigues and the Failure of French Conservatism in 1789,56,4,767-787,21,explicit_numeric_range,false,unclassified,Paul H. Beik
crossref:10.1086/ahr/56.4.788,10.1086/ahr/56.4.788,1951,1951-07-01,1951-07-01,Samuel J. Tilden: The Story of a Lost Opportunity,56,4,788-802,15,explicit_numeric_range,false,unclassified,Mark D. Hirsch
crossref:10.1086/ahr/56.4.803,10.1086/ahr/56.4.803,1951,1951-07-01,1951-07-01,"Liberals at War: The Economic Policies of the Government of National Defense, 1870–1871",56,4,803-823,21,explicit_numeric_range,false,unclassified,Edward L. Katzenbach
crossref:10.1086/ahr/56.4.938,10.1086/ahr/56.4.938,1951,1951-07-01,1951-07-01,Other Recent Publications,56,4,938-1014,77,explicit_numeric_range,false,unclassified,
crossref:10.1086/ahr/57.1.1,10.1086/ahr/57.1.1,1951,1951-10-01,1951-10-01,Still Another Renaissance?,57,1,1-21,21,explicit_numeric_range,false,unclassified,Robert Sabatino Lopez
crossref:10.1086/ahr/57.1.197,10.1086/ahr/57.1.197,1951,1951-10-01,1951-10-01,Other Recent Publications,57,1,197-275,79,explicit_numeric_range,false,unclassified,
crossref:10.1086/ahr/57.1.22,10.1086/ahr/57.1.22,1951,1951-10-01,1951-10-01,Some Demagogues in American History,57,1,22-46,25,explicit_numeric_range,false,unclassified,Reinhard H. Luthin
crossref:10.1086/ahr/57.1.275,10.1086/ahr/57.1.275,1951,1951-10-01,1951-10-01,Books Received,57,1,275-284,10,explicit_numeric_range,false,unclassified,
crossref:10.1086/ahr/57.1.285,10.1086/ahr/57.1.285,1951,1951-10-01,1951-10-01,Historical News,57,1,285-299,15,explicit_numeric_range,false,unclassified,
crossref:10.1086/ahr/57.1.47,10.1086/ahr/57.1.47,1951,1951-10-01,1951-10-01,Prince Eugene of Savoy and Central Europe,57,1,47-62,16,explicit_numeric_range,false,unclassified,Paul R. Sweet
crossref:10.1086/ahr/57.1.63,10.1086/ahr/57.1.63,1951,1951-10-01,1951-10-01,A Study in the Origins of Interstate Rendition: The Big Beaver Creek Murders,57,1,63-76,14,explicit_numeric_range,false,unclassified,William R. Leslie
crossref:10.1086/ahr/57.1.77,10.1086/ahr/57.1.77,1951,1951-10-01,1951-10-01,"German Economic Relations with Southeastern Europe, 1870–1914",57,1,77-90,14,explicit_numeric_range,false,unclassified,Henry Cord Meyer
crossref:10.1086/ahr/57.2.303,10.1086/ahr/57.2.303,1952,1952-01-01,1952-01-01,The Historical Spirit Incarnate: Frederic William Maitland,57,2,303-322,20,explicit_numeric_range,false,unclassified,Robert Livingston Schuyler
crossref:10.1086/ahr/57.2.323,10.1086/ahr/57.2.323,1952,1952-01-01,1952-01-01,Emperor William II and Archduke Francis Ferdinand in Their Correspondence,57,2,323-351,29,explicit_numeric_range,false,unclassified,Robert A. Kann
crossref:10.1086/ahr/57.2.352,10.1086/ahr/57.2.352,1952,1952-01-01,1952-01-01,"Impressment in the Monroe-Pinkney Negotiation, 1806–1807",57,2,352-369,18,explicit_numeric_range,false,unclassified,Anthony Steel
crossref:10.1086/ahr/57.2.487,10.1086/ahr/57.2.487,1952,1952-01-01,1952-01-01,Other Recent Publications,57,2,487-575,89,explicit_numeric_range,false,unclassified,
crossref:10.1086/ahr/57.2.576,10.1086/ahr/57.2.576,1952,1952-01-01,1952-01-01,Historical News,57,2,576-588,13,explicit_numeric_range,false,unclassified,
crossref:10.1086/ahr/57.3.593,10.1086/ahr/57.3.593,1952,1952-04-01,1952-04-01,Men Are More Alike,57,3,593-612,20,explicit_numeric_range,false,unclassified,Boyd C. Shafer
crossref:10.1086/ahr/57.3.613,10.1086/ahr/57.3.613,1952,1952-04-01,1952-04-01,The Historian and Southern Negro Slavery,57,3,613-624,12,explicit_numeric_range,false,unclassified,Kenneth M. Stampp
crossref:10.1086/ahr/57.3.625,10.1086/ahr/57.3.625,1952,1952-04-01,1952-04-01,The Federalist—A Split Personality,57,3,625-643,19,explicit_numeric_range,false,unclassified,Alpheus Thomas Mason
crossref:10.1086/ahr/57.3.718,10.1086/ahr/57.3.718,1952,1952-04-01,1952-04-01,Other Recent Publications,57,3,718-794,77,explicit_numeric_range,false,unclassified,
crossref:10.1086/ahr/57.3.795,10.1086/ahr/57.3.795,1952,1952-04-01,1952-04-01,Historical News,57,3,795-850,56,explicit_numeric_range,false,unclassified,
crossref:10.1086/ahr/57.4.1012,10.1086/ahr/57.4.1012,1952,1952-07-01,1952-07-01,Other Recent Publications,57,4,1012-1083,72,explicit_numeric_range,false,unclassified,
crossref:10.1086/ahr/57.4.1084,10.1086/ahr/57.4.1084,1952,1952-07-01,1952-07-01,Historical News,57,4,1084-1100,17,explicit_numeric_range,false,unclassified,
crossref:10.1086/ahr/57.4.1103,10.1086/ahr/57.4.1103,1952,1952-07-01,1952-07-01,Index,57,4,1103-1134,32,explicit_numeric_range,false,unclassified,
crossref:10.1086/ahr/57.4.853,10.1086/ahr/57.4.853,1952,1952-07-01,1952-07-01,James Madison and His Times,57,4,853-870,18,explicit_numeric_range,false,unclassified,Irving Brant
crossref:10.1086/ahr/57.4.871,10.1086/ahr/57.4.871,1952,1952-07-01,1952-07-01,"Jacques-Louis David, Artist Member of the Committee of General Security",57,4,871-892,22,explicit_numeric_range,false,unclassified,David L. Dowd
crossref:10.1086/ahr/57.4.893,10.1086/ahr/57.4.893,1952,1952-07-01,1952-07-01,The English Mormons in America,57,4,893-908,16,explicit_numeric_range,false,unclassified,M. Hamlin Cannon
crossref:10.1086/ahr/57.4.909,10.1086/ahr/57.4.909,1952,1952-07-01,1952-07-01,Simeon E. Baldwin and the Clerical Control of Yale,57,4,909-918,10,explicit_numeric_range,false,unclassified,Frederick H. Jackson
crossref:10.1086/ahr/57.4.919,10.1086/ahr/57.4.919,1952,1952-07-01,1952-07-01,American Urban History Today,57,4,919-929,11,explicit_numeric_range,false,unclassified,Blake McKelvey
crossref:10.1086/ahr/58.1.1,10.1086/ahr/58.1.1,1952,1952-10-01,1952-10-01,The Perfect Democracy of the Roman Empire,58,1,1-16,16,explicit_numeric_range,false,unclassified,Chester G. Starr
crossref:10.1086/ahr/58.1.156,10.1086/ahr/58.1.156,1952,1952-10-01,1952-10-01,Other Recent Publications,58,1,156-217,62,explicit_numeric_range,false,unclassified,
crossref:10.1086/ahr/58.1.17,10.1086/ahr/58.1.17,1952,1952-10-01,1952-10-01,Empress Auguste Victoria and the Fall of the German Monarchy,58,1,17-38,22,explicit_numeric_range,false,unclassified,Andreas Dorpalen
crossref:10.1086/ahr/58.1.217,10.1086/ahr/58.1.217,1952,1952-10-01,1952-10-01,Books Received,58,1,217-227,11,explicit_numeric_range,false,unclassified,
crossref:10.1086/ahr/58.1.228,10.1086/ahr/58.1.228,1952,1952-10-01,1952-10-01,Historical News,58,1,228-245,18,explicit_numeric_range,false,unclassified,
crossref:10.1086/ahr/58.1.39,10.1086/ahr/58.1.39,1952,1952-10-01,1952-10-01,Canada and the Articles of Confederation,58,1,39-54,16,explicit_numeric_range,false,unclassified,Murray G. Lawson
crossref:10.1086/ahr/58.2.249,10.1086/ahr/58.2.249,1953,1953-01-01,1953-01-01,Historianship,58,2,249-264,16,explicit_numeric_range,false,unclassified,J. G. Randall
crossref:10.1086/ahr/58.2.265,10.1086/ahr/58.2.265,1953,1953-01-01,1953-01-01,"A Struggle for Liberty in the Renaissance: Florence, Venice, and Milan in the Early Quattrocento",58,2,265-289,25,explicit_numeric_range,false,unclassified,Hans Baron
crossref:10.1086/ahr/58.2.290,10.1086/ahr/58.2.290,1953,1953-01-01,1953-01-01,Alexander H. Stephens and Jefferson Davis,58,2,290-321,32,explicit_numeric_range,false,unclassified,James Z. Rabun
crossref:10.1086/ahr/58.2.409,10.1086/ahr/58.2.409,1953,1953-01-01,1953-01-01,Other Recent Publications,58,2,409-488,80,explicit_numeric_range,false,unclassified,
crossref:10.1086/ahr/58.2.489,10.1086/ahr/58.2.489,1953,1953-01-01,1953-01-01,Historical News,58,2,489-504,16,explicit_numeric_range,false,unclassified,
crossref:10.1086/ahr/58.3.505,10.1086/ahr/58.3.505,1953,1953-04-01,1953-04-01,Patent-Office Models of the Good Society: Some Relationships between Social Reform and Westward Expansion,58,3,505-526,22,explicit_numeric_range,false,unclassified,Arthur E. Bestor
crossref:10.1086/ahr/58.3.527,10.1086/ahr/58.3.527,1953,1953-04-01,1953-04-01,The British Conservatives and the American Civil War,58,3,527-543,17,explicit_numeric_range,false,unclassified,Wilbur Devereux Jones
crossref:10.1086/ahr/58.3.544,10.1086/ahr/58.3.544,1953,1953-04-01,1953-04-01,"A Struggle for Liberty in the Renaissance: Florence, Venice, and Milan in the Early Quattrocento",58,3,544-570,27,explicit_numeric_range,false,unclassified,Hans Baron
crossref:10.1086/ahr/58.3.678,10.1086/ahr/58.3.678,1953,1953-04-01,1953-04-01,Other Recent Publications,58,3,678-741,64,explicit_numeric_range,false,unclassified,
crossref:10.1086/ahr/58.3.742,10.1086/ahr/58.3.742,1953,1953-04-01,1953-04-01,Historical News,58,3,742-791,50,explicit_numeric_range,false,unclassified,
crossref:10.1086/ahr/58.4.1044,10.1086/ahr/58.4.1044,1953,1953-07-01,1953-07-01,Historical News,58,4,1044-1055,12,explicit_numeric_range,false,unclassified,
crossref:10.1086/ahr/58.4.1062,10.1086/ahr/58.4.1062,1953,1953-07-01,1953-07-01,Index,58,4,1062-1091,30,explicit_numeric_range,false,unclassified,
crossref:10.1086/ahr/58.4.795,10.1086/ahr/58.4.795,1953,1953-07-01,1953-07-01,Thomas Hart Benton: Southern Realist,58,4,795-807,13,explicit_numeric_range,false,unclassified,Elbert B. Smith
crossref:10.1086/ahr/58.4.808,10.1086/ahr/58.4.808,1953,1953-07-01,1953-07-01,The Anti-Revolutionary Rousseau,58,4,808-823,16,explicit_numeric_range,false,unclassified,Gordon H. McNeil
crossref:10.1086/ahr/58.4.824,10.1086/ahr/58.4.824,1953,1953-07-01,1953-07-01,The Background of Macaulay's Minute,58,4,824-853,30,explicit_numeric_range,false,unclassified,Elmer H. Cutts
crossref:10.1086/ahr/58.4.854,10.1086/ahr/58.4.854,1953,1953-07-01,1953-07-01,"The Loss of the Santa Maria Christmas Day, 1492",58,4,854-865,12,explicit_numeric_range,false,unclassified,Arthur Davies
crossref:10.1086/ahr/58.4.963,10.1086/ahr/58.4.963,1953,1953-07-01,1953-07-01,Other Recent Publications,58,4,963-1043,81,explicit_numeric_range,false,unclassified,
crossref:10.1086/ahr/59.1.1,10.1086/ahr/59.1.1,1953,1953-10-01,1953-10-01,The Church in a Changing World: A Contribution to the Interpretation of the Renaissance,59,1,1-18,18,explicit_numeric_range,false,unclassified,Wallace K. Ferguson
crossref:10.1086/ahr/59.1.173,10.1086/ahr/59.1.173,1953,1953-10-01,1953-10-01,Other Recent Publications,59,1,173-256,84,explicit_numeric_range,false,unclassified,
crossref:10.1086/ahr/59.1.19,10.1086/ahr/59.1.19,1953,1953-10-01,1953-10-01,Colleges in Ferment,59,1,19-42,24,explicit_numeric_range,false,unclassified,George Paul Schmidt
crossref:10.1086/ahr/59.1.257,10.1086/ahr/59.1.257,1953,1953-10-01,1953-10-01,Historical News,59,1,257-272,16,explicit_numeric_range,false,unclassified,
crossref:10.1086/ahr/59.1.43,10.1086/ahr/59.1.43,1953,1953-10-01,1953-10-01,A Prelude to Hitler's Greater Germany,59,1,43-65,23,explicit_numeric_range,false,unclassified,Robert Lewis Koehl
crossref:10.1086/ahr/59.1.66,10.1086/ahr/59.1.66,1953,1953-10-01,1953-10-01,"Socialist Unions and Socialist Patriotism in Germany, 1914–1918",59,1,66-76,11,explicit_numeric_range,false,unclassified,John L. Snell
crossref:10.1086/ahr/59.2.273,10.1086/ahr/59.2.273,1954,1954-01-01,1954-01-01,A Professor of History in a Quandary,59,2,273-286,14,explicit_numeric_range,false,unclassified,Louis Gottschalk
crossref:10.1086/ahr/59.2.287,10.1086/ahr/59.2.287,1954,1954-01-01,1954-01-01,Earl Fitzwilliam and the Corn Laws,59,2,287-304,18,explicit_numeric_range,false,unclassified,David Spring
crossref:10.1086/ahr/59.2.305,10.1086/ahr/59.2.305,1954,1954-01-01,1954-01-01,Variations in Nationalism during the Great Reform Period in Prussia,59,2,305-321,17,explicit_numeric_range,false,unclassified,Walter M. Simon
crossref:10.1086/ahr/59.2.322,10.1086/ahr/59.2.322,1954,1954-01-01,1954-01-01,George Washington and the Alien and Sedition Acts,59,2,322-334,13,explicit_numeric_range,false,unclassified,Marshall Smelser
crossref:10.1086/ahr/59.2.335,10.1086/ahr/59.2.335,1954,1954-01-01,1954-01-01,Who Were the Southern Whigs?,59,2,335-346,12,explicit_numeric_range,false,unclassified,Charles Grier Sellers
crossref:10.1086/ahr/59.2.409,10.1086/ahr/59.2.409,1954,1954-01-01,1954-01-01,Other Recent Publications,59,2,409-494,86,explicit_numeric_range,false,unclassified,
crossref:10.1086/ahr/59.2.495,10.1086/ahr/59.2.495,1954,1954-01-01,1954-01-01,Historical News,59,2,495-511,17,explicit_numeric_range,false,unclassified,
crossref:10.1086/ahr/59.3.513,10.1086/ahr/59.3.513,1954,1954-04-01,1954-04-01,The Stimson Doctrine and the Hoover Doctrine,59,3,513-542,30,explicit_numeric_range,false,unclassified,Richard N. Current
crossref:10.1086/ahr/59.3.543,10.1086/ahr/59.3.543,1954,1954-04-01,1954-04-01,Scholarly Privileges: Their Roman Origins and Medieval Expression,59,3,543-567,25,explicit_numeric_range,false,unclassified,Pearl Kibre
crossref:10.1086/ahr/59.3.568,10.1086/ahr/59.3.568,1954,1954-04-01,1954-04-01,The Meaning of “Historicism”,59,3,568-577,10,explicit_numeric_range,false,unclassified,Dwight E. Lee | Robert N. Beck
crossref:10.1086/ahr/59.3.578,10.1086/ahr/59.3.578,1954,1954-04-01,1954-04-01,Prosecuting the Revolution,59,3,578-587,10,explicit_numeric_range,false,unclassified,Richard C. Haskett
crossref:10.1086/ahr/59.3.668,10.1086/ahr/59.3.668,1954,1954-04-01,1954-04-01,Other Recent Publications,59,3,668-767,100,explicit_numeric_range,false,unclassified,
crossref:10.1086/ahr/59.3.768,10.1086/ahr/59.3.768,1954,1954-04-01,1954-04-01,Historical News,59,3,768-827,60,explicit_numeric_range,false,unclassified,
crossref:10.1086/ahr/59.4.1065,10.1086/ahr/59.4.1065,1954,1954-07-01,1954-07-01,Historical News,59,4,1065-1081,17,explicit_numeric_range,false,unclassified,
crossref:10.1086/ahr/59.4.1083,10.1086/ahr/59.4.1083,1954,1954-07-01,1954-07-01,Index,59,4,1083-1115,33,explicit_numeric_range,false,unclassified,
crossref:10.1086/ahr/59.4.829,10.1086/ahr/59.4.829,1954,1954-07-01,1954-07-01,Herodotus and His Profession,59,4,829-843,15,explicit_numeric_range,false,unclassified,Truesdell S. Brown
crossref:10.1086/ahr/59.4.844,10.1086/ahr/59.4.844,1954,1954-07-01,1954-07-01,Turkish Attitudes Concerning Christian-Muslim Equality in the Nineteenth Century,59,4,844-864,21,explicit_numeric_range,false,unclassified,Roderic H. Davison
crossref:10.1086/ahr/59.4.865,10.1086/ahr/59.4.865,1954,1954-07-01,1954-07-01,Freemanship in Puritan Massachusetts,59,4,865-883,19,explicit_numeric_range,false,unclassified,B. Katherine Brown
crossref:10.1086/ahr/59.4.884,10.1086/ahr/59.4.884,1954,1954-07-01,1954-07-01,Goldwin Smith on England and America,59,4,884-894,11,explicit_numeric_range,false,unclassified,Elisabeth Wallace
crossref:10.1086/ahr/59.4.970,10.1086/ahr/59.4.970,1954,1954-07-01,1954-07-01,Other Recent Publications,59,4,970-1064,95,explicit_numeric_range,false,unclassified,
crossref:10.1086/ahr/60.1.1,10.1086/ahr/60.1.1,1954,1954-10-01,1954-10-01,The American Revolution Considered as a Social Movement: A Re-Evaluation,60,1,1-12,12,explicit_numeric_range,false,unclassified,Frederick B. Tolles
crossref:10.1086/ahr/60.1.13,10.1086/ahr/60.1.13,1954,1954-10-01,1954-10-01,Iconoclasm during the French Revolution,60,1,13-26,14,explicit_numeric_range,false,unclassified,Stanley J. Idzerda
crossref:10.1086/ahr/60.1.140,10.1086/ahr/60.1.140,1954,1954-10-01,1954-10-01,Other Recent Publications,60,1,140-240,101,explicit_numeric_range,false,unclassified,
crossref:10.1086/ahr/60.1.241,10.1086/ahr/60.1.241,1954,1954-10-01,1954-10-01,Historical News,60,1,241-257,17,explicit_numeric_range,false,unclassified,
crossref:10.1086/ahr/60.1.27,10.1086/ahr/60.1.27,1954,1954-10-01,1954-10-01,History and the German Revolution of 1848,60,1,27-44,18,explicit_numeric_range,false,unclassified,Theodore S. Hamerow
crossref:10.1086/ahr/60.1.45,10.1086/ahr/60.1.45,1954,1954-10-01,1954-10-01,"Madison, the “North American,” on Federal Power",60,1,45-54,10,explicit_numeric_range,false,unclassified,Irving Brant
crossref:10.1086/ahr/60.2.259,10.1086/ahr/60.2.259,1955,1955-01-01,1955-01-01,Intellectuals and Other People,60,2,259-282,24,explicit_numeric_range,false,unclassified,Merle Curti
crossref:10.1086/ahr/60.2.283,10.1086/ahr/60.2.283,1955,1955-01-01,1955-01-01,The Treason of Sir Roger Casement,60,2,283-302,20,explicit_numeric_range,false,unclassified,Giovanni Costigan
crossref:10.1086/ahr/60.2.303,10.1086/ahr/60.2.303,1955,1955-01-01,1955-01-01,The Teapot Dome Scandal and the Election of 1924,60,2,303-322,20,explicit_numeric_range,false,unclassified,J. Leonard Bates
crossref:10.1086/ahr/60.2.323,10.1086/ahr/60.2.323,1955,1955-01-01,1955-01-01,The Federal Convention: Madison and Yates,60,2,323-335,13,explicit_numeric_range,false,unclassified,Arnold A. Rogow
crossref:10.1086/ahr/60.2.398,10.1086/ahr/60.2.398,1955,1955-01-01,1955-01-01,Other Recent Publications,60,2,398-477,80,explicit_numeric_range,false,unclassified,
crossref:10.1086/ahr/60.2.478,10.1086/ahr/60.2.478,1955,1955-01-01,1955-01-01,Historical News,60,2,478-496,19,explicit_numeric_range,false,unclassified,
crossref:10.1086/ahr/60.3.501,10.1086/ahr/60.3.501,1955,1955-04-01,1955-04-01,European Liberalism in the Nineteenth Century,60,3,501-526,26,explicit_numeric_range,false,unclassified,David Harris
crossref:10.1086/ahr/60.3.527,10.1086/ahr/60.3.527,1955,1955-04-01,1955-04-01,"The Distinguished Negro in America, 1770–1936",60,3,527-547,21,explicit_numeric_range,false,unclassified,Richard Bardolph
crossref:10.1086/ahr/60.3.548,10.1086/ahr/60.3.548,1955,1955-04-01,1955-04-01,Bismarck and German Nationalism,60,3,548-566,19,explicit_numeric_range,false,unclassified,Otto Pflanze
crossref:10.1086/ahr/60.3.637,10.1086/ahr/60.3.637,1955,1955-04-01,1955-04-01,Other Recent Publications,60,3,637-719,83,explicit_numeric_range,false,unclassified,
crossref:10.1086/ahr/60.3.720,10.1086/ahr/60.3.720,1955,1955-04-01,1955-04-01,Historical News,60,3,720-774,55,explicit_numeric_range,false,unclassified,
crossref:10.1086/ahr/60.4.1024,10.1086/ahr/60.4.1024,1955,1955-07-01,1955-07-01,Historical News,60,4,1024-1036,13,explicit_numeric_range,false,unclassified,
crossref:10.1086/ahr/60.4.1037,10.1086/ahr/60.4.1037,1955,1955-07-01,1955-07-01,Index,60,4,1037-1073,37,explicit_numeric_range,false,unclassified,
crossref:10.1086/ahr/60.4.777,10.1086/ahr/60.4.777,1955,1955-07-01,1955-07-01,Anarchism and the Assassination of McKinley,60,4,777-799,23,explicit_numeric_range,false,unclassified,Sidney Fine
crossref:10.1086/ahr/60.4.800,10.1086/ahr/60.4.800,1955,1955-07-01,1955-07-01,The Ethical Revolt Against Christian Orthodoxy in Early Victorian England,60,4,800-817,18,explicit_numeric_range,false,unclassified,Howard R. Murphy
crossref:10.1086/ahr/60.4.818,10.1086/ahr/60.4.818,1955,1955-07-01,1955-07-01,Japanese Nationalism and Expansionism,60,4,818-829,12,explicit_numeric_range,false,unclassified,Hilary Conroy
crossref:10.1086/ahr/60.4.830,10.1086/ahr/60.4.830,1955,1955-07-01,1955-07-01,Adolf Hitler: Taxpayer,60,4,830-842,13,explicit_numeric_range,false,unclassified,Oron James Hale
crossref:10.1086/ahr/60.4.931,10.1086/ahr/60.4.931,1955,1955-07-01,1955-07-01,Other Recent Publications,60,4,931-1023,93,explicit_numeric_range,false,unclassified,
crossref:10.1086/ahr/61.1.1,10.1086/ahr/61.1.1,1955,1955-10-01,1955-10-01,English Emigration on the Eve of the American Revolution,61,1,1-20,20,explicit_numeric_range,false,unclassified,Mildred Campbell
crossref:10.1086/ahr/61.1.155,10.1086/ahr/61.1.155,1955,1955-10-01,1955-10-01,Other Recent Publications,61,1,155-237,83,explicit_numeric_range,false,unclassified,
crossref:10.1086/ahr/61.1.21,10.1086/ahr/61.1.21,1955,1955-10-01,1955-10-01,The RSDLP and Joseph Fels: A Study in Intercultural Contact,61,1,21-47,27,explicit_numeric_range,false,unclassified,Arthur P. Dudden | Theodore H. von Laue
crossref:10.1086/ahr/61.1.244,10.1086/ahr/61.1.244,1955,1955-10-01,1955-10-01,Historical News,61,1,244-260,17,explicit_numeric_range,false,unclassified,
crossref:10.1086/ahr/61.1.48,10.1086/ahr/61.1.48,1955,1955-10-01,1955-10-01,"Great Britain and the Isthmian Canal, 1898–1901",61,1,48-69,22,explicit_numeric_range,false,unclassified,J. A. S. Grenville
crossref:10.1086/ahr/61.1.77,10.1086/ahr/61.1.77,1955,1955-10-01,1955-10-01,"The Baltimore Society for the Prevention of Pauperism, 1820–1822",61,1,77-87,11,explicit_numeric_range,false,unclassified,Blanche D. Coll
crossref:10.1086/ahr/61.2.265,10.1086/ahr/61.2.265,1956,1956-01-01,1956-01-01,"Whatever Was, Was Right",61,2,265-283,19,explicit_numeric_range,false,unclassified,Lynn Thorndike
crossref:10.1086/ahr/61.2.284,10.1086/ahr/61.2.284,1956,1956-01-01,1956-01-01,"Patterns of Thought and Action in an American Depression, 1882–1886",61,2,284-307,24,explicit_numeric_range,false,unclassified,Samuel Rezneck
crossref:10.1086/ahr/61.2.308,10.1086/ahr/61.2.308,1956,1956-01-01,1956-01-01,Afrikaner Nationalism and Apartheid,61,2,308-330,23,explicit_numeric_range,false,unclassified,Colin Rhys Lovell
crossref:10.1086/ahr/61.2.339,10.1086/ahr/61.2.339,1956,1956-01-01,1956-01-01,"Survey of United States Historians, 1952, and a Forecast",61,2,339-352,14,explicit_numeric_range,false,unclassified,J. F. Wellemeyer
crossref:10.1086/ahr/61.2.429,10.1086/ahr/61.2.429,1956,1956-01-01,1956-01-01,Other Recent Publications,61,2,429-497,69,explicit_numeric_range,false,unclassified,
crossref:10.1086/ahr/61.2.504,10.1086/ahr/61.2.504,1956,1956-01-01,1956-01-01,Historical News,61,2,504-523,20,explicit_numeric_range,false,unclassified,
crossref:10.1086/ahr/61.3.531,10.1086/ahr/61.3.531,1956,1956-04-01,1956-04-01,Arnauld de Pomponne: Louis XIV's Moderate Minister,61,3,531-549,19,explicit_numeric_range,false,unclassified,Herbert H. Rowen
crossref:10.1086/ahr/61.3.550,10.1086/ahr/61.3.550,1956,1956-04-01,1956-04-01,"The Pure-Food Issue: A Republican Dilemma, 1906–1912",61,3,550-573,24,explicit_numeric_range,false,unclassified,Oscar E. Anderson
crossref:10.1086/ahr/61.3.574,10.1086/ahr/61.3.574,1956,1956-04-01,1956-04-01,Aurelius Victor: Historian of Empire,61,3,574-586,13,explicit_numeric_range,false,unclassified,Chester G. Starr
crossref:10.1086/ahr/61.3.587,10.1086/ahr/61.3.587,1956,1956-04-01,1956-04-01,Calvin's Case (1608) and the McIlwain-Schuyler Debate,61,3,587-597,11,explicit_numeric_range,false,unclassified,Harvey Wheeler
crossref:10.1086/ahr/61.3.675,10.1086/ahr/61.3.675,1956,1956-04-01,1956-04-01,Other Recent Publications,61,3,675-766,92,explicit_numeric_range,false,unclassified,
crossref:10.1086/ahr/61.3.767,10.1086/ahr/61.3.767,1956,1956-04-01,1956-04-01,Historical News,61,3,767-824,58,explicit_numeric_range,false,unclassified,
crossref:10.1086/ahr/61.4.1074,10.1086/ahr/61.4.1074,1956,1956-07-01,1956-07-01,Historical News,61,4,1074-1083,10,explicit_numeric_range,false,unclassified,
crossref:10.1086/ahr/61.4.1091,10.1086/ahr/61.4.1091,1956,1956-07-01,1956-07-01,Index,61,4,1091-1127,37,explicit_numeric_range,false,unclassified,
crossref:10.1086/ahr/61.4.825,10.1086/ahr/61.4.825,1956,1956-07-01,1956-07-01,The Winning of Freedom of Speech by the House of Commons,61,4,825-853,29,explicit_numeric_range,false,unclassified,Harold Hulme
crossref:10.1086/ahr/61.4.854,10.1086/ahr/61.4.854,1956,1956-07-01,1956-07-01,"The Movement for an Aggressive American Oil Policy Abroad, 1918–1920",61,4,854-876,23,explicit_numeric_range,false,unclassified,John A. DeNovo
crossref:10.1086/ahr/61.4.877,10.1086/ahr/61.4.877,1956,1956-07-01,1956-07-01,Italy Reviews Its Fascist Past: A Bibliographical Essay,61,4,877-899,23,explicit_numeric_range,false,unclassified,Emiliana P. Noether
crossref:10.1086/ahr/61.4.900,10.1086/ahr/61.4.900,1956,1956-07-01,1956-07-01,Periodization in European History,61,4,900-913,14,explicit_numeric_range,false,unclassified,Dietrich Gerhard
crossref:10.1086/ahr/61.4.914,10.1086/ahr/61.4.914,1956,1956-07-01,1956-07-01,South Carolina—A Protagonist of the War of 1812,61,4,914-929,16,explicit_numeric_range,false,unclassified,Margaret Kinard Latimer
crossref:10.1086/ahr/61.4.997,10.1086/ahr/61.4.997,1956,1956-07-01,1956-07-01,Other Recent Publications,61,4,997-1066,70,explicit_numeric_range,false,unclassified,
crossref:10.1086/ahr/62.1.1,10.1086/ahr/62.1.1,1956,1956-10-01,1956-10-01,Carl Becker on History Professor Becker's Two Histories: A Skeptical Fallacy,62,1,1-11,11,explicit_numeric_range,false,unclassified,Perez Zagorin
crossref:10.1086/ahr/62.1.173,10.1086/ahr/62.1.173,1956,1956-10-01,1956-10-01,Other Recent Publications,62,1,173-271,99,explicit_numeric_range,false,unclassified,
crossref:10.1086/ahr/62.1.18,10.1086/ahr/62.1.18,1956,1956-10-01,1956-10-01,Philip the Fair—A “Constitutional” King,62,1,18-32,15,explicit_numeric_range,false,unclassified,Joseph R. Strayer
crossref:10.1086/ahr/62.1.272,10.1086/ahr/62.1.272,1956,1956-10-01,1956-10-01,Historical News,62,1,272-286,15,explicit_numeric_range,false,unclassified,
crossref:10.1086/ahr/62.1.33,10.1086/ahr/62.1.33,1956,1956-10-01,1956-10-01,A Century of Historiography on the Origins of the Crimean War,62,1,33-58,26,explicit_numeric_range,false,unclassified,Brison D. Gooch
crossref:10.1086/ahr/62.1.59,10.1086/ahr/62.1.59,1956,1956-10-01,1956-10-01,A Note on Charles Austin Beard's Search for a General Theory of Causation,62,1,59-80,22,explicit_numeric_range,false,unclassified,William Appleman Williams
crossref:10.1086/ahr/62.1.81,10.1086/ahr/62.1.81,1956,1956-10-01,1956-10-01,The Significance of Medicine in American History,62,1,81-91,11,explicit_numeric_range,false,unclassified,Richard H. Shryock
crossref:10.1086/ahr/62.2.291,10.1086/ahr/62.2.291,1957,1957-01-01,1957-01-01,We Shall Gladly Teach,62,2,291-309,19,explicit_numeric_range,false,unclassified,Dexter Perkins
crossref:10.1086/ahr/62.2.310,10.1086/ahr/62.2.310,1957,1957-01-01,1957-01-01,Hamilton's Notes in His Pay Book of the New York State Artillery Company,62,2,310-325,16,explicit_numeric_range,false,unclassified,E. P. Panagopoulos
crossref:10.1086/ahr/62.2.326,10.1086/ahr/62.2.326,1957,1957-01-01,1957-01-01,The Extraordinary Ideas of Alexander the Great,62,2,326-344,19,explicit_numeric_range,false,unclassified,C. A. Robinson
crossref:10.1086/ahr/62.2.352,10.1086/ahr/62.2.352,1957,1957-01-01,1957-01-01,The History of American Philanthropy as a Field of Research,62,2,352-363,12,explicit_numeric_range,false,unclassified,Merle Curti
crossref:10.1086/ahr/62.2.425,10.1086/ahr/62.2.425,1957,1957-01-01,1957-01-01,Other Recent Publications,62,2,425-504,80,explicit_numeric_range,false,unclassified,
crossref:10.1086/ahr/62.2.512,10.1086/ahr/62.2.512,1957,1957-01-01,1957-01-01,Historical News,62,2,512-526,15,explicit_numeric_range,false,unclassified,
crossref:10.1086/ahr/62.3.527,10.1086/ahr/62.3.527,1957,1957-04-01,1957-04-01,East Asian Views of Modern European History,62,3,527-536,10,explicit_numeric_range,false,unclassified,John K. Fairbank
crossref:10.1086/ahr/62.3.537,10.1086/ahr/62.3.537,1957,1957-04-01,1957-04-01,Jackson Men with Feet of Clay,62,3,537-551,15,explicit_numeric_range,false,unclassified,Charles Grier Sellers
crossref:10.1086/ahr/62.3.552,10.1086/ahr/62.3.552,1957,1957-04-01,1957-04-01,French Finance and Italian Unity: The Cavourian Decade,62,3,552-569,18,explicit_numeric_range,false,unclassified,Rondo E. Cameron
crossref:10.1086/ahr/62.3.570,10.1086/ahr/62.3.570,1957,1957-04-01,1957-04-01,Assistance Available for Post-Doctoral Historical Research and Publication,62,3,570-593,24,explicit_numeric_range,false,unclassified,Louise Carroll Wade
crossref:10.1086/ahr/62.3.652,10.1086/ahr/62.3.652,1957,1957-04-01,1957-04-01,Other Recent Publications,62,3,652-739,88,explicit_numeric_range,false,unclassified,
crossref:10.1086/ahr/62.3.740,10.1086/ahr/62.3.740,1957,1957-04-01,1957-04-01,Historical News,62,3,740-802,63,explicit_numeric_range,false,unclassified,
crossref:10.1086/ahr/62.4.1043,10.1086/ahr/62.4.1043,1957,1957-07-01,1957-07-01,Historical News,62,4,1043-1053,11,explicit_numeric_range,false,unclassified,
crossref:10.1086/ahr/62.4.1061,10.1086/ahr/62.4.1061,1957,1957-07-01,1957-07-01,American Historical Review: Volume LXII,62,4,1061-1106,46,explicit_numeric_range,false,unclassified,
crossref:10.1086/ahr/62.4.807,10.1086/ahr/62.4.807,1957,1957-07-01,1957-07-01,The Rise of Serfdom in Eastern Europe,62,4,807-836,30,explicit_numeric_range,false,unclassified,Jerome Blum
crossref:10.1086/ahr/62.4.837,10.1086/ahr/62.4.837,1957,1957-07-01,1957-07-01,The Cultural Impact of the Flemish Low Countries on Sixteenth- and Seventeenth-Century England,62,4,837-854,18,explicit_numeric_range,false,unclassified,John J. Murray
crossref:10.1086/ahr/62.4.855,10.1086/ahr/62.4.855,1957,1957-07-01,1957-07-01,Trends of United States Studies in Latin American History,62,4,855-877,23,explicit_numeric_range,false,unclassified,Charles Gibson | Benjamin Keen
crossref:10.1086/ahr/62.4.952,10.1086/ahr/62.4.952,1957,1957-07-01,1957-07-01,Other Recent Publications,62,4,952-1036,85,explicit_numeric_range,false,unclassified,
crossref:10.1086/ahr/63.1.1,10.1086/ahr/63.1.1,1957,1957-10-01,1957-10-01,"George Canning, Great Britain, and the United States, 1807–1809",63,1,1-22,22,explicit_numeric_range,false,unclassified,Bradford Perkins
crossref:10.1086/ahr/63.1.160,10.1086/ahr/63.1.160,1957,1957-10-01,1957-10-01,Other Recent Publications,63,1,160-262,103,explicit_numeric_range,false,unclassified,
crossref:10.1086/ahr/63.1.23,10.1086/ahr/63.1.23,1957,1957-10-01,1957-10-01,"The Movement to Abolish Capital Punishment in America, 1787–1861",63,1,23-46,24,explicit_numeric_range,false,unclassified,David Brion Davis
crossref:10.1086/ahr/63.1.263,10.1086/ahr/63.1.263,1957,1957-10-01,1957-10-01,Historical News,63,1,263-281,19,explicit_numeric_range,false,unclassified,
crossref:10.1086/ahr/63.1.47,10.1086/ahr/63.1.47,1957,1957-10-01,1957-10-01,Medieval Real Estate Developments and Freedom,63,1,47-61,15,explicit_numeric_range,false,unclassified,Bryce Lyon
crossref:10.1086/ahr/63.1.62,10.1086/ahr/63.1.62,1957,1957-10-01,1957-10-01,The Horizons of History,63,1,62-74,13,explicit_numeric_range,false,unclassified,Leonard Krieger
crossref:10.1086/ahr/63.2.283,10.1086/ahr/63.2.283,1958,1958-01-01,1958-01-01,The Next Assignment,63,2,283-304,22,explicit_numeric_range,false,unclassified,William L. Langer
crossref:10.1086/ahr/63.2.305,10.1086/ahr/63.2.305,1958,1958-01-01,1958-01-01,Some Aspects of Whig Thought and Theory in the Jacksonian Period,63,2,305-322,18,explicit_numeric_range,false,unclassified,Glyndon G. Van Deusen
crossref:10.1086/ahr/63.2.323,10.1086/ahr/63.2.323,1958,1958-01-01,1958-01-01,Tory Paternalism and Social Reform in Early Victorian England,63,2,323-337,15,explicit_numeric_range,false,unclassified,David Roberts
crossref:10.1086/ahr/63.2.338,10.1086/ahr/63.2.338,1958,1958-01-01,1958-01-01,Working-Class Politics and Economic Development in Western Europe,63,2,338-351,14,explicit_numeric_range,false,unclassified,Val R. Lorwin
crossref:10.1086/ahr/63.2.352,10.1086/ahr/63.2.352,1958,1958-01-01,1958-01-01,English Nonconformity and the Decline of Liberalism,63,2,352-363,12,explicit_numeric_range,false,unclassified,John F. Glaser
crossref:10.1086/ahr/63.2.452,10.1086/ahr/63.2.452,1958,1958-01-01,1958-01-01,Other Recent Publications,63,2,452-547,96,explicit_numeric_range,false,unclassified,
crossref:10.1086/ahr/63.2.548,10.1086/ahr/63.2.548,1958,1958-01-01,1958-01-01,Historical News,63,2,548-564,17,explicit_numeric_range,false,unclassified,
crossref:10.1086/ahr/63.3.565,10.1086/ahr/63.3.565,1958,1958-04-01,1958-04-01,Russo-German Military Collaboration During the Weimar Republic,63,3,565-597,33,explicit_numeric_range,false,unclassified,Hans W. Gatzke
crossref:10.1086/ahr/63.3.598,10.1086/ahr/63.3.598,1958,1958-04-01,1958-04-01,"Congressional Debate on Slavery and the Declaration of Independence, 1819–1821",63,3,598-616,19,explicit_numeric_range,false,unclassified,Philip F. Detweiler
crossref:10.1086/ahr/63.3.617,10.1086/ahr/63.3.617,1958,1958-04-01,1958-04-01,“Holy Russia”: A Study in the History of an Idea,63,3,617-637,21,explicit_numeric_range,false,unclassified,Michael Cherniavsky
crossref:10.1086/ahr/63.3.712,10.1086/ahr/63.3.712,1958,1958-04-01,1958-04-01,Other Recent Publications,63,3,712-804,93,explicit_numeric_range,false,unclassified,
crossref:10.1086/ahr/63.3.805,10.1086/ahr/63.3.805,1958,1958-04-01,1958-04-01,Historical News,63,3,805-861,57,explicit_numeric_range,false,unclassified,
crossref:10.1086/ahr/63.4.1026,10.1086/ahr/63.4.1026,1958,1958-07-01,1958-07-01,Other Recent Publications,63,4,1026-1121,96,explicit_numeric_range,false,unclassified,
crossref:10.1086/ahr/63.4.1122,10.1086/ahr/63.4.1122,1958,1958-07-01,1958-07-01,Historical News,63,4,1122-1134,13,explicit_numeric_range,false,unclassified,
crossref:10.1086/ahr/63.4.1137,10.1086/ahr/63.4.1137,1958,1958-07-01,1958-07-01,Index,63,4,1137-1182,46,explicit_numeric_range,false,unclassified,
crossref:10.1086/ahr/63.4.863,10.1086/ahr/63.4.863,1958,1958-07-01,1958-07-01,"The American Navy as a Factor in World Politics, 1903–1913",63,4,863-879,17,explicit_numeric_range,false,unclassified,Seward W. Livermore
crossref:10.1086/ahr/63.4.880,10.1086/ahr/63.4.880,1958,1958-07-01,1958-07-01,The Army of Nicholas I: Its Role and Character,63,4,880-889,10,explicit_numeric_range,false,unclassified,John Shelton Curtiss
crossref:10.1086/ahr/63.4.890,10.1086/ahr/63.4.890,1958,1958-07-01,1958-07-01,The Urban Side of the Gracchan Economic Crisis,63,4,890-902,13,explicit_numeric_range,false,unclassified,Henry C. Boren
crossref:10.1086/ahr/63.4.903,10.1086/ahr/63.4.903,1958,1958-07-01,1958-07-01,Martin Van Buren and the Tariff of Abominations,63,4,903-917,15,explicit_numeric_range,false,unclassified,Robert V. Remini
crossref:10.1086/ahr/63.4.924,10.1086/ahr/63.4.924,1958,1958-07-01,1958-07-01,Charles Stedman's History of the American War,63,4,924-934,11,explicit_numeric_range,false,unclassified,R. Kent Newmyer
crossref:10.1086/ahr/64.1.1,10.1086/ahr/64.1.1,1958,1958-10-01,1958-10-01,The Business Classes and the Revolution outside France,64,1,1-13,13,explicit_numeric_range,false,unclassified,Jacques Godechot
crossref:10.1086/ahr/64.1.137,10.1086/ahr/64.1.137,1958,1958-10-01,1958-10-01,Other Recent Publications,64,1,137-247,111,explicit_numeric_range,false,unclassified,
crossref:10.1086/ahr/64.1.14,10.1086/ahr/64.1.14,1958,1958-10-01,1958-10-01,"Urban Life in Western America, 1790–1830",64,1,14-30,17,explicit_numeric_range,false,unclassified,Richard C. Wade
crossref:10.1086/ahr/64.1.248,10.1086/ahr/64.1.248,1958,1958-10-01,1958-10-01,Historical News,64,1,248-262,15,explicit_numeric_range,false,unclassified,
crossref:10.1086/ahr/64.1.31,10.1086/ahr/64.1.31,1958,1958-10-01,1958-10-01,Indian Removal and Land Allotment: The Civilized Tribes and Jacksonian Justice,64,1,31-45,15,explicit_numeric_range,false,unclassified,Mary E. Young
crossref:10.1086/ahr/64.2.265,10.1086/ahr/64.2.265,1959,1959-01-01,1959-01-01,History as High Adventure,64,2,265-281,17,explicit_numeric_range,false,unclassified,Walter Prescott Webb
crossref:10.1086/ahr/64.2.282,10.1086/ahr/64.2.282,1959,1959-01-01,1959-01-01,"The Azaña Regime in Perspective (Spain, 1931–1933)",64,2,282-300,19,explicit_numeric_range,false,unclassified,Gabriel Jackson
crossref:10.1086/ahr/64.2.301,10.1086/ahr/64.2.301,1959,1959-01-01,1959-01-01,The Pendleton Act and the Civil Service,64,2,301-318,18,explicit_numeric_range,false,unclassified,Ari Hoogenboom
crossref:10.1086/ahr/64.2.415,10.1086/ahr/64.2.415,1959,1959-01-01,1959-01-01,Other Recent Publications,64,2,415-512,98,explicit_numeric_range,false,unclassified,
crossref:10.1086/ahr/64.2.521,10.1086/ahr/64.2.521,1959,1959-01-01,1959-01-01,Historical News,64,2,521-533,13,explicit_numeric_range,false,unclassified,
crossref:10.1086/ahr/64.3.537,10.1086/ahr/64.3.537,1959,1959-04-01,1959-04-01,"The Congressional Controversy over School Segregation, 1867–1875",64,3,537-563,27,explicit_numeric_range,false,unclassified,Alfred H. Kelly
crossref:10.1086/ahr/64.3.564,10.1086/ahr/64.3.564,1959,1959-04-01,1959-04-01,Privy Council Schemes and Ministerial Responsibility in Later Stuart England,64,3,564-582,19,explicit_numeric_range,false,unclassified,Clayton Roberts
crossref:10.1086/ahr/64.3.583,10.1086/ahr/64.3.583,1959,1959-04-01,1959-04-01,Along the Road Back to France 1940,64,3,583-603,21,explicit_numeric_range,false,unclassified,John C. Cairns
crossref:10.1086/ahr/64.3.683,10.1086/ahr/64.3.683,1959,1959-04-01,1959-04-01,Other Recent Publications,64,3,683-768,86,explicit_numeric_range,false,unclassified,
crossref:10.1086/ahr/64.3.775,10.1086/ahr/64.3.775,1959,1959-04-01,1959-04-01,Historical News,64,3,775-829,55,explicit_numeric_range,false,unclassified,
crossref:10.1086/ahr/64.4.1062,10.1086/ahr/64.4.1062,1959,1959-07-01,1959-07-01,Other Books Received,64,4,1062-1071,10,explicit_numeric_range,false,unclassified,
crossref:10.1086/ahr/64.4.1072,10.1086/ahr/64.4.1072,1959,1959-07-01,1959-07-01,Historical News,64,4,1072-1084,13,explicit_numeric_range,false,unclassified,
crossref:10.1086/ahr/64.4.833,10.1086/ahr/64.4.833,1959,1959-07-01,1959-07-01,What Happened to the Progressive Movement in the 1920's?,64,4,833-851,19,explicit_numeric_range,false,unclassified,Arthur S. Link
crossref:10.1086/ahr/64.4.852,10.1086/ahr/64.4.852,1959,1959-07-01,1959-07-01,"England's First Attempt to Break the Commercial Monopoly of the Hanseatic League, 1377–1380",64,4,852-865,14,explicit_numeric_range,false,unclassified,Hyman Palais
crossref:10.1086/ahr/64.4.866,10.1086/ahr/64.4.866,1959,1959-07-01,1959-07-01,"Canada and the Siberian Intervention, 1918–1919",64,4,866-877,12,explicit_numeric_range,false,unclassified,Gaddis Smith
crossref:10.1086/ahr/64.4.878,10.1086/ahr/64.4.878,1959,1959-07-01,1959-07-01,Pragmatism as a Theory of Historical Knowledge: John Dewey on the Nature of Historical Inquiry,64,4,878-890,13,explicit_numeric_range,false,unclassified,Burleigh Taylor Wilkins
crossref:10.1086/ahr/64.4.891,10.1086/ahr/64.4.891,1959,1959-07-01,1959-07-01,The United States and the Geneva Protocol of 1924: “A New Holy Alliance”?,64,4,891-905,15,explicit_numeric_range,false,unclassified,David D. Burks
crossref:10.1086/ahr/64.4.978,10.1086/ahr/64.4.978,1959,1959-07-01,1959-07-01,Other Recent Publications,64,4,978-1062,85,explicit_numeric_range,false,unclassified,
crossref:10.1086/ahr/65.1.1,10.1086/ahr/65.1.1,1959,1959-10-01,1959-10-01,The Introduction of Industrialists into the British Peerage: A Study in Adaptation of a Social Institution,65,1,1-16,16,explicit_numeric_range,false,unclassified,Ralph E. Pumphrey
crossref:10.1086/ahr/65.1.153,10.1086/ahr/65.1.153,1959,1959-10-01,1959-10-01,Other Recent Publications,65,1,153-232,80,explicit_numeric_range,false,unclassified,
crossref:10.1086/ahr/65.1.17,10.1086/ahr/65.1.17,1959,1959-10-01,1959-10-01,Development of the Committee System in the House of Representatives,65,1,17-30,14,explicit_numeric_range,false,unclassified,George B. Galloway
crossref:10.1086/ahr/65.1.241,10.1086/ahr/65.1.241,1959,1959-10-01,1959-10-01,Historical News,65,1,241-251,11,explicit_numeric_range,false,unclassified,
crossref:10.1086/ahr/65.1.31,10.1086/ahr/65.1.31,1959,1959-10-01,1959-10-01,"The Procurement of Oarsmen for French Galleys, 1660–1748",65,1,31-48,18,explicit_numeric_range,false,unclassified,Paul Walden Bamford
crossref:10.1086/ahr/65.1.49,10.1086/ahr/65.1.49,1959,1959-10-01,1959-10-01,"The House of Morgan and the Executive, 1905–1913",65,1,49-60,12,explicit_numeric_range,false,unclassified,Robert H. Wiebe
crossref:10.1086/ahr/65.1.61,10.1086/ahr/65.1.61,1959,1959-10-01,1959-10-01,The Future Uses of History,65,1,61-71,11,explicit_numeric_range,false,unclassified,J. Franklin Jameson
crossref:10.1086/ahr/65.1.72,10.1086/ahr/65.1.72,1959,1959-10-01,1959-10-01,The British Empire and Commonwealth in Recent Historiography,65,1,72-91,20,explicit_numeric_range,false,unclassified,Philip D. Curtin
crossref:10.1086/ahr/65.2.253,10.1086/ahr/65.2.253,1960,1960-01-01,1960-01-01,"Not Capulets, Not Montagus",65,2,253-270,18,explicit_numeric_range,false,unclassified,Allan Nevins
crossref:10.1086/ahr/65.2.271,10.1086/ahr/65.2.271,1960,1960-01-01,1960-01-01,Early Medieval Trade Routes,65,2,271-287,17,explicit_numeric_range,false,unclassified,Howard L. Adelson
crossref:10.1086/ahr/65.2.288,10.1086/ahr/65.2.288,1960,1960-01-01,1960-01-01,New Perspectives on Jacksonian Politics,65,2,288-301,14,explicit_numeric_range,false,unclassified,Richard P. McCormick
crossref:10.1086/ahr/65.2.302,10.1086/ahr/65.2.302,1960,1960-01-01,1960-01-01,Soviet Historiography and America's Role in the Intervention,65,2,302-322,21,explicit_numeric_range,false,unclassified,George F. Kennan
crossref:10.1086/ahr/65.2.323,10.1086/ahr/65.2.323,1960,1960-01-01,1960-01-01,"American Continentalism: An Idea of Expansion, 1845–1910",65,2,323-335,13,explicit_numeric_range,false,unclassified,Charles Vevier
crossref:10.1086/ahr/65.2.406,10.1086/ahr/65.2.406,1960,1960-01-01,1960-01-01,Other Recent Publications,65,2,406-470,65,explicit_numeric_range,false,unclassified,
crossref:10.1086/ahr/65.2.476,10.1086/ahr/65.2.476,1960,1960-01-01,1960-01-01,Historical News,65,2,476-487,12,explicit_numeric_range,false,unclassified,
crossref:10.1086/ahr/65.3.495,10.1086/ahr/65.3.495,1960,1960-04-01,1960-04-01,The American Social Order: A Conservative Hypothesis,65,3,495-514,20,explicit_numeric_range,false,unclassified,Rowland Berthoff
crossref:10.1086/ahr/65.3.515,10.1086/ahr/65.3.515,1960,1960-04-01,1960-04-01,"Tibet, India, and Malaya as Sources of Western Medieval Technology",65,3,515-526,12,explicit_numeric_range,false,unclassified,Lynn White
crossref:10.1086/ahr/65.3.527,10.1086/ahr/65.3.527,1960,1960-04-01,1960-04-01,The Most Wholesome Law—The Habeas Corpus Act of 1679,65,3,527-543,17,explicit_numeric_range,false,unclassified,Helen A. Nutting
crossref:10.1086/ahr/65.3.544,10.1086/ahr/65.3.544,1960,1960-04-01,1960-04-01,The Social and Economic History of the Roman Empire: Rostovtzeff's Classic After Thirty-Three Years,65,3,544-553,10,explicit_numeric_range,false,unclassified,Sterling Dow
crossref:10.1086/ahr/65.3.554,10.1086/ahr/65.3.554,1960,1960-04-01,1960-04-01,The Right in France: A Working Hypothesis,65,3,554-568,15,explicit_numeric_range,false,unclassified,Eugen Weber
crossref:10.1086/ahr/65.3.649,10.1086/ahr/65.3.649,1960,1960-04-01,1960-04-01,Other Recent Publications,65,3,649-702,54,explicit_numeric_range,false,unclassified,
crossref:10.1086/ahr/65.3.702,10.1086/ahr/65.3.702,1960,1960-04-01,1960-04-01,Articles and Other Books Received,65,3,702-732,31,explicit_numeric_range,false,unclassified,
crossref:10.1086/ahr/65.3.733,10.1086/ahr/65.3.733,1960,1960-04-01,1960-04-01,Historical News,65,3,733-778,46,explicit_numeric_range,false,unclassified,
crossref:10.1086/ahr/65.4.1005,10.1086/ahr/65.4.1005,1960,1960-07-01,1960-07-01,Articles and Other Books Received,65,4,1005-1038,34,explicit_numeric_range,false,unclassified,
crossref:10.1086/ahr/65.4.1053,10.1086/ahr/65.4.1053,1960,1960-07-01,1960-07-01,Index,65,4,1053-1086,34,explicit_numeric_range,false,unclassified,
crossref:10.1086/ahr/65.4.787,10.1086/ahr/65.4.787,1960,1960-07-01,1960-07-01,Republican Strategy and the Farm Vote in the Presidential Campaign of 1896,65,4,787-806,20,explicit_numeric_range,false,unclassified,Gilbert C. Fite
crossref:10.1086/ahr/65.4.807,10.1086/ahr/65.4.807,1960,1960-07-01,1960-07-01,The Intelligentsia and the Religion of Humanity,65,4,807-821,15,explicit_numeric_range,false,unclassified,James H. Billington
crossref:10.1086/ahr/65.4.822,10.1086/ahr/65.4.822,1960,1960-07-01,1960-07-01,The Hull-Nomura Conversations: A Fundamental Misconception,65,4,822-836,15,explicit_numeric_range,false,unclassified,Robert J. C. Butow
crossref:10.1086/ahr/65.4.837,10.1086/ahr/65.4.837,1960,1960-07-01,1960-07-01,The Nature of the Avenir Movement (1830–1831),65,4,837-847,11,explicit_numeric_range,false,unclassified,Peter N. Stearns
crossref:10.1086/ahr/65.4.848,10.1086/ahr/65.4.848,1960,1960-07-01,1960-07-01,"Survey of Unpublished Sources on the Central Government and Politics of the German Empire, 1871–1918",65,4,848-859,12,explicit_numeric_range,false,unclassified,Thomas E. Skidmore
crossref:10.1086/ahr/65.4.942,10.1086/ahr/65.4.942,1960,1960-07-01,1960-07-01,Other Recent Publications,65,4,942-1005,64,explicit_numeric_range,false,unclassified,
crossref:10.1086/ahr/66.1.1,10.1086/ahr/66.1.1,1960,1960-10-01,1960-10-01,The Age of Reinterpretation,66,1,1-19,19,explicit_numeric_range,false,unclassified,C. Vann Woodward
crossref:10.1086/ahr/66.1.184,10.1086/ahr/66.1.184,1960,1960-10-01,1960-10-01,Other Recent Publications,66,1,184-246,63,explicit_numeric_range,false,unclassified,
crossref:10.1086/ahr/66.1.20,10.1086/ahr/66.1.20,1960,1960-10-01,1960-10-01,The Historian and the Social Scientist,66,1,20-46,27,explicit_numeric_range,false,unclassified,H. Stuart Hughes
crossref:10.1086/ahr/66.1.247,10.1086/ahr/66.1.247,1960,1960-10-01,1960-10-01,Articles and Other Books Received,66,1,247-286,40,explicit_numeric_range,false,unclassified,
crossref:10.1086/ahr/66.1.287,10.1086/ahr/66.1.287,1960,1960-10-01,1960-10-01,Historical News,66,1,287-297,11,explicit_numeric_range,false,unclassified,
crossref:10.1086/ahr/66.1.47,10.1086/ahr/66.1.47,1960,1960-10-01,1960-10-01,"The Crisis of Western Monasticism, 1050–1130",66,1,47-67,21,explicit_numeric_range,false,unclassified,Norman F. Cantor
crossref:10.1086/ahr/66.1.74,10.1086/ahr/66.1.74,1960,1960-10-01,1960-10-01,Interpretations of the Reformation,66,1,74-84,11,explicit_numeric_range,false,unclassified,Roland H. Bainton
crossref:10.1086/ahr/66.1.85,10.1086/ahr/66.1.85,1960,1960-10-01,1960-10-01,"Johnson, Stanton, and Grant: A Reconsideration of the Army's Role in the Events Leading to Impeachment",66,1,85-100,16,explicit_numeric_range,false,unclassified,Harold M. Hyman
crossref:10.1086/ahr/66.2.299,10.1086/ahr/66.2.299,1961,1961-01-01,1961-01-01,“With How Little Wisdom…”,66,2,299-322,24,explicit_numeric_range,false,unclassified,Bernadotte E. Schmitt
crossref:10.1086/ahr/66.2.323,10.1086/ahr/66.2.323,1961,1961-01-01,1961-01-01,China's History in Marxian Dress,66,2,323-353,31,explicit_numeric_range,false,unclassified,Albert Feuerwerker
crossref:10.1086/ahr/66.2.354,10.1086/ahr/66.2.354,1961,1961-01-01,1961-01-01,"The Military View of American National Policy, 1904–1940",66,2,354-377,24,explicit_numeric_range,false,unclassified,Fred Greene
crossref:10.1086/ahr/66.2.378,10.1086/ahr/66.2.378,1961,1961-01-01,1961-01-01,Social Riots on the Christian-Moslem Frontier (Thirteenth-Century Valencia),66,2,378-400,23,explicit_numeric_range,false,unclassified,R. Ignatius Burns
crossref:10.1086/ahr/66.2.494,10.1086/ahr/66.2.494,1961,1961-01-01,1961-01-01,Other Recent Publications,66,2,494-547,54,explicit_numeric_range,false,unclassified,
crossref:10.1086/ahr/66.2.548,10.1086/ahr/66.2.548,1961,1961-01-01,1961-01-01,Articles and Other Books Received,66,2,548-583,36,explicit_numeric_range,false,unclassified,
crossref:10.1086/ahr/66.2.584,10.1086/ahr/66.2.584,1961,1961-01-01,1961-01-01,Historical News,66,2,584-595,12,explicit_numeric_range,false,unclassified,
crossref:10.1086/ahr/66.3.599,10.1086/ahr/66.3.599,1961,1961-04-01,1961-04-01,"Lincoln, Douglas, and the “Freeport Question”",66,3,599-617,19,explicit_numeric_range,false,unclassified,D. E. Fehrenbacher
crossref:10.1086/ahr/66.3.618,10.1086/ahr/66.3.618,1961,1961-04-01,1961-04-01,The Idea of the West,66,3,618-640,23,explicit_numeric_range,false,unclassified,Loren Baritz
crossref:10.1086/ahr/66.3.641,10.1086/ahr/66.3.641,1961,1961-04-01,1961-04-01,The Norman Conquest and the Genesis of English Feudalism,66,3,641-663,23,explicit_numeric_range,false,unclassified,C. Warren Hollister
crossref:10.1086/ahr/66.3.664,10.1086/ahr/66.3.664,1961,1961-04-01,1961-04-01,Rhetoric and Politics in the French Revolution,66,3,664-676,13,explicit_numeric_range,false,unclassified,Peter Gay
crossref:10.1086/ahr/66.3.682,10.1086/ahr/66.3.682,1961,1961-04-01,1961-04-01,"Bulgarian Historiography, 1942–1958",66,3,682-693,12,explicit_numeric_range,false,unclassified,Marin Pundeff
crossref:10.1086/ahr/66.3.768,10.1086/ahr/66.3.768,1961,1961-04-01,1961-04-01,Other Recent Publications,66,3,768-828,61,explicit_numeric_range,false,unclassified,
crossref:10.1086/ahr/66.3.828,10.1086/ahr/66.3.828,1961,1961-04-01,1961-04-01,Articles and Other Books Received,66,3,828-863,36,explicit_numeric_range,false,unclassified,
crossref:10.1086/ahr/66.3.864,10.1086/ahr/66.3.864,1961,1961-04-01,1961-04-01,Historical News,66,3,864-910,47,explicit_numeric_range,false,unclassified,
crossref:10.1086/ahr/66.4.1079,10.1086/ahr/66.4.1079,1961,1961-07-01,1961-07-01,Other Recent Publications,66,4,1079-1151,73,explicit_numeric_range,false,unclassified,
crossref:10.1086/ahr/66.4.1151,10.1086/ahr/66.4.1151,1961,1961-07-01,1961-07-01,Articles and Other Books Received,66,4,1151-1186,36,explicit_numeric_range,false,unclassified,
crossref:10.1086/ahr/66.4.1199,10.1086/ahr/66.4.1199,1961,1961-07-01,1961-07-01,Index,66,4,1199-1240,42,explicit_numeric_range,false,unclassified,
crossref:10.1086/ahr/66.4.913,10.1086/ahr/66.4.913,1961,1961-07-01,1961-07-01,A General View of the Colonial History of the New World,66,4,913-929,17,explicit_numeric_range,false,unclassified,Silvio Zavala
crossref:10.1086/ahr/66.4.930,10.1086/ahr/66.4.930,1961,1961-07-01,1961-07-01,Politics and the Psyche in fin de siècle Vienna: Schnitzler and Hofmannsthal,66,4,930-946,17,explicit_numeric_range,false,unclassified,Carl E. Schorske
crossref:10.1086/ahr/66.4.947,10.1086/ahr/66.4.947,1961,1961-07-01,1961-07-01,The Background of Cleveland's Venezuelan Policy: A Reinterpretation,66,4,947-967,21,explicit_numeric_range,false,unclassified,Walter LaFeber
crossref:10.1086/ahr/66.4.968,10.1086/ahr/66.4.968,1961,1961-07-01,1961-07-01,"Woodrow Wilson, Jan Smuts, and the Versailles Settlement",66,4,968-986,19,explicit_numeric_range,false,unclassified,George Curry
crossref:10.1086/ahr/67.1.1,10.1086/ahr/67.1.1,1961,1961-10-01,1961-10-01,"The North's Empty Purse, 1861–1862",67,1,1-18,18,explicit_numeric_range,false,unclassified,Bray Hammond
crossref:10.1086/ahr/67.1.171,10.1086/ahr/67.1.171,1961,1961-10-01,1961-10-01,Other Recent Publications,67,1,171-277,107,explicit_numeric_range,false,unclassified,
crossref:10.1086/ahr/67.1.19,10.1086/ahr/67.1.19,1961,1961-10-01,1961-10-01,Some Problems in the History of the Vendée,67,1,19-33,15,explicit_numeric_range,false,unclassified,Charles Tilly
crossref:10.1086/ahr/67.1.278,10.1086/ahr/67.1.278,1961,1961-10-01,1961-10-01,Historical News,67,1,278-290,13,explicit_numeric_range,false,unclassified,
crossref:10.1086/ahr/67.1.34,10.1086/ahr/67.1.34,1961,1961-10-01,1961-10-01,Myths of the “Little England” Era,67,1,34-48,15,explicit_numeric_range,false,unclassified,John S. Galbraith
crossref:10.1086/ahr/67.1.49,10.1086/ahr/67.1.49,1961,1961-10-01,1961-10-01,American Historians and the Study of Urbanization,67,1,49-61,13,explicit_numeric_range,false,unclassified,Eric E. Lampard
crossref:10.1086/ahr/67.2.291,10.1086/ahr/67.2.291,1962,1962-01-01,1962-01-01,American Foreign Policy and the Blessings of Liberty,67,2,291-305,15,explicit_numeric_range,false,unclassified,Samuel Flagg Bemis
crossref:10.1086/ahr/67.2.306,10.1086/ahr/67.2.306,1962,1962-01-01,1962-01-01,The Authenticity of the Themistocles Decree,67,2,306-316,11,explicit_numeric_range,false,unclassified,Mortimer Chambers
crossref:10.1086/ahr/67.2.317,10.1086/ahr/67.2.317,1962,1962-01-01,1962-01-01,Some Characteristics of Latin American Urban History,67,2,317-338,22,explicit_numeric_range,false,unclassified,Richard M. Morse
crossref:10.1086/ahr/67.2.339,10.1086/ahr/67.2.339,1962,1962-01-01,1962-01-01,Political Experience and Enlightenment Ideas in Eighteenth-Century America,67,2,339-351,13,explicit_numeric_range,false,unclassified,Bernard Bailyn
crossref:10.1086/ahr/67.2.352,10.1086/ahr/67.2.352,1962,1962-01-01,1962-01-01,The Later Stuarts (1660–1714): Significant Work of the Last Twenty Years (1939–1959),67,2,352-370,19,explicit_numeric_range,false,unclassified,Robert Walcott
crossref:10.1086/ahr/67.2.457,10.1086/ahr/67.2.457,1962,1962-01-01,1962-01-01,Other Recent Publications,67,2,457-563,107,explicit_numeric_range,false,unclassified,
crossref:10.1086/ahr/67.2.564,10.1086/ahr/67.2.564,1962,1962-01-01,1962-01-01,Historical News,67,2,564-580,17,explicit_numeric_range,false,unclassified,
crossref:10.1086/ahr/67.3.591,10.1086/ahr/67.3.591,1962,1962-04-01,1962-04-01,Distinctive Traits of Western Civilization: Through the Eyes of Western Historians,67,3,591-608,18,explicit_numeric_range,false,unclassified,Gerhard Masur
crossref:10.1086/ahr/67.3.609,10.1086/ahr/67.3.609,1962,1962-04-01,1962-04-01,Beyond Consensus: The Historian as Moral Critic,67,3,609-625,17,explicit_numeric_range,false,unclassified,John Higham
crossref:10.1086/ahr/67.3.626,10.1086/ahr/67.3.626,1962,1962-04-01,1962-04-01,Historians and the Problem of Early American Democracy,67,3,626-646,21,explicit_numeric_range,false,unclassified,J. R. Pole
crossref:10.1086/ahr/67.3.647,10.1086/ahr/67.3.647,1962,1962-04-01,1962-04-01,Bullets and Ballots: Lincoln and the “Right of Revolution”,67,3,647-662,16,explicit_numeric_range,false,unclassified,Thomas J. Pressly
crossref:10.1086/ahr/67.3.663,10.1086/ahr/67.3.663,1962,1962-04-01,1962-04-01,Desegregation in New Orleans Public Schools during Reconstruction,67,3,663-675,13,explicit_numeric_range,false,unclassified,Louis R. Harlan
crossref:10.1086/ahr/67.3.753,10.1086/ahr/67.3.753,1962,1962-04-01,1962-04-01,Other Recent Publications,67,3,753-853,101,explicit_numeric_range,false,unclassified,
crossref:10.1086/ahr/67.3.854,10.1086/ahr/67.3.854,1962,1962-04-01,1962-04-01,Historical News,67,3,854-899,46,explicit_numeric_range,false,unclassified,
crossref:10.1086/ahr/67.4.1085,10.1086/ahr/67.4.1085,1962,1962-07-01,1962-07-01,Other Recent Publications,67,4,1085-1177,93,explicit_numeric_range,false,unclassified,
crossref:10.1086/ahr/67.4.1178,10.1086/ahr/67.4.1178,1962,1962-07-01,1962-07-01,Historical News,67,4,1178-1187,10,explicit_numeric_range,false,unclassified,
crossref:10.1086/ahr/67.4.1189,10.1086/ahr/67.4.1189,1962,1962-07-01,1962-07-01,American Historical Review Volume LXVII,67,4,1189-1230,42,explicit_numeric_range,false,unclassified,
crossref:10.1086/ahr/67.4.901,10.1086/ahr/67.4.901,1962,1962-07-01,1962-07-01,Nationalism and Other Loyalties in the American Revolution,67,4,901-923,23,explicit_numeric_range,false,unclassified,Max Savelle
crossref:10.1086/ahr/67.4.924,10.1086/ahr/67.4.924,1962,1962-07-01,1962-07-01,The Historian's Use of Nationalism and Vice Versa,67,4,924-950,27,explicit_numeric_range,false,unclassified,David M. Potter
crossref:10.1086/ahr/67.4.951,10.1086/ahr/67.4.951,1962,1962-07-01,1962-07-01,"The Paris Bourse on the Eve of the Revolution, 1781–1789",67,4,951-977,27,explicit_numeric_range,false,unclassified,George V. Taylor
crossref:10.1086/ahr/68.1.1,10.1086/ahr/68.1.1,1962,1962-10-01,1962-10-01,The Meaning of “Discovery” in the Fifteenth and Sixteenth Centuries,68,1,1-21,21,explicit_numeric_range,false,unclassified,Wilcomb E. Washburn
crossref:10.1086/ahr/68.1.168,10.1086/ahr/68.1.168,1962,1962-10-01,1962-10-01,Other Recent Publications,68,1,168-298,131,explicit_numeric_range,false,unclassified,
crossref:10.1086/ahr/68.1.22,10.1086/ahr/68.1.22,1962,1962-10-01,1962-10-01,Liberty and the First Amendment: 1790–1800,68,1,22-37,16,explicit_numeric_range,false,unclassified,Leonard W. Levy
crossref:10.1086/ahr/68.1.299,10.1086/ahr/68.1.299,1962,1962-10-01,1962-10-01,Historical News,68,1,299-309,11,explicit_numeric_range,false,unclassified,
crossref:10.1086/ahr/68.1.38,10.1086/ahr/68.1.38,1962,1962-10-01,1962-10-01,The Risorgimento between Ideology and History: The Political Myth of rivoluzione mancata,68,1,38-56,19,explicit_numeric_range,false,unclassified,A. William Salomone
crossref:10.1086/ahr/68.1.57,10.1086/ahr/68.1.57,1962,1962-10-01,1962-10-01,The German Diplomatic Papers: Publication after Two World Wars,68,1,57-68,12,explicit_numeric_range,false,unclassified,Raymond J. Sontag
crossref:10.1086/ahr/68.2.315,10.1086/ahr/68.2.315,1963,1963-01-01,1963-01-01,The Great Mutation,68,2,315-331,17,explicit_numeric_range,false,unclassified,Carl Bridenbaugh
crossref:10.1086/ahr/68.2.332,10.1086/ahr/68.2.332,1963,1963-01-01,1963-01-01,Tocqueville and the Problem of Historical Prognosis,68,2,332-345,14,explicit_numeric_range,false,unclassified,Edward T. Gargan
crossref:10.1086/ahr/68.2.346,10.1086/ahr/68.2.346,1963,1963-01-01,1963-01-01,The Panama Canal Lobby of Philippe Bunau-Varilla and William Nelson Cromwell,68,2,346-363,18,explicit_numeric_range,false,unclassified,Charles D. Ameringer
crossref:10.1086/ahr/68.2.364,10.1086/ahr/68.2.364,1963,1963-01-01,1963-01-01,"English History, 1558–1640: A Bibliographical Survey",68,2,364-384,21,explicit_numeric_range,false,unclassified,Perez Zagorin
crossref:10.1086/ahr/68.2.392,10.1086/ahr/68.2.392,1963,1963-01-01,1963-01-01,British Official Histories of the Blockade of the Central Powers during the First World War,68,2,392-401,10,explicit_numeric_range,false,unclassified,Marion C. Siney
crossref:10.1086/ahr/68.2.495,10.1086/ahr/68.2.495,1963,1963-01-01,1963-01-01,Other Recent Publications,68,2,495-595,101,explicit_numeric_range,false,unclassified,
crossref:10.1086/ahr/68.3.605,10.1086/ahr/68.3.605,1963,1963-04-01,1963-04-01,The Economic Meaning of the Invention of the Compass,68,3,605-617,13,explicit_numeric_range,false,unclassified,Frederic C. Lane
crossref:10.1086/ahr/68.3.618,10.1086/ahr/68.3.618,1963,1963-04-01,1963-04-01,Southern White Protestantism at the Turn of the Century,68,3,618-635,18,explicit_numeric_range,false,unclassified,Kenneth K. Bailey
crossref:10.1086/ahr/68.3.636,10.1086/ahr/68.3.636,1963,1963-04-01,1963-04-01,The “Indianization” of the Egyptian Administration under British Rule,68,3,636-661,26,explicit_numeric_range,false,unclassified,Robert L. Tignor
crossref:10.1086/ahr/68.3.662,10.1086/ahr/68.3.662,1963,1963-04-01,1963-04-01,“The Weakened Spring of Government”: A Study in Nineteenth-Century American History,68,3,662-680,19,explicit_numeric_range,false,unclassified,Wallace D. Farnham
crossref:10.1086/ahr/68.3.681,10.1086/ahr/68.3.681,1963,1963-04-01,1963-04-01,The Provincial Noble: A Reappraisal,68,3,681-691,11,explicit_numeric_range,false,unclassified,Robert Forster
crossref:10.1086/ahr/68.3.779,10.1086/ahr/68.3.779,1963,1963-04-01,1963-04-01,Other Recent Publications,68,3,779-879,101,explicit_numeric_range,false,unclassified,
crossref:10.1086/ahr/68.3.880,10.1086/ahr/68.3.880,1963,1963-04-01,1963-04-01,Historical News,68,3,880-910,31,explicit_numeric_range,false,unclassified,
crossref:10.1086/ahr/68.4.1096,10.1086/ahr/68.4.1096,1963,1963-07-01,1963-07-01,Other Recent Publications,68,4,1096-1203,108,explicit_numeric_range,false,unclassified,
crossref:10.1086/ahr/68.4.1204,10.1086/ahr/68.4.1204,1963,1963-07-01,1963-07-01,Historical News,68,4,1204-1213,10,explicit_numeric_range,false,unclassified,
crossref:10.1086/ahr/68.4.1217,10.1086/ahr/68.4.1217,1963,1963-07-01,1963-07-01,Index,68,4,1217-1262,46,explicit_numeric_range,false,unclassified,
crossref:10.1086/ahr/68.4.919,10.1086/ahr/68.4.919,1963,1963-07-01,1963-07-01,"Overlord Revisited: An Interpretation of American Strategy in the European War, 1942–1944",68,4,919-937,19,explicit_numeric_range,false,unclassified,Richard M. Leighton
crossref:10.1086/ahr/68.4.938,10.1086/ahr/68.4.938,1963,1963-07-01,1963-07-01,The Changing Outlines of 1848,68,4,938-953,16,explicit_numeric_range,false,unclassified,Peter Amann
crossref:10.1086/ahr/68.4.954,10.1086/ahr/68.4.954,1963,1963-07-01,1963-07-01,The Exiled Revolutionaries and the French Political Police in the 1850's,68,4,954-973,20,explicit_numeric_range,false,unclassified,Howard C. Payne | Henry Grosshans
crossref:10.1086/ahr/68.4.974,10.1086/ahr/68.4.974,1963,1963-07-01,1963-07-01,Hitler and the Deutsche Arbeiterpartei,68,4,974-986,13,explicit_numeric_range,false,unclassified,Reginald H. Phelps
crossref:10.1086/ahr/68.4.987,10.1086/ahr/68.4.987,1963,1963-07-01,1963-07-01,"British History, 1870–1914, Reconsidered: Recent Trends in the Historiography of the Period",68,4,987-1009,23,explicit_numeric_range,false,unclassified,John Clive
crossref:10.1086/ahr/69.1.1,10.1086/ahr/69.1.1,1963,1963-10-01,1963-10-01,Europe's Initial Population Explosion,69,1,1-17,17,explicit_numeric_range,false,unclassified,William L. Langer
crossref:10.1086/ahr/69.1.18,10.1086/ahr/69.1.18,1963,1963-10-01,1963-10-01,The Revolutionary-Napoleonic Era: How Much of a Watershed?,69,1,18-29,12,explicit_numeric_range,false,unclassified,Franklin L. Ford
crossref:10.1086/ahr/69.1.185,10.1086/ahr/69.1.185,1963,1963-10-01,1963-10-01,Other Recent Publications,69,1,185-287,103,explicit_numeric_range,false,unclassified,
crossref:10.1086/ahr/69.1.288,10.1086/ahr/69.1.288,1963,1963-10-01,1963-10-01,Historical News,69,1,288-301,14,explicit_numeric_range,false,unclassified,
crossref:10.1086/ahr/69.1.30,10.1086/ahr/69.1.30,1963,1963-10-01,1963-10-01,Ancient Egypt: A Survey of Current Historiography,69,1,30-46,17,explicit_numeric_range,false,unclassified,Miriam Lichtheim
crossref:10.1086/ahr/69.1.47,10.1086/ahr/69.1.47,1963,1963-10-01,1963-10-01,The Teaching of African History,69,1,47-63,17,explicit_numeric_range,false,unclassified,Robert I. Rotberg
crossref:10.1086/ahr/69.1.64,10.1086/ahr/69.1.64,1963,1963-10-01,1963-10-01,Time to Reclaim: The Current Challenge of American Constitutional History,69,1,64-79,16,explicit_numeric_range,false,unclassified,Paul L. Murphy
crossref:10.1086/ahr/69.2.309,10.1086/ahr/69.2.309,1964,1964-01-01,1964-01-01,Many Mansions,69,2,309-326,18,explicit_numeric_range,false,unclassified,Crane Brinton
crossref:10.1086/ahr/69.2.327,10.1086/ahr/69.2.327,1964,1964-01-01,1964-01-01,The American Civil War as a Constitutional Crisis,69,2,327-352,26,explicit_numeric_range,false,unclassified,Arthur Bestor
crossref:10.1086/ahr/69.2.353,10.1086/ahr/69.2.353,1964,1964-01-01,1964-01-01,"The Carbonari: Their Origins, Initiation Rites, and Aims",69,2,353-370,18,explicit_numeric_range,false,unclassified,R. John Rath
crossref:10.1086/ahr/69.2.371,10.1086/ahr/69.2.371,1964,1964-01-01,1964-01-01,Brooks Adams and American Nationalism,69,2,371-392,22,explicit_numeric_range,false,unclassified,Charles Hirschfeld
crossref:10.1086/ahr/69.2.494,10.1086/ahr/69.2.494,1964,1964-01-01,1964-01-01,Other Recent Publications,69,2,494-596,103,explicit_numeric_range,false,unclassified,
crossref:10.1086/ahr/69.3.607,10.1086/ahr/69.3.607,1964,1964-04-01,1964-04-01,Johan Huizinga and the Task of Cultural History,69,3,607-630,24,explicit_numeric_range,false,unclassified,R. L. Colie
crossref:10.1086/ahr/69.3.631,10.1086/ahr/69.3.631,1964,1964-04-01,1964-04-01,The Crown and the Aristocracy in Renaissance France,69,3,631-645,15,explicit_numeric_range,false,unclassified,J. Russell Major
crossref:10.1086/ahr/69.3.646,10.1086/ahr/69.3.646,1964,1964-04-01,1964-04-01,Sir Edwin Sandys and the Parliament of 1604,69,3,646-670,25,explicit_numeric_range,false,unclassified,Theodore K. Rabb
crossref:10.1086/ahr/69.3.671,10.1086/ahr/69.3.671,1964,1964-04-01,1964-04-01,"The Social Workers and the Progressive Party, 1912–1916",69,3,671-688,18,explicit_numeric_range,false,unclassified,Allen F. Davis
crossref:10.1086/ahr/69.3.689,10.1086/ahr/69.3.689,1964,1964-04-01,1964-04-01,The Archival Product of a Century of Federal Assistance to Agriculture,69,3,689-706,18,explicit_numeric_range,false,unclassified,Harold T. Pinkett
crossref:10.1086/ahr/69.3.810,10.1086/ahr/69.3.810,1964,1964-04-01,1964-04-01,Other Recent Publications,69,3,810-909,100,explicit_numeric_range,false,unclassified,
crossref:10.1086/ahr/69.3.910,10.1086/ahr/69.3.910,1964,1964-04-01,1964-04-01,Historical News,69,3,910-936,27,explicit_numeric_range,false,unclassified,
crossref:10.1086/ahr/69.4.1006,10.1086/ahr/69.4.1006,1964,1964-07-01,1964-07-01,Hitler's Image of the United States,69,4,1006-1021,16,explicit_numeric_range,false,unclassified,Gerhard L. Weinberg
crossref:10.1086/ahr/69.4.1104,10.1086/ahr/69.4.1104,1964,1964-07-01,1964-07-01,Other Recent Publications,69,4,1104-1210,107,explicit_numeric_range,false,unclassified,
crossref:10.1086/ahr/69.4.1223,10.1086/ahr/69.4.1223,1964,1964-07-01,1964-07-01,Index American Historical Review Volume LXIX,69,4,1223-1268,46,explicit_numeric_range,false,unclassified,
crossref:10.1086/ahr/69.4.945,10.1086/ahr/69.4.945,1964,1964-07-01,1964-07-01,The Loom of Language and the Fabric of Imperatives: The Case of Il Principe and Utopia,69,4,945-968,24,explicit_numeric_range,false,unclassified,J. H. Hexter
crossref:10.1086/ahr/69.4.969,10.1086/ahr/69.4.969,1964,1964-07-01,1964-07-01,“A Restless Temper …”,69,4,969-989,21,explicit_numeric_range,false,unclassified,George W. Pierson
crossref:10.1086/ahr/69.4.990,10.1086/ahr/69.4.990,1964,1964-07-01,1964-07-01,Coal for the Fleet that had to Die,69,4,990-1005,16,explicit_numeric_range,false,unclassified,Lamar J. R. Cecil
crossref:10.1086/ahr/70.1.1,10.1086/ahr/70.1.1,1964,1964-10-01,1964-10-01,The Crowd in the French Revolution of 1830,70,1,1-17,17,explicit_numeric_range,false,unclassified,David H. Pinkney
crossref:10.1086/ahr/70.1.18,10.1086/ahr/70.1.18,1964,1964-10-01,1964-10-01,American Historians and the Military History of the American Revolution,70,1,18-34,17,explicit_numeric_range,false,unclassified,Don Higginbotham
crossref:10.1086/ahr/70.1.212,10.1086/ahr/70.1.212,1964,1964-10-01,1964-10-01,Other Recent Publications,70,1,212-317,106,explicit_numeric_range,false,unclassified,
crossref:10.1086/ahr/70.1.35,10.1086/ahr/70.1.35,1964,1964-10-01,1964-10-01,Spoils of the Bank War: Political Bias in the Selection of Pet Banks,70,1,35-58,24,explicit_numeric_range,false,unclassified,Frank Otto Gatell
crossref:10.1086/ahr/70.1.59,10.1086/ahr/70.1.59,1964,1964-10-01,1964-10-01,"Pope Pius XII and Germany: Some Aspects of German-Vatican Relations, 1933–1943",70,1,59-78,20,explicit_numeric_range,false,unclassified,George O. Kent
crossref:10.1086/ahr/70.1.79,10.1086/ahr/70.1.79,1964,1964-10-01,1964-10-01,The Recovery of American Religious History,70,1,79-92,14,explicit_numeric_range,false,unclassified,Henry F. May
crossref:10.1086/ahr/70.2.329,10.1086/ahr/70.2.329,1965,1965-01-01,1965-01-01,A Modest Proposal to Meet an Urgent Need,70,2,329-349,21,explicit_numeric_range,false,unclassified,Julian P. Boyd
crossref:10.1086/ahr/70.2.350,10.1086/ahr/70.2.350,1965,1965-01-01,1965-01-01,Succession and Monarchy: The Controversy of 1679–1681,70,2,350-370,21,explicit_numeric_range,false,unclassified,Carolyn Andervont Edie
crossref:10.1086/ahr/70.2.371,10.1086/ahr/70.2.371,1965,1965-01-01,1965-01-01,Patterns of Industrial Strike Activity in France during the July Monarchy,70,2,371-394,24,explicit_numeric_range,false,unclassified,Peter N. Stearns
crossref:10.1086/ahr/70.2.395,10.1086/ahr/70.2.395,1965,1965-01-01,1965-01-01,"The Futile Compromise Reconsidered: Wielopolski and Russian Policy in the Congress Kingdom, 1861–1863",70,2,395-412,18,explicit_numeric_range,false,unclassified,Stanley J. Zyzniewski
crossref:10.1086/ahr/70.2.499,10.1086/ahr/70.2.499,1965,1965-01-01,1965-01-01,Other Recent Publications,70,2,499-632,134,explicit_numeric_range,false,unclassified,
crossref:10.1086/ahr/70.3.647,10.1086/ahr/70.3.647,1965,1965-04-01,1965-04-01,The Role of the Horse in Chinese History,70,3,647-672,26,explicit_numeric_range,false,unclassified,H. G. Creel
crossref:10.1086/ahr/70.3.673,10.1086/ahr/70.3.673,1965,1965-04-01,1965-04-01,Almain and Major: Conciliar Theory on the Eve of the Reformation,70,3,673-690,18,explicit_numeric_range,false,unclassified,Francis Oakley
crossref:10.1086/ahr/70.3.691,10.1086/ahr/70.3.691,1965,1965-04-01,1965-04-01,The General Motors Sit-Down Strike: A Re-examination,70,3,691-713,23,explicit_numeric_range,false,unclassified,Sidney Fine
crossref:10.1086/ahr/70.3.714,10.1086/ahr/70.3.714,1965,1965-04-01,1965-04-01,"The Origins of the Institut für Zeitgeschichte: Scholarship, Politics, and the American Occupation, 1945–1949",70,3,714-731,18,explicit_numeric_range,false,unclassified,John Gimbel
crossref:10.1086/ahr/70.3.833,10.1086/ahr/70.3.833,1965,1965-04-01,1965-04-01,Other Recent Publications,70,3,833-956,124,explicit_numeric_range,false,unclassified,
crossref:10.1086/ahr/70.3.957,10.1086/ahr/70.3.957,1965,1965-04-01,1965-04-01,Historical News,70,3,957-981,25,explicit_numeric_range,false,unclassified,
crossref:10.1086/ahr/70.4.1015,10.1086/ahr/70.4.1015,1965,1965-07-01,1965-07-01,Great Britain and the 1914–1915 Straits Agreement with Russia: The British Promise of November 1914,70,4,1015-1034,20,explicit_numeric_range,false,unclassified,C. Jay Smith
crossref:10.1086/ahr/70.4.1035,10.1086/ahr/70.4.1035,1965,1965-07-01,1965-07-01,Hans Zehrer as a Neoconservative Elite Theorist,70,4,1035-1057,23,explicit_numeric_range,false,unclassified,Walter Struve
crossref:10.1086/ahr/70.4.1058,10.1086/ahr/70.4.1058,1965,1965-07-01,1965-07-01,Decolonization in Indonesia: The Problem of Continuity and Change,70,4,1058-1073,16,explicit_numeric_range,false,unclassified,Harry J. Benda
crossref:10.1086/ahr/70.4.1148,10.1086/ahr/70.4.1148,1965,1965-07-01,1965-07-01,Other Recent Publications,70,4,1148-1269,122,explicit_numeric_range,false,unclassified,
crossref:10.1086/ahr/70.4.1269,10.1086/ahr/70.4.1269,1965,1965-07-01,1965-07-01,Articles and Other Books Received,70,4,1269-1313,45,explicit_numeric_range,false,unclassified,
crossref:10.1086/ahr/70.4.1325,10.1086/ahr/70.4.1325,1965,1965-07-01,1965-07-01,Index American Historical Review Volume LXX,70,4,1325-1376,52,explicit_numeric_range,false,unclassified,
crossref:10.1086/ahr/70.4.983,10.1086/ahr/70.4.983,1965,1965-07-01,1965-07-01,William of Malmesbury's Robert of Gloucester: A Re-evaluation of the Historia Novella,70,4,983-997,15,explicit_numeric_range,false,unclassified,Robert B. Patterson
crossref:10.1086/ahr/70.4.998,10.1086/ahr/70.4.998,1965,1965-07-01,1965-07-01,The Revolutionary Character of the American Revolution,70,4,998-1014,17,explicit_numeric_range,false,unclassified,William H. Nelson
crossref:10.1086/ahr/71.1.350,10.1086/ahr/71.1.350,1965,1965-10-01,,Other Recent Publications,71,1,350-397,48,explicit_numeric_range,false,unclassified,
crossref:10.1086/ahr/71.1.62,10.1086/ahr/71.1.62,1965,1965-10-01,,Japanese-German Peace Negotiations during World War I,71,1,62-76,15,explicit_numeric_range,false,unclassified,Frank W. Iklé
crossref:10.1086/ahr/71.2.403,10.1086/ahr/71.2.403,1966,1966-01-01,1966-01-01,At the Roots of Republicanism,71,2,403-420,18,explicit_numeric_range,false,unclassified,Frederic C. Lane
crossref:10.1086/ahr/71.2.421,10.1086/ahr/71.2.421,1966,1966-01-01,1966-01-01,"The Financing of the Whig Party Organization, 1783–1793",71,2,421-440,20,explicit_numeric_range,false,unclassified,Donald E. Ginter
crossref:10.1086/ahr/71.2.441,10.1086/ahr/71.2.441,1966,1966-01-01,1966-01-01,Booker T. Washington and the White Man's Burden,71,2,441-467,27,explicit_numeric_range,false,unclassified,Louis R. Harlan
crossref:10.1086/ahr/71.2.468,10.1086/ahr/71.2.468,1966,1966-01-01,1966-01-01,Bureaucracy and Freedom: N. M. Korkunov's Theory of the State,71,2,468-486,19,explicit_numeric_range,false,unclassified,George L. Yaney
crossref:10.1086/ahr/71.2.487,10.1086/ahr/71.2.487,1966,1966-01-01,1966-01-01,Flirtation with Fascism: American Pragmatic Liberals and Mussolini's Italy,71,2,487-506,20,explicit_numeric_range,false,unclassified,John P. Diggins
crossref:10.1086/ahr/71.2.746,10.1086/ahr/71.2.746,1966,1966-01-01,1966-01-01,Other Recent Publications,71,2,746-788,43,explicit_numeric_range,false,unclassified,
crossref:10.1086/ahr/71.3.1110,10.1086/ahr/71.3.1110,1966,1966-04-01,1966-04-01,Other Recent Publications,71,3,1110-1159,50,explicit_numeric_range,false,unclassified,
crossref:10.1086/ahr/71.3.1160,10.1086/ahr/71.3.1160,1966,1966-04-01,1966-04-01,Historical News,71,3,1160-1180,21,explicit_numeric_range,false,unclassified,
crossref:10.1086/ahr/71.3.803,10.1086/ahr/71.3.803,1966,1966-04-01,1966-04-01,Quantification in History,71,3,803-825,23,explicit_numeric_range,false,unclassified,William O. Aydelotte
crossref:10.1086/ahr/71.3.826,10.1086/ahr/71.3.826,1966,1966-04-01,1966-04-01,"The Middle Class in Western Europe, 1815–1848",71,3,826-845,20,explicit_numeric_range,false,unclassified,Lenore O'Boyle
crossref:10.1086/ahr/71.3.846,10.1086/ahr/71.3.846,1966,1966-04-01,1966-04-01,Winston Churchill versus the Webbs: The Origins of British Unemployment Insurance,71,3,846-862,17,explicit_numeric_range,false,unclassified,Bentley B. Gilbert
crossref:10.1086/ahr/71.3.863,10.1086/ahr/71.3.863,1966,1966-04-01,1966-04-01,The History of American Science—A Field Finds Itself,71,3,863-874,12,explicit_numeric_range,false,unclassified,A. Hunter Dupree
crossref:10.1086/ahr/71.3.875,10.1086/ahr/71.3.875,1966,1966-04-01,1966-04-01,Great Britain and the African Peace Settlement of 1919,71,3,875-892,18,explicit_numeric_range,false,unclassified,Wm. Roger Louis
crossref:10.1086/ahr/71.4.1181,10.1086/ahr/71.4.1181,1966,1966-07-01,1966-07-01,Civilization as a Phase of World History,71,4,1181-1198,18,explicit_numeric_range,false,unclassified,Robert Erwin
crossref:10.1086/ahr/71.4.1199,10.1086/ahr/71.4.1199,1966,1966-07-01,1966-07-01,The Military Origins of Medieval Representation,71,4,1199-1218,20,explicit_numeric_range,false,unclassified,Thomas N. Bisson
crossref:10.1086/ahr/71.4.1219,10.1086/ahr/71.4.1219,1966,1966-07-01,1966-07-01,The Decline of Cotton Factorage after the Civil War,71,4,1219-1236,18,explicit_numeric_range,false,unclassified,Harold D. Woodman
crossref:10.1086/ahr/71.4.1237,10.1086/ahr/71.4.1237,1966,1966-07-01,1966-07-01,Henry VIII and the Protestant Triumph,71,4,1237-1264,28,explicit_numeric_range,false,unclassified,Lacey Baldwin Smith
crossref:10.1086/ahr/71.4.1265,10.1086/ahr/71.4.1265,1966,1966-07-01,1966-07-01,New Approaches to the History of Immigration in Twentieth-Century America,71,4,1265-1279,15,explicit_numeric_range,false,unclassified,Timothy L. Smith
crossref:10.1086/ahr/71.4.1486,10.1086/ahr/71.4.1486,1966,1966-07-01,1966-07-01,Other Recent Publications,71,4,1486-1535,50,explicit_numeric_range,false,unclassified,
crossref:10.1086/ahr/71.4.1551,10.1086/ahr/71.4.1551,1966,1966-07-01,1966-07-01,Index,71,4,1551-1605,55,explicit_numeric_range,false,unclassified,
crossref:10.1086/ahr/72.1.1,10.1086/ahr/72.1.1,1966,1966-10-01,1966-10-01,The Schism in American Scholarship,72,1,1-21,21,explicit_numeric_range,false,unclassified,John Higham
crossref:10.1086/ahr/72.1.102,10.1086/ahr/72.1.102,1966,1966-10-01,1966-10-01,Herodotus and the Strategy and Tactics of the Invasion of Xerxes,72,1,102-115,14,explicit_numeric_range,false,unclassified,Arther Ferrill
crossref:10.1086/ahr/72.1.22,10.1086/ahr/72.1.22,1966,1966-10-01,1966-10-01,Science and Symbol in the Turner Frontier Hypothesis,72,1,22-49,28,explicit_numeric_range,false,unclassified,William Coleman
crossref:10.1086/ahr/72.1.353,10.1086/ahr/72.1.353,1966,1966-10-01,1966-10-01,Other Recent Publications,72,1,353-404,52,explicit_numeric_range,false,unclassified,
crossref:10.1086/ahr/72.1.50,10.1086/ahr/72.1.50,1966,1966-10-01,1966-10-01,Current Soviet Theory of History: New Trends or Old?,72,1,50-73,24,explicit_numeric_range,false,unclassified,Arthur P. Mendel
crossref:10.1086/ahr/72.1.74,10.1086/ahr/72.1.74,1966,1966-10-01,1966-10-01,Protestantism and the American Labor Movement: The Christian Spirit in the Gilded Age,72,1,74-101,28,explicit_numeric_range,false,unclassified,Herbert G. Gutman
crossref:10.1086/ahr/72.2.411,10.1086/ahr/72.2.411,1967,1967-01-01,1967-01-01,History in a Self-Governing Culture,72,2,411-424,14,explicit_numeric_range,false,unclassified,Roy F. Nichols
crossref:10.1086/ahr/72.2.425,10.1086/ahr/72.2.425,1967,1967-01-01,1967-01-01,Jacopo Aconcio as an Engineer,72,2,425-444,20,explicit_numeric_range,false,unclassified,Lynn White
crossref:10.1086/ahr/72.2.445,10.1086/ahr/72.2.445,1967,1967-01-01,1967-01-01,The Strange Stillbirth of the Whig Party,72,2,445-468,24,explicit_numeric_range,false,unclassified,Lynn L. Marshall
crossref:10.1086/ahr/72.2.469,10.1086/ahr/72.2.469,1967,1967-01-01,1967-01-01,Noncapitalist Wealth and the Origins of the French Revolution,72,2,469-496,28,explicit_numeric_range,false,unclassified,George V. Taylor
crossref:10.1086/ahr/72.2.497,10.1086/ahr/72.2.497,1967,1967-01-01,1967-01-01,Class in the French Revolution: A Discussion,72,2,497-522,26,explicit_numeric_range,false,unclassified,Jeffry Kaplow | Gilbert Shapiro | Elizabeth L. Eisenstein
crossref:10.1086/ahr/72.2.757,10.1086/ahr/72.2.757,1967,1967-01-01,1967-01-01,Other Recent Publications,72,2,757-800,44,explicit_numeric_range,false,unclassified,
crossref:10.1086/ahr/72.3.1132,10.1086/ahr/72.3.1132,1967,1967-04-01,1967-04-01,Other Recent Publications,72,3,1132-1184,53,explicit_numeric_range,false,unclassified,
crossref:10.1086/ahr/72.3.1185,10.1086/ahr/72.3.1185,1967,1967-04-01,1967-04-01,Association Notes,72,3,1185-1206,22,explicit_numeric_range,false,unclassified,
crossref:10.1086/ahr/72.3.807,10.1086/ahr/72.3.807,1967,1967-04-01,1967-04-01,Guillaume Budé and the First Historical School of Law,72,3,807-834,28,explicit_numeric_range,false,unclassified,Donald R. Kelley
crossref:10.1086/ahr/72.3.835,10.1086/ahr/72.3.835,1967,1967-04-01,1967-04-01,Ex parte McCardle: Judicial Impotency? The Supreme Court and Reconstruction Reconsidered,72,3,835-851,17,explicit_numeric_range,false,unclassified,Stanley I. Kutler
crossref:10.1086/ahr/72.3.852,10.1086/ahr/72.3.852,1967,1967-04-01,1967-04-01,"Economic Growth, Capital Investment, and the Roman Catholic Church in Nineteenth-Century Ireland",72,3,852-884,33,explicit_numeric_range,false,unclassified,Emmet Larkin
crossref:10.1086/ahr/72.3.885,10.1086/ahr/72.3.885,1967,1967-04-01,1967-04-01,"The Impact of Christian Science on the American Churches, 1880–1910",72,3,885-905,21,explicit_numeric_range,false,unclassified,Raymond J. Cunningham
crossref:10.1086/ahr/72.3.906,10.1086/ahr/72.3.906,1967,1967-04-01,1967-04-01,"The Conversion of Myths into Political Power: The Case of the Nazi Party, 1925–1926",72,3,906-924,19,explicit_numeric_range,false,unclassified,Dietrich Orlow
crossref:10.1086/ahr/72.4.1211,10.1086/ahr/72.4.1211,1967,1967-07-01,1967-07-01,Early Mesopotamian Constitutional Development,72,4,1211-1236,26,explicit_numeric_range,false,unclassified,Nels Bailkey
crossref:10.1086/ahr/72.4.1237,10.1086/ahr/72.4.1237,1967,1967-07-01,1967-07-01,The “New Left” and American History: Some Recent Trends in United States Historiography,72,4,1237-1263,27,explicit_numeric_range,false,unclassified,Irwin Unger
crossref:10.1086/ahr/72.4.1264,10.1086/ahr/72.4.1264,1967,1967-07-01,1967-07-01,The Jacobean Diplomatic Service,72,4,1264-1282,19,explicit_numeric_range,false,unclassified,Maurice Lee
crossref:10.1086/ahr/72.4.1283,10.1086/ahr/72.4.1283,1967,1967-07-01,1967-07-01,The Transformation of the Garden: Ideal and Society in Austrian Literature,72,4,1283-1320,38,explicit_numeric_range,false,unclassified,Carl E. Schorske
crossref:10.1086/ahr/72.4.1321,10.1086/ahr/72.4.1321,1967,1967-07-01,1967-07-01,Presidential Leadership in Foreign Affairs: William McKinley and the Turpie-Foraker Amendment,72,4,1321-1335,15,explicit_numeric_range,false,unclassified,Paul S. Holbo
crossref:10.1086/ahr/72.4.1366,10.1086/ahr/72.4.1366,1967,1967-07-01,1967-07-01,"Die Gesellschaft in der Geschichte des Mittelalters. By Karl Bosl. [Kleine Vandenhoeck-Reihe, Number 231.] (Göttingen: Vandenhoeck & Ruprecht. 1966. Pp. 67. DM 2.80.)",72,4,1366-1377,12,explicit_numeric_range,true,unclassified,Gray C. Boyce
crossref:10.1086/ahr/72.4.1527,10.1086/ahr/72.4.1527,1967,1967-07-01,1967-07-01,Other Recent Publications,72,4,1527-1575,49,explicit_numeric_range,false,unclassified,
crossref:10.1086/ahr/72.4.1581,10.1086/ahr/72.4.1581,1967,1967-07-01,1967-07-01,Index American Historical Review Volume LXXII,72,4,1581-1635,55,explicit_numeric_range,false,unclassified,
crossref:10.1086/ahr/73.1.1,10.1086/ahr/73.1.1,1967,1967-10-01,1967-10-01,"The Medieval Commune and Internal Violence: Police Power and Public Safety in Siena, 1287–1355",73,1,1-17,17,explicit_numeric_range,false,unclassified,William M. Bowsky
crossref:10.1086/ahr/73.1.18,10.1086/ahr/73.1.18,1967,1967-10-01,1967-10-01,"Puritanism, Capitalism, Democracy, and the New Science",73,1,18-29,12,explicit_numeric_range,false,unclassified,Leo F. Solt
crossref:10.1086/ahr/73.1.270,10.1086/ahr/73.1.270,1967,1967-10-01,1967-10-01,Other Recent Publications,73,1,270-327,58,explicit_numeric_range,false,unclassified,
crossref:10.1086/ahr/73.1.30,10.1086/ahr/73.1.30,1967,1967-10-01,1967-10-01,Church and State in Peru and Chile since 1840: A Study in Contrasts,73,1,30-50,21,explicit_numeric_range,false,unclassified,Fredrick B. Pike
crossref:10.1086/ahr/73.1.51,10.1086/ahr/73.1.51,1967,1967-10-01,1967-10-01,The Serbian Campaign of 1915: Its Diplomatic Background,73,1,51-69,19,explicit_numeric_range,false,unclassified,Gerard E. Silberstein
crossref:10.1086/ahr/73.1.70,10.1086/ahr/73.1.70,1967,1967-10-01,1967-10-01,The New Deal and the States,73,1,70-84,15,explicit_numeric_range,false,unclassified,James T. Patterson
crossref:10.1086/ahr/73.2.339,10.1086/ahr/73.2.339,1967,1967-12-01,1967-12-01,The Idea of “Avant-garde” in Art and Politics,73,2,339-366,28,explicit_numeric_range,false,unclassified,Donald D. Egbert
crossref:10.1086/ahr/73.2.367,10.1086/ahr/73.2.367,1967,1967-12-01,1967-12-01,An Immigrant Group's Interest in Progressive Reform: The Case of the German-American Catholics,73,2,367-379,13,explicit_numeric_range,false,unclassified,Philip Gleason
crossref:10.1086/ahr/73.2.380,10.1086/ahr/73.2.380,1967,1967-12-01,1967-12-01,"The Labour Party and the Welfare State in Britain, 1900–1948",73,2,380-403,24,explicit_numeric_range,false,unclassified,Arthur Marwick
crossref:10.1086/ahr/73.2.404,10.1086/ahr/73.2.404,1967,1967-12-01,1967-12-01,National Socialism: Totalitarianism or Fascism?,73,2,404-424,21,explicit_numeric_range,false,unclassified,Wolfgang Sauer
crossref:10.1086/ahr/73.2.636,10.1086/ahr/73.2.636,1967,1967-12-01,1967-12-01,Other Recent Publications,73,2,636-677,42,explicit_numeric_range,false,unclassified,
crossref:10.1086/ahr/73.3.683,10.1086/ahr/73.3.683,1968,1968-02-01,1968-02-01,The History of Ideas,73,3,683-695,13,explicit_numeric_range,false,unclassified,Hajo Holborn
crossref:10.1086/ahr/73.3.696,10.1086/ahr/73.3.696,1968,1968-02-01,1968-02-01,Some Recent Directions in American Cultural History,73,3,696-707,12,explicit_numeric_range,false,unclassified,David Brion Davis
crossref:10.1086/ahr/73.3.708,10.1086/ahr/73.3.708,1968,1968-02-01,1968-02-01,1066: The “Feudal Revolution”,73,3,708-723,16,explicit_numeric_range,false,unclassified,C. Warren Hollister
crossref:10.1086/ahr/73.3.724,10.1086/ahr/73.3.724,1968,1968-02-01,1968-02-01,The Aims of Drake's Expedition of 1577–1580,73,3,724-741,18,explicit_numeric_range,false,unclassified,K. R. Andrews
crossref:10.1086/ahr/73.3.742,10.1086/ahr/73.3.742,1968,1968-02-01,1968-02-01,"The Myth of the China Market, 1890–1914",73,3,742-758,17,explicit_numeric_range,false,unclassified,Paul A. Varg
crossref:10.1086/ahr/73.3.951,10.1086/ahr/73.3.951,1968,1968-02-01,1968-02-01,Other Recent Publications,73,3,951-991,41,explicit_numeric_range,false,unclassified,
crossref:10.1086/ahr/73.4.1019,10.1086/ahr/73.4.1019,1968,1968-04-01,1968-04-01,"The Emergence of the Extreme Left in Lower Languedoc, 1848–1851: Social and Economic Factors in Politics",73,4,1019-1051,33,explicit_numeric_range,false,unclassified,Leo A. Loubère
crossref:10.1086/ahr/73.4.1052,10.1086/ahr/73.4.1052,1968,1968-04-01,1968-04-01,The Strategy of Southern Railroads,73,4,1052-1068,17,explicit_numeric_range,false,unclassified,Maury Klein
crossref:10.1086/ahr/73.4.1069,10.1086/ahr/73.4.1069,1968,1968-04-01,1968-04-01,The Unification of Germany in East German Perspective,73,4,1069-1083,15,explicit_numeric_range,false,unclassified,Andreas Dorpalen
crossref:10.1086/ahr/73.4.1320,10.1086/ahr/73.4.1320,1968,1968-04-01,1968-04-01,"The Toronto Meeting, 1967",73,4,1320-1332,13,explicit_numeric_range,false,unclassified,Louis Morton
crossref:10.1086/ahr/73.4.1332,10.1086/ahr/73.4.1332,1968,1968-04-01,1968-04-01,"The Year's Business, 1967",73,4,1332-1351,20,explicit_numeric_range,false,unclassified,
crossref:10.1086/ahr/73.4.997,10.1086/ahr/73.4.997,1968,1968-04-01,1968-04-01,Medieval Apocalypses as Historical Sources,73,4,997-1018,22,explicit_numeric_range,false,unclassified,Paul J. Alexander
crossref:10.1086/ahr/73.5.1359,10.1086/ahr/73.5.1359,1968,1968-06-01,1968-06-01,The Nineteenth-Century Discovery of Italy: an Essay in American Cultural History. Prolegomena to a Historiographical Problem,73,5,1359-1391,33,explicit_numeric_range,false,unclassified,A. William Salomone
crossref:10.1086/ahr/73.5.1392,10.1086/ahr/73.5.1392,1968,1968-06-01,1968-06-01,Isaac Backus and the Separation of Church and State in America,73,5,1392-1413,22,explicit_numeric_range,false,unclassified,William G. McLoughlin
crossref:10.1086/ahr/73.5.1414,10.1086/ahr/73.5.1414,1968,1968-06-01,1968-06-01,Italy's Neutrality and Entrance into the Great War: A Re-examination,73,5,1414-1432,19,explicit_numeric_range,false,unclassified,William A. Renzi
crossref:10.1086/ahr/73.5.1433,10.1086/ahr/73.5.1433,1968,1968-06-01,1968-06-01,The Dissolution of the German Democratic Party in 1930,73,5,1433-1453,21,explicit_numeric_range,false,unclassified,Attila Chanady
crossref:10.1086/ahr/73.5.1454,10.1086/ahr/73.5.1454,1968,1968-06-01,1968-06-01,"Completing Japan's Political Reorientation, 1947–1952: Crucial Phase of the Allied Occupation",73,5,1454-1469,16,explicit_numeric_range,false,unclassified,Justin Williams
crossref:10.1086/ahr/73.5.1711,10.1086/ahr/73.5.1711,1968,1968-06-01,1968-06-01,Index to Volume LXXIII,73,5,1711-1772,62,explicit_numeric_range,false,unclassified,
crossref:10.1086/ahr/74.1.1,10.1086/ahr/74.1.1,1968,1968-10-01,1968-10-01,The Moriscos: An Ottoman Fifth Column in Sixteenth-Century Spain,74,1,1-25,25,explicit_numeric_range,false,unclassified,Andrew C. Hess
crossref:10.1086/ahr/74.1.26,10.1086/ahr/74.1.26,1968,1968-10-01,1968-10-01,"If all the World were Philadelphia: A Scaffolding for Urban History, 1774–1930",74,1,26-43,18,explicit_numeric_range,false,unclassified,Sam Bass Warner
crossref:10.1086/ahr/74.1.347,10.1086/ahr/74.1.347,1968,1968-10-01,1968-10-01,Articles and Other Books Received,74,1,347-420,74,explicit_numeric_range,false,unclassified,
crossref:10.1086/ahr/74.1.44,10.1086/ahr/74.1.44,1968,1968-10-01,1968-10-01,Smuggling and the British Tea Trade before 1784,74,1,44-73,30,explicit_numeric_range,false,unclassified,Hoh-Cheung | Lorna H. Mui
crossref:10.1086/ahr/74.1.74,10.1086/ahr/74.1.74,1968,1968-10-01,1968-10-01,The Perils of Pluralism: The Background of the Pierce Case,74,1,74-98,25,explicit_numeric_range,false,unclassified,David B. Tyack
crossref:10.1086/ahr/74.2.429,10.1086/ahr/74.2.429,1968,1968-12-01,1968-12-01,Constitutional Liberty and the Law of Libel: A Historian's View,74,2,429-452,24,explicit_numeric_range,false,unclassified,Alfred H. Kelly
crossref:10.1086/ahr/74.2.453,10.1086/ahr/74.2.453,1968,1968-12-01,1968-12-01,"Changing Concepts of Party in the United States: New York, 1815–1828",74,2,453-491,39,explicit_numeric_range,false,unclassified,Michael Wallace
crossref:10.1086/ahr/74.2.492,10.1086/ahr/74.2.492,1968,1968-12-01,1968-12-01,Inukai Tsuyoshi: Some Dilemmas in Party Development in Pre-World War II Japan,74,2,492-510,19,explicit_numeric_range,false,unclassified,Tetsuo Najita
crossref:10.1086/ahr/74.2.511,10.1086/ahr/74.2.511,1968,1968-12-01,1968-12-01,"Political Leadership in the German Reichstag, 1871–1918",74,2,511-528,18,explicit_numeric_range,false,unclassified,James J. Sheehan
crossref:10.1086/ahr/74.3.1131,10.1086/ahr/74.3.1131,1969,1969-02-01,1969-02-01,Articles and Other Books Received,74,3,1131-1177,47,explicit_numeric_range,false,unclassified,
crossref:10.1086/ahr/74.3.861,10.1086/ahr/74.3.861,1969,1969-02-01,1969-02-01,Assignment for the '70's,74,3,861-879,19,explicit_numeric_range,false,unclassified,John K. Fairbank
crossref:10.1086/ahr/74.3.880,10.1086/ahr/74.3.880,1969,1969-02-01,1969-02-01,Thought and Practice of Enlightened Government in French Corsica,74,3,880-905,26,explicit_numeric_range,false,unclassified,Thadd E. Hall
crossref:10.1086/ahr/74.3.906,10.1086/ahr/74.3.906,1969,1969-02-01,1969-02-01,Southern Violence,74,3,906-925,20,explicit_numeric_range,false,unclassified,Sheldon Hackney
crossref:10.1086/ahr/74.3.926,10.1086/ahr/74.3.926,1969,1969-02-01,1969-02-01,Racial Segregation in Ante Bellum New Orleans,74,3,926-937,12,explicit_numeric_range,false,unclassified,Roger A. Fischer
crossref:10.1086/ahr/74.4.1183,10.1086/ahr/74.4.1183,1969,1969-04-01,1969-04-01,The Goals of Italian Fascism,74,4,1183-1204,22,explicit_numeric_range,false,unclassified,Edward R. Tannenbaum
crossref:10.1086/ahr/74.4.1205,10.1086/ahr/74.4.1205,1969,1969-04-01,1969-04-01,The Cities and the Election of 1928: Partisan Realignment?,74,4,1205-1220,16,explicit_numeric_range,false,unclassified,Jerome M. Clubb | Howard W. Allen
crossref:10.1086/ahr/74.4.1221,10.1086/ahr/74.4.1221,1969,1969-04-01,1969-04-01,The Study of United States History in the Soviet Union,74,4,1221-1242,22,explicit_numeric_range,false,unclassified,N. N. Bolkhovitinov | Marin Pundeff
crossref:10.1086/ahr/74.4.1400,10.1086/ahr/74.4.1400,1969,1969-04-01,1969-04-01,Other Recent Publications,74,4,1400-1456,57,explicit_numeric_range,false,unclassified,
crossref:10.1086/ahr/74.4.1457,10.1086/ahr/74.4.1457,1969,1969-04-01,1969-04-01,Association Notes,74,4,1457-1481,25,explicit_numeric_range,false,unclassified,
crossref:10.1086/ahr/74.4.1459,10.1086/ahr/74.4.1459,1969,1969-04-01,1969-04-01,"The Year's Business, 1968",74,4,1459-1481,23,explicit_numeric_range,false,unclassified,Paul L. Ward
crossref:10.1086/ahr/74.5.1487,10.1086/ahr/74.5.1487,1969,1969-06-01,1969-06-01,Johannes von Müller: The Historian in Search of a Hero,74,5,1487-1502,16,explicit_numeric_range,false,unclassified,Gordon A. Craig
crossref:10.1086/ahr/74.5.1503,10.1086/ahr/74.5.1503,1969,1969-06-01,1969-06-01,The Beginnings of the Cortes of León-Castile,74,5,1503-1537,35,explicit_numeric_range,false,unclassified,Joseph F. O'Callaghan
crossref:10.1086/ahr/74.5.1538,10.1086/ahr/74.5.1538,1969,1969-06-01,1969-06-01,Political Organization and Canvassing: Yorkshire Elections before the Reform Bill,74,5,1538-1560,23,explicit_numeric_range,false,unclassified,Robert Worthington Smith
crossref:10.1086/ahr/74.5.1561,10.1086/ahr/74.5.1561,1969,1969-06-01,1969-06-01,"Economic History, Old and New",74,5,1561-1572,12,explicit_numeric_range,false,unclassified,Thomas C. Cochran
crossref:10.1086/ahr/74.5.1773,10.1086/ahr/74.5.1773,1969,1969-06-01,1969-06-01,Index American Historical Review Volume LXXIV,74,5,1773-1830,58,explicit_numeric_range,false,unclassified,John T. Appleby
crossref:10.1086/ahr/75.1.1,10.1086/ahr/75.1.1,1969,1969-10-01,1969-10-01,The Loess and the Origin of Chinese Agriculture,75,1,1-36,36,explicit_numeric_range,false,unclassified,Ping-Ti Ho
crossref:10.1086/ahr/75.1.243,10.1086/ahr/75.1.243,1969,1969-10-01,1969-10-01,Other Recent Publications,75,1,243-323,81,explicit_numeric_range,false,unclassified,
crossref:10.1086/ahr/75.1.37,10.1086/ahr/75.1.37,1969,1969-10-01,1969-10-01,Gold and Iron: The Collaboration and Friendship of Gerson Bleichröder and Otto von Bismarck,75,1,37-46,10,explicit_numeric_range,false,unclassified,Fritz Stern
crossref:10.1086/ahr/75.1.56,10.1086/ahr/75.1.56,1969,1969-10-01,1969-10-01,Big Business and the Rise of Hitler,75,1,56-70,15,explicit_numeric_range,false,unclassified,Henry Ashby Turner
crossref:10.1086/ahr/75.2.337,10.1086/ahr/75.2.337,1969,1969-12-01,1969-12-01,Political Mimesis: A Consideration of the Historical and Cultural Roots of Legislative Behavior in the British Colonies in the Eighteenth Century,75,2,337-360,24,explicit_numeric_range,false,unclassified,Jack P. Greene
crossref:10.1086/ahr/75.2.368,10.1086/ahr/75.2.368,1969,1969-12-01,1969-12-01,"Figgis, Constance, and the Divines of Paris",75,2,368-386,19,explicit_numeric_range,false,unclassified,Francis Oakley
crossref:10.1086/ahr/75.2.387,10.1086/ahr/75.2.387,1969,1969-12-01,1969-12-01,In Quest of Kerygma: Catholic Intellectual Life in Nineteenth-Century France,75,2,387-423,37,explicit_numeric_range,false,unclassified,Harry W. Paul
crossref:10.1086/ahr/75.2.424,10.1086/ahr/75.2.424,1969,1969-12-01,1969-12-01,American Jurisprudence between the Wars: Legal Realism and the Crisis of Democratic Theory,75,2,424-446,23,explicit_numeric_range,false,unclassified,Edward A. Purcell
crossref:10.1086/ahr/75.2.626,10.1086/ahr/75.2.626,1969,1969-12-01,1969-12-01,Other Recent Publications,75,2,626-692,67,explicit_numeric_range,false,unclassified,
crossref:10.1086/ahr/75.3.711,10.1086/ahr/75.3.711,1970,1970-02-01,1970-02-01,The Future of the Past,75,3,711-726,16,explicit_numeric_range,false,unclassified,C. Vann Woodward
crossref:10.1086/ahr/75.3.727,10.1086/ahr/75.3.727,1970,1970-02-01,1970-02-01,The Advent of Printing in Current Historical Literature: Notes and Comments on an Elusive Transformation,75,3,727-743,17,explicit_numeric_range,false,unclassified,Elizabeth L. Eisenstein
crossref:10.1086/ahr/75.3.744,10.1086/ahr/75.3.744,1970,1970-02-01,1970-02-01,At the Borderland of Law and Economic History: The Contributions of Willard Hurst,75,3,744-756,13,explicit_numeric_range,false,unclassified,Harry N. Scheiber
crossref:10.1086/ahr/75.3.757,10.1086/ahr/75.3.757,1970,1970-02-01,1970-02-01,"The Creation of Nobles in Prussia, 1871–1918",75,3,757-795,39,explicit_numeric_range,false,unclassified,Lamar Cecil
crossref:10.1086/ahr/75.3.796,10.1086/ahr/75.3.796,1970,1970-02-01,1970-02-01,"“For God, for China and for Yale”—The Open Door in Action",75,3,796-807,12,explicit_numeric_range,false,unclassified,Jerry Israel
crossref:10.1086/ahr/75.4.1004,10.1086/ahr/75.4.1004,1970,1970-04-01,1970-04-01,Slavery in Brazil and the United States: An Essay in Comparative History,75,4,1004-1028,25,explicit_numeric_range,false,unclassified,Carl N. Degler
crossref:10.1086/ahr/75.4.1029,10.1086/ahr/75.4.1029,1970,1970-04-01,1970-04-01,Fascist Modernization in Italy: Traditional or Revolutionary?,75,4,1029-1045,17,explicit_numeric_range,false,unclassified,Roland Sarti
crossref:10.1086/ahr/75.4.1046,10.1086/ahr/75.4.1046,1970,1970-04-01,1970-04-01,"Red Fascism: The Merger of Nazi Germany and Soviet Russia in the American Image of Totalitarianism, 1930's–1950's",75,4,1046-1064,19,explicit_numeric_range,false,unclassified,Les K. Adler | Thomas G. Paterson
crossref:10.1086/ahr/75.4.1213,10.1086/ahr/75.4.1213,1970,1970-04-01,1970-04-01,Other Recent Publications,75,4,1213-1281,69,explicit_numeric_range,false,unclassified,
crossref:10.1086/ahr/75.4.971,10.1086/ahr/75.4.971,1970,1970-04-01,1970-04-01,The Traditional Enmity between Sparta and Argos: The Birth and Development of a Myth,75,4,971-1003,33,explicit_numeric_range,false,unclassified,Thomas Kelly
crossref:10.1086/ahr/75.5.1289,10.1086/ahr/75.5.1289,1970,1970-06-01,1970-06-01,The Domestic Policies of Peter III and His Overthrow,75,5,1289-1310,22,explicit_numeric_range,false,unclassified,Marc Raeff
crossref:10.1086/ahr/75.5.1311,10.1086/ahr/75.5.1311,1970,1970-06-01,1970-06-01,Underlying Themes in the Witchcraft of Seventeenth-Century New England,75,5,1311-1326,16,explicit_numeric_range,false,unclassified,John Demos
crossref:10.1086/ahr/75.5.1327,10.1086/ahr/75.5.1327,1970,1970-06-01,1970-06-01,The Royal Navy and the Ethiopian Crisis of 1935–36,75,5,1327-1356,30,explicit_numeric_range,false,unclassified,Arthur Marder
crossref:10.1086/ahr/75.5.1357,10.1086/ahr/75.5.1357,1970,1970-06-01,1970-06-01,"White Liberals and Black Power in Negro Education, 1865–1915",75,5,1357-1386,30,explicit_numeric_range,false,unclassified,James M. McPherson
crossref:10.1086/ahr/75.5.1568-a,10.1086/ahr/75.5.1568-a,1970,1970-06-01,1970-06-01,To the Editor of the American Historical Review,75,5,1568-1670,103,explicit_numeric_range,false,unclassified,E. Bradford Burns
crossref:10.1086/ahr/75.6.1581,10.1086/ahr/75.6.1581,1970,1970-10-01,1970-10-01,Booker T. Washington in Biographical Perspective,75,6,1581-1599,19,explicit_numeric_range,false,unclassified,Louis R. Harlan
crossref:10.1086/ahr/75.6.1600,10.1086/ahr/75.6.1600,1970,1970-10-01,1970-10-01,Obstacles to Agricultural Growth in Eighteenth-Century France,75,6,1600-1615,16,explicit_numeric_range,false,unclassified,Robert Forster
crossref:10.1086/ahr/75.6.1616,10.1086/ahr/75.6.1616,1970,1970-10-01,1970-10-01,The Shanghai Crisis of 1932: The Basis of British Policy,75,6,1616-1639,24,explicit_numeric_range,false,unclassified,Christopher Thorne
crossref:10.1086/ahr/75.6.1640,10.1086/ahr/75.6.1640,1970,1970-10-01,1970-10-01,"Preparing the Public for War: Efforts to Establish a National Propaganda Agency, 1940–41",75,6,1640-1653,14,explicit_numeric_range,false,unclassified,Richard W. Steele
crossref:10.1086/ahr/75.6.1654,10.1086/ahr/75.6.1654,1970,1970-10-01,1970-10-01,"The Military and Politics in Turkey, 1960–64: A Socio-Cultural Analysis of a Revolution",75,6,1654-1683,30,explicit_numeric_range,false,unclassified,Kemal H. Karpat
crossref:10.1086/ahr/75.6.1807,10.1086/ahr/75.6.1807,1970,1970-10-01,1970-10-01,Other Books Received,75,6,1807-1821,15,explicit_numeric_range,false,unclassified,
crossref:10.1086/ahr/75.6.1822,10.1086/ahr/75.6.1822,1970,1970-10-01,1970-10-01,Recently Published Articles,75,6,1822-1883,62,explicit_numeric_range,false,unclassified,
crossref:10.1086/ahr/75.7.1892,10.1086/ahr/75.7.1892,1970,1970-12-01,1970-12-01,"The Evolution of the Ottoman Seaborne Empire in the Age of the Oceanic Discoveries, 1453–1525",75,7,1892-1919,28,explicit_numeric_range,false,unclassified,Andrew C. Hess
crossref:10.1086/ahr/75.7.1920,10.1086/ahr/75.7.1920,1970,1970-12-01,1970-12-01,World War I and the Liberal Pacifist in the United States,75,7,1920-1937,18,explicit_numeric_range,false,unclassified,Charles Chatfield
crossref:10.1086/ahr/75.7.1938,10.1086/ahr/75.7.1938,1970,1970-12-01,1970-12-01,"The Revolution in English Social Thought, 1880–1914",75,7,1938-1964,27,explicit_numeric_range,false,unclassified,Reba N. Soffer
crossref:10.1086/ahr/75.7.1965,10.1086/ahr/75.7.1965,1970,1970-12-01,1970-12-01,Germany and the Russo-Japanese War,75,7,1965-1986,22,explicit_numeric_range,false,unclassified,Jonathan Steinberg
crossref:10.1086/ahr/75.7.1987,10.1086/ahr/75.7.1987,1970,1970-12-01,1970-12-01,World War II: A Survey of Recent Writings,75,7,1987-2008,22,explicit_numeric_range,false,unclassified,Louis Morton
crossref:10.1086/ahr/75.7.2169,10.1086/ahr/75.7.2169,1970,1970-12-01,1970-12-01,Index,75,7,2169-2225,57,explicit_numeric_range,false,unclassified,
crossref:10.1086/ahr/76.1.1,10.1086/ahr/76.1.1,1971,1971-02-01,1971-02-01,The American Historical Association in 1970,76,1,1-15,15,explicit_numeric_range,false,unclassified,R. R. Palmer
crossref:10.1086/ahr/76.1.16,10.1086/ahr/76.1.16,1971,1971-02-01,1971-02-01,Pride Goes before Avarice: Social Change and the Vices in Latin Christendom,76,1,16-49,34,explicit_numeric_range,false,unclassified,Lester K. Little
crossref:10.1086/ahr/76.1.239,10.1086/ahr/76.1.239,1971,1971-02-01,1971-02-01,Recently Published Articles,76,1,239-315,77,explicit_numeric_range,false,unclassified,
crossref:10.1086/ahr/76.1.50,10.1086/ahr/76.1.50,1971,1971-02-01,1971-02-01,Social Welfare in Calvin's Geneva,76,1,50-69,20,explicit_numeric_range,false,unclassified,Robert M. Kingdon
crossref:10.1086/ahr/76.1.70,10.1086/ahr/76.1.70,1971,1971-02-01,1971-02-01,Gymnastics and Sports in Fin-de-Siècle France: Opium of the Classes?,76,1,70-98,29,explicit_numeric_range,false,unclassified,Eugen Weber
crossref:10.1086/ahr/76.1.99,10.1086/ahr/76.1.99,1971,1971-02-01,1971-02-01,Consciousness and Ideology in American History: The Burden of Daniel J. Boorstin,76,1,99-118,20,explicit_numeric_range,false,unclassified,John P. Diggins
crossref:10.1086/ahr/76.2.319,10.1086/ahr/76.2.319,1971,1971-04-01,1971-04-01,Hoping against Hope: The Enlightened Age in Hungary,76,2,319-357,39,explicit_numeric_range,false,unclassified,George Barany
crossref:10.1086/ahr/76.2.358,10.1086/ahr/76.2.358,1971,1971-04-01,1971-04-01,Europe's “Discovery” of China and the Writing of World History,76,2,358-385,28,explicit_numeric_range,false,unclassified,Edwin J. van Kley
crossref:10.1086/ahr/76.2.386,10.1086/ahr/76.2.386,1971,1971-04-01,1971-04-01,Cultural Strain and Protestant Liberalism,76,2,386-411,26,explicit_numeric_range,false,unclassified,William R. Hutchison
crossref:10.1086/ahr/76.2.412,10.1086/ahr/76.2.412,1971,1971-04-01,1971-04-01,"Zosimus, The First Historian of Rome's Fall",76,2,412-441,30,explicit_numeric_range,false,unclassified,Walter Goffart
crossref:10.1086/ahr/76.2.442,10.1086/ahr/76.2.442,1971,1971-04-01,1971-04-01,"The Scientific Establishment and the Transmission of Quantum Mechanics to the United States, 1919–32",76,2,442-466,25,explicit_numeric_range,false,unclassified,Stanley Coben
crossref:10.1086/ahr/76.3.595,10.1086/ahr/76.3.595,1971,1971-06-01,1971-06-01,"The Labor Problem at Jamestown, 1607–18",76,3,595-611,17,explicit_numeric_range,false,unclassified,Edmund S. Morgan
crossref:10.1086/ahr/76.3.612,10.1086/ahr/76.3.612,1971,1971-06-01,1971-06-01,The Unsuccessful Adolescence of Heinrich Himmler,76,3,612-641,30,explicit_numeric_range,false,unclassified,Peter Loewenberg
crossref:10.1086/ahr/76.3.642,10.1086/ahr/76.3.642,1971,1971-06-01,1971-06-01,Communism and the Working Class before Marx: The Icarian Experience,76,3,642-689,48,explicit_numeric_range,false,unclassified,Christopher H. Johnson
crossref:10.1086/ahr/76.3.690,10.1086/ahr/76.3.690,1971,1971-06-01,1971-06-01,"Historical Analogism, Public Policy, and Social Science in Eleventh- and Twelfth-Century China",76,3,690-727,38,explicit_numeric_range,false,unclassified,Robert M. Hartwell
crossref:10.1086/ahr/76.3.728,10.1086/ahr/76.3.728,1971,1971-06-01,1971-06-01,"Order and Growth, Authority and Meaning in Colonial New England",76,3,728-737,10,explicit_numeric_range,false,unclassified,Rhys Isaac
crossref:10.1086/ahr/76.3.871,10.1086/ahr/76.3.871,1971,1971-06-01,1971-06-01,Other Books Received,76,3,871-881,11,explicit_numeric_range,false,unclassified,
crossref:10.1086/ahr/76.3.882,10.1086/ahr/76.3.882,1971,1971-06-01,1971-06-01,Recently Published Articles,76,3,882-956,75,explicit_numeric_range,false,unclassified,
crossref:10.1086/ahr/76.4.1035,10.1086/ahr/76.4.1035,1971,1971-10-01,1971-10-01,"“A Necessary Cruelty”: The Emergence of Official Anti-Semitism in Poland, 1936–39",76,4,1035-1058,24,explicit_numeric_range,false,unclassified,Edward D. Wynot
crossref:10.1086/ahr/76.4.1059,10.1086/ahr/76.4.1059,1971,1971-10-01,1971-10-01,Chilean Rural Labor in the Nineteenth Century,76,4,1059-1083,25,explicit_numeric_range,false,unclassified,Arnold J. Bauer
crossref:10.1086/ahr/76.4.1084,10.1086/ahr/76.4.1084,1971,1971-10-01,1971-10-01,"Time, Space, and the Geographic Past: A Prospectus for Historical Geography",76,4,1084-1103,20,explicit_numeric_range,false,unclassified,John A. Jakle
crossref:10.1086/ahr/76.4.1104,10.1086/ahr/76.4.1104,1971,1971-10-01,1971-10-01,Gandhi: A Psychoanalytic View,76,4,1104-1115,12,explicit_numeric_range,false,unclassified,Joan V. Bondurant | Margaret W. Fisher | J. D. Sutherland
crossref:10.1086/ahr/76.4.1283,10.1086/ahr/76.4.1283,1971,1971-10-01,1971-10-01,Other Books Received,76,4,1283-1293,11,explicit_numeric_range,false,unclassified,
crossref:10.1086/ahr/76.4.1294,10.1086/ahr/76.4.1294,1971,1971-10-01,1971-10-01,Recently Published Articles,76,4,1294-1369,76,explicit_numeric_range,false,unclassified,
crossref:10.1086/ahr/76.4.965,10.1086/ahr/76.4.965,1971,1971-10-01,1971-10-01,"The Landlord and the Economic Revival of the Middle Ages in Northern Europe, 1000–1250",76,4,965-988,24,explicit_numeric_range,false,unclassified,Ronald G. Witt
crossref:10.1086/ahr/76.4.989,10.1086/ahr/76.4.989,1971,1971-10-01,1971-10-01,"The Egalitarian Myth and the American Social Reality: Wealth, Mobility, and Equality in the “Era of the Common Man”",76,4,989-1034,46,explicit_numeric_range,false,unclassified,Edward Pessen
crossref:10.1086/ahr/76.5.1371,10.1086/ahr/76.5.1371,1971,1971-12-01,1971-12-01,On War and Greed in the Second Century B.C.,76,5,1371-1385,15,explicit_numeric_range,false,unclassified,W. V. Harris
crossref:10.1086/ahr/76.5.1386,10.1086/ahr/76.5.1386,1971,1971-12-01,1971-12-01,Christian-Islamic Confrontation in the West: The Thirteenth-Century Dream of Conversion,76,5,1386-1434,49,explicit_numeric_range,false,unclassified,Robert I. Burns
crossref:10.1086/ahr/76.5.1435,10.1086/ahr/76.5.1435,1971,1971-12-01,1971-12-01,Populist Dreams and Negro Rights: East Texas as a Case Study,76,5,1435-1456,22,explicit_numeric_range,false,unclassified,Lawrence C. Goodwyn
crossref:10.1086/ahr/76.5.1457,10.1086/ahr/76.5.1457,1971,1971-12-01,1971-12-01,The Psychohistorical Origins of the Nazi Youth Cohort,76,5,1457-1502,46,explicit_numeric_range,false,unclassified,Peter Loewenberg
crossref:10.1086/ahr/76.5.1503,10.1086/ahr/76.5.1503,1971,1971-12-01,1971-12-01,Franklin Roosevelt as World Leader,76,5,1503-1513,11,explicit_numeric_range,false,unclassified,Robert Dallek
crossref:10.1086/ahr/76.5.1647,10.1086/ahr/76.5.1647,1971,1971-12-01,1971-12-01,Other Books Received,76,5,1647-1659,13,explicit_numeric_range,false,unclassified,
crossref:10.1086/ahr/76.5.1661,10.1086/ahr/76.5.1661,1971,1971-12-01,1971-12-01,"Index to American Historical Review, Volume 76",76,5,1661-1692,32,explicit_numeric_range,false,unclassified,John T. Appleby
crossref:10.1086/ahr/77.1.1,10.1086/ahr/77.1.1,1972,1972-02-01,1972-02-01,The Fourth and the Fourteenth Centuries,77,1,1-14,14,explicit_numeric_range,false,unclassified,Joseph R. Strayer
crossref:10.1086/ahr/77.1.15,10.1086/ahr/77.1.15,1972,1972-02-01,1972-02-01,Africa and the Caribbean in the Atlantic Slave Trade,77,1,15-35,21,explicit_numeric_range,false,unclassified,Richard B. Sheridan
crossref:10.1086/ahr/77.1.243,10.1086/ahr/77.1.243,1972,1972-02-01,1972-02-01,Recent Deaths,77,1,243-252,10,explicit_numeric_range,false,unclassified,R. G. Cowherd | Mark Perlman | Madeline R. Robinton | Dumas Malone | James Lea Cate | Elmer Louis Kayser | Carlton C. Qualey | George Kennan
crossref:10.1086/ahr/77.1.264,10.1086/ahr/77.1.264,1972,1972-02-01,1972-02-01,Recently Published Articles,77,1,264-360,97,explicit_numeric_range,false,unclassified,
crossref:10.1086/ahr/77.1.36,10.1086/ahr/77.1.36,1972,1972-02-01,1972-02-01,History: The Muse and Her Doctors,77,1,36-64,29,explicit_numeric_range,false,unclassified,Jacques Barzun
crossref:10.1086/ahr/77.1.65,10.1086/ahr/77.1.65,1972,1972-02-01,1972-02-01,New Thoughts on German Nationalism,77,1,65-80,16,explicit_numeric_range,false,unclassified,Robert M. Berdahl
crossref:10.1086/ahr/77.1.81,10.1086/ahr/77.1.81,1972,1972-02-01,1972-02-01,The Founding Fathers and Slavery,77,1,81-93,13,explicit_numeric_range,false,unclassified,William W. Freehling
crossref:10.1086/ahr/77.2.361,10.1086/ahr/77.2.361,1972,1972-04-01,1972-04-01,Rioting in Its Jacksonian Setting,77,2,361-397,37,explicit_numeric_range,false,unclassified,David Grimsted
crossref:10.1086/ahr/77.2.398,10.1086/ahr/77.2.398,1972,1972-04-01,1972-04-01,The Stem Family and the Developmental Cycle of the Peasant Household: An Eighteenth-Century Austrian Example,77,2,398-418,21,explicit_numeric_range,false,unclassified,Lutz K. Berkner
crossref:10.1086/ahr/77.2.419,10.1086/ahr/77.2.419,1972,1972-04-01,1972-04-01,Toward a Psychoanalytic Interpretation of Bismarck,77,2,419-444,26,explicit_numeric_range,false,unclassified,Otto Pflanze
crossref:10.1086/ahr/77.2.453,10.1086/ahr/77.2.453,1972,1972-04-01,1972-04-01,A. G. Dickens and the Men of the Sixteenth Century,77,2,453-462,10,explicit_numeric_range,false,unclassified,Thomas E. Morrissey
crossref:10.1086/ahr/77.2.463,10.1086/ahr/77.2.463,1972,1972-04-01,1972-04-01,The Partition of India: A Quarter Century After,77,2,463-472,10,explicit_numeric_range,false,unclassified,Robert Eric Frykenberg
crossref:10.1086/ahr/77.3.625,10.1086/ahr/77.3.625,1972,1972-06-01,1972-06-01,"The Devotional Revolution in Ireland, 1850–75",77,3,625-652,28,explicit_numeric_range,false,unclassified,Emmet Larkin
crossref:10.1086/ahr/77.3.653,10.1086/ahr/77.3.653,1972,1972-06-01,1972-06-01,"The Vital Center, the Fair Deal, and the Quest for a Liberal Political Economy",77,3,653-678,26,explicit_numeric_range,false,unclassified,Alonzo L. Hamby
crossref:10.1086/ahr/77.3.679,10.1086/ahr/77.3.679,1972,1972-06-01,1972-06-01,Marx and the Agrarian Question,77,3,679-704,26,explicit_numeric_range,false,unclassified,Oscar J. Hammen
crossref:10.1086/ahr/77.3.705,10.1086/ahr/77.3.705,1972,1972-06-01,1972-06-01,Parliament and Society in Early Stuart England: The Legacy of Wallace Notestein,77,3,705-714,10,explicit_numeric_range,false,unclassified,Theodore K. Rabb
crossref:10.1086/ahr/77.3.715,10.1086/ahr/77.3.715,1972,1972-06-01,1972-06-01,The Transition from Feudalism to Capitalism in Russia: A Major Soviet Historical Controversy,77,3,715-729,15,explicit_numeric_range,false,unclassified,Samuel H. Baron
crossref:10.1086/ahr/77.3.879,10.1086/ahr/77.3.879,1972,1972-06-01,1972-06-01,Recently Published Articles,77,3,879-965,87,explicit_numeric_range,false,unclassified,
crossref:10.1086/ahr/77.4.1013,10.1086/ahr/77.4.1013,1972,1972-10-01,1972-10-01,The American Civil War Considered as a Crisis in Law and Order,77,4,1013-1034,22,explicit_numeric_range,false,unclassified,Phillip S. Paludan
crossref:10.1086/ahr/77.4.1035,10.1086/ahr/77.4.1035,1972,1972-10-01,1972-10-01,"Buenos Aires as a Commercial-Bureaucratic City, 1880–1910: Characteristics of a City's Orientation",77,4,1035-1073,39,explicit_numeric_range,false,unclassified,James R. Scobie
crossref:10.1086/ahr/77.4.1209,10.1086/ahr/77.4.1209,1972,1972-10-01,1972-10-01,Other Books Received,77,4,1209-1220,12,explicit_numeric_range,false,unclassified,
crossref:10.1086/ahr/77.4.1221,10.1086/ahr/77.4.1221,1972,1972-10-01,1972-10-01,Recently Published Articles,77,4,1221-1321,101,explicit_numeric_range,false,unclassified,
crossref:10.1086/ahr/77.4.967,10.1086/ahr/77.4.967,1972,1972-10-01,1972-10-01,The AHR and the AHA: An Editorial,77,4,967-976,10,explicit_numeric_range,false,unclassified,
crossref:10.1086/ahr/77.4.977,10.1086/ahr/77.4.977,1972,1972-10-01,1972-10-01,The Florentine Palace as Domestic Architecture,77,4,977-1012,36,explicit_numeric_range,false,unclassified,Richard A. Goldthwaite
crossref:10.1086/ahr/77.5.1323,10.1086/ahr/77.5.1323,1972,1972-12-01,1972-12-01,"Martyrs, Myths, and the Massacre: The Background of St. Bartholomew",77,5,1323-1342,20,explicit_numeric_range,false,unclassified,Donald R. Kelley
crossref:10.1086/ahr/77.5.1343,10.1086/ahr/77.5.1343,1972,1972-12-01,1972-12-01,“The Sense of an Impending Clash”: English Working-Class Unrest before the First World War,77,5,1343-1364,22,explicit_numeric_range,false,unclassified,Standish Meacham
crossref:10.1086/ahr/77.5.1365,10.1086/ahr/77.5.1365,1972,1972-12-01,1972-12-01,Stalin and the Prospects of a Separate Peace in World War II,77,5,1365-1388,24,explicit_numeric_range,false,unclassified,Vojtech Mastny
crossref:10.1086/ahr/77.5.1389,10.1086/ahr/77.5.1389,1972,1972-12-01,1972-12-01,A Soviet Historian Evaluates Stalin's Role in History,77,5,1389-1398,10,explicit_numeric_range,false,unclassified,Robert M. Slusser
crossref:10.1086/ahr/77.5.1543,10.1086/ahr/77.5.1543,1972,1972-12-01,1972-12-01,"Index to American Historical Review, Volume 77",77,5,1543-1576,34,explicit_numeric_range,false,unclassified,John T. Appleby
crossref:10.1086/ahr/78.1.1,10.1086/ahr/78.1.1,1973,1973-02-01,1973-02-01,History and Cultural Crisis,78,1,1-10,10,explicit_numeric_range,false,unclassified,Thomas C. Cochran
crossref:10.1086/ahr/78.1.11,10.1086/ahr/78.1.11,1973,1973-02-01,1973-02-01,"A Reassessment of Visigothic Jewish Policy, 589–711",78,1,11-34,24,explicit_numeric_range,false,unclassified,Bernard S. Bachrach
crossref:10.1086/ahr/78.1.211,10.1086/ahr/78.1.211,1973,1973-02-01,1973-02-01,Recently Published Articles,78,1,211-302,92,explicit_numeric_range,false,unclassified,
crossref:10.1086/ahr/78.1.35,10.1086/ahr/78.1.35,1973,1973-02-01,1973-02-01,The Castilian Urban Patriciate and the Jewish Expulsions of 1480–92,78,1,35-62,28,explicit_numeric_range,false,unclassified,Stephen H. Haliczer
crossref:10.1086/ahr/78.2.303,10.1086/ahr/78.2.303,1973,1973-04-01,1973-04-01,Lawyers and Early Modern Culture,78,2,303-327,25,explicit_numeric_range,false,unclassified,William J. Bouwsma
crossref:10.1086/ahr/78.2.328,10.1086/ahr/78.2.328,1973,1973-04-01,1973-04-01,Politics and Patricide in Freud's Interpretation of Dreams,78,2,328-347,20,explicit_numeric_range,false,unclassified,Carl E. Schorske
crossref:10.1086/ahr/78.2.348,10.1086/ahr/78.2.348,1973,1973-04-01,1973-04-01,Tempest in Clio's Teapot: The American Historical Association Rebellion of 1915,78,2,348-369,22,explicit_numeric_range,false,unclassified,Ray Allen Billington
crossref:10.1086/ahr/78.2.370,10.1086/ahr/78.2.370,1973,1973-04-01,1973-04-01,T. S. Kuhn's Theory of Science and Its Implications for History,78,2,370-393,24,explicit_numeric_range,false,unclassified,David A. Hollinger
crossref:10.1086/ahr/78.3.531,10.1086/ahr/78.3.531,1973,1973-06-01,1973-06-01,"Work, Culture, and Society in Industrializing America, 1815–1919",78,3,531-588,58,explicit_numeric_range,false,unclassified,Herbert G. Gutman
crossref:10.1086/ahr/78.3.589,10.1086/ahr/78.3.589,1973,1973-06-01,1973-06-01,C. Vann Woodward and the Burden of Southern Liberalism,78,3,589-604,16,explicit_numeric_range,false,unclassified,Michael O'Brien
crossref:10.1086/ahr/78.3.605,10.1086/ahr/78.3.605,1973,1973-06-01,1973-06-01,"Female Emancipation, Birth Control, and Fertility in European History",78,3,605-640,36,explicit_numeric_range,false,unclassified,Edward Shorter
crossref:10.1086/ahr/78.3.757,10.1086/ahr/78.3.757,1973,1973-06-01,1973-06-01,Recent Deaths,78,3,757-766,10,explicit_numeric_range,false,unclassified,Natalie Zemon Davis | David Wightman | Marc Egnal | William J. Chute | Thomas C. Cochran | John A. Munroe | Carl Hamilton Pegg | Gordon A. Craig | Melvin C. Wren
crossref:10.1086/ahr/78.3.777,10.1086/ahr/78.3.777,1973,1973-06-01,1973-06-01,Recently Published Articles,78,3,777-872,96,explicit_numeric_range,false,unclassified,
crossref:10.1086/ahr/78.4.1175,10.1086/ahr/78.4.1175,1973,1973-10-01,1973-10-01,Other Books Received,78,4,1175-1185,11,explicit_numeric_range,false,unclassified,
crossref:10.1086/ahr/78.4.1186,10.1086/ahr/78.4.1186,1973,1973-10-01,1973-10-01,Recently Published Articles,78,4,1186-1303,118,explicit_numeric_range,false,unclassified,
crossref:10.1086/ahr/78.4.873,10.1086/ahr/78.4.873,1973,1973-10-01,1973-10-01,The Encounter of Two Societies: Western Conquerors and Byzantines in the Peloponnesus after the Fourth Crusade,78,4,873-906,34,explicit_numeric_range,false,unclassified,David Jacoby
crossref:10.1086/ahr/78.4.907,10.1086/ahr/78.4.907,1973,1973-10-01,1973-10-01,"The New Deal, National Socialism, and the Great Depression",78,4,907-944,38,explicit_numeric_range,false,unclassified,John A. Garraty
crossref:10.1086/ahr/78.4.945,10.1086/ahr/78.4.945,1973,1973-10-01,1973-10-01,"The Atomic Bomb and the Origins of the Cold War: U. S. Atomic-Energy Policy and Diplomacy, 1941–45",78,4,945-968,24,explicit_numeric_range,false,unclassified,Martin J. Sherwin
crossref:10.1086/ahr/78.4.969,10.1086/ahr/78.4.969,1973,1973-10-01,1973-10-01,Franco Venturi on Russian Populism,78,4,969-986,18,explicit_numeric_range,false,unclassified,Alexander Gerschenkron
crossref:10.1086/ahr/78.4.987,10.1086/ahr/78.4.987,1973,1973-10-01,1973-10-01,On Diffusionism and Historicity,78,4,987-1004,18,explicit_numeric_range,false,unclassified,R. C. Padden
crossref:10.1086/ahr/78.5.1305,10.1086/ahr/78.5.1305,1973,1973-12-01,1973-12-01,Death and Dying in Puritan New England,78,5,1305-1330,26,explicit_numeric_range,false,unclassified,David E. Stannard
crossref:10.1086/ahr/78.5.1331,10.1086/ahr/78.5.1331,1973,1973-12-01,1973-12-01,The Encyclopédie Wars of Prerevolutionary France,78,5,1331-1352,22,explicit_numeric_range,false,unclassified,Robert Darnton
crossref:10.1086/ahr/78.5.1353,10.1086/ahr/78.5.1353,1973,1973-12-01,1973-12-01,The Historical Problem of Generations,78,5,1353-1385,33,explicit_numeric_range,false,unclassified,Alan B. Spitzer
crossref:10.1086/ahr/78.5.1386,10.1086/ahr/78.5.1386,1973,1973-12-01,1973-12-01,Statesmen Undisguised,78,5,1386-1405,20,explicit_numeric_range,false,unclassified,Roy M. Macleod
crossref:10.1086/ahr/78.5.1406,10.1086/ahr/78.5.1406,1973,1973-12-01,1973-12-01,De Gaulle as President: First Triumphs and Last Memoirs,78,5,1406-1420,15,explicit_numeric_range,false,unclassified,John C. Cairns
crossref:10.1086/ahr/78.5.1570,10.1086/ahr/78.5.1570,1973,1973-12-01,1973-12-01,Other Books Received,78,5,1570-1582,13,explicit_numeric_range,false,unclassified,
crossref:10.1086/ahr/78.5.1583,10.1086/ahr/78.5.1583,1973,1973-12-01,1973-12-01,"Index to American Historical Review, Volume 78",78,5,1583-1613,31,explicit_numeric_range,false,unclassified,John T. Appleby
crossref:10.1086/ahr/79.1.1,10.1086/ahr/79.1.1,1974,1974-02-01,1974-02-01,Technology Assessment from the Stance of a Medieval Historian,79,1,1-13,13,explicit_numeric_range,false,unclassified,Lynn White
crossref:10.1086/ahr/79.1.14,10.1086/ahr/79.1.14,1974,1974-02-01,1974-02-01,Naturalism and Socialism in Germany,79,1,14-37,24,explicit_numeric_range,false,unclassified,Vernon L. Lidtke
crossref:10.1086/ahr/79.1.274,10.1086/ahr/79.1.274,1974,1974-02-01,1974-02-01,Other Books Received,79,1,274-283,10,explicit_numeric_range,false,unclassified,
crossref:10.1086/ahr/79.1.284,10.1086/ahr/79.1.284,1974,1974-02-01,1974-02-01,Recently Published Articles,79,1,284-391,108,explicit_numeric_range,false,unclassified,
crossref:10.1086/ahr/79.1.38,10.1086/ahr/79.1.38,1974,1974-02-01,1974-02-01,Getting Hegel out of History: Max Eastman's Quarrel with Marxism,79,1,38-71,34,explicit_numeric_range,false,unclassified,John P. Diggins
crossref:10.1086/ahr/79.1.72,10.1086/ahr/79.1.72,1974,1974-02-01,1974-02-01,United States Intervention Abroad: The First Quarter Century,79,1,72-102,31,explicit_numeric_range,false,unclassified,Richard M. Abrams
crossref:10.1086/ahr/79.2.393,10.1086/ahr/79.2.393,1974,1974-04-01,1974-04-01,"Disciplining Slave Ironworkers in the Antebellum South: Coercion, Conciliation, and Accommodation",79,2,393-418,26,explicit_numeric_range,false,unclassified,Charles B. Dew
crossref:10.1086/ahr/79.2.419,10.1086/ahr/79.2.419,1974,1974-04-01,1974-04-01,The Lloyd George Government and the Creation of the League of Nations,79,2,419-444,26,explicit_numeric_range,false,unclassified,George W. Egerton
crossref:10.1086/ahr/79.2.445,10.1086/ahr/79.2.445,1974,1974-04-01,1974-04-01,The Politics of Technology: Stalin and Technocratic Thinking among Soviet Engineers,79,2,445-469,25,explicit_numeric_range,false,unclassified,Kendall E. Bailes
crossref:10.1086/ahr/79.2.470,10.1086/ahr/79.2.470,1974,1974-04-01,1974-04-01,History from Slave Sources,79,2,470-481,12,explicit_numeric_range,false,unclassified,C. Vann Woodward
crossref:10.1086/ahr/79.3.637,10.1086/ahr/79.3.637,1974,1974-06-01,1974-06-01,"Catherine II, Bubonic Plague, and the Problem of Industry in Moscow",79,3,637-671,35,explicit_numeric_range,false,unclassified,John T. Alexander
crossref:10.1086/ahr/79.3.672,10.1086/ahr/79.3.672,1974,1974-06-01,1974-06-01,Natural Knowledge in Cultural Context: The Manchester Model,79,3,672-709,38,explicit_numeric_range,false,unclassified,Arnold Thackray
crossref:10.1086/ahr/79.3.710,10.1086/ahr/79.3.710,1974,1974-06-01,1974-06-01,A Nation of Shopkeepers in Search of a Suitable France: 1919–40,79,3,710-743,34,explicit_numeric_range,false,unclassified,John C. Cairns
crossref:10.1086/ahr/79.3.937,10.1086/ahr/79.3.937,1974,1974-06-01,1974-06-01,Recently Published Articles,79,3,937-1062,126,explicit_numeric_range,false,unclassified,
crossref:10.1086/ahr/79.4.1063,10.1086/ahr/79.4.1063,1974,1974-10-01,1974-10-01,The Tyranny of a Construct: Feudalism and Historians of Medieval Europe,79,4,1063-1088,26,explicit_numeric_range,false,unclassified,Elizabeth A. R. Brown
crossref:10.1086/ahr/79.4.1089,10.1086/ahr/79.4.1089,1974,1974-10-01,1974-10-01,Napoleon's Prefects,79,4,1089-1118,30,explicit_numeric_range,false,unclassified,Edward A. Whitcomb
crossref:10.1086/ahr/79.4.1119,10.1086/ahr/79.4.1119,1974,1974-10-01,1974-10-01,The Cold War Warmed Over,79,4,1119-1136,18,explicit_numeric_range,false,unclassified,Warren F. Kimball
crossref:10.1086/ahr/79.4.1312,10.1086/ahr/79.4.1312,1974,1974-10-01,1974-10-01,Other Books Received,79,4,1312-1325,14,explicit_numeric_range,false,unclassified,
crossref:10.1086/ahr/79.4.1326,10.1086/ahr/79.4.1326,1974,1974-10-01,1974-10-01,Recently Published Articles,79,4,1326-1447,122,explicit_numeric_range,false,unclassified,
crossref:10.1086/ahr/79.5.1449,10.1086/ahr/79.5.1449,1974,1974-12-01,1974-12-01,The Business Revolution,79,5,1449-1466,18,explicit_numeric_range,false,unclassified,Thomas C. Cochran
crossref:10.1086/ahr/79.5.1467,10.1086/ahr/79.5.1467,1974,1974-12-01,1974-12-01,What Ought To Be and What Was: Women's Sexuality in the Nineteenth Century,79,5,1467-1490,24,explicit_numeric_range,false,unclassified,Carl N. Degler
crossref:10.1086/ahr/79.5.1499,10.1086/ahr/79.5.1499,1974,1974-12-01,1974-12-01,Society and Economy in the British Caribbean during the Seventeenth and Eighteenth Centuries,79,5,1499-1517,19,explicit_numeric_range,false,unclassified,Jack P. Greene
crossref:10.1086/ahr/79.5.1693,10.1086/ahr/79.5.1693,1974,1974-12-01,1974-12-01,Other Books Received,79,5,1693-1702,10,explicit_numeric_range,false,unclassified,
crossref:10.1086/ahr/79.5.1703,10.1086/ahr/79.5.1703,1974,1974-12-01,1974-12-01,"Index to American Historical Review, Volume 79",79,5,1703-1743,41,explicit_numeric_range,false,unclassified,John T. Appleby
crossref:10.1086/ahr/80.1.1,10.1086/ahr/80.1.1,1975,1975-02-01,1975-02-01,American Historians and the World Today: Responsibilities and Opportunities,80,1,1-20,20,explicit_numeric_range,false,unclassified,Lewis Hanke
crossref:10.1086/ahr/80.1.21,10.1086/ahr/80.1.21,1975,1975-02-01,1975-02-01,Immigrants from Islam: The Crusaders' Use of Muslims As Settlers in Thirteenth-Century Spain,80,1,21-42,22,explicit_numeric_range,false,unclassified,Robert I. Burns
crossref:10.1086/ahr/80.1.224,10.1086/ahr/80.1.224,1975,1975-02-01,1975-02-01,Recently Published Articles,80,1,224-328,105,explicit_numeric_range,false,unclassified,
crossref:10.1086/ahr/80.1.43,10.1086/ahr/80.1.43,1975,1975-02-01,1975-02-01,Feminism in the French Revolution,80,1,43-62,20,explicit_numeric_range,false,unclassified,Jane Abray
crossref:10.1086/ahr/80.2.329,10.1086/ahr/80.2.329,1975,1975-04-01,1975-04-01,The Limits of Quantitative Methods in History,80,2,329-350,22,explicit_numeric_range,false,unclassified,Robert William Fogel
crossref:10.1086/ahr/80.2.351,10.1086/ahr/80.2.351,1975,1975-04-01,1975-04-01,Quantitative History,80,2,351-365,15,explicit_numeric_range,false,unclassified,Charlotte Erickson
crossref:10.1086/ahr/80.3.563,10.1086/ahr/80.3.563,1975,1975-06-01,1975-06-01,Some Models Used by Intellectual Historians,80,3,563-573,11,explicit_numeric_range,false,unclassified,Roland N. Stromberg
crossref:10.1086/ahr/80.3.574,10.1086/ahr/80.3.574,1975,1975-06-01,1975-06-01,"Agrarian Capitalism or Seigneurial Reaction? The Northwest of England, 1500–1700",80,3,574-594,21,explicit_numeric_range,false,unclassified,Andrew B. Appleby
crossref:10.1086/ahr/80.3.595,10.1086/ahr/80.3.595,1975,1975-06-01,1975-06-01,Native American History: How It Illuminates Our Past,80,3,595-609,15,explicit_numeric_range,false,unclassified,Wilbur R. Jacobs
crossref:10.1086/ahr/80.3.755,10.1086/ahr/80.3.755,1975,1975-06-01,1975-06-01,Recently Published Articles,80,3,755-858,104,explicit_numeric_range,false,unclassified,
crossref:10.1086/ahr/80.4.1099,10.1086/ahr/80.4.1099,1975,1975-10-01,1975-10-01,Recently Published Articles,80,4,1099-1220,122,explicit_numeric_range,false,unclassified,
crossref:10.1086/ahr/80.4.859,10.1086/ahr/80.4.859,1975,1975-10-01,1975-10-01,"Problems of Law and Order during 1790, the “Peaceful” Year of the French Revolution",80,4,859-888,30,explicit_numeric_range,false,unclassified,Samuel F. Scott
crossref:10.1086/ahr/80.4.889,10.1086/ahr/80.4.889,1975,1975-10-01,1975-10-01,"Abolitionists, Irish Immigrants, and the Dilemmas of Romantic Nationalism",80,4,889-912,24,explicit_numeric_range,false,unclassified,Gilbert Osofsky
crossref:10.1086/ahr/80.4.913,10.1086/ahr/80.4.913,1975,1975-10-01,1975-10-01,"Women and War in Japan, 1937–45",80,4,913-934,22,explicit_numeric_range,false,unclassified,Thomas R. H. Havens
crossref:10.1086/ahr/80.5.1221,10.1086/ahr/80.5.1221,1975,1975-12-01,1975-12-01,The Well-Ordered Police State and the Development of Modernity in Seventeenth- and Eighteenth-Century Europe: An Attempt at a Comparative Approach,80,5,1221-1243,23,explicit_numeric_range,false,unclassified,Marc Raeff
crossref:10.1086/ahr/80.5.1244,10.1086/ahr/80.5.1244,1975,1975-12-01,1975-12-01,"Church, State, and Nation in Modern Ireland",80,5,1244-1276,33,explicit_numeric_range,false,unclassified,Emmet Larkin
crossref:10.1086/ahr/80.5.1277,10.1086/ahr/80.5.1277,1975,1975-12-01,1975-12-01,"Roosevelt, Churchill, and Indochina: 1942–45",80,5,1277-1295,19,explicit_numeric_range,false,unclassified,Walter La Feber
crossref:10.1086/ahr/80.5.1432,10.1086/ahr/80.5.1432,1975,1975-12-01,1975-12-01,Other Books Received,80,5,1432-1445,14,explicit_numeric_range,false,unclassified,
crossref:10.1086/ahr/80.5.1446,10.1086/ahr/80.5.1446,1975,1975-12-01,1975-12-01,"Index to American Historical Review, Volume 80",80,5,1446-1490,45,explicit_numeric_range,false,unclassified,Jhon T. Appleby | Robin E. Byrnes
crossref:10.1086/ahr/81.1.1,10.1086/ahr/81.1.1,1976,1976-02-01,1976-02-01,History as a Moral Science,81,1,1-11,11,explicit_numeric_range,false,unclassified,Gordon Wright
crossref:10.1086/ahr/81.1.12,10.1086/ahr/81.1.12,1976,1976-02-01,1976-02-01,Coming to Terms with Samuel Adams,81,1,12-37,26,explicit_numeric_range,false,unclassified,Pauline Maier
crossref:10.1086/ahr/81.1.38,10.1086/ahr/81.1.38,1976,1976-02-01,1976-02-01,The Last Viceroys of New Spain and Peru: An Appraisal,81,1,38-65,28,explicit_numeric_range,false,unclassified,Timothy E. Anna
crossref:10.1086/ahr/81.1.66,10.1086/ahr/81.1.66,1976,1976-02-01,1976-02-01,"The Last Whig Historian and Consensus History: George MacAulay Trevelyan, 1876–1962",81,1,66-97,32,explicit_numeric_range,false,unclassified,Joseph M. Hernon
crossref:10.1086/ahr/81.2.243,10.1086/ahr/81.2.243,1976,1976-04-01,1976-04-01,Dynastic Marriage in Sixteenth-Century Habsburg Diplomacy and Statecraft: An Interdisciplinary Approach,81,2,243-265,23,explicit_numeric_range,false,unclassified,Paula Sutter Fichtner
crossref:10.1086/ahr/81.2.266,10.1086/ahr/81.2.266,1976,1976-04-01,1976-04-01,“Made for Man's Delight”: Rousseau as Antifeminist,81,2,266-291,26,explicit_numeric_range,false,unclassified,Victor G. Wexler
crossref:10.1086/ahr/81.2.292,10.1086/ahr/81.2.292,1976,1976-04-01,1976-04-01,"Bolshevism, the Woman Question, and Aleksandra Kollontai",81,2,292-316,25,explicit_numeric_range,false,unclassified,Beatrice Brodsky Farnsworth
crossref:10.1086/ahr/81.2.317,10.1086/ahr/81.2.317,1976,1976-04-01,1976-04-01,"Critical Election Theory and the Reality of American Presidential Politics, 1916–40",81,2,317-348,32,explicit_numeric_range,false,unclassified,Allan J. Lichtman
crossref:10.1086/ahr/81.2.489,10.1086/ahr/81.2.489,1976,1976-04-01,1976-04-01,Other Books Received,81,2,489-498,10,explicit_numeric_range,false,unclassified,
crossref:10.1086/ahr/81.3.499,10.1086/ahr/81.3.499,1976,1976-06-01,1976-06-01,Ideology and Theory: The Tension between Political and Economic Liberalism in Seventeenth-Century England,81,3,499-515,17,explicit_numeric_range,false,unclassified,Joyce Appleby
crossref:10.1086/ahr/81.3.540,10.1086/ahr/81.3.540,1976,1976-06-01,1976-06-01,On Decolonization and Informal Empire,81,3,540-556,17,explicit_numeric_range,false,unclassified,Robin W. Winks
crossref:10.1086/ahr/81.4.1022,10.1086/ahr/81.4.1022,1976,1976-10-01,1976-10-01,Other Books Received,81,4,1022-1037,16,explicit_numeric_range,false,unclassified,
crossref:10.1086/ahr/81.4.717,10.1086/ahr/81.4.717,1976,1976-10-01,1976-10-01,Some Arguments in Defense of the Venetians on the Fourth Crusade,81,4,717-737,21,explicit_numeric_range,false,unclassified,Donald E. Queller | Gerald W. Day
crossref:10.1086/ahr/81.4.738,10.1086/ahr/81.4.738,1976,1976-10-01,1976-10-01,"The Right to Rule in England: Depositions and the Kingdom's Authority, 1327–1485",81,4,738-761,24,explicit_numeric_range,false,unclassified,William Huse Dunham | Charles T. Wood
crossref:10.1086/ahr/81.4.762,10.1086/ahr/81.4.762,1976,1976-10-01,1976-10-01,Art and Politics in Cold War America,81,4,762-787,26,explicit_numeric_range,false,unclassified,Jane De Hart Mathews
crossref:10.1086/ahr/81.4.788,10.1086/ahr/81.4.788,1976,1976-10-01,1976-10-01,Consensus or Conflict: The Dilemma of Islamic Historians,81,4,788-799,12,explicit_numeric_range,false,unclassified,Andrew C. Hess
crossref:10.1086/ahr/81.4.800,10.1086/ahr/81.4.800,1976,1976-10-01,1976-10-01,Herbert Hoover: A Reinterpretation,81,4,800-810,11,explicit_numeric_range,false,unclassified,Robert H. Zieger
crossref:10.1086/ahr/81.5.1039,10.1086/ahr/81.5.1039,1976,1976-12-01,1976-12-01,Science and Humanism in the Italian Renaissance,81,5,1039-1057,19,explicit_numeric_range,false,unclassified,Eric Cochrane
crossref:10.1086/ahr/81.5.1300,10.1086/ahr/81.5.1300,1976,1976-12-01,1976-12-01,"Index to American Historical Review, Volume 81",81,5,1300-1366,67,explicit_numeric_range,false,unclassified,Ann Higginbotham
crossref:10.1086/ahr/82.1.1,10.1086/ahr/82.1.1,1977,1977-02-01,1977-02-01,“We the People of the United States”: The Bicentennial of a People's Revolution,82,1,1-19,19,explicit_numeric_range,false,unclassified,Richard B. Morris
crossref:10.1086/ahr/82.1.20,10.1086/ahr/82.1.20,1977,1977-02-01,1977-02-01,Robespierre and the French Revolution,82,1,20-38,19,explicit_numeric_range,false,unclassified,Joseph I. Shulim
crossref:10.1086/ahr/82.1.39,10.1086/ahr/82.1.39,1977,1977-02-01,1977-02-01,United States Relations with Latin America: Neighborliness and Exploitation,82,1,39-59,21,explicit_numeric_range,false,unclassified,David M. Pletcher
crossref:10.1086/ahr/82.2.249,10.1086/ahr/82.2.249,1977,1977-04-01,1977-04-01,The Idea of Authority in the West,82,2,249-270,22,explicit_numeric_range,false,unclassified,Leonard Krieger
crossref:10.1086/ahr/82.2.271,10.1086/ahr/82.2.271,1977,1977-04-01,1977-04-01,Rules of Inheritance and Strategies of Mobility in Prerevolutionary France,82,2,271-289,19,explicit_numeric_range,false,unclassified,Ralph E. Giesey
crossref:10.1086/ahr/82.2.290,10.1086/ahr/82.2.290,1977,1977-04-01,1977-04-01,"The Organized Peace in Southern France and Catalonia, ca. 1140–ca. 1233",82,2,290-311,22,explicit_numeric_range,false,unclassified,Thomas N. Bisson
crossref:10.1086/ahr/82.2.312,10.1086/ahr/82.2.312,1977,1977-04-01,1977-04-01,Spanish Wool and Dutch Rebels: The Middelburg Incident of 1574,82,2,312-330,19,explicit_numeric_range,false,unclassified,William D. Phillips | Carla Rahn Phillips
crossref:10.1086/ahr/82.3.505,10.1086/ahr/82.3.505,1977,1977-06-01,1977-06-01,America: Experiment or Destiny?,82,3,505-522,18,explicit_numeric_range,false,unclassified,Arthur Schlesinger
crossref:10.1086/ahr/82.3.531,10.1086/ahr/82.3.531,1977,1977-06-01,1977-06-01,Ideology and Political Culture from Jefferson to Nixon,82,3,531-562,32,explicit_numeric_range,false,unclassified,Robert Kelley
crossref:10.1086/ahr/82.3.563,10.1086/ahr/82.3.563,1977,1977-06-01,1977-06-01,Comments,82,3,563-582,20,explicit_numeric_range,false,unclassified,Geoffrey Blodgett | Ronald P. Formisano | Willie Lee Rose
crossref:10.1086/ahr/82.3.583,10.1086/ahr/82.3.583,1977,1977-06-01,1977-06-01,The Aging of America,82,3,583-594,12,explicit_numeric_range,false,unclassified,C. Vann Woodward
crossref:10.1086/ahr/82.4.805,10.1086/ahr/82.4.805,1977,1977-10-01,1977-10-01,Cold War Justice: The Supreme Court and the Rosenbergs,82,4,805-842,38,explicit_numeric_range,false,unclassified,Michael E. Parrish
crossref:10.1086/ahr/82.4.843,10.1086/ahr/82.4.843,1977,1977-10-01,1977-10-01,Propaganda in the Revolution of 1688–89,82,4,843-874,32,explicit_numeric_range,false,unclassified,Lois G. Schwoerer
crossref:10.1086/ahr/82.4.875,10.1086/ahr/82.4.875,1977,1977-10-01,1977-10-01,The Junior Faculty in “Revolt”: Reform Plans for Berlin University in 1848,82,4,875-895,21,explicit_numeric_range,false,unclassified,Erich J. C. Hahn
crossref:10.1086/ahr/82.4.896,10.1086/ahr/82.4.896,1977,1977-10-01,1977-10-01,J. B. Bury's Philosophy of History: A Reappraisal,82,4,896-919,24,explicit_numeric_range,false,unclassified,Doris S. Goldstein
crossref:10.1086/ahr/82.5.1133,10.1086/ahr/82.5.1133,1977,1977-12-01,1977-12-01,Science and Values: The Eugenics Movement in Germany and Russia in the 1920s,82,5,1133-1164,32,explicit_numeric_range,false,unclassified,Loren R. Graham
crossref:10.1086/ahr/82.5.1165,10.1086/ahr/82.5.1165,1977,1977-12-01,1977-12-01,"On Lamennais, Chaadaev, and the Romantic Revolt in France and Russia",82,5,1165-1186,22,explicit_numeric_range,false,unclassified,Nicholas V. Riasanovsky
crossref:10.1086/ahr/82.5.1187,10.1086/ahr/82.5.1187,1977,1977-12-01,1977-12-01,Witchcraft Trials in Seventeenth-Century Russia,82,5,1187-1207,21,explicit_numeric_range,false,unclassified,Russell Zguta
crossref:10.1086/ahr/82.5.1393,10.1086/ahr/82.5.1393,1977,1977-12-01,1977-12-01,"Index to American Historical Review, Volume 82",82,5,1393-1458,66,explicit_numeric_range,false,unclassified,
crossref:10.1086/ahr/83.1.1,10.1086/ahr/83.1.1,1978,1978-02-01,1978-02-01,"Conquest, Capitulation, and Indian Treaties",83,1,1-15,15,explicit_numeric_range,false,unclassified,Charles Gibson
crossref:10.1086/ahr/83.1.101,10.1086/ahr/83.1.101,1978,1978-02-01,1978-02-01,"Pancho Villa and the Attack on Columbus, New Mexico",83,1,101-130,30,explicit_numeric_range,false,unclassified,Friedrich Katz
crossref:10.1086/ahr/83.1.16,10.1086/ahr/83.1.16,1978,1978-02-01,1978-02-01,"Iberian Expansion and the Issue of Black Slavery: Changing Portuguese Attitudes, 1440–1770",83,1,16-42,27,explicit_numeric_range,false,unclassified,A. J. R. Russell-Wood
crossref:10.1086/ahr/83.1.43,10.1086/ahr/83.1.43,1978,1978-02-01,1978-02-01,Indian Labor and New World Plantations: European Demands and Indian Responses in Northeastern Brazil,83,1,43-79,37,explicit_numeric_range,false,unclassified,Stuart B. Schwartz
crossref:10.1086/ahr/83.1.80,10.1086/ahr/83.1.80,1978,1978-02-01,1978-02-01,Obstacles to Economic Growth in Nineteenth-Century Mexico,83,1,80-100,21,explicit_numeric_range,false,unclassified,John H. Coatsworth
crossref:10.1086/ahr/83.2.323,10.1086/ahr/83.2.323,1978,1978-04-01,1978-04-01,"Problems in the Historical Study of Power in the Cities and Towns of the United States, 1800–1960",83,2,323-349,27,explicit_numeric_range,false,unclassified,David C. Hammack
crossref:10.1086/ahr/83.2.350,10.1086/ahr/83.2.350,1978,1978-04-01,1978-04-01,The Metaphysics of Law: An Essay on the Very Young Marx,83,2,350-367,18,explicit_numeric_range,false,unclassified,Donald R. Kelley
crossref:10.1086/ahr/83.2.368,10.1086/ahr/83.2.368,1978,1978-04-01,1978-04-01,"The Churchill-Stalin Secret “Percentages” Agreement on the Balkans, Moscow, October 1944",83,2,368-387,20,explicit_numeric_range,false,unclassified,Albert Resis
crossref:10.1086/ahr/83.2.388,10.1086/ahr/83.2.388,1978,1978-04-01,1978-04-01,The Rosenberg Case Revisited: The Greenglass Testimony and the Protection of Atomic Secrets,83,2,388-400,13,explicit_numeric_range,false,unclassified,Roger M. Anders
crossref:10.1086/ahr/83.3.577,10.1086/ahr/83.3.577,1978,1978-06-01,1978-06-01,Evolution of Medieval Mentalities: A Cognitive-Structural Approach,83,3,577-597,21,explicit_numeric_range,false,unclassified,Charles M. Radding
crossref:10.1086/ahr/83.3.598,10.1086/ahr/83.3.598,1978,1978-06-01,1978-06-01,The Character of Erasmus,83,3,598-624,27,explicit_numeric_range,false,unclassified,Nelson H. Minnich | W. W. Meissner
crossref:10.1086/ahr/83.3.625,10.1086/ahr/83.3.625,1978,1978-06-01,1978-06-01,Ritualistic Acts and Compulsive Behavior: The Pattern of Tudor Martyrdom,83,3,625-643,19,explicit_numeric_range,false,unclassified,Seymour Byman
crossref:10.1086/ahr/83.3.644,10.1086/ahr/83.3.644,1978,1978-06-01,1978-06-01,American Imperialism: The Worst Chapter in Almost Any Book,83,3,644-668,25,explicit_numeric_range,false,unclassified,James A. Field
crossref:10.1086/ahr/83.3.669,10.1086/ahr/83.3.669,1978,1978-06-01,1978-06-01,Comments,83,3,669-678,10,explicit_numeric_range,false,unclassified,Walter Lafeber | Robert L. Beisner
crossref:10.1086/ahr/83.4.867,10.1086/ahr/83.4.867,1978,1978-10-01,1978-10-01,The Rise of Administrative Kingship: Henry I and Philip Augustus,83,4,867-905,39,explicit_numeric_range,false,unclassified,C. Warren Hollister | John W. Baldwin
crossref:10.1086/ahr/83.4.906,10.1086/ahr/83.4.906,1978,1978-10-01,1978-10-01,Anticipatory Association of the Heir in Early Capetian France,83,4,906-927,22,explicit_numeric_range,false,unclassified,Andrew W. Lewis
crossref:10.1086/ahr/83.4.928,10.1086/ahr/83.4.928,1978,1978-10-01,1978-10-01,The Miles Literatus in Twelfth- and Thirteenth-Century England: How Rare a Phenomenon?,83,4,928-945,18,explicit_numeric_range,false,unclassified,Ralph V. Turner
crossref:10.1086/ahr/83.4.946,10.1086/ahr/83.4.946,1978,1978-10-01,1978-10-01,The Military Class and the French Monarchy in the Late Middle Ages,83,4,946-965,20,explicit_numeric_range,false,unclassified,John Bell Henneman
crossref:10.1086/ahr/83.5.1155,10.1086/ahr/83.5.1155,1978,1978-12-01,1978-12-01,Religion and Ethnicity in America,83,5,1155-1185,31,explicit_numeric_range,false,unclassified,Timothy L. Smith
crossref:10.1086/ahr/83.5.1186,10.1086/ahr/83.5.1186,1978,1978-12-01,1978-12-01,The Continuous Shaping of America: A Prospectus for Geographers and Historians,83,5,1186-1205,20,explicit_numeric_range,false,unclassified,D. W. Meinig
crossref:10.1086/ahr/83.5.1400,10.1086/ahr/83.5.1400,1978,1978-12-01,1978-12-01,"American Historical Review, Volume 83",83,5,1400-1452,53,explicit_numeric_range,false,unclassified,Mary Jo Wagner
crossref:10.1086/ahr/84.1.1,10.1086/ahr/84.1.1,1979,1979-02-01,1979-02-01,The Renaissance and the Drama of Western History,84,1,1-15,15,explicit_numeric_range,false,unclassified,William J. Bouwsma
crossref:10.1086/ahr/84.1.16,10.1086/ahr/84.1.16,1979,1979-02-01,1979-02-01,Images of Power: Art and Pageantry in Renaissance Venice,84,1,16-52,37,explicit_numeric_range,false,unclassified,Edward Muir
crossref:10.1086/ahr/84.1.53,10.1086/ahr/84.1.53,1979,1979-02-01,1979-02-01,Guild Republicanism in Trecento Florence: The Successes and Ultimate Failure of Corporate Politics,84,1,53-71,19,explicit_numeric_range,false,unclassified,John M. Najemy
crossref:10.1086/ahr/84.1.72,10.1086/ahr/84.1.72,1979,1979-02-01,1979-02-01,"Humanists, Scientists, and Pliny: Changing Approaches to a Classical Author",84,1,72-85,14,explicit_numeric_range,false,unclassified,Charles G. Nauert
crossref:10.1086/ahr/84.1.86,10.1086/ahr/84.1.86,1979,1979-02-01,1979-02-01,"Machiavelli, Guicciardini, and the Tradition of Vernacular Historiography in Florence",84,1,86-105,20,explicit_numeric_range,false,unclassified,Mark Phillips
crossref:10.1086/ahr/84.2.317,10.1086/ahr/84.2.317,1979,1979-04-01,1979-04-01,"Magic, Astrology, and the Early American Religious Heritage, 1600–1760",84,2,317-346,30,explicit_numeric_range,false,unclassified,Jon Butler
crossref:10.1086/ahr/84.2.347,10.1086/ahr/84.2.347,1979,1979-04-01,1979-04-01,The Rise of Stalin's Personality Cult,84,2,347-366,20,explicit_numeric_range,false,unclassified,Robert C. Tucker
crossref:10.1086/ahr/84.2.367,10.1086/ahr/84.2.367,1979,1979-04-01,1979-04-01,What Fascism is Not: Thoughts on the Deflation of a Concept,84,2,367-388,22,explicit_numeric_range,false,unclassified,Gilbert Allardyce
crossref:10.1086/ahr/84.2.399,10.1086/ahr/84.2.399,1979,1979-04-01,1979-04-01,"The Bureaucratic Phenomena of Imperial Russia, 1700–1905",84,2,399-411,13,explicit_numeric_range,false,unclassified,Marc Raeff
crossref:10.1086/ahr/84.3.619,10.1086/ahr/84.3.619,1979,1979-06-01,1979-06-01,Gaius Noster: Substructures of Western Social Thought,84,3,619-648,30,explicit_numeric_range,false,unclassified,Donald R. Kelley
crossref:10.1086/ahr/84.3.649,10.1086/ahr/84.3.649,1979,1979-06-01,1979-06-01,Frontier Municipal Baths and Social Interaction in Thirteenth-Century Spain,84,3,649-667,19,explicit_numeric_range,false,unclassified,James F. Powers
crossref:10.1086/ahr/84.3.668,10.1086/ahr/84.3.668,1979,1979-06-01,1979-06-01,Marriage Politics and the Family in Florence: The Strozzi-Medici Alliance of 1508,84,3,668-687,20,explicit_numeric_range,false,unclassified,Melissa Meriam Bullard
crossref:10.1086/ahr/84.3.688,10.1086/ahr/84.3.688,1979,1979-06-01,1979-06-01,Pluralist Politics in British India: The Cambridge Cluster of Historians of Modern India,84,3,688-707,20,explicit_numeric_range,false,unclassified,Howard Spodek
crossref:10.1086/ahr/84.4.1007,10.1086/ahr/84.4.1007,1979,1979-10-01,1979-10-01,German History—in the Grand Manner,84,4,1007-1017,11,explicit_numeric_range,false,unclassified,Leonard Krieger
crossref:10.1086/ahr/84.4.919,10.1086/ahr/84.4.919,1979,1979-10-01,1979-10-01,The History of Contract as a Motif in Political Thought,84,4,919-944,26,explicit_numeric_range,false,unclassified,Harro Höpfl | Martyn P. Thomson
crossref:10.1086/ahr/84.4.945,10.1086/ahr/84.4.945,1979,1979-10-01,1979-10-01,"Superstition to Science: Nature, Fortune, and the Passing of the Medieval Ordeal",84,4,945-969,25,explicit_numeric_range,false,unclassified,Charles M. Radding
crossref:10.1086/ahr/84.4.970,10.1086/ahr/84.4.970,1979,1979-10-01,1979-10-01,"Class Structure and Economic Development in the American South, 1865–1955",84,4,970-992,23,explicit_numeric_range,false,unclassified,Jonathan M. Wiener
crossref:10.1086/ahr/84.5.1245,10.1086/ahr/84.5.1245,1979,1979-12-01,1979-12-01,The Revival of Byzantine Learning and the Revival of the Byzantine State,84,5,1245-1266,22,explicit_numeric_range,false,unclassified,Warren T. Treadgold
crossref:10.1086/ahr/84.5.1267,10.1086/ahr/84.5.1267,1979,1979-12-01,1979-12-01,The Characteristics of Plantations in the Nineteenth-Century Sokoto Caliphate (Islamic West Africa),84,5,1267-1292,26,explicit_numeric_range,false,unclassified,Paul E. Lovejoy
crossref:10.1086/ahr/84.5.1293,10.1086/ahr/84.5.1293,1979,1979-12-01,1979-12-01,Social History as Lived and Written,84,5,1293-1322,30,explicit_numeric_range,false,unclassified,James A. Henretta
crossref:10.1086/ahr/84.5.1529,10.1086/ahr/84.5.1529,1979,1979-12-01,1979-12-01,"Index to American Historical Review, Volume 84",84,5,1529-1588,60,explicit_numeric_range,false,unclassified,
crossref:10.1086/ahr/85.1.1,10.1086/ahr/85.1.1,1980,1980-02-01,1980-02-01,Mirror for Americans: A Century of Reconstruction History,85,1,1-14,14,explicit_numeric_range,false,unclassified,John Hope Franklin
crossref:10.1086/ahr/85.1.15,10.1086/ahr/85.1.15,1980,1980-02-01,1980-02-01,From the Land of Canaan to the Land of Guinea: The Strange Odyssey of the “Sons of Ham”,85,1,15-43,29,explicit_numeric_range,false,unclassified,William McKee Evans
crossref:10.1086/ahr/85.1.44,10.1086/ahr/85.1.44,1980,1980-02-01,1980-02-01,"Time, Space, and the Evolution of Afro-American Society on British Mainland North America",85,1,44-78,35,explicit_numeric_range,false,unclassified,Ira Berlin
crossref:10.1086/ahr/85.2.287,10.1086/ahr/85.2.287,1980,1980-04-01,1980-04-01,“A Place on the Ballot”: Fusion Politics and Antifusion Laws,85,2,287-306,20,explicit_numeric_range,false,unclassified,Peter H. Argersinger
crossref:10.1086/ahr/85.2.307,10.1086/ahr/85.2.307,1980,1980-04-01,1980-04-01,Cicero and Tacitus in Sixteenth-Century France,85,2,307-331,25,explicit_numeric_range,false,unclassified,J. H. M. Salmon
crossref:10.1086/ahr/85.2.332,10.1086/ahr/85.2.332,1980,1980-04-01,1980-04-01,Incumbered Wealth: Landed Indebtedness in Post-Famine Ireland,85,2,332-367,36,explicit_numeric_range,false,unclassified,L. P. Curtis
crossref:10.1086/ahr/85.3.511,10.1086/ahr/85.3.511,1980,1980-06-01,1980-06-01,Baseball and the Quest for National Dignity in Meiji Japan,85,3,511-534,24,explicit_numeric_range,false,unclassified,Donald Roden
crossref:10.1086/ahr/85.3.535,10.1086/ahr/85.3.535,1980,1980-06-01,1980-06-01,Nakamura Keiu and Samuel Smiles: A Victorian Confucian and a Confucian Victorian,85,3,535-556,22,explicit_numeric_range,false,unclassified,Earl H. Kinmonth
crossref:10.1086/ahr/85.3.557,10.1086/ahr/85.3.557,1980,1980-06-01,1980-06-01,Time and History in Japan,85,3,557-571,15,explicit_numeric_range,false,unclassified,George Macklin Wilson
crossref:10.1086/ahr/85.3.572,10.1086/ahr/85.3.572,1980,1980-06-01,1980-06-01,Learning from Those “Imitative” Japanese: Another Side of the American Experience in the Mikado's Empire,85,3,572-595,24,explicit_numeric_range,false,unclassified,Robert A. Rosenstone
crossref:10.1086/ahr/85.4.763,10.1086/ahr/85.4.763,1980,1980-10-01,1980-10-01,The Case for Comparing Histories,85,4,763-778,16,explicit_numeric_range,false,unclassified,Raymond Grew
crossref:10.1086/ahr/85.4.779,10.1086/ahr/85.4.779,1980,1980-10-01,1980-10-01,Antebellum Planters and Vormärz Junkers in Comparative Perspective,85,4,779-808,30,explicit_numeric_range,false,unclassified,Shearer Davis Bowman
crossref:10.1086/ahr/85.4.809,10.1086/ahr/85.4.809,1980,1980-10-01,1980-10-01,"In Defense of Servitude: American Proslavery and Russian Proserfdom Arguments, 1760–1860",85,4,809-827,19,explicit_numeric_range,false,unclassified,Peter Kolchin
crossref:10.1086/ahr/85.4.828,10.1086/ahr/85.4.828,1980,1980-10-01,1980-10-01,Marc Bloch and Comparative History,85,4,828-846,19,explicit_numeric_range,false,unclassified,Alette Olin Hill | Boyd H. Hill
crossref:10.1086/ahr/85.5.1055,10.1086/ahr/85.5.1055,1980,1980-12-01,1980-12-01,"The Foundation of the Modern Economy: Agriculture and the Costs of Labor in the United States and England, 1800–60",85,5,1055-1094,40,explicit_numeric_range,false,unclassified,Carville Earle | Ronald Hoffman
crossref:10.1086/ahr/85.5.1095,10.1086/ahr/85.5.1095,1980,1980-12-01,1980-12-01,The South from Self-Sufficiency to Peonage: An Interpretation,85,5,1095-1118,24,explicit_numeric_range,false,unclassified,Forrest McDonald | Grady McWhiney
crossref:10.1086/ahr/85.5.1119,10.1086/ahr/85.5.1119,1980,1980-12-01,1980-12-01,How Different from Each Other Were the Antebellum North and South?,85,5,1119-1149,31,explicit_numeric_range,false,unclassified,Edward Pessen
crossref:10.1086/ahr/85.5.1150,10.1086/ahr/85.5.1150,1980,1980-12-01,1980-12-01,Antebellum North and South in Comparative Perspective: A Discussion,85,5,1150-1166,17,explicit_numeric_range,false,unclassified,Thomas B. Alexander | Stanley L. Engerman | Forrest McDonald | Grady McWhiney | Edward Pessen
crossref:10.1086/ahr/85.5.1301,10.1086/ahr/85.5.1301,1980,1980-12-01,1980-12-01,"Index to American Historical Review, Volume 85",85,5,1301-1347,47,explicit_numeric_range,false,unclassified,Mark L. Grover
crossref:10.1086/ahr/86.1.1,10.1086/ahr/86.1.1,1981,1981-02-01,1981-02-01,American Historians on the European Past,86,1,1-20,20,explicit_numeric_range,false,unclassified,David H. Pinkney
crossref:10.1086/ahr/86.1.21,10.1086/ahr/86.1.21,1981,1981-02-01,1981-02-01,"Noble Income, Inflation, and the Wars of Religion in France",86,1,21-48,28,explicit_numeric_range,false,unclassified,J. Russell Major
crossref:10.1086/ahr/86.1.49,10.1086/ahr/86.1.49,1981,1981-02-01,1981-02-01,“A Situation of Inferiority”: French Military Reorganization after the Defeat of 1870,86,1,49-62,14,explicit_numeric_range,false,unclassified,Allan Mitchell
crossref:10.1086/ahr/86.1.63,10.1086/ahr/86.1.63,1981,1981-02-01,1981-02-01,Annaliste Paradigm? The Geohistorical Structuralism of Fernand Braudel,86,1,63-105,43,explicit_numeric_range,false,unclassified,Samuel Kinser
crossref:10.1086/ahr/86.2.247,10.1086/ahr/86.2.247,1981,1981-04-01,1981-04-01,The Discovery that Business Corrupts Politics: A Reappraisal of the Origins of Progressivism,86,2,247-274,28,explicit_numeric_range,false,unclassified,Richard L. McCormick
crossref:10.1086/ahr/86.2.275,10.1086/ahr/86.2.275,1981,1981-04-01,1981-04-01,"Rome, Constantinople, and the Barbarians",86,2,275-306,32,explicit_numeric_range,false,unclassified,Walter Goffart
crossref:10.1086/ahr/86.2.307,10.1086/ahr/86.2.307,1981,1981-04-01,1981-04-01,Habsburg Absolutism and the Cortes of Castile,86,2,307-326,20,explicit_numeric_range,false,unclassified,Charles Jago
crossref:10.1086/ahr/86.2.327,10.1086/ahr/86.2.327,1981,1981-04-01,1981-04-01,The Two Postwar Eras and the Conditions for Stability in Twentieth-Century Western Europe,86,2,327-352,26,explicit_numeric_range,false,unclassified,Charles S. Maier
crossref:10.1086/ahr/86.2.353,10.1086/ahr/86.2.353,1981,1981-04-01,1981-04-01,Comments,86,2,353-362,10,explicit_numeric_range,false,unclassified,Stephen A. Schuker | Charles P. Kindleberger
crossref:10.1086/ahr/86.3.501,10.1086/ahr/86.3.501,1981,1981-06-01,1981-06-01,The Origins of the French Nobility: A Reassessment,86,3,501-532,32,explicit_numeric_range,false,unclassified,Constance B. Bouchard
crossref:10.1086/ahr/86.3.533,10.1086/ahr/86.3.533,1981,1981-06-01,1981-06-01,The Black Death and Western European Eschatological Mentalities,86,3,533-552,20,explicit_numeric_range,false,unclassified,Robert E. Lerner
crossref:10.1086/ahr/86.3.553,10.1086/ahr/86.3.553,1981,1981-06-01,1981-06-01,The Social History of the American Soldier: A Review and Prospectus for Research,86,3,553-567,15,explicit_numeric_range,false,unclassified,Richard H. Kohn
crossref:10.1086/ahr/86.4.701,10.1086/ahr/86.4.701,1981,1981-10-01,1981-10-01,Power and Authority in American History: The Case of Charles A. Beard and His Critics,86,4,701-730,30,explicit_numeric_range,false,unclassified,John Patrick Diggins
crossref:10.1086/ahr/86.4.731,10.1086/ahr/86.4.731,1981,1981-10-01,1981-10-01,"Marxism and Russian Rural Development: Problems of Evidence, Experience, and Culture",86,4,731-752,22,explicit_numeric_range,false,unclassified,Esther Kingston-Mann
crossref:10.1086/ahr/86.4.753,10.1086/ahr/86.4.753,1981,1981-10-01,1981-10-01,"The Tsarist Officer Corps, 1881–1914: Customs, Duties, Inefficiency",86,4,753-780,28,explicit_numeric_range,false,unclassified,John Bushnell
crossref:10.1086/ahr/86.4.781,10.1086/ahr/86.4.781,1981,1981-10-01,1981-10-01,"The Limits of Suffragist Behavior: Legalism and Militancy in France, 1876–1922",86,4,781-806,26,explicit_numeric_range,false,unclassified,Steven C. Hause | Anne R. Kenney
crossref:10.1086/ahr/86.5.1009,10.1086/ahr/86.5.1009,1981,1981-12-01,1981-12-01,The Urban South: A Regional Framework,86,5,1009-1034,26,explicit_numeric_range,false,unclassified,David R. Goldfield
crossref:10.1086/ahr/86.5.1035,10.1086/ahr/86.5.1035,1981,1981-12-01,1981-12-01,The Contours of Southern Progressivism,86,5,1035-1059,25,explicit_numeric_range,false,unclassified,Dewey W. Grantham
crossref:10.1086/ahr/86.5.1204,10.1086/ahr/86.5.1204,1981,1981-12-01,1981-12-01,"Index to American Historical Review, Volume 86",86,5,1204-1247,44,explicit_numeric_range,false,unclassified,
crossref:10.1086/ahr/86.5.983,10.1086/ahr/86.5.983,1981,1981-12-01,1981-12-01,The Democratization of Russia's Railroads in 1917,86,5,983-1008,26,explicit_numeric_range,false,unclassified,William G. Rosenberg
crossref:10.1086/ahr/87.1.1,10.1086/ahr/87.1.1,1982,1982-02-01,1982-02-01,The Challenge of Modern Historiography,87,1,1-24,24,explicit_numeric_range,false,unclassified,Bernard Bailyn
crossref:10.1086/ahr/87.1.123,10.1086/ahr/87.1.123,1982,1982-02-01,1982-02-01,Comparative History in Theory and Practice: A Discussion,87,1,123-143,21,explicit_numeric_range,false,unclassified,Charles J. Halperin | Alette Olin Hill | Boyd H. Hill
crossref:10.1086/ahr/87.1.25,10.1086/ahr/87.1.25,1982,1982-02-01,1982-02-01,Thucydides and Spartan Strategy in the Archidamian War,87,1,25-54,30,explicit_numeric_range,false,unclassified,Thomas Kelly
crossref:10.1086/ahr/87.1.55,10.1086/ahr/87.1.55,1982,1982-02-01,1982-02-01,Patterns of Slaveholding in the Americas: New Evidence from Brazil,87,1,55-86,32,explicit_numeric_range,false,unclassified,Stuart B. Schwartz
crossref:10.1086/ahr/87.1.87,10.1086/ahr/87.1.87,1982,1982-02-01,1982-02-01,Dwight D. Eisenhower and the Corporate Commonwealth,87,1,87-122,36,explicit_numeric_range,false,unclassified,Robert Griffith
crossref:10.1086/ahr/87.2.311,10.1086/ahr/87.2.311,1982,1982-04-01,1982-04-01,The Limits and Divisions of British History: In Search of the Unknown Subject,87,2,311-336,26,explicit_numeric_range,false,unclassified,J. G. A. Pocock
crossref:10.1086/ahr/87.2.337,10.1086/ahr/87.2.337,1982,1982-04-01,1982-04-01,Thomas Jefferson: The Virtue of Aesthetics and the Aesthetics of Virtue,87,2,337-356,20,explicit_numeric_range,false,unclassified,Lee Quinby
crossref:10.1086/ahr/87.2.357,10.1086/ahr/87.2.357,1982,1982-04-01,1982-04-01,Comment la Politique Vint aux Paysans: A Second Look at Peasant Politicization,87,2,357-389,33,explicit_numeric_range,false,unclassified,Eugen Weber
crossref:10.1086/ahr/87.2.390,10.1086/ahr/87.2.390,1982,1982-04-01,1982-04-01,Insiders and Outsiders in American Historical Narrative and American History,87,2,390-412,23,explicit_numeric_range,false,unclassified,R. Laurence Moore
crossref:10.1086/ahr/87.3.595,10.1086/ahr/87.3.595,1982,1982-06-01,1982-06-01,Philippine History Reconsidered: A Socioeconomic Perspective,87,3,595-628,34,explicit_numeric_range,false,unclassified,John A. Larkin
crossref:10.1086/ahr/87.3.629,10.1086/ahr/87.3.629,1982,1982-06-01,1982-06-01,Republican Revisionism Revisited,87,3,629-664,36,explicit_numeric_range,false,unclassified,Isaac Kramnick
crossref:10.1086/ahr/87.3.665,10.1086/ahr/87.3.665,1982,1982-06-01,1982-06-01,The Myth of Perry Miller,87,3,665-694,30,explicit_numeric_range,false,unclassified,Francis T. Butts
crossref:10.1086/ahr/87.3.695,10.1086/ahr/87.3.695,1982,1982-06-01,1982-06-01,The Rise and Fall of the Western Civilization Course,87,3,695-725,31,explicit_numeric_range,false,unclassified,Gilbert Allardyce
crossref:10.1086/ahr/87.3.726,10.1086/ahr/87.3.726,1982,1982-06-01,1982-06-01,Comments,87,3,726-738,13,explicit_numeric_range,false,unclassified,Carolyn C. Lougee | Morris Rossabi | William F. Woehrlin
crossref:10.1086/ahr/87.3.893,10.1086/ahr/87.3.893,1982,1982-06-01,1982-06-01,Collected Essays,87,3,893-904,12,explicit_numeric_range,false,unclassified,
crossref:10.1086/ahr/87.4.1010,10.1086/ahr/87.4.1010,1982,1982-10-01,1982-10-01,Technocracy and Statecraft in the Space Age—Toward the History of a Saltation,87,4,1010-1040,31,explicit_numeric_range,false,unclassified,Walter A. McDougall
crossref:10.1086/ahr/87.4.1210,10.1086/ahr/87.4.1210,1982,1982-10-01,1982-10-01,Collected Essays,87,4,1210-1223,14,explicit_numeric_range,false,unclassified,
crossref:10.1086/ahr/87.4.917,10.1086/ahr/87.4.917,1982,1982-10-01,1982-10-01,From White Man to Redskin: Changing Anglo-American Perceptions of the American Indian,87,4,917-953,37,explicit_numeric_range,false,unclassified,Alden T. Vaughan
crossref:10.1086/ahr/87.4.954,10.1086/ahr/87.4.954,1982,1982-10-01,1982-10-01,“Barbarous Strangers”: Hessian State and Society during the American Revolution,87,4,954-976,23,explicit_numeric_range,false,unclassified,Charles Ingrao
crossref:10.1086/ahr/87.4.977,10.1086/ahr/87.4.977,1982,1982-10-01,1982-10-01,"The Courts, the Magistrature, and Promotions in Third Republic France, 1871–1914",87,4,977-1009,33,explicit_numeric_range,false,unclassified,Benjamin F. Martin
crossref:10.1086/ahr/87.5.1237,10.1086/ahr/87.5.1237,1982,1982-12-01,1982-12-01,Reassessing the Power Patterns of the Industrial Revolution: An Anglo-American Comparison,87,5,1237-1261,25,explicit_numeric_range,false,unclassified,Dolores Greenberg
crossref:10.1086/ahr/87.5.1262,10.1086/ahr/87.5.1262,1982,1982-12-01,1982-12-01,The Puzzle of the American Climate in the Early Colonial Period,87,5,1262-1289,28,explicit_numeric_range,false,unclassified,Karen Ordahl Kupperman
crossref:10.1086/ahr/87.5.1290,10.1086/ahr/87.5.1290,1982,1982-12-01,1982-12-01,Social Structure and Politics in American History,87,5,1290-1325,36,explicit_numeric_range,false,unclassified,Edward Pessen
crossref:10.1086/ahr/87.5.1326,10.1086/ahr/87.5.1326,1982,1982-12-01,1982-12-01,Comments,87,5,1326-1335,10,explicit_numeric_range,false,unclassified,Robert H. Wiebe | Michael B. Katz
crossref:10.1086/ahr/87.5.1342,10.1086/ahr/87.5.1342,1982,1982-12-01,1982-12-01,"Pearl Harbor, Microdots, and J. Edgar Hoover",87,5,1342-1351,10,explicit_numeric_range,false,unclassified,John F. Bratzel | Leslie B. Rout
crossref:10.1086/ahr/87.5.1358,10.1086/ahr/87.5.1358,1982,1982-12-01,1982-12-01,"Sidney Pollard. Peaceful Conquest: The Industrialization of Europe, 1760–1970. New York: Oxford University Press. 1981. Pp. xii, 451. Cloth $49.95, paper $19.95",87,5,1358-1369,12,explicit_numeric_range,true,unclassified,Melvin Kranzberg
crossref:10.1086/ahr/87.5.1449,10.1086/ahr/87.5.1449,1982,1982-12-01,1982-12-01,"James Francis Warren. The Sulu Zone, 1768–1898: The Dynamics of External Trade, Slavery, and Ethnicity in the Transformation of a Southeast Asian Maritime State. Singapore: Singapore University Press. 1981. Pp. xxvi, 390. Cloth $40.00, paper $28.00",87,5,1449-1459,11,explicit_numeric_range,true,unclassified,W. E. Cheong
crossref:10.1086/ahr/87.5.1525,10.1086/ahr/87.5.1525,1982,1982-12-01,1982-12-01,"Index to American Historical Review, Volume 87",87,5,1525-1579,55,explicit_numeric_range,false,unclassified,
crossref:10.1086/ahr/88.1.1,10.1086/ahr/88.1.1,1983,1983-02-01,1983-02-01,The Historian and the Study of International Relations,88,1,1-11,11,explicit_numeric_range,false,unclassified,Gordon A. Craig
crossref:10.1086/ahr/88.1.12,10.1086/ahr/88.1.12,1983,1983-02-01,1983-02-01,Faith and Experience in the Thought of John Wesley,88,1,12-30,19,explicit_numeric_range,false,unclassified,Frederick Dreyer
crossref:10.1086/ahr/88.1.31,10.1086/ahr/88.1.31,1983,1983-02-01,1983-02-01,Toward a Social History of the October Revolution,88,1,31-52,22,explicit_numeric_range,false,unclassified,Ronald Grigor Suny
crossref:10.1086/ahr/88.1.53,10.1086/ahr/88.1.53,1983,1983-02-01,1983-02-01,"Guilt, Redemption, and Writing German History",88,1,53-72,20,explicit_numeric_range,false,unclassified,Theodore S. Hamerow
crossref:10.1086/ahr/88.2.251,10.1086/ahr/88.2.251,1983,1983-04-01,1983-04-01,Free and Coerced Transatlantic Migrations: Some Comparisons,88,2,251-280,30,explicit_numeric_range,false,unclassified,David Eltis
crossref:10.1086/ahr/88.2.281,10.1086/ahr/88.2.281,1983,1983-04-01,1983-04-01,"The Adjustment of Italian Immigrants in Buenos Aires and New York, 1870–1914",88,2,281-305,25,explicit_numeric_range,false,unclassified,Samuel L. Baily
crossref:10.1086/ahr/88.2.306,10.1086/ahr/88.2.306,1983,1983-04-01,1983-04-01,The Integration of Italian Immigrants into the United States and Argentina: A Comparative Analysis,88,2,306-329,24,explicit_numeric_range,false,unclassified,Herbert S. Klein
crossref:10.1086/ahr/88.2.330,10.1086/ahr/88.2.330,1983,1983-04-01,1983-04-01,Comments,88,2,330-342,13,explicit_numeric_range,false,unclassified,Jorge Balán | John D. Gould | Tulio Halperin-Donghi
crossref:10.1086/ahr/88.2.347,10.1086/ahr/88.2.347,1983,1983-04-01,1983-04-01,Who Composed “Sazonov's Thirteen Points”? A Re-Examination of Russia's War Aims of 1914,88,2,347-357,11,explicit_numeric_range,false,unclassified,William A. Renzi
crossref:10.1086/ahr/88.3.533,10.1086/ahr/88.3.533,1983,1983-06-01,1983-06-01,"The Angevin Strategy of Castle Building in the Reign of Fulk Nerra, 987–1040",88,3,533-560,28,explicit_numeric_range,false,unclassified,Bernard S. Bachrach
crossref:10.1086/ahr/88.3.561,10.1086/ahr/88.3.561,1983,1983-06-01,1983-06-01,"Cobden as Educator: The Free-Trade Internationalism of Eduard Bernstein, 1899–1914",88,3,561-578,18,explicit_numeric_range,false,unclassified,R. A. Fletcher
crossref:10.1086/ahr/88.3.579,10.1086/ahr/88.3.579,1983,1983-06-01,1983-06-01,Iranian Revolutions in Comparative Perspective,88,3,579-598,20,explicit_numeric_range,false,unclassified,Nikki R. Keddie
crossref:10.1086/ahr/88.3.599,10.1086/ahr/88.3.599,1983,1983-06-01,1983-06-01,Tales of Two Cities: Florence and Venice in the Renaissance,88,3,599-616,18,explicit_numeric_range,false,unclassified,Gene Brucker
crossref:10.1086/ahr/88.3.617,10.1086/ahr/88.3.617,1983,1983-06-01,1983-06-01,Is There a New International History of the 1920s?,88,3,617-645,29,explicit_numeric_range,false,unclassified,Jon Jacobson
crossref:10.1086/ahr/88.4.1062,10.1086/ahr/88.4.1062,1983,1983-10-01,1983-10-01,"Milton Lomask. Aaron Burr: The Conspiracy and Years of Exile, 1805–1836. New York: Farrar, Straus, Giroux. 1982. Pp. xviii, 475. $22.50",88,4,1062-163,102,expanded_abbreviated_range,true,unclassified,Gerard H. Clarfield
crossref:10.1086/ahr/88.4.809,10.1086/ahr/88.4.809,1983,1983-10-01,1983-10-01,The Wars of August: Diagonal Narrative in African History,88,4,809-834,26,explicit_numeric_range,false,unclassified,Robert W. Harms
crossref:10.1086/ahr/88.4.835,10.1086/ahr/88.4.835,1983,1983-10-01,1983-10-01,Contours of Slavery and Social Change in Africa,88,4,835-857,23,explicit_numeric_range,false,unclassified,Patrick Manning
crossref:10.1086/ahr/88.4.858,10.1086/ahr/88.4.858,1983,1983-10-01,1983-10-01,Laboratory for the Oral History of Slavery: The Island of Lamu on the Kenya Coast,88,4,858-882,25,explicit_numeric_range,false,unclassified,Patricia Romero Curtin
crossref:10.1086/ahr/88.4.883,10.1086/ahr/88.4.883,1983,1983-10-01,1983-10-01,Forms of Resistance: Songs and Perceptions of Power in Colonial Mozambique,88,4,883-919,37,explicit_numeric_range,false,unclassified,Leroy Vail | Landeg White
crossref:10.1086/ahr/88.4.920,10.1086/ahr/88.4.920,1983,1983-10-01,1983-10-01,No Chosen People: The Myth of the Calvinist Origins of Afrikaner Nationalism and Racial Ideology,88,4,920-952,33,explicit_numeric_range,false,unclassified,André du Toit
crossref:10.1086/ahr/88.5.1151,10.1086/ahr/88.5.1151,1983,1983-12-01,1983-12-01,God's Controversy with Jacobean England,88,5,1151-1174,24,explicit_numeric_range,false,unclassified,Michael McGiffert
crossref:10.1086/ahr/88.5.1175,10.1086/ahr/88.5.1175,1983,1983-12-01,1983-12-01,"Natives and Immigrants, Free Men and Slaves: Urban Workingmen in the Antebellum American South",88,5,1175-1200,26,explicit_numeric_range,false,unclassified,Ira Berlin | Herbert G. Gutman
crossref:10.1086/ahr/88.5.1201,10.1086/ahr/88.5.1201,1983,1983-12-01,1983-12-01,The Level and Structure of Slave Prices on Cuban Plantations in the Mid-Nineteenth Century: Some Comparative Perspectives,88,5,1201-1218,18,explicit_numeric_range,false,unclassified,Manuel Moreno Fraginals | Herbert S. Klein | Stanley L. Engerman
crossref:10.1086/ahr/88.5.1219,10.1086/ahr/88.5.1219,1983,1983-12-01,1983-12-01,History as Current Events: Recent Works on the German Revolution of 1848,88,5,1219-1237,19,explicit_numeric_range,false,unclassified,Donald J. Mattheisen
crossref:10.1086/ahr/88.5.1366,10.1086/ahr/88.5.1366,1983,1983-12-01,1983-12-01,"American Historical Review, Volume 88",88,5,1366-1422,57,explicit_numeric_range,false,unclassified,
crossref:10.1086/ahr/89.1.10,10.1086/ahr/89.1.10,1984,1984-02-01,1984-02-01,Expositio and Oblatio: The Abandonment of Children and the Ancient and Medieval Family,89,1,10-33,24,explicit_numeric_range,false,unclassified,John Eastburn Boswell
crossref:10.1086/ahr/89.1.241,10.1086/ahr/89.1.241,1984,1984-02-01,1984-02-01,Collected Essays,89,1,241-254,14,explicit_numeric_range,false,unclassified,
crossref:10.1086/ahr/89.1.34,10.1086/ahr/89.1.34,1984,1984-02-01,1984-02-01,William Shakespeare and the American People: A Study in Cultural Transformation,89,1,34-66,33,explicit_numeric_range,false,unclassified,Lawrence W. Levine
crossref:10.1086/ahr/89.1.67,10.1086/ahr/89.1.67,1984,1984-02-01,1984-02-01,"Herbert Hoover and Conservation, 1921–1933",89,1,67-88,22,explicit_numeric_range,false,unclassified,Kendrick A. Clements
crossref:10.1086/ahr/89.2.265,10.1086/ahr/89.2.265,1984,1984-04-01,1984-04-01,The Primacy of Politics in Classical Greece,89,2,265-293,29,explicit_numeric_range,false,unclassified,Paul A. Rahe
crossref:10.1086/ahr/89.2.294,10.1086/ahr/89.2.294,1984,1984-04-01,1984-04-01,La Salle: Discovery of a Lost Explorer,89,2,294-323,30,explicit_numeric_range,false,unclassified,Peter H. Wood
crossref:10.1086/ahr/89.2.324,10.1086/ahr/89.2.324,1984,1984-04-01,1984-04-01,Infant Birth Weight and Nutrition in Industrializing Montreal,89,2,324-345,22,explicit_numeric_range,false,unclassified,W. Peter Ward | Patricia C. Ward
crossref:10.1086/ahr/89.2.346,10.1086/ahr/89.2.346,1984,1984-04-01,1984-04-01,"The American Conception of National Security and the Beginnings of the Cold War, 1945–1948",89,2,346-381,36,explicit_numeric_range,false,unclassified,Melvyn P. Leffler
crossref:10.1086/ahr/89.2.391,10.1086/ahr/89.2.391,1984,1984-04-01,1984-04-01,Reply,89,2,391-400,10,explicit_numeric_range,false,unclassified,Melvyn P. Leffler
crossref:10.1086/ahr/89.2.567,10.1086/ahr/89.2.567,1984,1984-04-01,1984-04-01,Collected Essays,89,2,567-578,12,explicit_numeric_range,false,unclassified,
crossref:10.1086/ahr/89.3.593,10.1086/ahr/89.3.593,1984,1984-06-01,1984-06-01,The Evolution of White Women's Experience in Early America,89,3,593-619,27,explicit_numeric_range,false,unclassified,Mary Beth Norton
crossref:10.1086/ahr/89.3.620,10.1086/ahr/89.3.620,1984,1984-06-01,1984-06-01,"The Domestication of Politics: Women and American Political Society, 1780–1920",89,3,620-647,28,explicit_numeric_range,false,unclassified,Paula Baker
crossref:10.1086/ahr/89.3.648,10.1086/ahr/89.3.648,1984,1984-06-01,1984-06-01,"Depopulation, Nationalism, and Feminism in Fin-de-Siècle France",89,3,648-676,29,explicit_numeric_range,false,unclassified,Karen Offen
crossref:10.1086/ahr/89.3.677,10.1086/ahr/89.3.677,1984,1984-06-01,1984-06-01,No Angels in the House: The Victorian Myth and the Paget Women,89,3,677-708,32,explicit_numeric_range,false,unclassified,M. Jeanne Peterson
crossref:10.1086/ahr/89.3.709,10.1086/ahr/89.3.709,1984,1984-06-01,1984-06-01,"The Contribution of Women to Modern Historiography in Great Britain, France, and the United States, 1750–1940",89,3,709-732,24,explicit_numeric_range,false,unclassified,Bonnie G. Smith
crossref:10.1086/ahr/89.4.1005,10.1086/ahr/89.4.1005,1984,1984-10-01,1984-10-01,"J. Franklin Jameson, Carter G. Woodson, and the Foundations of Black Historiography",89,4,1005-1015,11,explicit_numeric_range,false,unclassified,August Meier | Elliott Rudwick
crossref:10.1086/ahr/89.4.1207,10.1086/ahr/89.4.1207,1984,1984-10-01,1984-10-01,Other Books Received,89,4,1207-1216,10,explicit_numeric_range,false,unclassified,
crossref:10.1086/ahr/89.4.909,10.1086/ahr/89.4.909,1984,1984-10-01,1984-10-01,Historical Consciousness in Nineteenth-Century America,89,4,909-928,20,explicit_numeric_range,false,unclassified,Dorothy Ross
crossref:10.1086/ahr/89.4.929,10.1086/ahr/89.4.929,1984,1984-10-01,1984-10-01,"From Learned Society to Professional Organization: The American Historical Association, 1884–1900",89,4,929-956,28,explicit_numeric_range,false,unclassified,David D. Van Tassel
crossref:10.1086/ahr/89.4.957,10.1086/ahr/89.4.957,1984,1984-10-01,1984-10-01,“To Set a Standard of Workmanship and Compel Men to Conform to It”: John Franklin Jameson as Editor of the American Historical Review,89,4,957-975,19,explicit_numeric_range,false,unclassified,Morey D. Rothberg
crossref:10.1086/ahr/89.4.976,10.1086/ahr/89.4.976,1984,1984-10-01,1984-10-01,Beyond Consensus: Richard Hofstadter and American Historiography,89,4,976-1004,29,explicit_numeric_range,false,unclassified,Daniel Joseph Singal
crossref:10.1086/ahr/89.5.1225,10.1086/ahr/89.5.1225,1984,1984-12-01,1984-12-01,Herbert Baxter Adams and the Study of Local History,89,5,1225-1239,15,explicit_numeric_range,false,unclassified,John Higham
crossref:10.1086/ahr/89.5.1240,10.1086/ahr/89.5.1240,1984,1984-12-01,1984-12-01,The Gestalt Psychologists in Behaviorist America,89,5,1240-1263,24,explicit_numeric_range,false,unclassified,Michael M. Sokal
crossref:10.1086/ahr/89.5.1264,10.1086/ahr/89.5.1264,1984,1984-12-01,1984-12-01,Barristers and Judges in Early Modern Barcelona: The Rise of a Legal Elite,89,5,1264-1284,21,explicit_numeric_range,false,unclassified,James S. Amelang
crossref:10.1086/ahr/89.5.1441,10.1086/ahr/89.5.1441,1984,1984-12-01,1984-12-01,"Index to American Historical Review, Volume 89",89,5,1441-1501,61,explicit_numeric_range,false,unclassified,
crossref:10.1086/ahr/90.1.1,10.1086/ahr/90.1.1,1985,1985-02-01,1985-02-01,"The American Historical Association, 1884–1984: Retrospect and Prospect",90,1,1-17,17,explicit_numeric_range,false,unclassified,Arthur S. Link
crossref:10.1086/ahr/90.1.18,10.1086/ahr/90.1.18,1985,1985-02-01,1985-02-01,"“Gouge and Bite, Pull Hair and Scratch”: The Social Significance of Fighting in the Southern Backcountry",90,1,18-43,26,explicit_numeric_range,false,unclassified,Elliott J. Gorn
crossref:10.1086/ahr/90.1.44,10.1086/ahr/90.1.44,1985,1985-02-01,1985-02-01,American Marshall Planners and the Search for a European Neocapitalism,90,1,44-72,29,explicit_numeric_range,false,unclassified,Michael J. Hogan
crossref:10.1086/ahr/90.1.73,10.1086/ahr/90.1.73,1985,1985-02-01,1985-02-01,Prophecy and Discovery: On the Spiritual Origins of Christopher Columbus's “Enterprise of the Indies”,90,1,73-102,30,explicit_numeric_range,false,unclassified,Pauline Moffitt Watts
crossref:10.1086/ahr/90.2.275,10.1086/ahr/90.2.275,1985,1985-04-01,1985-04-01,Order and Chaos in Early America: Political and Social Stability in Pre-Restoration Virginia,90,2,275-298,24,explicit_numeric_range,false,unclassified,Jon Kukla
crossref:10.1086/ahr/90.2.299,10.1086/ahr/90.2.299,1985,1985-04-01,1985-04-01,The Hypothesis of Middle-Class Formation in Nineteenth-Century America: A Critique and Some Proposals,90,2,299-338,40,explicit_numeric_range,false,unclassified,Stuart M. Blumin
crossref:10.1086/ahr/90.2.339,10.1086/ahr/90.2.339,1985,1985-04-01,1985-04-01,"Capitalism and the Origins of the Humanitarian Sensibility, Part 1",90,2,339-361,23,explicit_numeric_range,false,unclassified,Thomas L. Haskell
crossref:10.1086/ahr/90.2.362,10.1086/ahr/90.2.362,1985,1985-04-01,1985-04-01,Why Foreign Oil Companies Shifted Their Production from Mexico to Venezuela during the 1920s,90,2,362-385,24,explicit_numeric_range,false,unclassified,Jonathan C. Brown
crossref:10.1086/ahr/90.3.547,10.1086/ahr/90.3.547,1985,1985-06-01,1985-06-01,"Capitalism and the Origins of the Humanitarian Sensibility, Part 2",90,3,547-566,20,explicit_numeric_range,false,unclassified,Thomas L. Haskell
crossref:10.1086/ahr/90.3.567,10.1086/ahr/90.3.567,1985,1985-06-01,1985-06-01,The Concept of Cultural Hegemony: Problems and Possibilities,90,3,567-593,27,explicit_numeric_range,false,unclassified,T. J. Jackson Lears
crossref:10.1086/ahr/90.3.594,10.1086/ahr/90.3.594,1985,1985-06-01,1985-06-01,Medical Knowledge and Urban Planning in Tropical Africa,90,3,594-613,20,explicit_numeric_range,false,unclassified,Philip D. Curtin
crossref:10.1086/ahr/90.3.614,10.1086/ahr/90.3.614,1985,1985-06-01,1985-06-01,Comrades and Citizens: New Mythologies in American Historiography,90,3,614-638,25,explicit_numeric_range,false,unclassified,John Patrick Diggins
crossref:10.1086/ahr/90.4.813,10.1086/ahr/90.4.813,1985,1985-10-01,1985-10-01,Emotionology: Clarifying the History of Emotions and Emotional Standards,90,4,813-836,24,explicit_numeric_range,false,unclassified,Peter N. Stearns | Carol Z. Stearns
crossref:10.1086/ahr/90.4.837,10.1086/ahr/90.4.837,1985,1985-10-01,1985-10-01,"Engels, Marx, Malthus, and the Machine",90,4,837-865,29,explicit_numeric_range,false,unclassified,John M. Sherwood
crossref:10.1086/ahr/90.4.866,10.1086/ahr/90.4.866,1985,1985-10-01,1985-10-01,Missionary Preachers in Spain: Teaching Social Virtue in the Eighteenth Century,90,4,866-892,27,explicit_numeric_range,false,unclassified,Charles C. Noel
crossref:10.1086/ahr/90.4.993,10.1086/ahr/90.4.993,1985,1985-10-01,1985-10-01,"hoh-cheung mui and lorn a h. mui. The Management of Monopoly: A Study of the East India Company's Conduct of Its Tea Trade, 1784–1833. (Asian Studies Monographs, number 5.) Vancouver, Canada: University of British Columbia Press. 1984. Pp. xiv, 192",90,4,933-994,62,explicit_numeric_range,true,unclassified,Patrick Crowhurst
crossref:10.1086/ahr/90.5.1067,10.1086/ahr/90.5.1067,1985,1985-12-01,1985-12-01,"Prologue to a Massacre: Popular Unrest in Paris, 1557–1572",90,5,1067-1091,25,explicit_numeric_range,false,unclassified,Barbara Diefendorf
crossref:10.1086/ahr/90.5.1092,10.1086/ahr/90.5.1092,1985,1985-12-01,1985-12-01,"Vagrants, Beggars, and Bandits: Social Origins of Cuban Separatism, 1878–1895",90,5,1092-1121,30,explicit_numeric_range,false,unclassified,Louis A. Pérez
crossref:10.1086/ahr/90.5.1122,10.1086/ahr/90.5.1122,1985,1985-12-01,1985-12-01,"The Shaping of Women's Work in Manufacturing: Guilds, Households, and the State in Central Europe, 1648–1870",90,5,1122-1148,27,explicit_numeric_range,false,unclassified,Jean H. Quataert
crossref:10.1086/ahr/90.5.1149,10.1086/ahr/90.5.1149,1985,1985-12-01,1985-12-01,Stature and Nutrition in the Habsburg Monarchy: The Standard of Living and Economic Development in the Eighteenth Century,90,5,1149-1161,13,explicit_numeric_range,false,unclassified,John Komlos
crossref:10.1086/ahr/90.5.1329,10.1086/ahr/90.5.1329,1985,1985-12-01,1985-12-01,Annual Index,90,5,1329-1388,60,explicit_numeric_range,false,unclassified,
crossref:10.1086/ahr/91.1.1,10.1086/ahr/91.1.1,1986,1986-02-01,1986-02-01,"Mythistory, or Truth, Myth, History, and Historians",91,1,1-10,10,explicit_numeric_range,false,unclassified,William H. McNeill
crossref:10.1086/ahr/91.1.11,10.1086/ahr/91.1.11,1986,1986-02-01,1986-02-01,The Soslovie (Estate) Paradigm and Russian Social History,91,1,11-36,26,explicit_numeric_range,false,unclassified,Gregory L. Freeze
crossref:10.1086/ahr/91.1.37,10.1086/ahr/91.1.37,1986,1986-02-01,1986-02-01,"Modern Education in South India, 1784–1854: Its Roots and Its Role as a Vehicle of Integration under Company Raj",91,1,37-65,29,explicit_numeric_range,false,unclassified,Robert Eric Frykenberg
crossref:10.1086/ahr/91.1.66,10.1086/ahr/91.1.66,1986,1986-02-01,1986-02-01,"Turner, the Boltonians, and the Borderlands",91,1,66-81,16,explicit_numeric_range,false,unclassified,David J. Weber
crossref:10.1086/ahr/91.2.245,10.1086/ahr/91.2.245,1986,1986-04-01,1986-04-01,"Cotton Mill People: Work, Community, and Protest in the Textile South, 1880–1940",91,2,245-286,42,explicit_numeric_range,false,unclassified,Jacquelyn Dowd Hall | Robert Korstad | James Leloudis
crossref:10.1086/ahr/91.2.287,10.1086/ahr/91.2.287,1986,1986-04-01,1986-04-01,"Atrocious Misery: The African Origins of Famine in Northern Somalia, 1839–1884",91,2,287-306,20,explicit_numeric_range,false,unclassified,Wayne K. Durrill
crossref:10.1086/ahr/91.2.307,10.1086/ahr/91.2.307,1986,1986-04-01,1986-04-01,Anglo-Indian Medical Theory and the Origins of Segregation in West Africa,91,2,307-335,29,explicit_numeric_range,false,unclassified,John W. Cell
crossref:10.1086/ahr/91.2.336,10.1086/ahr/91.2.336,1986,1986-04-01,1986-04-01,Psychohistory as History,91,2,336-354,19,explicit_numeric_range,false,unclassified,Thomas A. Kohut
crossref:10.1086/ahr/91.3.519,10.1086/ahr/91.3.519,1986,1986-06-01,1986-06-01,The Christian Middle Ages as an Historiographical Problem,91,3,519-552,34,explicit_numeric_range,false,unclassified,John Van Engen
crossref:10.1086/ahr/91.3.553,10.1086/ahr/91.3.553,1986,1986-06-01,1986-06-01,Reflections on the Medieval German Nobility,91,3,553-575,23,explicit_numeric_range,false,unclassified,John B. Freed
crossref:10.1086/ahr/91.3.576,10.1086/ahr/91.3.576,1986,1986-06-01,1986-06-01,Mission to the Jews and Jewish-Christian Contacts in the Polemical Literature of the High Middle Ages,91,3,576-591,16,explicit_numeric_range,false,unclassified,David Berger
crossref:10.1086/ahr/91.3.592,10.1086/ahr/91.3.592,1986,1986-06-01,1986-06-01,Scholarship and Intolerance in the Medieval Academy: The Study and Evaluation of Judaism in European Christendom,91,3,592-613,22,explicit_numeric_range,false,unclassified,Jeremy Cohen
crossref:10.1086/ahr/91.3.614,10.1086/ahr/91.3.614,1986,1986-06-01,1986-06-01,Comment,91,3,614-624,11,explicit_numeric_range,false,unclassified,Gavin I. Langmuir
crossref:10.1086/ahr/91.4.1030,10.1086/ahr/91.4.1030,1986,1986-10-01,1986-10-01,Collected Essays,91,4,1030-1041,12,explicit_numeric_range,false,unclassified,
crossref:10.1086/ahr/91.4.791,10.1086/ahr/91.4.791,1986,1986-10-01,1986-10-01,Political Adulthood in Fifteenth-Century Venice,91,4,791-810,20,explicit_numeric_range,false,unclassified,Stanley Chojnacki
crossref:10.1086/ahr/91.4.811,10.1086/ahr/91.4.811,1986,1986-10-01,1986-10-01,"A Transatlantic Community of Saints: The Great Awakening and the First Evangelical Network, 1735–1755",91,4,811-832,22,explicit_numeric_range,false,unclassified,Susan O'Brien
crossref:10.1086/ahr/91.4.833,10.1086/ahr/91.4.833,1986,1986-10-01,1986-10-01,Insects and the European Mortality Decline,91,4,833-858,26,explicit_numeric_range,false,unclassified,James C. Riley
crossref:10.1086/ahr/91.4.859,10.1086/ahr/91.4.859,1986,1986-10-01,1986-10-01,Historians and the Continuing Controversy over Fair Use of Unpublished Manuscript Materials,91,4,859-881,23,explicit_numeric_range,false,unclassified,Michael Les Benedict
crossref:10.1086/ahr/91.4.958-a,10.1086/ahr/91.4.958-a,1986,1986-10-01,1986-10-01,"SreĆko M. Džaja. Konfessionaütät und Nationalität Bosniens und der Herzegowina: Voremanzipatorische Phase, 1463–1804. (Südosteuropäische Arbeiten, number 80.) Munich: R. Oldenbourg. 1984. Pp. 303. DM 72",91,4,958-969,12,explicit_numeric_range,true,unclassified,Robert J. Donia
crossref:10.1086/ahr/91.5.1053,10.1086/ahr/91.5.1053,1986,1986-12-01,1986-12-01,Gender: A Useful Category of Historical Analysis,91,5,1053-1075,23,explicit_numeric_range,false,unclassified,Joan W. Scott
crossref:10.1086/ahr/91.5.1076,10.1086/ahr/91.5.1076,1986,1986-12-01,1986-12-01,Japanese Gimin: Peasant Martyrs in Popular Memory,91,5,1076-1102,27,explicit_numeric_range,false,unclassified,Anne Walthall
crossref:10.1086/ahr/91.5.1103,10.1086/ahr/91.5.1103,1986,1986-12-01,1986-12-01,The History of Fundamental Law in Political Thought from the French Wars of Religion to the American Revolution,91,5,1103-1128,26,explicit_numeric_range,false,unclassified,Martyn P. Thompson
crossref:10.1086/ahr/91.5.1129,10.1086/ahr/91.5.1129,1986,1986-12-01,1986-12-01,Fertility and Cultural Change among Families in Italy and America,91,5,1129-1145,17,explicit_numeric_range,false,unclassified,John W. Briggs
crossref:10.1086/ahr/91.5.1146,10.1086/ahr/91.5.1146,1986,1986-12-01,1986-12-01,The Dangers of Synthesis,91,5,1146-1157,12,explicit_numeric_range,false,unclassified,Eric H. Monkkonen
crossref:10.1086/ahr/91.5.1325,10.1086/ahr/91.5.1325,1986,1986-12-01,1986-12-01,"Index to American Historical Review, Volume 91",91,5,1325-1385,61,explicit_numeric_range,false,unclassified,
crossref:10.1086/ahr/92.1.1,10.1086/ahr/92.1.1,1987,1987-02-01,1987-02-01,In Pursuit of an American History,92,1,1-12,12,explicit_numeric_range,false,unclassified,Carl N. Degler
crossref:10.1086/ahr/92.1.13,10.1086/ahr/92.1.13,1987,1987-02-01,1987-02-01,"The Creation of a Company Culture: Cadburys, 1861–1931",92,1,13-44,32,explicit_numeric_range,false,unclassified,Charles Dellheim
crossref:10.1086/ahr/92.1.45,10.1086/ahr/92.1.45,1987,1987-02-01,1987-02-01,"To Begin the Nation Anew: Congress, Citizenship, and Civil Rights after the Civil War",92,1,45-68,24,explicit_numeric_range,false,unclassified,Robert J. Kaczorowski
crossref:10.1086/ahr/92.1.69,10.1086/ahr/92.1.69,1987,1987-02-01,1987-02-01,The Social Analysis of Economic History and Theory: Conjectures on Late Nineteenth-Century American Development,92,1,69-95,27,explicit_numeric_range,false,unclassified,James Livingston
crossref:10.1086/ahr/92.2.269,10.1086/ahr/92.2.269,1987,1987-04-01,1987-04-01,"Privilege and the Polity in France, 1786–1791",92,2,269-295,27,explicit_numeric_range,false,unclassified,Michael P. Fitzsimmons
crossref:10.1086/ahr/92.2.296,10.1086/ahr/92.2.296,1987,1987-04-01,1987-04-01,"The Limits of Formal Protest: Worker Activism and Social Polarization in Petrograd and Moscow, March to October, 1917",92,2,296-326,31,explicit_numeric_range,false,unclassified,William G. Rosenberg | Diane P. Koenker
crossref:10.1086/ahr/92.2.327,10.1086/ahr/92.2.327,1987,1987-04-01,1987-04-01,The Politics of Reproduction: Medieval Norwegian Kingship,92,2,327-349,23,explicit_numeric_range,false,unclassified,Jenny M. Jochens
crossref:10.1086/ahr/92.2.350,10.1086/ahr/92.2.350,1987,1987-04-01,1987-04-01,America and Vietnam: The Debate Continues,92,2,350-362,13,explicit_numeric_range,false,unclassified,George C. Herring
crossref:10.1086/ahr/92.2.363,10.1086/ahr/92.2.363,1987,1987-04-01,1987-04-01,Trotsky Papers at the Hoover Institution: One Chapter of an Archival Mystery Story,92,2,363-375,13,explicit_numeric_range,false,unclassified,Dale Reed | Michael Jakobson
crossref:10.1086/ahr/92.3.531,10.1086/ahr/92.3.531,1987,1987-06-01,1987-06-01,Time and Duration: A Model for the Economy of Early Modern Spain,92,3,531-562,32,explicit_numeric_range,false,unclassified,Carla Rahn Phillips
crossref:10.1086/ahr/92.3.563,10.1086/ahr/92.3.563,1987,1987-06-01,1987-06-01,"There Was No “Absalom” on the Ball Plantations: Slave-Naming Practices in the South Carolina Low Country, 1720–1865",92,3,563-596,34,explicit_numeric_range,false,unclassified,Cheryll Ann Cody
crossref:10.1086/ahr/92.3.597,10.1086/ahr/92.3.597,1987,1987-06-01,1987-06-01,"The Making of an American Prophet: Emerson, His Audiences, and the Rise of the Culture Industry in Nineteenth-Century America",92,3,597-620,24,explicit_numeric_range,false,unclassified,Mary Kupiec Cayton
crossref:10.1086/ahr/92.3.621,10.1086/ahr/92.3.621,1987,1987-06-01,1987-06-01,"Europeans, Indians, and the Age of Discovery in American History Textbooks",92,3,621-632,12,explicit_numeric_range,false,unclassified,James Axtell
crossref:10.1086/ahr/92.4.797,10.1086/ahr/92.4.797,1987,1987-10-01,1987-10-01,Reflections on Abolitionism and Ideological Hegemony,92,4,797-812,16,explicit_numeric_range,false,unclassified,David Brion Davis
crossref:10.1086/ahr/92.4.813,10.1086/ahr/92.4.813,1987,1987-10-01,1987-10-01,The Relationship between Capitalism and Humanitarianism,92,4,813-828,16,explicit_numeric_range,false,unclassified,John Ashworth
crossref:10.1086/ahr/92.4.829,10.1086/ahr/92.4.829,1987,1987-10-01,1987-10-01,Convention and Hegemonic Interest in the Debate over Antislavery: A Reply to Davis and Ashworth,92,4,829-878,50,explicit_numeric_range,false,unclassified,Thomas L. Haskell
crossref:10.1086/ahr/92.4.879,10.1086/ahr/92.4.879,1987,1987-10-01,1987-10-01,Intellectual History after the Linguistic Turn: The Autonomy of Meaning and the Irreducibility of Experience,92,4,879-907,29,explicit_numeric_range,false,unclassified,John E. Toews
crossref:10.1086/ahr/92.4.908,10.1086/ahr/92.4.908,1987,1987-10-01,1987-10-01,"Positivism, Relativism, and Narrative in the Logic of the Historical Sciences",92,4,908-920,13,explicit_numeric_range,false,unclassified,Richard Harvey Brown
crossref:10.1086/ahr/92.5.1085,10.1086/ahr/92.5.1085,1987,1987-12-01,1987-12-01,The Jewish Family in the Rhineland in the High Middle Ages: Form and Function,92,5,1085-1110,26,explicit_numeric_range,false,unclassified,Kenneth R. Stow
crossref:10.1086/ahr/92.5.1111,10.1086/ahr/92.5.1111,1987,1987-12-01,1987-12-01,"The Eccentricity of Wheels, or Eurasian Transportation in Historical Perspective",92,5,1111-1126,16,explicit_numeric_range,false,unclassified,William H. McNeill
crossref:10.1086/ahr/92.5.1127,10.1086/ahr/92.5.1127,1987,1987-12-01,1987-12-01,Crosses and Carets: Renaissance Patronage and Coded Letters of Recommendation,92,5,1127-1149,23,explicit_numeric_range,false,unclassified,Vincent Ilardi
crossref:10.1086/ahr/92.5.1150,10.1086/ahr/92.5.1150,1987,1987-12-01,1987-12-01,The Flowering of Afro-American History,92,5,1150-1161,12,explicit_numeric_range,false,unclassified,Robert L. Harris
crossref:10.1086/ahr/92.5.1162,10.1086/ahr/92.5.1162,1987,1987-12-01,1987-12-01,"Public History's Past, Present, and Prospects",92,5,1162-1174,13,explicit_numeric_range,false,unclassified,W. Andrew Achenbaum
crossref:10.1086/ahr/92.5.1335,10.1086/ahr/92.5.1335,1987,1987-12-01,1987-12-01,"Index to American Historical Review, Volume 92",92,5,1335-1381,47,explicit_numeric_range,false,unclassified,
crossref:10.1086/ahr/93.1.1,10.1086/ahr/93.1.1,1988,1988-02-01,1988-02-01,History's Two Bodies,93,1,1-30,30,explicit_numeric_range,false,unclassified,Natalie Zemon Davis
crossref:10.1086/ahr/93.1.31,10.1086/ahr/93.1.31,1988,1988-02-01,1988-02-01,The Politics of Divorce in France of the Belle Epoque: The Case of Joseph and Henriette Caillaux,93,1,31-55,25,explicit_numeric_range,false,unclassified,Edward Berenson
crossref:10.1086/ahr/93.1.56,10.1086/ahr/93.1.56,1988,1988-02-01,1988-02-01,"The Debates over the Asiatic Mode of Production in Soviet Russia, China, and Japan",93,1,56-79,24,explicit_numeric_range,false,unclassified,Joshua A. Fogel
crossref:10.1086/ahr/93.1.80,10.1086/ahr/93.1.80,1988,1988-02-01,1988-02-01,The Crusade against Al-Azraq: A Thirteenth-Century Mudejar Revolt in International Perspective,93,1,80-106,27,explicit_numeric_range,false,unclassified,Robert I. Burns
crossref:10.1086/ahr/93.2.287,10.1086/ahr/93.2.287,1988,1988-04-01,1988-04-01,"The Victorians, the Historians, and the Idea of Modernism",93,2,287-316,30,explicit_numeric_range,false,unclassified,James A. Schmiechen
crossref:10.1086/ahr/93.2.317,10.1086/ahr/93.2.317,1988,1988-04-01,1988-04-01,The Nobility's Reform of the Medieval Church,93,2,317-339,23,explicit_numeric_range,false,unclassified,John Howe
crossref:10.1086/ahr/93.2.340,10.1086/ahr/93.2.340,1988,1988-04-01,1988-04-01,A Reevaluation of Royal Justice under Henry I of England,93,2,340-358,19,explicit_numeric_range,false,unclassified,Stephanie L. Mooers
crossref:10.1086/ahr/93.2.359,10.1086/ahr/93.2.359,1988,1988-04-01,1988-04-01,"The Kinship Domain in an East European Peasant Community: Pinkenhof, 1833–1850",93,2,359-386,28,explicit_numeric_range,false,unclassified,Andrejs Plakans | Charles Wetherell
crossref:10.1086/ahr/93.3.553,10.1086/ahr/93.3.553,1988,1988-06-01,1988-06-01,The Refashioning of Martin Guerre,93,3,553-571,19,explicit_numeric_range,false,unclassified,Robert Finlay
crossref:10.1086/ahr/93.3.572,10.1086/ahr/93.3.572,1988,1988-06-01,1988-06-01,“On the Lame”,93,3,572-603,32,explicit_numeric_range,false,unclassified,Natalie Zemon Davis
crossref:10.1086/ahr/93.3.604,10.1086/ahr/93.3.604,1988,1988-06-01,1988-06-01,"Uneven Development, the Autonomy of Politics, and the Dockworkers of Nineteenth-Century Marseille",93,3,604-637,34,explicit_numeric_range,false,unclassified,William H. Sewell
crossref:10.1086/ahr/93.3.638,10.1086/ahr/93.3.638,1988,1988-06-01,1988-06-01,"The Crowd in the French Revolution of February, 1848",93,3,638-652,15,explicit_numeric_range,false,unclassified,Mark Traugott
crossref:10.1086/ahr/93.3.653,10.1086/ahr/93.3.653,1988,1988-06-01,1988-06-01,What Women Have Wrought,93,3,653-663,11,explicit_numeric_range,false,unclassified,Marjorie Murphy
crossref:10.1086/ahr/93.4.829,10.1086/ahr/93.4.829,1988,1988-10-01,1988-10-01,"Feudalism, Capitalism, and the World-System in the Perspective of Latin America and the Caribbean",93,4,829-872,44,explicit_numeric_range,false,unclassified,Steve J. Stern
crossref:10.1086/ahr/93.4.873,10.1086/ahr/93.4.873,1988,1988-10-01,1988-10-01,Comments on Stern's Critical Tests,93,4,873-885,13,explicit_numeric_range,false,unclassified,Immanuel Wallerstein
crossref:10.1086/ahr/93.4.886,10.1086/ahr/93.4.886,1988,1988-10-01,1988-10-01,Reply: “Ever More Solitary”,93,4,886-897,12,explicit_numeric_range,false,unclassified,Steve J. Stern
crossref:10.1086/ahr/93.4.898,10.1086/ahr/93.4.898,1988,1988-10-01,1988-10-01,Long-Term Silver Mining Trends in Spanish America: A Comparative Analysis of Peru and Mexico,93,4,898-935,38,explicit_numeric_range,false,unclassified,Richard L. Garner
crossref:10.1086/ahr/93.4.936,10.1086/ahr/93.4.936,1988,1988-10-01,1988-10-01,Trade between Western Africa and the Atlantic World in the Pre-Colonial Era,93,4,936-959,24,explicit_numeric_range,false,unclassified,David Eltis | Lawrence C. Jennings
crossref:10.1086/ahr/93.4.960,10.1086/ahr/93.4.960,1988,1988-10-01,1988-10-01,"Pachacuti: Miracles, Punishments, and Last Judgment: Visionary Past and Prophetic Future in Early Colonial Peru",93,4,960-1006,47,explicit_numeric_range,false,unclassified,Sabine MacCormack
crossref:10.1086/ahr/93.5.1173,10.1086/ahr/93.5.1173,1988,1988-12-01,1988-12-01,History in Images/History in Words: Reflections on the Possibility of Really Putting History onto Film,93,5,1173-1185,13,explicit_numeric_range,false,unclassified,Robert A. Rosenstone
crossref:10.1086/ahr/93.5.1200,10.1086/ahr/93.5.1200,1988,1988-12-01,1988-12-01,History in Images/Images in History: Reflections on the Importance of Film and Television Study for an Understanding of the Past,93,5,1200-1209,10,explicit_numeric_range,false,unclassified,John E. O'Connor
crossref:10.1086/ahr/93.5.1210,10.1086/ahr/93.5.1210,1988,1988-12-01,1988-12-01,The Filmmaker as Historian,93,5,1210-1227,18,explicit_numeric_range,false,unclassified,Robert Brent Toplin
crossref:10.1086/ahr/93.5.1228,10.1086/ahr/93.5.1228,1988,1988-12-01,1988-12-01,The Mask of Obedience: Male Slave Psychology in the Old South,93,5,1228-1252,25,explicit_numeric_range,false,unclassified,Bertram Wyatt-Brown
crossref:10.1086/ahr/93.5.1253,10.1086/ahr/93.5.1253,1988,1988-12-01,1988-12-01,Junīpero Serra's Canonization and the Historical Record,93,5,1253-1269,17,explicit_numeric_range,false,unclassified,James A. Sandos
crossref:10.1086/ahr/93.5.1270,10.1086/ahr/93.5.1270,1988,1988-12-01,1988-12-01,Philip and Alexander as Kings: Macedonian Monarchy and Merovingian Parallels,93,5,1270-1286,17,explicit_numeric_range,false,unclassified,Alan E. Samuel
crossref:10.1086/ahr/93.5.1450,10.1086/ahr/93.5.1450,1988,1988-12-01,1988-12-01,"Index to American Historical Review, Volume 93",93,5,1450-1495,46,explicit_numeric_range,false,unclassified,
crossref:10.1086/ahr/94.1.1,10.1086/ahr/94.1.1,1989,1989-02-01,1989-02-01,The Internationalization of History,94,1,1-10,10,explicit_numeric_range,false,unclassified,Akira Iriye
crossref:10.1086/ahr/94.1.11,10.1086/ahr/94.1.11,1989,1989-02-01,1989-02-01,Forbidden Fruit? Jazz in the Third Reich,94,1,11-43,33,explicit_numeric_range,false,unclassified,Michael H. Kater
crossref:10.1086/ahr/94.1.251,10.1086/ahr/94.1.251,1989,1989-02-01,1989-02-01,Collected Essays,94,1,251-260,10,explicit_numeric_range,false,unclassified,
crossref:10.1086/ahr/94.1.44,10.1086/ahr/94.1.44,1989,1989-02-01,1989-02-01,“All in Some Degree Related to Each Other”: A Demographic and Comparative Resolution of the Anomaly of New England Kinship,94,1,44-79,36,explicit_numeric_range,false,unclassified,Daniel Scott Smith
crossref:10.1086/ahr/94.1.80,10.1086/ahr/94.1.80,1989,1989-02-01,1989-02-01,Interpreting the Korean War,94,1,80-96,17,explicit_numeric_range,false,unclassified,Philip West
crossref:10.1086/ahr/94.2.271,10.1086/ahr/94.2.271,1989,1989-04-01,1989-04-01,"Nobles and Third Estate in the Revolutionary Dynamic of the National Assembly, 1789–1790",94,2,271-301,31,explicit_numeric_range,false,unclassified,Timothy Tackett
crossref:10.1086/ahr/94.2.302,10.1086/ahr/94.2.302,1989,1989-04-01,1989-04-01,"Seventeenth-Century Crisis in Brandenburg: The Thirty Years' War, The Destabilization of Serfdom, and the Rise of Absolutism",94,2,302-335,34,explicit_numeric_range,false,unclassified,William W. Hagen
crossref:10.1086/ahr/94.2.336,10.1086/ahr/94.2.336,1989,1989-04-01,1989-04-01,The Inquisitors of Languedoc and the Medieval Technology of Power,94,2,336-359,24,explicit_numeric_range,false,unclassified,James Given
crossref:10.1086/ahr/94.2.360,10.1086/ahr/94.2.360,1989,1989-04-01,1989-04-01,"Monumental Building as an Indicator of Economic Trends in Northern Rus' in the Late Kievan and Mongol Periods, 1138–1462",94,2,360-390,31,explicit_numeric_range,false,unclassified,David B. Miller
crossref:10.1086/ahr/94.2.391,10.1086/ahr/94.2.391,1989,1989-04-01,1989-04-01,The Return of Medieval Politics,94,2,391-404,14,explicit_numeric_range,false,unclassified,Charles T. Wood
crossref:10.1086/ahr/94.3.581,10.1086/ahr/94.3.581,1989,1989-06-01,1989-06-01,Intellectual History and the Return of Literature,94,3,581-609,29,explicit_numeric_range,false,unclassified,David Harlan
crossref:10.1086/ahr/94.3.610,10.1086/ahr/94.3.610,1989,1989-06-01,1989-06-01,The Return of the Prodigal: The Persistence of Historical Knowing,94,3,610-621,12,explicit_numeric_range,false,unclassified,David A. Hollinger
crossref:10.1086/ahr/94.3.627,10.1086/ahr/94.3.627,1989,1989-06-01,1989-06-01,"Recounting the Past: “Description,” Explanation, and Narrative in Historiography",94,3,627-653,27,explicit_numeric_range,false,unclassified,Allan Megill
crossref:10.1086/ahr/94.3.661,10.1086/ahr/94.3.661,1989,1989-06-01,1989-06-01,Some Reflections on the New History,94,3,661-670,10,explicit_numeric_range,false,unclassified,Gertrude Himmelfarb
crossref:10.1086/ahr/94.3.680,10.1086/ahr/94.3.680,1989,1989-06-01,1989-06-01,History in Crisis? The Others' Side of the Story,94,3,680-692,13,explicit_numeric_range,false,unclassified,Joan Wallach Scott
crossref:10.1086/ahr/94.4.1011,10.1086/ahr/94.4.1011,1989,1989-10-01,1989-10-01,Objectivity and Historicism: A Century of American Historical Writing,94,4,1011-1030,20,explicit_numeric_range,false,unclassified,James T. Kloppenberg
crossref:10.1086/ahr/94.4.1214,10.1086/ahr/94.4.1214,1989,1989-10-01,1989-10-01,Collected Essays,94,4,1214-1223,10,explicit_numeric_range,false,unclassified,
crossref:10.1086/ahr/94.4.1227,10.1086/ahr/94.4.1227,1989,1989-10-01,1989-10-01,Other Books Received,94,4,1227-1236,10,explicit_numeric_range,false,unclassified,
crossref:10.1086/ahr/94.4.937,10.1086/ahr/94.4.937,1989,1989-10-01,1989-10-01,"October or Thermidor? Interpretations of Stalinism and the Perception of Soviet Foreign Policy in the United States, 1927–1947",94,4,937-962,26,explicit_numeric_range,false,unclassified,Eduard Mark
crossref:10.1086/ahr/94.4.963,10.1086/ahr/94.4.963,1989,1989-10-01,1989-10-01,The Age of Vulnerability: Eisenhower and the National Insecurity State,94,4,963-989,27,explicit_numeric_range,false,unclassified,H. W. Brands
crossref:10.1086/ahr/94.4.990,10.1086/ahr/94.4.990,1989,1989-10-01,1989-10-01,The Not-So-Dark and Bloody Ground: New Works on the 1960s,94,4,990-1010,21,explicit_numeric_range,false,unclassified,Maurice Isserman
crossref:10.1086/ahr/94.5.1249,10.1086/ahr/94.5.1249,1989,1989-12-01,1989-12-01,Domestic Melodrama as Political Ideology: The Case of the Comte de Sanois,94,5,1249-1264,16,explicit_numeric_range,false,unclassified,Sarah Maza
crossref:10.1086/ahr/94.5.1265,10.1086/ahr/94.5.1265,1989,1989-12-01,1989-12-01,"The French Revolution, Peasants, and Capitalism",94,5,1265-1280,16,explicit_numeric_range,false,unclassified,Peter McPhee
crossref:10.1086/ahr/94.5.1290,10.1086/ahr/94.5.1290,1989,1989-12-01,1989-12-01,"Racial Equality, Slavery, and Colonial Secession during the Constituent Assembly",94,5,1290-1308,19,explicit_numeric_range,false,unclassified,David Geggus
crossref:10.1086/ahr/94.5.1309,10.1086/ahr/94.5.1309,1989,1989-12-01,1989-12-01,Commencing the Third Century of Debate,94,5,1309-1325,17,explicit_numeric_range,false,unclassified,Jack R. Censer
crossref:10.1086/ahr/94.5.1520,10.1086/ahr/94.5.1520,1989,1989-12-01,1989-12-01,Collected Essays,94,5,1520-1530,11,explicit_numeric_range,false,unclassified,
crossref:10.1086/ahr/94.5.1544,10.1086/ahr/94.5.1544,1989,1989-12-01,1989-12-01,"Index to American Historical Review, Volume 94",94,5,1544-1594,51,explicit_numeric_range,false,unclassified,
crossref:10.1086/ahr/95.1.309,10.1086/ahr/95.1.309,1990,1990-02-01,1990-02-01,Collected Essays,95,1,309-318,10,explicit_numeric_range,false,unclassified,
crossref:10.1086/ahr/95.1.31,10.1086/ahr/95.1.31,1990,1990-02-01,1990-02-01,"Prosperous Blacks in the South, 1790–1880",95,1,31-56,26,explicit_numeric_range,false,unclassified,Loren Schweninger
crossref:10.1086/ahr/95.1.57,10.1086/ahr/95.1.57,1990,1990-02-01,1990-02-01,"The Nose, the Lie, and the Duel in the Antebellum South",95,1,57-74,18,explicit_numeric_range,false,unclassified,Kenneth S. Greenberg
crossref:10.1086/ahr/95.1.75,10.1086/ahr/95.1.75,1990,1990-02-01,1990-02-01,Class and State in Postemancipation Societies: Southern Planters in Comparative Perspective,95,1,75-98,24,explicit_numeric_range,false,unclassified,Steven Hahn
crossref:10.1086/ahr/95.1.9,10.1086/ahr/95.1.9,1990,1990-02-01,1990-02-01,Gracia Real de Santa Teresa de Mose: A Free Black Town in Spanish Colonial Florida,95,1,9-30,22,explicit_numeric_range,false,unclassified,Jane Landers
crossref:10.1086/ahr/95.1.99,10.1086/ahr/95.1.99,1990,1990-02-01,1990-02-01,"Race and Class in the South African Countryside: Cultural Osmosis and Social Relations in the Sharecropping Economy of the South-Western Transvaal, 1900–1950",95,1,99-123,25,explicit_numeric_range,false,unclassified,Charles van Onselen
crossref:10.1086/ahr/95.2.331,10.1086/ahr/95.2.331,1990,1990-04-01,1990-04-01,The Social Language of Politics in Germany: The Sociology of Political Discourse in the Weimar Republic,95,2,331-358,28,explicit_numeric_range,false,unclassified,Thomas Childers
crossref:10.1086/ahr/95.2.359,10.1086/ahr/95.2.359,1990,1990-04-01,1990-04-01,"Modernism and Fascism: The Politics of Culture in Italy, 1903–1922",95,2,359-390,32,explicit_numeric_range,false,unclassified,Walter L. Adamson
crossref:10.1086/ahr/95.2.391,10.1086/ahr/95.2.391,1990,1990-04-01,1990-04-01,Renzo De Felice and the Historiography of Italian Fascism,95,2,391-405,15,explicit_numeric_range,false,unclassified,Borden W. Painter
crossref:10.1086/ahr/95.2.406,10.1086/ahr/95.2.406,1990,1990-04-01,1990-04-01,Cremation in Sung China,95,2,406-428,23,explicit_numeric_range,false,unclassified,Patricia Ebrey
crossref:10.1086/ahr/95.2.429,10.1086/ahr/95.2.429,1990,1990-04-01,1990-04-01,The Attack on “Historicism”: Allan Bloom's Indictment of Contemporary American Historical Scholarship,95,2,429-447,19,explicit_numeric_range,false,unclassified,Fred Matthews
crossref:10.1086/ahr/95.2.636,10.1086/ahr/95.2.636,1990,1990-04-01,1990-04-01,Collected Essays,95,2,636-645,10,explicit_numeric_range,false,unclassified,
crossref:10.1086/ahr/95.3.657,10.1086/ahr/95.3.657,1990,1990-06-01,1990-06-01,The Longest Run: Public Engineers and Planning in France,95,3,657-692,36,explicit_numeric_range,false,unclassified,Cecil O. Smith
crossref:10.1086/ahr/95.3.693,10.1086/ahr/95.3.693,1990,1990-06-01,1990-06-01,"Energy, Power, and Perceptions of Social Change in the Early Nineteenth Century",95,3,693-714,22,explicit_numeric_range,false,unclassified,Dolores Greenberg
crossref:10.1086/ahr/95.3.715,10.1086/ahr/95.3.715,1990,1990-06-01,1990-06-01,Comment: Recent Trends in the History of Technology,95,3,715-725,11,explicit_numeric_range,false,unclassified,John M. Staudenmaier
crossref:10.1086/ahr/95.3.726,10.1086/ahr/95.3.726,1990,1990-06-01,1990-06-01,Knowing Things Inside Out: The Scientific Revolution from a Medieval Perspective,95,3,726-744,19,explicit_numeric_range,false,unclassified,A. Mark Smith
crossref:10.1086/ahr/95.3.745,10.1086/ahr/95.3.745,1990,1990-06-01,1990-06-01,Rule by Sentiment: Alexander II's Journeys through the Russian Empire,95,3,745-771,27,explicit_numeric_range,false,unclassified,Richard Wortman
crossref:10.1086/ahr/95.3.956,10.1086/ahr/95.3.956,1990,1990-06-01,1990-06-01,Collected Essays,95,3,956-967,12,explicit_numeric_range,false,unclassified,
crossref:10.1086/ahr/95.4.1007,10.1086/ahr/95.4.1007,1990,1990-10-01,1990-10-01,"Pregnant, Single, and Far from Home: Migrant Women in Nineteenth-Century Paris",95,4,1007-1031,25,explicit_numeric_range,false,unclassified,Rachel G. Fuchs | Leslie Page Moch
crossref:10.1086/ahr/95.4.1032,10.1086/ahr/95.4.1032,1990,1990-10-01,1990-10-01,Gender and Urban Political Reform: The City Club and the Woman's City Club of Chicago in the Progressive Era,95,4,1032-1050,19,explicit_numeric_range,false,unclassified,Maureen A. Flanagan
crossref:10.1086/ahr/95.4.1051,10.1086/ahr/95.4.1051,1990,1990-10-01,1990-10-01,The Making of a Feminine Professional Identity: Social Workers in the 1920s,95,4,1051-1075,25,explicit_numeric_range,false,unclassified,Daniel J. Walkowitz
crossref:10.1086/ahr/95.4.1076,10.1086/ahr/95.4.1076,1990,1990-10-01,1990-10-01,"Womanly Duties: Maternalist Politics and the Origins of Welfare States in France, Germany, Great Britain, and the United States, 1880–1920",95,4,1076-1108,33,explicit_numeric_range,false,unclassified,Seth Koven | Sonya Michel
crossref:10.1086/ahr/95.4.1335,10.1086/ahr/95.4.1335,1990,1990-10-01,1990-10-01,Collected Essays,95,4,1335-1346,12,explicit_numeric_range,false,unclassified,
crossref:10.1086/ahr/95.4.983,10.1086/ahr/95.4.983,1990,1990-10-01,1990-10-01,"Gender, Welfare, and Citizenship in Britain during the Great War",95,4,983-1006,24,explicit_numeric_range,false,unclassified,Susan Pedersen
crossref:10.1086/ahr/95.5.1367,10.1086/ahr/95.5.1367,1990,1990-12-01,1990-12-01,"Dimensions of Regional Change in Washington, D.C",95,5,1367-1393,27,explicit_numeric_range,false,unclassified,Carl Abbott
crossref:10.1086/ahr/95.5.1395,10.1086/ahr/95.5.1395,1990,1990-12-01,1990-12-01,"Moving Out and Settling In: Residential Mobility, Home Owning, and the Public Enframing of Citizenship, 1921–1950",95,5,1395-1422,28,explicit_numeric_range,false,unclassified,Ronald Tobey | Charles Wetherell | Jay Brigham
crossref:10.1086/ahr/95.5.1423,10.1086/ahr/95.5.1423,1990,1990-12-01,1990-12-01,Natural Frontiers Revisited: France's Boundaries since the Seventeenth Century,95,5,1423-1451,29,explicit_numeric_range,false,unclassified,Peter Sahlins
crossref:10.1086/ahr/95.5.1452,10.1086/ahr/95.5.1452,1990,1990-12-01,1990-12-01,On the Latent Illiberalism of the French Revolution,95,5,1452-1470,19,explicit_numeric_range,false,unclassified,Isser Woloch
crossref:10.1086/ahr/95.5.1471,10.1086/ahr/95.5.1471,1990,1990-12-01,1990-12-01,Medicine in Context: A Review Essay of the History of Medicine,95,5,1471-1484,14,explicit_numeric_range,false,unclassified,Judith Walzer Leavitt
crossref:10.1086/ahr/95.5.1666,10.1086/ahr/95.5.1666,1990,1990-12-01,1990-12-01,Collected Essays,95,5,1666-1677,12,explicit_numeric_range,false,unclassified,
crossref:10.1086/ahr/95.5.1693,10.1086/ahr/95.5.1693,1990,1990-12-01,1990-12-01,"Index to American Historical Review, Volume 95",95,5,1693-1747,55,explicit_numeric_range,false,unclassified,
crossref:10.1086/ahr/96.1.1,10.1086/ahr/96.1.1,1991,1991-02-01,1991-02-01,Family,96,1,1-16,16,explicit_numeric_range,false,unclassified,David Herlihy
crossref:10.1086/ahr/96.1.17,10.1086/ahr/96.1.17,1991,1991-02-01,1991-02-01,"Of Poverty and Primacy: Demand, Liquidity, and the Flemish Economic Miracle, 1050–1200",96,1,17-41,25,explicit_numeric_range,false,unclassified,David Nicholas
crossref:10.1086/ahr/96.1.301,10.1086/ahr/96.1.301,1991,1991-02-01,1991-02-01,Collected Essays,96,1,301-312,12,explicit_numeric_range,false,unclassified,
crossref:10.1086/ahr/96.1.42,10.1086/ahr/96.1.42,1991,1991-02-01,1991-02-01,Peasant Politics? Village Community and the Crown in Fifteenth-Century England,96,1,42-62,21,explicit_numeric_range,false,unclassified,R. B. Goheen
crossref:10.1086/ahr/96.1.63,10.1086/ahr/96.1.63,1991,1991-02-01,1991-02-01,"The Role of Fear: Transitions in American Emotional Standards for Children, 1850–1950",96,1,63-94,32,explicit_numeric_range,false,unclassified,Peter N. Stearns | Timothy Haggerty
crossref:10.1086/ahr/96.1.95,10.1086/ahr/96.1.95,1991,1991-02-01,1991-02-01,The History of the Family and the Complexity of Social Change,96,1,95-124,30,explicit_numeric_range,false,unclassified,Tamara K. Hareven
crossref:10.1086/ahr/96.2.333,10.1086/ahr/96.2.333,1991,1991-04-01,1991-04-01,"Struggles for the Screen: Workers, Radicals, and the Political Uses of Silent Film",96,2,333-367,35,explicit_numeric_range,false,unclassified,Steven J. Ross
crossref:10.1086/ahr/96.2.368,10.1086/ahr/96.2.368,1991,1991-04-01,1991-04-01,"“We Can Not Get a Living as We Used To”: Dispossession and the White Earth Anishinaabeg, 1889–1920",96,2,368-394,27,explicit_numeric_range,false,unclassified,Melissa L. Meyer
crossref:10.1086/ahr/96.2.395,10.1086/ahr/96.2.395,1991,1991-04-01,1991-04-01,“Intellectuals” versus “Workers”: Academic Requirements and the Creation of Labor History,96,2,395-421,27,explicit_numeric_range,false,unclassified,Leon Fink
crossref:10.1086/ahr/96.2.432,10.1086/ahr/96.2.432,1991,1991-04-01,1991-04-01,Chambersburg: Anatomy of a Confederate Reprisal,96,2,432-455,24,explicit_numeric_range,false,unclassified,Everard H. Smith
crossref:10.1086/ahr/96.2.456,10.1086/ahr/96.2.456,1991,1991-04-01,1991-04-01,"Freedom Then, Freedom Now: The Historiography of the Civil Rights Movement",96,2,456-471,16,explicit_numeric_range,false,unclassified,Steven F. Lawson
crossref:10.1086/ahr/96.2.649,10.1086/ahr/96.2.649,1991,1991-04-01,1991-04-01,Collected Essays,96,2,649-660,12,explicit_numeric_range,false,unclassified,
crossref:10.1086/ahr/96.3.1006,10.1086/ahr/96.3.1006,1991,1991-06-01,1991-06-01,Collected Essays,96,3,1006-1017,12,explicit_numeric_range,false,unclassified,
crossref:10.1086/ahr/96.3.709,10.1086/ahr/96.3.709,1991,1991-06-01,1991-06-01,"British Way, French Way: Opinion Building and Revolution in the Second French Slave Emancipation",96,3,709-734,26,explicit_numeric_range,false,unclassified,Seymour Drescher
crossref:10.1086/ahr/96.3.735,10.1086/ahr/96.3.735,1991,1991-06-01,1991-06-01,"The Voyage of the Vassals: Royal Power, Noble Obligations, and Merchant Capital before the Portuguese Restoration of Independence, 1624–1640",96,3,735-762,28,explicit_numeric_range,false,unclassified,Stuart B. Schwartz
crossref:10.1086/ahr/96.3.763,10.1086/ahr/96.3.763,1991,1991-06-01,1991-06-01,Inventing Siberia: Visions of the Russian East in the Early Nineteenth Century,96,3,763-794,32,explicit_numeric_range,false,unclassified,Mark Bassin
crossref:10.1086/ahr/96.3.795,10.1086/ahr/96.3.795,1991,1991-06-01,1991-06-01,"The Banking Crisis, Peasant Reform, and Economic Development in Russia, 1857–1861",96,3,795-820,26,explicit_numeric_range,false,unclassified,Steven L. Hoch
crossref:10.1086/ahr/96.4.1031,10.1086/ahr/96.4.1031,1991,1991-10-01,1991-10-01,American Exceptionalism in an Age of International History,96,4,1031-1055,25,explicit_numeric_range,false,unclassified,Ian Tyrrell
crossref:10.1086/ahr/96.4.1056,10.1086/ahr/96.4.1056,1991,1991-10-01,1991-10-01,The Price of the “New Transnational History”,96,4,1056-1067,12,explicit_numeric_range,false,unclassified,Michael McGerr
crossref:10.1086/ahr/96.4.1073,10.1086/ahr/96.4.1073,1991,1991-10-01,1991-10-01,"The Warlord: Twentieth-Century Chinese Understandings of Violence, Militarism, and Imperialism",96,4,1073-1100,28,explicit_numeric_range,false,unclassified,Arthur Waldron
crossref:10.1086/ahr/96.4.1101,10.1086/ahr/96.4.1101,1991,1991-10-01,1991-10-01,African Dimensions of the Stono Rebellion,96,4,1101-1113,13,explicit_numeric_range,false,unclassified,John K. Thornton
crossref:10.1086/ahr/96.4.1335,10.1086/ahr/96.4.1335,1991,1991-10-01,1991-10-01,Collected Essays,96,4,1335-1345,11,explicit_numeric_range,false,unclassified,
crossref:10.1086/ahr/96.5.1363,10.1086/ahr/96.5.1363,1991,1991-12-01,1991-12-01,Arab Nationalism: Historical Problems in the Literature,96,5,1363-1373,11,explicit_numeric_range,false,unclassified,Rashid Khalidi
crossref:10.1086/ahr/96.5.1374,10.1086/ahr/96.5.1374,1991,1991-12-01,1991-12-01,Continuity and Change in Syrian Political Life: The Nineteenth and Twentieth Centuries,96,5,1374-1395,22,explicit_numeric_range,false,unclassified,Philip S. Khoury
crossref:10.1086/ahr/96.5.1396,10.1086/ahr/96.5.1396,1991,1991-12-01,1991-12-01,The Baath Party: Rise and Metamorphosis,96,5,1396-1407,12,explicit_numeric_range,false,unclassified,John F. Devlin
crossref:10.1086/ahr/96.5.1408,10.1086/ahr/96.5.1408,1991,1991-12-01,1991-12-01,The Historiography of Modern Iran,96,5,1408-1421,14,explicit_numeric_range,false,unclassified,Marion Farouk-Sluglett | Peter Sluglett
crossref:10.1086/ahr/96.5.1422,10.1086/ahr/96.5.1422,1991,1991-12-01,1991-12-01,Survey of Egyptian Works of History,96,5,1422-1434,13,explicit_numeric_range,false,unclassified,Afaf Lutfi Al-Sayyid Marsot
crossref:10.1086/ahr/96.5.1435,10.1086/ahr/96.5.1435,1991,1991-12-01,1991-12-01,The Arabian Peninsula in Modern Times: A Historiographical Survey,96,5,1435-1449,15,explicit_numeric_range,false,unclassified,J. E. Peterson
crossref:10.1086/ahr/96.5.1450,10.1086/ahr/96.5.1450,1991,1991-12-01,1991-12-01,A Historiographic Review of Literature on the Origins of the Arab-Israeli Conflict,96,5,1450-1465,16,explicit_numeric_range,false,unclassified,Kenneth W. Stein
crossref:10.1086/ahr/96.5.1466,10.1086/ahr/96.5.1466,1991,1991-12-01,1991-12-01,Themes in the History of the State of Israel,96,5,1466-1478,13,explicit_numeric_range,false,unclassified,Bernard Reich
crossref:10.1086/ahr/96.5.1479,10.1086/ahr/96.5.1479,1991,1991-12-01,1991-12-01,Iran,96,5,1479-1496,18,explicit_numeric_range,false,unclassified,Shaul Bakhash
crossref:10.1086/ahr/96.5.1673,10.1086/ahr/96.5.1673,1991,1991-12-01,1991-12-01,"Index to American Historical Review, Volume 96",96,5,1673-1727,55,explicit_numeric_range,false,unclassified,
crossref:10.1086/ahr/97.1.1,10.1086/ahr/97.1.1,1992,1992-02-01,1992-02-01,The Historian and the Public Realm,97,1,1-18,18,explicit_numeric_range,false,unclassified,William E. Leuchtenburg
crossref:10.1086/ahr/97.1.121,10.1086/ahr/97.1.121,1992,1992-02-01,1992-02-01,The Multicultural Islands,97,1,121-135,15,explicit_numeric_range,false,unclassified,Patricia Nelson Limerick
crossref:10.1086/ahr/97.1.136,10.1086/ahr/97.1.136,1992,1992-02-01,1992-02-01,The Grass-Roots Right: New Histories of U.S. Conservatism in the Twentieth Century,97,1,136-155,20,explicit_numeric_range,false,unclassified,Michael Kazin
crossref:10.1086/ahr/97.1.19,10.1086/ahr/97.1.19,1992,1992-02-01,1992-02-01,"Social Insurance and Public Assistance: The Influence of Gender in Welfare Thought in the United States, 1890–1935",97,1,19-54,36,explicit_numeric_range,false,unclassified,Linda Gordon
crossref:10.1086/ahr/97.1.55,10.1086/ahr/97.1.55,1992,1992-02-01,1992-02-01,"Mass Culture, Mass Parliamentary Politics, and Modern Anti-Semitism: The Dreyfus Affair in Rural France",97,1,55-95,41,explicit_numeric_range,false,unclassified,Nancy Fitch
crossref:10.1086/ahr/97.1.96,10.1086/ahr/97.1.96,1992,1992-02-01,1992-02-01,"Anarchism, Political Participation, and Illiteracy in Barcelona between 1934 and 1936",97,1,96-120,25,explicit_numeric_range,false,unclassified,Mercedes Vilanova
crossref:10.1086/ahr/97.2.349,10.1086/ahr/97.2.349,1992,1992-04-01,1992-04-01,"The Paradox of Women's Citizenship in the Early Republic: The Case of Martin vs. Massachusetts, 1805",97,2,349-378,30,explicit_numeric_range,false,unclassified,Linda K. Kerber
crossref:10.1086/ahr/97.2.379,10.1086/ahr/97.2.379,1992,1992-04-01,1992-04-01,"Learning to Talk More Like a Man: Boston Women's Class-Bridging Organizations, 1870–1940",97,2,379-404,26,explicit_numeric_range,false,unclassified,Sarah Deutsch
crossref:10.1086/ahr/97.2.405,10.1086/ahr/97.2.405,1992,1992-04-01,1992-04-01,A New Intellectual History?,97,2,405-424,20,explicit_numeric_range,false,unclassified,Russell Jacoby
crossref:10.1086/ahr/97.2.425,10.1086/ahr/97.2.425,1992,1992-04-01,1992-04-01,Intellectual History and Its Ways,97,2,425-439,15,explicit_numeric_range,false,unclassified,Dominick LaCapra
crossref:10.1086/ahr/97.2.440,10.1086/ahr/97.2.440,1992,1992-04-01,1992-04-01,The Use and Abuse of Black Athena,97,2,440-460,21,explicit_numeric_range,false,unclassified,Molly Myerowitz Levine
crossref:10.1086/ahr/97.2.465,10.1086/ahr/97.2.465,1992,1992-04-01,1992-04-01,Slavery in Africa and the Slave Trades from Africa,97,2,465-485,21,explicit_numeric_range,false,unclassified,Janet J. Ewald
crossref:10.1086/ahr/97.2.487,10.1086/ahr/97.2.487,1992,1992-04-01,1992-04-01,JFK and the Culture of Violence,97,2,487-499,13,explicit_numeric_range,false,unclassified,Marcus Raskin
crossref:10.1086/ahr/97.2.656,10.1086/ahr/97.2.656,1992,1992-04-01,1992-04-01,"Douglas Monroy. Thrown among Strangers: The Making of Mexican Culture in Frontier California. Berkeley and Los Angeles: University of California Press. 1990. Pp. xviii, 337. $29.95",97,2,656-667,12,explicit_numeric_range,true,unclassified,Gllberto M. Hlnojosa
crossref:10.1086/ahr/97.2.661,10.1086/ahr/97.2.661,1992,1992-04-01,1992-04-01,Collected Essays,97,2,661-671,11,explicit_numeric_range,false,unclassified,
crossref:10.1086/ahr/97.3.683,10.1086/ahr/97.3.683,1992,1992-06-01,1992-06-01,Did the Vienna Settlement Rest on a Balance of Power?,97,3,683-706,24,explicit_numeric_range,false,unclassified,Paul W. Schroeder
crossref:10.1086/ahr/97.3.736,10.1086/ahr/97.3.736,1992,1992-06-01,1992-06-01,Gender and the Politics of Class Formation: Rethinking German Labor History,97,3,736-768,33,explicit_numeric_range,false,unclassified,Kathleen Canning
crossref:10.1086/ahr/97.3.769,10.1086/ahr/97.3.769,1992,1992-06-01,1992-06-01,"Challenging Sexual Discrimination in the Historical Profession: Women Historians and the American Historical Association, 1890–1940",97,3,769-802,34,explicit_numeric_range,false,unclassified,Jacqueline Goggin
crossref:10.1086/ahr/97.3.803,10.1086/ahr/97.3.803,1992,1992-06-01,1992-06-01,"August 1991 as Seen by a Moscow Historian, or the Fate of Medieval Studies in the Soviet Era",97,3,803-816,14,explicit_numeric_range,false,unclassified,Yuri L. Bessmertny
crossref:10.1086/ahr/97.3.925,10.1086/ahr/97.3.925,1992,1992-06-01,1992-06-01,"Christian G. Fritz. Federal Justice in California: The Court of Ogden Hoffman, 1851–1891. (Law in the American West, number 1.) Lincoln: University of Nebraska Press. 1991. Pp. xv, 324. $40.00. and gordon morris bakken Practicing Law in Frontier California. (Law in the American West, number 2.) Lincoln: University of Nebraska Press. 1991. Pp. xvii, 192. $35.00",97,3,925-956,32,explicit_numeric_range,true,unclassified,Maxwell Bloomfield
crossref:10.1086/ahr/97.3.973,10.1086/ahr/97.3.973,1992,1992-06-01,1992-06-01,Collected Essays,97,3,973-984,12,explicit_numeric_range,false,unclassified,
crossref:10.1086/ahr/97.3.989,10.1086/ahr/97.3.989,1992,1992-06-01,1992-06-01,Other Books Received,97,3,989-999,11,explicit_numeric_range,false,unclassified,
crossref:10.1086/ahr/97.4.1011,10.1086/ahr/97.4.1011,1992,1992-10-01,1992-10-01,Historiography of the Countries of Eastern Europe: Poland,97,4,1011-1025,15,explicit_numeric_range,false,unclassified,Piotr S. Wandycz
crossref:10.1086/ahr/97.4.1026,10.1086/ahr/97.4.1026,1992,1992-10-01,1992-10-01,Historiography of the Countries of Eastern Europe: Czechoslovakia,97,4,1026-1040,15,explicit_numeric_range,false,unclassified,Jiří Kořalka
crossref:10.1086/ahr/97.4.1041,10.1086/ahr/97.4.1041,1992,1992-10-01,1992-10-01,Historiography of the Countries of Eastern Europe: Hungary,97,4,1041-1063,23,explicit_numeric_range,false,unclassified,István Deák
crossref:10.1086/ahr/97.4.1064,10.1086/ahr/97.4.1064,1992,1992-10-01,1992-10-01,Historiography of the Countries of Eastern Europe: Romania,97,4,1064-1083,20,explicit_numeric_range,false,unclassified,Keith Hitchins
crossref:10.1086/ahr/97.4.1084,10.1086/ahr/97.4.1084,1992,1992-10-01,1992-10-01,Historiography of the Countries of Eastern Europe: Yugoslavia,97,4,1084-1104,21,explicit_numeric_range,false,unclassified,Ivo Banac
crossref:10.1086/ahr/97.4.1105,10.1086/ahr/97.4.1105,1992,1992-10-01,1992-10-01,Historiography of the Countries of Eastern Europe: Bulgaria,97,4,1105-1117,13,explicit_numeric_range,false,unclassified,Maria Todorova
crossref:10.1086/ahr/97.4.1118,10.1086/ahr/97.4.1118,1992,1992-10-01,1992-10-01,The Vietnam War: Alternative Endings,97,4,1118-1137,20,explicit_numeric_range,false,unclassified,Ben Kiernan
crossref:10.1086/ahr/97.4.1324,10.1086/ahr/97.4.1324,1992,1992-10-01,1992-10-01,Collected Essays,97,4,1324-1337,14,explicit_numeric_range,false,unclassified,
crossref:10.1086/ahr/97.5.1369,10.1086/ahr/97.5.1369,1992,1992-12-01,1992-12-01,The Folklore of Industrial Society: Popular Culture and Its Audiences,97,5,1369-1399,31,explicit_numeric_range,false,unclassified,Lawrence W. Levine
crossref:10.1086/ahr/97.5.1417,10.1086/ahr/97.5.1417,1992,1992-12-01,1992-12-01,Making Fun of Popular Culture,97,5,1417-1426,10,explicit_numeric_range,false,unclassified,T. J. Jackson Lears
crossref:10.1086/ahr/97.5.1431,10.1086/ahr/97.5.1431,1992,1992-12-01,1992-12-01,Official Xenophobia and Popular Cosmopolitanism in Early Soviet Russia,97,5,1431-1448,18,explicit_numeric_range,false,unclassified,Jeffrey Brooks
crossref:10.1086/ahr/97.5.1449,10.1086/ahr/97.5.1449,1992,1992-12-01,1992-12-01,From Romance to Rhetoric: The Alexandrian Library in Classical and Islamic Traditions,97,5,1449-1467,19,explicit_numeric_range,false,unclassified,Diana Delia
crossref:10.1086/ahr/97.5.1468,10.1086/ahr/97.5.1468,1992,1992-12-01,1992-12-01,The Rulerships of China,97,5,1468-1483,16,explicit_numeric_range,false,unclassified,Pamela Kyle Crossley
crossref:10.1086/ahr/97.5.1640,10.1086/ahr/97.5.1640,1992,1992-12-01,1992-12-01,Collected Essays,97,5,1640-1653,14,explicit_numeric_range,false,unclassified,
crossref:10.1086/ahr/97.5.1669,10.1086/ahr/97.5.1669,1992,1992-12-01,1992-12-01,"Index to American Historical Review, Volume 97",97,5,1669-1718,50,explicit_numeric_range,false,unclassified,
crossref:10.1086/ahr/98.1.1,10.1086/ahr/98.1.1,1993,1993-02-01,1993-02-01,Voyages,98,1,1-17,17,explicit_numeric_range,false,unclassified,Frederic Wakeman
crossref:10.1086/ahr/98.1.106,10.1086/ahr/98.1.106,1993,1993-02-01,1993-02-01,The Frontier Trail: Rethinking Turner and Reimagining the American West,98,1,106-117,12,explicit_numeric_range,false,unclassified,John Mack Faragher
crossref:10.1086/ahr/98.1.19,10.1086/ahr/98.1.19,1993,1993-02-01,1993-02-01,E. P. Thompson: The Historian as Activist,98,1,19-38,20,explicit_numeric_range,false,unclassified,Michael D. Bess
crossref:10.1086/ahr/98.1.284,10.1086/ahr/98.1.284,1993,1993-02-01,1993-02-01,Collected Essays,98,1,284-302,19,explicit_numeric_range,false,unclassified,
crossref:10.1086/ahr/98.1.39,10.1086/ahr/98.1.39,1993,1993-02-01,1993-02-01,The German and Catalan Peasant Revolts,98,1,39-54,16,explicit_numeric_range,false,unclassified,Paul Freedman
crossref:10.1086/ahr/98.1.55,10.1086/ahr/98.1.55,1993,1993-02-01,1993-02-01,The Peasant Woman in Stalinist Political Art of the 1930s,98,1,55-82,28,explicit_numeric_range,false,unclassified,Victoria E. Bonnell
crossref:10.1086/ahr/98.1.83,10.1086/ahr/98.1.83,1993,1993-02-01,1993-02-01,"Maritime Asia, 1500–1800: The Interactive Emergence of European Domination",98,1,83-105,23,explicit_numeric_range,false,unclassified,John E. Wills
crossref:10.1086/ahr/98.2.317,10.1086/ahr/98.2.317,1993,1993-04-01,1993-04-01,How Wide the Circle of the “We”? American Intellectuals and the Problem of the Ethnos since World War II,98,2,317-337,21,explicit_numeric_range,false,unclassified,David A. Hollinger
crossref:10.1086/ahr/98.2.338,10.1086/ahr/98.2.338,1993,1993-04-01,1993-04-01,Combined Underdevelopment: Discipline and the Law in Imperial and Soviet Russia,98,2,338-353,16,explicit_numeric_range,false,unclassified,Laura Engelstein
crossref:10.1086/ahr/98.2.354,10.1086/ahr/98.2.354,1993,1993-04-01,1993-04-01,Foucault and Social History: Comments on “Combined Underdevelopment”,98,2,354-363,10,explicit_numeric_range,false,unclassified,Rudy Koshar
crossref:10.1086/ahr/98.2.364,10.1086/ahr/98.2.364,1993,1993-04-01,1993-04-01,Framing Discipline with Law: Problems and Promises of the Liberal State,98,2,364-375,12,explicit_numeric_range,false,unclassified,Jan Goldstein
crossref:10.1086/ahr/98.2.382,10.1086/ahr/98.2.382,1993,1993-04-01,1993-04-01,Why Mammals Are Called Mammals: Gender Politics in Eighteenth-Century Natural History,98,2,382-411,30,explicit_numeric_range,false,unclassified,Londa Schiebinger
crossref:10.1086/ahr/98.2.412,10.1086/ahr/98.2.412,1993,1993-04-01,1993-04-01,A New Look at Long-Term Trends in Wealth Inequality in the United States,98,2,412-431,20,explicit_numeric_range,false,unclassified,Carole Shammas
crossref:10.1086/ahr/98.2.440,10.1086/ahr/98.2.440,1993,1993-04-01,1993-04-01,“Myth” and the Making of “Malcolm X”,98,2,440-450,11,explicit_numeric_range,false,unclassified,Gerald Horne
crossref:10.1086/ahr/98.2.622,10.1086/ahr/98.2.622,1993,1993-04-01,1993-04-01,Collected Essays,98,2,622-636,15,explicit_numeric_range,false,unclassified,
crossref:10.1086/ahr/98.3.657,10.1086/ahr/98.3.657,1993,1993-06-01,1993-06-01,Samson and Delilah Revisited: The Politics of Women's Fashion in 1920s France,98,3,657-684,28,explicit_numeric_range,false,unclassified,Mary Louise Roberts
crossref:10.1086/ahr/98.3.685,10.1086/ahr/98.3.685,1993,1993-06-01,1993-06-01,Machine Dreams: Airmindedness and the Reinvention of Germany,98,3,685-709,25,explicit_numeric_range,false,unclassified,Peter Fritzsche
crossref:10.1086/ahr/98.3.710,10.1086/ahr/98.3.710,1993,1993-06-01,1993-06-01,"The World's Oldest Debate? Prostitution and the State in Imperial Japan, 1900–1945",98,3,710-732,23,explicit_numeric_range,false,unclassified,Sheldon Garon
crossref:10.1086/ahr/98.3.733,10.1086/ahr/98.3.733,1993,1993-06-01,1993-06-01,The Devil Stole His Mind: The Tsar and the 1648 Moscow Uprising,98,3,733-756,24,explicit_numeric_range,false,unclassified,Valerie A. Kivelson
crossref:10.1086/ahr/98.3.765,10.1086/ahr/98.3.765,1993,1993-06-01,1993-06-01,The Revolutionary Mission: American Enterprise in Cuba,98,3,765-785,21,explicit_numeric_range,false,unclassified,Thomas F. O'Brien
crossref:10.1086/ahr/98.3.786,10.1086/ahr/98.3.786,1993,1993-06-01,1993-06-01,Foreign and Native-Born Workers in Porfirian Mexico,98,3,786-818,33,explicit_numeric_range,false,unclassified,Jonathan C. Brown
crossref:10.1086/ahr/98.3.989,10.1086/ahr/98.3.989,1993,1993-06-01,1993-06-01,Collected Essays,98,3,989-1004,16,explicit_numeric_range,false,unclassified,
crossref:10.1086/ahr/98.4.1017,10.1086/ahr/98.4.1017,1993,1993-10-01,1993-10-01,Victims of the Soviet Penal System in the Pre-war Years: A First Approach on the Basis of Archival Evidence,98,4,1017-1049,33,explicit_numeric_range,false,unclassified,J. Arch Getty | Gábor T. Rittersporn | Viktor N. Zemskov
crossref:10.1086/ahr/98.4.1050,10.1086/ahr/98.4.1050,1993,1993-10-01,1993-10-01,Distant Thunder: The Creation of a World Market in Rice and the Transformations It Wrought,98,4,1050-1078,29,explicit_numeric_range,false,unclassified,Peter A. Coclanis
crossref:10.1086/ahr/98.4.1079,10.1086/ahr/98.4.1079,1993,1993-10-01,1993-10-01,"The American Revolutionaries, the Political Economy of Aristocracy, and the American Concept of the Distribution of Wealth, 1765–1900",98,4,1079-1105,27,explicit_numeric_range,false,unclassified,James L. Huston
crossref:10.1086/ahr/98.4.1106,10.1086/ahr/98.4.1106,1993,1993-10-01,1993-10-01,The Troubled Origins of European Economic Integration: International Iron and Steel and Labor Migration in the Era of World War I,98,4,1106-1129,24,explicit_numeric_range,false,unclassified,Carl Strikwerda
crossref:10.1086/ahr/98.4.1143,10.1086/ahr/98.4.1143,1993,1993-10-01,1993-10-01,Autocracy Tempered by Reform or by Regicide?,98,4,1143-1155,13,explicit_numeric_range,false,unclassified,Marc Raeff
crossref:10.1086/ahr/98.4.1358,10.1086/ahr/98.4.1358,1993,1993-10-01,1993-10-01,Collected Essays,98,4,1358-1375,18,explicit_numeric_range,false,unclassified,
crossref:10.1086/ahr/98.4.1381,10.1086/ahr/98.4.1381,1993,1993-10-01,1993-10-01,Other Books Received,98,4,1381-1390,10,explicit_numeric_range,false,unclassified,
crossref:10.1086/ahr/98.5.1399,10.1086/ahr/98.5.1399,1993,1993-12-01,1993-12-01,Europeans and the Rise and Fall of African Slavery in the Americas: An Interpretation,98,5,1399-1423,25,explicit_numeric_range,false,unclassified,David Eltis
crossref:10.1086/ahr/98.5.1424,10.1086/ahr/98.5.1424,1993,1993-12-01,1993-12-01,"Construing the Harvest: Gleaners, Farmers, and Officials in Early Modern France",98,5,1424-1447,24,explicit_numeric_range,false,unclassified,Liana Vardi
crossref:10.1086/ahr/98.5.1448,10.1086/ahr/98.5.1448,1993,1993-12-01,1993-12-01,"Voter, Junker, Landrat, Priest: The Old Authorities and the New Franchise in Imperial Germany",98,5,1448-1474,27,explicit_numeric_range,false,unclassified,Margaret Lavinia Anderson
crossref:10.1086/ahr/98.5.1475,10.1086/ahr/98.5.1475,1993,1993-12-01,1993-12-01,Saint-Omer and Its Textile Trades in the Late Middle Ages: A Contribution to the Proto-industrialization Debate,98,5,1475-1499,25,explicit_numeric_range,false,unclassified,Marci Sortor
crossref:10.1086/ahr/98.5.1500,10.1086/ahr/98.5.1500,1993,1993-12-01,1993-12-01,"The Absence of War in the U.S.-China Confrontation over Quemoy and Matsu in 1954–1955: Contingency, Luck, Deterrence?",98,5,1500-1524,25,explicit_numeric_range,false,unclassified,Gordon H. Chang | He Di
crossref:10.1086/ahr/98.5.1525,10.1086/ahr/98.5.1525,1993,1993-12-01,1993-12-01,China and Western Technology in the Late Eighteenth Century,98,5,1525-1544,20,explicit_numeric_range,false,unclassified,Joanna Waley-Cohen
crossref:10.1086/ahr/98.5.1545,10.1086/ahr/98.5.1545,1993,1993-12-01,1993-12-01,Objectivity and Relativism Affirmed: Historical Knowledge and the Philosophy of Charles S. Peirce,98,5,1545-1555,11,explicit_numeric_range,false,unclassified,James Hoopes
crossref:10.1086/ahr/98.5.1717,10.1086/ahr/98.5.1717,1993,1993-12-01,1993-12-01,Collected Essays,98,5,1717-1731,15,explicit_numeric_range,false,unclassified,
crossref:10.1086/ahr/98.5.1745,10.1086/ahr/98.5.1745,1993,1993-12-01,1993-12-01,"Index to American Historical Review, Volume 98",98,5,1745-1798,54,explicit_numeric_range,false,unclassified,
crossref:10.1086/ahr/99.1.1,10.1086/ahr/99.1.1,1994,1994-02-01,1994-02-01,Connections,99,1,1-20,20,explicit_numeric_range,false,unclassified,Louise A. Tilly
crossref:10.1086/ahr/99.1.103,10.1086/ahr/99.1.103,1994,1994-02-01,1994-02-01,The Transformation of American Family Structure,99,1,103-128,26,explicit_numeric_range,false,unclassified,Steven Ruggles
crossref:10.1086/ahr/99.1.129,10.1086/ahr/99.1.129,1994,1994-02-01,1994-02-01,Black Hair and Red Trousers: Gendering the Flesh in Medieval Japan,99,1,129-154,26,explicit_numeric_range,false,unclassified,Hitomi Tonomura
crossref:10.1086/ahr/99.1.155,10.1086/ahr/99.1.155,1994,1994-02-01,1994-02-01,Russian Nationalism and the Cold War,99,1,155-171,17,explicit_numeric_range,false,unclassified,David G. Rowley
crossref:10.1086/ahr/99.1.21,10.1086/ahr/99.1.21,1994,1994-02-01,1994-02-01,Private Lives and Public Order in Restoration France: The Seduction of Emily Loveday,99,1,21-43,23,explicit_numeric_range,false,unclassified,Caroline Ford
crossref:10.1086/ahr/99.1.340,10.1086/ahr/99.1.340,1994,1994-02-01,1994-02-01,Collected Essays,99,1,340-354,15,explicit_numeric_range,false,unclassified,
crossref:10.1086/ahr/99.1.44,10.1086/ahr/99.1.44,1994,1994-02-01,1994-02-01,The Long Goodbye: Dutch Capitalism and Antislavery in Comparative Perspective,99,1,44-69,26,explicit_numeric_range,false,unclassified,Seymour Drescher
crossref:10.1086/ahr/99.1.70,10.1086/ahr/99.1.70,1994,1994-02-01,1994-02-01,"Defining the Boundaries of Freedom in the World of Cane: Cuba, Brazil, and Louisiana after Emancipation",99,1,70-102,33,explicit_numeric_range,false,unclassified,Rebecca J. Scott
crossref:10.1086/ahr/99.2.369,10.1086/ahr/99.2.369,1994,1994-04-01,1994-04-01,Specie and Species: Race and the Money Question in Nineteenth-Century America,99,2,369-395,27,explicit_numeric_range,false,unclassified,Michael O'Malley
crossref:10.1086/ahr/99.2.409,10.1086/ahr/99.2.409,1994,1994-04-01,1994-04-01,The Problem of American Conservatism,99,2,409-429,21,explicit_numeric_range,false,unclassified,Alan Brinkley
crossref:10.1086/ahr/99.2.438,10.1086/ahr/99.2.438,1994,1994-04-01,1994-04-01,Why Is There So Much Conservatism in the United States and Why Do So Few Historians Know Anything about It?,99,2,438-449,12,explicit_numeric_range,false,unclassified,Leo P. Ribuffo
crossref:10.1086/ahr/99.2.453,10.1086/ahr/99.2.453,1994,1994-04-01,1994-04-01,The Invention of the Ethnocultural Interpretation,99,2,453-477,25,explicit_numeric_range,false,unclassified,Ronald P. Formisano
crossref:10.1086/ahr/99.2.478,10.1086/ahr/99.2.478,1994,1994-04-01,1994-04-01,The Contact of Cultures: Perspectives on the Quincentenary,99,2,478-503,26,explicit_numeric_range,false,unclassified,Ida Altman | Reginald D. Butler
crossref:10.1086/ahr/99.2.702,10.1086/ahr/99.2.702,1994,1994-04-01,1994-04-01,Collected Essays,99,2,702-716,15,explicit_numeric_range,false,unclassified,
crossref:10.1086/ahr/99.3.1013,10.1086/ahr/99.3.1013,1994,1994-06-01,1994-06-01,Collected Essays,99,3,1013-1026,14,explicit_numeric_range,false,unclassified,
crossref:10.1086/ahr/99.3.729,10.1086/ahr/99.3.729,1994,1994-06-01,1994-06-01,Performing History: Modernist Contextualism in Carl Schorske's Fin-de-Siècle Vienna,99,3,729-745,17,explicit_numeric_range,false,unclassified,Michael S. Roth
crossref:10.1086/ahr/99.3.746,10.1086/ahr/99.3.746,1994,1994-06-01,1994-06-01,"Discovering Indigenous Nobility: Tocqueville, Chamisso, and Romantic Travel Writing",99,3,746-766,21,explicit_numeric_range,false,unclassified,Harry Liebersohn
crossref:10.1086/ahr/99.3.767,10.1086/ahr/99.3.767,1994,1994-06-01,1994-06-01,"The Making of a Border State Society: James McGready, the Great Revival, and the Prosecution of Profanity in Kentucky",99,3,767-784,18,explicit_numeric_range,false,unclassified,Christopher Waldrep
crossref:10.1086/ahr/99.3.785,10.1086/ahr/99.3.785,1994,1994-06-01,1994-06-01,The Desire to Contribute: An Eighteenth-Century Italian Woman of Science,99,3,785-812,28,explicit_numeric_range,false,unclassified,Gabriella Berti Logan
crossref:10.1086/ahr/99.3.813,10.1086/ahr/99.3.813,1994,1994-06-01,1994-06-01,The Specific Rationality of Medieval Magic,99,3,813-836,24,explicit_numeric_range,false,unclassified,Richard Kieckhefer
crossref:10.1086/ahr/99.3.837,10.1086/ahr/99.3.837,1994,1994-06-01,1994-06-01,Communism in Historical Perspective,99,3,837-857,21,explicit_numeric_range,false,unclassified,David Joravsky
crossref:10.1086/ahr/99.4.1043,10.1086/ahr/99.4.1043,1994,1994-10-01,1994-10-01,The Protean Character of American Liberalism,99,4,1043-1073,31,explicit_numeric_range,false,unclassified,Gary Gerstle
crossref:10.1086/ahr/99.4.1075,10.1086/ahr/99.4.1075,1994,1994-10-01,1994-10-01,"When Women Were Switches: Technology, Work, and Gender in the Telephone Industry, 1890–1920",99,4,1075-1111,37,explicit_numeric_range,false,unclassified,Kenneth Lipartito
crossref:10.1086/ahr/99.4.1112,10.1086/ahr/99.4.1112,1994,1994-10-01,1994-10-01,“To Educate Women into Rebellion”: Elizabeth Cady Stanton and the Creation of a Transatlantic Network of Radical Suffragists,99,4,1112-1136,25,explicit_numeric_range,false,unclassified,Sandra Stanley Holton
crossref:10.1086/ahr/99.4.1137,10.1086/ahr/99.4.1137,1994,1994-10-01,1994-10-01,"Atrocity, War Crime, and Treason in the English Civil War",99,4,1137-1166,30,explicit_numeric_range,false,unclassified,Barbara Donagan
crossref:10.1086/ahr/99.4.1167,10.1086/ahr/99.4.1167,1994,1994-10-01,1994-10-01,"Remembering and Dismemberment: Crippled Children, Wounded Soldiers, and the Great War in Great Britain",99,4,1167-1202,36,explicit_numeric_range,false,unclassified,Seth Koven
crossref:10.1086/ahr/99.4.1203,10.1086/ahr/99.4.1203,1994,1994-10-01,1994-10-01,History from the Ecological Perspective: Gaia Theory and the Problem of Cooperatives in Turn-of-the-Century Germany,99,4,1203-1239,37,explicit_numeric_range,false,unclassified,Brett Fairbairn
crossref:10.1086/ahr/99.4.1441,10.1086/ahr/99.4.1441,1994,1994-10-01,1994-10-01,Collected Essays,99,4,1441-1458,18,explicit_numeric_range,false,unclassified,
crossref:10.1086/ahr/99.5.1475,10.1086/ahr/99.5.1475,1994,1994-12-01,1994-12-01,Subaltern Studies as Postcolonial Criticism,99,5,1475-1490,16,explicit_numeric_range,false,unclassified,Gyan Prakash
crossref:10.1086/ahr/99.5.1491,10.1086/ahr/99.5.1491,1994,1994-12-01,1994-12-01,The Promise and Dilemma of Subaltern Studies: Perspectives from Latin American History,99,5,1491-1515,25,explicit_numeric_range,false,unclassified,Florencia E. Mallon
crossref:10.1086/ahr/99.5.1516,10.1086/ahr/99.5.1516,1994,1994-12-01,1994-12-01,Conflict and Connection: Rethinking Colonial African History,99,5,1516-1545,30,explicit_numeric_range,false,unclassified,Frederick Cooper
crossref:10.1086/ahr/99.5.1546,10.1086/ahr/99.5.1546,1994,1994-12-01,1994-12-01,Condottieri of the Pen: Journalists and the Public Sphere in Postrevolutionary France (1815–1850),99,5,1546-1570,25,explicit_numeric_range,false,unclassified,William M. Reddy
crossref:10.1086/ahr/99.5.1571,10.1086/ahr/99.5.1571,1994,1994-12-01,1994-12-01,"Constructing Internationalism: The Case of Transnational Women's Organizations, 1888–1945",99,5,1571-1600,30,explicit_numeric_range,false,unclassified,Leila J. Rupp
crossref:10.1086/ahr/99.5.1601,10.1086/ahr/99.5.1601,1994,1994-12-01,1994-12-01,"“Like Banquo's Ghost, It Will Not Down”: The Race Question and the American Railroad Brotherhoods, 1880–1920",99,5,1601-1633,33,explicit_numeric_range,false,unclassified,Eric Arnesen
crossref:10.1086/ahr/99.5.1795,10.1086/ahr/99.5.1795,1994,1994-12-01,1994-12-01,Collected Essays,99,5,1795-1809,15,explicit_numeric_range,false,unclassified,
crossref:10.1086/ahr/99.5.1831,10.1086/ahr/99.5.1831,1994,1994-12-01,1994-12-01,"Index to American Historical Review, Volume 99",99,5,1831-1884,54,explicit_numeric_range,false,unclassified,
crossref:10.1086/ahr/100.1.1,10.1086/ahr/100.1.1,1995,1995-02-01,1995-02-01,"Marking: Race, Race-making, and the Writing of History",100,1,1-20,20,explicit_numeric_range,false,unclassified,Thomas C. Holt
crossref:10.1086/ahr/100.1.21,10.1086/ahr/100.1.21,1995,1995-02-01,1995-02-01,Boundaries and the Victorian Body: Aesthetic Fashion in Gilded Age America,100,1,21-50,30,explicit_numeric_range,false,unclassified,Mary W. Blanchard
crossref:10.1086/ahr/100.1.280,10.1086/ahr/100.1.280,1995,1995-02-01,1995-02-01,Collected Essays,100,1,280-292,13,explicit_numeric_range,false,unclassified,
crossref:10.1086/ahr/100.1.51,10.1086/ahr/100.1.51,1995,1995-02-01,1995-02-01,"Identity, Race, Gender, and Modernity in the Origins of Gilberte Freyre's Oeuvre",100,1,51-77,27,explicit_numeric_range,false,unclassified,Jeffrey D. Needell
crossref:10.1086/ahr/100.1.78,10.1086/ahr/100.1.78,1995,1995-02-01,1995-02-01,The Problem of Survival for the Angevin “Empire”: Henry II's and His Sons' Vision versus Late Twelfth-Century Realities,100,1,78-96,19,explicit_numeric_range,false,unclassified,Ralph V. Turner
crossref:10.1086/ahr/100.1.97,10.1086/ahr/100.1.97,1995,1995-02-01,1995-02-01,"Corporate Space, Communal Time: Everyday Life in Shanghai's Bank of China",100,1,97-122,26,explicit_numeric_range,false,unclassified,Wen-Hsin Yeh
crossref:10.1086/ahr/100.2.303,10.1086/ahr/100.2.303,1995,1995-04-01,1995-04-01,Humanitarianism and the Pornography of Pain in Anglo-American Culture,100,2,303-334,32,explicit_numeric_range,false,unclassified,Karen Halttunen
crossref:10.1086/ahr/100.2.335,10.1086/ahr/100.2.335,1995,1995-04-01,1995-04-01,"Rape, Race, and Colonial Culture: The Sexual Politics of Identity in the Nineteenth-Century Cape Colony, South Africa",100,2,335-359,25,explicit_numeric_range,false,unclassified,Pamela Scully
crossref:10.1086/ahr/100.2.360,10.1086/ahr/100.2.360,1995,1995-04-01,1995-04-01,"Violence, Emancipation, and Democracy: The Countryside and the French Revolution",100,2,360-386,27,explicit_numeric_range,false,unclassified,John Markoff
crossref:10.1086/ahr/100.2.387,10.1086/ahr/100.2.387,1995,1995-04-01,1995-04-01,"Etiquette, Lynching, and Racial Boundaries in Southern History: A Mississippi Example",100,2,387-410,24,explicit_numeric_range,false,unclassified,J. William Harris
crossref:10.1086/ahr/100.2.411,10.1086/ahr/100.2.411,1995,1995-04-01,1995-04-01,The Great Reform Act of 1832 and the Political Modernization of England,100,2,411-436,26,explicit_numeric_range,false,unclassified,John A. Phillips | Charles Wetherell
crossref:10.1086/ahr/100.2.437,10.1086/ahr/100.2.437,1995,1995-04-01,1995-04-01,"Review Article Revisiting Assimilation: The Rise, Fall, and Reappraisal of a Concept in American Ethnic History",100,2,437-471,35,explicit_numeric_range,false,unclassified,Russell A. Kazal
crossref:10.1086/ahr/100.3.651,10.1086/ahr/100.3.651,1995,1995-06-01,1995-06-01,Grand Narrative in American Historical Writing: From Romance to Uncertainty,100,3,651-677,27,explicit_numeric_range,false,unclassified,Dorothy Ross
crossref:10.1086/ahr/100.3.678,10.1086/ahr/100.3.678,1995,1995-06-01,1995-06-01,A Century of Writing Early American History: Then and Now Compared; Or How Henry Adams Got It Wrong,100,3,678-696,19,explicit_numeric_range,false,unclassified,Gordon S. Wood
crossref:10.1086/ahr/100.3.697,10.1086/ahr/100.3.697,1995,1995-06-01,1995-06-01,Turnerians All: The Dream of a Helpful History in an Intelligible World,100,3,697-716,20,explicit_numeric_range,false,unclassified,Patricia Nelson Limerick
crossref:10.1086/ahr/100.3.717,10.1086/ahr/100.3.717,1995,1995-06-01,1995-06-01,"Native Americans, New Voices: American Indian History, 1895–1995",100,3,717-740,24,explicit_numeric_range,false,unclassified,R. David Edmunds
crossref:10.1086/ahr/100.3.741,10.1086/ahr/100.3.741,1995,1995-06-01,1995-06-01,Historical Truth: An Interview with Ken Burns,100,3,741-764,24,explicit_numeric_range,false,unclassified,Thomas Cripps
crossref:10.1086/ahr/100.3.765,10.1086/ahr/100.3.765,1995,1995-06-01,1995-06-01,To Turn as on a Pivot: Writing African Americans into a History of Overlapping Diasporas,100,3,765-787,23,explicit_numeric_range,false,unclassified,Earl Lewis
crossref:10.1086/ahr/100.3.788,10.1086/ahr/100.3.788,1995,1995-06-01,1995-06-01,History Solo: Non-academic Historians,100,3,788-798,11,explicit_numeric_range,false,unclassified,Nicholas Lemann
crossref:10.1086/ahr/100.3.799,10.1086/ahr/100.3.799,1995,1995-06-01,1995-06-01,"History, Language, and Reading: Waiting for Crillon",100,3,799-828,30,explicit_numeric_range,false,unclassified,Dominick LaCapra
crossref:10.1086/ahr/100.3.829,10.1086/ahr/100.3.829,1995,1995-06-01,1995-06-01,Revisioning U.S. Political History,100,3,829-853,25,explicit_numeric_range,false,unclassified,Mark H. Leff
crossref:10.1086/ahr/100.3.854,10.1086/ahr/100.3.854,1995,1995-06-01,1995-06-01,“P 905 A512 × 100”: An Ethnographic Essay,100,3,854-864,11,explicit_numeric_range,true,unclassified,Greg Dening
crossref:10.1086/ahr/100.4.1015,10.1086/ahr/100.4.1015,1995,1995-10-01,1995-10-01,The World and the United States,100,4,1015-1033,19,explicit_numeric_range,false,unclassified,Walter Lafeber
crossref:10.1086/ahr/100.4.1034,10.1086/ahr/100.4.1034,1995,1995-10-01,1995-10-01,World History in a Global Age,100,4,1034-1060,27,explicit_numeric_range,false,unclassified,Michael Geyer | Charles Bright
crossref:10.1086/ahr/100.4.1061,10.1086/ahr/100.4.1061,1995,1995-10-01,1995-10-01,Picturesque History and the Medieval in Nineteenth-Century America,100,4,1061-1094,34,explicit_numeric_range,false,unclassified,Robin Fleming
crossref:10.1086/ahr/100.4.1095,10.1086/ahr/100.4.1095,1995,1995-10-01,1995-10-01,The Italian Renaissance in America,100,4,1095-1118,24,explicit_numeric_range,false,unclassified,Edward Muir
crossref:10.1086/ahr/100.4.1119,10.1086/ahr/100.4.1119,1995,1995-10-01,1995-10-01,Forgetting and Remembering: the French Revolution Then and Now,100,4,1119-1135,17,explicit_numeric_range,false,unclassified,Lynn Hunt
crossref:10.1086/ahr/100.4.1136,10.1086/ahr/100.4.1136,1995,1995-10-01,1995-10-01,Russia Then and Now in the Pages of the American Historical Review and Elsewhere: A Few Centennial Notes,100,4,1136-1149,14,explicit_numeric_range,false,unclassified,Terence Emmons
crossref:10.1086/ahr/100.4.1150,10.1086/ahr/100.4.1150,1995,1995-10-01,1995-10-01,Gender and the Practices of Scientific History: The Seminar and Archival Research in the Nineteenth Century,100,4,1150-1176,27,explicit_numeric_range,false,unclassified,Bonnie G. Smith
crossref:10.1086/ahr/100.4.1177,10.1086/ahr/100.4.1177,1995,1995-10-01,1995-10-01,The Past and Present of Environmental History,100,4,1177-1189,13,explicit_numeric_range,false,unclassified,Alfred W. Crosby
crossref:10.1086/ahr/100.4.1344,10.1086/ahr/100.4.1344,1995,1995-10-01,1995-10-01,Collected Essays,100,4,1344-1356,13,explicit_numeric_range,false,unclassified,
crossref:10.1086/ahr/100.4.1360,10.1086/ahr/100.4.1360,1995,1995-10-01,1995-10-01,Other Books Received,100,4,1360-1370,11,explicit_numeric_range,false,unclassified,
crossref:10.1086/ahr/100.5.1379,10.1086/ahr/100.5.1379,1995,1995-12-01,1995-12-01,"“They Could Make Their Victims Dull”: Genders and Genres, Fantasies and Cures in Colonial Southern Uganda",100,5,1379-1402,24,explicit_numeric_range,false,unclassified,Luise White
crossref:10.1086/ahr/100.5.1403,10.1086/ahr/100.5.1403,1995,1995-12-01,1995-12-01,"Lingua Populi, Lingua Dei: Language, Religion, and the Origins of French Revolutionary Nationalism",100,5,1403-1437,35,explicit_numeric_range,false,unclassified,David A. Bell
crossref:10.1086/ahr/100.5.1438,10.1086/ahr/100.5.1438,1995,1995-12-01,1995-12-01,Men against Women on the Shop Floor in Early Soviet Russia: Gender and Class in the Socialist Workplace,100,5,1438-1464,27,explicit_numeric_range,false,unclassified,Diane P. Koenker
crossref:10.1086/ahr/100.5.1465,10.1086/ahr/100.5.1465,1995,1995-12-01,1995-12-01,Pulp Fictions and Problem Girls: Reading and Rewriting Single Pregnancy in the Postwar United States,100,5,1465-1487,23,explicit_numeric_range,false,unclassified,Regina Kunzel
crossref:10.1086/ahr/100.5.1488,10.1086/ahr/100.5.1488,1995,1995-12-01,1995-12-01,Review Article The Agony and Romance of the American Left,100,5,1488-1512,25,explicit_numeric_range,false,unclassified,Michael Kazin
crossref:10.1086/ahr/100.5.1738,10.1086/ahr/100.5.1738,1995,1995-12-01,1995-12-01,Collected Essays,100,5,1738-1751,14,explicit_numeric_range,false,unclassified,
crossref:10.1086/ahr/100.5.1755,10.1086/ahr/100.5.1755,1995,1995-12-01,1995-12-01,Other Books Received,100,5,1755-1764,10,explicit_numeric_range,false,unclassified,
crossref:10.1086/ahr/100.5.1769,10.1086/ahr/100.5.1769,1995,1995-12-01,1995-12-01,"Index to American Historical Review, Volume 100",100,5,1769-1816,48,explicit_numeric_range,false,unclassified,
crossref:10.1086/ahr/101.1.1,10.1086/ahr/101.1.1,1996,1996-02-01,1996-02-01,Welfare,101,1,1-12,12,explicit_numeric_range,false,unclassified,John H. Coatsworth
crossref:10.1086/ahr/101.1.119,10.1086/ahr/101.1.119,1996,1996-02-01,1996-02-01,Baron's Machiavelli and Renaissance Republicanism,101,1,119-129,11,explicit_numeric_range,false,unclassified,John M. Najemy
crossref:10.1086/ahr/101.1.13,10.1086/ahr/101.1.13,1996,1996-02-01,1996-02-01,"The Great Chain of Buying: Medical Advertisement, the Bourgeois Public Sphere, and the Origins of the French Revolution",101,1,13-40,28,explicit_numeric_range,false,unclassified,Colin Jones
crossref:10.1086/ahr/101.1.130,10.1086/ahr/101.1.130,1996,1996-02-01,1996-02-01,The Historical Petrarch,101,1,130-141,12,explicit_numeric_range,false,unclassified,Craig Kallendorf
crossref:10.1086/ahr/101.1.278,10.1086/ahr/101.1.278,1996,1996-02-01,1996-02-01,Collected Essays,101,1,278-291,14,explicit_numeric_range,false,unclassified,
crossref:10.1086/ahr/101.1.41,10.1086/ahr/101.1.41,1996,1996-02-01,1996-02-01,Seeing Themselves at Work: Physicians and the Case Narrative in the Mid-Nineteenth-Century American South,101,1,41-79,39,explicit_numeric_range,false,unclassified,Steven M. Stowe
crossref:10.1086/ahr/101.1.80,10.1086/ahr/101.1.80,1996,1996-02-01,1996-02-01,French Volunteer Nursing and the Myth of War Experience in World War I,101,1,80-106,27,explicit_numeric_range,false,unclassified,Margaret H. Darrow
crossref:10.1086/ahr/101.2.307,10.1086/ahr/101.2.307,1996,1996-04-01,1996-04-01,Explaining Salem: Calvinist Psychology and the Diagnosis of Possession,101,2,307-330,24,explicit_numeric_range,false,unclassified,David Harley
crossref:10.1086/ahr/101.2.331,10.1086/ahr/101.2.331,1996,1996-04-01,1996-04-01,“The Sad Situation of Civilians and Soldiers”: The Banditry of Zapatismo in the Mexican Revolution,101,2,331-353,23,explicit_numeric_range,false,unclassified,Samuel Brunk
crossref:10.1086/ahr/101.2.354,10.1086/ahr/101.2.354,1996,1996-04-01,1996-04-01,The Hour of the Woman: Memories of Germany's “Crisis Years” and West German National Identity,101,2,354-395,42,explicit_numeric_range,false,unclassified,Elizabeth Heineman
crossref:10.1086/ahr/101.2.396,10.1086/ahr/101.2.396,1996,1996-04-01,1996-04-01,The Economic Crisis of 1968 and the Waning of the “American Century”,101,2,396-422,27,explicit_numeric_range,false,unclassified,Robert M. Collins
crossref:10.1086/ahr/101.2.423,10.1086/ahr/101.2.423,1996,1996-04-01,1996-04-01,Prescott's Paradigm: American Historical Scholarship and the Decline of Spain,101,2,423-446,24,explicit_numeric_range,false,unclassified,Richard L. Kagan
crossref:10.1086/ahr/101.2.603,10.1086/ahr/101.2.603,1996,1996-04-01,1996-04-01,Collected Essays,101,2,603-612,10,explicit_numeric_range,false,unclassified,
crossref:10.1086/ahr/101.3.631,10.1086/ahr/101.3.631,1996,1996-06-01,1996-06-01,Economic Development and Aquatic Ecosystems in Medieval Europe,101,3,631-669,39,explicit_numeric_range,false,unclassified,Richard C. Hoffmann
crossref:10.1086/ahr/101.3.671,10.1086/ahr/101.3.671,1996,1996-06-01,1996-06-01,"History as Literature, Literature as History: Cagayous of Algiers",101,3,671-711,41,explicit_numeric_range,false,unclassified,David Prochaska
crossref:10.1086/ahr/101.3.712,10.1086/ahr/101.3.712,1996,1996-06-01,1996-06-01,"The Dancing Lamas of Everest: Cinema, Orientalism, and Anglo-Tibetan Relations in the 1920s",101,3,712-747,36,explicit_numeric_range,false,unclassified,Peter H. Hansen
crossref:10.1086/ahr/101.3.749,10.1086/ahr/101.3.749,1996,1996-06-01,1996-06-01,Cross-Cultural Interaction and Periodization in World History,101,3,749-770,22,explicit_numeric_range,false,unclassified,Jerry H. Bentley
crossref:10.1086/ahr/101.3.771,10.1086/ahr/101.3.771,1996,1996-06-01,1996-06-01,The Problem of Interactions in World History,101,3,771-782,12,explicit_numeric_range,false,unclassified,Patrick Manning
crossref:10.1086/ahr/101.3.783,10.1086/ahr/101.3.783,1996,1996-06-01,1996-06-01,"Religion and Society in Early Modern Italy—Old Questions, New Insights",101,3,783-804,22,explicit_numeric_range,false,unclassified,William V. Hudon
crossref:10.1086/ahr/101.3.953,10.1086/ahr/101.3.953,1996,1996-06-01,1996-06-01,Collected Essays,101,3,953-962,10,explicit_numeric_range,false,unclassified,
crossref:10.1086/ahr/101.4.1008,10.1086/ahr/101.4.1008,1996,1996-10-01,1996-10-01,War Stories: The Search for a Usable Past in the Federal Republic of Germany,101,4,1008-1048,41,explicit_numeric_range,false,unclassified,Robert G. Moeller
crossref:10.1086/ahr/101.4.1050,10.1086/ahr/101.4.1050,1996,1996-10-01,1996-10-01,From Town Center to Shopping Center: The Reconfiguration of Community Marketplaces in Postwar America,101,4,1050-1081,32,explicit_numeric_range,false,unclassified,Lizabeth Cohen
crossref:10.1086/ahr/101.4.1082,10.1086/ahr/101.4.1082,1996,1996-10-01,1996-10-01,U.S. Tax Policy and the Shopping-Center Boom of the 1950s and 1960s,101,4,1082-1110,29,explicit_numeric_range,false,unclassified,Thomas W. Hanchett
crossref:10.1086/ahr/101.4.1111,10.1086/ahr/101.4.1111,1996,1996-10-01,1996-10-01,All the World's a Mall: Reflections on the Social and Economic Consequences of the American Shopping Center,101,4,1111-1121,11,explicit_numeric_range,false,unclassified,Kenneth T. Jackson
crossref:10.1086/ahr/101.4.1122,10.1086/ahr/101.4.1122,1996,1996-10-01,1996-10-01,"Race, Ideology, and the Perils of Comparative History",101,4,1122-1138,17,explicit_numeric_range,false,unclassified,Frederick Cooper
crossref:10.1086/ahr/101.4.1323,10.1086/ahr/101.4.1323,1996,1996-10-01,1996-10-01,Collected Essays,101,4,1323-1335,13,explicit_numeric_range,false,unclassified,
crossref:10.1086/ahr/101.4.1339,10.1086/ahr/101.4.1339,1996,1996-10-01,1996-10-01,Other Books Received,101,4,1339-1349,11,explicit_numeric_range,false,unclassified,
crossref:10.1086/ahr/101.4.981,10.1086/ahr/101.4.981,1996,1996-10-01,1996-10-01,"Beyond the Fatal Shore: Pastoral Squatting and the Occupation of Australia, 1826 to 1852",101,4,981-1007,27,explicit_numeric_range,false,unclassified,John C. Weaver
crossref:10.1086/ahr/101.5.1357,10.1086/ahr/101.5.1357,1996,1996-12-01,1996-12-01,Imagining the Harvest in Early Modern Europe,101,5,1357-1397,41,explicit_numeric_range,false,unclassified,Liana Vardi
crossref:10.1086/ahr/101.5.1398,10.1086/ahr/101.5.1398,1996,1996-12-01,1996-12-01,"The Jíbaro Masquerade and the Subaltern Politics of Creole Identity Formation in Puerto Rico, 1745–1823",101,5,1398-1431,34,explicit_numeric_range,false,unclassified,Francisco A. Scarano
crossref:10.1086/ahr/101.5.1432,10.1086/ahr/101.5.1432,1996,1996-12-01,1996-12-01,Old South Time in Comparative Perspective,101,5,1432-1469,38,explicit_numeric_range,false,unclassified,Mark M. Smith
crossref:10.1086/ahr/101.5.1470,10.1086/ahr/101.5.1470,1996,1996-12-01,1996-12-01,The Social Nation and Its Futures: English Liberalism and Polish Nationalism in Late Nineteenth-Century Warsaw,101,5,1470-1492,23,explicit_numeric_range,false,unclassified,Brian A. Porter
crossref:10.1086/ahr/101.5.1493,10.1086/ahr/101.5.1493,1996,1996-12-01,1996-12-01,Stories in History: Cultural Narratives in Recent Works in European History,101,5,1493-1515,23,explicit_numeric_range,false,unclassified,Sarah Maza
crossref:10.1086/ahr/101.5.1662,10.1086/ahr/101.5.1662,1996,1996-12-01,1996-12-01,Collected Essays,101,5,1662-1676,15,explicit_numeric_range,false,unclassified,
crossref:10.1086/ahr/101.5.1690,10.1086/ahr/101.5.1690,1996,1996-12-01,1996-12-01,"Index to American Historical Review, Volume 101",101,5,1690-1741,52,explicit_numeric_range,false,unclassified,
crossref:10.1086/ahr/102.1.1,10.1086/ahr/102.1.1,1997,1997-02-01,1997-02-01,Wonder,102,1,1-26,26,explicit_numeric_range,false,unclassified,Caroline Walker Bynum
crossref:10.1086/ahr/102.1.254,10.1086/ahr/102.1.254,1997,1997-02-01,1997-02-01,Collected Essays,102,1,254-268,15,explicit_numeric_range,false,unclassified,
crossref:10.1086/ahr/102.1.27,10.1086/ahr/102.1.27,1997,1997-02-01,1997-02-01,"Social Sites of Political Practice in France: Lawsuits, Civil Rights, and the Separation of Powers in Domestic and State Government, 1500–1800",102,1,27-52,26,explicit_numeric_range,false,unclassified,Sarah Hanley
crossref:10.1086/ahr/102.1.53,10.1086/ahr/102.1.53,1997,1997-02-01,1997-02-01,"Society, the State, and Abortion in East Germany, 1950–1972",102,1,53-84,32,explicit_numeric_range,false,unclassified,Donna Harsch
crossref:10.1086/ahr/102.2.283,10.1086/ahr/102.2.283,1997,1997-04-01,1997-04-01,What Is a Nation and Who Belongs? National Narratives and the Ethnic Imagination in Twentieth-Century Japan,102,2,283-309,27,explicit_numeric_range,false,unclassified,Kevin M. Doak
crossref:10.1086/ahr/102.2.311,10.1086/ahr/102.2.311,1997,1997-04-01,1997-04-01,"“Social Equality Does Not Exist among Themselves, nor among Us”: and Civil Rights in Chicago, 1888",102,2,311-339,29,explicit_numeric_range,false,unclassified,Elizabeth Dale
crossref:10.1086/ahr/102.2.340,10.1086/ahr/102.2.340,1997,1997-04-01,1997-04-01,"A New Crowd Challenges the Agenda of the Old Guard in the NAACP, 1933–1941",102,2,340-377,38,explicit_numeric_range,false,unclassified,Beth Tompkins Bates
crossref:10.1086/ahr/102.2.378,10.1086/ahr/102.2.378,1997,1997-04-01,1997-04-01,"Rethinking Race and Class in African-American Struggles for Equality, 1885–1941",102,2,378-387,10,explicit_numeric_range,false,unclassified,Kevin Gaines
crossref:10.1086/ahr/102.2.388,10.1086/ahr/102.2.388,1997,1997-04-01,1997-04-01,"History and Imperialism: A Century of Theory, from Marx to Postcolonialism",102,2,388-420,33,explicit_numeric_range,false,unclassified,Patrick Wolfe
crossref:10.1086/ahr/102.2.597,10.1086/ahr/102.2.597,1997,1997-04-01,1997-04-01,Collected Essays,102,2,597-611,15,explicit_numeric_range,false,unclassified,
crossref:10.1086/ahr/102.3.625,10.1086/ahr/102.3.625,1997,1997-06-01,1997-06-01,How Indians Got to Be Red,102,3,625-644,20,explicit_numeric_range,false,unclassified,Nancy Shoemaker
crossref:10.1086/ahr/102.3.645,10.1086/ahr/102.3.645,1997,1997-06-01,1997-06-01,"A Feminine Past? Gender, Genre, and Historical Knowledge in England, 1500–1800",102,3,645-679,35,explicit_numeric_range,false,unclassified,D. R. Woolf
crossref:10.1086/ahr/102.3.680,10.1086/ahr/102.3.680,1997,1997-06-01,1997-06-01,"Reclaiming the Land of the Bible: Missionaries, Secularism, and Evangelical Modernity",102,3,680-713,34,explicit_numeric_range,false,unclassified,Ussama Makdisi
crossref:10.1086/ahr/102.3.714,10.1086/ahr/102.3.714,1997,1997-06-01,1997-06-01,Sexual Violence and Family Honor: British Propaganda and International Law during the First World War,102,3,714-747,34,explicit_numeric_range,false,unclassified,Nicoletta F. Gullace
crossref:10.1086/ahr/102.3.758,10.1086/ahr/102.3.758,1997,1997-06-01,1997-06-01,The Nationalism of Cultural Uniqueness,102,3,758-768,11,explicit_numeric_range,false,unclassified,J. Victor Koschmann
crossref:10.1086/ahr/102.3.941,10.1086/ahr/102.3.941,1997,1997-06-01,1997-06-01,Collected Essays,102,3,941-952,12,explicit_numeric_range,false,unclassified,
crossref:10.1086/ahr/102.4.1003,10.1086/ahr/102.4.1003,1997,1997-10-01,1997-10-01,"“All This Is the Empire, I Told Myself”: Australian Women's Voyages “Home” and the Articulation of Colonial Whiteness",102,4,1003-1029,27,explicit_numeric_range,false,unclassified,Angela Woollacott
crossref:10.1086/ahr/102.4.1030,10.1086/ahr/102.4.1030,1997,1997-10-01,1997-10-01,"Transnationalism and the Predicament of Sovereignty: China, 1900–1945",102,4,1030-1051,22,explicit_numeric_range,false,unclassified,Prasenjit Duara
crossref:10.1086/ahr/102.4.1052,10.1086/ahr/102.4.1052,1997,1997-10-01,1997-10-01,"Hong Kong: The Critical Phase, 1945–1949",102,4,1052-1084,33,explicit_numeric_range,false,unclassified,Wm. Roger Louis
crossref:10.1086/ahr/102.4.1085,10.1086/ahr/102.4.1085,1997,1997-10-01,1997-10-01,Writing the Yugoslav Wars: English-Language Books on Bosnia (1992–1996) and the Challenges of Analyzing Contemporary History,102,4,1085-1114,30,explicit_numeric_range,false,unclassified,Sarah A. Kent
crossref:10.1086/ahr/102.4.1277,10.1086/ahr/102.4.1277,1997,1997-10-01,1997-10-01,Collected Essays,102,4,1277-1287,11,explicit_numeric_range,false,unclassified,
crossref:10.1086/ahr/102.4.1290,10.1086/ahr/102.4.1290,1997,1997-10-01,1997-10-01,Other Books Received,102,4,1290-1299,10,explicit_numeric_range,false,unclassified,
crossref:10.1086/ahr/102.4.969,10.1086/ahr/102.4.969,1997,1997-10-01,1997-10-01,“Capacities and Modes of Thinking”: Intellectual Engagements and Subaltern Hegemony in the Early History of Malagasy Christianity,102,4,969-1002,34,explicit_numeric_range,false,unclassified,Pier M. Larson
crossref:10.1086/ahr/102.5.1309,10.1086/ahr/102.5.1309,1997,1997-12-01,1997-12-01,"Inventing Sincerity, Refashioning Prudence: The Discovery of the Individual in Renaissance Europe",102,5,1309-1342,34,explicit_numeric_range,false,unclassified,John Martin
crossref:10.1086/ahr/102.5.1343,10.1086/ahr/102.5.1343,1997,1997-12-01,1997-12-01,The Trespass Speaks: White Masculinity and Colonial Breakdown,102,5,1343-1370,28,explicit_numeric_range,false,unclassified,Warwick Anderson
crossref:10.1086/ahr/102.5.1372,10.1086/ahr/102.5.1372,1997,1997-12-01,1997-12-01,Writing the Individual Back into Collective Memory,102,5,1372-1385,14,explicit_numeric_range,false,unclassified,Susan A. Crane
crossref:10.1086/ahr/102.5.1386,10.1086/ahr/102.5.1386,1997,1997-12-01,1997-12-01,Collective Memory and Cultural History: Problems of Method,102,5,1386-1403,18,explicit_numeric_range,false,unclassified,Alon Confino
crossref:10.1086/ahr/102.5.1413,10.1086/ahr/102.5.1413,1997,1997-12-01,1997-12-01,"No More Language Games: Words, Beliefs, and the Political Culture of Early Modern France",102,5,1413-1440,28,explicit_numeric_range,false,unclassified,Jay M. Smith
crossref:10.1086/ahr/102.5.1601,10.1086/ahr/102.5.1601,1997,1997-12-01,1997-12-01,Collected Essays,102,5,1601-1611,11,explicit_numeric_range,false,unclassified,
crossref:10.1086/ahr/102.5.1615,10.1086/ahr/102.5.1615,1997,1997-12-01,1997-12-01,Other Books Received,102,5,1615-1626,12,explicit_numeric_range,false,unclassified,
crossref:10.1086/ahr/102.5.1630,10.1086/ahr/102.5.1630,1997,1997-12-01,1997-12-01,"Index to American Historical Review, Volume 102",102,5,1630-1683,54,explicit_numeric_range,false,unclassified,
crossref:10.1086/ahr/103.1.1,10.1086/ahr/103.1.1,1998,1998-02-01,1998-02-01,The Power of History,103,1,1-14,14,explicit_numeric_range,false,unclassified,Joyce Appleby
crossref:10.1086/ahr/103.1.125,10.1086/ahr/103.1.125,1998,1998-02-01,1998-02-01,"American Synecdoche: Thomas Jefferson as Image, Icon, Character, and Self",103,1,125-136,12,explicit_numeric_range,false,unclassified,Jan Lewis | Peter S. Onuf
crossref:10.1086/ahr/103.1.15,10.1086/ahr/103.1.15,1998,1998-02-01,1998-02-01,"An Ottoman Occidentalist in Europe: Ahmed Midhat Meets Madame Gülnar, 1889",103,1,15-49,35,explicit_numeric_range,false,unclassified,Carter Vaughn Findley
crossref:10.1086/ahr/103.1.313,10.1086/ahr/103.1.313,1998,1998-02-01,1998-02-01,Collected Essays,103,1,313-322,10,explicit_numeric_range,false,unclassified,
crossref:10.1086/ahr/103.1.334,10.1086/ahr/103.1.334,1998,1998-02-01,1998-02-01,"Index to American Historical Review, February 1998",103,1,334-344,11,explicit_numeric_range,false,unclassified,
crossref:10.1086/ahr/103.1.55,10.1086/ahr/103.1.55,1998,1998-02-01,1998-02-01,Perceiving the Past: Renaissance Humanism after the “Cognitive Turn”,103,1,55-82,28,explicit_numeric_range,false,unclassified,Kenneth Gouwens
crossref:10.1086/ahr/103.1.83,10.1086/ahr/103.1.83,1998,1998-02-01,1998-02-01,Possessing the Past: The Material World of the Italian Renaissance,103,1,83-114,32,explicit_numeric_range,false,unclassified,Paula Findlen
crossref:10.1086/ahr/103.2.345,10.1086/ahr/103.2.345,1998,1998-04-01,1998-04-01,Down and Out and Female in Thirteenth-Century Paris,103,2,345-372,28,explicit_numeric_range,false,unclassified,Sharon Farmer
crossref:10.1086/ahr/103.2.373,10.1086/ahr/103.2.373,1998,1998-04-01,1998-04-01,America's First Medical Breakthrough: How Popular Excitement about a French Rabies Cure in 1885 Raised New Expectations for Medical Progress,103,2,373-418,46,explicit_numeric_range,false,unclassified,Bert Hansen
crossref:10.1086/ahr/103.2.419,10.1086/ahr/103.2.419,1998,1998-04-01,1998-04-01,"Colonialism and Human Rights, A Contradiction in Terms? The Case of France and West Africa, 1895–1914",103,2,419-442,24,explicit_numeric_range,false,unclassified,Alice L. Conklin
crossref:10.1086/ahr/103.2.443,10.1086/ahr/103.2.443,1998,1998-04-01,1998-04-01,Bodies and Names: The Emergence of Commemoration in Interwar France,103,2,443-466,24,explicit_numeric_range,false,unclassified,Daniel J. Sherman
crossref:10.1086/ahr/103.2.467,10.1086/ahr/103.2.467,1998,1998-04-01,1998-04-01,Race Culture: Recent Perspectives on the History of Eugenics,103,2,467-478,12,explicit_numeric_range,false,unclassified,Frank Dikötter
crossref:10.1086/ahr/103.2.533,10.1086/ahr/103.2.533,1998,1998-04-01,1998-04-01,"Mary Nash. Defying Male Civilization: Women in the Spanish Civil War. (Women and Modern Revolution Series.) Denver: Arden Press. 1996. Pp. xvi, 261. Cloth $32.00, paper $22.50",103,2,533-544,12,explicit_numeric_range,true,unclassified,Shirley Mangini
crossref:10.1086/ahr/103.2.650,10.1086/ahr/103.2.650,1998,1998-04-01,1998-04-01,Other Books Received,103,2,650-661,12,explicit_numeric_range,false,unclassified,
crossref:10.1086/ahr/103.2.667,10.1086/ahr/103.2.667,1998,1998-04-01,1998-04-01,"Index to American Historical Review, April 1998",103,2,667-676,10,explicit_numeric_range,false,unclassified,
crossref:10.1086/ahr/103.3.1046,10.1086/ahr/103.3.1046,1998,1998-06-01,1998-06-01,"Index to American Historical Review, June 1998",103,3,1046-1056,11,explicit_numeric_range,false,unclassified,
crossref:10.1086/ahr/103.3.677,10.1086/ahr/103.3.677,1998,1998-06-01,1998-06-01,Medievalisms Old and New: The Rediscovery of Alterity in North American Medieval Studies,103,3,677-704,28,explicit_numeric_range,false,unclassified,Paul Freedman | Gabrielle M. Spiegel
crossref:10.1086/ahr/103.3.705,10.1086/ahr/103.3.705,1998,1998-06-01,1998-06-01,Neither Machiavellian Moment nor Possessive Individualism: Commercial Society and the Defenders of the English Commonwealth,103,3,705-736,32,explicit_numeric_range,false,unclassified,Steve Pincus
crossref:10.1086/ahr/103.3.737,10.1086/ahr/103.3.737,1998,1998-06-01,1998-06-01,The Color Line behind the Lines: Racial Violence in France during the Great War,103,3,737-769,33,explicit_numeric_range,false,unclassified,Tyler Stovall
crossref:10.1086/ahr/103.3.771,10.1086/ahr/103.3.771,1998,1998-06-01,1998-06-01,"Defining Enemies, Making Victims: Germans, Jews, and the Holocaust",103,3,771-816,46,explicit_numeric_range,false,unclassified,Omer Bartov
crossref:10.1086/ahr/103.3.817,10.1086/ahr/103.3.817,1998,1998-06-01,1998-06-01,"Gender, Consumption, and Commodity Culture",103,3,817-844,28,explicit_numeric_range,false,unclassified,Mary Louise Roberts
crossref:10.1086/ahr/103.4.1057,10.1086/ahr/103.4.1057,1998,1998-10-01,1998-10-01,The Rise and Fall of American Posture,103,4,1057-1095,39,explicit_numeric_range,false,unclassified,David Yosifon | Peter N. Stearns
crossref:10.1086/ahr/103.4.1096,10.1086/ahr/103.4.1096,1998,1998-10-01,1998-10-01,Creating Asia: China in the World at the Beginning of the Twentieth Century,103,4,1096-1118,23,explicit_numeric_range,false,unclassified,Rebecca E. Karl
crossref:10.1086/ahr/103.4.1119,10.1086/ahr/103.4.1119,1998,1998-10-01,1998-10-01,From Child Bride to “Hindoo Lady”: Rukhmabai and the Debate on Sexual Respectability in Imperial Britain,103,4,1119-1146,28,explicit_numeric_range,false,unclassified,Antoinette Burton
crossref:10.1086/ahr/103.4.1147,10.1086/ahr/103.4.1147,1998,1998-10-01,1998-10-01,"Sex, Citizenship, and the Nation in World War II Britain",103,4,1147-1176,30,explicit_numeric_range,false,unclassified,Sonya O. Rose
crossref:10.1086/ahr/103.4.1195,10.1086/ahr/103.4.1195,1998,1998-10-01,1998-10-01,Histories of Childhood,103,4,1195-1208,14,explicit_numeric_range,false,unclassified,Hugh Cunningham
crossref:10.1086/ahr/103.4.1401,10.1086/ahr/103.4.1401,1998,1998-10-01,1998-10-01,"Index to American Historical Review, October 1998",103,4,1401-1410,10,explicit_numeric_range,false,unclassified,
crossref:10.1086/ahr/103.5.1411,10.1086/ahr/103.5.1411,1998,1998-12-01,1998-12-01,Structuring Provincial Imagination: The Rhetoric and Experience of Social Change in Eighteenth-Century New England,103,5,1411-1439,29,explicit_numeric_range,false,unclassified,T. H. Breen | Timothy Hall
crossref:10.1086/ahr/103.5.1440,10.1086/ahr/103.5.1440,1998,1998-12-01,1998-12-01,"Marriage and Women's Citizenship in the United States, 1830–1934",103,5,1440-1474,35,explicit_numeric_range,false,unclassified,Nancy F. Cott
crossref:10.1086/ahr/103.5.1475,10.1086/ahr/103.5.1475,1998,1998-12-01,1998-12-01,"Photography, National Identity, and the “Cataract of Times”: Wartime Images and the Case of Japan",103,5,1475-1501,27,explicit_numeric_range,false,unclassified,Julia A. Thomas
crossref:10.1086/ahr/103.5.1503,10.1086/ahr/103.5.1503,1998,1998-12-01,1998-12-01,In Search of Alias Grace: On Writing Canadian Historical Fiction,103,5,1503-1516,14,explicit_numeric_range,false,unclassified,Margaret Atwood
crossref:10.1086/ahr/103.5.1530,10.1086/ahr/103.5.1530,1998,1998-12-01,1998-12-01,"Wizards, Bureaucrats, Warriors, and Hackers: Writing the History of the Internet",103,5,1530-1552,23,explicit_numeric_range,false,unclassified,Roy Rosenzweig
crossref:10.1086/ahr/103.5.1764,10.1086/ahr/103.5.1764,1998,1998-12-01,1998-12-01,"Index to American Historical Review, Volume 103",103,5,1764-1810,47,explicit_numeric_range,false,unclassified,
crossref:10.1086/ahr/104.1.1,10.1086/ahr/104.1.1,1999,1999-02-01,1999-02-01,History and Africa/Africa and History,104,1,1-32,32,explicit_numeric_range,false,unclassified,Joseph C. Miller
crossref:10.1086/ahr/104.1.117,10.1086/ahr/104.1.117,1999,1999-02-01,1999-02-01,Prostitutes in History: From Parables of Pornography to Metaphors of Modernity,104,1,117-141,25,explicit_numeric_range,false,unclassified,Timothy J. Gilfoyle
crossref:10.1086/ahr/104.1.311,10.1086/ahr/104.1.311,1999,1999-02-01,1999-02-01,Other Books Received,104,1,311-320,10,explicit_numeric_range,false,unclassified,
crossref:10.1086/ahr/104.1.322,10.1086/ahr/104.1.322,1999,1999-02-01,1999-02-01,"Index to American Historical Review, February 1999",104,1,322-331,10,explicit_numeric_range,false,unclassified,
crossref:10.1086/ahr/104.1.33,10.1086/ahr/104.1.33,1999,1999-02-01,1999-02-01,"New World, New Stars: Patriotic Astrology and the Invention of Indian and Creole Bodies in Colonial Spanish America, 1600–1650",104,1,33-68,36,explicit_numeric_range,false,unclassified,Jorge Cañizares Esguerra
crossref:10.1086/ahr/104.1.69,10.1086/ahr/104.1.69,1999,1999-02-01,1999-02-01,Information and Economic History: How the Credit Market in Old Regime Paris Forces Us to Rethink the Transition to Capitalism,104,1,69-94,26,explicit_numeric_range,false,unclassified,Philip T. Hoffman | Gilles Postel-Vinay | Jean-Laurent Rosenthal
crossref:10.1086/ahr/104.1.95,10.1086/ahr/104.1.95,1999,1999-02-01,1999-02-01,"Rewriting Histories of Nationalism: The Politics of “Moderate Nationalism” in India, 1870–1905",104,1,95-116,22,explicit_numeric_range,false,unclassified,Sanjay Seth
crossref:10.1086/ahr/104.2.332,10.1086/ahr/104.2.332,1999,1999-04-01,1999-04-01,"Trust, Pawnship, and Atlantic History: The Institutional Foundations of the Old Calabar Slave Trade",104,2,332-355,24,explicit_numeric_range,false,unclassified,Paul E. Lovejoy | David Richardson
crossref:10.1086/ahr/104.2.356,10.1086/ahr/104.2.356,1999,1999-04-01,1999-04-01,Incurring a Debt of Gratitude: 1898 and the Moral Sources of United States Hegemony in Cuba,104,2,356-398,43,explicit_numeric_range,false,unclassified,Louis A. Pérez
crossref:10.1086/ahr/104.2.399,10.1086/ahr/104.2.399,1999,1999-04-01,1999-04-01,The Gender of Resistance in Communist Poland,104,2,399-425,27,explicit_numeric_range,false,unclassified,Padraic Kenney
crossref:10.1086/ahr/104.2.427,10.1086/ahr/104.2.427,1999,1999-04-01,1999-04-01,Greater Britain: A Useful Category of Historical Analysis?,104,2,427-445,19,explicit_numeric_range,false,unclassified,David Armitage
crossref:10.1086/ahr/104.2.446,10.1086/ahr/104.2.446,1999,1999-04-01,1999-04-01,Seventeenth-Century Ireland and the New British and Atlantic Histories,104,2,446-462,17,explicit_numeric_range,false,unclassified,Jane Ohlmeyer
crossref:10.1086/ahr/104.2.463,10.1086/ahr/104.2.463,1999,1999-04-01,1999-04-01,"Nation, Migration, and the Province in the First British Empire: Scotland and the Americas, 1600–1800",104,2,463-475,13,explicit_numeric_range,false,unclassified,Ned C. Landsman
crossref:10.1086/ahr/104.2.476,10.1086/ahr/104.2.476,1999,1999-04-01,1999-04-01,A Virtual Nation: Greater Britain and the Imperial Legacy of the American Revolution,104,2,476-489,14,explicit_numeric_range,false,unclassified,Eliga H. Gould
crossref:10.1086/ahr/104.2.490,10.1086/ahr/104.2.490,1999,1999-04-01,1999-04-01,The New British History in Atlantic Perspective: An Antipodean Commentary,104,2,490-500,11,explicit_numeric_range,false,unclassified,J. G. A. Pocock
crossref:10.1086/ahr/104.2.501,10.1086/ahr/104.2.501,1999,1999-04-01,1999-04-01,The Cold War: What Do “We Now Know”?,104,2,501-524,24,explicit_numeric_range,false,unclassified,Melvyn P. Leffler
crossref:10.1086/ahr/104.2.715,10.1086/ahr/104.2.715,1999,1999-04-01,1999-04-01,"Index to American Historical Review, April 1999",104,2,715-724,10,explicit_numeric_range,false,unclassified,
crossref:10.1086/ahr/104.3.1074,10.1086/ahr/104.3.1074,1999,1999-06-01,1999-06-01,"Index to American Historical Review, June 1999",104,3,1074-1084,11,explicit_numeric_range,false,unclassified,
crossref:10.1086/ahr/104.3.725,10.1086/ahr/104.3.725,1999,1999-06-01,1999-06-01,Historians on the Autobiographical Frontier,104,3,725-748,24,explicit_numeric_range,false,unclassified,Jeremy D. Popkin
crossref:10.1086/ahr/104.3.749,10.1086/ahr/104.3.749,1999,1999-06-01,1999-06-01,The Sensibility of Comfort,104,3,749-782,34,explicit_numeric_range,false,unclassified,John E. Crowley
crossref:10.1086/ahr/104.3.783,10.1086/ahr/104.3.783,1999,1999-06-01,1999-06-01,"Domesticity and Difference: Male Breadwinners, Working Women, and Colonial Citizenship in the 1945 Nigerian General Strike",104,3,783-812,30,explicit_numeric_range,false,unclassified,Lisa A. Lindsay
crossref:10.1086/ahr/104.3.814,10.1086/ahr/104.3.814,1999,1999-06-01,1999-06-01,"From Borderlands to Borders: Empires, Nation-States, and the Peoples in Between in North American History",104,3,814-841,28,explicit_numeric_range,false,unclassified,Jeremy Adelman | Stephen Aron
crossref:10.1086/ahr/104.3.842,10.1086/ahr/104.3.842,1999,1999-06-01,1999-06-01,Convergence or Divergence? Recent Historical Writings on the Rape of Nanjing,104,3,842-865,24,explicit_numeric_range,false,unclassified,Daqing Yang
crossref:10.1086/ahr/104.4.1085,10.1086/ahr/104.4.1085,1999,1999-10-01,1999-10-01,"Feminism, Social Science, and the Meanings of Modernity: The Debate on the Origin of the Family in Europe and the United States, 1860–1914",104,4,1085-1113,29,explicit_numeric_range,false,unclassified,Ann Taylor Allen
crossref:10.1086/ahr/104.4.1114,10.1086/ahr/104.4.1114,1999,1999-10-01,1999-10-01,"Nature, Nurture, and Memory in a Socialist Utopia: Delineating the Soviet Socio-Ethnic Body in the Age of Socialism",104,4,1114-1155,42,explicit_numeric_range,false,unclassified,Amir Weiner
crossref:10.1086/ahr/104.4.1157,10.1086/ahr/104.4.1157,1999,1999-10-01,1999-10-01,A Europe of Regions: Reflections on the Historiography of Sub-National Places in Modern Times,104,4,1157-1182,26,explicit_numeric_range,false,unclassified,Celia Applegate
crossref:10.1086/ahr/104.4.1183,10.1086/ahr/104.4.1183,1999,1999-10-01,1999-10-01,"Culture, Power, and Place: The New Landscapes of East Asian Regionalism",104,4,1183-1201,19,explicit_numeric_range,false,unclassified,Kären Wigen
crossref:10.1086/ahr/104.4.1208,10.1086/ahr/104.4.1208,1999,1999-10-01,1999-10-01,"Regionalism, Area Studies, and the Accidents of Agency",104,4,1208-1220,13,explicit_numeric_range,false,unclassified,Vicente L. Rafael
crossref:10.1086/ahr/104.4.1450,10.1086/ahr/104.4.1450,1999,1999-10-01,1999-10-01,"Index to American Historical Review, October 1999",104,4,1450-1459,10,explicit_numeric_range,false,unclassified,
crossref:10.1086/ahr/104.5.1461,10.1086/ahr/104.5.1461,1999,1999-12-01,1999-12-01,"Gender, Vice, and the Political Imaginary in Postrevolutionary France: Reinterpreting the Failure of the July Monarchy, 1830–1848",104,5,1461-1496,36,explicit_numeric_range,false,unclassified,Jo Burr Margadant
crossref:10.1086/ahr/104.5.1497,10.1086/ahr/104.5.1497,1999,1999-12-01,1999-12-01,Modernity Global and Local: Consumption and the Rise of the West,104,5,1497-1511,15,explicit_numeric_range,false,unclassified,Craig Clunas
crossref:10.1086/ahr/104.5.1513,10.1086/ahr/104.5.1513,1999,1999-12-01,1999-12-01,Chinese Millenarian Traditions: The Formative Age,104,5,1513-1530,18,explicit_numeric_range,false,unclassified,David Ownby
crossref:10.1086/ahr/104.5.1531,10.1086/ahr/104.5.1531,1999,1999-12-01,1999-12-01,Millenarian Slaves? The Santidade de Jaguaripe and Slave Resistance in the Americas,104,5,1531-1559,29,explicit_numeric_range,false,unclassified,Alida C. Metcalf
crossref:10.1086/ahr/104.5.1560,10.1086/ahr/104.5.1560,1999,1999-12-01,1999-12-01,Demagogues or Mystagogues? Gender and the Language of Prophecy in the Age of Democratic Revolutions,104,5,1560-1581,22,explicit_numeric_range,false,unclassified,Susan Juster
crossref:10.1086/ahr/104.5.1582,10.1086/ahr/104.5.1582,1999,1999-12-01,1999-12-01,“Redeemer Empire”: Russian Millenarianism,104,5,1582-1602,21,explicit_numeric_range,false,unclassified,David G. Rowley
crossref:10.1086/ahr/104.5.1603,10.1086/ahr/104.5.1603,1999,1999-12-01,1999-12-01,The Secret,104,5,1603-1614,12,explicit_numeric_range,false,unclassified,Richard K. Emmerson
crossref:10.1086/ahr/104.5.1615,10.1086/ahr/104.5.1615,1999,1999-12-01,1999-12-01,"Time, Culture, and Christian Eschatology: The Year 2000 in the West and the World",104,5,1615-1628,14,explicit_numeric_range,false,unclassified,Paul A. Cohen
crossref:10.1086/ahr/104.5.1833,10.1086/ahr/104.5.1833,1999,1999-12-01,1999-12-01,"Index to American Historical Review, Volume 104",104,5,1833-1878,46,explicit_numeric_range,false,unclassified,
crossref:10.1086/ahr/105.1.1,10.1086/ahr/105.1.1,2000,2000-02-01,2000-02-01,An Early Information Society: News and the Media in Eighteenth-Century Paris,105,1,1-35,35,explicit_numeric_range,false,unclassified,Robert Darnton
crossref:10.1086/ahr/105.1.103,10.1086/ahr/105.1.103,2000,2000-02-01,2000-02-01,The Haitian Revolution,105,1,103-115,13,explicit_numeric_range,false,unclassified,Franklin W. Knight
crossref:10.1086/ahr/105.1.116,10.1086/ahr/105.1.116,2000,2000-02-01,2000-02-01,The Process of Mexican Independence,105,1,116-130,15,explicit_numeric_range,false,unclassified,Virginia Guedea
crossref:10.1086/ahr/105.1.131,10.1086/ahr/105.1.131,2000,2000-02-01,2000-02-01,The Emancipation of America,105,1,131-152,22,explicit_numeric_range,false,unclassified,Jaime E. Rodríguez O.
crossref:10.1086/ahr/105.1.153,10.1086/ahr/105.1.153,2000,2000-02-01,2000-02-01,Restarting Chinese History,105,1,153-164,12,explicit_numeric_range,false,unclassified,Merle Goldman
crossref:10.1086/ahr/105.1.349,10.1086/ahr/105.1.349,2000,2000-02-01,2000-02-01,"Index to American Historical Review, February 2000",105,1,349-358,10,explicit_numeric_range,false,unclassified,
crossref:10.1086/ahr/105.1.36,10.1086/ahr/105.1.36,2000,2000-02-01,2000-02-01,The Animated Pain of the Body,105,1,36-68,33,explicit_numeric_range,false,unclassified,Esther Cohen
crossref:10.1086/ahr/105.1.69,10.1086/ahr/105.1.69,2000,2000-02-01,2000-02-01,"Crossers of the Sea: Slaves, Freedmen, and Other Migrants in the Northwestern Indian Ocean, c. 1750–1914",105,1,69-91,23,explicit_numeric_range,false,unclassified,Janet J. Ewald
crossref:10.1086/ahr/105.1.93,10.1086/ahr/105.1.93,2000,2000-02-01,2000-02-01,The American Revolution,105,1,93-102,10,explicit_numeric_range,false,unclassified,Jack P. Greene
crossref:10.1086/ahr/105.2.359,10.1086/ahr/105.2.359,2000,2000-04-01,2000-04-01,"Honor, Masculinity, and Ritual Knife Fighting in Nineteenth-Century Greece",105,2,359-382,24,explicit_numeric_range,false,unclassified,Thomas W. Gallant
crossref:10.1086/ahr/105.2.383,10.1086/ahr/105.2.383,2000,2000-04-01,2000-04-01,Modernization from the Other Shore: American Observers and the Costs of Soviet Economic Development,105,2,383-416,34,explicit_numeric_range,false,unclassified,David C. Engerman
crossref:10.1086/ahr/105.2.417,10.1086/ahr/105.2.417,2000,2000-04-01,2000-04-01,"A Time of Reconquest: History, the Maya Revival, and the Zapatista Rebellion in Chiapas",105,2,417-450,34,explicit_numeric_range,false,unclassified,Thomas Benjamin
crossref:10.1086/ahr/105.2.452,10.1086/ahr/105.2.452,2000,2000-04-01,2000-04-01,Looking at Slavery from Broader Perspectives,105,2,452-466,15,explicit_numeric_range,false,unclassified,David Brion Davis
crossref:10.1086/ahr/105.3.1085,10.1086/ahr/105.3.1085,2000,2000-06-01,2000-06-01,"Index to American Historical Review, June 2000",105,3,1085-1094,10,explicit_numeric_range,false,unclassified,
crossref:10.1086/ahr/105.3.691,10.1086/ahr/105.3.691,2000,2000-06-01,2000-06-01,"Conspiracy Obsession in a Time of Revolution: French Elites and the Origins of the Terror, 1789–1792",105,3,691-713,23,explicit_numeric_range,false,unclassified,Timothy Tackett
crossref:10.1086/ahr/105.3.714,10.1086/ahr/105.3.714,2000,2000-06-01,2000-06-01,"When Mexico Had the Blues: A Transatlantic Tale of Bonds, Bankers, and Nationalists, 1862–1910",105,3,714-738,25,explicit_numeric_range,false,unclassified,Steven C. Topik
crossref:10.1086/ahr/105.3.739,10.1086/ahr/105.3.739,2000,2000-06-01,2000-06-01,Taking Off the Cold War Lens: Visions of North-South Conflict during the Algerian War for Independence,105,3,739-769,31,explicit_numeric_range,false,unclassified,Matthew Connelly
crossref:10.1086/ahr/105.3.770,10.1086/ahr/105.3.770,2000,2000-06-01,2000-06-01,“Western Civ” and the Staging of History in American Higher Education,105,3,770-805,36,explicit_numeric_range,false,unclassified,Daniel A. Segal
crossref:10.1086/ahr/105.3.807,10.1086/ahr/105.3.807,2000,2000-06-01,2000-06-01,Consigning the Twentieth Century to History: Alternative Narratives for the Modern Era,105,3,807-831,25,explicit_numeric_range,false,unclassified,Charles S. Maier
crossref:10.1086/ahr/105.3.832,10.1086/ahr/105.3.832,2000,2000-06-01,2000-06-01,Bringing the Peasants Back In: Agrarian Themes in the Construction and Corrosion of Statist Historiography in Rwanda,105,3,832-877,46,explicit_numeric_range,false,unclassified,David Newbury | Catharine Newbury
crossref:10.1086/ahr/105.4.1095,10.1086/ahr/105.4.1095,2000,2000-10-01,2000-10-01,"Religion Makes a Difference: Clerical and Lay Cultures in the Courts of Northern Italy, 1000–1300",105,4,1095-1130,36,explicit_numeric_range,false,unclassified,Maureen C. Miller
crossref:10.1086/ahr/105.4.1131,10.1086/ahr/105.4.1131,2000,2000-10-01,2000-10-01,“A Laudable Pride in the Whole of Us”: City Halls and Civic Materialism,105,4,1131-1170,40,explicit_numeric_range,false,unclassified,Mary P. Ryan
crossref:10.1086/ahr/105.4.1171,10.1086/ahr/105.4.1171,2000,2000-10-01,2000-10-01,Hallmarks of Humanism: Hygiene and Love of Homeland in Qajar Iran,105,4,1171-1203,33,explicit_numeric_range,false,unclassified,Firoozeh Kashani-Sabet
crossref:10.1086/ahr/105.4.1205,10.1086/ahr/105.4.1205,2000,2000-10-01,2000-10-01,Saidism without Said: Orientalism and U.S. Diplomatic History,105,4,1205-1217,13,explicit_numeric_range,false,unclassified,Andrew J. Rotter
crossref:10.1086/ahr/105.4.1218,10.1086/ahr/105.4.1218,2000,2000-10-01,2000-10-01,"Orientalism, the Balkans, and Balkan Historiography",105,4,1218-1233,16,explicit_numeric_range,false,unclassified,K. E. Fleming
crossref:10.1086/ahr/105.4.1234,10.1086/ahr/105.4.1234,2000,2000-10-01,2000-10-01,Coming Out of Exile: Dante on the Orient(alism) Express,105,4,1234-1249,16,explicit_numeric_range,false,unclassified,Kathleen Biddick
crossref:10.1086/ahr/105.4.1250,10.1086/ahr/105.4.1250,2000,2000-10-01,2000-10-01,"Active/Passive, Acts/Passions: Greek and Roman Sexualities",105,4,1250-1265,16,explicit_numeric_range,false,unclassified,Ruth Mazo Karras
crossref:10.1086/ahr/105.4.1442,10.1086/ahr/105.4.1442,2000,2000-10-01,2000-10-01,Collected Essays,105,4,1442-1452,11,explicit_numeric_range,false,unclassified,
crossref:10.1086/ahr/105.4.1457,10.1086/ahr/105.4.1457,2000,2000-10-01,2000-10-01,Other Books Received,105,4,1457-1468,12,explicit_numeric_range,false,unclassified,
crossref:10.1086/ahr/105.4.1478,10.1086/ahr/105.4.1478,2000,2000-10-01,2000-10-01,"Index to American Historical Review, October 2000",105,4,1478-1488,11,explicit_numeric_range,false,unclassified,
crossref:10.1086/ahr/105.5.1489,10.1086/ahr/105.5.1489,2000,2000-12-01,2000-12-01,Medieval Identity: A Sign and a Concept,105,5,1489-1533,45,explicit_numeric_range,false,unclassified,Brigitte Miriam Bedos-Rezak
crossref:10.1086/ahr/105.5.1534,10.1086/ahr/105.5.1534,2000,2000-12-01,2000-12-01,The Demographic Cost of Sugar: Debates on Slave Societies and Natural Increase in the Americas,105,5,1534-1575,42,explicit_numeric_range,false,unclassified,Michael Tadman
crossref:10.1086/ahr/105.5.1576,10.1086/ahr/105.5.1576,2000,2000-12-01,2000-12-01,"The Threads of Class at La Virgen: Misrepresentation and Identity at a Mexican Textile Mill, 1918–1935",105,5,1576-1598,23,explicit_numeric_range,false,unclassified,Christopher R. Boyer
crossref:10.1086/ahr/105.5.1600,10.1086/ahr/105.5.1600,2000,2000-12-01,2000-12-01,The Male Bond in Chinese History and Culture,105,5,1600-1614,15,explicit_numeric_range,false,unclassified,Susan Mann
crossref:10.1086/ahr/105.5.1615,10.1086/ahr/105.5.1615,2000,2000-12-01,2000-12-01,The Fifth Relationship: Dangerous Friendships in the Confucian Context,105,5,1615-1629,15,explicit_numeric_range,false,unclassified,Norman Kutcher
crossref:10.1086/ahr/105.5.1630,10.1086/ahr/105.5.1630,2000,2000-12-01,2000-12-01,Fraternity and Fratricide in Late Imperial China,105,5,1630-1640,11,explicit_numeric_range,false,unclassified,Adrian Davis
crossref:10.1086/ahr/105.5.1641,10.1086/ahr/105.5.1641,2000,2000-12-01,2000-12-01,“Righteous Fraternities” and Honorable Men: Sworn Brotherhoods in Wartime Chongqing,105,5,1641-1655,15,explicit_numeric_range,false,unclassified,Lee McIsaac
crossref:10.1086/ahr/105.5.1656,10.1086/ahr/105.5.1656,2000,2000-12-01,2000-12-01,"Kinship, Male Bonds, and Masculinity in Comparative Perspective",105,5,1656-1666,11,explicit_numeric_range,false,unclassified,Robert A. Nye
crossref:10.1086/ahr/105.5.1873,10.1086/ahr/105.5.1873,2000,2000-12-01,2000-12-01,"Index to American Historical Review, Volume 105",105,5,1873-1918,46,explicit_numeric_range,false,unclassified,
crossref:10.1086/ahr/106.1.1,10.1086/ahr/106.1.1,2001,2001-02-01,2001-02-01,American Freedom in a Global Age,106,1,1-16,16,explicit_numeric_range,false,unclassified,Eric Foner
crossref:10.1086/ahr/106.1.119,10.1086/ahr/106.1.119,2001,2001-02-01,2001-02-01,Smelling Like a Market,106,1,119-129,11,explicit_numeric_range,false,unclassified,Fernando Coronil
crossref:10.1086/ahr/106.1.17,10.1086/ahr/106.1.17,2001,2001-02-01,2001-02-01,Gridded Lives: Why Kazakhstan and Montana are Nearly the Same Place,106,1,17-48,32,explicit_numeric_range,false,unclassified,Kate Brown
crossref:10.1086/ahr/106.1.320,10.1086/ahr/106.1.320,2001,2001-02-01,2001-02-01,Other Books Received,106,1,320-329,10,explicit_numeric_range,false,unclassified,
crossref:10.1086/ahr/106.1.331,10.1086/ahr/106.1.331,2001,2001-02-01,2001-02-01,"Index to American Historical Review, February 2001",106,1,331-341,11,explicit_numeric_range,false,unclassified,
crossref:10.1086/ahr/106.1.49,10.1086/ahr/106.1.49,2001,2001-02-01,2001-02-01,"“Green Havoc”: Panama Disease, Environmental Change, and Labor Process in the Central American Banana Industry",106,1,49-80,32,explicit_numeric_range,false,unclassified,Steve Marquardt
crossref:10.1086/ahr/106.1.81,10.1086/ahr/106.1.81,2001,2001-02-01,2001-02-01,Popular Films and Colonial Audiences: The Movies in Northern Rhodesia,106,1,81-105,25,explicit_numeric_range,false,unclassified,Charles Ambler
crossref:10.1086/ahr/106.2.343,10.1086/ahr/106.2.343,2001,2001-04-01,2001-04-01,Sleep We Have Lost: Pre-industrial Slumber in the British Isles,106,2,343-386,44,explicit_numeric_range,false,unclassified,A. Roger Ekirch
crossref:10.1086/ahr/106.2.387,10.1086/ahr/106.2.387,2001,2001-04-01,2001-04-01,"Mother Ada Wright and the International Campaign to Free the Scottsboro Boys, 1931–1934",106,2,387-430,44,explicit_numeric_range,false,unclassified,James A. Miller | Susan D. Pennybacker | Eve Rosenhaft
crossref:10.1086/ahr/106.2.431,10.1086/ahr/106.2.431,2001,2001-04-01,2001-04-01,“A New World for Women”? Abortion Law Reform in Britain during the 1930s,106,2,431-459,29,explicit_numeric_range,false,unclassified,Stephen Brooke
crossref:10.1086/ahr/106.2.460,10.1086/ahr/106.2.460,2001,2001-04-01,2001-04-01,Was the Third Reich Movie-Made? Interdisciplinarity and the Reframing of “Ideology”,106,2,460-484,25,explicit_numeric_range,false,unclassified,Scott Spector
crossref:10.1086/ahr/106.2.485,10.1086/ahr/106.2.485,2001,2001-04-01,2001-04-01,The Great Bophuthatswana Donkey Massacre: Discourse on the Ass and the Politics of Class and Grass,106,2,485-507,23,explicit_numeric_range,false,unclassified,Nancy J. Jacobs
crossref:10.1086/ahr/106.2.508,10.1086/ahr/106.2.508,2001,2001-04-01,2001-04-01,The Fates of Human Societies: A Review of Recent Macrohistories,106,2,508-525,18,explicit_numeric_range,false,unclassified,Gale Stokes
crossref:10.1086/ahr/106.2.724,10.1086/ahr/106.2.724,2001,2001-04-01,2001-04-01,"Index to American Historical Review, April 2001",106,2,724-733,10,explicit_numeric_range,false,unclassified,
crossref:10.1086/ahr/106.3.1130,10.1086/ahr/106.3.1130,2001,2001-06-01,2001-06-01,"Index to American Historical Review, June 2001",106,3,1130-1139,10,explicit_numeric_range,false,unclassified,
crossref:10.1086/ahr/106.3.735,10.1086/ahr/106.3.735,2001,2001-06-01,2001-06-01,Dynastic Conservatism and Poetic Violence in Fin-de-Siècle Cracow: The Habsburg Matrix of Polish Modernism,106,3,735-764,30,explicit_numeric_range,false,unclassified,Larry Wolff
crossref:10.1086/ahr/106.3.765,10.1086/ahr/106.3.765,2001,2001-06-01,2001-06-01,"Talent, Virtue, and the Nation: Chinese Nationalisms and Female Subjectivities in the Early Twentieth Century",106,3,765-803,39,explicit_numeric_range,false,unclassified,Joan Judge
crossref:10.1086/ahr/106.3.805,10.1086/ahr/106.3.805,2001,2001-06-01,2001-06-01,Saving Private Ryan and Postwar Memory in America,106,3,805-817,13,explicit_numeric_range,false,unclassified,John Bodnar
crossref:10.1086/ahr/106.3.818,10.1086/ahr/106.3.818,2001,2001-06-01,2001-06-01,"Finding the People's War: Film, British Collective Memory, and World War II",106,3,818-838,21,explicit_numeric_range,false,unclassified,Geoff Eley
crossref:10.1086/ahr/106.3.839,10.1086/ahr/106.3.839,2001,2001-06-01,2001-06-01,A War Remembered: Soviet Films of the Great Patriotic War,106,3,839-856,18,explicit_numeric_range,false,unclassified,Denise J. Youngblood
crossref:10.1086/ahr/106.3.866,10.1086/ahr/106.3.866,2001,2001-06-01,2001-06-01,"Land, Labor, and Difference: Elementary Structures of Race",106,3,866-905,40,explicit_numeric_range,false,unclassified,Patrick Wolfe
crossref:10.1086/ahr/106.3.906,10.1086/ahr/106.3.906,2001,2001-06-01,2001-06-01,Remembered Realms: Pierre Nora and French National Memory,106,3,906-922,17,explicit_numeric_range,false,unclassified,Hue-Tam Ho Tai
crossref:10.1086/ahr/106.4.1141,10.1086/ahr/106.4.1141,2001,2001-10-01,2001-10-01,"The Strange Death of Margarita Marcellini: Male, Signs, and the Everyday World of Pre-Modern Medicine",106,4,1141-1158,18,explicit_numeric_range,false,unclassified,Guido Ruggiero
crossref:10.1086/ahr/106.4.1159,10.1086/ahr/106.4.1159,2001,2001-10-01,2001-10-01,"Something She Called a Fever: Michelet, Derrida, and Dust",106,4,1159-1180,22,explicit_numeric_range,false,unclassified,Carolyn Steedman
crossref:10.1086/ahr/106.4.1181,10.1086/ahr/106.4.1181,2001,2001-10-01,2001-10-01,Gendering Production in Wartime South Africa,106,4,1181-1213,33,explicit_numeric_range,false,unclassified,Nancy L. Clark
crossref:10.1086/ahr/106.4.1215,10.1086/ahr/106.4.1215,2001,2001-10-01,2001-10-01,"AHR Forum The Unbearable Lightness of Being French: Law, Republicanism and National Identity at the End of the Old Regime",106,4,1215-1235,21,explicit_numeric_range,false,unclassified,David A. Bell
crossref:10.1086/ahr/106.4.1236,10.1086/ahr/106.4.1236,2001,2001-10-01,2001-10-01,The English Problem of Identity in the American Revolution,106,4,1236-1262,27,explicit_numeric_range,false,unclassified,Dror Wahrman
crossref:10.1086/ahr/106.4.1263,10.1086/ahr/106.4.1263,2001,2001-10-01,2001-10-01,"AHR Forum “Look on This Picture … and on This!” Nationalism, Localism, and Partisan Images of Otherness in the United States, 1787–1820",106,4,1263-1280,18,explicit_numeric_range,false,unclassified,Andrew W. Robertson
crossref:10.1086/ahr/106.4.1290,10.1086/ahr/106.4.1290,2001,2001-10-01,2001-10-01,On Political Citizenship in Nineteenth-Century Latin America,106,4,1290-1315,26,explicit_numeric_range,false,unclassified,Hilda Sabato
crossref:10.1086/ahr/106.4.1524,10.1086/ahr/106.4.1524,2001,2001-10-01,2001-10-01,Other Books Received,106,4,1524-1533,10,explicit_numeric_range,false,unclassified,
crossref:10.1086/ahr/106.4.1541,10.1086/ahr/106.4.1541,2001,2001-10-01,2001-10-01,"Index to American Historical Review, October 2001",106,4,1541-1551,11,explicit_numeric_range,false,unclassified,
crossref:10.1086/ahr/106.5.1553,10.1086/ahr/106.5.1553,2001,2001-12-01,2001-12-01,Sartorial Ideologies: From Homespun to Ready-Made,106,5,1553-1586,34,explicit_numeric_range,false,unclassified,Michael Zakim
crossref:10.1086/ahr/106.5.1587,10.1086/ahr/106.5.1587,2001,2001-12-01,2001-12-01,"Specters of History: On Nostalgia, Exile, and Modernity",106,5,1587-1618,32,explicit_numeric_range,false,unclassified,Peter Fritzsche
crossref:10.1086/ahr/106.5.1619,10.1086/ahr/106.5.1619,2001,2001-12-01,2001-12-01,"“Cuffy,” “Fancy Maids,” and “One-Eyed Men”: Rape, Commodification, and the Domestic Slave Trade in the United States",106,5,1619-1650,32,explicit_numeric_range,false,unclassified,Edward E. Baptist
crossref:10.1086/ahr/106.5.1651,10.1086/ahr/106.5.1651,2001,2001-12-01,2001-12-01,"Stalin, Man of the Borderlands",106,5,1651-1691,41,explicit_numeric_range,false,unclassified,Alfred J. Rieber
crossref:10.1086/ahr/106.5.1692,10.1086/ahr/106.5.1692,2001,2001-12-01,2001-12-01,From Settler Colony to Global Hegemon: Integrating the Exceptionalist Narrative of the American Experience into World History,106,5,1692-1720,29,explicit_numeric_range,false,unclassified,Michael Adas
crossref:10.1086/ahr/106.5.1721,10.1086/ahr/106.5.1721,2001,2001-12-01,2001-12-01,Walter Benjamin for Historians,106,5,1721-1743,23,explicit_numeric_range,false,unclassified,Vanessa R. Schwartz
crossref:10.1086/ahr/106.5.1921,10.1086/ahr/106.5.1921,2001,2001-12-01,2001-12-01,Collected Essays,106,5,1921-1931,11,explicit_numeric_range,false,unclassified,
crossref:10.1086/ahr/106.5.1944,10.1086/ahr/106.5.1944,2001,2001-12-01,2001-12-01,"Index to American Historical Review, 106",106,5,1944-1991,48,explicit_numeric_range,false,unclassified,
crossref:10.1086/532094,10.1086/532094,2002,2002-02,,The Dissolution of the British Empire in the Era of Vietnam,107,1,1-25,25,explicit_numeric_range,false,unclassified,Wm. Roger Louis
crossref:10.1086/532095,10.1086/532095,2002,2002-02,,"Seeing Double: John Gerson, the Discernment of Spirits, and Joan of Arc",107,1,26-54,29,explicit_numeric_range,false,unclassified,Dyan Elliott
crossref:10.1086/532096,10.1086/532096,2002,2002-02,,"Cosmopolitan Domesticity: Importing the American Dream, 1865-1920",107,1,55-83,29,explicit_numeric_range,false,unclassified,Kristin Hoganson
crossref:10.1086/532098,10.1086/532098,2002,2002-02,,An Unacknowledge Revolution Revisited,107,1,87-105,19,explicit_numeric_range,false,unclassified,Elizabeth L. Eisenstein
crossref:10.1086/532099,10.1086/532099,2002,2002-02,,How to Acknowledge a Revolution,107,1,106-125,20,explicit_numeric_range,false,unclassified,Adrian Johns
crossref:10.1086/532101,10.1086/532101,2002,2002-02,,Strategies of Narrative Synthesis in American History,107,1,129-153,25,explicit_numeric_range,false,unclassified,Thomas Bender
crossref:10.1086/ahr/107.1.1,10.1086/ahr/107.1.1,2002,2002-02-01,2002-02-01,The Dissolution of the British Empire in the Era of Vietnam,107,1,1-25,25,explicit_numeric_range,false,unclassified,Wm. Roger Louis
crossref:10.1086/ahr/107.1.106,10.1086/ahr/107.1.106,2002,2002-02-01,2002-02-01,How to Acknowledge a Revolution,107,1,106-125,20,explicit_numeric_range,false,unclassified,Adrian Johns
crossref:10.1086/ahr/107.1.129,10.1086/ahr/107.1.129,2002,2002-02-01,2002-02-01,Strategies of Narrative Synthesis in American History,107,1,129-153,25,explicit_numeric_range,false,unclassified,Thomas Bender
crossref:10.1086/ahr/107.1.26,10.1086/ahr/107.1.26,2002,2002-02-01,2002-02-01,"Seeing Double: John Gerson, the Discernment of Spirits, and Joan of Arc",107,1,26-54,29,explicit_numeric_range,false,unclassified,Dyan Elliott
crossref:10.1086/ahr/107.1.55,10.1086/ahr/107.1.55,2002,2002-02-01,2002-02-01,"Cosmopolitan Domesticity: Importing the American Dream, 1865–1920",107,1,55-83,29,explicit_numeric_range,false,unclassified,Kristin Hoganson
crossref:10.1086/ahr/107.1.87,10.1086/ahr/107.1.87,2002,2002-02-01,2002-02-01,An Unacknowledged Revolution Revisited,107,1,87-105,19,explicit_numeric_range,false,unclassified,Elizabeth L. Eisenstein
crossref:10.1086/532290,10.1086/532290,2002,2002-04,,From Famine to Five Points: Lord Lansdowne's Irish Tenants Encounter North America's Most Notorious Slum,107,2,351-387,37,explicit_numeric_range,false,unclassified,Tyler Anbinder
crossref:10.1086/532291,10.1086/532291,2002,2002-04,,Of Civilization and Savages: The Mimetic Imperialism of Japan's 1874 Expedition to Taiwan,107,2,388-418,31,explicit_numeric_range,false,unclassified,Robert Eskildsen
crossref:10.1086/532293,10.1086/532293,2002,2002-04,,"Political Economy and Ecology on the Eve of Industrialization: Europe, China, and the Global Conjuncture",107,2,425-446,22,explicit_numeric_range,false,unclassified,Kenneth Pomeranz
crossref:10.1086/532294,10.1086/532294,2002,2002-04,,The Search for European Differences and Domination in the Early Modern World: A View from Asia,107,2,447-469,23,explicit_numeric_range,false,unclassified,R. Bin Wong
crossref:10.1086/532295,10.1086/532295,2002,2002-04,,Modern Inequality and Early Modernity: A Comment for the AHR on Articles by R. Bin Wong and Kenneth Pomeranz,107,2,470-480,11,explicit_numeric_range,false,unclassified,David Ludden
crossref:10.1086/532296,10.1086/532296,2002,2002-04,,"News, Public, Nation",107,2,481-495,15,explicit_numeric_range,false,unclassified,Michael Schudson
crossref:10.1086/ahr/107.2.351,10.1086/ahr/107.2.351,2002,2002-04-01,2002-04-01,From Famine to Five Points: Lord Lansdowne's Irish Tenants Encounter North America's Most Notorious Slum,107,2,351-387,37,explicit_numeric_range,false,unclassified,Tyler Anbinder
crossref:10.1086/ahr/107.2.388,10.1086/ahr/107.2.388,2002,2002-04-01,2002-04-01,Of Civilization and Savages: The Mimetic Imperialism of Japan's 1874 Expedition to Taiwan,107,2,388-418,31,explicit_numeric_range,false,unclassified,Robert Eskildsen
crossref:10.1086/ahr/107.2.425,10.1086/ahr/107.2.425,2002,2002-04-01,2002-04-01,"Political Economy and Ecology on the Eve of Industrialization: Europe, China, and the Global Conjuncture",107,2,425-446,22,explicit_numeric_range,false,unclassified,Kenneth Pomeranz
crossref:10.1086/ahr/107.2.447,10.1086/ahr/107.2.447,2002,2002-04-01,2002-04-01,The Search for European Differences and Domination in the Early Modern World: A View from Asia,107,2,447-469,23,explicit_numeric_range,false,unclassified,R. Bin Wong
crossref:10.1086/ahr/107.2.470,10.1086/ahr/107.2.470,2002,2002-04-01,2002-04-01,Modern Inequality and Early Modernity: A Comment for the AHR on Articles by R. Bin Wong and Kenneth Pomeranz,107,2,470-480,11,explicit_numeric_range,false,unclassified,David Ludden
crossref:10.1086/ahr/107.2.481,10.1086/ahr/107.2.481,2002,2002-04-01,2002-04-01,"News, Public, Nation",107,2,481-495,15,explicit_numeric_range,false,unclassified,Michael Schudson
crossref:10.1086/532493,10.1086/532493,2002,2002-06,,The Black Death: End of a Paradigm,107,3,703-738,36,explicit_numeric_range,false,unclassified,"Samuel K. Cohn, Jr."
crossref:10.1086/532494,10.1086/532494,2002,2002-06,,"Gender, Religion, and Early Modern Nationalism: Elizabeth I, Mary Queen of Scots, and the Genesis of English Anti-Catholicism",107,3,739-767,29,explicit_numeric_range,false,unclassified,Anne McLaren
crossref:10.1086/532495,10.1086/532495,2002,2002-06,,Ottoman Orientalism,107,3,768-796,29,explicit_numeric_range,false,unclassified,Ussama Makdisi
crossref:10.1086/532497,10.1086/532497,2002,2002-06,,"Down to Earth: Nature, Agency, and Power in History",107,3,798-820,23,explicit_numeric_range,false,unclassified,Ted Steinberg
crossref:10.1086/532498,10.1086/532498,2002,2002-06,,Worrying about Emotions in History,107,3,821-845,25,explicit_numeric_range,false,unclassified,Barbara H. Rosenwein
crossref:10.1086/532658,10.1086/532658,2002,2002-06,,Collected Essays,107,3,993-1004,12,explicit_numeric_range,false,unclassified,
crossref:10.1086/532660,10.1086/532660,2002,2002-06,,Other Books Received,107,3,1008-1018,11,explicit_numeric_range,false,unclassified,
crossref:10.1086/ahr/107.3.1008,10.1086/ahr/107.3.1008,2002,2002-06-01,2002-06-01,Other Books Received,107,3,1008-1018,11,explicit_numeric_range,false,unclassified,
crossref:10.1086/ahr/107.3.703,10.1086/ahr/107.3.703,2002,2002-06-01,2002-06-01,The Black Death: End of a Paradigm,107,3,703-738,36,explicit_numeric_range,false,unclassified,Samuel K. Cohn
crossref:10.1086/ahr/107.3.739,10.1086/ahr/107.3.739,2002,2002-06-01,2002-06-01,"Gender, Religion, and Early Modern Nationalism: Elizabeth I, Mary Queen of Scots, and the Genesis of English Anti-Catholicism",107,3,739-767,29,explicit_numeric_range,false,unclassified,Anne McLaren
crossref:10.1086/ahr/107.3.768,10.1086/ahr/107.3.768,2002,2002-06-01,2002-06-01,Ottoman Orientalism,107,3,768-796,29,explicit_numeric_range,false,unclassified,Ussama Makdisi
crossref:10.1086/ahr/107.3.798,10.1086/ahr/107.3.798,2002,2002-06-01,2002-06-01,"Down to Earth: Nature, Agency, and Power in History",107,3,798-820,23,explicit_numeric_range,false,unclassified,Ted Steinberg
crossref:10.1086/ahr/107.3.821,10.1086/ahr/107.3.821,2002,2002-06-01,2002-06-01,Worrying about Emotions in History,107,3,821-845,25,explicit_numeric_range,false,unclassified,Barbara H. Rosenwein
crossref:10.1086/ahr/107.3.993,10.1086/ahr/107.3.993,2002,2002-06-01,2002-06-01,Collected Essays,107,3,993-1004,12,explicit_numeric_range,false,unclassified,
crossref:10.1086/532663,10.1086/532663,2002,2002-10,,Fictions of Privacy: House Chapels and the Spatial Accommodation of Religious Dissent in Early Modern Europe,107,4,1031-1064,34,explicit_numeric_range,false,unclassified,Benjamin J. Kaplan
crossref:10.1086/532664,10.1086/532664,2002,2002-10,,"Conversion, Sex, and Segregation: Jews and Christians in Medieval Spain",107,4,1065-1093,29,explicit_numeric_range,false,unclassified,David Nirenberg
crossref:10.1086/532665,10.1086/532665,2002,2002-10,,"Subjects into Citizens: Societies, Civil Society, and Autocracy in Tsarist Russia",107,4,1094-1123,30,explicit_numeric_range,false,unclassified,Joseph Bradley
crossref:10.1086/532666,10.1086/532666,2002,2002-10,,"Buffalo Bill Meets Dracula: William F. Cody, Bram Stoker, and the Frontiers of Racial Decay",107,4,1124-1157,34,explicit_numeric_range,false,unclassified,Louis S. Warren
crossref:10.1086/532667,10.1086/532667,2002,2002-10,,Violence and the State in the Twentieth Century,107,4,1158-1178,21,explicit_numeric_range,false,unclassified,Mark Mazower
crossref:10.1086/532847,10.1086/532847,2002,2002-10,,Collected Essays,107,4,1339-1349,11,explicit_numeric_range,false,unclassified,
crossref:10.1086/532849,10.1086/532849,2002,2002-10,,Other Books Received,107,4,1353-1366,14,explicit_numeric_range,false,unclassified,
crossref:10.1086/ahr/107.4.1031,10.1086/ahr/107.4.1031,2002,2002-10-01,2002-10-01,Fictions of Privacy: House Chapels and the Spatial Accommodation of Religious Dissent in Early Modern Europe,107,4,1031-1064,34,explicit_numeric_range,false,unclassified,Benjamin J. Kaplan
crossref:10.1086/ahr/107.4.1065,10.1086/ahr/107.4.1065,2002,2002-10-01,2002-10-01,"Conversion, Sex, and Segregation: Jews and Christians in Medieval Spain",107,4,1065-1093,29,explicit_numeric_range,false,unclassified,David Nirenberg
crossref:10.1086/ahr/107.4.1094,10.1086/ahr/107.4.1094,2002,2002-10-01,2002-10-01,"Subjects into Citizens: Societies, Civil Society, and Autocracy in Tsarist Russia",107,4,1094-1123,30,explicit_numeric_range,false,unclassified,Joseph Bradley
crossref:10.1086/ahr/107.4.1124,10.1086/ahr/107.4.1124,2002,2002-10-01,2002-10-01,"Buffalo Bill Meets Dracula: William F. Cody, Bram Stoker, and the Frontiers of Racial Decay",107,4,1124-1157,34,explicit_numeric_range,false,unclassified,Louis S. Warren
crossref:10.1086/ahr/107.4.1158,10.1086/ahr/107.4.1158,2002,2002-10-01,2002-10-01,Review Essay Violence and the State in the Twentieth Century,107,4,1158-1178,21,explicit_numeric_range,false,unclassified,Mark Mazower
crossref:10.1086/ahr/107.4.1339,10.1086/ahr/107.4.1339,2002,2002-10-01,2002-10-01,Collected Essays,107,4,1339-1349,11,explicit_numeric_range,false,unclassified,
crossref:10.1086/ahr/107.4.1353,10.1086/ahr/107.4.1353,2002,2002-10-01,2002-10-01,Other Books Received,107,4,1353-1366,14,explicit_numeric_range,false,unclassified,
crossref:10.1086/ahr/107.4.1369,10.1086/ahr/107.4.1369,2002,2002-10-01,2002-10-01,"Index to American Historical Review, October 2002",107,4,1369-1378,10,explicit_numeric_range,false,unclassified,
crossref:10.1086/532851,10.1086/532851,2002,2002-12,,The Devil in the Convent,107,5,1379-1411,33,explicit_numeric_range,false,unclassified,Moshe Sluhovsky
crossref:10.1086/532852,10.1086/532852,2002,2002-12,,From Majesty to Mystery: Change in the Meanings of Black Madonnas from the Sixteenth to Nineteenth Centuries,107,5,1412-1440,29,explicit_numeric_range,false,unclassified,Monique Scheer
crossref:10.1086/532853,10.1086/532853,2002,2002-12,,"A Small Way of Saying ""No"": Moscow Working Men, Spartak Soccer, and the Communist Party, 1900-1945",107,5,1441-1474,34,explicit_numeric_range,false,unclassified,Robert Edelman
crossref:10.1086/532855,10.1086/532855,2002,2002-12,,Back and beyond: Reversing the Cultural Turn?,107,5,1476-1499,24,explicit_numeric_range,false,unclassified,Ronald Grigor Suny
crossref:10.1086/532856,10.1086/532856,2002,2002-12,,"A Response to ""Beyond the Cultural Turn""",107,5,1500-1511,12,explicit_numeric_range,false,unclassified,Patrick Brantlinger
crossref:10.1086/ahr/107.5.1379,10.1086/ahr/107.5.1379,2002,2002-12-01,2002-12-01,The Devil in the Convent,107,5,1379-1411,33,explicit_numeric_range,false,unclassified,Moshe Sluhovsky
crossref:10.1086/ahr/107.5.1412,10.1086/ahr/107.5.1412,2002,2002-12-01,2002-12-01,From Majesty to Mystery: Change in the Meanings of Black Madonnas from the Sixteenth to Nineteenth Centuries,107,5,1412-1440,29,explicit_numeric_range,false,unclassified,Monique Scheer
crossref:10.1086/ahr/107.5.1441,10.1086/ahr/107.5.1441,2002,2002-12-01,2002-12-01,"A Small Way of Saying “No”: Moscow Working Men, Spartak Soccer, and the Communist Party, 1900–1945",107,5,1441-1474,34,explicit_numeric_range,false,unclassified,Robert Edelman
crossref:10.1086/ahr/107.5.1476,10.1086/ahr/107.5.1476,2002,2002-12-01,2002-12-01,Back and Beyond: Reversing the Cultural Turn?,107,5,1476-1499,24,explicit_numeric_range,false,unclassified,Ronald Grigor Suny
crossref:10.1086/ahr/107.5.1500,10.1086/ahr/107.5.1500,2002,2002-12-01,2002-12-01,A Response to Beyond the Cultural Turn,107,5,1500-1511,12,explicit_numeric_range,false,unclassified,Patrick Brantlinger
crossref:10.1086/ahr/107.5.1706,10.1086/ahr/107.5.1706,2002,2002-12-01,2002-12-01,"Index to American Historical Review, Volume 107",107,5,1706-1748,43,explicit_numeric_range,false,unclassified,
crossref:10.1086/533043,10.1086/533043,2003,2003-02,,The World We Have Gained: The Future of the French Revolution,108,1,1-19,19,explicit_numeric_range,false,unclassified,Lynn Hunt
crossref:10.1086/533044,10.1086/533044,2003,2003-02,,"Missing, Now Found in the Eighteenth Century: Weber's Protestant Capitalist",108,1,20-49,30,explicit_numeric_range,false,unclassified,Margaret C. Jacob | Matthew Kadane
crossref:10.1086/533045,10.1086/533045,2003,2003-02,,Empire and the Confessional State: Islam and Religious Politics in Nineteenth-Century Russia,108,1,50-83,34,explicit_numeric_range,false,unclassified,Robert Crews
crossref:10.1086/533046,10.1086/533046,2003,2003-02,,The Mercurial Nature and Abiding Power of Race: A Transnational Family Story,108,1,84-118,35,explicit_numeric_range,false,unclassified,Martha Hodes
crossref:10.1086/533047,10.1086/533047,2003,2003-02,,Paradigms and Paranoia: How Modern Is the French Revolution?,108,1,119-147,29,explicit_numeric_range,false,unclassified,Rebecca L. Spang
crossref:10.1086/ahr/108.1.1,10.1086/ahr/108.1.1,2003,2003-02-01,2003-02-01,The World We Have Gained: The Future of the French Revolution,108,1,1-19,19,explicit_numeric_range,false,unclassified,Lynn Hunt
crossref:10.1086/ahr/108.1.119,10.1086/ahr/108.1.119,2003,2003-02-01,2003-02-01,Paradigms and Paranoia: How Modern Is the French Revolution?,108,1,119-147,29,explicit_numeric_range,false,unclassified,Rebecca L. Spang
crossref:10.1086/ahr/108.1.20,10.1086/ahr/108.1.20,2003,2003-02-01,2003-02-01,"Missing, Now Found in the Eighteenth Century: Weber's Protestant Capitalist",108,1,20-49,30,explicit_numeric_range,false,unclassified,Margaret C. Jacob | Matthew Kadane
crossref:10.1086/ahr/108.1.50,10.1086/ahr/108.1.50,2003,2003-02-01,2003-02-01,Empire and the Confessional State: Islam and Religious Politics in Nineteenth-Century Russia,108,1,50-83,34,explicit_numeric_range,false,unclassified,Robert Crews
crossref:10.1086/ahr/108.1.84,10.1086/ahr/108.1.84,2003,2003-02-01,2003-02-01,The Mercurial Nature and Abiding Power of Race: A Transnational Family Story,108,1,84-118,35,explicit_numeric_range,false,unclassified,Martha Hodes
crossref:10.1086/533238,10.1086/533238,2003,2003-04,,"The ""Vision of Salome"": Cosmopolitanism and Erotic Dancing in Central London, 1908-1918",108,2,337-376,40,explicit_numeric_range,false,unclassified,Judith R. Walkowitz
crossref:10.1086/533239,10.1086/533239,2003,2003-04,,Ritualization of Regulation: The Enforcement of Chinese Exclusion in the United States and China,108,2,377-403,27,explicit_numeric_range,false,unclassified,Adam McKeown
crossref:10.1086/533240,10.1086/533240,2003,2003-04,,Beyond Markets and Hierarchies: Toward a New Synthesis of American Business History,108,2,404-433,30,explicit_numeric_range,false,unclassified,Naomi R. Lamoreaux | Daniel M. G. Raff | Peter Temin
crossref:10.1086/533242,10.1086/533242,2003,2003-04,,"Word Made Flesh: Christianity, Modernity, and Cultural Colonialism in the Work of Jean and John Comaroff",108,2,435-459,25,explicit_numeric_range,false,unclassified,Elizabeth Elbourne
crossref:10.1086/533243,10.1086/533243,2003,2003-04,,"Hegemony and Culture in Historical Anthropology: A Review Essay on Jean and John L. Comaroff's ""Of Revelation and Revolution""",108,2,460-470,11,explicit_numeric_range,false,unclassified,Sally Engle Merry
crossref:10.1086/533406,10.1086/533406,2003,2003-04,,Other Books Received,108,2,635-644,10,explicit_numeric_range,false,unclassified,
crossref:10.1086/ahr/108.2.337,10.1086/ahr/108.2.337,2003,2003-04-01,2003-04-01,"The“Vision of Salome”: Cosmopolitanism and Erotic Dancing in Central London, 1908–1918",108,2,337-376,40,explicit_numeric_range,false,unclassified,Judith R. Walkowitz
crossref:10.1086/ahr/108.2.377,10.1086/ahr/108.2.377,2003,2003-04-01,2003-04-01,Ritualization of Regulation: The Enforcement of Chinese Exclusion in the United States and China,108,2,377-403,27,explicit_numeric_range,false,unclassified,Adam McKeown
crossref:10.1086/ahr/108.2.404,10.1086/ahr/108.2.404,2003,2003-04-01,2003-04-01,Beyond Markets and Hierarchies: Toward a New Synthesis of American Business History,108,2,404-433,30,explicit_numeric_range,false,unclassified,Naomi R. Lamoreaux | Daniel M. G. Raff | Peter Temin
crossref:10.1086/ahr/108.2.435,10.1086/ahr/108.2.435,2003,2003-04-01,2003-04-01,"Word Made Flesh: Christianity, Modernity, and Cultural Colonialism in the Work of Jean and John Comaroff",108,2,435-459,25,explicit_numeric_range,false,unclassified,Elizabeth Elbourne
crossref:10.1086/ahr/108.2.460,10.1086/ahr/108.2.460,2003,2003-04-01,2003-04-01,Hegemony and Culture in Historical Anthropology: A Review Essay on Jean and John L. Comaroff's Of Revelation and Revolution,108,2,460-470,11,explicit_numeric_range,false,unclassified,Sally Engle Merry
crossref:10.1086/ahr/108.2.635,10.1086/ahr/108.2.635,2003,2003-04-01,2003-04-01,Other Books Received,108,2,635-644,10,explicit_numeric_range,false,unclassified,
crossref:10.1086/529592,10.1086/529592,2003,2003-06,,Burying the White Gods: New Perspectives on the Conquest of Mexico,108,3,659-687,29,explicit_numeric_range,false,unclassified,Camilla Townsend
crossref:10.1086/529593,10.1086/529593,2003,2003-06,,"The Myth and Reality of Italian Regionalism: A Historical Geography of Napoleonic Italy, 1801-1814",108,3,688-709,22,explicit_numeric_range,false,unclassified,Michael Broers
crossref:10.1086/529594,10.1086/529594,2003,2003-06,,"""Chaos on the Earth"": Subjective Truths versus Communal Unity in Islamic Law and the Rise of Militant Islam",108,3,710-733,24,explicit_numeric_range,false,unclassified,Indira Falk Gesink
crossref:10.1086/529596,10.1086/529596,2003,2003-06,,Scarcity or Abundance? Preserving the Past in a Digital Era,108,3,735-762,28,explicit_numeric_range,false,unclassified,Roy Rosenzweig
crossref:10.1086/529597,10.1086/529597,2003,2003-06,,"Disability History: Why We Need Another ""Other""",108,3,763-793,31,explicit_numeric_range,false,unclassified,Catherine J. Kudlick
crossref:10.1086/ahr/108.3.659,10.1086/ahr/108.3.659,2003,2003-06-01,2003-06-01,Burying the White Gods: New Perspectives on the Conquest of Mexico,108,3,659-687,29,explicit_numeric_range,false,unclassified,Camilla Townsend
crossref:10.1086/ahr/108.3.688,10.1086/ahr/108.3.688,2003,2003-06-01,2003-06-01,"The Myth and Reality of Italian Regionalism: A Historical Geography of Napoleonic Italy, 1801–1814",108,3,688-709,22,explicit_numeric_range,false,unclassified,Michael Broers
crossref:10.1086/ahr/108.3.710,10.1086/ahr/108.3.710,2003,2003-06-01,2003-06-01,“Chaos on the Earth”: Subjective Truths versus Communal Unity in Islamic Law and the Rise of Militant Islam,108,3,710-733,24,explicit_numeric_range,false,unclassified,Indira Falk Gesink
crossref:10.1086/ahr/108.3.735,10.1086/ahr/108.3.735,2003,2003-06-01,2003-06-01,Scarcity or Abundance? Preserving the Past in a Digital Era,108,3,735-762,28,explicit_numeric_range,false,unclassified,Roy Rosenzweig
crossref:10.1086/ahr/108.3.763,10.1086/ahr/108.3.763,2003,2003-06-01,2003-06-01,Disability History: Why We Need Another “Other”,108,3,763-793,31,explicit_numeric_range,false,unclassified,Catherine J. Kudlick
crossref:10.1086/529784,10.1086/529784,2003,2003-10,,From Scholarly Circles to Mass Movements: The Formation of Legal Communities in Islamic Societies,108,4,985-1008,24,explicit_numeric_range,false,unclassified,Nimrod Hurvitz
crossref:10.1086/529785,10.1086/529785,2003,2003-10,,"""A la Table de Magny"": Nineteenth-Century French Men of Letters and the Sources of Modern Historical Thought",108,4,1009-1033,25,explicit_numeric_range,false,unclassified,Jonathan Dewald
crossref:10.1086/529786,10.1086/529786,2003,2003-10,,"Chiefs and Bureaucrats in the Making of Empire: A Drama from the Transkei, South Africa, October 1880",108,4,1034-1056,23,explicit_numeric_range,false,unclassified,Clifton Crais
crossref:10.1086/529788,10.1086/529788,2003,2003-10,,"Enlightenment, Religion, and the Enigma of Secularization: A Review Essay",108,4,1061-1080,20,explicit_numeric_range,false,unclassified,Jonathan Sheehan
crossref:10.1086/529789,10.1086/529789,2003,2003-10,,Christianity as Casualty and Chrysalis of Modernity: The Problem of Dechristianization in the French Revolution,108,4,1081-1104,24,explicit_numeric_range,false,unclassified,Dale K. Van Kley
crossref:10.1086/529963,10.1086/529963,2003,2003-10,,Collected Essays,108,4,1264-1274,11,explicit_numeric_range,false,unclassified,
crossref:10.1086/ahr/108.4.1009,10.1086/ahr/108.4.1009,2003,2003-10-01,2003-10-01,“A la Table de Magny”: Nineteenth-Century French Men of Letters and the Sources of Modern Historical Thought,108,4,1009-1033,25,explicit_numeric_range,false,unclassified,Jonathan Dewald
crossref:10.1086/ahr/108.4.1034,10.1086/ahr/108.4.1034,2003,2003-10-01,2003-10-01,"Chiefs and Bureaucrats in the Making of Empire: A Drama from the Transkei, South Africa, October 1880",108,4,1034-1056,23,explicit_numeric_range,false,unclassified,Clifton Crais
crossref:10.1086/ahr/108.4.1061,10.1086/ahr/108.4.1061,2003,2003-10-01,2003-10-01,"Enlightenment, Religion, and the Enigma of Secularization: A Review Essay",108,4,1061-1080,20,explicit_numeric_range,false,unclassified,Jonathan Sheehan
crossref:10.1086/ahr/108.4.1081,10.1086/ahr/108.4.1081,2003,2003-10-01,2003-10-01,Christianity as Casualty and Chrysalis of Modernity: The Problem of Dechristianization in the French Revolution,108,4,1081-1104,24,explicit_numeric_range,false,unclassified,Dale K. van Kley
crossref:10.1086/ahr/108.4.1124,10.1086/ahr/108.4.1124,2003,2003-10-01,2003-10-01,"Scot Barmé. Woman, Man, Bangkok: Love, Sex, and Popular Culture in Thailand. (Asian Voices.) Lanham, Md.: Rowman and Littlefield. 2002. Pp. vii, 273. Cloth $80.00, paper $27.95",108,4,1124-1224,101,explicit_numeric_range,true,unclassified,Rita Smith Kipp
crossref:10.1086/ahr/108.4.1264,10.1086/ahr/108.4.1264,2003,2003-10-01,2003-10-01,Collected Essays,108,4,1264-1274,11,explicit_numeric_range,false,unclassified,
crossref:10.1086/ahr/108.4.1289,10.1086/ahr/108.4.1289,2003,2003-10-01,2003-10-01,"Index to American Historical Review, October 2003",108,4,1289-1298,10,explicit_numeric_range,false,unclassified,
crossref:10.1086/ahr/108.4.985,10.1086/ahr/108.4.985,2003,2003-10-01,2003-10-01,From Scholarly Circles to Mass Movements: The Formation of Legal Communities in Islamic Societies,108,4,985-1008,24,explicit_numeric_range,false,unclassified,Nimrod Hurvitz
crossref:10.1086/529968,10.1086/529968,2003,2003-12,,The Schoolman as Public Intellectual: Jean Gerson and the Late Medieval Tract,108,5,1308-1337,30,explicit_numeric_range,false,unclassified,Daniel Hobbins
crossref:10.1086/529969,10.1086/529969,2003,2003-12,,A Republic of Letters: The Epistolary Tradition in France during World War I,108,5,1338-1361,24,explicit_numeric_range,false,unclassified,Martha Hanna
crossref:10.1086/529971,10.1086/529971,2003,2003-12,,Amalgamation and Hypodescent: The Question of Ethnoracial Mixture in the History of the United States,108,5,1363-1390,28,explicit_numeric_range,false,unclassified,David A. Hollinger
crossref:10.1086/530147,10.1086/530147,2003,2003-12,,Other Books Received,108,5,1587-1598,12,explicit_numeric_range,false,unclassified,
crossref:10.1086/ahr/108.5.1308,10.1086/ahr/108.5.1308,2003,2003-12-01,2003-12-01,The Schoolman as Public Intellectual: Jean Gerson and the Late Medieval Tract,108,5,1308-1335,28,explicit_numeric_range,false,unclassified,Daniel Hobbins
crossref:10.1086/ahr/108.5.1338,10.1086/ahr/108.5.1338,2003,2003-12-01,2003-12-01,A Republic of Letters: The Epistolary Tradition in France during World War I,108,5,1338-1361,24,explicit_numeric_range,false,unclassified,Martha Hanna
crossref:10.1086/ahr/108.5.1363,10.1086/ahr/108.5.1363,2003,2003-12-01,2003-12-01,Amalgamation and Hypodescent: The Question of Ethnoracial Mixture in the History of the United States,108,5,1363-1390,28,explicit_numeric_range,false,unclassified,David A. Hollinger
crossref:10.1086/ahr/108.5.1587,10.1086/ahr/108.5.1587,2003,2003-12-01,2003-12-01,Other Books Received,108,5,1587-1598,12,explicit_numeric_range,false,unclassified,
crossref:10.1086/ahr/108.5.1603,10.1086/ahr/108.5.1603,2003,2003-12-01,2003-12-01,"Index to American Historical Review, Volume 108",108,5,1603-1643,41,explicit_numeric_range,false,unclassified,
crossref:10.1086/530149,10.1086/530149,2004,2004-02,,"No Peace without Victory, 1861-1865",109,1,1-18,18,explicit_numeric_range,false,unclassified,James M. McPherson
crossref:10.1086/530150,10.1086/530150,2004,2004-02,,Sensibility and the American War for Independence,109,1,19-40,22,explicit_numeric_range,false,unclassified,Sarah Knott
crossref:10.1086/530151,10.1086/530151,2004,2004-02,,"The Flaneur, the Badaud, and the Making of a Mass Public in France, circa 1860-1910",109,1,41-77,37,explicit_numeric_range,false,unclassified,Gregory Shaya
crossref:10.1086/530152,10.1086/530152,2004,2004-02,,"""My Death for the Motherland Is Happiness"": Women, Patriotism, and Soldiering in Russia's Great War, 1914-1917",109,1,78-116,39,explicit_numeric_range,false,unclassified,Melissa K. Stockdale
crossref:10.1086/530153,10.1086/530153,2004,2004-02,,The Recent History of Human Rights,109,1,117-135,19,explicit_numeric_range,false,unclassified,Kenneth Cmiel
crossref:10.1086/ahr/109.1.1,10.1086/ahr/109.1.1,2004,2004-02-01,2004-02-01,"No Peace without Victory, 1861–1865",109,1,1-18,18,explicit_numeric_range,false,unclassified,James M. McPherson
crossref:10.1086/ahr/109.1.117,10.1086/ahr/109.1.117,2004,2004-02-01,2004-02-01,The Recent History of Human Rights,109,1,117-135,19,explicit_numeric_range,false,unclassified,Kenneth Cmiel
crossref:10.1086/ahr/109.1.19,10.1086/ahr/109.1.19,2004,2004-02-01,2004-02-01,Sensibility and the American War for Independence,109,1,19-40,22,explicit_numeric_range,false,unclassified,Sarah Knott
crossref:10.1086/ahr/109.1.315,10.1086/ahr/109.1.315,2004,2004-02-01,2004-02-01,"Index to American Historical Review, February 2004",109,1,315-324,10,explicit_numeric_range,false,unclassified,
crossref:10.1086/ahr/109.1.41,10.1086/ahr/109.1.41,2004,2004-02-01,2004-02-01,"The Flâneur, the Badaud, and the Making of a Mass Public in France, circa 1860–1910",109,1,41-77,37,explicit_numeric_range,false,unclassified,Gregory Shaya
crossref:10.1086/ahr/109.1.78,10.1086/ahr/109.1.78,2004,2004-02-01,2004-02-01,"“My Death for the Motherland Is Happiness”: Women, Patriotism, and Soldiering in Russia's Great War, 1914–1917",109,1,78-116,39,explicit_numeric_range,false,unclassified,Melissa K. Stockdale
crossref:10.1086/530335,10.1086/530335,2004,2004-04,,How Does Social Capital Affect Women? Guilds and Communities in Early Modern Germany,109,2,325-359,35,explicit_numeric_range,false,unclassified,Sheilagh Ogilvie
crossref:10.1086/530336,10.1086/530336,2004,2004-04,,The Dynamics of Urban Development: Towns in Sixteenth and Seventeenth-Century Hungary,109,2,360-386,27,explicit_numeric_range,false,unclassified,Balazs A. Szelenyi
crossref:10.1086/530337,10.1086/530337,2004,2004-04,,"South Atlantic Crossings: Fingerprints, Science, and the State in Turn-of-the-Century Argentina",109,2,387-416,30,explicit_numeric_range,false,unclassified,Julia Rodriguez
crossref:10.1086/530338,10.1086/530338,2004,2004-04,,Eurasian Eclipse: Japan's End Game in World War II,109,2,417-444,28,explicit_numeric_range,false,unclassified,Yukiko Koshiro
crossref:10.1086/530339,10.1086/530339,2004,2004-04,,"Empires, Borderlands, and Diasporas: Eurasia as Anti-Paradigm for the Post-Soviet Era",109,2,445-468,24,explicit_numeric_range,false,unclassified,Mark Von Hagen
crossref:10.1086/ahr/109.2.325,10.1086/ahr/109.2.325,2004,2004-04-01,2004-04-01,How Does Social Capital Affect Women? Guilds and Communities in Early Modern Germany,109,2,325-359,35,explicit_numeric_range,false,unclassified,Sheilagh Ogilvie
crossref:10.1086/ahr/109.2.360,10.1086/ahr/109.2.360,2004,2004-04-01,2004-04-01,The Dynamics of Urban Development: Towns in Sixteenth and Seventeenth-Century Hungary,109,2,360-386,27,explicit_numeric_range,false,unclassified,Balázs A. Szelényi
crossref:10.1086/ahr/109.2.387,10.1086/ahr/109.2.387,2004,2004-04-01,2004-04-01,"South Atlantic Crossings: Fingerprints, Science, and the State in Turn-of-the-Century Argentina",109,2,387-416,30,explicit_numeric_range,false,unclassified,Julia Rodriguez
crossref:10.1086/ahr/109.2.417,10.1086/ahr/109.2.417,2004,2004-04-01,2004-04-01,Eurasian Eclipse: Japan's End Game in World War II,109,2,417-444,28,explicit_numeric_range,false,unclassified,Yukiko Koshiro
crossref:10.1086/ahr/109.2.445,10.1086/ahr/109.2.445,2004,2004-04-01,2004-04-01,"Empires, Borderlands, and Diasporas: Eurasia as Anti-Paradigm for the Post-Soviet Era",109,2,445-468,24,explicit_numeric_range,false,unclassified,Mark von Hagen
crossref:10.1086/ahr/109.2.682,10.1086/ahr/109.2.682,2004,2004-04-01,2004-04-01,"Index to American Historical Review, April 2004",109,2,682-692,11,explicit_numeric_range,false,unclassified,
crossref:10.1086/530552,10.1086/530552,2004,2004-06,,"Diseased Goods: Global Exchanges in the Eastern Pacific Basin, 1770-1850",109,3,693-719,27,explicit_numeric_range,false,unclassified,David Igler
crossref:10.1086/530553,10.1086/530553,2004,2004-06,,Slower Than a Massacre: The Multiple Sources of Racial Thought in Colonial Africa,109,3,720-754,35,explicit_numeric_range,false,unclassified,Jonathon Glassman
crossref:10.1086/530554,10.1086/530554,2004,2004-06,,On the Global Repercussions of East African Consumerism,109,3,755-781,27,explicit_numeric_range,false,unclassified,Jeremy Prestholdt
crossref:10.1086/530556,10.1086/530556,2004,2004-06,,Adversarial Literacy: How Peasant Politics Influenced Noble Governing of the Roman Countryside during the Early Modern Period,109,3,783-804,22,explicit_numeric_range,false,unclassified,Caroline Castiglione
crossref:10.1086/530557,10.1086/530557,2004,2004-06,,Investing the Riches of the Poor: Servant Women and Their Last Wills,109,3,805-826,22,explicit_numeric_range,false,unclassified,Giovanna Benadusi
crossref:10.1086/530558,10.1086/530558,2004,2004-06,,"Rethinking Agency, Recovering Voices",109,3,827-843,17,explicit_numeric_range,false,unclassified,Cornelia Hughes Dayton
crossref:10.1086/530560,10.1086/530560,2004,2004-06,,Counterfactual History: A User's Guide,109,3,845-858,14,explicit_numeric_range,false,unclassified,Martin Bunzl
crossref:10.1086/ahr/109.3.1045,10.1086/ahr/109.3.1045,2004,2004-06-01,2004-06-01,"Index to American Historical Review, June 2004",109,3,1045-1054,10,explicit_numeric_range,false,unclassified,
crossref:10.1086/ahr/109.3.693,10.1086/ahr/109.3.693,2004,2004-06-01,2004-06-01,"Diseased Goods: Global Exchanges in the Eastern Pacific Basin, 1770–1850",109,3,693-719,27,explicit_numeric_range,false,unclassified,David Igler
crossref:10.1086/ahr/109.3.720,10.1086/ahr/109.3.720,2004,2004-06-01,2004-06-01,Slower Than a Massacre: The Multiple Sources of Racial Thought in Colonial Africa,109,3,720-754,35,explicit_numeric_range,false,unclassified,Jonathon Glassman
crossref:10.1086/ahr/109.3.755,10.1086/ahr/109.3.755,2004,2004-06-01,2004-06-01,On the Global Repercussions of East African Consumerism,109,3,755-781,27,explicit_numeric_range,false,unclassified,Jeremy Prestholdt
crossref:10.1086/ahr/109.3.783,10.1086/ahr/109.3.783,2004,2004-06-01,2004-06-01,Adversarial Literacy: How Peasant Politics Influenced Noble Governing of the Roman Countryside during the Early Modern Period,109,3,783-804,22,explicit_numeric_range,false,unclassified,Caroline Castiglione
crossref:10.1086/ahr/109.3.805,10.1086/ahr/109.3.805,2004,2004-06-01,2004-06-01,Investing the Riches of the Poor: Servant Women and Their Last Wills,109,3,805-826,22,explicit_numeric_range,false,unclassified,Giovanna Benadusi
crossref:10.1086/ahr/109.3.827,10.1086/ahr/109.3.827,2004,2004-06-01,2004-06-01,"Rethinking Agency, Recovering Voices",109,3,827-843,17,explicit_numeric_range,false,unclassified,Cornelia Hughes Dayton
crossref:10.1086/ahr/109.3.845,10.1086/ahr/109.3.845,2004,2004-06-01,2004-06-01,Counterfactual History: A User's Guide,109,3,845-858,14,explicit_numeric_range,false,unclassified,Martin Bunzl
crossref:10.1086/530749,10.1086/530749,2004,2004-10,,"Meat for the Multitudes: Market Culture in Paris, New York City, and Mexico City over the Long Nineteenth Century",109,4,1055-1083,29,explicit_numeric_range,false,unclassified,Roger Horowitz | Jeffrey M. Pilcher | Sydney Watts
crossref:10.1086/530750,10.1086/530750,2004,2004-10,,"Speaking Historically: The Changing Voices of Historical Narration in Western India, 1400-1900",109,4,1084-1103,20,explicit_numeric_range,false,unclassified,Sumit Guha
crossref:10.1086/530751,10.1086/530751,2004,2004-10,,"Elites, Subalterns, and American Identities: A Case Study of African-American Benevolence",109,4,1104-1139,36,explicit_numeric_range,false,unclassified,Gunja Sengupta
crossref:10.1086/530752,10.1086/530752,2004,2004-10,,"Japan's Global Claim to Asia and the World of Islam: Transnational Nationalism and World Power, 1900-1945",109,4,1140-1170,31,explicit_numeric_range,false,unclassified,Selcuk Esenbel
crossref:10.1086/530753,10.1086/530753,2004,2004-10,,The Amateur in the Operating Room: History and the Scholarship of Teaching and Learning,109,4,1171-1192,22,explicit_numeric_range,false,unclassified,David Pace
crossref:10.1086/ahr/109.4.1055,10.1086/ahr/109.4.1055,2004,2004-10-01,2004-10-01,"Meat for the Multitudes: Market Culture in Paris, New York City, and Mexico City over the Long Nineteenth Century",109,4,1055-1083,29,explicit_numeric_range,false,unclassified,Roger Horowitz | Jeffrey M. Pilcher | Sydney Watts
crossref:10.1086/ahr/109.4.1084,10.1086/ahr/109.4.1084,2004,2004-10-01,2004-10-01,"Speaking Historically: The Changing Voices of Historical Narration in Western India, 1400–1900",109,4,1084-1103,20,explicit_numeric_range,false,unclassified,Sumit Guha
crossref:10.1086/ahr/109.4.1104,10.1086/ahr/109.4.1104,2004,2004-10-01,2004-10-01,"Elites, Subalterns, and American Identities: A Case Study of African-American Benevolence",109,4,1104-1139,36,explicit_numeric_range,false,unclassified,Gunja Sengupta
crossref:10.1086/ahr/109.4.1140,10.1086/ahr/109.4.1140,2004,2004-10-01,2004-10-01,"Japan's Global Claim to Asia and the World of Islam: Transnational Nationalism and World Power, 1900–1945",109,4,1140-1170,31,explicit_numeric_range,false,unclassified,Selçuk Esenbel
crossref:10.1086/ahr/109.4.1171,10.1086/ahr/109.4.1171,2004,2004-10-01,2004-10-01,The Amateur in the Operating Room: History and the Scholarship of Teaching and Learning,109,4,1171-1192,22,explicit_numeric_range,false,unclassified,David Pace
crossref:10.1086/530930,10.1086/530930,2004,2004-12,,True Crime: The Origins of Modern Sensationalism,109,5,1377-1404,28,explicit_numeric_range,false,unclassified,Joy Wiltenburg
crossref:10.1086/530931,10.1086/530931,2004,2004-12,,Emancipation and Empire: Reconstructing the Worldwide Web of Cotton Production in the Age of the American Civil War,109,5,1405-1438,34,explicit_numeric_range,false,unclassified,Sven Beckert
crossref:10.1086/530932,10.1086/530932,2004,2004-12,,"""A Muse for the Masses"": Gender, Age, and Nation in France, Fin de Siecle",109,5,1439-1474,36,explicit_numeric_range,false,unclassified,David M. Pomfret
crossref:10.1086/530933,10.1086/530933,2004,2004-12,,Sacred Sound and Sacred Substance: Church Bells and the Auditory Culture of Russian Villages during the Bolshevik Velikii Perelom,109,5,1475-1504,30,explicit_numeric_range,false,unclassified,Richard L. Hernandez
crossref:10.1086/530934,10.1086/530934,2004,2004-12,,Gutenberg-e: Electronic Entry to the Historical Professoriate,109,5,1505-1526,22,explicit_numeric_range,false,unclassified,Patrick Manning
crossref:10.1086/ahr/109.5.1377,10.1086/ahr/109.5.1377,2004,2004-12-01,2004-12-01,True Crime: The Origins of Modern Sensationalism,109,5,1377-1404,28,explicit_numeric_range,false,unclassified,Joy Wiltenburg
crossref:10.1086/ahr/109.5.1405,10.1086/ahr/109.5.1405,2004,2004-12-01,2004-12-01,Emancipation and Empire: Reconstructing the Worldwide Web of Cotton Production in the Age of the American Civil War,109,5,1405-1438,34,explicit_numeric_range,false,unclassified,Sven Beckert
crossref:10.1086/ahr/109.5.1439,10.1086/ahr/109.5.1439,2004,2004-12-01,2004-12-01,"“A Muse for the Masses”: Gender, Age, and Nation in France, Fin de Siècle",109,5,1439-1474,36,explicit_numeric_range,false,unclassified,David M. Pomfret
crossref:10.1086/ahr/109.5.1475,10.1086/ahr/109.5.1475,2004,2004-12-01,2004-12-01,Sacred Sound and Sacred Substance: Church Bells and the Auditory Culture of Russian Villages during the Bolshevik Velikii Perelom,109,5,1475-1504,30,explicit_numeric_range,false,unclassified,Richard L. Hernandez
crossref:10.1086/ahr/109.5.1505,10.1086/ahr/109.5.1505,2004,2004-12-01,2004-12-01,Gutenberg-e: Electronic Entry to the Historical Professoriate,109,5,1505-1526,22,explicit_numeric_range,false,unclassified,Patrick Manning
crossref:10.1086/ahr/109.5.1707,10.1086/ahr/109.5.1707,2004,2004-12-01,2004-12-01,"Index to American Historical Review, Volume 109",109,5,1707-1750,44,explicit_numeric_range,false,unclassified,
crossref:10.1086/531118,10.1086/531118,2005,2005-02,,Cliffhanger Days: A Chinese Family in the Seventeenth Century,110,1,1-10,10,explicit_numeric_range,false,unclassified,Jonathan Spence
crossref:10.1086/531119,10.1086/531119,2005,2005-02,,Does Inquisition Belong to Religious History?,110,1,11-37,27,explicit_numeric_range,false,unclassified,Christine Caldwell Ames
crossref:10.1086/531121,10.1086/531121,2005,2005-02,,"The Instruction of Great Catastrophe: Truth Commissions, National History, and State Formation in Argentina, Chile, and Guatemala",110,1,46-67,22,explicit_numeric_range,false,unclassified,Greg Grandin
crossref:10.1086/531122,10.1086/531122,2005,2005-02,,A Historian's Brief Guide to New Museum Studies,110,1,68-98,31,explicit_numeric_range,false,unclassified,Randolph Starn
crossref:10.1086/ahr/110.1.1,10.1086/ahr/110.1.1,2005,2005-02-01,2005-02-01,Cliffhanger Days: A Chinese Family in the Seventeenth Century,110,1,1-10,10,explicit_numeric_range,false,unclassified,Jonathan Spence
crossref:10.1086/ahr/110.1.11,10.1086/ahr/110.1.11,2005,2005-02-01,2005-02-01,Does Inquisition Belong to Religious History?,110,1,11-37,27,explicit_numeric_range,false,unclassified,Christine Caldwell Ames
crossref:10.1086/ahr/110.1.285,10.1086/ahr/110.1.285,2005,2005-02-01,2005-02-01,"Index to American Historical Review, February 2005",110,1,285-294,10,explicit_numeric_range,false,unclassified,
crossref:10.1086/ahr/110.1.46,10.1086/ahr/110.1.46,2005,2005-02-01,2005-02-01,"The Instruction of Great Catastrophe: Truth Commissions, National History, and State Formation in Argentina, Chile, and Guatemala",110,1,46-67,22,explicit_numeric_range,false,unclassified,Greg Grandin
crossref:10.1086/ahr/110.1.68,10.1086/ahr/110.1.68,2005,2005-02-01,2005-02-01,A Historian's Brief Guide to New Museum Studies,110,1,68-98,31,explicit_numeric_range,false,unclassified,Randolph Starn
crossref:10.1086/531316,10.1086/531316,2005,2005-04,,The Demise of Distance: The Business Press and the Origins of the Information Revolution in the Early Modern Atlantic World,110,2,295-321,27,explicit_numeric_range,false,unclassified,John J. McCusker
crossref:10.1086/531317,10.1086/531317,2005,2005-04,,Assimilation and Racialism in Seventeenth and Eighteenth-Century French Colonial Policy,110,2,322-349,28,explicit_numeric_range,false,unclassified,Saliha Belmessous
crossref:10.1086/531318,10.1086/531318,2005,2005-04,,"Notaries, Truth, and Consequences",110,2,350-379,30,explicit_numeric_range,false,unclassified,Kathryn Burns
crossref:10.1086/531319,10.1086/531319,2005,2005-04,,Indolence and Regeneration: Tropes and Tensions of Risorgimento Patriotism,110,2,380-408,29,explicit_numeric_range,false,unclassified,Silvana Patriarca
crossref:10.1086/531320,10.1086/531320,2005,2005-04,,Locating Colonial Histories: Between France and West Africa,110,2,409-434,26,explicit_numeric_range,false,unclassified,Gregory Mann
crossref:10.1086/531505,10.1086/531505,2005,2005-04,,Other Books Received,110,2,608-617,10,explicit_numeric_range,false,unclassified,
crossref:10.1086/ahr/110.2.295,10.1086/ahr/110.2.295,2005,2005-04-01,2005-04-01,The Demise of Distance: The Business Press and the Origins of the Information Revolution in the Early Modern Atlantic World,110,2,295-321,27,explicit_numeric_range,false,unclassified,John J. McCusker
crossref:10.1086/ahr/110.2.322,10.1086/ahr/110.2.322,2005,2005-04-01,2005-04-01,Assimilation and Racialism in Seventeenth and Eighteenth-Century French Colonial Policy,110,2,322-349,28,explicit_numeric_range,false,unclassified,Saliha Belmessous
crossref:10.1086/ahr/110.2.350,10.1086/ahr/110.2.350,2005,2005-04-01,2005-04-01,"Notaries, Truth, and Consequences",110,2,350-379,30,explicit_numeric_range,false,unclassified,Kathryn Burns
crossref:10.1086/ahr/110.2.380,10.1086/ahr/110.2.380,2005,2005-04-01,2005-04-01,Indolence and Regeneration: Tropes and Tensions of Risorgimento Patriotism,110,2,380-408,29,explicit_numeric_range,false,unclassified,Silvana Patriarca
crossref:10.1086/ahr/110.2.409,10.1086/ahr/110.2.409,2005,2005-04-01,2005-04-01,Locating Colonial Histories: Between France and West Africa,110,2,409-434,26,explicit_numeric_range,false,unclassified,Gregory Mann
crossref:10.1086/ahr/110.2.608,10.1086/ahr/110.2.608,2005,2005-04-01,2005-04-01,Other Books Received,110,2,608-617,10,explicit_numeric_range,false,unclassified,
crossref:10.1086/ahr.110.3.631,10.1086/ahr.110.3.631,2005,2005-06,,"Rethinking Sir Moses Montefiore: Religion, Nationhood, and International Philanthropy in the Nineteenth Century",110,3,631-658,28,explicit_numeric_range,false,unclassified,Abigail Green
crossref:10.1086/ahr.110.3.659,10.1086/ahr.110.3.659,2005,2005-06,,"A Tale of Second Cities: Autonomy, Culture, and the Law in Hamburg and Barcelona in the Late Nineteenth Century",110,3,659-692,34,explicit_numeric_range,false,unclassified,Maiken Umbach
crossref:10.1086/ahr.110.3.693,10.1086/ahr.110.3.693,2005,2005-06,,The Ethics of Hunger and the Assembly of Society: The Techno‐Politics of the School Meal in Modern Britain,110,3,693-725,33,explicit_numeric_range,false,unclassified,James Vernon
crossref:10.1086/ahr.110.3.727,10.1086/ahr.110.3.727,2005,2005-06,,From Bold Beginnings to an Uncertain Future: The Discipline of History and History Education,110,3,727-751,25,explicit_numeric_range,false,unclassified,Robert Orrill | Linn Shapiro
crossref:10.1086/ahr.110.4.1015,10.1086/ahr.110.4.1015,2005,2005-10,,Beyond Words,110,4,1015-1045,31,explicit_numeric_range,false,unclassified,Leora Auslander
crossref:10.1086/ahr.110.4.1052,10.1086/ahr.110.4.1052,2005,2005-10,,"The Constitution, the Supreme Court, and the New Deal",110,4,1052-1080,29,explicit_numeric_range,false,unclassified,Laura Kalman
crossref:10.1086/ahr.110.4.1081,10.1086/ahr.110.4.1081,2005,2005-10,,Comment on Laura Kalman's Article,110,4,1081-1093,13,explicit_numeric_range,false,unclassified,William E. Leuchtenburg
crossref:10.1086/ahr.110.4.1094,10.1086/ahr.110.4.1094,2005,2005-10,,Constitutional Change and the New Deal: The Internalist/Externalist Debate,110,4,1094-1115,22,explicit_numeric_range,false,unclassified,G. Edward White
crossref:10.1086/ahr.110.4.1307,10.1086/ahr.110.4.1307,2005,2005-10,,Other Books Received,110,4,1307-1317,11,explicit_numeric_range,false,unclassified,
crossref:10.1086/ahr.110.4.945,10.1086/ahr.110.4.945,2005,2005-10,,Two Shrines of the Cristo Renovado: Religion and Peasant Politics in Late Colonial Mexico,110,4,945-974,30,explicit_numeric_range,false,unclassified,William B. Taylor
crossref:10.1086/ahr.110.4.975,10.1086/ahr.110.4.975,2005,2005-10,,"Top Down or Bottom Up? Nationalist Mobilization Reconsidered, with Special Reference to Guinea (French West Africa)",110,4,975-1014,40,explicit_numeric_range,false,unclassified,Elizabeth Schmidt
crossref:10.1086/ahr.110.5.1337,10.1086/ahr.110.5.1337,2005,2005-12,,In the Grip of Sacred History,110,5,1337-1361,25,explicit_numeric_range,false,unclassified,Dan Smail
crossref:10.1086/ahr.110.5.1362,10.1086/ahr.110.5.1362,2005,2005-12,,A German Alabama in Africa: The Tuskegee Expedition to German Togo and the Transnational Origins of West African Cotton Growers,110,5,1362-1398,37,explicit_numeric_range,false,unclassified,Andrew Zimmerman
crossref:10.1086/ahr.110.5.1399,10.1086/ahr.110.5.1399,2005,2005-12,,“National Spain Invites You”: Battlefield Tourism during the Spanish Civil War,110,5,1399-1426,28,explicit_numeric_range,false,unclassified,Sandie Holguín
crossref:10.1086/ahr.110.5.1427,10.1086/ahr.110.5.1427,2005,2005-12,,Stalinist Terror and Democracy: The 1937 Union Campaign,110,5,1427-1453,27,explicit_numeric_range,false,unclassified,Wendy Goldman
crossref:10.1086/ahr.110.5.1454,10.1086/ahr.110.5.1454,2005,2005-12,,The King of Controversy: History and Nation‐Making in Late Colonial India,110,5,1454-1475,22,explicit_numeric_range,false,unclassified,Kumkum Chatterjee
crossref:10.1086/ahr.111.1.1,10.1086/ahr.111.1.1,2006,2006-02-01,,The Problem of Sovereignty in European History,111,1,1-15,15,explicit_numeric_range,false,unclassified,J. J. Sheehan
crossref:10.1086/ahr.111.1.104,10.1086/ahr.111.1.104,2006,2006-02-01,,Democracy Came Too Early: A Tentative Explanation for the Problem of American Homicide,111,1,104-114,11,explicit_numeric_range,false,unclassified,P. Spierenburg
crossref:10.1086/ahr.111.1.16,10.1086/ahr.111.1.16,2006,2006-02-01,,The Defense of Inhumanity: Air Control and the British Idea of Arabia,111,1,16-51,36,explicit_numeric_range,false,unclassified,P. Satia
crossref:10.1086/ahr.111.1.52,10.1086/ahr.111.1.52,2006,2006-02-01,2006-02,Local Religion and the Imperial Imaginary: The Development of Japanese Ethnography in Occupied Manchuria,111,1,52-74,23,explicit_numeric_range,false,unclassified,Thomas David DuBois
crossref:10.1086/ahr.111.1.76,10.1086/ahr.111.1.76,2006,2006-02-01,2006-02,Homicide: Explaining America's Exceptionalism,111,1,76-94,19,explicit_numeric_range,false,unclassified,Eric Monkkonen
crossref:10.1086/ahr.111.2.307,10.1086/ahr.111.2.307,2006,2006-04-01,2006-04,"Contemplating Delivery: Futures Trading and the Problem of Commodity Exchange in the United States, 1875–1905",111,2,307-335,29,explicit_numeric_range,false,unclassified,Jonathan Ira Levy
crossref:10.1086/ahr.111.2.336,10.1086/ahr.111.2.336,2006,2006-04-01,2006-04,"Race War and Nation in Caribbean Gran Colombia, Cartagena, 1810–1832",111,2,336-361,26,explicit_numeric_range,false,unclassified,Marixa Lasso
crossref:10.1086/ahr.111.2.362,10.1086/ahr.111.2.362,2006,2006-04-01,2006-04,"The Disruptive Comforts of Drag: (Trans)Gender Performances among Prisoners of War in Russia, 1914–1920",111,2,362-382,21,explicit_numeric_range,false,unclassified,Alon Rachamimov
crossref:10.1086/ahr.111.2.383,10.1086/ahr.111.2.383,2006,2006-04-01,,"The Disenchantment of Magic: Spells, Charms, and Superstition in Early European Witchcraft Literature",111,2,383-404,22,explicit_numeric_range,false,unclassified,M. D. Bailey
crossref:10.1086/ahr.111.2.405,10.1086/ahr.111.2.405,2006,2006-04-01,,"Talking Toads and Chinless Ghosts: The Politics of ""Superstitious"" Rumors in the People's Republic of China, 1961-1965",111,2,405-427,23,explicit_numeric_range,false,unclassified,S. A. Smith
crossref:10.1086/ahr.111.3.631,10.1086/ahr.111.3.631,2006,2006-06-01,2006-06,Big Hair: A Wig History of Consumption in Eighteenth-Century France,111,3,631-659,29,explicit_numeric_range,false,unclassified,Michael Kwass
crossref:10.1086/ahr.111.3.660,10.1086/ahr.111.3.660,2006,2006-06-01,2006-06,Tasting Empire: Chocolate and the European Internalization of Mesoamerican Aesthetics,111,3,660-691,32,explicit_numeric_range,false,unclassified,Marcy Norton
crossref:10.1086/ahr.111.3.692,10.1086/ahr.111.3.692,2006,2006-06-01,,Modernity and Enchantment: A Historiographic Review,111,3,692-716,25,explicit_numeric_range,false,unclassified,M. Saler
crossref:10.1086/ahr.111.3.722,10.1086/ahr.111.3.722,2006,2006-06-01,,"The Mediterranean and ""the New Thalassology""",111,3,722-740,19,explicit_numeric_range,false,unclassified,P. Horden | N. Purcell
crossref:10.1086/ahr.111.3.741,10.1086/ahr.111.3.741,2006,2006-06-01,,"Atlantic History: Definitions, Challenges, and Opportunities",111,3,741-757,17,explicit_numeric_range,false,unclassified,A. Games
crossref:10.1086/ahr.111.3.758,10.1086/ahr.111.3.758,2006,2006-06-01,,The Pacific,111,3,758-780,23,explicit_numeric_range,false,unclassified,M. K. Matsuda
crossref:10.1086/ahr.111.4.1011,10.1086/ahr.111.4.1011,2006,2006-10-01,2006-10,"Peregrini, Barbari, and Cives Romani: Concepts of Citizenship and the Legal Identity of Barbarians in the Later Roman Empire",111,4,1011-1040,30,explicit_numeric_range,false,unclassified,Ralph W. Mathisen
crossref:10.1086/ahr.111.4.1042,10.1086/ahr.111.4.1042,2006,2006-10-01,,Your Americanism and Mine: Americanism and Anti-Americanism in the Americas,111,4,1042-1066,25,explicit_numeric_range,false,unclassified,G. Grandin
crossref:10.1086/ahr.111.4.1067,10.1086/ahr.111.4.1067,2006,2006-10-01,,Always Blame the Americans: Anti-Americanism in Europe in the Twentieth Century,111,4,1067-1091,25,explicit_numeric_range,false,unclassified,J. C. E. Gienow-Hecht
crossref:10.1086/ahr.111.4.1092,10.1086/ahr.111.4.1092,2006,2006-10-01,2006-10,America in Asian Eyes,111,4,1092-1119,28,explicit_numeric_range,false,unclassified,Warren I. Cohen | Nancy Bernkopf Tucker
crossref:10.1086/ahr.111.4.1120,10.1086/ahr.111.4.1120,2006,2006-10-01,,Anti-Americanism: It's the Policies,111,4,1120-1129,10,explicit_numeric_range,false,unclassified,J. Cole
crossref:10.1086/ahr.111.4.1304,10.1086/ahr.111.4.1304,2006,2006-10-01,,Other Books Received,111,4,1304-1314,11,explicit_numeric_range,false,unclassified,
crossref:10.1086/ahr.111.4.961,10.1086/ahr.111.4.961,2006,2006-10-01,2006-10,Early Modern Space Travel and the English Man in the Moon,111,4,961-982,22,explicit_numeric_range,false,unclassified,David Cressy
crossref:10.1086/ahr.111.4.983,10.1086/ahr.111.4.983,2006,2006-10-01,2006-10,"Morality Plays: Marriage, Church Courts, and Colonial Agency in Central Tanganyika, ca. 1876–1928",111,4,983-1010,28,explicit_numeric_range,false,unclassified,Derek R. Peterson
crossref:10.1086/ahr.111.5.1327,10.1086/ahr.111.5.1327,2006,2006-12-01,2006-12,Imagining Woodrow Wilson in Asia: Dreams of East-West Harmony and the Revolt against Empire in 1919,111,5,1327-1351,25,explicit_numeric_range,false,unclassified,Erez Manela
crossref:10.1086/ahr.111.5.1352,10.1086/ahr.111.5.1352,2006,2006-12-01,2006-12,Smoking and “Early Modern” Sociability: The Great Tobacco Debate in the Ottoman Middle East (Seventeenth to Eighteenth Centuries),111,5,1352-1377,26,explicit_numeric_range,false,unclassified,James Grehan
crossref:10.1086/ahr.111.5.1378,10.1086/ahr.111.5.1378,2006,2006-12-01,,"""Each nation only cares for its own"": Empire, Nation, and Child Welfare Activism in the Bohemian Lands, 1900-1918",111,5,1378-1402,25,explicit_numeric_range,false,unclassified,T. Zahra
crossref:10.1086/ahr.111.5.1403,10.1086/ahr.111.5.1403,2006,2006-12-01,2006-12,Conjuring the Modern in Africa: Durability and Rupture in Histories of Public Healing between the Great Lakes of East Africa,111,5,1403-1439,37,explicit_numeric_range,false,unclassified,David L. Schoenbrun
crossref:10.1086/ahr.111.5.1441,10.1086/ahr.111.5.1441,2006,2006-12,,AHRConversation: On Transnational History,111,5,1441-1464,24,explicit_numeric_range,false,unclassified,C. A. Bayly | Sven Beckert | Matthew Connelly | Isabel Hofmeyr | Wendy Kozol | Patricia Seed
crossref:10.1086/ahr.111.5.1656,10.1086/ahr.111.5.1656,2006,2006-12-01,,Other Books Received,111,5,1656-1667,12,explicit_numeric_range,false,unclassified,
crossref:10.1086/ahr.112.1.1,10.1086/ahr.112.1.1,2007,2007-02-01,2007-02,The Stateless as the Citizen's Other: A View from the United States,112,1,1-34,34,explicit_numeric_range,false,unclassified,Linda K. Kerber
crossref:10.1086/ahr.112.1.101,10.1086/ahr.112.1.101,2007,2007-02-01,2007-02,Reopening the “Opening of Japan”: A Russian-Japanese Revolutionary Encounter and the Vision of Anarchist Progress,112,1,101-130,30,explicit_numeric_range,false,unclassified,Sho Konishi
crossref:10.1086/ahr.112.1.131,10.1086/ahr.112.1.131,2007,2007-02-01,,"Rethinking the Socialist Construction and International Career of the Concept ""Bourgeois Feminism""",112,1,131-158,28,explicit_numeric_range,false,unclassified,M. J. Boxer
crossref:10.1086/ahr.112.1.35,10.1086/ahr.112.1.35,2007,2007-02-01,2007-02,Independent Indians and the U.S.-Mexican War,112,1,35-68,34,explicit_numeric_range,false,unclassified,Brian Delay
crossref:10.1086/ahr.112.1.69,10.1086/ahr.112.1.69,2007,2007-02-01,,"Overcoming the ""Contagion of Mimicry"": The Cosmopolitan Nationalism and Modernist History of Rabindranath Tagore and W. B. Yeats",112,1,69-100,32,explicit_numeric_range,false,unclassified,L. B. Williams
crossref:10.1086/ahr.112.2.337,10.1086/ahr.112.2.337,2007,2007-04-01,2007-04,The Foreign Policy of the Calorie,112,2,337-364,28,explicit_numeric_range,false,unclassified,Nick Cullather
crossref:10.1086/ahr.112.2.365,10.1086/ahr.112.2.365,2007,2007-04-01,,Status without Rights: African Americans and the Tangled History of Law and Governance in the Nineteenth-Century U.S. South,112,2,365-393,29,explicit_numeric_range,false,unclassified,L. F. Edwards
crossref:10.1086/ahr.112.2.394,10.1086/ahr.112.2.394,2007,2007-04-01,2007-04,"“The Filthy American Twang”: Elocution, the Advent of American “Talkies,” and Australian Cultural Identity",112,2,394-416,23,explicit_numeric_range,false,unclassified,Joy Damousi
crossref:10.1086/ahr.112.2.417,10.1086/ahr.112.2.417,2007,2007-04-01,2007-04,Western Masculinities in War and Peace,112,2,417-438,22,explicit_numeric_range,false,unclassified,Robert A. Nye
crossref:10.1086/ahr.112.2.439,10.1086/ahr.112.2.439,2007,2007-04-01,,Whither Family History? A Road Map from Latin America,112,2,439-458,20,explicit_numeric_range,false,unclassified,N. Milanich
crossref:10.1086/ahr.112.2.639,10.1086/ahr.112.2.639,2007,2007-04-01,,Other Books Received,112,2,639-650,12,explicit_numeric_range,false,unclassified,
crossref:10.1086/ahr.112.3.661,10.1086/ahr.112.3.661,2007,2007-06-01,,"What Is the History of Sensibilities? On Cultural Histories, Old and New",112,3,661-684,24,explicit_numeric_range,false,unclassified,D. Wickberg
crossref:10.1086/ahr.112.3.685,10.1086/ahr.112.3.685,2007,2007-06-01,2007-06,Clockwatchers and Stargazers: Time Discipline in Early Modern Berlin,112,3,685-709,25,explicit_numeric_range,false,unclassified,Michael J. Sauter
crossref:10.1086/ahr.112.3.712,10.1086/ahr.112.3.712,2007,2007-06-01,2007-06,Politics of Colonial Sensation: The Trial of Thomas Picton and the Cause of Louisa Calderon,112,3,712-741,30,explicit_numeric_range,false,unclassified,James Epstein
crossref:10.1086/ahr.112.3.742,10.1086/ahr.112.3.742,2007,2007-06-01,,The Western Question: The Geopolitics of Latin American Independence,112,3,742-763,22,explicit_numeric_range,false,unclassified,R. Blaufarb
crossref:10.1086/ahr.112.3.764,10.1086/ahr.112.3.764,2007,2007-06-01,,"Entangled Histories, Entangled Worlds: The English-Speaking Atlantic as a Spanish Periphery",112,3,764-786,23,explicit_numeric_range,false,unclassified,E. H. GOULD
crossref:10.1086/ahr.112.3.787,10.1086/ahr.112.3.787,2007,2007-06-01,,Entangled Histories: Borderland Historiographies in New Clothes?,112,3,787-799,13,explicit_numeric_range,false,unclassified,Jorge Cañizares-Esguerra
crossref:10.1086/ahr.112.4.1016,10.1086/ahr.112.4.1016,2007,2007-10-01,2007-10,"Public Discourse, Corporate Citizenship, and State Formation in Early Modern England",112,4,1016-1038,23,explicit_numeric_range,false,unclassified,Phil Withington
crossref:10.1086/ahr.112.4.1039,10.1086/ahr.112.4.1039,2007,2007-10-01,2007-10,The Claims of Slaves and Ex-Slaves to Family and Property: A Transatlantic Comparison,112,4,1039-1069,31,explicit_numeric_range,false,unclassified,Dylan C. Penningroth
crossref:10.1086/ahr.112.4.1070,10.1086/ahr.112.4.1070,2007,2007-10-01,,Military Histories Old and New: A Reintroduction,112,4,1070-1090,21,explicit_numeric_range,false,unclassified,R. M. Citino
crossref:10.1086/ahr.112.4.1091,10.1086/ahr.112.4.1091,2007,2007-10-01,2007-10,Back to the League of Nations,112,4,1091-1117,27,explicit_numeric_range,false,unclassified,Susan Pedersen
crossref:10.1086/ahr.112.4.1301,10.1086/ahr.112.4.1301,2007,2007-10-01,,Other Books Received,112,4,1301-1312,12,explicit_numeric_range,false,unclassified,
crossref:10.1086/ahr.112.4.993,10.1086/ahr.112.4.993,2007,2007-10-01,,"""Do Prophets Come with a Sword?"" Conquest, Empire, and Historical Narrative in the Early Islamic World",112,4,993-1015,23,explicit_numeric_range,false,unclassified,T. Sizgorich
crossref:10.1086/ahr.112.5.1329,10.1086/ahr.112.5.1329,2007,2007-12-01,2007-12,Agency and Diaspora in Atlantic History: Reassessing the African Contribution to Rice Cultivation in the Americas,112,5,1329-1358,30,explicit_numeric_range,false,unclassified,David Eltis | Philip Morgan | David Richardson
crossref:10.1086/ahr.112.5.1359,10.1086/ahr.112.5.1359,2007,2007-12-01,2007-12,"Holding the World in Balance: The Connected Histories of the Iberian Overseas Empires, 1500–1640",112,5,1359-1385,27,explicit_numeric_range,false,unclassified,Sanjay Subrahmanyam
crossref:10.1086/ahr.112.5.1386,10.1086/ahr.112.5.1386,2007,2007-12-01,,"Race, Racism, and Antiracism: UNESCO and the Politics of Presenting Science to the Postwar Public",112,5,1386-1413,28,explicit_numeric_range,false,unclassified,M. Brattain
crossref:10.1086/ahr.112.5.1433,10.1086/ahr.112.5.1433,2007,2007-12-01,,Religious Identities and Violence,112,5,1433-1481,49,explicit_numeric_range,false,unclassified,P. Benedict | N. Berend | S. Ellis | J. Kaplan | U. Makdisi | J. Miles
crossref:10.1086/ahr.113.1.1,10.1086/ahr.113.1.1,2008,2008-02-01,,Developing Inequality,113,1,1-18,18,explicit_numeric_range,false,unclassified,B. Weinstein
crossref:10.1086/ahr.113.1.19,10.1086/ahr.113.1.19,2008,2008-02-01,2008-02,"Putting the Ocean in Atlantic History: Maritime Communities and Marine Ecology in the Northwest Atlantic, 1500–1800",113,1,19-47,29,explicit_numeric_range,false,unclassified,W. Jeffrey Bolster
crossref:10.1086/ahr.113.1.48,10.1086/ahr.113.1.48,2008,2008-02-01,2008-02,Before Race Mattered: Geographies of the Color Line in Early Colonial Madras and New York,113,1,48-71,24,explicit_numeric_range,false,unclassified,Carl H. Nightingale
crossref:10.1086/ahr.113.1.72,10.1086/ahr.113.1.72,2008,2008-02-01,2008-02,"“A Penny for the Little Chinese”: The French Holy Childhood Association in China, 1843–1951",113,1,72-92,21,explicit_numeric_range,false,unclassified,Henrietta Harrison
crossref:10.1086/ahr.113.1.93,10.1086/ahr.113.1.93,2008,2008-02-01,2008-02,On the Edges of History: Reflections on Historical Archaeology,113,1,93-118,26,explicit_numeric_range,false,unclassified,Alan Mayne
crossref:10.1086/ahr.113.2.319,10.1086/ahr.113.2.319,2008,2008-04,,An Age of Imperial Revolutions,113,2,319-340,22,explicit_numeric_range,false,unclassified,Jeremy Adelman
crossref:10.1086/ahr.113.2.341,10.1086/ahr.113.2.341,2008,2008-04,,"Reforestation, Landscape Conservation, and the Anxieties of Empire in French Colonial Algeria",113,2,341-362,22,explicit_numeric_range,false,unclassified,Caroline Ford
crossref:10.1086/ahr.113.2.363,10.1086/ahr.113.2.363,2008,2008-04,,What's Left? Popular Political Participation in Postwar Europe,113,2,363-390,28,explicit_numeric_range,false,unclassified,Belinda Davis
crossref:10.1086/ahr.113.2.393,10.1086/ahr.113.2.393,2008,2008-04,,Crooked Lines,113,2,393-405,13,explicit_numeric_range,false,unclassified,William H. Sewell
crossref:10.1086/ahr.113.2.406,10.1086/ahr.113.2.406,2008,2008-04,,Comment onA Crooked Line,113,2,406-416,11,explicit_numeric_range,false,unclassified,Gabrielle M. Spiegel
crossref:10.1086/ahr.113.2.425,10.1086/ahr.113.2.425,2008,2008-04,,The Profane and Imperfect World of Historiography,113,2,425-437,13,explicit_numeric_range,false,unclassified,Geoff Eley
crossref:10.1086/ahr.113.3.647,10.1086/ahr.113.3.647,2008,2008-06,,The Significance of the Trans-Appalachian Frontier in Atlantic History,113,3,647-677,31,explicit_numeric_range,false,unclassified,François Furstenberg
crossref:10.1086/ahr.113.3.678,10.1086/ahr.113.3.678,2008,2008-06,,"Trouble with Numbers: Statistics, Politics, and History in the Construction of Weimar's Trade Balance, 1918–1924",113,3,678-700,23,explicit_numeric_range,false,unclassified,Adam Tooze
crossref:10.1086/ahr.113.3.701,10.1086/ahr.113.3.701,2008,2008-06,,"The Soviets at Nuremberg: International Law, Propaganda, and the Making of the Postwar Order",113,3,701-730,30,explicit_numeric_range,false,unclassified,Francine Hirsch
crossref:10.1086/ahr.113.3.731,10.1086/ahr.113.3.731,2008,2008-06,,GlobalizingHanjian: The Suzhou Trials and the Post–World War II Discourse on Collaboration,113,3,731-751,21,explicit_numeric_range,false,unclassified,Margherita Zanasi
crossref:10.1086/ahr.113.3.752,10.1086/ahr.113.3.752,2008,2008-06,,The Myth of the “Weak” American State,113,3,752-772,21,explicit_numeric_range,false,unclassified,William J. Novak
crossref:10.1086/ahr.113.4.1003,10.1086/ahr.113.4.1003,2008,2008-10,,"“As a Nation, the English Are Our Friends”: The Emergence of African American Politics in the British Atlantic World, 1772–1861",113,4,1003-1028,26,explicit_numeric_range,false,unclassified,Van Gosse
crossref:10.1086/ahr.113.4.1031,10.1086/ahr.113.4.1031,2008,2008-10,,"Crisis, Chronology, and the Shape of European Social History",113,4,1031-1052,22,explicit_numeric_range,false,unclassified,Jonathan Dewald
crossref:10.1086/ahr.113.4.1053,10.1086/ahr.113.4.1053,2008,2008-10,,Crisis and Catastrophe: The Global Crisis of the Seventeenth Century Reconsidered,113,4,1053-1079,27,explicit_numeric_range,false,unclassified,Geoffrey Parker
crossref:10.1086/ahr.113.4.1080,10.1086/ahr.113.4.1080,2008,2008-10,,Locating Linkages or Painting Bull's-Eyes around Bullet Holes? An East Asian Perspective on the Seventeenth-Century Crisis,113,4,1080-1089,10,explicit_numeric_range,false,unclassified,Michael Marmé
crossref:10.1086/ahr.113.4.1090,10.1086/ahr.113.4.1090,2008,2008-10,,Crisis: A Useful Category of Post–Social Scientific Historical Analysis?,113,4,1090-1099,10,explicit_numeric_range,false,unclassified,J. B. Shank
crossref:10.1086/ahr.113.4.1288,10.1086/ahr.113.4.1288,2008,2008-10,,Other Books Received,113,4,1288-1297,10,explicit_numeric_range,false,unclassified,
crossref:10.1086/ahr.113.4.975,10.1086/ahr.113.4.975,2008,2008-10,,Puritan Godly Discipline in Comparative Perspective: Legal Pluralism and the Sources of “Intensity”,113,4,975-1002,28,explicit_numeric_range,false,unclassified,Richard J. Ross
crossref:10.1086/ahr.113.5.1313,10.1086/ahr.113.5.1313,2008,2008-12,,"From the Vienna to the Paris System: International Politics and the Entangled Histories of Human Rights, Forced Deportations, and Civilizing Missions",113,5,1313-1343,31,explicit_numeric_range,false,unclassified,Eric D. Weitz
crossref:10.1086/ahr.113.5.1346,10.1086/ahr.113.5.1346,2008,2008-12,,A History of “Gender”,113,5,1346-1356,11,explicit_numeric_range,false,unclassified,Joanne Meyerowitz
crossref:10.1086/ahr.113.5.1357,10.1086/ahr.113.5.1357,2008,2008-12,,A Paradigm of Our Own: Joan Scott in Latin American History,113,5,1357-1374,18,explicit_numeric_range,false,unclassified,Heidi Tinsman
crossref:10.1086/ahr.113.5.1375,10.1086/ahr.113.5.1375,2008,2008-12,,An Archipelago of Stories: Gender History in Eastern Europe,113,5,1375-1389,15,explicit_numeric_range,false,unclassified,Maria Bucur
crossref:10.1086/ahr.113.5.1390,10.1086/ahr.113.5.1390,2008,2008-12,,The Three Ages of Joan Scott,113,5,1390-1403,14,explicit_numeric_range,false,unclassified,Dyan Elliott
crossref:10.1086/ahr.113.5.1404,10.1086/ahr.113.5.1404,2008,2008-12,,Chinese History: A Useful Category of Gender Analysis,113,5,1404-1421,18,explicit_numeric_range,false,unclassified,Gail Hershatter | Wang Zheng
crossref:10.1086/ahr.113.5.1431,10.1086/ahr.113.5.1431,2008,2008-12,,AHRConversation: Environmental Historians and Environmental Crisis,113,5,1431-1465,35,explicit_numeric_range,false,unclassified,Richard C. Hoffmann | Nancy Langston | James C. McCann | Peter C. Perdue | Lise Sedrez
crossref:10.1086/ahr.113.5.1653,10.1086/ahr.113.5.1653,2008,2008-12,,"Index toAmerican Historical Review, Volume 113",113,5,1653-1692,40,explicit_numeric_range,false,unclassified,
crossref:10.1086/ahr.114.1.1,10.1086/ahr.114.1.1,2009,2009-02,,The Task of the Historian,114,1,1-15,15,explicit_numeric_range,false,unclassified,Gabrielle M. Spiegel
crossref:10.1086/ahr.114.1.16,10.1086/ahr.114.1.16,2009,2009-02,,"The Petroleum War of 1910: Standard Oil, Austria, and the Limits of the Multinational Corporation",114,1,16-41,26,explicit_numeric_range,false,unclassified,Alison Frank
crossref:10.1086/ahr.114.1.45,10.1086/ahr.114.1.45,2009,2009-02,,"AHR ForumThe Rise and Fall of an International Counterculture, 1960–1975",114,1,45-68,24,explicit_numeric_range,false,unclassified,Jeremi Suri
crossref:10.1086/ahr.114.1.69,10.1086/ahr.114.1.69,2009,2009-02,,AHR Forum“1968” East and West: Divided Germany as a Case Study in Transnational History,114,1,69-96,28,explicit_numeric_range,false,unclassified,Timothy S. Brown
crossref:10.1086/ahr.114.1.97,10.1086/ahr.114.1.97,2009,2009-02,,AHR ForumJapan 1968: The Performance of Violence and the Theater of Protest,114,1,97-135,39,explicit_numeric_range,false,unclassified,William Marotti
crossref:10.1086/ahr.114.2.279,10.1086/ahr.114.2.279,2009,2009-04,,"Mistaken Identities? Olaudah Equiano, Domingos Álvares, and the Methodological Challenges of Studying the African Diaspora",114,2,279-306,28,explicit_numeric_range,false,unclassified,James H. Sweet
crossref:10.1086/ahr.114.2.307,10.1086/ahr.114.2.307,2009,2009-04,,"Expatriation, Expatriates, and Expats: The American Transformation of a Concept",114,2,307-328,22,explicit_numeric_range,false,unclassified,Nancy L. Green
crossref:10.1086/ahr.114.2.331,10.1086/ahr.114.2.331,2009,2009-04,,"Sons, Daughters, and Patriarchy: Gender and the 1968 Generation",114,2,331-347,17,explicit_numeric_range,false,unclassified,Sara M. Evans
crossref:10.1086/ahr.114.2.348,10.1086/ahr.114.2.348,2009,2009-04,,"Solidarity under Siege: The Latin American Left, 1968",114,2,348-375,28,explicit_numeric_range,false,unclassified,Jeffrey L. Gould
crossref:10.1086/ahr.114.2.376,10.1086/ahr.114.2.376,2009,2009-04,,"Youth Movements: Travel, Protest, and Europe in 1968",114,2,376-404,29,explicit_numeric_range,false,unclassified,Richard Ivan Jobs
crossref:10.1086/ahr.114.3.547,10.1086/ahr.114.3.547,2009,2009-06,,Tamil Diasporas across the Bay of Bengal,114,3,547-572,26,explicit_numeric_range,false,unclassified,Sunil S. Amrith
crossref:10.1086/ahr.114.3.596,10.1086/ahr.114.3.596,2009,2009-06,,A Place in Biography for Oneself,114,3,596-605,10,explicit_numeric_range,false,unclassified,Kate Brown
crossref:10.1086/ahr.114.3.615,10.1086/ahr.114.3.615,2009,2009-06,,Galaxy of Black Stars: The Power of Soviet Biography,114,3,615-624,10,explicit_numeric_range,false,unclassified,Jochen Hellbeck
crossref:10.1086/ahr.114.3.640,10.1086/ahr.114.3.640,2009,2009-06,,"Separations of Soul: Solitude, Biography, History",114,3,640-651,12,explicit_numeric_range,false,unclassified,Barbara Taylor
crossref:10.1086/ahr.114.3.652,10.1086/ahr.114.3.652,2009,2009-06,,Rewriting the Lives of Eighteenth‐Century Economists,114,3,652-661,10,explicit_numeric_range,false,unclassified,Liana Vardi
crossref:10.1086/ahr.114.3.672,10.1086/ahr.114.3.672,2009,2009-06,,Schama's Britannia,114,3,672-683,12,explicit_numeric_range,false,unclassified,Linda Levy Peck
crossref:10.1086/ahr.114.4.1001,10.1086/ahr.114.4.1001,2009,2009-10,,"The Black Power Movement, Democracy, and America in the King Years",114,4,1001-1016,16,explicit_numeric_range,false,unclassified,Peniel E. Joseph
crossref:10.1086/ahr.114.4.1210,10.1086/ahr.114.4.1210,2009,2009-10,,Other Books Received,114,4,1210-1219,10,explicit_numeric_range,false,unclassified,
crossref:10.1086/ahr.114.4.899,10.1086/ahr.114.4.899,2009,2009-10,,Introduction: Historians and Historical Reconciliation,114,4,899-913,15,explicit_numeric_range,false,unclassified,Elazar Barkan
crossref:10.1086/ahr.114.4.914,10.1086/ahr.114.4.914,2009,2009-10,,On Reconciling the Histories of Two Chosen Peoples,114,4,914-929,16,explicit_numeric_range,false,unclassified,David Engel
crossref:10.1086/ahr.114.4.930,10.1086/ahr.114.4.930,2009,2009-10,,Truth in Telling: Reconciling Realities in the Genocide of the Ottoman Armenians,114,4,930-946,17,explicit_numeric_range,false,unclassified,Ronald Grigor Suny
crossref:10.1086/ahr.114.4.947,10.1086/ahr.114.4.947,2009,2009-10,,Confronting the Yugoslav Controversies: The Scholars' Initiative,114,4,947-962,16,explicit_numeric_range,false,unclassified,Charles Ingrao
crossref:10.1086/ahr.114.4.963,10.1086/ahr.114.4.963,2009,2009-10,,Settling Accounts? An Americanist Perspective on Historical Reconciliation,114,4,963-977,15,explicit_numeric_range,false,unclassified,James T. Campbell
crossref:10.1086/ahr.114.4.980,10.1086/ahr.114.4.980,2009,2009-10,,"Martin Luther King, Jr. and the Meanings of the 1960s",114,4,980-989,10,explicit_numeric_range,false,unclassified,Michael Kazin
crossref:10.1086/ahr.114.4.990,10.1086/ahr.114.4.990,2009,2009-10,,The Biography Branch Might Have Written,114,4,990-1000,11,explicit_numeric_range,false,unclassified,Clayborne Carson
crossref:10.1086/ahr.114.5.1231,10.1086/ahr.114.5.1231,2009,2009-12,,Social Death and Political Life in the Study of Slavery,114,5,1231-1249,19,explicit_numeric_range,false,unclassified,Vincent Brown
crossref:10.1086/ahr.114.5.1258,10.1086/ahr.114.5.1258,2009,2009-12,,"Sexuality, Africa, History",114,5,1258-1272,15,explicit_numeric_range,false,unclassified,Marc Epprecht
crossref:10.1086/ahr.114.5.1273,10.1086/ahr.114.5.1273,2009,2009-12,,Transnational Sex and U.S. History,114,5,1273-1286,14,explicit_numeric_range,false,unclassified,Joanne Meyerowitz
crossref:10.1086/ahr.114.5.1287,10.1086/ahr.114.5.1287,2009,2009-12,,Syncopated Sex: Transforming European Sexual Cultures,114,5,1287-1308,22,explicit_numeric_range,false,unclassified,Dagmar Herzog
crossref:10.1086/ahr.114.5.1309,10.1086/ahr.114.5.1309,2009,2009-12,,Transnational Histories of Sexualities in Asia,114,5,1309-1324,16,explicit_numeric_range,false,unclassified,Tamara Loos
crossref:10.1086/ahr.114.5.1325,10.1086/ahr.114.5.1325,2009,2009-12,,Writing Histories of Sexuality in the Middle East,114,5,1325-1339,15,explicit_numeric_range,false,unclassified,Leslie Peirce
crossref:10.1086/ahr.114.5.1340,10.1086/ahr.114.5.1340,2009,2009-12,,Latin America and the Challenge of Globalizing the History of Sexuality,114,5,1340-1353,14,explicit_numeric_range,false,unclassified,Pete Sigal
crossref:10.1086/ahr.114.5.1355,10.1086/ahr.114.5.1355,2009,2009-12,,PARTICIPANTS:,114,5,1355-1404,50,explicit_numeric_range,false,unclassified,Leora Auslander | Amy Bentley | Halevi Leor | H. Otto Sibum | Christopher Witmore
crossref:10.1086/ahr.114.5.1595,10.1086/ahr.114.5.1595,2009,2009-12,,"Index toAmerican Historical Review, Volume 114",114,5,1595-1628,34,explicit_numeric_range,false,unclassified,
crossref:10.1086/ahr.115.1.1,10.1086/ahr.115.1.1,2010,2010-02,,"An American Album, 1857",115,1,1-25,25,explicit_numeric_range,false,unclassified,Laurel Thatcher Ulrich
crossref:10.1086/ahr.115.1.125,10.1086/ahr.115.1.125,2010,2010-02,,Beyond “Black Rice”: Reconstructing Material and Cultural Contexts for Early Plantation Agriculture,115,1,125-135,11,explicit_numeric_range,false,unclassified,S. Max Edelson
crossref:10.1086/ahr.115.1.136,10.1086/ahr.115.1.136,2010,2010-02,,Africa and Africans in the African Diaspora: The Uses of Relational Databases,115,1,136-150,15,explicit_numeric_range,false,unclassified,Gwendolyn Midlo Hall
crossref:10.1086/ahr.115.1.151,10.1086/ahr.115.1.151,2010,2010-02,,From “Black Rice” to “Brown”: Rethinking the History of Risiculture in the Seventeenth‐ and Eighteenth‐Century Atlantic,115,1,151-163,13,explicit_numeric_range,false,unclassified,Walter Hawthorne
crossref:10.1086/ahr.115.1.28,10.1086/ahr.115.1.28,2010,2010-02,,Picturing Grief: Soviet Holocaust Photography at the Intersection of History and Memory,115,1,28-52,25,explicit_numeric_range,false,unclassified,David Shneer
crossref:10.1086/ahr.115.1.53,10.1086/ahr.115.1.53,2010,2010-02,,Holocaust Memorials: The Emergence of a Genre,115,1,53-89,37,explicit_numeric_range,false,unclassified,Harold Marcuse
crossref:10.1086/ahr.115.1.90,10.1086/ahr.115.1.90,2010,2010-02,,"The First Wave of American “Holocaust” Films, 1945–1959",115,1,90-114,25,explicit_numeric_range,false,unclassified,Lawrence Baron
crossref:10.1086/ahr.115.2.351,10.1086/ahr.115.2.351,2010,2010-04,,Martin Luther's Body: The “Stout Doctor” and His Biographers,115,2,351-384,34,explicit_numeric_range,false,unclassified,Lyndal Roper
crossref:10.1086/ahr.115.2.385,10.1086/ahr.115.2.385,2010,2010-04,,Suicide in Late Colonial Africa: The Evidence of Inquests from Nyasaland,115,2,385-404,20,explicit_numeric_range,false,unclassified,Megan Vaughan
crossref:10.1086/ahr.115.2.406,10.1086/ahr.115.2.406,2010,2010-04,,"Rule of Law, Rule of Life: Caste, Democracy, and the Courts in India",115,2,406-427,22,explicit_numeric_range,false,unclassified,David Gilmartin
crossref:10.1086/ahr.115.2.428,10.1086/ahr.115.2.428,2010,2010-04,,"Ethnicity, Indigeneity, and Migration in the Advent of British Rule to Sri Lanka",115,2,428-452,25,explicit_numeric_range,false,unclassified,Sujit Sivasundaram
crossref:10.1086/ahr.115.2.453,10.1086/ahr.115.2.453,2010,2010-04,,"Transcending Identity: Gandhi, Nonviolence, and the Pursuit of a “Different” Freedom in Modern India",115,2,453-473,21,explicit_numeric_range,false,unclassified,Mithi Mukherjee
crossref:10.1086/ahr.115.2.474,10.1086/ahr.115.2.474,2010,2010-04,,"“History Is Past Politics”? Archives, “Tainted Evidence,” and the Return of the State",115,2,474-483,10,explicit_numeric_range,false,unclassified,Todd Shepard
crossref:10.1086/ahr.115.3.669,10.1086/ahr.115.3.669,2010,2010-06,,"“A continuall and dayly Table for Gentlemen of fashion”: Humanism, Food, and Authority at Jamestown, 1607–1609",115,3,669-687,19,explicit_numeric_range,false,unclassified,Michael A. LaCombe
crossref:10.1086/ahr.115.3.688,10.1086/ahr.115.3.688,2010,2010-06,,“If You Eat Their Food …”: Diets and Bodies in Early Colonial Spanish America,115,3,688-713,26,explicit_numeric_range,false,unclassified,Rebecca Earle
crossref:10.1086/ahr.115.3.714,10.1086/ahr.115.3.714,2010,2010-06,,Tongues‐Tied: The Making of a “National Language” and the Discovery of Dialects in Meiji Japan,115,3,714-731,18,explicit_numeric_range,false,unclassified,Hiraku Shimoda
crossref:10.1086/ahr.115.3.732,10.1086/ahr.115.3.732,2010,2010-06,,"Instead of Waiting for the Thirteenth Amendment: The War Power, Slave Marriage, and Inviolate Human Rights",115,3,732-765,34,explicit_numeric_range,false,unclassified,Amy Dru Stanley
crossref:10.1086/ahr.115.3.768,10.1086/ahr.115.3.768,2010,2010-06,,Law and War in American History,115,3,768-778,11,explicit_numeric_range,false,unclassified,John Fabian Witt
crossref:10.1086/ahr.115.4.1002,10.1086/ahr.115.4.1002,2010,2010-10,,"The Price of Discretion: Prostitution, Venereal Disease, and the American Military in France, 1944–1946",115,4,1002-1030,29,explicit_numeric_range,false,unclassified,Mary Louise Roberts
crossref:10.1086/ahr.115.4.1031,10.1086/ahr.115.4.1031,2010,2010-10,,"Comrades in the Labor Room: The Lamaze Method of Childbirth Preparation and France's Cold War Home Front, 1951–1957",115,4,1031-1060,30,explicit_numeric_range,false,unclassified,Paula A. Michaels
crossref:10.1086/ahr.115.4.1061,10.1086/ahr.115.4.1061,2010,2010-10,,"Sex, Love, and Letters: Writing Simone de Beauvoir, 1949–1963",115,4,1061-1088,28,explicit_numeric_range,false,unclassified,Judith G. Coffin
crossref:10.1086/ahr.115.4.1266,10.1086/ahr.115.4.1266,2010,2010-10,,Other Books Received,115,4,1266-1277,12,explicit_numeric_range,false,unclassified,
crossref:10.1086/ahr.115.4.943,10.1086/ahr.115.4.943,2010,2010-10,,“Out of the Land of Bondage”: The English Revolution and the Atlantic Origins of Abolition,115,4,943-974,32,explicit_numeric_range,false,unclassified,John Donoghue
crossref:10.1086/ahr.115.4.975,10.1086/ahr.115.4.975,2010,2010-10,,Getting Out of Iraq—in 1932: The League of Nations and the Road to Normative Statehood,115,4,975-1000,26,explicit_numeric_range,false,unclassified,Susan Pedersen
crossref:10.1086/ahr.115.5.1291,10.1086/ahr.115.5.1291,2010,2010-12,,"The Many Deaths of a Kazak Unaligned: Osman Batur, Chinese Decolonization, and the Nationalization of a Nomad",115,5,1291-1314,24,explicit_numeric_range,false,unclassified,Justin Jacobs
crossref:10.1086/ahr.115.5.1315,10.1086/ahr.115.5.1315,2010,2010-12,,"The League of Nations' Rescue of Armenian Genocide Survivors and the Making of Modern Humanitarianism, 1920–1927",115,5,1315-1339,25,explicit_numeric_range,false,unclassified,Keith David Watenpaugh
crossref:10.1086/ahr.115.5.1342,10.1086/ahr.115.5.1342,2010,2010-12,,Rival Ecologies of Global Commerce: Adam Smith and the Natural Historians,115,5,1342-1363,22,explicit_numeric_range,false,unclassified,Fredrik Albritton Jonsson
crossref:10.1086/ahr.115.5.1364,10.1086/ahr.115.5.1364,2010,2010-12,,Making Men: Enlightenment Ideas of Racial Engineering,115,5,1364-1394,31,explicit_numeric_range,false,unclassified,William Max Nelson
crossref:10.1086/ahr.115.5.1395,10.1086/ahr.115.5.1395,2010,2010-12,,"Lessons on the Rise and Fall of Great Powers: Conquest, Commerce, and Decline in Enlightenment Italy",115,5,1395-1425,31,explicit_numeric_range,false,unclassified,Sophus A. Reinert
crossref:10.1086/ahr.115.5.1426,10.1086/ahr.115.5.1426,2010,2010-12,,The Return of the Enlightenment,115,5,1426-1435,10,explicit_numeric_range,false,unclassified,Karen O'Brien
crossref:10.1086/ahr.115.5.1576,10.1086/ahr.115.5.1576,2010,2010-12,,"Index toAmerican Historical Review, Volume 115",115,5,1576-1609,34,explicit_numeric_range,false,unclassified,
crossref:10.1086/ahr.116.1.1,10.1086/ahr.116.1.1,2011,2011-02,,Islam and Power in Colonial India: The Making and Unmaking of a Muslim Princess,116,1,1-30,30,explicit_numeric_range,false,unclassified,Barbara Metcalf
crossref:10.1086/ahr.116.1.109,10.1086/ahr.116.1.109,2011,2011-02,,"The Soviet State as Imperial Scavenger: “Catch Up and Surpass” in the Transnational Socialist Bloc, 1950–1960",116,1,109-132,24,explicit_numeric_range,false,unclassified,Austin Jersild
crossref:10.1086/ahr.116.1.31,10.1086/ahr.116.1.31,2011,2011-02,,Barbarians Ancient and Modern,116,1,31-57,27,explicit_numeric_range,false,unclassified,Norman Etherington
crossref:10.1086/ahr.116.1.58,10.1086/ahr.116.1.58,2011,2011-02,,The First Historian of Human Rights,116,1,58-79,22,explicit_numeric_range,false,unclassified,Samuel Moyn
crossref:10.1086/ahr.116.1.80,10.1086/ahr.116.1.80,2011,2011-02,,"Protected Persons? The Baghdadi Jewish Diaspora, the British State, and the Persistence of Empire",116,1,80-108,29,explicit_numeric_range,false,unclassified,Sarah Abrevaya Stein
crossref:10.1086/ahr.116.2.273,10.1086/ahr.116.2.273,2011,2011-04,,"The Many Worlds of ˁAbud Yasin; or, What Narcotics Trafficking in the Interwar Middle East Can Tell Us about Territorialization",116,2,273-306,34,explicit_numeric_range,false,unclassified,Cyrus Schayegh
crossref:10.1086/ahr.116.2.316,10.1086/ahr.116.2.316,2011,2011-04,,On Being Heard: A Case for Paying Attention to the Historical Ear,116,2,316-334,19,explicit_numeric_range,false,unclassified,Sophia Rosenfeld
crossref:10.1086/ahr.116.2.335,10.1086/ahr.116.2.335,2011,2011-04,,"Follow Your Nose? Smell, Smelling, and Their Histories",116,2,335-351,17,explicit_numeric_range,false,unclassified,Mark S. R. Jenner
crossref:10.1086/ahr.116.2.352,10.1086/ahr.116.2.352,2011,2011-04,,The Divine Optician,116,2,352-370,19,explicit_numeric_range,false,unclassified,Jessica Riskin
crossref:10.1086/ahr.116.2.371,10.1086/ahr.116.2.371,2011,2011-04,,The Senses of Taste,116,2,371-384,14,explicit_numeric_range,false,unclassified,Priscilla Parkhurst Ferguson
crossref:10.1086/ahr.116.2.385,10.1086/ahr.116.2.385,2011,2011-04,,The Portal of Touch,116,2,385-400,16,explicit_numeric_range,false,unclassified,Elizabeth D. Harvey
crossref:10.1086/ahr.116.3.577,10.1086/ahr.116.3.577,2011,2011-06,,"Between the Gaucho and the Tango: Popular Songs and the Shifting Landscape of Modern Argentine Identity, 1895–1915",116,3,577-601,25,explicit_numeric_range,false,unclassified,Brian Bockelman
crossref:10.1086/ahr.116.3.602,10.1086/ahr.116.3.602,2011,2011-06,,"Earthrise; or, The Globalization of the World Picture",116,3,602-630,29,explicit_numeric_range,false,unclassified,Benjamin Lazier
crossref:10.1086/ahr.116.3.638,10.1086/ahr.116.3.638,2011,2011-06,,AHR Forum:Modernity: The Sphinx and the Historian,116,3,638-652,15,explicit_numeric_range,false,unclassified,Zvi Ben-Dor Benite
crossref:10.1086/ahr.116.3.653,10.1086/ahr.116.3.653,2011,2011-06,,"Historical Sociology, Modernity, and Postcolonial Critique",116,3,653-662,10,explicit_numeric_range,false,unclassified,Gurminder K. Bhambra
crossref:10.1086/ahr.116.3.663,10.1086/ahr.116.3.663,2011,2011-06,,The Muddle of Modernity,116,3,663-675,13,explicit_numeric_range,false,unclassified,Dipesh Chakrabarty
crossref:10.1086/ahr.116.3.676,10.1086/ahr.116.3.676,2011,2011-06,,The End of Elsewhere: Writing Modernity Now,116,3,676-687,12,explicit_numeric_range,false,unclassified,Carol Gluck
crossref:10.1086/ahr.116.3.688,10.1086/ahr.116.3.688,2011,2011-06,,National Socialism and the End of Modernity,116,3,688-701,14,explicit_numeric_range,false,unclassified,Mark Roseman
crossref:10.1086/ahr.116.3.702,10.1086/ahr.116.3.702,2011,2011-06,,"American Modernities, Past and Present",116,3,702-714,13,explicit_numeric_range,false,unclassified,Dorothy Ross
crossref:10.1086/ahr.116.3.715,10.1086/ahr.116.3.715,2011,2011-06,,When We Talk about Modernity,116,3,715-726,12,explicit_numeric_range,false,unclassified,Carol Symes
crossref:10.1086/ahr.116.3.727,10.1086/ahr.116.3.727,2011,2011-06,,"Modernity's Failings, Political Claims, and Intermediate Concepts",116,3,727-740,14,explicit_numeric_range,false,unclassified,Lynn M. Thomas
crossref:10.1086/ahr.116.3.741,10.1086/ahr.116.3.741,2011,2011-06,,“Modernity”: The Peregrinations of a Contested Historiographical Concept,116,3,741-751,11,explicit_numeric_range,false,unclassified,Richard Wolin
crossref:10.1086/ahr.116.4.1014,10.1086/ahr.116.4.1014,2011,2011-10,,The Persistence of Transnational Organizing: The Case of the Homophile Movement,116,4,1014-1039,26,explicit_numeric_range,false,unclassified,Leila J. Rupp
crossref:10.1086/ahr.116.4.1040,10.1086/ahr.116.4.1040,2011,2011-10,,Global Perspectives on the Birth of the Prison,116,4,1040-1063,24,explicit_numeric_range,false,unclassified,Mary Gibson
crossref:10.1086/ahr.116.4.1243,10.1086/ahr.116.4.1243,2011,2011-10,,Other Books Received,116,4,1243-1254,12,explicit_numeric_range,false,unclassified,
crossref:10.1086/ahr.116.4.937,10.1086/ahr.116.4.937,2011,2011-10,,"Charter State Collapse in Southeast Asia, ca. 1250–1400, as a Problem in Regional and World History",116,4,937-963,27,explicit_numeric_range,false,unclassified,Victor Lieberman
crossref:10.1086/ahr.116.4.964,10.1086/ahr.116.4.964,2011,2011-10,,Lying Together: The Imperial Implications of Cross‐Cultural Untruths,116,4,964-986,23,explicit_numeric_range,false,unclassified,Joshua Piker
crossref:10.1086/ahr.116.4.987,10.1086/ahr.116.4.987,2011,2011-10,,"Anticolonial Homelands across the Indian Ocean: The Politics of the Indian Diaspora in Kenya, ca. 1930–1950",116,4,987-1013,27,explicit_numeric_range,false,unclassified,Sana Aiyar
crossref:10.1086/ahr.116.5.1269,10.1086/ahr.116.5.1269,2011,2011-12,,"A Trade of No Dishonor: Piracy, Commerce, and Community in the Western Indian Ocean, Twelfth to Sixteenth Century",116,5,1269-1293,25,explicit_numeric_range,false,unclassified,Sebastian R. Prange
crossref:10.1086/ahr.116.5.1294,10.1086/ahr.116.5.1294,2011,2011-12,,"Rethinking the Colonial State: Family, Gender, and Governmentality in Eighteenth-Century British Frontiers",116,5,1294-1322,29,explicit_numeric_range,false,unclassified,Kathleen Wilson
crossref:10.1086/ahr.116.5.1323,10.1086/ahr.116.5.1323,2011,2011-12,,"Freedom without Slavery? “Coolies,” Prostitutes, and Outcastes in Meiji Japan's “Emancipation Moment”",116,5,1323-1347,25,explicit_numeric_range,false,unclassified,Daniel V. Botsman
crossref:10.1086/ahr.116.5.1348,10.1086/ahr.116.5.1348,2011,2011-12,,Power and Connection: Imperial Histories of the United States in the World,116,5,1348-1391,44,explicit_numeric_range,false,unclassified,Paul A. Kramer
crossref:10.1086/ahr.116.5.1393,10.1086/ahr.116.5.1393,2011,2011-12,,AHRConversation: Historical Perspectives on the Circulation of Information,116,5,1392-1435,44,explicit_numeric_range,false,unclassified,Paul N. Edwards | Lisa Gitelman | Gabrielle Hecht | Adrian Johns | Brian Larkin | Neil Safier
crossref:10.1086/ahr.116.5.1627,10.1086/ahr.116.5.1627,2011,2011-12,,"Index toAmerican Historical Review, Volume 116",116,5,1627-1660,34,explicit_numeric_range,false,unclassified,
crossref:10.1086/ahr.117.1.1,10.1086/ahr.117.1.1,2012,2012-02,,The Republic of Letters in the American Colonies: Francis Daniel Pastorius Makes a Notebook,117,1,1-39,39,explicit_numeric_range,false,unclassified,Anthony Grafton
crossref:10.1086/ahr.117.1.122,10.1086/ahr.117.1.122,2012,2012-02,,Liberalism and Empire in Nineteenth‐Century International Law,117,1,122-140,19,explicit_numeric_range,false,unclassified,Andrew Fitzmaurice
crossref:10.1086/ahr.117.1.40,10.1086/ahr.117.1.40,2012,2012-02,,"Haiti, Free Soil, and Antislavery in the Revolutionary Atlantic",117,1,40-66,27,explicit_numeric_range,false,unclassified,Ada Ferrer
crossref:10.1086/ahr.117.1.68,10.1086/ahr.117.1.68,2012,2012-02,,"The Liberal Traditions in the Americas: Rights, Sovereignty, and the Origins of Liberal Multilateralism",117,1,68-91,24,explicit_numeric_range,false,unclassified,Greg Grandin
crossref:10.1086/ahr.117.1.92,10.1086/ahr.117.1.92,2012,2012-02,,Empire and Legal Universalisms in the Eighteenth Century,117,1,92-121,30,explicit_numeric_range,false,unclassified,Jennifer Pitts
crossref:10.1086/ahr.117.2.331,10.1086/ahr.117.2.331,2012,2012-04,,Toward a Cultural History of Scholastic Disputation,117,2,331-364,34,explicit_numeric_range,false,unclassified,Alex J. Novikoff
crossref:10.1086/ahr.117.2.365,10.1086/ahr.117.2.365,2012,2012-04,,Commons and Enclosure in the Colonization of North America,117,2,365-386,22,explicit_numeric_range,false,unclassified,Allan Greer
crossref:10.1086/ahr.117.2.387,10.1086/ahr.117.2.387,2012,2012-04,,The Mexicanization of American Politics: The United States' Transnational Path from Civil War to Stabilization,117,2,387-409,23,explicit_numeric_range,false,unclassified,Gregory P. Downs
crossref:10.1086/ahr.117.2.410,10.1086/ahr.117.2.410,2012,2012-04,,"The Children of the Desert and the Laws of the Sea: Austria, Great Britain, the Ottoman Empire, and the Mediterranean Slave Trade in the Nineteenth Century",117,2,410-444,35,explicit_numeric_range,false,unclassified,Alison Frank
crossref:10.1086/ahr.117.2.445,10.1086/ahr.117.2.445,2012,2012-04,,"Surface Tensions: Empire, Parisian Modernism, and “Authenticity” in African Sculpture, 1917–1939",117,2,445-475,31,explicit_numeric_range,false,unclassified,John Warne Monroe
crossref:10.1086/ahr.117.2.651,10.1086/ahr.117.2.651,2012,2012-04,,Other Books Received,117,2,651-660,10,explicit_numeric_range,false,unclassified,
crossref:10.1086/ahr.117.3.671,10.1086/ahr.117.3.671,2012,2012-06,,The International Politics of Vaccine Testing in Interwar Algiers,117,3,671-697,27,explicit_numeric_range,false,unclassified,Clifford Rosenberg
crossref:10.1086/ahr.117.3.700,10.1086/ahr.117.3.700,2012,2012-06,,When Was the Linguistic Turn? A Genealogy,117,3,700-722,23,explicit_numeric_range,false,unclassified,Judith Surkis
crossref:10.1086/ahr.117.3.723,10.1086/ahr.117.3.723,2012,2012-06,,From Optic to Topic: The Foreclosure Effect of Historiographic Turns,117,3,723-745,23,explicit_numeric_range,false,unclassified,Gary Wilder
crossref:10.1086/ahr.117.3.746,10.1086/ahr.117.3.746,2012,2012-06,,The Kids Are All Right: On the “Turning” of Cultural History,117,3,746-771,26,explicit_numeric_range,false,unclassified,James W. Cook
crossref:10.1086/ahr.117.3.772,10.1086/ahr.117.3.772,2012,2012-06,,Another Set of Imperial Turns?,117,3,772-793,22,explicit_numeric_range,false,unclassified,Durba Ghosh
crossref:10.1086/ahr.117.3.794,10.1086/ahr.117.3.794,2012,2012-06,,Comment: Not Yet Far Enough,117,3,794-803,10,explicit_numeric_range,false,unclassified,Julia Adeney Thomas
crossref:10.1086/ahr.117.3.804,10.1086/ahr.117.3.804,2012,2012-06,,Comment: Generational Turns,117,3,804-813,10,explicit_numeric_range,false,unclassified,Nathan Perl-Rosenthal
crossref:10.1093/ahr/117.4.1028,10.1093/ahr/117.4.1028,2012,2012-10-01,2012-09-21,"The First Green Revolution: Debt Peonage and the Making of the Nitrogen Fertilizer Trade, 1840–1930",117,4,1028-1060,33,explicit_numeric_range,false,unclassified,Edward D. Melillo
crossref:10.1093/ahr/117.4.1061,10.1093/ahr/117.4.1061,2012,2012-10-01,2012-09-21,Arab Existentialism: An Invisible Chapter in the Intellectual History of Decolonization,117,4,1061-1091,31,explicit_numeric_range,false,unclassified,Yoav Di-Capua
crossref:10.1093/ahr/117.4.1101,10.1093/ahr/117.4.1101,2012,2012-10-01,2012-09-21,Muslim or Christian? Family Quarrels and Religious Diagnosis in a Colonial Court,117,4,1101-1122,22,explicit_numeric_range,false,unclassified,Nandini Chatterjee
crossref:10.1093/ahr/117.4.1123,10.1093/ahr/117.4.1123,2012,2012-10-01,2012-09-21,The Paternal Obligation to Provide: Political Familialism in Early-Nineteenth-Century Chile,117,4,1123-1148,26,explicit_numeric_range,false,unclassified,Sarah C. Chambers
crossref:10.1093/ahr/117.4.1149,10.1093/ahr/117.4.1149,2012,2012-10-01,2012-09-21,The Irony of Legal Pluralism in U.S. Occupations,117,4,1149-1172,24,explicit_numeric_range,false,unclassified,Alan McPherson
crossref:10.1093/ahr/117.4.1349,10.1093/ahr/117.4.1349,2012,2012-10-01,2012-09-21,Other Books Received,117,4,1349-1362,14,explicit_numeric_range,false,unclassified,
crossref:10.1093/ahr/117.4.999,10.1093/ahr/117.4.999,2012,2012-10-01,2012-09-21,Enlightenment in Global History: A Historiographical Critique,117,4,999-1027,29,explicit_numeric_range,false,unclassified,Sebastian Conrad
crossref:10.1093/ahr/117.5.1373,10.1093/ahr/117.5.1373,2012,2012-12-01,2012-12-06,The Supple Whip: Innovation and Tradition in Mexican Catholicism,117,5,1373-1401,29,explicit_numeric_range,false,unclassified,Matthew D. O'Hara
crossref:10.1093/ahr/117.5.1411,10.1093/ahr/117.5.1411,2012,2012-12-01,2012-12-06,The Great Future Debate and the Struggle for the World,117,5,1411-1430,20,explicit_numeric_range,false,unclassified,Jenny Andersson
crossref:10.1093/ahr/117.5.1431,10.1093/ahr/117.5.1431,2012,2012-12-01,2012-12-06,"“General, I Have Fought Just as Many Nuclear Wars as You Have”: Forecasts, Future Scenarios, and the Politics of Armageddon",117,5,1431-1460,30,explicit_numeric_range,false,unclassified,Matthew Connelly | Matt Fay | Giulia Ferrini | Micki Kaufman | Will Leonard | Harrison Monsky | Ryan Musto | Taunton Paine | Nicholas Standish | Lydia Walker
crossref:10.1093/ahr/117.5.1461,10.1093/ahr/117.5.1461,2012,2012-12-01,2012-12-06,Imaginary Futures and Colonial Internationalisms,117,5,1461-1485,25,explicit_numeric_range,false,unclassified,Manu Goswami
crossref:10.1093/ahr/117.5.1487,10.1093/ahr/117.5.1487,2012,2012-12-01,2012-12-06,AHR Conversation: The Historical Study of Emotions,117,5,1487-1531,45,explicit_numeric_range,false,unclassified,Nicole Eustace | Eugenia Lean | Julie Livingston | Jan Plamper | William M. Reddy | Barbara H. Rosenwein
crossref:10.1093/ahr/117.5.1721,10.1093/ahr/117.5.1721,2012,2012-12-01,2012-12-11,"Index to American Historical Review, Volume 117",117,5,1721-1758,38,explicit_numeric_range,false,unclassified,
crossref:10.1093/ahr/118.1.1,10.1093/ahr/118.1.1,2013,2013-02-01,2013-02-04,Storytelling,118,1,1-19,19,explicit_numeric_range,false,unclassified,William Cronon
crossref:10.1093/ahr/118.1.104,10.1093/ahr/118.1.104,2013,2013-02-01,2013-02-04,"Phantoms of the Archive: Kwame Nkrumah, a Nazi Pilot Named Hanna, and the Contingencies of Postcolonial History-Writing",118,1,104-129,26,explicit_numeric_range,false,unclassified,Jean Allman
crossref:10.1093/ahr/118.1.130,10.1093/ahr/118.1.130,2013,2013-02-01,2013-02-14,Comment: The Futures of Transnational History,118,1,130-139,10,explicit_numeric_range,false,unclassified,M. P. Guterl
crossref:10.1093/ahr/118.1.20,10.1093/ahr/118.1.20,2013,2013-02-01,2013-02-04,"Immoral Rights: Korean Populist Collaborators and the Japanese Colonization of Korea, 1904–1910",118,1,20-44,25,explicit_numeric_range,false,unclassified,Yumi Moon
crossref:10.1093/ahr/118.1.46,10.1093/ahr/118.1.46,2013,2013-02-01,2013-02-04,Revisiting the Transatlantic 1920s: Vincent Sheean vs. Malcolm Cowley,118,1,46-75,30,explicit_numeric_range,false,unclassified,Nancy F. Cott
crossref:10.1093/ahr/118.1.76,10.1093/ahr/118.1.76,2013,2013-02-01,2013-02-04,"Malcolm X's Visit to Oxford University: U.S. Civil Rights, Black Britain, and the Special Relationship on Race",118,1,76-103,28,explicit_numeric_range,false,unclassified,Stephen Tuck
crossref:10.1093/ahr/118.2.317,10.1093/ahr/118.2.317,2013,2013-04-01,2013-04-04,"Unleashing the Beast: Animals, Energy, and the Economy of Labor in Ottoman Egypt",118,2,317-348,32,explicit_numeric_range,false,unclassified,Alan Mikhail
crossref:10.1093/ahr/118.2.349,10.1093/ahr/118.2.349,2013,2013-04-01,2013-04-04,Running into Whales: The History of the North Pacific from below the Waves,118,2,349-377,29,explicit_numeric_range,false,unclassified,Ryan Tucker Jones
crossref:10.1093/ahr/118.2.378,10.1093/ahr/118.2.378,2013,2013-04-01,2013-05-06,Interfaith Encounters between Jews and Christians in the Early Modern Period and Beyond: Toward a Framework,118,2,378-400,23,explicit_numeric_range,false,unclassified,D. Jutte
crossref:10.1093/ahr/118.2.401,10.1093/ahr/118.2.401,2013,2013-04-01,2013-04-04,Spacetime and the Muslim Journey West: Industrial Communications in the Making of the “Muslim World”,118,2,401-429,29,explicit_numeric_range,false,unclassified,Nile Green
crossref:10.1093/ahr/118.2.430,10.1093/ahr/118.2.430,2013,2013-04-01,2013-05-06,Seeing Subjectivity: Erotic Photography and the Optics of Desire,118,2,430-462,33,explicit_numeric_range,false,unclassified,J. V. Evans
crossref:10.1093/ahr/118.2.632,10.1093/ahr/118.2.632,2013,2013-04-01,2013-05-06,Other Books Received,118,2,632-641,10,explicit_numeric_range,false,unclassified,
crossref:10.1093/ahr/118.3.653,10.1093/ahr/118.3.653,2013,2013-06-01,2013-05-24,“Is It a Book That You Would Even Wish Your Wife or Your Servants to Read?” Obscenity Law and the Politics of Reading in Modern England,118,3,653-678,26,explicit_numeric_range,false,unclassified,Christopher Hilliard
crossref:10.1093/ahr/118.3.679,10.1093/ahr/118.3.679,2013,2013-06-01,2013-05-24,Sudden Nationhood: The Microdynamics of Intercommunal Relations in Bosnia-Herzegovina after World War II,118,3,679-707,29,explicit_numeric_range,false,unclassified,Max Bergholz
crossref:10.1093/ahr/118.3.709,10.1093/ahr/118.3.709,2013,2013-06-01,2013-05-24,History and the “Pre”,118,3,709-737,29,explicit_numeric_range,false,unclassified,Daniel Lord Smail | Shryock Andrew
crossref:10.1093/ahr/118.3.738,10.1093/ahr/118.3.738,2013,2013-06-01,2013-05-24,"Women, Men, and Cycles of Evangelism in the Southwest Borderlands, a.d. 750 to 1750",118,3,738-764,27,explicit_numeric_range,false,unclassified,James F. Brooks
crossref:10.1093/ahr/118.3.765,10.1093/ahr/118.3.765,2013,2013-06-01,2013-05-24,Contested Conjunctures: Brahman Communities and “Early Modernity” in India,118,3,765-787,23,explicit_numeric_range,false,unclassified,Rosalind O'Hanlon
crossref:10.1093/ahr/118.3.788,10.1093/ahr/118.3.788,2013,2013-06-01,2013-05-24,The End of Prehistory? An Africanist Comment,118,3,788-801,14,explicit_numeric_range,false,unclassified,Akinwumi Ogundiran
crossref:10.1093/ahr/118.4.1001,10.1093/ahr/118.4.1001,2013,2013-10-01,2013-09-25,“Having Many Wives” in Two American Rebellions: The Politics of Households and the Radically Conservative,118,4,1001-1028,28,explicit_numeric_range,false,unclassified,Sarah M. S. Pearsall
crossref:10.1093/ahr/118.4.1029,10.1093/ahr/118.4.1029,2013,2013-10-01,2013-10-04,Freed Serfs without Free People: Manumission in Imperial Russia,118,4,1029-1051,23,explicit_numeric_range,false,unclassified,A. K. Smith
crossref:10.1093/ahr/118.4.1052,10.1093/ahr/118.4.1052,2013,2013-10-01,2013-10-04,"Becoming Glandular: Endocrinology, Mass Culture, and Experimental Lives in the Interwar Age",118,4,1052-1076,25,explicit_numeric_range,false,unclassified,M. Pettit
crossref:10.1093/ahr/118.4.1077,10.1093/ahr/118.4.1077,2013,2013-10-01,2013-09-25,"Drive-In Socialism: Debating Modernities and Development in Dar es Salaam, Tanzania",118,4,1077-1104,28,explicit_numeric_range,false,unclassified,Laura Fair
crossref:10.1093/ahr/118.4.1105,10.1093/ahr/118.4.1105,2013,2013-10-01,2013-09-25,International Socialism and Decolonization during the 1950s: Competing Rights and the Postcolonial Order,118,4,1105-1132,28,explicit_numeric_range,false,unclassified,Talbot C. Imlay
crossref:10.1093/ahr/118.4.1300,10.1093/ahr/118.4.1300,2013,2013-10-01,2013-10-04,Other Books Received,118,4,1300-1309,10,explicit_numeric_range,false,unclassified,
crossref:10.1093/ahr/118.5.1319,10.1093/ahr/118.5.1319,2013,2013-12-01,2013-11-25,Between Eden and Empire: Huguenot Refugees and the Promise of New Worlds,118,5,1319-1344,26,explicit_numeric_range,false,unclassified,Owen Stanwood
crossref:10.1093/ahr/118.5.1345,10.1093/ahr/118.5.1345,2013,2013-12-01,2013-11-25,"The Invention of Latin America: A Transnational History of Anti-Imperialism, Democracy, and Race",118,5,1345-1375,31,explicit_numeric_range,false,unclassified,Michel Gobat
crossref:10.1093/ahr/118.5.1376,10.1093/ahr/118.5.1376,2013,2013-12-01,2013-11-25,"Whose Time Is It? The Pluralization of Time and the Global Condition, 1870s–1940s",118,5,1376-1402,27,explicit_numeric_range,false,unclassified,Vanessa Ogle
crossref:10.1093/ahr/118.5.1403,10.1093/ahr/118.5.1403,2013,2013-12-01,2013-11-25,"Two Stories about Art, Education, and Beauty in Twentieth-Century South Africa",118,5,1403-1429,27,explicit_numeric_range,false,unclassified,Daniel Magaziner
crossref:10.1093/ahr/118.5.1431,10.1093/ahr/118.5.1431,2013,2013-12-01,2013-11-25,AHR Conversation How Size Matters: The Question of Scale in History,118,5,1431-1472,42,explicit_numeric_range,false,unclassified,Sebouh David Aslanian | Joyce E. Chaplin | Ann McGrath | Kristin Mann
crossref:10.1093/ahr/118.5.1660,10.1093/ahr/118.5.1660,2013,2013-12,2013-11-25,"Index to American Historical Review, Volume 118",118,5,1660-1696,37,explicit_numeric_range,false,unclassified,
crossref:10.1093/ahr/119.1.1,10.1093/ahr/119.1.1,2014,2014-02-01,2014-01-30,Histories for a Less National Age,119,1,1-22,22,explicit_numeric_range,false,unclassified,Kenneth Pomeranz
crossref:10.1093/ahr/119.1.111,10.1093/ahr/119.1.111,2014,2014-02-01,2014-01-30,New York City's Spanish Shipping Agents and the Practice of State Power in the Atlantic Borderlands of World War II,119,1,111-141,31,explicit_numeric_range,false,unclassified,Brooke L. Blower
crossref:10.1093/ahr/119.1.23,10.1093/ahr/119.1.23,2014,2014-02,2014-01-30,"Gender, Soldiering, and Citizenship in the Mexican-American War of 1846–1848",119,1,23-46,24,explicit_numeric_range,false,unclassified,Peter Guardino
crossref:10.1093/ahr/119.1.47,10.1093/ahr/119.1.47,2014,2014-02-01,2014-01-30,"“Crimes against Humanity”: Human Rights, the British Empire, and the Origins of the Response to the Armenian Genocide",119,1,47-77,31,explicit_numeric_range,false,unclassified,Michelle Tusan
crossref:10.1093/ahr/119.1.78,10.1093/ahr/119.1.78,2014,2014-02-01,2014-01-30,Decrying White Peril: Interracial Sex and the Rise of Anticolonial Nationalism in the Gold Coast,119,1,78-110,33,explicit_numeric_range,false,unclassified,Carina E. Ray
crossref:10.1093/ahr/119.2.313,10.1093/ahr/119.2.313,2014,2014-04-01,2014-04-01,"Sovereignty and Empire in the North Sea, 1807–1918",119,2,313-338,26,explicit_numeric_range,false,unclassified,Jan Rüger
crossref:10.1093/ahr/119.2.339,10.1093/ahr/119.2.339,2014,2014-04-01,2014-04-01,"The Search for Coal in the Age of Empires: Ferdinand von Richthofen's Odyssey in China, 1860–1920",119,2,339-363,25,explicit_numeric_range,false,unclassified,Shellen Wu
crossref:10.1093/ahr/119.2.364,10.1093/ahr/119.2.364,2014,2014-04-01,2014-04-01,"Oriental by Design: Ottoman Jews, Imperial Style, and the Performance of Heritage",119,2,364-398,35,explicit_numeric_range,false,unclassified,Julia Phillips Cohen
crossref:10.1093/ahr/119.2.399,10.1093/ahr/119.2.399,2014,2014-04-01,2014-04-01,When Ottomans Become Turks: Commemorating the Conquest of Constantinople and Its Contribution to World History,119,2,399-433,35,explicit_numeric_range,false,unclassified,Gavin D. Brockett
crossref:10.1093/ahr/119.2.434,10.1093/ahr/119.2.434,2014,2014-04,2014-04-01,"Citizens, Squatters, and Asocials: The Right to Housing and the Politics of Difference in Post-Liberation France",119,2,434-459,26,explicit_numeric_range,false,unclassified,Minayo Nasiali
crossref:10.1093/ahr/119.2.678,10.1093/ahr/119.2.678,2014,2014-04,2014-04-01,"Index to American Historical Review, April 2014",119,2,678-687,10,explicit_numeric_range,false,unclassified,
crossref:10.1093/ahr/119.3.1044,10.1093/ahr/119.3.1044,2014,2014-06,2014-06-04,"Index to American Historical Review, June 2014",119,3,1044-1054,11,explicit_numeric_range,false,unclassified,
crossref:10.1093/ahr/119.3.689,10.1093/ahr/119.3.689,2014,2014-06-01,2014-06-04,The Overthrow of Maximilien Robespierre and the “Indifference” of the People,119,3,689-713,25,explicit_numeric_range,false,unclassified,Colin Jones
crossref:10.1093/ahr/119.3.714,10.1093/ahr/119.3.714,2014,2014-06-01,2014-06-04,Reading Soldiers' Moods: Russian Military Censorship and the Configuration of Feeling in World War I,119,3,714-740,27,explicit_numeric_range,false,unclassified,William G. Rosenberg
crossref:10.1093/ahr/119.3.749,10.1093/ahr/119.3.749,2014,2014-06,2014-06-04,Characteristics and Contours: Mapping American History in Europe,119,3,749-759,11,explicit_numeric_range,false,unclassified,Susan-Mary Grant | Michael Heale | Halina Parafianowicz | Maurizio Vaudagna
crossref:10.1093/ahr/119.3.760,10.1093/ahr/119.3.760,2014,2014-06,2014-06-04,“Brokering” or “Going Native”: Professional Structures and Intellectual Trajectories for European Historians of the United States,119,3,760-770,11,explicit_numeric_range,false,unclassified,Nicolas Barreyre | Max Edling | Simon Middleton | Sandra Scanlon | Irmina Wawrzyczek
crossref:10.1093/ahr/119.3.780,10.1093/ahr/119.3.780,2014,2014-06,2014-06-04,American History and European Identity,119,3,780-790,11,explicit_numeric_range,false,unclassified,Mario Del Pero | Tibor Frank | Martin Klimke | Helle Porsdam | Stephen Tuck
crossref:10.1093/ahr/119.4.1055,10.1093/ahr/119.4.1055,2014,2014-10-01,2014-10-03,Isolation and Economic Life in Eighteenth-Century France,119,4,1055-1082,28,explicit_numeric_range,false,unclassified,Emma Rothschild
crossref:10.1093/ahr/119.4.1083,10.1093/ahr/119.4.1083,2014,2014-10-01,2014-10-03,"“Join with Heart and Soul and Voice”: Music, Harmony, and Politics in the Early American Republic",119,4,1083-1116,34,explicit_numeric_range,false,unclassified,Kirsten E. Wood
crossref:10.1093/ahr/119.4.1117,10.1093/ahr/119.4.1117,2014,2014-10,2014-10-03,Introduction: Japan's New International History,119,4,1117-1128,12,explicit_numeric_range,false,unclassified,Louise Young
crossref:10.1093/ahr/119.4.1129,10.1093/ahr/119.4.1129,2014,2014-10-01,2014-10-03,The Emergence of an International Humanitarian Organization in Japan: The Tokugawa Origins of the Japanese Red Cross,119,4,1129-1153,25,explicit_numeric_range,false,unclassified,Sho Konishi
crossref:10.1093/ahr/119.4.1154,10.1093/ahr/119.4.1154,2014,2014-10-01,2014-10-03,Toward a Global Perspective of the Great War: Japan and the Foundations of a Twentieth-Century World,119,4,1154-1183,30,explicit_numeric_range,false,unclassified,Frederick R. Dickinson
crossref:10.1093/ahr/119.4.1184,10.1093/ahr/119.4.1184,2014,2014-10-01,2014-10-03,"The Perils of Co-Prosperity: Takeda Rintarō, Occupied Southeast Asia, and the Seductions of Postcolonial Empire",119,4,1184-1206,23,explicit_numeric_range,false,unclassified,Ethan Mark
crossref:10.1093/ahr/119.4.1415,10.1093/ahr/119.4.1415,2014,2014-10,2014-10-03,Other Books Received,119,4,1415-1425,11,explicit_numeric_range,false,unclassified,
crossref:10.1093/ahr/119.4.1429,10.1093/ahr/119.4.1429,2014,2014-10,2014-10-03,"Index to American Historical Review, October 2014",119,4,1429-1438,10,explicit_numeric_range,false,unclassified,
crossref:10.1093/ahr/119.5.1439,10.1093/ahr/119.5.1439,2014,2014-12-01,2014-12-01,Indian Indentured Labor and the History of International Rights Regimes,119,5,1439-1465,27,explicit_numeric_range,false,unclassified,Rachel Sturman
crossref:10.1093/ahr/119.5.1466,10.1093/ahr/119.5.1466,2014,2014-12-01,2014-12-01,"Seeing Things: Science, the Fourth Dimension, and Modern Enchantment",119,5,1466-1491,26,explicit_numeric_range,false,unclassified,Christopher White
crossref:10.1093/ahr/119.5.1500,10.1093/ahr/119.5.1500,2014,2014-12-01,2014-12-01,"The Nurture of Nature: Genetics, Epigenetics, and Environment in Human Biohistory",119,5,1500-1513,14,explicit_numeric_range,false,unclassified,John L. Brooke | Clark Spencer Larsen
crossref:10.1093/ahr/119.5.1514,10.1093/ahr/119.5.1514,2014,2014-12,2014-12-01,Coevolutionary History,119,5,1514-1528,15,explicit_numeric_range,false,unclassified,Edmund Russell
crossref:10.1093/ahr/119.5.1529,10.1093/ahr/119.5.1529,2014,2014-12-01,2014-12-01,"Emotions, Facultative Adaptation, and the History of Homicide",119,5,1529-1546,18,explicit_numeric_range,false,unclassified,Randolph Roth
crossref:10.1093/ahr/119.5.1547,10.1093/ahr/119.5.1547,2014,2014-12,2014-12-01,The Sentimental Family: A Biohistorical Perspective,119,5,1547-1562,16,explicit_numeric_range,false,unclassified,Kyle Harper
crossref:10.1093/ahr/119.5.1563,10.1093/ahr/119.5.1563,2014,2014-12,2014-12-01,Evolutionary Psychology and the Historian,119,5,1563-1575,13,explicit_numeric_range,false,unclassified,Walter Scheidel
crossref:10.1093/ahr/119.5.1576,10.1093/ahr/119.5.1576,2014,2014-12,2014-12-01,The Self and Its History,119,5,1576-1586,11,explicit_numeric_range,false,unclassified,Lynn Hunt
crossref:10.1093/ahr/119.5.1587,10.1093/ahr/119.5.1587,2014,2014-12-01,2014-12-01,"History and Biology in the Anthropocene: Problems of Scale, Problems of Value",119,5,1587-1607,21,explicit_numeric_range,false,unclassified,Julia Adeney Thomas
crossref:10.1093/ahr/119.5.1608,10.1093/ahr/119.5.1608,2014,2014-12-01,2014-12-01,"Historical Inquiry as a Distributed, Nomothetic, Evolutionary Discipline",119,5,1608-1620,13,explicit_numeric_range,false,unclassified,Norman Macleod
crossref:10.1093/ahr/119.5.1847,10.1093/ahr/119.5.1847,2014,2014-12,2014-12-01,"Index to American Historical Review, Volume 119",119,5,1847-1889,43,explicit_numeric_range,false,unclassified,
crossref:10.1093/ahr/120.1.1,10.1093/ahr/120.1.1,2015,2015-02-01,2015-02-09,Toward an Empirical History of Moral Thinking: The Case of Racial Theory in Mid-Nineteenth-Century France,120,1,1-27,27,explicit_numeric_range,false,unclassified,Jan E. Goldstein
crossref:10.1093/ahr/120.1.140,10.1093/ahr/120.1.140,2015,2015-02-01,2015-02-09,Muslim Encounters with Nazism and the Holocaust: The Ahmadi of Berlin and Jewish Convert to Islam Hugo Marcus,120,1,140-171,32,explicit_numeric_range,false,unclassified,Marc David Baer
crossref:10.1093/ahr/120.1.28,10.1093/ahr/120.1.28,2015,2015-02-01,2015-02-09,The Chicken or the Iegue: Human-Animal Relationships and the Columbian Exchange,120,1,28-60,33,explicit_numeric_range,false,unclassified,Marcy Norton
crossref:10.1093/ahr/120.1.395,10.1093/ahr/120.1.395,2015,2015-02,2015-02-09,"Index to American Historical Review, February 2015",120,1,395-405,11,explicit_numeric_range,false,unclassified,
crossref:10.1093/ahr/120.1.61,10.1093/ahr/120.1.61,2015,2015-02-01,2015-02-09,The Way to Wealth around the World: Benjamin Franklin and the Globalization of American Capitalism,120,1,61-97,37,explicit_numeric_range,false,unclassified,Sophus A. Reinert
crossref:10.1093/ahr/120.1.98,10.1093/ahr/120.1.98,2015,2015-02-01,2015-02-09,"Reexamining the American Genocide Debate: Meaning, Historiography, and New Methods",120,1,98-139,42,explicit_numeric_range,false,unclassified,Benjamin Madley
crossref:10.1093/ahr/120.2.407,10.1093/ahr/120.2.407,2015,2015-04-01,2015-04-01,"Medieval Law and Materiality: Shipwrecks, Finders, and Property on the Suffolk Coast, ca. 1380–1410",120,2,407-432,26,explicit_numeric_range,false,unclassified,Tom Johnson
crossref:10.1093/ahr/120.2.433,10.1093/ahr/120.2.433,2015,2015-04-01,2015-04-01,Atlantic History and the Slave Trade to Spanish America,120,2,433-461,29,explicit_numeric_range,false,unclassified,Alex Borucki | David Eltis | David Wheat
crossref:10.1093/ahr/120.2.462,10.1093/ahr/120.2.462,2015,2015-04-01,2015-04-01,Self-Determination: How a German Enlightenment Idea Became the Slogan of National Liberation and a Human Right,120,2,462-496,35,explicit_numeric_range,false,unclassified,Eric D. Weitz
crossref:10.1093/ahr/120.2.497,10.1093/ahr/120.2.497,2015,2015-04-01,2015-04-01,"“Cuba, My Love”: The Romance of Revolutionary Cuba in the Soviet Sixties",120,2,497-526,30,explicit_numeric_range,false,unclassified,Anne E. Gorsuch
crossref:10.1093/ahr/120.2.530,10.1093/ahr/120.2.530,2015,2015-04-01,2015-04-01,The History Manifesto: A Critique,120,2,530-542,13,explicit_numeric_range,false,unclassified,Deborah Cohen | Peter Mandler
crossref:10.1093/ahr/120.2.543,10.1093/ahr/120.2.543,2015,2015-04-01,2015-04-01,The History Manifesto: A Reply to Deborah Cohen and Peter Mandler,120,2,543-554,12,explicit_numeric_range,false,unclassified,David Armitage | Jo Guldi
crossref:10.1093/ahr/120.2.776,10.1093/ahr/120.2.776,2015,2015-04,2015-04-01,"Index to American Historical Review, April 2015",120,2,776-785,10,explicit_numeric_range,false,unclassified,
crossref:10.1093/ahr/120.3.1173,10.1093/ahr/120.3.1173,2015,2015-06,2015-06-01,"Index to American Historical Review, June 2015",120,3,1173-1183,11,explicit_numeric_range,false,unclassified,
crossref:10.1093/ahr/120.3.787,10.1093/ahr/120.3.787,2015,2015-06-01,2015-06-01,Retrieving the Lost Worlds of the Past: The Case for an Ontological Turn,120,3,787-810,24,explicit_numeric_range,false,unclassified,Greg Anderson
crossref:10.1093/ahr/120.3.811,10.1093/ahr/120.3.811,2015,2015-06-01,2015-06-01,Discovering Slave Conspiracies: New Fears of Rebellion and Old Paradigms of Plotting in Seventeenth-Century Barbados,120,3,811-843,33,explicit_numeric_range,false,unclassified,Jason T. Sharples
crossref:10.1093/ahr/120.3.852,10.1093/ahr/120.3.852,2015,2015-06-01,2015-06-01,Looking beyond Mau Mau: Archiving Violence in the Era of Decolonization,120,3,852-868,17,explicit_numeric_range,false,unclassified,Caroline Elkins
crossref:10.1093/ahr/120.3.869,10.1093/ahr/120.3.869,2015,2015-06-01,2015-06-01,"“Of Sovereignty”: Disputed Archives, “Wholly Modern” Archives, and the Post-Decolonization French and Algerian Republics, 1962–2012",120,3,869-883,15,explicit_numeric_range,false,unclassified,Todd Shepard
crossref:10.1093/ahr/120.3.884,10.1093/ahr/120.3.884,2015,2015-06,2015-06-01,Where Did the Empire Go? Archives and Decolonization in Britain,120,3,884-899,16,explicit_numeric_range,false,unclassified,Jordanna Bailkin
crossref:10.1093/ahr/120.3.900,10.1093/ahr/120.3.900,2015,2015-06-01,2015-06-01,"Black Holes, Dark Matter, and Buried Troves: Decolonization and the Multi-Sited Archives of Algerian Jewish History",120,3,900-919,20,explicit_numeric_range,false,unclassified,Sarah Abrevaya Stein
crossref:10.1093/ahr/120.3.920,10.1093/ahr/120.3.920,2015,2015-06,2015-06-01,“History without Documents”: The Vexed Archives of Decolonization in the Middle East,120,3,920-934,15,explicit_numeric_range,false,unclassified,Omnia El Shakry
crossref:10.1093/ahr/120.3.935,10.1093/ahr/120.3.935,2015,2015-06,2015-06-01,The Irony of Un-American Historiography: Daniel J. Boorstin and the Rediscovery of a U.S. Archive of Decolonization,120,3,935-950,16,explicit_numeric_range,false,unclassified,H. Reuben Neptune
crossref:10.1093/ahr/120.4.1185,10.1093/ahr/120.4.1185,2015,2015-10,2015-10-09,"Translations: Words, Things, Going Native, and Staying True",120,4,1185-1217,33,explicit_numeric_range,false,unclassified,Michael Wintroub
crossref:10.1093/ahr/120.4.1218,10.1093/ahr/120.4.1218,2015,2015-10,2015-10-09,The Colonial Rule of Law and the Legal Regime of Exception: Frontier “Fanaticism” and State Violence in British India,120,4,1218-1246,29,explicit_numeric_range,false,unclassified,Elizabeth Kolsky
crossref:10.1093/ahr/120.4.1253,10.1093/ahr/120.4.1253,2015,2015-10,2015-10-09,Hopeless Entanglement: The Short History of the Academic Humanities in South Africa,120,4,1253-1266,14,explicit_numeric_range,false,unclassified,Keith Breckenridge
crossref:10.1093/ahr/120.4.1267,10.1093/ahr/120.4.1267,2015,2015-10,2015-10-09,The Evolution of Chinese Humanities,120,4,1267-1282,16,explicit_numeric_range,false,unclassified,Hsiung Ping-chen
crossref:10.1093/ahr/120.4.1283,10.1093/ahr/120.4.1283,2015,2015-10,2015-10-09,From Priests to Pathfinders: The Fate of the Humanities and Social Sciences in Russia after World War II,120,4,1283-1298,16,explicit_numeric_range,false,unclassified,Oleg Kharkhordin
crossref:10.1093/ahr/120.4.1299,10.1093/ahr/120.4.1299,2015,2015-10,2015-10-09,The Humanities in British Universities since 1945,120,4,1299-1310,12,explicit_numeric_range,false,unclassified,Peter Mandler
crossref:10.1093/ahr/120.4.1311,10.1093/ahr/120.4.1311,2015,2015-10,2015-10-09,Humanities out of Joint,120,4,1311-1326,16,explicit_numeric_range,false,unclassified,Michael Meranze
crossref:10.1093/ahr/120.4.1327,10.1093/ahr/120.4.1327,2015,2015-10,2015-10-09,Soft Science: The Humanities in Mexico,120,4,1327-1342,16,explicit_numeric_range,false,unclassified,Erika Pani
crossref:10.1093/ahr/120.4.1343,10.1093/ahr/120.4.1343,2015,2015-10,2015-10-09,The Trajectory of Arab Islamic Humanism: The Dehumanization of a Tradition,120,4,1343-1353,11,explicit_numeric_range,false,unclassified,Abdulrazzak Patel
crossref:10.1093/ahr/120.4.1354,10.1093/ahr/120.4.1354,2015,2015-10,2015-10-09,Higher Education in the Indian Social Imaginary,120,4,1354-1367,14,explicit_numeric_range,false,unclassified,Sanjay Seth
crossref:10.1093/ahr/120.4.1369,10.1093/ahr/120.4.1369,2015,2015-10,2015-10-09,Participants,120,4,1369-1423,55,explicit_numeric_range,false,unclassified,Emmanuel Akyeampong | Caroline Arni | Pamela Kyle Crossley | Mark Hewitson | William H. Sewell
crossref:10.1093/ahr/120.4.1592,10.1093/ahr/120.4.1592,2015,2015-10,2015-10-09,Other Books Received,120,4,1592-1604,13,explicit_numeric_range,false,unclassified,
crossref:10.1093/ahr/120.5.1619,10.1093/ahr/120.5.1619,2015,2015-12,2015-12-10,"On the Cusp: Astrology, Politics, and Life-Writing in Early Imperial Russia",120,5,1619-1652,34,explicit_numeric_range,false,unclassified,Ernest A. Zitser | Robert Collis
crossref:10.1093/ahr/120.5.1653,10.1093/ahr/120.5.1653,2015,2015-12,2015-12-10,Wailing Walls and Iron Walls: The Western Wall as Sacred Symbol in Zionist National Iconography,120,5,1653-1681,29,explicit_numeric_range,false,unclassified,Arieh Bruce Saposnik
crossref:10.1093/ahr/120.5.1683,10.1093/ahr/120.5.1683,2015,2015-12,2015-12-10,"Ending Civil War at Rome: Rhetoric and Reality, 88 b.c.e.–197 c.e.",120,5,1683-1695,13,explicit_numeric_range,false,unclassified,Josiah Osgood
crossref:10.1093/ahr/120.5.1696,10.1093/ahr/120.5.1696,2015,2015-12,2015-12-10,Ending the French Wars of Religion,120,5,1696-1708,13,explicit_numeric_range,false,unclassified,Allan A. Tulchin
crossref:10.1093/ahr/120.5.1709,10.1093/ahr/120.5.1709,2015,2015-12,2015-12-10,From Peacemaking to Peacebuilding: The Multiple Endings of England’s Long Civil Wars,120,5,1709-1723,15,explicit_numeric_range,false,unclassified,Matthew Neufeld
crossref:10.1093/ahr/120.5.1724,10.1093/ahr/120.5.1724,2015,2015-12,2015-12-10,"Where the War Ended: Violence, Community, and Commemoration in China’s Nineteenth-Century Civil War",120,5,1724-1738,15,explicit_numeric_range,false,unclassified,Tobie Meyer-Fong
crossref:10.1093/ahr/120.5.1739,10.1093/ahr/120.5.1739,2015,2015-12,2015-12-10,Diminished Sovereignty and the Impossibility of “Civil War” in the Modern Middle East,120,5,1739-1752,14,explicit_numeric_range,false,unclassified,Ussama Makdisi
crossref:10.1093/ahr/120.5.1753,10.1093/ahr/120.5.1753,2015,2015-12,2015-12-10,Finding the Ending of America’s Civil War,120,5,1753-1766,14,explicit_numeric_range,false,unclassified,William A. Blair
crossref:10.1093/ahr/120.5.1767,10.1093/ahr/120.5.1767,2015,2015-12,2015-12-10,How Did the Spanish Civil War End? … Not So Well,120,5,1767-1783,17,explicit_numeric_range,false,unclassified,Sandie Holguín
crossref:10.1093/ahr/120.5.1784,10.1093/ahr/120.5.1784,2015,2015-12,2015-12-10,How Did the Civil War in El Salvador End?,120,5,1784-1797,14,explicit_numeric_range,false,unclassified,Joaquín M. Chávez
crossref:10.1093/ahr/120.5.1798,10.1093/ahr/120.5.1798,2015,2015-12,2015-12-10,Lost in Transitions: Civil War Termination in Sub-Saharan Africa,120,5,1798-1810,13,explicit_numeric_range,false,unclassified,William Reno
crossref:10.1093/ahr/120.5.1811,10.1093/ahr/120.5.1811,2015,2015-12,2015-12-10,Partisan Intervention and the Transformation of Afghanistan’s Civil War,120,5,1811-1828,18,explicit_numeric_range,false,unclassified,Abdulkader Sinno
crossref:10.1093/ahr/120.5.2030,10.1093/ahr/120.5.2030,2015,2015-12,2015-12-10,"Index toAmerican Historical Review, Volume 120",120,5,2030-2073,44,explicit_numeric_range,false,unclassified,
crossref:10.1093/ahr/121.1.1,10.1093/ahr/121.1.1,2016,2016-02,2016-02-11,"Class Acts: Latina Feminist Traditions, 1900–1930",121,1,1-16,16,explicit_numeric_range,false,unclassified,Vicki L. Ruiz
crossref:10.1093/ahr/121.1.101,10.1093/ahr/121.1.101,2016,2016-02,2016-02-11,Reassembling the Economic: New Departures in Historical Materialism,121,1,101-139,39,explicit_numeric_range,false,unclassified,Kenneth Lipartito
crossref:10.1093/ahr/121.1.143,10.1093/ahr/121.1.143,2016,2016-02,2016-02-11,"Harlem Crime, Soapbox Speeches, and Beauty Parlors: Digital Historical Context and the Challenge of Preserving Source Integrity",121,1,143-155,13,explicit_numeric_range,false,unclassified,Joshua Sternfeld
crossref:10.1093/ahr/121.1.156,10.1093/ahr/121.1.156,2016,2016-02,2016-02-11,"Digital Mapping as a Research Tool:Digital Harlem: Everyday Life, 1915–1930",121,1,156-166,11,explicit_numeric_range,false,unclassified,Stephen Robertson
crossref:10.1093/ahr/121.1.17,10.1093/ahr/121.1.17,2016,2016-02,2016-02-11,The Art of Claiming: Possession and Resistance in Early Modern Asia,121,1,17-38,22,explicit_numeric_range,false,unclassified,Adam Clulow
crossref:10.1093/ahr/121.1.176,10.1093/ahr/121.1.176,2016,2016-02,2016-02-11,"Narrative Interface for New Media History:Slave Revolt in Jamaica, 1760–1761",121,1,176-186,11,explicit_numeric_range,false,unclassified,Vincent Brown
crossref:10.1093/ahr/121.1.39,10.1093/ahr/121.1.39,2016,2016-02,2016-02-11,Dodging Rebellion: Politics and Gender in the Berbice Slave Uprising of 1763,121,1,39-69,31,explicit_numeric_range,false,unclassified,Marjoleine Kars
crossref:10.1093/ahr/121.1.70,10.1093/ahr/121.1.70,2016,2016-02,2016-02-11,Infinite Power to Change the World: Hydroelectricity and Engineered Climate Change in the Atlantropa Project,121,1,70-100,31,explicit_numeric_range,false,unclassified,Philipp Nicolas Lehmann
crossref:10.1093/ahr/121.2.377,10.1093/ahr/121.2.377,2016,2016-04,2016-04-06,The Transnational and the Text-Searchable: Digitized Sources and the Shadows They Cast,121,2,377-402,26,explicit_numeric_range,false,unclassified,Lara Putnam
crossref:10.1093/ahr/121.2.403,10.1093/ahr/121.2.403,2016,2016-04,2016-04-06,Sugar Machines: Picturing Industrialized Slavery,121,2,403-436,34,explicit_numeric_range,false,unclassified,John E. Crowley
crossref:10.1093/ahr/121.2.437,10.1093/ahr/121.2.437,2016,2016-04,2016-04-06,"Maidservants’ Tales: Narrating Domestic and Global History in Eurasia, 1600–1900",121,2,437-460,24,explicit_numeric_range,false,unclassified,Amy Stanley
crossref:10.1093/ahr/121.2.461,10.1093/ahr/121.2.461,2016,2016-04,2016-04-06,“The Gesture Speech of Mankind”: Old and New Entanglements in the Histories of American Indian and European Sign Languages,121,2,461-491,31,explicit_numeric_range,false,unclassified,Céline Carayon
crossref:10.1093/ahr/121.2.492,10.1093/ahr/121.2.492,2016,2016-04,2016-04-06,"Mass Housing, Late Modernism, and the Forging of Community in New York City and East Berlin, 1965–1989",121,2,492-521,30,explicit_numeric_range,false,unclassified,Annemarie Sammartino
crossref:10.1093/ahr/121.3.727,10.1093/ahr/121.3.727,2016,2016-06,2016-06-06,"After Death, Her Face Turned White: Blackness, Whiteness, and Sanctity in the Early Modern Hispanic World",121,3,727-754,28,explicit_numeric_range,false,unclassified,Erin Kathleen Rowe
crossref:10.1093/ahr/121.3.755,10.1093/ahr/121.3.755,2016,2016-06,2016-06-06,"Entangled States: The Translocal Repercussions of Rural Pacification in China, 1869–1873",121,3,755-779,25,explicit_numeric_range,false,unclassified,Melissa Macauley
crossref:10.1093/ahr/121.3.780,10.1093/ahr/121.3.780,2016,2016-06,2016-06-06,"Baltimore Teaches, Göttingen Learns: Cooperation, Competition, and the Research University",121,3,780-823,44,explicit_numeric_range,false,unclassified,Emily J. Levine
crossref:10.1093/ahr/121.3.824,10.1093/ahr/121.3.824,2016,2016-06,2016-06-06,"Capturing the Moment, Picturing History: Photographs of the Liberation of Paris",121,3,824-860,37,explicit_numeric_range,false,unclassified,Catherine E. Clark
crossref:10.1093/ahr/121.3.861,10.1093/ahr/121.3.861,2016,2016-06,2016-06-06,The Embodied Imagination in Recent Writings on Food History,121,3,861-887,27,explicit_numeric_range,false,unclassified,Jeffrey M. Pilcher
crossref:10.1093/ahr/121.4.1085,10.1093/ahr/121.4.1085,2016,2016-10,2016-10-05,"The Colonial Rebirth of British Anti-Slavery: The Liberated African Villages of Sierra Leone, 1815–1824",121,4,1085-1113,29,explicit_numeric_range,false,unclassified,Padraic X. Scanlan
crossref:10.1093/ahr/121.4.1114,10.1093/ahr/121.4.1114,2016,2016-10,2016-10-05,Reading Tree in Nature’s Nation: Toward a Field Guide to Sylvan Literacy in the Nineteenth-Century United States,121,4,1114-1140,27,explicit_numeric_range,false,unclassified,Daegan Miller
crossref:10.1093/ahr/121.4.1141,10.1093/ahr/121.4.1141,2016,2016-10,2016-10-05,A Fiscal Revolution: Statecraft in France’s Early Third Republic,121,4,1141-1166,26,explicit_numeric_range,false,unclassified,Stephen W. Sawyer
crossref:10.1093/ahr/121.4.1167,10.1093/ahr/121.4.1167,2016,2016-10,2016-10-05,"Lesbianism, Transvestitism, and the Nazi State: A Microhistory of a Gestapo Investigation, 1939–1943",121,4,1167-1195,29,explicit_numeric_range,false,unclassified,Laurie Marhoefer
crossref:10.1093/ahr/121.4.1196,10.1093/ahr/121.4.1196,2016,2016-10,2016-10-05,"Milking the Third World? Humanitarianism, Capitalism, and the Moral Economy of the Nestlé Boycott",121,4,1196-1224,29,explicit_numeric_range,false,unclassified,Tehila Sasson
crossref:10.1093/ahr/121.4.1408,10.1093/ahr/121.4.1408,2016,2016-10,2016-10-05,Other Books Received,121,4,1408-1419,12,explicit_numeric_range,false,unclassified,
crossref:10.1093/ahr/121.5.1444,10.1093/ahr/121.5.1444,2016,2016-12,2016-12-07,“The Capital of the Men without a Country”: Migrants and Anticolonialism in Interwar Paris,121,5,1444-1467,24,explicit_numeric_range,false,unclassified,Michael Goebel
crossref:10.1093/ahr/121.5.1468,10.1093/ahr/121.5.1468,2016,2016-12,2016-12-07,Murder at London Zoo: Late Colonial Sympathy in Interwar Britain,121,5,1468-1491,24,explicit_numeric_range,false,unclassified,Jonathan Saha
crossref:10.1093/ahr/121.5.1492,10.1093/ahr/121.5.1492,2016,2016-12,2016-12-07,Decolonizing the Smithsonian: Museums as Microcosms of Political Encounter,121,5,1492-1520,29,explicit_numeric_range,false,unclassified,Claire Wintle
crossref:10.1093/ahr/121.5.1552,10.1093/ahr/121.5.1552,2016,2016-12,2016-12-07,Storytelling and the Spectrum of the Past,121,5,1552-1565,14,explicit_numeric_range,false,unclassified,Amitav Ghosh
crossref:10.1093/ahr/121.5.1567,10.1093/ahr/121.5.1567,2016,2016-12,2016-12-07,AHR Conversation: History after the End of History: Reconceptualizing the Twentieth Century,121,5,1567-1607,41,explicit_numeric_range,false,unclassified,Manu Goswami | Gabrielle Hecht | Adeeb Khalid | Anna Krylova | Elizabeth F. Thompson | Jonathan R. Zatlin | Andrew Zimmerman
crossref:10.1093/ahr/121.5.1810,10.1093/ahr/121.5.1810,2016,2016-12,2016-12-07,"Index to American Historical Review , Volume 121",121,5,1810-1850,41,explicit_numeric_range,false,unclassified,
crossref:10.1093/ahr/122.1.1,10.1093/ahr/122.1.1,2017,2017-02-01,2017-01-31,Inequality: Historical and Disciplinary Approaches,122,1,1-22,22,explicit_numeric_range,false,unclassified,Patrick Manning
crossref:10.1093/ahr/122.1.23,10.1093/ahr/122.1.23,2017,2017-02-01,2017-01-31,"History in the Dungeon: Atlantic Slavery and the Spirit of Capitalism in Cape Coast Castle, Ghana",122,1,23-54,32,explicit_numeric_range,false,unclassified,Andrew Apter
crossref:10.1093/ahr/122.1.55,10.1093/ahr/122.1.55,2017,2017-02-01,2017-01-31,"To Coddle and Caress These Great Capitalists: Eastern Money, Frontier Populism, and the Politics of Market-Making in the American West",122,1,55-84,30,explicit_numeric_range,false,unclassified,Noam Maggor
crossref:10.1093/ahr/122.1.85,10.1093/ahr/122.1.85,2017,2017-02-01,2017-01-31,"The Quest for an “Indigenous Church”: German Missionaries, Chinese Christians, and the Indigenization Debates of the 1920s",122,1,85-114,30,explicit_numeric_range,false,unclassified,Albert Monshan Wu
crossref:10.1093/ahr/122.2.317,10.1093/ahr/122.2.317,2017,2017-04-01,2017-03-30,"Fatal Differences: Suicide, Race, and Forced Labor in the Americas",122,2,317-345,29,explicit_numeric_range,false,unclassified,Marc A. Hertzman
crossref:10.1093/ahr/122.2.346,10.1093/ahr/122.2.346,2017,2017-04,2017-03-30,Governing the Living and the Dead: Mecca and the Emergence of the Saudi Biopolitical State,122,2,346-370,25,explicit_numeric_range,false,unclassified,John M. Willis
crossref:10.1093/ahr/122.2.371,10.1093/ahr/122.2.371,2017,2017-04-01,2017-03-30,Between “Rural Youth” and Empire: Social and Emotional Dynamics of Youth Mobilization in the Countryside of Colonial Taiwan under Japan’s Total War,122,2,371-398,28,explicit_numeric_range,false,unclassified,Sayaka Chatani
crossref:10.1093/ahr/122.2.400,10.1093/ahr/122.2.400,2017,2017-04-01,2017-03-30,Historical Research in a Digital Age: Reflections from the Mapping the Republic of Letters Project,122,2,400-424,25,explicit_numeric_range,false,unclassified,Dan Edelstein | Paula Findlen | Giovanna Ceserani | Caroline Winterer | Nicole Coleman
crossref:10.1093/ahr/122.2.425,10.1093/ahr/122.2.425,2017,2017-04-01,2017-03-30,British Travelers in Eighteenth-Century Italy: The Grand Tour and the Profession of Architecture,122,2,425-450,26,explicit_numeric_range,false,unclassified,Giovanna Ceserani | Giorgio Caviglia | Nicole Coleman | Thea De Armond | Sarah Murray | Molly Taylor-Poleskey
crossref:10.1093/ahr/122.2.451,10.1093/ahr/122.2.451,2017,2017-04,2017-03-30,Reading the Grand Tour at a Distance: Archives and Datasets in Digital History,122,2,451-463,13,explicit_numeric_range,false,unclassified,Jason M. Kelly
crossref:10.1093/ahr/122.3.653,10.1093/ahr/122.3.653,2017,2017-06-01,2017-06-08,Rumors of Slavery: Defending Emancipation in a Hostile Caribbean,122,3,653-679,27,explicit_numeric_range,false,unclassified,Anne Eller
crossref:10.1093/ahr/122.3.680,10.1093/ahr/122.3.680,2017,2017-06-01,2017-06-08,The Qianlong Emperor’s Letter to George III and the Early-Twentieth-Century Origins of Ideas about Traditional China’s Foreign Relations,122,3,680-701,22,explicit_numeric_range,false,unclassified,Henrietta Harrison
crossref:10.1093/ahr/122.3.702,10.1093/ahr/122.3.702,2017,2017-06-01,2017-06-08,"“Condemned to Rootlessness and Unable to Budge”: Roma, Migration Panics, and Internment in the Habsburg Empire",122,3,702-726,25,explicit_numeric_range,false,unclassified,Tara Zahra
crossref:10.1093/ahr/122.3.727,10.1093/ahr/122.3.727,2017,2017-06-01,2017-06-08,Covert and Overt Operations: Interwar Political Policing in the United States and the United Kingdom,122,3,727-757,31,explicit_numeric_range,false,unclassified,Jennifer Luff
crossref:10.1093/ahr/122.3.758,10.1093/ahr/122.3.758,2017,2017-06-01,2017-06-08,The Authenticity of Heritage: Global Norm-Making at the Crossroads of Cultures,122,3,758-791,34,explicit_numeric_range,false,unclassified,Aurélie Élisa Gfeller
crossref:10.1093/ahr/122.4.1001,10.1093/ahr/122.4.1001,2017,2017-10-01,2017-10-03,The Problem of Imperial Relatives in Early Modern Empires and the Making of Qing China,122,4,1001-1037,37,explicit_numeric_range,false,unclassified,Macabe Keliher
crossref:10.1093/ahr/122.4.1038,10.1093/ahr/122.4.1038,2017,2017-10-01,2017-10-03,"Slavery, Sovereignty, and “Inheritable Blood”: Reconsidering John Locke and the Origins of American Slavery",122,4,1038-1078,41,explicit_numeric_range,false,unclassified,Holly Brewer
crossref:10.1093/ahr/122.4.1079,10.1093/ahr/122.4.1079,2017,2017-10-01,2017-10-03,On the Origin of Theories: Charles Darwin’s Vocabulary of Method,122,4,1079-1104,26,explicit_numeric_range,false,unclassified,Henry M. Cowles
crossref:10.1093/ahr/122.4.1105,10.1093/ahr/122.4.1105,2017,2017-10-01,2017-10-03,"How to Break a State: The Habsburg Monarchy’s Internal War, 1914–1918",122,4,1105-1136,32,explicit_numeric_range,false,unclassified,John Deak | Jonathan E. Gumz
crossref:10.1093/ahr/122.4.1137,10.1093/ahr/122.4.1137,2017,2017-10-01,2017-10-03,"American Danger: United States Empire, Eurafrica, and the Territorialization of Industrial Capitalism, 1870–1950",122,4,1137-1170,34,explicit_numeric_range,false,unclassified,Sven Beckert
crossref:10.1093/ahr/122.4.1369,10.1093/ahr/122.4.1369,2017,2017-10-01,2017-10-03,Other Books Received,122,4,1369-1382,14,explicit_numeric_range,false,unclassified,
crossref:10.1093/ahr/122.5.1403,10.1093/ahr/122.5.1403,2017,2017-12-01,2017-12-11,"“Who Hold the Balance of the World?” Bankers at the Congress of Vienna, and in International History",122,5,1403-1430,28,explicit_numeric_range,false,unclassified,Glenda Sluga
crossref:10.1093/ahr/122.5.1431,10.1093/ahr/122.5.1431,2017,2017-12-01,2017-12-11,"Archipelago Capitalism: Tax Havens, Offshore Money, and the State, 1950s–1970s",122,5,1431-1458,28,explicit_numeric_range,false,unclassified,Vanessa Ogle
crossref:10.1093/ahr/122.5.1459,10.1093/ahr/122.5.1459,2017,2017-12-01,2017-12-11,How Americans Give: The Financialization of American Jewish Philanthropy,122,5,1459-1489,31,explicit_numeric_range,false,unclassified,Lila Corwin Berman
crossref:10.1093/ahr/122.5.1490,10.1093/ahr/122.5.1490,2017,2017-12-01,2017-12-11,Appreciating Assets: New Directions in the History of Political Economy,122,5,1490-1499,10,explicit_numeric_range,false,unclassified,Jonathan Levy
crossref:10.1093/ahr/122.5.1501,10.1093/ahr/122.5.1501,2017,2017-12-01,2017-12-11,"AHR Conversation: Walls, Borders, and Boundaries in World History",122,5,1501-1553,53,explicit_numeric_range,false,unclassified,Suzanne Conklin Akbari | Tamar Herzog | Daniel Jütte | Carl Nightingale | William Rankin | Keren Weitzberg
crossref:10.1093/ahr/122.5.1737,10.1093/ahr/122.5.1737,2017,2017-12-01,2017-12-11,"Index to American Historical Review, Volume 122",122,5,1737-1775,39,explicit_numeric_range,false,unclassified,
crossref:10.1093/ahr/123.1.1,10.1093/ahr/123.1.1,2018,2018-02-01,2018-02-06,White Freedom and the Lady of Liberty,123,1,1-27,27,explicit_numeric_range,false,unclassified,Tyler Stovall
crossref:10.1093/ahr/123.1.132,10.1093/ahr/123.1.132,2018,2018-02-01,2018-02-06,The Spine of American Law: Digital Text Analysis and U.S. Legal Practice,123,1,132-164,33,explicit_numeric_range,false,unclassified,Kellen Funk | Lincoln A. Mullen
crossref:10.1093/ahr/123.1.30,10.1093/ahr/123.1.30,2018,2018-02-01,2018-02-06,Making a Living: The Sex Trade in Early Modern Venice,123,1,30-59,30,explicit_numeric_range,false,unclassified,Joanne M. Ferraro
crossref:10.1093/ahr/123.1.60,10.1093/ahr/123.1.60,2018,2018-02-01,2018-02-06,"The Emotions of Motherhood: Love, Culture, and Poverty in Victorian Britain",123,1,60-85,26,explicit_numeric_range,false,unclassified,Emma Griffin
crossref:10.1093/ahr/123.1.86,10.1093/ahr/123.1.86,2018,2018-02-01,2018-02-06,"“Marks Hard to Erase”: The Troubled Reclamation of “Absorbed” Armenian Women, 1919–1927",123,1,86-123,38,explicit_numeric_range,false,unclassified,Rebecca Jinks
crossref:10.1093/ahr/123.2.393,10.1093/ahr/123.2.393,2018,2018-04-01,2018-04-02,The Geopolitics of Mobility: Immigration Policy and American Global Power in the Long Twentieth Century,123,2,393-438,46,explicit_numeric_range,false,unclassified,Paul A. Kramer
crossref:10.1093/ahr/123.2.463,10.1093/ahr/123.2.463,2018,2018-04-01,2018-04-02,Staging an Empire: An Ottoman Circumcision Ceremony as Cultural Performance,123,2,463-492,30,explicit_numeric_range,false,unclassified,Kaya Şahin
crossref:10.1093/ahr/123.2.493,10.1093/ahr/123.2.493,2018,2018-04-01,2018-04-02,"Charity and the End of Empire: British Non-Governmental Organizations, Africa, and International Development in the 1960s",123,2,493-517,25,explicit_numeric_range,false,unclassified,Matthew Hilton
crossref:10.1093/ahr/rhy001,10.1093/ahr/rhy001,2018,2018-04-01,2018-04-02,"Historicizing North Korea: State Socialism, Population Mobility, and Cold War Historiography",123,2,439-462,24,explicit_numeric_range,false,unclassified,Andre Schmid
crossref:10.1093/ahr/rhy002,10.1093/ahr/rhy002,2018,2018-04-01,2018-04-02,Thinking the Nation,123,2,518-528,11,explicit_numeric_range,false,unclassified,Max Bergholz
crossref:10.1093/ahr/123.3.779,10.1093/ahr/123.3.779,2018,2018-06-01,2018-05-30,Introduction: Breaking the Law of the Preservation of Energy of Historians,123,3,779-788,10,explicit_numeric_range,false,unclassified,Camilla Townsend
crossref:10.1093/ahr/123.3.789,10.1093/ahr/123.3.789,2018,2018-06-01,2018-05-30,"Bereft, Selfish, and Hungry: Greater Luhyia Concepts of the Poor in Precolonial East Africa",123,3,789-816,28,explicit_numeric_range,false,unclassified,Rhiannon Stephens
crossref:10.1093/ahr/123.3.817,10.1093/ahr/123.3.817,2018,2018-06-01,2018-05-30,Written into Submission: Reassessing Sovereignty through a Forgotten Eurasian Dynasty,123,3,817-845,29,explicit_numeric_range,false,unclassified,James Pickett
crossref:10.1093/ahr/123.3.846,10.1093/ahr/123.3.846,2018,2018-06-01,2018-05-30,The Waves of Heterotopia: Toward a Vernacular Intellectual History of the Indian Ocean,123,3,846-874,29,explicit_numeric_range,false,unclassified,Nile Green
crossref:10.1093/ahr/rhy011,10.1093/ahr/rhy011,2018,2018-06-01,2018-05-30,Crooked Lines of Relevance,123,3,875-885,11,explicit_numeric_range,false,unclassified,Pekka Hämäläinen
crossref:10.1093/ahr/rhy020,10.1093/ahr/rhy020,2018,2018-10-01,2018-10-04,Gender and the Politics of Anti-Semitism,123,4,1210-1222,13,explicit_numeric_range,false,unclassified,Stefanie Schüler-Springorum
crossref:10.1093/ahr/rhy022,10.1093/ahr/rhy022,2018,2018-10-01,2018-10-04,"An Imperial Entanglement: Anti-Semitism, Islamophobia, and Colonialism",123,4,1190-1209,20,explicit_numeric_range,false,unclassified,Ethan B. Katz
crossref:10.1093/ahr/rhy023,10.1093/ahr/rhy023,2018,2018-10-01,2018-10-04,"Homoeroticism in Antiquity and the Middle Ages: Acts, Identities, CulturesChristianity, Social Tolerance, and Homosexuality: Gay People in Western Europe from the Beginning of the Christian Era to the Fourteenth Century, by John Boswell",123,4,1246-1266,21,explicit_numeric_range,false,unclassified,Mathew Kuefler
crossref:10.1093/ahr/rhy024,10.1093/ahr/rhy024,2018,2018-10-01,2018-10-04,Introduction,123,4,1122-1138,17,explicit_numeric_range,false,unclassified,Jonathan Judaken
crossref:10.1093/ahr/rhy026,10.1093/ahr/rhy026,2018,2018-10-01,2018-10-04,“Islamic Anti-Semitism” in Historical Discourse,123,4,1172-1189,18,explicit_numeric_range,false,unclassified,Daniel J. Schroeter
crossref:10.1093/ahr/rhy027,10.1093/ahr/rhy027,2018,2018-10-01,2018-10-04,"Perversion by Penumbras: Wolfenden, Griswold, and the Transatlantic Trajectory of Sexual Privacy",123,4,1093-1121,29,explicit_numeric_range,false,unclassified,David Minto
crossref:10.1093/ahr/rhy028,10.1093/ahr/rhy028,2018,2018-10-01,2018-10-04,Postcolonialism and the Study of Anti-Semitism,123,4,1234-1245,12,explicit_numeric_range,false,unclassified,Bryan Cheyette
crossref:10.1093/ahr/rhy029,10.1093/ahr/rhy029,2018,2018-10-01,2018-10-04,Toward a History of the Term “Anti-Semitism”,123,4,1139-1150,12,explicit_numeric_range,false,unclassified,David Feldman
crossref:10.1093/ahr/rhy030,10.1093/ahr/rhy030,2018,2018-10-01,2018-10-04,"Strange Bedfellows? Anti-Semitism, Zionism, and the Fate of “the Jews”",123,4,1151-1171,21,explicit_numeric_range,false,unclassified,Scott Ury
crossref:10.1093/ahr/rhy031,10.1093/ahr/rhy031,2018,2018-10-01,2018-10-04,Literature and the Study of Anti-Semitism,123,4,1223-1233,11,explicit_numeric_range,false,unclassified,Maurice Samuels
crossref:10.1093/ahr/rhy193,10.1093/ahr/rhy193,2018,2018-10-01,2018-10-04,Other Books Received,123,4,1447-1462,16,explicit_numeric_range,false,unclassified,
crossref:10.1093/ahr/rhy201,10.1093/ahr/rhy201,2018,2018-12-01,2018-12-03,"“Life Is Movement, Movement Is Life!” Mobility Politics and the Circulatory State in Nazi Germany",123,5,1479-1503,25,explicit_numeric_range,false,unclassified,Andrew Denning
crossref:10.1093/ahr/rhy202,10.1093/ahr/rhy202,2018,2018-12-01,2018-12-03,The Power of Queer History,123,5,1560-1582,23,explicit_numeric_range,false,unclassified,Regina Kunzel
crossref:10.1093/ahr/rhy203,10.1093/ahr/rhy203,2018,2018-12-01,2018-12-03,"It’s All Over Now, Baby Blue",123,5,1583-1595,13,explicit_numeric_range,false,unclassified,Michael J. Watts
crossref:10.1093/ahr/rhy212,10.1093/ahr/rhy212,2018,2018-12-01,2018-12-03,"Living the Examined Life in the Antebellum North, and in the Post–World War II United StatesThe Grimké Sisters from South Carolina: Pioneers for Women’s Rights and Abolition, by Gerda Lerner",123,5,1547-1559,13,explicit_numeric_range,false,unclassified,Jacqueline Jones
crossref:10.1093/ahr/rhy383,10.1093/ahr/rhy383,2018,2018-12-01,2018-12-03,"Index to American Historical Review, Volume 123",123,5,1815-1850,36,explicit_numeric_range,false,unclassified,
crossref:10.1093/ahr/rhy389,10.1093/ahr/rhy389,2018,2018-12-01,2018-12-03,AHR Conversation: Each Generation Writes Its Own History of Generations,123,5,1505-1546,42,explicit_numeric_range,false,unclassified,Abosede George | Clive Glaser | Margaret D. Jacobs | Chitra Joshi | Emily Marker | Alexandra Walsham | Wang Zheng | Bernd Weisbrod
crossref:10.1093/ahr/rhy572,10.1093/ahr/rhy572,2019,2019-02-01,2019-02-04,History on the Diagonal,124,1,1-19,19,explicit_numeric_range,false,unclassified,Mary Beth Norton
crossref:10.1093/ahr/rhy573,10.1093/ahr/rhy573,2019,2019-02-01,2019-02-04,"From Cross-Cultural Credit to Colonial Debt: British Expansion in Madras and Canton, 1750–1800",124,1,87-107,21,explicit_numeric_range,false,unclassified,Jessica Hanser
crossref:10.1093/ahr/rhy574,10.1093/ahr/rhy574,2019,2019-02-01,2019-02-04,A Court of Sticks and Branches: Indian Jurisdiction in Colonial Mexico and Beyond,124,1,28-55,28,explicit_numeric_range,false,unclassified,Bianca Premo | Yanna Yannakakis
crossref:10.1093/ahr/rhy576,10.1093/ahr/rhy576,2019,2019-02-01,2019-02-04,"The Case of the Million-Dollar Duck: A Hunter, His Treaty, and the Bending of the Settler Contract",124,1,56-86,31,explicit_numeric_range,false,unclassified,Miranda Johnson
crossref:10.1093/ahr/rhy577,10.1093/ahr/rhy577,2019,2019-02-01,2019-02-04,Decolonizing Sovereignty: States of Exception along the Kenya-Somali Frontier,124,1,108-143,36,explicit_numeric_range,false,unclassified,Julie MacArthur
crossref:10.1093/ahr/rhy578,10.1093/ahr/rhy578,2019,2019-02-01,2019-02-04,"The Problem of Abolition in the Age of CapitalismThe Problem of Slavery in the Age of Revolution, 1770–1823, by David Brion Davis",124,1,144-163,20,explicit_numeric_range,false,unclassified,Manisha Sinha
crossref:10.1093/ahr/rhz175,10.1093/ahr/rhz175,2019,2019-04-01,2019-04-02,"Worlds without EndThe Aztecs under Spanish Rule: A History of the Indians of the Valley of Mexico, 1519–1810, by Charles Gibson",124,2,539-549,11,explicit_numeric_range,false,unclassified,Camilla Townsend
crossref:10.1093/ahr/rhz176,10.1093/ahr/rhz176,2019,2019-04-01,2019-04-02,"Immunity, Capital, and Power in Antebellum New Orleans",124,2,425-455,31,explicit_numeric_range,false,unclassified,Kathryn Olivarius
crossref:10.1093/ahr/rhz177,10.1093/ahr/rhz177,2019,2019-04-01,2019-04-02,The Death of Brazil’s National Museum,124,2,569-580,12,explicit_numeric_range,false,unclassified,Ana Lucia Araujo
crossref:10.1093/ahr/rhz239,10.1093/ahr/rhz239,2019,2019-04-01,2019-04-02,"The Walrus and the Bureaucrat: Energy, Ecology, and Making the State in the Russian and American Arctic, 1870–1950",124,2,483-510,28,explicit_numeric_range,false,unclassified,Bathsheba Demuth
crossref:10.1093/ahr/rhz252,10.1093/ahr/rhz252,2019,2019-04-01,2019-04-02,"Catholics, Protestants, and the Violent Birth of European Religious Pluralism",124,2,511-538,28,explicit_numeric_range,false,unclassified,Udi Greenberg
crossref:10.1093/ahr/rhz253,10.1093/ahr/rhz253,2019,2019-04-01,2019-04-02,"Early Modern Social Networks: Antecedents, Opportunities, and Challenges",124,2,456-482,27,explicit_numeric_range,false,unclassified,Kate Davison
crossref:10.1093/ahr/rhz286,10.1093/ahr/rhz286,2019,2019-04-01,2019-04-02,"Peering down the Memory Hole: Censorship, Digitization, and the Fragility of Our Knowledge Base",124,2,550-568,19,explicit_numeric_range,false,unclassified,Glenn D. Tiffert
crossref:10.1093/ahr/rhy571,10.1093/ahr/rhy571,2019,2019-06-01,2019-06-04,The Global Authoritarian Moment and the Revolt against Empire,124,3,843-877,35,explicit_numeric_range,false,unclassified,David Motadel
crossref:10.1093/ahr/rhz254,10.1093/ahr/rhz254,2019,2019-06-01,2019-06-04,Frantz Fanon and the CIA Man,124,3,983-995,13,explicit_numeric_range,false,unclassified,Thomas Meaney
crossref:10.1093/ahr/rhz315,10.1093/ahr/rhz315,2019,2019-06-01,2019-06-04,Rethinking the 1 Percent: The Failure of the Nobility in Old Regime France,124,3,911-932,22,explicit_numeric_range,false,unclassified,Jonathan Dewald
crossref:10.1093/ahr/rhz459,10.1093/ahr/rhz459,2019,2019-06-01,2019-06-04,Colonial Coups and the War on Popular Sovereignty,124,3,878-909,32,explicit_numeric_range,false,unclassified,Abdel Razzaq Takriti
crossref:10.1093/ahr/rhz577,10.1093/ahr/rhz577,2019,2019-06-01,2019-06-04,"Communicable Disease: Information, Health, and Globalization in the Interwar Period",124,3,813-842,30,explicit_numeric_range,false,unclassified,Heidi J. S. Tworek
crossref:10.1093/ahr/rhz316,10.1093/ahr/rhz316,2019,2019-10-01,2019-10-03,Freedom Summer “Homos”: An Archive Story,124,4,1351-1363,13,explicit_numeric_range,false,unclassified,Charles Francis
crossref:10.1093/ahr/rhz641,10.1093/ahr/rhz641,2019,2019-10-01,2019-10-03,The Materials of Home: Studying Domesticity in Late Colonial India,124,4,1302-1315,14,explicit_numeric_range,false,unclassified,Abigail McGowan
crossref:10.1093/ahr/rhz642,10.1093/ahr/rhz642,2019,2019-10-01,2019-10-03,“Maid’s Day Off”: Leisured Domesticity in the Mid-Twentieth-Century United States,124,4,1316-1331,16,explicit_numeric_range,false,unclassified,Annelise Heinz
crossref:10.1093/ahr/rhz644,10.1093/ahr/rhz644,2019,2019-10-01,2019-10-03,Translating Domesticity in Chinese History and Historiography,124,4,1278-1289,12,explicit_numeric_range,false,unclassified,Elizabeth LaCouture
crossref:10.1093/ahr/rhz645,10.1093/ahr/rhz645,2019,2019-10-01,2019-10-03,Fractured Domesticity in the Old Regime: Families and Global Goods in Eighteenth-Century France,124,4,1267-1277,11,explicit_numeric_range,false,unclassified,Julie Hardwick
crossref:10.1093/ahr/rhz646,10.1093/ahr/rhz646,2019,2019-10-01,2019-10-03,Reconsidering Domesticity through the Lens of Empire and Settler Society in North America,124,4,1249-1266,18,explicit_numeric_range,false,unclassified,Kathryn Kish Sklar
crossref:10.1093/ahr/rhz647,10.1093/ahr/rhz647,2019,2019-10-01,2019-10-03,"Domesticating Colonizers: Domesticity, Indigenous Domestic Labor, and the Modern Settler Colonial Nation",124,4,1290-1301,12,explicit_numeric_range,false,unclassified,Victoria Haskins
crossref:10.1093/ahr/rhz744,10.1093/ahr/rhz744,2019,2019-10-01,2019-10-03,Anticipating Armageddon: Nuclear Risk and the Neoliberal Sensibility in Thatcher’s Britain,124,4,1221-1245,25,explicit_numeric_range,false,unclassified,Ellen Boucher
crossref:10.1093/ahr/rhz863,10.1093/ahr/rhz863,2019,2019-10-01,2019-10-03,"Metahistory: The Historical Imagination in Nineteenth-Century Europe, by Hayden White",124,4,1337-1350,14,explicit_numeric_range,false,unclassified,Carolyn J. Dean
crossref:10.1093/ahr/rhz1017,10.1093/ahr/rhz1017,2019,2019-12-01,2019-12-10,"“The Myth Is Dead! Give Us Our History!” Reassessing Black Labor in African HistoryThe Moon Is Dead! Give Us Our Money! The Cultural Origins of an African Work Ethic, Natal, South Africa, 1843–1900, by Keletso E. Atkins",124,5,1758-1768,11,explicit_numeric_range,false,unclassified,T.J. Tallie
crossref:10.1093/ahr/rhz1021,10.1093/ahr/rhz1021,2019,2019-12-01,2019-12-10,"Colors of the Past: Archive, Art, and Amnesia in a Digital Age",124,5,1771-1781,11,explicit_numeric_range,false,unclassified,Santanu Das
crossref:10.1093/ahr/rhz1023,10.1093/ahr/rhz1023,2019,2019-12-01,2019-12-10,Networks and Opportunities: A Digital History of Ireland’s Great Famine Refugees in New York,124,5,1591-1629,39,explicit_numeric_range,false,unclassified,Tyler Anbinder | Cormac Ó Gráda | Simone A. Wegge
crossref:10.1093/ahr/rhz1173,10.1093/ahr/rhz1173,2019,2019-12-01,2019-12-10,"Index to American Historical Review, Volume 124",124,5,2014-2050,37,explicit_numeric_range,false,unclassified,
crossref:10.1093/ahr/rhz1189,10.1093/ahr/rhz1189,2019,2019-12-01,2019-12-10,"AHR Conversation: Museums, History, and the Public in a Global Age",124,5,1631-1672,42,explicit_numeric_range,false,unclassified,Ana Lucia Araujo | Alice L. Conklin | Steven Conn | Denise Y. Ho | Barbara Kirshenblatt-Gimblett | Samuel J. Redman
crossref:10.1093/ahr/rhz639,10.1093/ahr/rhz639,2019,2019-12-01,2019-12-10,In Living Color: Early “Impressions” of Slavery and the Limits of Living History,124,5,1732-1748,17,explicit_numeric_range,false,unclassified,Drew Swanson
crossref:10.1093/ahr/rhaa079,10.1093/ahr/rhaa079,2020,2020-02-01,2020-02-03,Peak Document and the Future of History,125,1,1-18,18,explicit_numeric_range,false,unclassified,J. R. McNeill
crossref:10.1093/ahr/rhz1224,10.1093/ahr/rhz1224,2020,2020-02-01,2020-02-03,Greek in Their Own Way: Writing India and Japan into the World History of Architecture at the Turn of the Twentieth Century,125,1,19-53,35,explicit_numeric_range,false,unclassified,Sebastian Conrad
crossref:10.1093/ahr/rhz1225,10.1093/ahr/rhz1225,2020,2020-02-01,2020-02-03,"Political Theology and the Metamorphoses of The King’s Two BodiesThe King’s Two Bodies: A Study in Mediaeval Political Theology, by Ernst H. Kantorowicz",125,1,132-145,14,explicit_numeric_range,false,unclassified,Brett Edward Whalen
crossref:10.1093/ahr/rhz1227,10.1093/ahr/rhz1227,2020,2020-02-01,2020-02-03,Offshoring Migration Control: Guatemalan Transmigrants and the Construction of Mexico as a Buffer Zone,125,1,89-111,23,explicit_numeric_range,false,unclassified,Ana Raquel Minian
crossref:10.1093/ahr/rhz760,10.1093/ahr/rhz760,2020,2020-02-01,2020-02-03,"Archive Fever: Literature, Illegibility, and Historical Method",125,1,112-125,14,explicit_numeric_range,false,unclassified,Argyro Nicolaou
crossref:10.1093/ahr/rhz939,10.1093/ahr/rhz939,2020,2020-02-01,2020-02-03,"Saving the Vicuña: The Political, Biophysical, and Cultural History of Wild Animal Conservation in Peru, 1964–2000",125,1,54-88,35,explicit_numeric_range,false,unclassified,Emily Wakild
crossref:10.1093/ahr/rhaa150,10.1093/ahr/rhaa150,2020,2020-04-01,2020-04-13,The Global Politics of Anti-Racism: A View from the Canal Zone,125,2,460-486,27,explicit_numeric_range,false,unclassified,Rebecca Herman
crossref:10.1093/ahr/rhaa168,10.1093/ahr/rhaa168,2020,2020-04-01,2020-04-13,"A Man at Twenty, Aged at Twenty-Five: The Conscription Exam Age in Japan",125,2,427-437,11,explicit_numeric_range,false,unclassified,Sayaka Chatani
crossref:10.1093/ahr/rhaa169,10.1093/ahr/rhaa169,2020,2020-04-01,2020-04-13,Meticulous Imprecision: Calculating Age in Colonial Spanish American Law,125,2,396-406,11,explicit_numeric_range,false,unclassified,Bianca Premo
crossref:10.1093/ahr/rhaa184,10.1093/ahr/rhaa184,2020,2020-04-01,2020-04-13,Introduction,125,2,371-384,14,explicit_numeric_range,false,unclassified,Corinne T. Field | Nicholas L. Syrett
crossref:10.1093/ahr/rhaa185,10.1093/ahr/rhaa185,2020,2020-04-01,2020-04-13,Age and the Construction of Gendered and Raced Citizenship in the United States,125,2,438-450,13,explicit_numeric_range,false,unclassified,Corinne T. Field | Nicholas L. Syrett
crossref:10.1093/ahr/rhaa189,10.1093/ahr/rhaa189,2020,2020-04-01,2020-04-13,"Power, Knowledge, and the Epistemic Contract on Age: The Case of Colonial India",125,2,407-417,11,explicit_numeric_range,false,unclassified,Ishita Pande
crossref:10.1093/ahr/rhaa190,10.1093/ahr/rhaa190,2020,2020-04-01,2020-04-13,Old Age in European Cultures: A Significant Presence from Antiquity to the Present,125,2,385-395,11,explicit_numeric_range,false,unclassified,Pat Thane
crossref:10.1093/ahr/rhz1228,10.1093/ahr/rhz1228,2020,2020-04-01,2020-04-13,Historians and Ethics: Finding Anne Moody,125,2,487-497,11,explicit_numeric_range,false,unclassified,Françoise N. Hamlin
crossref:10.1093/ahr/rhz940,10.1093/ahr/rhz940,2020,2020-04-01,2020-04-13,Looking for the North American Invasion in Mexico City,125,2,498-516,19,explicit_numeric_range,false,unclassified,Thomas G. Connors | Raúl Isaí Muñoz
crossref:10.1093/ahr/rhaa237,10.1093/ahr/rhaa237,2020,2020-06-01,2020-06-29,Aztecs Abroad? Uncovering the Early Indigenous Atlantic,125,3,787-814,28,explicit_numeric_range,false,unclassified,Caroline Dodds Pennock
crossref:10.1093/ahr/rhaa242,10.1093/ahr/rhaa242,2020,2020-06-01,2020-06-29,"Renamed: The Living, the Dead, and the Global in Nineteenth-Century U.S. Christianity",125,3,815-839,25,explicit_numeric_range,false,unclassified,Hillary Kaell
crossref:10.1093/ahr/rhaa243,10.1093/ahr/rhaa243,2020,2020-06-01,2020-06-29,Repairing Damage: The Slave Ship Marcelin and the Haiti Trade in the Age of Abolition,125,3,869-898,30,explicit_numeric_range,false,unclassified,Mary Dewhurst Lewis
crossref:10.1093/ahr/rhz1226,10.1093/ahr/rhz1226,2020,2020-06-01,2020-06-29,The Racialization of International Law after the Haitian Revolution: The Holy See and National Sovereignty,125,3,841-868,28,explicit_numeric_range,false,unclassified,Julia Gaffield
crossref:10.1093/ahr/rhaa233,10.1093/ahr/rhaa233,2020,2020-10-21,2020-10-21,"The Kibbutz and the Ashram: Sarvodaya Agriculture, Israeli Aid, and the Global Imaginaries of Indian Development",125,4,1175-1204,30,explicit_numeric_range,false,unclassified,Benjamin Siegel
crossref:10.1093/ahr/rhaa239,10.1093/ahr/rhaa239,2020,2020-10-21,2020-10-21,"Sleeping in Church: Preaching, Boredom, and the Struggle for Attention in Medieval and Early Modern Europe",125,4,1146-1174,29,explicit_numeric_range,false,unclassified,Daniel Jütte
crossref:10.1093/ahr/rhaa369,10.1093/ahr/rhaa369,2020,2020-10-21,2020-10-21,"History of Children and Childhood—Being and Becoming, Dependent and Independent",125,4,1306-1316,11,explicit_numeric_range,false,unclassified,Bengt Sandin
crossref:10.1093/ahr/rhaa378,10.1093/ahr/rhaa378,2020,2020-10-21,2020-10-21,"Tensions of Transnationalism: Youth Rebellion, State Backlash, and 1968 in Poland",125,4,1232-1259,28,explicit_numeric_range,false,unclassified,Malgorzata Fidelis
crossref:10.1093/ahr/rhaa379,10.1093/ahr/rhaa379,2020,2020-10-21,2020-10-21,The Age of the Witness and the Age of Surveillance: Romani Holocaust Testimony and the Perils of Digital Scholarship,125,4,1205-1231,27,explicit_numeric_range,false,unclassified,Ari Joskowicz
crossref:10.1093/ahr/rhaa380,10.1093/ahr/rhaa380,2020,2020-10-21,2020-10-21,The Kids Aren’t All Right: Historians and the Problem of Childhood,125,4,1261-1285,25,explicit_numeric_range,false,unclassified,Sarah Maza
crossref:10.1093/ahr/rhaa450,10.1093/ahr/rhaa450,2020,2020-10-21,2020-10-21,Vocabula Amatoria: A Glossary of French Culinary Sex Terms,125,4,1323-1336,14,explicit_numeric_range,false,unclassified,Rachel Hope Cleves
crossref:10.1093/ahr/rhaa477,10.1093/ahr/rhaa477,2020,2020-10-21,2020-10-21,History’s Future in the Age of the Internet,125,4,1337-1346,10,explicit_numeric_range,false,unclassified,Daniel J. Story | Jo Guldi | Tim Hitchcock | Michelle Moravec
crossref:10.1093/ahr/rhaa509,10.1093/ahr/rhaa509,2020,2020-12-29,2020-12-29,A Shared Toxic History,125,5,1740-1750,11,explicit_numeric_range,false,unclassified,Heather F. Roller
crossref:10.1093/ahr/rhaa510,10.1093/ahr/rhaa510,2020,2020-12-29,2020-12-17,The Justinianic Plague and Global Pandemics: The Making of the Plague Concept,125,5,1632-1667,36,explicit_numeric_range,false,unclassified,Merle Eisenberg | Lee Mordechai
crossref:10.1093/ahr/rhaa511,10.1093/ahr/rhaa511,2020,2020-12-29,2020-12-17,The Four Black Deaths,125,5,1601-1631,31,explicit_numeric_range,false,unclassified,Monica H. Green
crossref:10.1093/ahr/rhaa512,10.1093/ahr/rhaa512,2020,2020-12-29,2020-12-29,Writing Apartheid: Ethnographic Collaborators and the Politics of Knowledge Production in Twentieth-Century South Africa,125,5,1668-1697,30,explicit_numeric_range,false,unclassified,Joel Cabrita
crossref:10.1093/ahr/rhaa513,10.1093/ahr/rhaa513,2020,2020-12-29,2020-12-29,AHR Conversation: Black Internationalism,125,5,1699-1739,41,explicit_numeric_range,false,unclassified,Monique Bedasse | Kim D. Butler | Carlos Fernandes | Dennis Laumann | Tejasvi Nagaraja | Benjamin Talton | Kira Thurman
crossref:10.1093/ahr/rhaa515,10.1093/ahr/rhaa515,2020,2020-12-29,2020-12-29,The Iron Cage of Erasure: American Indian Sovereignty in Jill Lepore’s These Truths,125,5,1752-1763,12,explicit_numeric_range,false,unclassified,Ned Blackhawk
crossref:10.1093/ahr/rhaa525,10.1093/ahr/rhaa525,2020,2020-12-29,2020-12-29,"Index to American Historical Review, Volume 125",125,5,2059-2097,39,explicit_numeric_range,false,unclassified,
crossref:10.1093/ahr/rhaa575,10.1093/ahr/rhaa575,2021,2021-03-01,2021-04-21,"Sounds of February, Smells of October: The Russian Revolution as Sensory Experience",126,1,140-165,26,explicit_numeric_range,false,unclassified,Jan Plamper
crossref:10.1093/ahr/rhab001,10.1093/ahr/rhab001,2021,2021-03-01,2021-04-21,Rabbis of the (Scientific) Revolution: Revealing the Hidden Corpus of Early Modern Translations Produced by Jewish Religious Thinkers,126,1,54-81,28,explicit_numeric_range,false,unclassified,Iris Idelson-Shein
crossref:10.1093/ahr/rhab002,10.1093/ahr/rhab002,2021,2021-03-01,2021-04-21,Deep Play? Video Games and the Historical Imaginary,126,1,180-198,19,explicit_numeric_range,false,unclassified,Andrew Denning
crossref:10.1093/ahr/rhab006,10.1093/ahr/rhab006,2021,2021-03-01,2021-04-21,Befeathering the European: The Matter of Feathers in the Material Renaissance,126,1,19-53,35,explicit_numeric_range,false,unclassified,Ulinka Rublack
crossref:10.1093/ahr/rhab007,10.1093/ahr/rhab007,2021,2021-03-01,2021-04-21,Cuban Racial Politics in Nineteenth-Century New York: A Critical Digital Approach,126,1,109-139,31,explicit_numeric_range,false,unclassified,Jesse Hoffnung-Garskof
crossref:10.1093/ahr/rhab008,10.1093/ahr/rhab008,2021,2021-03-01,2021-04-21,"Mold’s Dominion: Science, Empire, and Capitalism in a Globalizing World",126,1,82-108,27,explicit_numeric_range,false,unclassified,Gerard Sasges
crossref:10.1093/ahr/rhab009,10.1093/ahr/rhab009,2021,2021-03-01,2021-04-21,Archiving the Chilean Revolution,126,1,166-179,14,explicit_numeric_range,false,unclassified,José Ragas
crossref:10.1093/ahr/rhab010,10.1093/ahr/rhab010,2021,2021-03-01,2021-04-21,Slow History,126,1,1-18,18,explicit_numeric_range,false,unclassified,Mary Lindemann
crossref:10.1093/ahr/rhab063,10.1093/ahr/rhab063,2021,2021-03-01,2021-04-21,The Wiley Blackwell History of Islam,126,1,199-213,15,explicit_numeric_range,false,unclassified,Hatsuki Aishima | Hayrettin Yücesoy | R. Michael Feener | Osamu Otsuka | Satoshi Ogura | Kenji Kuroda | Hatsuki Aishima | Hilary Kalmbach | Armando Salvatore
crossref:10.1093/ahr/rhab191,10.1093/ahr/rhab191,2021,2021-09-06,2021-07-27,On Silence and History,126,2,685-699,15,explicit_numeric_range,false,unclassified,Lilia Topouzova
crossref:10.1093/ahr/rhab193,10.1093/ahr/rhab193,2021,2021-09-06,2021-05-31,Community-Engaged History: A Reflection on the 100th Anniversary of the 1921 Tulsa Race Massacre,126,2,670-684,15,explicit_numeric_range,false,unclassified,Karlos K. Hill
crossref:10.1093/ahr/rhab194,10.1093/ahr/rhab194,2021,2021-09-06,2021-07-07,"“The Vanished Power of the Usual Reign”: Jackson Lears, No Place of Grace, and the Struggle for Hegemony in History",126,2,655-669,15,explicit_numeric_range,false,unclassified,Andrew Seal
crossref:10.1093/ahr/rhab195,10.1093/ahr/rhab195,2021,2021-09-06,2021-07-08,"The Unexceptional State: Rethinking the State in the Nineteenth Century (France, United States)",126,2,481-503,23,explicit_numeric_range,false,unclassified,Nicolas Barreyre | Claire Lemercier
crossref:10.1093/ahr/rhab196,10.1093/ahr/rhab196,2021,2021-09-06,2021-07-07,“Toilet Paper Panic”: Uncertainty and Insecurity in Early 1970s Japan,126,2,530-554,25,explicit_numeric_range,false,unclassified,Eiko Maruko Siniawer
crossref:10.1093/ahr/rhab197,10.1093/ahr/rhab197,2021,2021-09-06,2021-07-15,"Walking While Indian, Walking While Black: Policing in a Colonial City",126,2,455-480,26,explicit_numeric_range,false,unclassified,Sylvia Sellers-García
crossref:10.1093/ahr/rhab198,10.1093/ahr/rhab198,2021,2021-09-06,2021-07-08,"Europe’s Forgotten Unfinished Revolution: Peasant Power, Social Mobilization, and Communism in the Southern Italian Countryside, 1943–45",126,2,504-529,26,explicit_numeric_range,false,unclassified,Rosario Forlenza
crossref:10.1093/ahr/rhab199,10.1093/ahr/rhab199,2021,2021-09-06,2021-07-13,"The Empire Strikes Back from Within: Colonial Liberation and the Korean Minority Question at the Birth of Postwar Japan, 1945–47",126,2,555-584,30,explicit_numeric_range,false,unclassified,Deokhyo Choi
crossref:10.1093/ahr/rhab200,10.1093/ahr/rhab200,2021,2021-09-06,2021-07-13,“A Genius without Direction”: The Abortive Exile of Dugmore Boetie and the Fate of Southern African Refugees in a Decolonizing Africa,126,2,585-622,38,explicit_numeric_range,false,unclassified,Benjamin N. Lawrance | Vusumuzi R. Kumalo
crossref:10.1093/ahr/rhab201,10.1093/ahr/rhab201,2021,2021-09-06,2021-07-13,"Grassroots Glasnost: Experimental Art, Participation, and Civic Life in 1980s East Berlin",126,2,623-654,32,explicit_numeric_range,false,unclassified,Briana J. Smith
crossref:10.1093/ahr/rhab351,10.1093/ahr/rhab351,2021,2021-11-09,2021-10-27,Made in Manchuria: The Transnational Origins of Socialist Industrialization in Maoist China,126,3,1072-1101,30,explicit_numeric_range,false,unclassified,Koji Hirata
crossref:10.1093/ahr/rhab352,10.1093/ahr/rhab352,2021,2021-11-09,2021-11-05,Finding Amica in the Archives: Navigating a Path between Strategic Collaboration and Independent Research,126,3,1154-1164,11,explicit_numeric_range,false,unclassified,Michelle Armstrong-Partida | Susan McDonough
crossref:10.1093/ahr/rhab353,10.1093/ahr/rhab353,2021,2021-11-09,2021-11-05,The Search for the Kayendo: Recovering the Lowcountry Rice Toolkit,126,3,1165-1183,19,explicit_numeric_range,false,unclassified,Caroline Grego
crossref:10.1093/ahr/rhab354,10.1093/ahr/rhab354,2021,2021-11-09,2021-11-05,Losing an Archive: Doing Place-Based History in the Age of the Anthropocene,126,3,1143-1153,11,explicit_numeric_range,false,unclassified,Catherine Tatiana Dunlop
crossref:10.1093/ahr/rhab355,10.1093/ahr/rhab355,2021,2021-11-09,2021-11-05,The Wages of Harlotry—Luise White’s The Comforts of Home: Prostitution in Colonial Nairobi (1990–2020),126,3,1121-1142,22,explicit_numeric_range,false,unclassified,Kenda Mutongi
crossref:10.1093/ahr/rhab356,10.1093/ahr/rhab356,2021,2021-11-09,2021-11-09,World History and the Tasman Sea,126,3,922-948,27,explicit_numeric_range,false,unclassified,Alison Bashford
crossref:10.1093/ahr/rhab357,10.1093/ahr/rhab357,2021,2021-11-09,2021-11-09,Freedom with Local Bonds: Custom and Manumission in the Age of Emancipation,126,3,949-977,29,explicit_numeric_range,false,unclassified,Adriana Chira
crossref:10.1093/ahr/rhab358,10.1093/ahr/rhab358,2021,2021-11-09,2021-11-09,Capitulations Redux: The Imperial Genealogy of the Post–World War I “Minority” Regimes,126,3,978-1000,23,explicit_numeric_range,false,unclassified,Laura Robson
crossref:10.1093/ahr/rhab359,10.1093/ahr/rhab359,2021,2021-11-09,2021-11-05,Critical Digital Archives: A Review from Archival Studies,126,3,1102-1120,19,explicit_numeric_range,false,unclassified,Itza A. Carbajal | Michelle Caswell
crossref:10.1093/ahr/rhab360,10.1093/ahr/rhab360,2021,2021-11-09,2021-11-09,The Ecology of Exchange: The Monetization of Roman Egypt,126,3,900-921,22,explicit_numeric_range,false,unclassified,Colin P. Elliott
crossref:10.1093/ahr/rhab361,10.1093/ahr/rhab361,2021,2021-11-09,2021-10-27,"To the East Turn: The Russian Revolution and the Black Radical Imagination in the United States, 1917–1924",126,3,1001-1045,45,explicit_numeric_range,false,unclassified,Winston James
crossref:10.1093/ahr/rhab401,10.1093/ahr/rhab401,2021,2021-11-09,2021-10-27,Soviet Secrecy: Toward a Social Map of Knowledge,126,3,1046-1071,26,explicit_numeric_range,false,unclassified,Asif Siddiqi
crossref:10.1093/ahr/rhab532,10.1093/ahr/rhab532,2021,2022-02-09,2021-12-18,Biafras of the Mind: French Postcolonial Humanitarianism in Global Conceptual History,126,4,1448-1484,37,explicit_numeric_range,false,unclassified,Lasse Heerten
crossref:10.1093/ahr/rhab533,10.1093/ahr/rhab533,2021,2022-02-09,2022-01-04,Listening to Extinction: Early Conservation Radio Sounds and the Silences of Species,126,4,1371-1395,25,explicit_numeric_range,false,unclassified,Alexandra Hui
crossref:10.1093/ahr/rhab534,10.1093/ahr/rhab534,2021,2022-02-09,2022-02-09,History Can Be Open Source: Democratic Dreams and the Rise of Digital History,126,4,1485-1511,27,explicit_numeric_range,false,unclassified,Joseph L. Locke | Ben Wright
crossref:10.1093/ahr/rhab535,10.1093/ahr/rhab535,2021,2022-02-09,2022-01-04,"Lula’s Prison Letters and the Brazilian Presidential Papers: Archives, Readings, and Uses",126,4,1520-1534,15,explicit_numeric_range,false,unclassified,Luciana Heymann | Alexandre Moreli
crossref:10.1093/ahr/rhab537,10.1093/ahr/rhab537,2021,2022-02-09,2022-01-04,France’s Role in the Holocaust Revisited: Marrus and Paxton’s Vichy France and the Jews,126,4,1535-1551,17,explicit_numeric_range,false,unclassified,Julia S. Torrie
crossref:10.1093/ahr/rhab538,10.1093/ahr/rhab538,2021,2022-02-09,2021-12-18,"“The Only Industry That Can Make Us Hold Our Own”: Black Agrarianism in South Africa from a Transatlantic Perspective, ca. 1910–1930",126,4,1396-1423,28,explicit_numeric_range,false,unclassified,Julia Tischler
crossref:10.1093/ahr/rhab539,10.1093/ahr/rhab539,2021,2022-02-09,2021-12-18,Africa’s Revolutionary Nineteenth Century and the Idea of the “Scramble”,126,4,1424-1447,24,explicit_numeric_range,false,unclassified,Richard Reid
crossref:10.1093/ahr/rhab540,10.1093/ahr/rhab540,2021,2022-02-09,2022-01-04,Ambivalent: Photography and Visibility in African History,126,4,1552-1573,22,explicit_numeric_range,false,unclassified,Jennifer Tucker | Matthew Fox-Amato | Zeynep Devrim Gürsel | Marius Kothor | Sumathi Ramaswamy | Olga Shevchenko
crossref:10.1093/ahr/rhab541,10.1093/ahr/rhab541,2021,2022-02-09,2022-01-04,Lula and His Politics of Cunning,126,4,1574-1591,18,explicit_numeric_range,false,unclassified,James R. Barrett | Benjamin A. Cowan | Benito Schmidt | Gay Seidman | John D. French
crossref:10.1093/ahr/rhac006,10.1093/ahr/rhac006,2021,2022-02-09,2022-02-09,"Index to American Historical Review, Volume 126",126,4,1718-1742,25,explicit_numeric_range,false,unclassified,
crossref:10.1093/ahr/rhac008,10.1093/ahr/rhac008,2022,2022-04-26,2022-04-26,Wartime Dollars and the Crowning of China’s Hog Bristle King,127,1,31-61,31,explicit_numeric_range,false,unclassified,Judd Kinzley
crossref:10.1093/ahr/rhac009,10.1093/ahr/rhac009,2022,2022-04-26,2022-04-26,"Blood and Bone, Tears and Oil",127,1,62-99,38,explicit_numeric_range,false,unclassified,Dagomar Degroot
crossref:10.1093/ahr/rhac010,10.1093/ahr/rhac010,2022,2022-04-26,2022-04-26,“That City Af loat”,127,1,100-128,29,explicit_numeric_range,false,unclassified,Cian T McMahon
crossref:10.1093/ahr/rhac011,10.1093/ahr/rhac011,2022,2022-04-26,2022-04-26,Slavery and Interethnic Sexual Violence,127,1,194-222,29,explicit_numeric_range,false,unclassified,Tamar Herzig
crossref:10.1093/ahr/rhac012,10.1093/ahr/rhac012,2022,2022-04-26,2022-04-26,Fiduciary Colonialism,127,1,223-253,31,explicit_numeric_range,false,unclassified,Emilie Connolly
crossref:10.1093/ahr/rhac013,10.1093/ahr/rhac013,2022,2022-04-26,2022-04-26,“Do You Call Yourself a White Man?”,127,1,159-193,35,explicit_numeric_range,false,unclassified,Susanne M Klausen
crossref:10.1093/ahr/rhac121,10.1093/ahr/rhac121,2022,2022-04-26,2022-04-26,"Historians and Their Publics, Then and Now",127,1,1-30,30,explicit_numeric_range,false,unclassified,Jacqueline Jones
crossref:10.1093/ahr/rhac133,10.1093/ahr/rhac133,2022,2022-04-26,2022-04-26,Rethinking Nationalism,127,1,311-371,61,explicit_numeric_range,false,unclassified,Cemil Aydin | Grace Ballor | Sebastian Conrad | Frederick Cooper | Nicole CuUnjieng Aboitiz | Richard Drayton | Michael Goebel | Pieter M Judson | Sandrine Kott | Nicola Miller | Aviel Roshwald | Glenda Sluga | Lydia Walker
crossref:10.1093/ahr/rhac144,10.1093/ahr/rhac144,2022,2022-04-26,2022-04-26,The Book as Archive,127,1,373-384,12,explicit_numeric_range,false,unclassified,Alex Hidalgo
crossref:10.1093/ahr/rhac145,10.1093/ahr/rhac145,2022,2022-04-26,2022-04-26,Empire on the Edge,127,1,129-158,30,explicit_numeric_range,false,unclassified,Samuel Dolbee
crossref:10.1093/ahr/rhac146,10.1093/ahr/rhac146,2022,2022-04-26,2022-04-26,Christine Jorgensen in Cuba,127,1,387-398,12,explicit_numeric_range,false,unclassified,Jennifer Lambe
crossref:10.1093/ahr/rhac147,10.1093/ahr/rhac147,2022,2022-04-26,2022-04-26,"Smell, History, and Heritage",127,1,261-309,49,explicit_numeric_range,false,unclassified,William Tullett | Inger Leemans | Hsuan Hsu | Stephanie Weismann | Cecilia Bembibre | Melanie A Kiechle | Duane Jethro | Anna Chen | Xuelei Huang | Jorge Otero-Pailos | Mark Bradley
crossref:10.1093/ahr/rhac150,10.1093/ahr/rhac150,2022,2022-09-19,2022-09-19,Making Whiffstory,127,2,881-893,13,explicit_numeric_range,false,unclassified,"Lizzie Marx | Sofia Collette Ehrich | William Tullett | Inger Leemans | Cecilia Bembibre | Odeuropa, IFF (www.iff.com), and Museum Ulm"
crossref:10.1093/ahr/rhac151,10.1093/ahr/rhac151,2022,2022-09-19,2022-09-19,The Privilege of Family History,127,2,600-633,34,explicit_numeric_range,false,unclassified,Kendra T Field
crossref:10.1093/ahr/rhac152,10.1093/ahr/rhac152,2022,2022-09-19,2022-09-19,Base Money,127,2,691-725,35,explicit_numeric_range,false,unclassified,Jeong Min Kim
crossref:10.1093/ahr/rhac153,10.1093/ahr/rhac153,2022,2022-09-19,2022-09-19,Making Disappearance Visible,127,2,664-690,27,explicit_numeric_range,false,unclassified,Marco Antonio Ramos
crossref:10.1093/ahr/rhac154,10.1093/ahr/rhac154,2022,2022-09-19,2022-09-19,A Capitol Orchard,127,2,573-599,27,explicit_numeric_range,false,unclassified,Michael Thornton
crossref:10.1093/ahr/rhac155,10.1093/ahr/rhac155,2022,2022-09-19,2022-09-19,Blood Brothers,127,2,634-663,30,explicit_numeric_range,false,unclassified,Leslie James
crossref:10.1093/ahr/rhac156,10.1093/ahr/rhac156,2022,2022-09-19,2022-09-19,"Gender History, Global History, and Atlantic Slavery",127,2,726-754,29,explicit_numeric_range,false,unclassified,Diana Paton
crossref:10.1093/ahr/rhac157,10.1093/ahr/rhac157,2022,2022-09-19,2022-09-19,Linga’s Dream?,127,2,755-785,31,explicit_numeric_range,false,unclassified,Philip Janzen
crossref:10.1093/ahr/rhac158,10.1093/ahr/rhac158,2022,2022-09-19,2022-09-19,As If I Wasn’t There,127,2,913-922,10,explicit_numeric_range,false,unclassified,Martha Hodes
crossref:10.1093/ahr/rhac159,10.1093/ahr/rhac159,2022,2022-09-19,2022-09-19,Whiffstory,127,2,849-879,31,explicit_numeric_range,false,unclassified,Inger Leemans | William Tullett | Cecilia Bembibre | Lizzie Marx
crossref:10.1093/ahr/rhac160,10.1093/ahr/rhac160,2022,2022-09-19,2022-09-19,The Algorithm,127,2,895-911,17,explicit_numeric_range,false,unclassified,Jo Guldi
crossref:10.1093/ahr/rhac161,10.1093/ahr/rhac161,2022,2022-09-19,2022-09-19,Toward an Archival Reckoning,127,2,799-829,31,explicit_numeric_range,false,unclassified,Ashley D Farmer | Steven D Booth | Tracy Drake | Raquel Flores-Clemons | Erin Glasco | Skyla S Hearn | Stacie Williams
crossref:10.1093/ahr/rhac162,10.1093/ahr/rhac162,2022,2022-09-19,2022-09-19,Monument Gallery,127,2,831-846,16,explicit_numeric_range,false,unclassified,Adom Getachew | Naomi Kebede
crossref:10.1093/ahr/rhac217,10.1093/ahr/rhac217,2022,2022-11-29,2022-11-29,Decolonizing Renaissance Humanism,127,3,1131-1161,31,explicit_numeric_range,false,unclassified,Stuart Michael McManus
crossref:10.1093/ahr/rhac218,10.1093/ahr/rhac218,2022,2022-11-29,2022-11-29,Reading beneath the Skin,127,3,1252-1287,36,explicit_numeric_range,false,unclassified,Sebestian Kroupa
crossref:10.1093/ahr/rhac219,10.1093/ahr/rhac219,2022,2022-11-29,2022-11-29,Urdu Ethics Literature and the Diversity of Muslim Thought in Colonial India,127,3,1162-1189,28,explicit_numeric_range,false,unclassified,Farina Mir
crossref:10.1093/ahr/rhac220,10.1093/ahr/rhac220,2022,2022-11-29,2022-11-29,Translating God on the Borders of Sovereignty,127,3,1102-1130,29,explicit_numeric_range,false,unclassified,Gili Kliger
crossref:10.1093/ahr/rhac260,10.1093/ahr/rhac260,2022,2022-11-29,2022-11-29,A Diaspora Moment,127,3,1190-1221,32,explicit_numeric_range,false,unclassified,Joseph Ben Prestel
crossref:10.1093/ahr/rhac261,10.1093/ahr/rhac261,2022,2022-11-29,2022-11-29,Skull Walls,127,3,1071-1101,31,explicit_numeric_range,false,unclassified,Christopher Heaney
crossref:10.1093/ahr/rhac262,10.1093/ahr/rhac262,2022,2022-11-29,2022-11-29,The Limits of Brotherhood,127,3,1222-1251,30,explicit_numeric_range,false,unclassified,Andrew Preston
crossref:10.1093/ahr/rhac266,10.1093/ahr/rhac266,2022,2022-11-29,2022-11-29,Capitalism and Africa: Revisiting Way of Death Thirty-Five Years after its Publication,127,3,1439-1448,10,explicit_numeric_range,false,unclassified,Mariana P Candido
crossref:10.1093/ahr/rhac293,10.1093/ahr/rhac293,2022,2022-11-29,2022-11-29,Seeing Madness in the Archives,127,3,1381-1391,11,explicit_numeric_range,false,unclassified,Ariel Mae Lambe
crossref:10.1093/ahr/rhac294,10.1093/ahr/rhac294,2022,2022-11-29,2022-11-29,Okinawa: Territory as Monument,127,3,1321-1338,18,explicit_numeric_range,false,unclassified,Alexis Dudden | Kim Inthavong
crossref:10.1093/ahr/rhac295,10.1093/ahr/rhac295,2022,2022-11-29,2022-11-29,We Are Not the Stories We Tell Ourselves,127,3,1295-1318,24,explicit_numeric_range,false,unclassified,Zoe Butt
crossref:10.1093/ahr/rhac337,10.1093/ahr/rhac337,2022,2022-11-29,2022-11-29,The Pandemic and History,127,3,1341-1378,38,explicit_numeric_range,false,unclassified,David Arnold | Pablo F. Gómez | Maria John | Angela Ki Che Leung | Kalala Ngalamulume | Dora Vargha
crossref:10.1093/ahr/rhac355,10.1093/ahr/rhac355,2022,2023-01-24,2023-01-24,Reading Private Photography,127,4,1606-1634,29,explicit_numeric_range,false,unclassified,Ofer Ashkenazi
crossref:10.1093/ahr/rhac356,10.1093/ahr/rhac356,2022,2023-01-24,2023-01-24,Compassion as an Agent of Historical Change,127,4,1752-1785,34,explicit_numeric_range,false,unclassified,Katie Barclay
crossref:10.1093/ahr/rhac357,10.1093/ahr/rhac357,2022,2023-01-24,2023-01-24,The Well That Wept Blood,127,4,1635-1658,24,explicit_numeric_range,false,unclassified,Oscar de la Torre
crossref:10.1093/ahr/rhac358,10.1093/ahr/rhac358,2022,2023-01-24,2023-01-24,Medicine and Health “in the Least Civilized Regions”,127,4,1715-1751,37,explicit_numeric_range,false,unclassified,David Carey
crossref:10.1093/ahr/rhac418,10.1093/ahr/rhac418,2022,2023-01-24,2023-01-24,The Political Geography of International Advocacy,127,4,1579-1605,27,explicit_numeric_range,false,unclassified,Lydia Walker
crossref:10.1093/ahr/rhac419,10.1093/ahr/rhac419,2022,2023-01-24,2023-01-24,Atlantis Restored,127,4,1687-1714,28,explicit_numeric_range,false,unclassified,Carl Wennerlind
crossref:10.1093/ahr/rhac459,10.1093/ahr/rhac459,2022,2023-01-24,2023-01-24,The Geography of Nonviolence,127,4,1659-1686,28,explicit_numeric_range,false,unclassified,Nico Slate
crossref:10.1093/ahr/rhac461,10.1093/ahr/rhac461,2022,2023-01-24,2023-01-24,Historians in the Museum,127,4,1874-1894,21,explicit_numeric_range,false,unclassified,Dariusz Stola | Piotr Cywiński | Paweł Machcewicz | Anna Ziębińska-Witek | Timothy Snyder
crossref:10.1093/ahr/rhac462,10.1093/ahr/rhac462,2022,2023-01-24,2023-01-24,The 1619 Project Forum,127,4,1792-1873,82,explicit_numeric_range,false,unclassified,Annette Gordon-Reed | Rose Stremlau | Malinda Lowery | Julie L. Reed | Joanne Barker | Daniel Sharfstein | Daryl Michael Scott | Karin Wulf | Sandra E. Greene | James H. Sweet | Eve M. Troutt Powell | Rachel Schine | Alan Mikhail | Erika Denise Edwards | Danielle Terrazas Williams | Indrani Chatterjee | Jeannette Eileen Jones | Crystal Moten | Faithe J. Day | Jake Silverstein
crossref:10.1093/ahr/rhad008,10.1093/ahr/rhad008,2023,2023-03-31,2023-03-31,Becoming Elizabeth,128,1,144-176,33,explicit_numeric_range,false,unclassified,Megan Eaton Robb
crossref:10.1093/ahr/rhad009,10.1093/ahr/rhad009,2023,2023-03-31,2023-03-31,When Hay Was King,128,1,177-213,37,explicit_numeric_range,false,unclassified,Ariel Ron
crossref:10.1093/ahr/rhad035,10.1093/ahr/rhad035,2023,2023-03-31,2023-03-31,A Holocaust Paragon of Virtue’s Rise to Fame,128,1,31-63,33,explicit_numeric_range,false,unclassified,Rotem Kowner
crossref:10.1093/ahr/rhad050,10.1093/ahr/rhad050,2023,2023-03-31,2023-03-31,Agnotology in Palestine/Israel,128,1,371-383,13,explicit_numeric_range,false,unclassified,Basma Fahoum | Arie M Dubnov
crossref:10.1093/ahr/rhad085,10.1093/ahr/rhad085,2023,2023-03-31,2023-03-31,"“Tunisian Islam,” Women’s Rights, and the Limits of French Empire in Twentieth-Century North Africa",128,1,64-88,25,explicit_numeric_range,false,unclassified,Julian Weideman
crossref:10.1093/ahr/rhad088,10.1093/ahr/rhad088,2023,2023-03-31,2023-03-31,"Liberty, Equality, Slavery",128,1,89-119,31,explicit_numeric_range,false,unclassified,Lauren R Clay
crossref:10.1093/ahr/rhad089,10.1093/ahr/rhad089,2023,2023-03-31,2023-03-31,Writing to Undo,128,1,214-248,35,explicit_numeric_range,false,unclassified,Giora Sternberg
crossref:10.1093/ahr/rhad090,10.1093/ahr/rhad090,2023,2023-03-31,2023-03-31,Everyday Economic Justice,128,1,120-143,24,explicit_numeric_range,false,unclassified,Louise E. Walker
crossref:10.1093/ahr/rhad138,10.1093/ahr/rhad138,2023,2023-03-31,2023-03-31,On Transnational and International History,128,1,255-332,78,explicit_numeric_range,false,unclassified,Paul Thomas Chamberlin | Kaysha Corinealdi | Cindy Ewing | Hussein Fancy | Arunabh Ghosh | Rebecca Herman | Raevin Jimenez | Maria John | Laleh Khalili | Julia Stephens | Erik R. Scott | Quinn Slobodian
crossref:10.1093/ahr/rhad139,10.1093/ahr/rhad139,2023,2023-03-31,2023-03-31,"Slave Trading as a Corporate Criminal Conspiracy, from the Calabar Massacre to BLM, 1767–2022",128,1,1-30,30,explicit_numeric_range,false,unclassified,James H. Sweet
crossref:10.1093/ahr/rhad140,10.1093/ahr/rhad140,2023,2023-03-31,2023-03-31,"Frustration, Joy, and Shards of Fact",128,1,385-394,10,explicit_numeric_range,false,unclassified,Mary Klann
crossref:10.1093/ahr/rhad141,10.1093/ahr/rhad141,2023,2023-03-31,2023-03-31,More than the Name of the Rose,128,1,335-369,35,explicit_numeric_range,false,unclassified,Marieke van Erp | William Tullett | Vincent Christlein | Thibault Ehrhart | Ali Hürriyetoğlu | Inger Leemans | Pasquale Lisena | Stefano Menini | Daniel Schwabe | Sara Tonelli | Raphaël Troncy | Mathias Zinnen
crossref:10.1093/ahr/rhad184,10.1093/ahr/rhad184,2023,2023-06-22,2023-06-22,Incident at Antelope Springs,128,2,938-948,11,explicit_numeric_range,false,unclassified,Lucas Bessire
crossref:10.1093/ahr/rhad185,10.1093/ahr/rhad185,2023,2023-06-22,2023-06-22,How Averages Became Normal,128,2,616-647,32,explicit_numeric_range,false,unclassified,John E Crowley
crossref:10.1093/ahr/rhad220,10.1093/ahr/rhad220,2023,2023-06-22,2023-06-22,Oysterman and Refugee,128,2,561-587,27,explicit_numeric_range,false,unclassified,Denise Y. Ho
crossref:10.1093/ahr/rhad226,10.1093/ahr/rhad226,2023,2023-06-22,2023-06-22,"CEPAL, the “International Monetary Fund of the Left”?",128,2,588-615,28,explicit_numeric_range,false,unclassified,Margarita Fajardo
crossref:10.1093/ahr/rhad228,10.1093/ahr/rhad228,2023,2023-06-22,2023-06-22,“Improper and Almost Rebellious Conduct”,128,2,648-684,37,explicit_numeric_range,false,unclassified,Max Mishler
crossref:10.1093/ahr/rhad229,10.1093/ahr/rhad229,2023,2023-06-22,2023-06-22,Sex with the Sound On,128,2,691-701,11,explicit_numeric_range,false,unclassified,Gillian Frank | Saniya Lee Ghanoui | Lauren Jae Gutterman
crossref:10.1093/ahr/rhad230,10.1093/ahr/rhad230,2023,2023-06-22,2023-06-22,The Agency Dilemma,128,2,883-937,55,explicit_numeric_range,false,unclassified,Anna Yu Krylova | William Sewell | Judith Walkowitz | Geoff Eley | Angela Zimmerman | Vivien Tejada
crossref:10.1093/ahr/rhad231,10.1093/ahr/rhad231,2023,2023-06-22,2023-06-22,A World of Contradictions,128,2,703-881,179,explicit_numeric_range,false,unclassified,Tara Zahra | Peter Becker | Kate Brown | Zachary Doleshal | Jamie Martin | Małgorzata Mazurek | David Petruccelli | Máté Rigó | Carolyn D Taratko
crossref:10.1093/ahr/rhad233,10.1093/ahr/rhad233,2023,2023-06-22,2023-06-22,"Nations, Politics, and the Role of History in East Central Europe",128,2,951-962,12,explicit_numeric_range,false,unclassified,Emily Greble | Vladislav Lilić
crossref:10.1093/ahr/rhad153,10.1093/ahr/rhad153,2023,2023-09-26,2023-09-26,Susie Protschky. Photographic Subjects: Monarchy and Visual Culture in Colonial Indonesia.,128,3,1427-1478,52,explicit_numeric_range,false,unclassified,Sandeep Ray
crossref:10.1093/ahr/rhad238,10.1093/ahr/rhad238,2023,2023-09-26,2023-09-26,"Excoriating Stalin, Criticizing Mao",128,3,1105-1143,39,explicit_numeric_range,false,unclassified,Martin Wagner
crossref:10.1093/ahr/rhad239,10.1093/ahr/rhad239,2023,2023-09-26,2023-09-26,Prolegomena to Any Future Indigenous History of the Ancient World,128,3,1075-1104,30,explicit_numeric_range,false,unclassified,Jeremy LaBuff
crossref:10.1093/ahr/rhad240,10.1093/ahr/rhad240,2023,2023-09-26,2023-09-26,African History and Meleko Mokgosi: Your Trip to Africa,128,3,1391-1401,11,explicit_numeric_range,false,unclassified,Kenda Mutongi | Alan de Gooyer
crossref:10.1093/ahr/rhad241,10.1093/ahr/rhad241,2023,2023-09-26,2023-09-26,The Arms Trade and American Revolutions,128,3,1144-1181,38,explicit_numeric_range,false,unclassified,Brian DeLay
crossref:10.1093/ahr/rhad247,10.1093/ahr/rhad247,2023,2023-09-26,2023-09-26,Lawrence Blum and Zoë Burkholder. Integrations: The Struggle for Racial Equality and Civic Renewal in Public Education.,128,3,1437-1456,20,explicit_numeric_range,false,unclassified,Erica Frankenberg
crossref:10.1093/ahr/rhad248,10.1093/ahr/rhad248,2023,2023-09-26,2023-09-26,"Jared Ross Hardesty. Black Lives, Native Lands, White Worlds: A History of Slavery in New England.",128,3,1456-1467,12,explicit_numeric_range,false,unclassified,Jenny Hale Pulsipher
crossref:10.1093/ahr/rhad250,10.1093/ahr/rhad250,2023,2023-09-26,2023-09-26,"Benjamin R. Young. Guns, Guerillas, and the Great Leader: North Korea and the Third World.",128,3,1429-1461,33,explicit_numeric_range,false,unclassified,Kevin Y. Kim
crossref:10.1093/ahr/rhad251,10.1093/ahr/rhad251,2023,2023-09-26,2023-09-26,Cynthia Leanne Landrum. The Dakota Sioux Experience at Flandreau and Pipestone Indian Schools.,128,3,1461-1485,25,explicit_numeric_range,false,unclassified,Majel Boxer
crossref:10.1093/ahr/rhad254,10.1093/ahr/rhad254,2023,2023-09-26,2023-09-26,"Pritipuspa Mishra. Language and the Making of Modern India: Nationalism and the Vernacular in Colonial Odisha, 1803–1956.",128,3,1425-1446,22,explicit_numeric_range,false,unclassified,Jayanta Sengupta
crossref:10.1093/ahr/rhad255,10.1093/ahr/rhad255,2023,2023-09-26,2023-09-26,Natalie R. Davidson. American Transitional Justice: Writing Cold War History in Human Rights Litigation.,128,3,1446-1464,19,explicit_numeric_range,false,unclassified,Beth Stephens
crossref:10.1093/ahr/rhad258,10.1093/ahr/rhad258,2023,2023-09-26,2023-09-26,"Megan Eaton Robb. Print and the Urdu Public: Muslims, Newspapers, and Urban Life in Colonial India.",128,3,1428-1455,28,explicit_numeric_range,false,unclassified,Jennifer Dubrow
crossref:10.1093/ahr/rhad259,10.1093/ahr/rhad259,2023,2023-09-26,2023-09-26,Jacob Darwin Hamblin. The Wretched Atom: America’s Global Gamble with Peaceful Nuclear Technology.,128,3,1455-1517,63,explicit_numeric_range,false,unclassified,Paul Rubinson
crossref:10.1093/ahr/rhad262,10.1093/ahr/rhad262,2023,2023-09-26,2023-09-26,Blake Scott Ball. Charlie Brown’s America: The Popular Politics of Peanuts.,128,3,1435-1489,55,explicit_numeric_range,false,unclassified,Kerry Soper
crossref:10.1093/ahr/rhad266,10.1093/ahr/rhad266,2023,2023-09-26,2023-09-26,Zoë Burkholder. An African American Dilemma: A History of School Integration and Civil Rights in the North.,128,3,1441-1452,12,explicit_numeric_range,false,unclassified,Tikia K. Hamilton
crossref:10.1093/ahr/rhad267,10.1093/ahr/rhad267,2023,2023-09-26,2023-09-26,"Michael Goldfield. The Southern Key: Class, Race, & Radicalism in the 1930s & 1940s.",128,3,1452-1483,32,explicit_numeric_range,false,unclassified,Michael Pierce
crossref:10.1093/ahr/rhad271,10.1093/ahr/rhad271,2023,2023-09-26,2023-09-26,Yuka Hiruma Kishida. Kenkoku University and the Experience of Pan-Asianism: Education in the Japanese Empire.,128,3,1424-1476,53,explicit_numeric_range,false,unclassified,Nicole CuUnjieng Aboitiz
crossref:10.1093/ahr/rhad273,10.1093/ahr/rhad273,2023,2023-09-26,2023-09-26,Brett Gary. Dirty Works: Obscenity on Trial in America’s First Sexual Revolution.,128,3,1451-1475,25,explicit_numeric_range,false,unclassified,Andrea Friedman
crossref:10.1093/ahr/rhad277,10.1093/ahr/rhad277,2023,2023-09-26,2023-09-26,Patrick Burke. Tear Down the Walls: White Radicalism and Black Power in 1960s Rock.,128,3,1440-1480,41,explicit_numeric_range,false,unclassified,Dewar MacLeod
crossref:10.1093/ahr/rhad279,10.1093/ahr/rhad279,2023,2023-09-26,2023-09-26,Theodore D. Segal. Point of Reckoning: The Fight for Racial Justice at Duke University.,128,3,1477-1493,17,explicit_numeric_range,false,unclassified,Dwonna Naomi Goldstone
crossref:10.1093/ahr/rhad283,10.1093/ahr/rhad283,2023,2023-09-26,2023-09-26,Amanda Brown. The Fellowship Church: Howard Thurman and the Twentieth-Century Religious Left.,128,3,1439-1463,25,explicit_numeric_range,false,unclassified,Andrea Shan Johnson
crossref:10.1093/ahr/rhad285,10.1093/ahr/rhad285,2023,2023-09-26,2023-09-26,Gregory Jones-Katz. Deconstruction: An American History.,128,3,1458-1469,12,explicit_numeric_range,false,unclassified,Andrew Strombeck
crossref:10.1093/ahr/rhad286,10.1093/ahr/rhad286,2023,2023-09-26,2023-09-26,"Jeffrey B. Perry. Hubert Harrison: The Struggle for Equality, 1918–1927.",128,3,1469-1484,16,explicit_numeric_range,false,unclassified,Denise Lynn
crossref:10.1093/ahr/rhad289,10.1093/ahr/rhad289,2023,2023-09-26,2023-09-26,Douglas J. Flowe. Uncontrollable Blackness: African American Men and Criminality in Jim Crow New York.,128,3,1448-1460,13,explicit_numeric_range,false,unclassified,Amy Louise Wood
crossref:10.1093/ahr/rhad291,10.1093/ahr/rhad291,2023,2023-09-26,2023-09-26,Priya Kandaswamy. Domestic Contradictions: Race and Gendered Citizenship from Reconstruction to Welfare Reform.,128,3,1460-1472,13,explicit_numeric_range,false,unclassified,Brooke Depenbusch
crossref:10.1093/ahr/rhad293,10.1093/ahr/rhad293,2023,2023-09-26,2023-09-26,"Tim Gruenewald. Curating America’s Painful Past: Memory, Museums, and the National Imagination.",128,3,1454-1466,13,explicit_numeric_range,false,unclassified,Jennifer Whitmer Taylor
crossref:10.1093/ahr/rhad295,10.1093/ahr/rhad295,2023,2023-09-26,2023-09-26,Charles F. Walker and Liz Clarke. Witness to the Age of Revolution: The Odyssey of Juan Bautista Tupac Amaru.,128,3,1434-1526,93,explicit_numeric_range,false,unclassified,Alcira Dueñas
crossref:10.1093/ahr/rhad297,10.1093/ahr/rhad297,2023,2023-09-26,2023-09-26,"Ida Altman. Life and Society in the Early Spanish Caribbean: The Greater Antilles, 1493–1550.",128,3,1432-1494,63,explicit_numeric_range,false,unclassified,Jorge Díaz Ceballos
crossref:10.1093/ahr/rhad298,10.1093/ahr/rhad298,2023,2023-09-26,2023-09-26,Escaping Empire,128,3,1211-1243,33,explicit_numeric_range,false,unclassified,Stephanie Mawson
crossref:10.1093/ahr/rhad299,10.1093/ahr/rhad299,2023,2023-09-26,2023-09-26,Svenja Bethke. Dance on the Razor’s Edge: Crime and Punishment in the Nazi Ghettos.,128,3,1494-1541,48,explicit_numeric_range,false,unclassified,Anna Hájková
crossref:10.1093/ahr/rhad302,10.1093/ahr/rhad302,2023,2023-09-26,2023-09-26,Brian E. Crim. Planet Auschwitz: Holocaust Representation in Science Fiction and Horror Film and Television.,128,3,1501-1518,18,explicit_numeric_range,false,unclassified,Adam Lowenstein
crossref:10.1093/ahr/rhad304,10.1093/ahr/rhad304,2023,2023-09-26,2023-09-26,Eliza Ablovatski. Revolution and Political Violence in Central Europe: The Deluge of 1919.,128,3,1492-1534,43,explicit_numeric_range,false,unclassified,Robert Nemes
crossref:10.1093/ahr/rhad306,10.1093/ahr/rhad306,2023,2023-09-26,2023-09-26,Jaclyn Granick. International Jewish Humanitarianism in the Age of the Great War.,128,3,1453-1528,76,explicit_numeric_range,false,unclassified,Kimberly Lowe
crossref:10.1093/ahr/rhad308,10.1093/ahr/rhad308,2023,2023-09-26,2023-09-26,Michael S. Neiberg. When France Fell: The Vichy Crisis and the Fate of the Anglo-American Alliance.,128,3,1515-1524,10,explicit_numeric_range,false,unclassified,Andrew Buchanan
crossref:10.1093/ahr/rhad314,10.1093/ahr/rhad314,2023,2023-09-26,2023-09-26,Kathryn Ciancia. On Civilization’s Edge: A Polish Borderland in the Interwar World.,128,3,1498-1542,45,explicit_numeric_range,false,unclassified,Daniel Unowsky
crossref:10.1093/ahr/rhad320,10.1093/ahr/rhad320,2023,2023-09-26,2023-09-26,John Bodnar. Divided by Terror: American Patriotism after 9/11.,128,3,1482-1530,49,explicit_numeric_range,false,unclassified,Christina Simko
crossref:10.1093/ahr/rhad322,10.1093/ahr/rhad322,2023,2023-09-26,2023-09-26,"M. Norton Wise. Aesthetics, Industry, and Science: Hermann von Helmholtz and the Berlin Physical Society.",128,3,1527-1538,12,explicit_numeric_range,false,unclassified,John H. Zammito
crossref:10.1093/ahr/rhad325,10.1093/ahr/rhad325,2023,2023-09-26,2023-09-26,"Włodzimierz Borodziej and Maciej Górny. Forgotten Wars: Central and Eastern Europe, 1912–1916.",128,3,1497-1525,29,explicit_numeric_range,false,unclassified,Mark Cornwall
crossref:10.1093/ahr/rhad326,10.1093/ahr/rhad326,2023,2023-09-26,2023-09-26,Becky Taylor. Refugees in Twentieth-Century Britain: A History.,128,3,1525-1543,19,explicit_numeric_range,false,unclassified,Panikos Panayi
crossref:10.1093/ahr/rhad328,10.1093/ahr/rhad328,2023,2023-09-26,2023-09-26,Spencer D. Segalla. Empire and Catastrophe: Decolonization and Environmental Disaster in North Africa and Mediterranean France since 1954.,128,3,1522-1533,12,explicit_numeric_range,false,unclassified,Caroline Ford
crossref:10.1093/ahr/rhad332,10.1093/ahr/rhad332,2023,2023-09-26,2023-09-26,Christopher P. Atwood. The Rise of the Mongols: Five Chinese Sources.,128,3,1423-1520,98,explicit_numeric_range,false,unclassified,Morris Rossabi
crossref:10.1093/ahr/rhad335,10.1093/ahr/rhad335,2023,2023-09-26,2023-09-26,John Davis. Waterloo Sunrise: London from the Sixties to Thatcher.,128,3,1502-1513,12,explicit_numeric_range,false,unclassified,Lucy Delap
crossref:10.1093/ahr/rhad338,10.1093/ahr/rhad338,2023,2023-09-26,2023-09-26,Helen Louise Cowie. Victims of Fashion: Animal Commodities in Victorian Britain.,128,3,1500-1523,24,explicit_numeric_range,false,unclassified,Ingrid H. Tague
crossref:10.1093/ahr/rhad339,10.1093/ahr/rhad339,2023,2023-09-26,2023-09-26,"Xosé M. Núñez Seixas. Sites of the Dictators: Memories of Authoritarian Europe, 1945–2020.",128,3,1523-1535,13,explicit_numeric_range,false,unclassified,Sara J. Brenneis
crossref:10.1093/ahr/rhad343,10.1093/ahr/rhad343,2023,2023-09-26,2023-09-26,Robert Morstein-Marx. Julius Caesar and the Roman People.,128,3,1490-1538,49,explicit_numeric_range,false,unclassified,David S. Potter
crossref:10.1093/ahr/rhad347,10.1093/ahr/rhad347,2023,2023-09-26,2023-09-26,"Michele Renee Salzman. The Falls of Rome: Crises, Resilience, and Resurgence in Late Antiquity.",128,3,1491-1546,56,explicit_numeric_range,false,unclassified,Michael Whitby
crossref:10.1093/ahr/rhad354,10.1093/ahr/rhad354,2023,2023-09-26,2023-09-26,Engraving Egalité in New Orleans,128,3,1318-1343,26,explicit_numeric_range,false,unclassified,Thomas J. Adams | Sue Mobley
crossref:10.1093/ahr/rhad357,10.1093/ahr/rhad357,2023,2023-09-26,2023-09-26,Mismonumentality,128,3,1284-1296,13,explicit_numeric_range,false,unclassified,Mathura Umachandran
crossref:10.1093/ahr/rhad358,10.1093/ahr/rhad358,2023,2023-09-26,2023-09-26,Commemorative Street Naming,128,3,1306-1317,12,explicit_numeric_range,false,unclassified,Tawny Paul
crossref:10.1093/ahr/rhad359,10.1093/ahr/rhad359,2023,2023-09-26,2023-09-26,Knowing by Sensing,128,3,1251-1264,14,explicit_numeric_range,false,unclassified,Inger Leemans | William Tullett | Caro Verbeek | Sofia Collette Ehrich | Kate McLean | Cecilia Bembibre | Victoria-Anne Michel
crossref:10.1093/ahr/rhad370,10.1093/ahr/rhad370,2023,2023-09-26,2023-09-26,Empowering African Girls?,128,3,1182-1210,29,explicit_numeric_range,false,unclassified,Sarah Bellows-Blakely
crossref:10.1093/ahr/rhad372,10.1093/ahr/rhad372,2023,2023-12-05,2023-12-05,Political Biography and the Agency of Audience,128,4,1670-1693,24,explicit_numeric_range,false,unclassified,Paul Bjerk
crossref:10.1093/ahr/rhad373,10.1093/ahr/rhad373,2023,2023-12-05,2023-12-05,Eating on the Ground,128,4,1795-1813,19,explicit_numeric_range,false,unclassified,Sarah Abrevaya Stein
crossref:10.1093/ahr/rhad377,10.1093/ahr/rhad377,2023,2023-12-05,2023-12-05,Endemic Goiter and El Salvador’s Battle Against Cretinismo,128,4,1587-1617,31,explicit_numeric_range,false,unclassified,Heather Vrana
crossref:10.1093/ahr/rhad381,10.1093/ahr/rhad381,2023,2023-12-05,2023-12-05,“As [Healthy] Women Should”,128,4,1558-1586,29,explicit_numeric_range,false,unclassified,Debra Blumenthal
crossref:10.1093/ahr/rhad383,10.1093/ahr/rhad383,2023,2023-12-05,2023-12-05,Seeing Black America in Iran,128,4,1618-1642,25,explicit_numeric_range,false,unclassified,Beeta Baghoolizadeh
crossref:10.1093/ahr/rhad480,10.1093/ahr/rhad480,2023,2023-12-05,2023-12-05,Breaking the Bonds of Segregation,128,4,1643-1669,27,explicit_numeric_range,false,unclassified,Destin Jenkins
crossref:10.1093/ahr/rhad481,10.1093/ahr/rhad481,2023,2023-12-05,2023-12-05,“Make a Big Quilt Out of It”,128,4,1718-1727,10,explicit_numeric_range,false,unclassified,Dương Mạnh Hùng
crossref:10.1093/ahr/rhad482,10.1093/ahr/rhad482,2023,2023-12-05,2023-12-05,A Seat at the Table,128,4,1706-1717,12,explicit_numeric_range,false,unclassified,Sze Ying Goh
crossref:10.1093/ahr/rhad483,10.1093/ahr/rhad483,2023,2023-12-05,2023-12-05,Historical Podcasts in the Classroom,128,4,1777-1793,17,explicit_numeric_range,false,unclassified,Saniya Lee Ghanoui
crossref:10.1093/ahr/rhad484,10.1093/ahr/rhad484,2023,2023-12-05,2023-12-05,Inconclusive Foundings,128,4,1728-1737,10,explicit_numeric_range,false,unclassified,Issa Yi Xian Sng
crossref:10.1093/ahr/rhad485,10.1093/ahr/rhad485,2023,2023-12-05,2023-12-05,For the Living: An AHR Conversation with Tiffany Chung,128,4,1739-1749,11,explicit_numeric_range,false,unclassified,Mark Philip Bradley | Tiffany Chung
crossref:10.1093/ahr/rhad488,10.1093/ahr/rhad488,2023,2023-12-05,2023-12-05,Teaching History with Video Games,128,4,1755-1775,21,explicit_numeric_range,false,unclassified,Tore Olsson
crossref:10.1093/ahr/rhad500,10.1093/ahr/rhad500,2024,2024-03-12,2024-03-13,Migrating Concepts,129,1,22-52,31,explicit_numeric_range,false,unclassified,Julie M Weise | Christoph Rass
crossref:10.1093/ahr/rhad501,10.1093/ahr/rhad501,2024,2024-03-12,2024-03-13,Conversations with the Dead,129,1,1-21,21,explicit_numeric_range,false,unclassified,Edward Muir
crossref:10.1093/ahr/rhae001,10.1093/ahr/rhae001,2024,2024-03-12,2024-03-13,The “Evil Spectators?”,129,1,53-83,31,explicit_numeric_range,false,unclassified,Diana Kim
crossref:10.1093/ahr/rhae005,10.1093/ahr/rhae005,2024,2024-03-12,2024-03-13,Chilling Affects,129,1,199-216,18,explicit_numeric_range,false,unclassified,Woody Holton
crossref:10.1093/ahr/rhae006,10.1093/ahr/rhae006,2024,2024-03-12,2024-03-13,Reindeer and the Venice Biennale,129,1,97-113,17,explicit_numeric_range,false,unclassified,Brenda J Child
crossref:10.1093/ahr/rhae007,10.1093/ahr/rhae007,2024,2024-03-12,2024-03-13,The Abiqueños and the Artist,129,1,114-132,19,explicit_numeric_range,false,unclassified,Patricia Marroquin Norby
crossref:10.1093/ahr/rhae009,10.1093/ahr/rhae009,2024,2024-03-12,2024-03-13,Teaching Historiography,129,1,175-197,23,explicit_numeric_range,false,unclassified,Agnieszka Aya Marczyk | Abby Reisman | Brenda Santos
crossref:10.1093/ahr/rhae028,10.1093/ahr/rhae028,2024,2024-06-01,2024-06-13,Grassroots Archives,129,2,669-680,12,explicit_numeric_range,false,unclassified,Daniel McDonald
crossref:10.1093/ahr/rhae068,10.1093/ahr/rhae068,2024,2024-06-01,2024-06-13,Late Acceleration,129,2,429-466,38,explicit_numeric_range,false,unclassified,Elizabeth Chatterjee
crossref:10.1093/ahr/rhae089,10.1093/ahr/rhae089,2024,2024-06-01,2024-06-13,How to Teach an AHR Article,129,2,653-666,14,explicit_numeric_range,false,unclassified,Rebecca Earle
crossref:10.1093/ahr/rhae151,10.1093/ahr/rhae151,2024,2024-06-01,2024-06-13,Chivalry Without Women,129,2,361-394,34,explicit_numeric_range,false,unclassified,Sarah Thal
crossref:10.1093/ahr/rhae152,10.1093/ahr/rhae152,2024,2024-06-01,2024-06-13,Gulistan in Black and White,129,2,395-428,34,explicit_numeric_range,false,unclassified,Leila Pourtavaf
crossref:10.1093/ahr/rhae163,10.1093/ahr/rhae163,2024,2024-06-01,2024-06-13,The Revolution in Text Mining for Historical Analysis is Here,129,2,519-543,25,explicit_numeric_range,false,unclassified,Jo Guldi
crossref:10.1093/ahr/rhae167,10.1093/ahr/rhae167,2024,2024-06-01,2024-06-13,Translating,129,2,556-565,10,explicit_numeric_range,false,unclassified,Nile Green
crossref:10.1093/ahr/rhae168,10.1093/ahr/rhae168,2024,2024-06-01,2024-06-13,Teaching How Official History Is Made,129,2,629-651,23,explicit_numeric_range,false,unclassified,Stephen Jackson
crossref:10.1093/ahr/rhae179,10.1093/ahr/rhae179,2024,2024-06-01,2024-06-13,The Coded Language of Empire,129,2,475-516,42,explicit_numeric_range,false,unclassified,Kalani Craig | Arlene J Díaz | David Kloster
crossref:10.1093/ahr/rhae164,10.1093/ahr/rhae164,2024,2024-09-01,2024-09-06,Carceral Recycling,129,3,919-950,32,explicit_numeric_range,false,unclassified,Anne Berg
crossref:10.1093/ahr/rhae183,10.1093/ahr/rhae183,2024,2024-09-01,2024-09-06,Looking for the Soul of Environmental Lament,129,3,861-888,28,explicit_numeric_range,false,unclassified,Michael G Thompson | Clare Monagle
crossref:10.1093/ahr/rhae211,10.1093/ahr/rhae211,2024,2024-09-01,2024-09-06,Writing My Brother’s Story,129,3,1185-1196,12,explicit_numeric_range,false,unclassified,Nico Slate
crossref:10.1093/ahr/rhae212,10.1093/ahr/rhae212,2024,2024-09-01,2024-09-06,“We Found Her at the River”,129,3,889-918,30,explicit_numeric_range,false,unclassified,Melanie Schulze Tanielian
crossref:10.1093/ahr/rhae213,10.1093/ahr/rhae213,2024,2024-09-01,2024-09-06,“Through the Valley of the Shadow of Death”,129,3,1155-1167,13,explicit_numeric_range,false,unclassified,Anthony David
crossref:10.1093/ahr/rhae227,10.1093/ahr/rhae227,2024,2024-09-01,2024-09-06,Ghost Records in the Archival Empire,129,3,1097-1114,18,explicit_numeric_range,false,unclassified,Gabrielle Dean
crossref:10.1093/ahr/rhae289,10.1093/ahr/rhae289,2024,2024-09-01,2024-09-06,"Promises, Then the Storm",129,3,1168-1182,15,explicit_numeric_range,false,unclassified,Melani McAlister
crossref:10.1093/ahr/rhae290,10.1093/ahr/rhae290,2024,2024-09-01,2024-09-06,Good Question,129,3,1116-1127,12,explicit_numeric_range,false,unclassified,Whitney E Barringer | Scot McFarlane | Nicholas Kryczka
crossref:10.1093/ahr/rhae350,10.1093/ahr/rhae350,2024,2024-09-01,2024-09-06,The Price of Progress,129,3,1046-1058,13,explicit_numeric_range,false,unclassified,Salem Elzway
crossref:10.1093/ahr/rhae352,10.1093/ahr/rhae352,2024,2024-09-01,2024-09-06,From Absence to Abundance:,129,3,1067-1084,18,explicit_numeric_range,false,unclassified,Bobby Cervantes
crossref:10.1093/ahr/rhae356,10.1093/ahr/rhae356,2024,2024-09-01,2024-09-06,A Case for Objects,129,3,1129-1153,25,explicit_numeric_range,false,unclassified,Sarah Jones Weicksel
crossref:10.1093/ahr/rhae377,10.1093/ahr/rhae377,2024,2024-12-01,2024-12-05,Resilience in Environmental History Discourse,129,4,1420-1451,32,explicit_numeric_range,false,unclassified,Lee Mordechai | John Haldon
crossref:10.1093/ahr/rhae381,10.1093/ahr/rhae381,2024,2024-12-01,2024-12-05,Between the Emergency and the Everyday,129,4,1474-1500,27,explicit_numeric_range,false,unclassified,Alex Jania
crossref:10.1093/ahr/rhae384,10.1093/ahr/rhae384,2024,2024-12-01,2024-12-05,History on the Lost Coast,129,4,1542-1566,25,explicit_numeric_range,false,unclassified,Kathleen C Whiteley
crossref:10.1093/ahr/rhae407,10.1093/ahr/rhae407,2024,2024-12-01,2024-12-05,State-led Development and Migrants’ Resilience in the City of the Forest,129,4,1599-1618,20,explicit_numeric_range,false,unclassified,Thaís R S de Sant’Ana
crossref:10.1093/ahr/rhae453,10.1093/ahr/rhae453,2024,2024-12-01,2024-12-05,Kenyan Nubians and the Myth of Nubian Resilience,129,4,1619-1640,22,explicit_numeric_range,false,unclassified,Tammy Wilks
crossref:10.1093/ahr/rhae454,10.1093/ahr/rhae454,2024,2024-12-01,2024-12-05,Exploring Submerged Resilience,129,4,1677-1701,25,explicit_numeric_range,false,unclassified,Bob H Reinhardt
crossref:10.1093/ahr/rhae465,10.1093/ahr/rhae465,2024,2024-12-01,2024-12-05,The Lancashire Plague Petitions,129,4,1640-1667,28,explicit_numeric_range,false,unclassified,Rachel Anderson
crossref:10.1093/ahr/rhae466,10.1093/ahr/rhae466,2024,2024-12-01,2024-12-05,Ecologies of Resilience,129,4,1501-1541,41,explicit_numeric_range,false,unclassified,Gregory T Cushman | Trisha Jackson | Johannes J Feddema
crossref:10.1093/ahr/rhae467,10.1093/ahr/rhae467,2024,2024-12-01,2024-12-05,Recognition as Resilience,129,4,1567-1598,32,explicit_numeric_range,false,unclassified,Megan Renoir | Shelly Covert
crossref:10.1093/ahr/rhae469,10.1093/ahr/rhae469,2024,2024-12-01,2024-12-05,Setting History in Motion,129,4,1703-1731,29,explicit_numeric_range,false,unclassified,Daniel McDonald
crossref:10.1093/ahr/rhae470,10.1093/ahr/rhae470,2024,2024-12-01,2024-12-05,Lines of Fate,129,4,1451-1473,23,explicit_numeric_range,false,unclassified,Ian M Miller | Chris Coggins
crossref:10.1093/ahr/rhae472,10.1093/ahr/rhae472,2024,2024-12-01,2024-12-05,Introduction,129,4,1386-1395,10,explicit_numeric_range,false,unclassified,Shelly Chan | Yoav Di-Capua | Catherine Cymone Fourshey | Joshua L Reid | Wendy Warren
crossref:10.1093/ahr/rhae475,10.1093/ahr/rhae475,2024,2024-12-01,2024-12-05,On Indigenous Resilience,129,4,1410-1419,10,explicit_numeric_range,false,unclassified,Joshua L Reid
crossref:10.1093/ahr/rhae387,10.1093/ahr/rhae387,2024,2025-03-01,2024-10-26,How to Make Peace with History While Making History with Peace,130,1,175-185,11,explicit_numeric_range,false,unclassified,Susanne Schregel | Charles F. Howlett | Christian Philip Peterson
crossref:10.1093/ahr/rhae392,10.1093/ahr/rhae392,2024,2025-03-01,2024-10-26,Forum on Scholarship and Peace Activism,130,1,217-229,13,explicit_numeric_range,false,unclassified,David Cortright | Van Gosse | Margaret Power | Shelley E Rose | Emily Rubino | Lawrence S Wittner
crossref:10.1093/ahr/rhae476,10.1093/ahr/rhae476,2025,2025-03-01,2025-03-13,Challenging Abstraction,130,1,80-111,32,explicit_numeric_range,false,unclassified,Casey Marina Lurtz
crossref:10.1093/ahr/rhae481,10.1093/ahr/rhae481,2025,2025-03-01,2025-03-13,Strategies for Survival,130,1,328-341,14,explicit_numeric_range,false,unclassified,Lauren Mancia
crossref:10.1093/ahr/rhae488,10.1093/ahr/rhae488,2025,2025-03-01,2025-03-13,Patois of the Parishes,130,1,52-79,28,explicit_numeric_range,false,unclassified,Sara Ritchey
crossref:10.1093/ahr/rhae603,10.1093/ahr/rhae603,2025,2025-03-01,2025-03-13,Introducing AfriWetu,130,1,267-277,11,explicit_numeric_range,false,unclassified,Mona Nyambura Muchemi | Daniel Story
crossref:10.1093/ahr/rhae604,10.1093/ahr/rhae604,2025,2025-03-01,2025-03-13,“Living Fossils”,130,1,19-52,34,explicit_numeric_range,false,unclassified,Taylor M Moore
crossref:10.1093/ahr/rhae605,10.1093/ahr/rhae605,2025,2025-03-01,2025-03-13,Graphic Narratives and History in the Americas,130,1,231-264,34,explicit_numeric_range,false,unclassified,Oleg Benesch | Shaul Mitelpunkt | Charlotta Salmi
crossref:10.1093/ahr/rhaf003,10.1093/ahr/rhaf003,2025,2025-03-01,2025-03-13,Paper Tracings in the Spectacularly Boisterous Archive of Slavery,130,1,1-18,18,explicit_numeric_range,false,unclassified,Thavolia Glymph
crossref:10.1093/ahr/rhaf004,10.1093/ahr/rhaf004,2025,2025-03-01,2025-03-13,Teaching the History of the Vietnam Wars,130,1,279-316,38,explicit_numeric_range,false,unclassified,Christian C. Lentz
crossref:10.1093/ahr/rhae010,10.1093/ahr/rhae010,2025,2025-06-01,2025-06-11,Las Que Van Quedando en el Camino (The Women Who Are Left by the Wayside),130,2,770-785,16,explicit_numeric_range,false,unclassified,Thomas Miller Klubock
crossref:10.1093/ahr/rhaf007,10.1093/ahr/rhaf007,2025,2025-06-01,2025-06-11,“Survival in an Age of Revolution”,130,2,600-637,38,explicit_numeric_range,false,unclassified,Nathaniel George
crossref:10.1093/ahr/rhaf008,10.1093/ahr/rhaf008,2025,2025-06-01,2025-04-23,Teaching Historical Thinking Through a Primary Source Database,130,2,753-768,16,explicit_numeric_range,false,unclassified,Edward Cohn
crossref:10.1093/ahr/rhaf009,10.1093/ahr/rhaf009,2025,2025-06-01,2025-06-11,Mesopotamian Words for “Slave”,130,2,574-599,26,explicit_numeric_range,false,unclassified,Seth Richardson
crossref:10.1093/ahr/rhaf010,10.1093/ahr/rhaf010,2025,2025-06-01,2025-06-11,In Defense of the Search Bar,130,2,714-735,22,explicit_numeric_range,false,unclassified,Hannah Frydman
crossref:10.1093/ahr/rhaf014,10.1093/ahr/rhaf014,2025,2025-06-01,2025-06-11,Writing My Seven Mothers Back Together,130,2,786-805,20,explicit_numeric_range,false,unclassified,Pernille Ipsen
crossref:10.1093/ahr/rhaf050,10.1093/ahr/rhaf050,2025,2025-06-01,2025-06-11,The Opiated Ocean,130,2,549-573,25,explicit_numeric_range,false,unclassified,Alastair Su
crossref:10.1093/ahr/rhaf051,10.1093/ahr/rhaf051,2025,2025-06-01,2025-06-11,The Craft of Writing History with Drafting the Past,130,2,736-751,16,explicit_numeric_range,false,unclassified,Kate Carpenter | Daniel J. Story
crossref:10.1093/ahr/rhaf281,10.1093/ahr/rhaf281,2025,2025-09-01,2025-09-12,Unpacking the History of Higher Education,130,3,1178-1210,33,explicit_numeric_range,false,unclassified,Kelly Schrum | Nate Sleeter
crossref:10.1093/ahr/rhaf305,10.1093/ahr/rhaf305,2025,2025-09-01,2025-09-12,To Change in China,130,3,1070-1092,23,explicit_numeric_range,false,unclassified,Nicholas McGee
crossref:10.1093/ahr/rhaf306,10.1093/ahr/rhaf306,2025,2025-09-01,2025-09-12,Surviving the Bomb in Diaspora,130,3,1009-1038,30,explicit_numeric_range,false,unclassified,Naoko Wake | Michael R Jin
crossref:10.1093/ahr/rhaf322,10.1093/ahr/rhaf322,2025,2025-09-01,2025-09-12,Mistakes I Carried,130,3,1104-1115,12,explicit_numeric_range,false,unclassified,Conor Heffernan
crossref:10.1093/ahr/rhaf325,10.1093/ahr/rhaf325,2025,2025-09-01,2025-09-12,“The Rooster Says There Is Life in Fear”,130,3,1134-1145,12,explicit_numeric_range,false,unclassified,Marius Kothor
crossref:10.1093/ahr/rhaf393,10.1093/ahr/rhaf393,2025,2025-09-01,2025-09-12,Unpaid Debts,130,3,1039-1069,31,explicit_numeric_range,false,unclassified,Giuliana Chamedes
crossref:10.1093/ahr/rhaf395,10.1093/ahr/rhaf395,2025,2025-09-01,2025-09-12,The Battles Over Addiction Treatment,130,3,1123-1133,11,explicit_numeric_range,false,unclassified,Claire D Clark
crossref:10.1093/ahr/rhaf398,10.1093/ahr/rhaf398,2025,2025-09-01,2025-09-12,Mistakes I Dare Not Admit,130,3,1093-1102,10,explicit_numeric_range,false,unclassified,Kate Brown | Emily Callaci
crossref:10.1093/ahr/rhaf399,10.1093/ahr/rhaf399,2025,2025-09-01,2025-09-12,The Chernobyl Crucible in Two Acts,130,3,1160-1176,17,explicit_numeric_range,false,unclassified,Kate Brown
crossref:10.1093/ahr/rhaf475,10.1093/ahr/rhaf475,2025,2025-12-01,2025-12-26,What Makes Transportation History,130,4,1484-1511,28,explicit_numeric_range,false,unclassified,Kate McDonald
crossref:10.1093/ahr/rhaf476,10.1093/ahr/rhaf476,2025,2025-12-01,2025-12-26,The Highest Stage of Nationalism,130,4,1512-1534,23,explicit_numeric_range,false,unclassified,Sungik Yang
crossref:10.1093/ahr/rhaf514,10.1093/ahr/rhaf514,2025,2025-12-01,2025-12-26,Methodologies in Indigenous History,130,4,1587-1614,28,explicit_numeric_range,false,unclassified,William Bauer | Dmitri Brown | Keith L Camacho | Elizabeth Ellis | Katrina M Phillips | Joshua L Reid
crossref:10.1093/ahr/rhaf586,10.1093/ahr/rhaf586,2025,2025-12-01,2025-12-26,Revisiting the “Comfort Girls” of Report 49,130,4,1459-1483,25,explicit_numeric_range,false,unclassified,Amy Stanley
crossref:10.1093/ahr/rhaf587,10.1093/ahr/rhaf587,2025,2025-12-01,2025-12-26,Notes from a Roman Holiday,130,4,1662-1676,15,explicit_numeric_range,false,unclassified,Vinayak Chaturvedi
crossref:10.1093/ahr/rhaf588,10.1093/ahr/rhaf588,2025,2025-12-01,2025-12-26,Colonizing Accra,130,4,1677-1689,13,explicit_numeric_range,false,unclassified,Sarah Balakrishnan
crossref:10.1093/ahr/rhaf589,10.1093/ahr/rhaf589,2025,2025-12-01,2025-12-26,Sharing Stories from 1977,130,4,1632-1661,30,explicit_numeric_range,false,unclassified,Judy Tzu-Chun Wu | Nancy Beck Young | Leandra Zarnow | Peggy Lindner | Elizabeth Rodwell
crossref:10.1093/ahr/rhaf590,10.1093/ahr/rhaf590,2025,2025-12-01,2025-12-26,Predicting the Past,130,4,1615-1630,16,explicit_numeric_range,false,unclassified,David James Gill | Marc Trachtenberg | Michael J Gill | Philip E Tetlock | Thomas K Robb | Michael E W Varnum | Cendri A Hutcherson | Igor Grossmann | Zoe Trodd
crossref:10.1093/ahr/rhaf591,10.1093/ahr/rhaf591,2025,2025-12-01,2025-12-26,Curating New York’s “Raw Material”,130,4,1542-1586,45,explicit_numeric_range,false,unclassified,Sarah Miller-Davenport | Anna K Danziger Halperin | Pedro A Regalado | Sarah M Henry | Monxo López | Frances Rosenfeld | Lilly Tuttle | Gabriel S Tennen
crossref:10.1093/ahr/rhaf404,10.1093/ahr/rhaf404,2025,2026-09-01,2025-10-16,A Revolution of Letters,131,3,891-921,31,explicit_numeric_range,false,unclassified,Safia Aidid
crossref:10.1093/ahr/rhaf401,10.1093/ahr/rhaf401,2026,2026-03-01,2026-03-26,The Poetry of Failure,131,1,299-310,12,explicit_numeric_range,false,unclassified,Bethany Johnson
crossref:10.1093/ahr/rhaf787,10.1093/ahr/rhaf787,2026,2026-03-01,2026-03-26,Trafficked into Oblivion,131,1,26-60,35,explicit_numeric_range,false,unclassified,Hannah Greenwald
crossref:10.1093/ahr/rhaf788,10.1093/ahr/rhaf788,2026,2026-03-01,2026-03-26,Reflections on Our Times,131,1,1-26,26,explicit_numeric_range,false,unclassified,Ben Vinson
crossref:10.1093/ahr/rhaf789,10.1093/ahr/rhaf789,2026,2026-03-01,2026-03-26,Nakba,131,1,114-142,29,explicit_numeric_range,false,unclassified,Adrien Zakar
crossref:10.1093/ahr/rhaf790,10.1093/ahr/rhaf790,2026,2026-03-01,2026-03-26,"Sectarian Conflicts, Ideological Biases, and Professional Standards",131,1,91-114,24,explicit_numeric_range,false,unclassified,Stefania Tutino
crossref:10.1093/ahr/rhag001,10.1093/ahr/rhag001,2026,2026-03-01,2026-03-26,Domesticity in Precarity,131,1,60-91,32,explicit_numeric_range,false,unclassified,Jessica Hinchy
crossref:10.1093/ahr/rhag003,10.1093/ahr/rhag003,2026,2026-03-01,2026-03-26,Exchanging the Pen for the Camera,131,1,285-296,12,explicit_numeric_range,false,unclassified,Matthew Pehl
crossref:10.1093/ahr/rhag005,10.1093/ahr/rhag005,2026,2026-03-01,2026-03-26,Traveling Histories of Abortion,131,1,143-159,17,explicit_numeric_range,false,unclassified,Lynn M Thomas | Mytheli Sreenivas | Natalie L Kimball | Lina-Maria Murillo | Sarah Mellors Rodriguez
crossref:10.1093/ahr/rhag006,10.1093/ahr/rhag006,2026,2026-03-01,2026-03-26,Strange Bedfellows,131,1,160-177,18,explicit_numeric_range,false,unclassified,Lynn M Thomas
crossref:10.1093/ahr/rhag007,10.1093/ahr/rhag007,2026,2026-03-01,2026-03-26,Between the Communist Bloc and the World,131,1,178-193,16,explicit_numeric_range,false,unclassified,Sarah Mellors Rodriguez
crossref:10.1093/ahr/rhag008,10.1093/ahr/rhag008,2026,2026-03-01,2026-03-26,An Advertisement Ahead of Its Time?,131,1,194-210,17,explicit_numeric_range,false,unclassified,Mytheli Sreenivas
crossref:10.1093/ahr/rhag009,10.1093/ahr/rhag009,2026,2026-03-01,2026-03-26,Oral Histories of Abortion and the Limited Mobility of “Choice”,131,1,211-222,12,explicit_numeric_range,false,unclassified,Natalie L Kimball
crossref:10.1093/ahr/rhag010,10.1093/ahr/rhag010,2026,2026-03-01,2026-03-26,Men of the Movement,131,1,223-235,13,explicit_numeric_range,false,unclassified,Lina-Maria Murillo
crossref:10.1093/ahr/rhag101,10.1093/ahr/rhag101,2026,2026-06-01,2026-07-03,"The Immaterial TurnAbsent Things, Hidden Histories, and What’s Not in the Museum",131,2,853-865,13,explicit_numeric_range,false,unclassified,Zara Anishanslin
crossref:10.1093/ahr/rhag102,10.1093/ahr/rhag102,2026,2026-06-01,2026-07-03,Beyond the Label,131,2,838-852,15,explicit_numeric_range,false,unclassified,Ashli White
crossref:10.1093/ahr/rhag103,10.1093/ahr/rhag103,2026,2026-06-01,2026-07-03,The Gunboat Philadelphia,131,2,866-879,14,explicit_numeric_range,false,unclassified,Kenneth Cohen
crossref:10.1093/ahr/rhag104,10.1093/ahr/rhag104,2026,2026-06-01,2026-07-03,Scale,131,2,880-889,10,explicit_numeric_range,false,unclassified,Nathan Perl-Rosenthal
crossref:10.1093/ahr/rhag108,10.1093/ahr/rhag108,2026,2026-09-01,2026-07-21,How Cold War Populism Can Promote Authoritarianism,131,3,1137-1146,10,explicit_numeric_range,false,unclassified,Darren Dochuk
crossref:10.1093/ahr/rhag232,10.1093/ahr/rhag232,2026,2026-09-01,2026-09-17,An Absent Mother between Two States,131,3,922-948,27,explicit_numeric_range,false,unclassified,Taomo Zhou
crossref:10.1093/ahr/rhag233,10.1093/ahr/rhag233,2026,2026-09-01,2026-09-17,Forever in Fiction,131,3,1176-1186,11,explicit_numeric_range,false,unclassified,Stephanie Palazzo
crossref:10.1093/ahr/rhag234,10.1093/ahr/rhag234,2026,2026-09-01,2026-09-17,The Python God and the Empty Chair,131,3,984-1014,31,explicit_numeric_range,false,unclassified,Catherine Molineux
crossref:10.1093/ahr/rhag317,10.1093/ahr/rhag317,2026,2026-09-01,2026-09-17,Camera Time,131,3,949-983,35,explicit_numeric_range,false,unclassified,Lucie Ryzova
crossref:10.1093/ahr/rhag318,10.1093/ahr/rhag318,2026,2026-09-01,2026-09-17,From There to Here,131,3,1187-1201,15,explicit_numeric_range,false,unclassified,Tobie Meyer-Fong
crossref:10.1093/ahr/rhag320,10.1093/ahr/rhag320,2026,2026-09-01,2026-09-17,Archive of the Seven Spheres,131,3,1025-1036,12,explicit_numeric_range,false,unclassified,Arash Khazeni
crossref:10.1093/ahr/rhag323,10.1093/ahr/rhag323,2026,2026-09-01,2026-09-17,Ivory as Archive,131,3,1054-1063,10,explicit_numeric_range,false,unclassified,Jonathan Schlesinger | J Ryan Kennedy | Kristine Korzow | Vicky M Oelze | Peter E Sauer
crossref:10.1093/ahr/rhag324,10.1093/ahr/rhag324,2026,2026-09-01,2026-09-17,Reading Conflict Landscapes,131,3,1075-1085,11,explicit_numeric_range,false,unclassified,David Biggs
crossref:10.1093/ahr/rhag325,10.1093/ahr/rhag325,2026,2026-09-01,2026-09-17,Reading Ramie from Plant to Fabric,131,3,1106-1116,11,explicit_numeric_range,false,unclassified,Yiyun Peng
crossref:10.1093/ahr/rhag328,10.1093/ahr/rhag328,2026,2026-09-01,2026-09-17,Solar Photography,131,3,1086-1096,11,explicit_numeric_range,false,unclassified,Ruth A Morgan
crossref:10.1093/ahr/rhag330,10.1093/ahr/rhag330,2026,2026-09-01,2026-08-04,Conscience and a Student Challenge to Authoritarianism,131,3,1160-1169,10,explicit_numeric_range,false,unclassified,Namhee Lee
crossref:10.1093/ahr/rhag331,10.1093/ahr/rhag331,2026,2026-09-01,2026-09-17,On the Uses of Whale Bodies for History,131,3,1064-1074,11,explicit_numeric_range,false,unclassified,Thomas Fleischman | Ryan Tucker Jones
